2026-08-18 00:32:52,574 INFO [refresh_grounding_cache] Model=gemma4_e4b shard=3/4 completed=0 pending=1842
2026-08-18 00:32:52,575 INFO [refresh_grounding_cache] One grounding pass per pending row; max_new_tokens=512
2026-08-18 00:32:52,575 INFO [refresh_grounding_cache] Output=outputs/teacher_core_grounding512/teacher_gemma4_e4b_all_all_shard03-of-04.jsonl
2026-08-18 00:32:56,662 INFO [sentence_transformers.base.model] Loading SentenceTransformer model from /home/models/all-MiniLM-L6-v2.
Loading weights:   0%|          | 0/103 [00:00<?, ?it/s]Loading weights: 100%|██████████| 103/103 [00:00<00:00, 45866.15it/s]
[1mBertModel LOAD REPORT[0m from: /home/models/all-MiniLM-L6-v2
Key                     | Status     |  | 
------------------------+------------+--+-
embeddings.position_ids | UNEXPECTED |  | 

Notes:
- UNEXPECTED:	can be ignored when loading from different task/architecture; not ok if you expect identical arch.
2026-08-18 00:32:56,959 INFO [proactive.features.semantic] Loaded SemanticMatcher from local dir: /home/models/all-MiniLM-L6-v2
Loading weights:   0%|          | 0/2076 [00:00<?, ?it/s]Loading weights:  16%|█▌        | 323/2076 [00:00<00:00, 3226.57it/s]Loading weights:  31%|███       | 646/2076 [00:00<00:00, 2755.01it/s]Loading weights:  45%|████▍     | 926/2076 [00:01<00:02, 448.79it/s] Loading weights:  52%|█████▏    | 1088/2076 [00:01<00:02, 434.24it/s]Loading weights:  58%|█████▊    | 1202/2076 [00:02<00:02, 426.57it/s]Loading weights:  62%|██████▏   | 1289/2076 [00:02<00:01, 415.06it/s]Loading weights:  66%|██████▌   | 1360/2076 [00:02<00:01, 402.66it/s]Loading weights:  68%|██████▊   | 1419/2076 [00:02<00:01, 391.98it/s]Loading weights:  84%|████████▍ | 1754/2076 [00:02<00:00, 807.68it/s]Loading weights: 100%|█████████▉| 2075/2076 [00:03<00:00, 1209.90it/s]Loading weights: 100%|██████████| 2076/2076 [00:03<00:00, 676.13it/s] 
2026-08-18 00:33:02,933 INFO [refresh_grounding_cache] [1/1842] hallusionbench_6_6
The following generation flags are not valid and may be ignored: ['top_p', 'top_k']. Set `TRANSFORMERS_VERBOSITY=info` for more details.
2026-08-18 00:33:09,243 INFO [refresh_grounding_cache] [2/1842] hallusionbench_16_16
2026-08-18 00:33:17,416 INFO [refresh_grounding_cache] [3/1842] hallusionbench_20_20
2026-08-18 00:33:27,579 INFO [refresh_grounding_cache] [4/1842] hallusionbench_39_39
2026-08-18 00:33:35,393 INFO [refresh_grounding_cache] [5/1842] hallusionbench_46_46
2026-08-18 00:33:42,382 INFO [refresh_grounding_cache] [6/1842] hallusionbench_48_48
2026-08-18 00:33:53,054 INFO [refresh_grounding_cache] [7/1842] hallusionbench_50_50
2026-08-18 00:34:00,010 INFO [refresh_grounding_cache] [8/1842] hallusionbench_62_62
2026-08-18 00:34:07,958 INFO [refresh_grounding_cache] [9/1842] hallusionbench_68_68
2026-08-18 00:34:16,980 INFO [refresh_grounding_cache] [10/1842] hallusionbench_70_70
2026-08-18 00:34:39,780 INFO [refresh_grounding_cache] [11/1842] hallusionbench_72_72
2026-08-18 00:34:52,559 INFO [refresh_grounding_cache] [12/1842] hallusionbench_74_74
2026-08-18 00:35:11,328 INFO [refresh_grounding_cache] [13/1842] hallusionbench_75_75
2026-08-18 00:35:33,112 INFO [refresh_grounding_cache] [14/1842] hallusionbench_80_80
2026-08-18 00:35:44,350 INFO [refresh_grounding_cache] [15/1842] hallusionbench_86_86
2026-08-18 00:35:55,954 INFO [refresh_grounding_cache] [16/1842] hallusionbench_87_87
2026-08-18 00:36:05,601 INFO [refresh_grounding_cache] [17/1842] hallusionbench_97_97
2026-08-18 00:36:15,139 INFO [refresh_grounding_cache] [18/1842] hallusionbench_117_117
2026-08-18 00:36:20,688 INFO [refresh_grounding_cache] [19/1842] hallusionbench_119_119
2026-08-18 00:36:28,968 INFO [refresh_grounding_cache] [20/1842] hallusionbench_120_120
2026-08-18 00:36:35,933 INFO [refresh_grounding_cache] [21/1842] hallusionbench_125_125
2026-08-18 00:36:45,296 INFO [refresh_grounding_cache] [22/1842] hallusionbench_127_127
2026-08-18 00:36:52,261 INFO [refresh_grounding_cache] [23/1842] hallusionbench_144_144
2026-08-18 00:37:06,739 INFO [refresh_grounding_cache] [24/1842] hallusionbench_150_150
2026-08-18 00:37:14,195 INFO [refresh_grounding_cache] [25/1842] hallusionbench_158_158
2026-08-18 00:37:19,943 INFO [refresh_grounding_cache] [26/1842] hallusionbench_165_165
2026-08-18 00:37:35,679 INFO [refresh_grounding_cache] [27/1842] hallusionbench_166_166
2026-08-18 00:37:44,160 INFO [refresh_grounding_cache] [28/1842] hallusionbench_177_177
2026-08-18 00:37:55,339 INFO [refresh_grounding_cache] [29/1842] hallusionbench_180_180
2026-08-18 00:38:07,860 INFO [refresh_grounding_cache] [30/1842] hallusionbench_184_184
2026-08-18 00:38:12,850 INFO [refresh_grounding_cache] [31/1842] hallusionbench_185_185
2026-08-18 00:38:18,732 INFO [refresh_grounding_cache] [32/1842] hallusionbench_196_196
2026-08-18 00:38:35,293 INFO [refresh_grounding_cache] [33/1842] hallusionbench_198_198
2026-08-18 00:38:50,113 INFO [refresh_grounding_cache] [34/1842] hallusionbench_210_210
2026-08-18 00:38:59,335 INFO [refresh_grounding_cache] [35/1842] hallusionbench_211_211
2026-08-18 00:39:09,265 INFO [refresh_grounding_cache] [36/1842] hallusionbench_212_212
2026-08-18 00:39:17,470 INFO [refresh_grounding_cache] [37/1842] hallusionbench_213_213
2026-08-18 00:39:30,099 INFO [refresh_grounding_cache] [38/1842] hallusionbench_232_232
2026-08-18 00:39:36,947 INFO [refresh_grounding_cache] [39/1842] hallusionbench_233_233
2026-08-18 00:39:41,370 ERROR [refresh_grounding_cache] Grounding refresh failed for hallusionbench_233_233: Binary dataset answer not in valid domain: 'Germany' -> 'unknown'
Traceback (most recent call last):
  File "/home/aman/ProActive/scripts/refresh_grounding_cache.py", line 403, in main
    raise ValueError(observation.invalid_reason or "invalid grounding refresh")
ValueError: Binary dataset answer not in valid domain: 'Germany' -> 'unknown'
2026-08-18 00:39:41,370 INFO [refresh_grounding_cache] [40/1842] hallusionbench_234_234
2026-08-18 00:39:50,976 INFO [refresh_grounding_cache] [41/1842] hallusionbench_235_235
2026-08-18 00:40:03,763 INFO [refresh_grounding_cache] [42/1842] hallusionbench_243_243
2026-08-18 00:40:11,019 INFO [refresh_grounding_cache] [43/1842] hallusionbench_250_250
2026-08-18 00:40:16,117 INFO [refresh_grounding_cache] [44/1842] hallusionbench_254_254
2026-08-18 00:40:30,881 ERROR [refresh_grounding_cache] Grounding refresh failed for hallusionbench_254_254: Binary dataset answer not in valid domain: 'South Carolina' -> 'unknown'
Traceback (most recent call last):
  File "/home/aman/ProActive/scripts/refresh_grounding_cache.py", line 403, in main
    raise ValueError(observation.invalid_reason or "invalid grounding refresh")
ValueError: Binary dataset answer not in valid domain: 'South Carolina' -> 'unknown'
2026-08-18 00:40:30,882 INFO [refresh_grounding_cache] [45/1842] hallusionbench_263_263
2026-08-18 00:40:39,343 INFO [refresh_grounding_cache] [46/1842] hallusionbench_266_266
2026-08-18 00:40:44,666 INFO [refresh_grounding_cache] [47/1842] hallusionbench_267_267
2026-08-18 00:40:53,064 INFO [refresh_grounding_cache] [48/1842] hallusionbench_277_277
2026-08-18 00:40:58,170 INFO [refresh_grounding_cache] [49/1842] hallusionbench_279_279
2026-08-18 00:41:04,885 INFO [refresh_grounding_cache] [50/1842] hallusionbench_282_282
2026-08-18 00:41:12,415 INFO [refresh_grounding_cache] [51/1842] hallusionbench_283_283
2026-08-18 00:41:17,414 INFO [refresh_grounding_cache] [52/1842] hallusionbench_286_286
2026-08-18 00:41:23,162 INFO [refresh_grounding_cache] [53/1842] hallusionbench_297_297
2026-08-18 00:41:28,035 INFO [refresh_grounding_cache] [54/1842] hallusionbench_298_298
2026-08-18 00:41:32,542 INFO [refresh_grounding_cache] [55/1842] hallusionbench_300_300
2026-08-18 00:41:37,424 INFO [refresh_grounding_cache] [56/1842] hallusionbench_306_306
2026-08-18 00:41:42,506 INFO [refresh_grounding_cache] [57/1842] hallusionbench_307_307
2026-08-18 00:41:47,104 INFO [refresh_grounding_cache] [58/1842] hallusionbench_309_309
2026-08-18 00:41:52,102 INFO [refresh_grounding_cache] [59/1842] hallusionbench_322_322
2026-08-18 00:41:59,184 INFO [refresh_grounding_cache] [60/1842] hallusionbench_324_324
2026-08-18 00:42:05,873 INFO [refresh_grounding_cache] [61/1842] hallusionbench_332_332
2026-08-18 00:42:12,421 INFO [refresh_grounding_cache] [62/1842] hallusionbench_336_336
2026-08-18 00:42:17,495 INFO [refresh_grounding_cache] [63/1842] hallusionbench_342_342
2026-08-18 00:42:22,001 INFO [refresh_grounding_cache] [64/1842] hallusionbench_348_348
2026-08-18 00:42:32,656 INFO [refresh_grounding_cache] [65/1842] hallusionbench_353_353
2026-08-18 00:42:37,896 INFO [refresh_grounding_cache] [66/1842] hallusionbench_354_354
2026-08-18 00:42:44,011 INFO [refresh_grounding_cache] [67/1842] hallusionbench_355_355
2026-08-18 00:42:49,418 INFO [refresh_grounding_cache] [68/1842] hallusionbench_358_358
2026-08-18 00:42:55,965 INFO [refresh_grounding_cache] [69/1842] hallusionbench_365_365
2026-08-18 00:42:59,256 INFO [refresh_grounding_cache] [70/1842] hallusionbench_369_369
2026-08-18 00:43:02,547 INFO [refresh_grounding_cache] [71/1842] hallusionbench_370_370
2026-08-18 00:43:07,537 INFO [refresh_grounding_cache] [72/1842] hallusionbench_371_371
2026-08-18 00:43:12,260 INFO [refresh_grounding_cache] [73/1842] hallusionbench_377_377
2026-08-18 00:43:21,082 INFO [refresh_grounding_cache] [74/1842] hallusionbench_382_382
2026-08-18 00:43:29,696 INFO [refresh_grounding_cache] [75/1842] hallusionbench_384_384
2026-08-18 00:43:38,251 INFO [refresh_grounding_cache] [76/1842] hallusionbench_387_387
2026-08-18 00:43:41,950 INFO [refresh_grounding_cache] [77/1842] hallusionbench_389_389
2026-08-18 00:43:45,882 INFO [refresh_grounding_cache] [78/1842] hallusionbench_390_390
2026-08-18 00:43:52,197 INFO [refresh_grounding_cache] [79/1842] hallusionbench_393_393
2026-08-18 00:43:57,837 INFO [refresh_grounding_cache] [80/1842] hallusionbench_403_403
2026-08-18 00:44:01,252 INFO [refresh_grounding_cache] [81/1842] hallusionbench_405_405
2026-08-18 00:44:04,876 INFO [refresh_grounding_cache] [82/1842] hallusionbench_414_414
2026-08-18 00:44:10,774 INFO [refresh_grounding_cache] [83/1842] hallusionbench_418_418
2026-08-18 00:44:19,180 INFO [refresh_grounding_cache] [84/1842] hallusionbench_441_441
2026-08-18 00:44:22,495 INFO [refresh_grounding_cache] [85/1842] hallusionbench_442_442
2026-08-18 00:44:27,111 INFO [refresh_grounding_cache] [86/1842] hallusionbench_444_444
2026-08-18 00:44:32,942 INFO [refresh_grounding_cache] [87/1842] hallusionbench_448_448
2026-08-18 00:44:39,248 INFO [refresh_grounding_cache] [88/1842] hallusionbench_455_455
2026-08-18 00:44:45,313 INFO [refresh_grounding_cache] [89/1842] hallusionbench_459_459
2026-08-18 00:45:07,564 INFO [refresh_grounding_cache] [90/1842] hallusionbench_460_460
2026-08-18 00:45:18,960 INFO [refresh_grounding_cache] [91/1842] hallusionbench_461_461
2026-08-18 00:45:31,064 INFO [refresh_grounding_cache] [92/1842] hallusionbench_469_469
2026-08-18 00:45:37,395 INFO [refresh_grounding_cache] [93/1842] hallusionbench_478_478
2026-08-18 00:45:45,259 INFO [refresh_grounding_cache] [94/1842] hallusionbench_487_487
2026-08-18 00:45:51,316 INFO [refresh_grounding_cache] [95/1842] hallusionbench_492_492
2026-08-18 00:45:56,506 INFO [refresh_grounding_cache] [96/1842] hallusionbench_494_494
2026-08-18 00:46:02,829 INFO [refresh_grounding_cache] [97/1842] hallusionbench_505_505
2026-08-18 00:46:07,935 INFO [refresh_grounding_cache] [98/1842] hallusionbench_510_510
2026-08-18 00:46:16,058 INFO [refresh_grounding_cache] [99/1842] hallusionbench_511_511
2026-08-18 00:46:20,839 INFO [refresh_grounding_cache] [100/1842] hallusionbench_512_512
2026-08-18 00:46:27,904 INFO [refresh_grounding_cache] [101/1842] hallusionbench_523_523
2026-08-18 00:46:33,694 INFO [refresh_grounding_cache] [102/1842] hallusionbench_524_524
2026-08-18 00:46:37,751 INFO [refresh_grounding_cache] [103/1842] hallusionbench_525_525
2026-08-18 00:46:41,724 INFO [refresh_grounding_cache] [104/1842] hallusionbench_536_536
2026-08-18 00:46:46,506 INFO [refresh_grounding_cache] [105/1842] hallusionbench_542_542
2026-08-18 00:46:50,805 INFO [refresh_grounding_cache] [106/1842] hallusionbench_545_545
2026-08-18 00:46:54,437 INFO [refresh_grounding_cache] [107/1842] hallusionbench_546_546
2026-08-18 00:47:00,110 INFO [refresh_grounding_cache] [108/1842] hallusionbench_547_547
2026-08-18 00:47:04,092 INFO [refresh_grounding_cache] [109/1842] hallusionbench_558_558
2026-08-18 00:47:08,866 INFO [refresh_grounding_cache] [110/1842] hallusionbench_561_561
2026-08-18 00:47:13,122 INFO [refresh_grounding_cache] [111/1842] hallusionbench_562_562
2026-08-18 00:47:18,212 INFO [refresh_grounding_cache] [112/1842] hallusionbench_565_565
2026-08-18 00:47:25,660 INFO [refresh_grounding_cache] [113/1842] hallusionbench_566_566
2026-08-18 00:47:34,549 INFO [refresh_grounding_cache] [114/1842] hallusionbench_570_570
2026-08-18 00:47:38,031 INFO [refresh_grounding_cache] [115/1842] hallusionbench_574_574
2026-08-18 00:47:44,054 INFO [refresh_grounding_cache] [116/1842] hallusionbench_575_575
2026-08-18 00:47:54,143 INFO [refresh_grounding_cache] [117/1842] hallusionbench_581_581
2026-08-18 00:47:57,392 INFO [refresh_grounding_cache] [118/1842] hallusionbench_586_586
2026-08-18 00:48:01,491 INFO [refresh_grounding_cache] [119/1842] hallusionbench_587_587
2026-08-18 00:48:06,314 INFO [refresh_grounding_cache] [120/1842] hallusionbench_589_589
2026-08-18 00:48:11,562 INFO [refresh_grounding_cache] [121/1842] hallusionbench_612_612
2026-08-18 00:48:14,711 INFO [refresh_grounding_cache] [122/1842] hallusionbench_613_613
2026-08-18 00:48:16,561 INFO [refresh_grounding_cache] [123/1842] hallusionbench_614_614
2026-08-18 00:48:19,610 INFO [refresh_grounding_cache] [124/1842] hallusionbench_622_622
2026-08-18 00:48:23,425 INFO [refresh_grounding_cache] [125/1842] hallusionbench_623_623
2026-08-18 00:48:28,282 INFO [refresh_grounding_cache] [126/1842] hallusionbench_625_625
2026-08-18 00:48:38,045 INFO [refresh_grounding_cache] [127/1842] hallusionbench_632_632
2026-08-18 00:48:42,194 INFO [refresh_grounding_cache] [128/1842] hallusionbench_633_633
2026-08-18 00:48:45,601 INFO [refresh_grounding_cache] [129/1842] hallusionbench_637_637
2026-08-18 00:48:49,366 INFO [refresh_grounding_cache] [130/1842] hallusionbench_643_643
2026-08-18 00:48:53,307 INFO [refresh_grounding_cache] [131/1842] hallusionbench_653_653
2026-08-18 00:48:57,814 INFO [refresh_grounding_cache] [132/1842] hallusionbench_659_659
2026-08-18 00:49:02,021 INFO [refresh_grounding_cache] [133/1842] hallusionbench_660_660
2026-08-18 00:49:04,737 INFO [refresh_grounding_cache] [134/1842] hallusionbench_662_662
2026-08-18 00:49:07,969 INFO [refresh_grounding_cache] [135/1842] hallusionbench_678_678
2026-08-18 00:49:14,267 INFO [refresh_grounding_cache] [136/1842] hallusionbench_684_684
2026-08-18 00:49:22,472 INFO [refresh_grounding_cache] [137/1842] hallusionbench_685_685
2026-08-18 00:49:40,483 INFO [refresh_grounding_cache] [138/1842] hallusionbench_688_688
2026-08-18 00:49:54,253 INFO [refresh_grounding_cache] [139/1842] hallusionbench_693_693
2026-08-18 00:50:19,661 INFO [refresh_grounding_cache] [140/1842] hallusionbench_694_694
2026-08-18 00:50:23,710 INFO [refresh_grounding_cache] [141/1842] hallusionbench_707_707
2026-08-18 00:50:27,817 INFO [refresh_grounding_cache] [142/1842] hallusionbench_710_710
2026-08-18 00:50:30,041 INFO [refresh_grounding_cache] [143/1842] hallusionbench_714_714
2026-08-18 00:50:43,845 INFO [refresh_grounding_cache] [144/1842] hallusionbench_720_720
2026-08-18 00:50:45,869 INFO [refresh_grounding_cache] [145/1842] hallusionbench_722_722
2026-08-18 00:50:47,793 INFO [refresh_grounding_cache] [146/1842] hallusionbench_723_723
2026-08-18 00:50:49,701 INFO [refresh_grounding_cache] [147/1842] hallusionbench_726_726
2026-08-18 00:51:20,799 ERROR [refresh_grounding_cache] Grounding refresh failed for hallusionbench_726_726: Missing FINAL_ANSWER tag and unable to resolve valid final answer
Traceback (most recent call last):
  File "/home/aman/ProActive/scripts/refresh_grounding_cache.py", line 403, in main
    raise ValueError(observation.invalid_reason or "invalid grounding refresh")
ValueError: Missing FINAL_ANSWER tag and unable to resolve valid final answer
2026-08-18 00:51:20,799 INFO [refresh_grounding_cache] [148/1842] hallusionbench_727_727
2026-08-18 00:51:50,713 INFO [refresh_grounding_cache] [149/1842] hallusionbench_728_728
2026-08-18 00:52:21,329 ERROR [refresh_grounding_cache] Grounding refresh failed for hallusionbench_728_728: Missing FINAL_ANSWER tag and unable to resolve valid final answer
Traceback (most recent call last):
  File "/home/aman/ProActive/scripts/refresh_grounding_cache.py", line 403, in main
    raise ValueError(observation.invalid_reason or "invalid grounding refresh")
ValueError: Missing FINAL_ANSWER tag and unable to resolve valid final answer
2026-08-18 00:52:21,329 INFO [refresh_grounding_cache] [150/1842] hallusionbench_731_731
2026-08-18 00:52:26,685 INFO [refresh_grounding_cache] [151/1842] hallusionbench_736_736
2026-08-18 00:52:35,707 INFO [refresh_grounding_cache] [152/1842] hallusionbench_739_739
2026-08-18 00:52:45,728 INFO [refresh_grounding_cache] [153/1842] hallusionbench_742_742
2026-08-18 00:52:54,092 INFO [refresh_grounding_cache] [154/1842] hallusionbench_745_745
2026-08-18 00:53:02,073 INFO [refresh_grounding_cache] [155/1842] hallusionbench_746_746
2026-08-18 00:53:23,899 INFO [refresh_grounding_cache] [156/1842] hallusionbench_748_748
2026-08-18 00:53:48,649 INFO [refresh_grounding_cache] [157/1842] hallusionbench_750_750
2026-08-18 00:54:14,481 INFO [refresh_grounding_cache] [158/1842] hallusionbench_753_753
2026-08-18 00:54:24,919 INFO [refresh_grounding_cache] [159/1842] hallusionbench_755_755
2026-08-18 00:54:34,066 INFO [refresh_grounding_cache] [160/1842] hallusionbench_756_756
2026-08-18 00:54:55,551 INFO [refresh_grounding_cache] [161/1842] hallusionbench_764_764
2026-08-18 00:55:03,290 INFO [refresh_grounding_cache] [162/1842] hallusionbench_766_766
2026-08-18 00:55:24,033 INFO [refresh_grounding_cache] [163/1842] hallusionbench_768_768
2026-08-18 00:55:52,698 INFO [refresh_grounding_cache] [164/1842] hallusionbench_779_779
2026-08-18 00:56:14,107 INFO [refresh_grounding_cache] [165/1842] hallusionbench_782_782
2026-08-18 00:56:34,833 INFO [refresh_grounding_cache] [166/1842] hallusionbench_783_783
2026-08-18 00:57:03,373 INFO [refresh_grounding_cache] [167/1842] hallusionbench_786_786
2026-08-18 00:57:32,455 INFO [refresh_grounding_cache] [168/1842] hallusionbench_788_788
2026-08-18 00:58:03,148 ERROR [refresh_grounding_cache] Grounding refresh failed for hallusionbench_788_788: Missing FINAL_ANSWER tag and unable to resolve valid final answer
Traceback (most recent call last):
  File "/home/aman/ProActive/scripts/refresh_grounding_cache.py", line 403, in main
    raise ValueError(observation.invalid_reason or "invalid grounding refresh")
ValueError: Missing FINAL_ANSWER tag and unable to resolve valid final answer
2026-08-18 00:58:03,149 INFO [refresh_grounding_cache] [169/1842] hallusionbench_790_790
2026-08-18 00:58:07,052 INFO [refresh_grounding_cache] [170/1842] hallusionbench_791_791
2026-08-18 00:58:10,700 INFO [refresh_grounding_cache] [171/1842] hallusionbench_794_794
2026-08-18 00:58:16,882 INFO [refresh_grounding_cache] [172/1842] hallusionbench_795_795
2026-08-18 00:58:21,922 INFO [refresh_grounding_cache] [173/1842] hallusionbench_797_797
2026-08-18 00:58:27,320 INFO [refresh_grounding_cache] [174/1842] hallusionbench_800_800
2026-08-18 00:58:33,743 INFO [refresh_grounding_cache] [175/1842] hallusionbench_803_803
2026-08-18 00:58:39,725 INFO [refresh_grounding_cache] [176/1842] hallusionbench_810_810
2026-08-18 00:58:45,723 INFO [refresh_grounding_cache] [177/1842] hallusionbench_816_816
2026-08-18 00:58:51,704 INFO [refresh_grounding_cache] [178/1842] hallusionbench_817_817
2026-08-18 00:58:57,261 INFO [refresh_grounding_cache] [179/1842] hallusionbench_818_818
2026-08-18 00:59:02,476 INFO [refresh_grounding_cache] [180/1842] hallusionbench_819_819
2026-08-18 00:59:08,707 INFO [refresh_grounding_cache] [181/1842] hallusionbench_820_820
2026-08-18 00:59:14,072 INFO [refresh_grounding_cache] [182/1842] hallusionbench_828_828
2026-08-18 00:59:18,620 INFO [refresh_grounding_cache] [183/1842] hallusionbench_834_834
2026-08-18 00:59:22,103 INFO [refresh_grounding_cache] [184/1842] hallusionbench_835_835
2026-08-18 00:59:25,976 INFO [refresh_grounding_cache] [185/1842] hallusionbench_836_836
2026-08-18 00:59:31,000 INFO [refresh_grounding_cache] [186/1842] hallusionbench_847_847
2026-08-18 00:59:34,790 INFO [refresh_grounding_cache] [187/1842] hallusionbench_850_850
2026-08-18 00:59:38,930 INFO [refresh_grounding_cache] [188/1842] hallusionbench_851_851
2026-08-18 00:59:44,220 INFO [refresh_grounding_cache] [189/1842] hallusionbench_855_855
2026-08-18 00:59:47,794 INFO [refresh_grounding_cache] [190/1842] hallusionbench_858_858
2026-08-18 00:59:51,360 INFO [refresh_grounding_cache] [191/1842] hallusionbench_869_869
2026-08-18 00:59:56,791 INFO [refresh_grounding_cache] [192/1842] hallusionbench_876_876
2026-08-18 01:00:06,147 INFO [refresh_grounding_cache] [193/1842] hallusionbench_878_878
2026-08-18 01:00:14,577 INFO [refresh_grounding_cache] [194/1842] hallusionbench_883_883
2026-08-18 01:00:19,384 INFO [refresh_grounding_cache] [195/1842] hallusionbench_890_890
2026-08-18 01:00:24,157 INFO [refresh_grounding_cache] [196/1842] hallusionbench_898_898
2026-08-18 01:00:28,664 INFO [refresh_grounding_cache] [197/1842] hallusionbench_900_900
2026-08-18 01:00:34,104 INFO [refresh_grounding_cache] [198/1842] hallusionbench_903_903
2026-08-18 01:00:39,702 INFO [refresh_grounding_cache] [199/1842] hallusionbench_908_908
2026-08-18 01:00:43,643 INFO [refresh_grounding_cache] [200/1842] hallusionbench_910_910
2026-08-18 01:00:47,533 INFO [refresh_grounding_cache] [201/1842] hallusionbench_921_921
2026-08-18 01:00:53,190 INFO [refresh_grounding_cache] [202/1842] hallusionbench_923_923
2026-08-18 01:00:59,396 INFO [refresh_grounding_cache] [203/1842] hallusionbench_925_925
2026-08-18 01:01:03,944 INFO [refresh_grounding_cache] [204/1842] hallusionbench_927_927
2026-08-18 01:01:11,209 INFO [refresh_grounding_cache] [205/1842] hallusionbench_935_935
2026-08-18 01:01:17,915 INFO [refresh_grounding_cache] [206/1842] hallusionbench_937_937
2026-08-18 01:01:23,858 INFO [refresh_grounding_cache] [207/1842] hallusionbench_939_939
2026-08-18 01:01:29,828 INFO [refresh_grounding_cache] [208/1842] hallusionbench_941_941
2026-08-18 01:01:35,876 INFO [refresh_grounding_cache] [209/1842] hallusionbench_944_944
2026-08-18 01:01:41,241 INFO [refresh_grounding_cache] [210/1842] hallusionbench_945_945
2026-08-18 01:01:47,547 INFO [refresh_grounding_cache] [211/1842] hallusionbench_951_951
2026-08-18 01:01:50,296 INFO [refresh_grounding_cache] [212/1842] hallusionbench_954_954
2026-08-18 01:01:54,353 INFO [refresh_grounding_cache] [213/1842] hallusionbench_970_970
2026-08-18 01:01:59,102 INFO [refresh_grounding_cache] [214/1842] hallusionbench_971_971
2026-08-18 01:02:03,400 INFO [refresh_grounding_cache] [215/1842] hallusionbench_979_979
2026-08-18 01:02:09,298 INFO [refresh_grounding_cache] [216/1842] hallusionbench_980_980
2026-08-18 01:02:15,746 INFO [refresh_grounding_cache] [217/1842] hallusionbench_988_988
2026-08-18 01:02:21,469 INFO [refresh_grounding_cache] [218/1842] hallusionbench_1003_1003
2026-08-18 01:02:27,017 INFO [refresh_grounding_cache] [219/1842] hallusionbench_1005_1005
2026-08-18 01:02:35,373 INFO [refresh_grounding_cache] [220/1842] hallusionbench_1008_1008
2026-08-18 01:02:41,171 INFO [refresh_grounding_cache] [221/1842] hallusionbench_1009_1009
2026-08-18 01:02:50,510 INFO [refresh_grounding_cache] [222/1842] hallusionbench_1010_1010
2026-08-18 01:02:57,024 INFO [refresh_grounding_cache] [223/1842] hallusionbench_1016_1016
2026-08-18 01:03:02,697 INFO [refresh_grounding_cache] [224/1842] hallusionbench_1025_1025
2026-08-18 01:03:07,912 INFO [refresh_grounding_cache] [225/1842] hallusionbench_1027_1027
2026-08-18 01:03:29,705 INFO [refresh_grounding_cache] [226/1842] hallusionbench_1028_1028
2026-08-18 01:03:45,083 INFO [refresh_grounding_cache] [227/1842] hallusionbench_1031_1031
2026-08-18 01:03:57,621 INFO [refresh_grounding_cache] [228/1842] hallusionbench_1039_1039
2026-08-18 01:04:00,562 INFO [refresh_grounding_cache] [229/1842] hallusionbench_1040_1040
2026-08-18 01:04:03,344 INFO [refresh_grounding_cache] [230/1842] hallusionbench_1042_1042
2026-08-18 01:04:06,135 INFO [refresh_grounding_cache] [231/1842] hallusionbench_1048_1048
2026-08-18 01:04:10,525 INFO [refresh_grounding_cache] [232/1842] hallusionbench_1051_1051
2026-08-18 01:04:13,183 INFO [refresh_grounding_cache] [233/1842] hallusionbench_1054_1054
2026-08-18 01:04:15,940 INFO [refresh_grounding_cache] [234/1842] hallusionbench_1059_1059
2026-08-18 01:04:20,355 INFO [refresh_grounding_cache] [235/1842] hallusionbench_1063_1063
2026-08-18 01:04:23,996 INFO [refresh_grounding_cache] [236/1842] hallusionbench_1064_1064
2026-08-18 01:04:27,061 INFO [refresh_grounding_cache] [237/1842] hallusionbench_1067_1067
2026-08-18 01:04:29,727 INFO [refresh_grounding_cache] [238/1842] hallusionbench_1068_1068
2026-08-18 01:04:32,551 INFO [refresh_grounding_cache] [239/1842] hallusionbench_1069_1069
2026-08-18 01:04:35,967 INFO [refresh_grounding_cache] [240/1842] hallusionbench_1075_1075
2026-08-18 01:04:38,950 INFO [refresh_grounding_cache] [241/1842] hallusionbench_1077_1077
2026-08-18 01:04:42,207 INFO [refresh_grounding_cache] [242/1842] hallusionbench_1082_1082
2026-08-18 01:04:46,447 INFO [refresh_grounding_cache] [243/1842] hallusionbench_1088_1088
2026-08-18 01:04:50,537 INFO [refresh_grounding_cache] [244/1842] hallusionbench_1095_1095
2026-08-18 01:04:54,153 INFO [refresh_grounding_cache] [245/1842] hallusionbench_1096_1096
2026-08-18 01:04:57,768 INFO [refresh_grounding_cache] [246/1842] hallusionbench_1099_1099
2026-08-18 01:05:02,359 INFO [refresh_grounding_cache] [247/1842] hallusionbench_1106_1106
2026-08-18 01:05:07,090 INFO [refresh_grounding_cache] [248/1842] hallusionbench_1116_1116
2026-08-18 01:05:11,672 INFO [refresh_grounding_cache] [249/1842] hallusionbench_1123_1123
2026-08-18 01:05:15,946 INFO [refresh_grounding_cache] [250/1842] pope_random_6_random_6
2026-08-18 01:05:20,244 INFO [refresh_grounding_cache] [251/1842] pope_random_8_random_8
2026-08-18 01:05:24,726 INFO [refresh_grounding_cache] [252/1842] pope_random_11_random_11
2026-08-18 01:05:28,258 INFO [refresh_grounding_cache] [253/1842] pope_random_14_random_14
2026-08-18 01:05:31,791 INFO [refresh_grounding_cache] [254/1842] pope_random_18_random_18
2026-08-18 01:05:36,431 INFO [refresh_grounding_cache] [255/1842] pope_random_24_random_24
2026-08-18 01:05:40,505 INFO [refresh_grounding_cache] [256/1842] pope_random_28_random_28
2026-08-18 01:05:45,619 INFO [refresh_grounding_cache] [257/1842] pope_random_32_random_32
2026-08-18 01:05:50,235 INFO [refresh_grounding_cache] [258/1842] pope_random_38_random_38
2026-08-18 01:05:53,850 INFO [refresh_grounding_cache] [259/1842] pope_random_48_random_48
2026-08-18 01:05:58,832 INFO [refresh_grounding_cache] [260/1842] pope_random_51_random_51
2026-08-18 01:06:03,289 INFO [refresh_grounding_cache] [261/1842] pope_random_54_random_54
2026-08-18 01:06:08,237 INFO [refresh_grounding_cache] [262/1842] pope_random_58_random_58
2026-08-18 01:06:11,594 INFO [refresh_grounding_cache] [263/1842] pope_random_71_random_71
2026-08-18 01:06:16,743 INFO [refresh_grounding_cache] [264/1842] pope_random_77_random_77
2026-08-18 01:06:19,408 INFO [refresh_grounding_cache] [265/1842] pope_random_82_random_82
2026-08-18 01:06:23,599 INFO [refresh_grounding_cache] [266/1842] pope_random_85_random_85
2026-08-18 01:06:28,006 INFO [refresh_grounding_cache] [267/1842] pope_random_87_random_87
2026-08-18 01:06:32,512 INFO [refresh_grounding_cache] [268/1842] pope_random_88_random_88
2026-08-18 01:06:37,361 INFO [refresh_grounding_cache] [269/1842] pope_random_96_random_96
2026-08-18 01:06:40,660 INFO [refresh_grounding_cache] [270/1842] pope_random_98_random_98
2026-08-18 01:06:44,634 INFO [refresh_grounding_cache] [271/1842] pope_random_106_random_106
2026-08-18 01:06:48,157 INFO [refresh_grounding_cache] [272/1842] pope_random_108_random_108
2026-08-18 01:06:52,439 INFO [refresh_grounding_cache] [273/1842] pope_random_112_random_112
2026-08-18 01:06:56,396 INFO [refresh_grounding_cache] [274/1842] pope_random_120_random_120
2026-08-18 01:07:01,278 INFO [refresh_grounding_cache] [275/1842] pope_random_121_random_121
2026-08-18 01:07:05,302 INFO [refresh_grounding_cache] [276/1842] pope_random_134_random_134
2026-08-18 01:07:09,367 INFO [refresh_grounding_cache] [277/1842] pope_random_146_random_146
2026-08-18 01:07:12,424 INFO [refresh_grounding_cache] [278/1842] pope_random_149_random_149
2026-08-18 01:07:16,232 INFO [refresh_grounding_cache] [279/1842] pope_random_150_random_150
2026-08-18 01:07:20,713 INFO [refresh_grounding_cache] [280/1842] pope_random_156_random_156
2026-08-18 01:07:25,928 INFO [refresh_grounding_cache] [281/1842] pope_random_163_random_163
2026-08-18 01:07:29,552 INFO [refresh_grounding_cache] [282/1842] pope_random_167_random_167
2026-08-18 01:07:33,184 INFO [refresh_grounding_cache] [283/1842] pope_random_168_random_168
2026-08-18 01:07:37,600 INFO [refresh_grounding_cache] [284/1842] pope_random_169_random_169
2026-08-18 01:07:40,782 INFO [refresh_grounding_cache] [285/1842] pope_random_186_random_186
2026-08-18 01:07:44,847 INFO [refresh_grounding_cache] [286/1842] pope_random_187_random_187
2026-08-18 01:07:49,096 INFO [refresh_grounding_cache] [287/1842] pope_random_188_random_188
2026-08-18 01:07:53,703 INFO [refresh_grounding_cache] [288/1842] pope_random_189_random_189
2026-08-18 01:07:57,918 INFO [refresh_grounding_cache] [289/1842] pope_random_191_random_191
2026-08-18 01:08:01,917 INFO [refresh_grounding_cache] [290/1842] pope_random_195_random_195
2026-08-18 01:08:06,290 INFO [refresh_grounding_cache] [291/1842] pope_random_205_random_205
2026-08-18 01:08:10,622 INFO [refresh_grounding_cache] [292/1842] pope_random_211_random_211
2026-08-18 01:08:13,488 INFO [refresh_grounding_cache] [293/1842] pope_random_212_random_212
2026-08-18 01:08:16,337 INFO [refresh_grounding_cache] [294/1842] pope_random_213_random_213
2026-08-18 01:08:20,619 INFO [refresh_grounding_cache] [295/1842] pope_random_214_random_214
2026-08-18 01:08:25,234 INFO [refresh_grounding_cache] [296/1842] pope_random_218_random_218
2026-08-18 01:08:29,141 INFO [refresh_grounding_cache] [297/1842] pope_random_220_random_220
2026-08-18 01:08:34,215 INFO [refresh_grounding_cache] [298/1842] pope_random_225_random_225
2026-08-18 01:08:39,754 INFO [refresh_grounding_cache] [299/1842] pope_random_237_random_237
2026-08-18 01:08:43,653 INFO [refresh_grounding_cache] [300/1842] pope_random_241_random_241
2026-08-18 01:08:47,652 INFO [refresh_grounding_cache] [301/1842] pope_random_242_random_242
2026-08-18 01:08:51,859 INFO [refresh_grounding_cache] [302/1842] pope_random_245_random_245
2026-08-18 01:08:55,958 INFO [refresh_grounding_cache] [303/1842] pope_random_246_random_246
2026-08-18 01:09:00,565 INFO [refresh_grounding_cache] [304/1842] pope_random_264_random_264
2026-08-18 01:09:05,913 INFO [refresh_grounding_cache] [305/1842] pope_random_275_random_275
2026-08-18 01:09:09,537 INFO [refresh_grounding_cache] [306/1842] pope_random_282_random_282
2026-08-18 01:09:13,219 INFO [refresh_grounding_cache] [307/1842] pope_random_283_random_283
2026-08-18 01:09:17,701 INFO [refresh_grounding_cache] [308/1842] pope_random_287_random_287
2026-08-18 01:09:21,875 INFO [refresh_grounding_cache] [309/1842] pope_random_298_random_298
2026-08-18 01:09:26,073 INFO [refresh_grounding_cache] [310/1842] pope_random_316_random_316
2026-08-18 01:09:29,522 INFO [refresh_grounding_cache] [311/1842] pope_random_322_random_322
2026-08-18 01:09:33,604 INFO [refresh_grounding_cache] [312/1842] pope_random_325_random_325
2026-08-18 01:09:37,486 INFO [refresh_grounding_cache] [313/1842] pope_random_327_random_327
2026-08-18 01:09:40,743 INFO [refresh_grounding_cache] [314/1842] pope_random_328_random_328
2026-08-18 01:09:43,859 INFO [refresh_grounding_cache] [315/1842] pope_random_335_random_335
2026-08-18 01:09:48,049 INFO [refresh_grounding_cache] [316/1842] pope_random_340_random_340
2026-08-18 01:09:52,498 INFO [refresh_grounding_cache] [317/1842] pope_random_341_random_341
2026-08-18 01:09:56,463 INFO [refresh_grounding_cache] [318/1842] pope_random_347_random_347
2026-08-18 01:10:00,512 INFO [refresh_grounding_cache] [319/1842] pope_random_348_random_348
2026-08-18 01:10:03,786 INFO [refresh_grounding_cache] [320/1842] pope_random_354_random_354
2026-08-18 01:10:07,318 INFO [refresh_grounding_cache] [321/1842] pope_random_357_random_357
2026-08-18 01:10:10,975 INFO [refresh_grounding_cache] [322/1842] pope_random_363_random_363
2026-08-18 01:10:16,215 INFO [refresh_grounding_cache] [323/1842] pope_random_365_random_365
2026-08-18 01:10:21,030 INFO [refresh_grounding_cache] [324/1842] pope_random_369_random_369
2026-08-18 01:10:25,321 INFO [refresh_grounding_cache] [325/1842] pope_random_373_random_373
2026-08-18 01:10:29,586 INFO [refresh_grounding_cache] [326/1842] pope_random_374_random_374
2026-08-18 01:10:33,035 INFO [refresh_grounding_cache] [327/1842] pope_random_375_random_375
2026-08-18 01:10:36,375 INFO [refresh_grounding_cache] [328/1842] pope_random_380_random_380
2026-08-18 01:10:40,066 INFO [refresh_grounding_cache] [329/1842] pope_random_386_random_386
2026-08-18 01:10:44,723 INFO [refresh_grounding_cache] [330/1842] pope_random_392_random_392
2026-08-18 01:10:48,738 INFO [refresh_grounding_cache] [331/1842] pope_random_393_random_393
2026-08-18 01:10:52,337 INFO [refresh_grounding_cache] [332/1842] pope_random_394_random_394
2026-08-18 01:10:55,636 INFO [refresh_grounding_cache] [333/1842] pope_random_396_random_396
2026-08-18 01:10:59,868 INFO [refresh_grounding_cache] [334/1842] pope_random_398_random_398
2026-08-18 01:11:03,917 INFO [refresh_grounding_cache] [335/1842] pope_random_403_random_403
2026-08-18 01:11:08,457 INFO [refresh_grounding_cache] [336/1842] pope_random_404_random_404
2026-08-18 01:11:12,289 INFO [refresh_grounding_cache] [337/1842] pope_random_405_random_405
2026-08-18 01:11:16,254 INFO [refresh_grounding_cache] [338/1842] pope_random_407_random_407
2026-08-18 01:11:21,094 INFO [refresh_grounding_cache] [339/1842] pope_random_408_random_408
2026-08-18 01:11:24,951 INFO [refresh_grounding_cache] [340/1842] pope_random_410_random_410
2026-08-18 01:11:27,950 INFO [refresh_grounding_cache] [341/1842] pope_random_414_random_414
2026-08-18 01:11:31,391 INFO [refresh_grounding_cache] [342/1842] pope_random_415_random_415
2026-08-18 01:11:35,431 INFO [refresh_grounding_cache] [343/1842] pope_random_421_random_421
2026-08-18 01:11:39,697 INFO [refresh_grounding_cache] [344/1842] pope_random_424_random_424
2026-08-18 01:11:43,420 INFO [refresh_grounding_cache] [345/1842] pope_random_430_random_430
2026-08-18 01:11:47,494 INFO [refresh_grounding_cache] [346/1842] pope_random_432_random_432
2026-08-18 01:11:51,168 INFO [refresh_grounding_cache] [347/1842] pope_random_433_random_433
2026-08-18 01:11:54,950 INFO [refresh_grounding_cache] [348/1842] pope_random_443_random_443
2026-08-18 01:11:58,649 INFO [refresh_grounding_cache] [349/1842] pope_random_444_random_444
2026-08-18 01:12:02,481 INFO [refresh_grounding_cache] [350/1842] pope_random_445_random_445
2026-08-18 01:12:06,338 INFO [refresh_grounding_cache] [351/1842] pope_random_446_random_446
2026-08-18 01:12:09,820 INFO [refresh_grounding_cache] [352/1842] pope_random_454_random_454
2026-08-18 01:12:14,227 INFO [refresh_grounding_cache] [353/1842] pope_random_455_random_455
2026-08-18 01:12:18,867 INFO [refresh_grounding_cache] [354/1842] pope_random_456_random_456
2026-08-18 01:12:23,549 INFO [refresh_grounding_cache] [355/1842] pope_random_459_random_459
2026-08-18 01:12:27,356 INFO [refresh_grounding_cache] [356/1842] pope_random_460_random_460
2026-08-18 01:12:32,188 INFO [refresh_grounding_cache] [357/1842] pope_random_466_random_466
2026-08-18 01:12:37,019 INFO [refresh_grounding_cache] [358/1842] pope_random_477_random_477
2026-08-18 01:12:41,076 INFO [refresh_grounding_cache] [359/1842] pope_random_478_random_478
2026-08-18 01:12:46,875 INFO [refresh_grounding_cache] [360/1842] pope_random_483_random_483
2026-08-18 01:12:51,157 INFO [refresh_grounding_cache] [361/1842] pope_random_493_random_493
2026-08-18 01:12:55,605 INFO [refresh_grounding_cache] [362/1842] pope_random_503_random_503
2026-08-18 01:12:59,912 INFO [refresh_grounding_cache] [363/1842] pope_random_505_random_505
2026-08-18 01:13:03,794 INFO [refresh_grounding_cache] [364/1842] pope_random_506_random_506
2026-08-18 01:13:07,835 INFO [refresh_grounding_cache] [365/1842] pope_random_507_random_507
2026-08-18 01:13:11,567 INFO [refresh_grounding_cache] [366/1842] pope_random_511_random_511
2026-08-18 01:13:15,557 INFO [refresh_grounding_cache] [367/1842] pope_random_520_random_520
2026-08-18 01:13:20,014 INFO [refresh_grounding_cache] [368/1842] pope_random_524_random_524
2026-08-18 01:13:23,854 INFO [refresh_grounding_cache] [369/1842] pope_random_525_random_525
2026-08-18 01:13:28,294 INFO [refresh_grounding_cache] [370/1842] pope_random_527_random_527
2026-08-18 01:13:32,676 INFO [refresh_grounding_cache] [371/1842] pope_random_532_random_532
2026-08-18 01:13:36,300 INFO [refresh_grounding_cache] [372/1842] pope_random_533_random_533
2026-08-18 01:13:40,407 INFO [refresh_grounding_cache] [373/1842] pope_random_535_random_535
2026-08-18 01:13:43,623 INFO [refresh_grounding_cache] [374/1842] pope_random_539_random_539
2026-08-18 01:13:47,230 INFO [refresh_grounding_cache] [375/1842] pope_random_541_random_541
2026-08-18 01:13:51,570 INFO [refresh_grounding_cache] [376/1842] pope_random_544_random_544
2026-08-18 01:13:55,061 INFO [refresh_grounding_cache] [377/1842] pope_random_548_random_548
2026-08-18 01:13:59,917 INFO [refresh_grounding_cache] [378/1842] pope_random_551_random_551
2026-08-18 01:14:04,875 INFO [refresh_grounding_cache] [379/1842] pope_random_554_random_554
2026-08-18 01:14:08,448 INFO [refresh_grounding_cache] [380/1842] pope_random_557_random_557
2026-08-18 01:14:12,356 INFO [refresh_grounding_cache] [381/1842] pope_random_559_random_559
2026-08-18 01:14:16,413 INFO [refresh_grounding_cache] [382/1842] pope_random_563_random_563
2026-08-18 01:14:20,461 INFO [refresh_grounding_cache] [383/1842] pope_random_567_random_567
2026-08-18 01:14:24,951 INFO [refresh_grounding_cache] [384/1842] pope_random_568_random_568
2026-08-18 01:14:29,150 INFO [refresh_grounding_cache] [385/1842] pope_random_570_random_570
2026-08-18 01:14:32,274 INFO [refresh_grounding_cache] [386/1842] pope_random_575_random_575
2026-08-18 01:14:35,656 INFO [refresh_grounding_cache] [387/1842] pope_random_580_random_580
2026-08-18 01:14:39,863 INFO [refresh_grounding_cache] [388/1842] pope_random_581_random_581
2026-08-18 01:14:44,278 INFO [refresh_grounding_cache] [389/1842] pope_random_586_random_586
2026-08-18 01:14:48,177 INFO [refresh_grounding_cache] [390/1842] pope_random_587_random_587
2026-08-18 01:14:52,134 INFO [refresh_grounding_cache] [391/1842] pope_random_589_random_589
2026-08-18 01:14:55,092 INFO [refresh_grounding_cache] [392/1842] pope_random_596_random_596
2026-08-18 01:14:59,149 INFO [refresh_grounding_cache] [393/1842] pope_random_602_random_602
2026-08-18 01:15:03,689 INFO [refresh_grounding_cache] [394/1842] pope_random_603_random_603
2026-08-18 01:15:07,021 INFO [refresh_grounding_cache] [395/1842] pope_random_604_random_604
2026-08-18 01:15:10,645 INFO [refresh_grounding_cache] [396/1842] pope_random_607_random_607
2026-08-18 01:15:13,994 INFO [refresh_grounding_cache] [397/1842] pope_random_609_random_609
2026-08-18 01:15:16,701 INFO [refresh_grounding_cache] [398/1842] pope_random_612_random_612
2026-08-18 01:15:21,533 INFO [refresh_grounding_cache] [399/1842] pope_random_614_random_614
2026-08-18 01:15:26,215 INFO [refresh_grounding_cache] [400/1842] pope_random_615_random_615
2026-08-18 01:15:30,663 INFO [refresh_grounding_cache] [401/1842] pope_random_617_random_617
2026-08-18 01:15:34,237 INFO [refresh_grounding_cache] [402/1842] pope_random_618_random_618
2026-08-18 01:15:40,494 INFO [refresh_grounding_cache] [403/1842] pope_random_622_random_622
2026-08-18 01:15:43,834 INFO [refresh_grounding_cache] [404/1842] pope_random_627_random_627
2026-08-18 01:15:47,925 INFO [refresh_grounding_cache] [405/1842] pope_random_629_random_629
2026-08-18 01:15:52,298 INFO [refresh_grounding_cache] [406/1842] pope_random_630_random_630
2026-08-18 01:15:58,429 INFO [refresh_grounding_cache] [407/1842] pope_random_631_random_631
2026-08-18 01:16:01,945 INFO [refresh_grounding_cache] [408/1842] pope_random_643_random_643
2026-08-18 01:16:06,027 INFO [refresh_grounding_cache] [409/1842] pope_random_645_random_645
2026-08-18 01:16:11,534 INFO [refresh_grounding_cache] [410/1842] pope_random_648_random_648
2026-08-18 01:16:15,849 INFO [refresh_grounding_cache] [411/1842] pope_random_653_random_653
2026-08-18 01:16:20,281 INFO [refresh_grounding_cache] [412/1842] pope_random_663_random_663
2026-08-18 01:16:23,596 INFO [refresh_grounding_cache] [413/1842] pope_random_664_random_664
2026-08-18 01:16:27,678 INFO [refresh_grounding_cache] [414/1842] pope_random_665_random_665
2026-08-18 01:16:31,527 INFO [refresh_grounding_cache] [415/1842] pope_random_667_random_667
2026-08-18 01:16:35,626 INFO [refresh_grounding_cache] [416/1842] pope_random_669_random_669
2026-08-18 01:16:39,874 INFO [refresh_grounding_cache] [417/1842] pope_random_670_random_670
2026-08-18 01:16:44,873 INFO [refresh_grounding_cache] [418/1842] pope_random_672_random_672
2026-08-18 01:16:49,871 INFO [refresh_grounding_cache] [419/1842] pope_random_678_random_678
2026-08-18 01:16:52,887 INFO [refresh_grounding_cache] [420/1842] pope_random_679_random_679
2026-08-18 01:16:57,060 INFO [refresh_grounding_cache] [421/1842] pope_random_680_random_680
2026-08-18 01:17:00,376 INFO [refresh_grounding_cache] [422/1842] pope_random_687_random_687
2026-08-18 01:17:04,775 INFO [refresh_grounding_cache] [423/1842] pope_random_691_random_691
2026-08-18 01:17:08,182 INFO [refresh_grounding_cache] [424/1842] pope_random_693_random_693
2026-08-18 01:17:12,339 INFO [refresh_grounding_cache] [425/1842] pope_random_696_random_696
2026-08-18 01:17:16,137 INFO [refresh_grounding_cache] [426/1842] pope_random_700_random_700
2026-08-18 01:17:20,561 INFO [refresh_grounding_cache] [427/1842] pope_random_703_random_703
2026-08-18 01:17:24,418 INFO [refresh_grounding_cache] [428/1842] pope_random_704_random_704
2026-08-18 01:17:28,775 INFO [refresh_grounding_cache] [429/1842] pope_random_708_random_708
2026-08-18 01:17:32,365 INFO [refresh_grounding_cache] [430/1842] pope_random_715_random_715
2026-08-18 01:17:36,464 INFO [refresh_grounding_cache] [431/1842] pope_random_723_random_723
2026-08-18 01:17:40,705 INFO [refresh_grounding_cache] [432/1842] pope_random_732_random_732
2026-08-18 01:17:44,728 INFO [refresh_grounding_cache] [433/1842] pope_random_734_random_734
2026-08-18 01:17:49,002 INFO [refresh_grounding_cache] [434/1842] pope_random_738_random_738
2026-08-18 01:17:51,976 INFO [refresh_grounding_cache] [435/1842] pope_random_740_random_740
2026-08-18 01:17:54,733 INFO [refresh_grounding_cache] [436/1842] pope_random_745_random_745
2026-08-18 01:17:59,024 INFO [refresh_grounding_cache] [437/1842] pope_random_755_random_755
2026-08-18 01:18:02,981 INFO [refresh_grounding_cache] [438/1842] pope_random_761_random_761
2026-08-18 01:18:06,521 INFO [refresh_grounding_cache] [439/1842] pope_random_763_random_763
2026-08-18 01:18:10,003 INFO [refresh_grounding_cache] [440/1842] pope_random_764_random_764
2026-08-18 01:18:13,027 INFO [refresh_grounding_cache] [441/1842] pope_random_765_random_765
2026-08-18 01:18:16,626 INFO [refresh_grounding_cache] [442/1842] pope_random_767_random_767
2026-08-18 01:18:20,217 INFO [refresh_grounding_cache] [443/1842] pope_random_771_random_771
2026-08-18 01:18:24,365 INFO [refresh_grounding_cache] [444/1842] pope_random_775_random_775
2026-08-18 01:18:27,856 INFO [refresh_grounding_cache] [445/1842] pope_random_777_random_777
2026-08-18 01:18:32,088 INFO [refresh_grounding_cache] [446/1842] pope_random_784_random_784
2026-08-18 01:18:35,620 INFO [refresh_grounding_cache] [447/1842] pope_random_785_random_785
2026-08-18 01:18:38,911 INFO [refresh_grounding_cache] [448/1842] pope_random_786_random_786
2026-08-18 01:18:43,543 INFO [refresh_grounding_cache] [449/1842] pope_random_787_random_787
2026-08-18 01:18:47,483 INFO [refresh_grounding_cache] [450/1842] pope_random_790_random_790
2026-08-18 01:18:51,448 INFO [refresh_grounding_cache] [451/1842] pope_random_800_random_800
2026-08-18 01:18:55,330 INFO [refresh_grounding_cache] [452/1842] pope_random_804_random_804
2026-08-18 01:18:59,021 INFO [refresh_grounding_cache] [453/1842] pope_random_806_random_806
2026-08-18 01:19:03,028 INFO [refresh_grounding_cache] [454/1842] pope_random_808_random_808
2026-08-18 01:19:06,769 INFO [refresh_grounding_cache] [455/1842] pope_random_810_random_810
2026-08-18 01:19:11,176 INFO [refresh_grounding_cache] [456/1842] pope_random_813_random_813
2026-08-18 01:19:15,124 INFO [refresh_grounding_cache] [457/1842] pope_random_820_random_820
2026-08-18 01:19:19,340 INFO [refresh_grounding_cache] [458/1842] pope_random_826_random_826
2026-08-18 01:19:24,105 INFO [refresh_grounding_cache] [459/1842] pope_random_829_random_829
2026-08-18 01:19:28,104 INFO [refresh_grounding_cache] [460/1842] pope_random_831_random_831
2026-08-18 01:19:32,285 INFO [refresh_grounding_cache] [461/1842] pope_random_838_random_838
2026-08-18 01:19:37,026 INFO [refresh_grounding_cache] [462/1842] pope_random_840_random_840
2026-08-18 01:19:40,916 INFO [refresh_grounding_cache] [463/1842] pope_random_843_random_843
2026-08-18 01:19:45,739 INFO [refresh_grounding_cache] [464/1842] pope_random_861_random_861
2026-08-18 01:19:50,038 INFO [refresh_grounding_cache] [465/1842] pope_random_862_random_862
2026-08-18 01:19:55,578 INFO [refresh_grounding_cache] [466/1842] pope_random_863_random_863
2026-08-18 01:20:00,518 INFO [refresh_grounding_cache] [467/1842] pope_random_866_random_866
2026-08-18 01:20:04,317 INFO [refresh_grounding_cache] [468/1842] pope_random_872_random_872
2026-08-18 01:20:09,007 INFO [refresh_grounding_cache] [469/1842] pope_random_879_random_879
2026-08-18 01:20:12,772 INFO [refresh_grounding_cache] [470/1842] pope_random_880_random_880
2026-08-18 01:20:17,596 INFO [refresh_grounding_cache] [471/1842] pope_random_881_random_881
2026-08-18 01:20:21,428 INFO [refresh_grounding_cache] [472/1842] pope_random_882_random_882
2026-08-18 01:20:25,360 INFO [refresh_grounding_cache] [473/1842] pope_random_888_random_888
2026-08-18 01:20:29,533 INFO [refresh_grounding_cache] [474/1842] pope_random_889_random_889
2026-08-18 01:20:33,599 INFO [refresh_grounding_cache] [475/1842] pope_random_893_random_893
2026-08-18 01:20:37,623 INFO [refresh_grounding_cache] [476/1842] pope_random_903_random_903
2026-08-18 01:20:41,588 INFO [refresh_grounding_cache] [477/1842] pope_random_905_random_905
2026-08-18 01:20:45,103 INFO [refresh_grounding_cache] [478/1842] pope_random_909_random_909
2026-08-18 01:20:49,002 INFO [refresh_grounding_cache] [479/1842] pope_random_912_random_912
2026-08-18 01:20:52,084 INFO [refresh_grounding_cache] [480/1842] pope_random_915_random_915
2026-08-18 01:20:56,266 INFO [refresh_grounding_cache] [481/1842] pope_random_919_random_919
2026-08-18 01:21:00,657 INFO [refresh_grounding_cache] [482/1842] pope_random_923_random_923
2026-08-18 01:21:04,530 INFO [refresh_grounding_cache] [483/1842] pope_random_924_random_924
2026-08-18 01:21:08,254 INFO [refresh_grounding_cache] [484/1842] pope_random_925_random_925
2026-08-18 01:21:11,994 INFO [refresh_grounding_cache] [485/1842] pope_random_930_random_930
2026-08-18 01:21:15,568 INFO [refresh_grounding_cache] [486/1842] pope_random_932_random_932
2026-08-18 01:21:19,958 INFO [refresh_grounding_cache] [487/1842] pope_random_934_random_934
2026-08-18 01:21:24,132 INFO [refresh_grounding_cache] [488/1842] pope_random_937_random_937
2026-08-18 01:21:28,106 INFO [refresh_grounding_cache] [489/1842] pope_random_938_random_938
2026-08-18 01:21:32,463 INFO [refresh_grounding_cache] [490/1842] pope_random_943_random_943
2026-08-18 01:21:37,086 INFO [refresh_grounding_cache] [491/1842] pope_random_944_random_944
2026-08-18 01:21:41,193 INFO [refresh_grounding_cache] [492/1842] pope_random_945_random_945
2026-08-18 01:21:45,050 INFO [refresh_grounding_cache] [493/1842] pope_random_948_random_948
2026-08-18 01:21:48,891 INFO [refresh_grounding_cache] [494/1842] pope_random_949_random_949
2026-08-18 01:21:52,473 INFO [refresh_grounding_cache] [495/1842] pope_random_950_random_950
2026-08-18 01:21:56,771 INFO [refresh_grounding_cache] [496/1842] pope_random_957_random_957
2026-08-18 01:22:01,620 INFO [refresh_grounding_cache] [497/1842] pope_random_958_random_958
2026-08-18 01:22:05,718 INFO [refresh_grounding_cache] [498/1842] pope_random_968_random_968
2026-08-18 01:22:09,392 INFO [refresh_grounding_cache] [499/1842] pope_random_973_random_973
2026-08-18 01:22:12,958 INFO [refresh_grounding_cache] [500/1842] pope_random_976_random_976
2026-08-18 01:22:16,548 INFO [refresh_grounding_cache] [501/1842] pope_random_979_random_979
2026-08-18 01:22:20,963 INFO [refresh_grounding_cache] [502/1842] pope_random_981_random_981
2026-08-18 01:22:25,004 INFO [refresh_grounding_cache] [503/1842] pope_random_982_random_982
2026-08-18 01:22:29,810 INFO [refresh_grounding_cache] [504/1842] pope_random_983_random_983
2026-08-18 01:22:33,609 INFO [refresh_grounding_cache] [505/1842] pope_random_986_random_986
2026-08-18 01:22:38,716 INFO [refresh_grounding_cache] [506/1842] pope_random_987_random_987
2026-08-18 01:22:42,740 INFO [refresh_grounding_cache] [507/1842] pope_random_991_random_991
2026-08-18 01:22:47,696 INFO [refresh_grounding_cache] [508/1842] pope_random_992_random_992
2026-08-18 01:22:51,537 INFO [refresh_grounding_cache] [509/1842] pope_random_993_random_993
2026-08-18 01:22:55,436 INFO [refresh_grounding_cache] [510/1842] pope_random_996_random_996
2026-08-18 01:23:00,950 INFO [refresh_grounding_cache] [511/1842] pope_random_997_random_997
2026-08-18 01:23:05,674 INFO [refresh_grounding_cache] [512/1842] pope_random_1000_random_1000
2026-08-18 01:23:10,580 INFO [refresh_grounding_cache] [513/1842] pope_random_1003_random_1003
2026-08-18 01:23:14,387 INFO [refresh_grounding_cache] [514/1842] pope_random_1004_random_1004
2026-08-18 01:23:17,986 INFO [refresh_grounding_cache] [515/1842] pope_random_1005_random_1005
2026-08-18 01:23:21,977 INFO [refresh_grounding_cache] [516/1842] pope_random_1007_random_1007
2026-08-18 01:23:25,909 INFO [refresh_grounding_cache] [517/1842] pope_random_1010_random_1010
2026-08-18 01:23:29,382 INFO [refresh_grounding_cache] [518/1842] pope_random_1012_random_1012
2026-08-18 01:23:33,981 INFO [refresh_grounding_cache] [519/1842] pope_random_1018_random_1018
2026-08-18 01:23:37,355 INFO [refresh_grounding_cache] [520/1842] pope_random_1022_random_1022
2026-08-18 01:23:41,004 INFO [refresh_grounding_cache] [521/1842] pope_random_1023_random_1023
2026-08-18 01:23:44,827 INFO [refresh_grounding_cache] [522/1842] pope_random_1032_random_1032
2026-08-18 01:23:48,984 INFO [refresh_grounding_cache] [523/1842] pope_random_1036_random_1036
2026-08-18 01:23:53,441 INFO [refresh_grounding_cache] [524/1842] pope_random_1038_random_1038
2026-08-18 01:23:58,781 INFO [refresh_grounding_cache] [525/1842] pope_random_1041_random_1041
2026-08-18 01:24:03,321 INFO [refresh_grounding_cache] [526/1842] pope_random_1043_random_1043
2026-08-18 01:24:07,462 INFO [refresh_grounding_cache] [527/1842] pope_random_1044_random_1044
2026-08-18 01:24:11,619 INFO [refresh_grounding_cache] [528/1842] pope_random_1049_random_1049
2026-08-18 01:24:16,084 INFO [refresh_grounding_cache] [529/1842] pope_random_1054_random_1054
2026-08-18 01:24:20,999 INFO [refresh_grounding_cache] [530/1842] pope_random_1059_random_1059
2026-08-18 01:24:25,240 INFO [refresh_grounding_cache] [531/1842] pope_random_1060_random_1060
2026-08-18 01:24:28,747 INFO [refresh_grounding_cache] [532/1842] pope_random_1062_random_1062
2026-08-18 01:24:32,512 INFO [refresh_grounding_cache] [533/1842] pope_random_1071_random_1071
2026-08-18 01:24:36,736 INFO [refresh_grounding_cache] [534/1842] pope_random_1080_random_1080
2026-08-18 01:24:41,126 INFO [refresh_grounding_cache] [535/1842] pope_random_1084_random_1084
2026-08-18 01:24:45,741 INFO [refresh_grounding_cache] [536/1842] pope_random_1085_random_1085
2026-08-18 01:24:49,806 INFO [refresh_grounding_cache] [537/1842] pope_random_1097_random_1097
2026-08-18 01:24:53,972 INFO [refresh_grounding_cache] [538/1842] pope_random_1101_random_1101
2026-08-18 01:24:57,721 INFO [refresh_grounding_cache] [539/1842] pope_random_1105_random_1105
2026-08-18 01:25:02,061 INFO [refresh_grounding_cache] [540/1842] pope_random_1106_random_1106
2026-08-18 01:25:06,176 INFO [refresh_grounding_cache] [541/1842] pope_random_1107_random_1107
2026-08-18 01:25:09,892 INFO [refresh_grounding_cache] [542/1842] pope_random_1109_random_1109
2026-08-18 01:25:13,357 INFO [refresh_grounding_cache] [543/1842] pope_random_1126_random_1126
2026-08-18 01:25:17,631 INFO [refresh_grounding_cache] [544/1842] pope_random_1138_random_1138
2026-08-18 01:25:21,863 INFO [refresh_grounding_cache] [545/1842] pope_random_1140_random_1140
2026-08-18 01:25:25,778 INFO [refresh_grounding_cache] [546/1842] pope_random_1141_random_1141
2026-08-18 01:25:29,285 INFO [refresh_grounding_cache] [547/1842] pope_random_1146_random_1146
2026-08-18 01:25:33,067 INFO [refresh_grounding_cache] [548/1842] pope_random_1147_random_1147
2026-08-18 01:25:36,525 INFO [refresh_grounding_cache] [549/1842] pope_random_1151_random_1151
2026-08-18 01:25:40,790 INFO [refresh_grounding_cache] [550/1842] pope_random_1153_random_1153
2026-08-18 01:25:45,013 INFO [refresh_grounding_cache] [551/1842] pope_random_1155_random_1155
2026-08-18 01:25:49,195 INFO [refresh_grounding_cache] [552/1842] pope_random_1157_random_1157
2026-08-18 01:25:54,294 INFO [refresh_grounding_cache] [553/1842] pope_random_1158_random_1158
2026-08-18 01:26:00,133 INFO [refresh_grounding_cache] [554/1842] pope_random_1161_random_1161
2026-08-18 01:26:05,473 INFO [refresh_grounding_cache] [555/1842] pope_random_1171_random_1171
2026-08-18 01:26:09,122 INFO [refresh_grounding_cache] [556/1842] pope_random_1182_random_1182
2026-08-18 01:26:13,571 INFO [refresh_grounding_cache] [557/1842] pope_random_1183_random_1183
2026-08-18 01:26:18,011 INFO [refresh_grounding_cache] [558/1842] pope_random_1192_random_1192
2026-08-18 01:26:22,884 INFO [refresh_grounding_cache] [559/1842] pope_random_1195_random_1195
2026-08-18 01:26:26,858 INFO [refresh_grounding_cache] [560/1842] pope_random_1200_random_1200
2026-08-18 01:26:30,857 INFO [refresh_grounding_cache] [561/1842] pope_random_1207_random_1207
2026-08-18 01:26:34,664 INFO [refresh_grounding_cache] [562/1842] pope_random_1208_random_1208
2026-08-18 01:26:39,121 INFO [refresh_grounding_cache] [563/1842] pope_random_1210_random_1210
2026-08-18 01:26:43,319 INFO [refresh_grounding_cache] [564/1842] pope_random_1219_random_1219
2026-08-18 01:26:47,701 INFO [refresh_grounding_cache] [565/1842] pope_random_1221_random_1221
2026-08-18 01:26:52,100 INFO [refresh_grounding_cache] [566/1842] pope_random_1231_random_1231
2026-08-18 01:26:55,782 INFO [refresh_grounding_cache] [567/1842] pope_random_1232_random_1232
2026-08-18 01:26:59,764 INFO [refresh_grounding_cache] [568/1842] pope_random_1240_random_1240
2026-08-18 01:27:04,612 INFO [refresh_grounding_cache] [569/1842] pope_random_1241_random_1241
2026-08-18 01:27:09,319 INFO [refresh_grounding_cache] [570/1842] pope_random_1253_random_1253
2026-08-18 01:27:12,451 INFO [refresh_grounding_cache] [571/1842] pope_random_1255_random_1255
2026-08-18 01:27:16,217 INFO [refresh_grounding_cache] [572/1842] pope_random_1259_random_1259
2026-08-18 01:27:19,982 INFO [refresh_grounding_cache] [573/1842] pope_random_1262_random_1262
2026-08-18 01:27:22,923 INFO [refresh_grounding_cache] [574/1842] pope_random_1270_random_1270
2026-08-18 01:27:27,080 INFO [refresh_grounding_cache] [575/1842] pope_random_1273_random_1273
2026-08-18 01:27:31,320 INFO [refresh_grounding_cache] [576/1842] pope_random_1276_random_1276
2026-08-18 01:27:35,460 INFO [refresh_grounding_cache] [577/1842] pope_random_1277_random_1277
2026-08-18 01:27:39,426 INFO [refresh_grounding_cache] [578/1842] pope_random_1278_random_1278
2026-08-18 01:27:43,549 INFO [refresh_grounding_cache] [579/1842] pope_random_1279_random_1279
2026-08-18 01:27:47,990 INFO [refresh_grounding_cache] [580/1842] pope_random_1285_random_1285
2026-08-18 01:27:52,180 INFO [refresh_grounding_cache] [581/1842] pope_random_1286_random_1286
2026-08-18 01:27:56,520 INFO [refresh_grounding_cache] [582/1842] pope_random_1287_random_1287
2026-08-18 01:28:00,727 INFO [refresh_grounding_cache] [583/1842] pope_random_1289_random_1289
2026-08-18 01:28:04,517 INFO [refresh_grounding_cache] [584/1842] pope_random_1293_random_1293
2026-08-18 01:28:08,783 INFO [refresh_grounding_cache] [585/1842] pope_random_1295_random_1295
2026-08-18 01:28:13,273 INFO [refresh_grounding_cache] [586/1842] pope_random_1297_random_1297
2026-08-18 01:28:17,405 INFO [refresh_grounding_cache] [587/1842] pope_random_1302_random_1302
2026-08-18 01:28:21,670 INFO [refresh_grounding_cache] [588/1842] pope_random_1310_random_1310
2026-08-18 01:28:26,152 INFO [refresh_grounding_cache] [589/1842] pope_random_1320_random_1320
2026-08-18 01:28:29,401 INFO [refresh_grounding_cache] [590/1842] pope_random_1324_random_1324
2026-08-18 01:28:33,116 INFO [refresh_grounding_cache] [591/1842] pope_random_1330_random_1330
2026-08-18 01:28:37,248 INFO [refresh_grounding_cache] [592/1842] pope_random_1336_random_1336
2026-08-18 01:28:41,389 INFO [refresh_grounding_cache] [593/1842] pope_random_1337_random_1337
2026-08-18 01:28:46,137 INFO [refresh_grounding_cache] [594/1842] pope_random_1341_random_1341
2026-08-18 01:28:50,202 INFO [refresh_grounding_cache] [595/1842] pope_random_1344_random_1344
2026-08-18 01:28:53,276 INFO [refresh_grounding_cache] [596/1842] pope_random_1353_random_1353
2026-08-18 01:28:57,134 INFO [refresh_grounding_cache] [597/1842] pope_random_1360_random_1360
2026-08-18 01:29:01,257 INFO [refresh_grounding_cache] [598/1842] pope_random_1369_random_1369
2026-08-18 01:29:05,323 INFO [refresh_grounding_cache] [599/1842] pope_random_1371_random_1371
2026-08-18 01:29:09,371 INFO [refresh_grounding_cache] [600/1842] pope_random_1376_random_1376
2026-08-18 01:29:14,320 INFO [refresh_grounding_cache] [601/1842] pope_random_1377_random_1377
2026-08-18 01:29:18,602 INFO [refresh_grounding_cache] [602/1842] pope_random_1378_random_1378
2026-08-18 01:29:23,133 INFO [refresh_grounding_cache] [603/1842] pope_random_1382_random_1382
2026-08-18 01:29:28,815 INFO [refresh_grounding_cache] [604/1842] pope_random_1385_random_1385
2026-08-18 01:29:32,381 INFO [refresh_grounding_cache] [605/1842] pope_random_1391_random_1391
2026-08-18 01:29:36,854 INFO [refresh_grounding_cache] [606/1842] pope_random_1394_random_1394
2026-08-18 01:29:40,395 INFO [refresh_grounding_cache] [607/1842] pope_random_1398_random_1398
2026-08-18 01:29:45,885 INFO [refresh_grounding_cache] [608/1842] pope_random_1399_random_1399
2026-08-18 01:29:50,008 INFO [refresh_grounding_cache] [609/1842] pope_random_1401_random_1401
2026-08-18 01:29:54,840 INFO [refresh_grounding_cache] [610/1842] pope_random_1406_random_1406
2026-08-18 01:29:58,789 INFO [refresh_grounding_cache] [611/1842] pope_random_1407_random_1407
2026-08-18 01:30:02,846 INFO [refresh_grounding_cache] [612/1842] pope_random_1408_random_1408
2026-08-18 01:30:06,586 INFO [refresh_grounding_cache] [613/1842] pope_random_1413_random_1413
2026-08-18 01:30:10,685 INFO [refresh_grounding_cache] [614/1842] pope_random_1415_random_1415
2026-08-18 01:30:14,217 INFO [refresh_grounding_cache] [615/1842] pope_random_1425_random_1425
2026-08-18 01:30:18,841 INFO [refresh_grounding_cache] [616/1842] pope_random_1426_random_1426
2026-08-18 01:30:23,356 INFO [refresh_grounding_cache] [617/1842] pope_random_1433_random_1433
2026-08-18 01:30:27,513 INFO [refresh_grounding_cache] [618/1842] pope_random_1434_random_1434
2026-08-18 01:30:31,461 INFO [refresh_grounding_cache] [619/1842] pope_random_1439_random_1439
2026-08-18 01:30:35,885 INFO [refresh_grounding_cache] [620/1842] pope_random_1446_random_1446
2026-08-18 01:30:39,184 INFO [refresh_grounding_cache] [621/1842] pope_random_1447_random_1447
2026-08-18 01:30:42,999 INFO [refresh_grounding_cache] [622/1842] pope_random_1452_random_1452
2026-08-18 01:30:47,048 INFO [refresh_grounding_cache] [623/1842] pope_random_1456_random_1456
2026-08-18 01:30:52,888 INFO [refresh_grounding_cache] [624/1842] pope_random_1458_random_1458
2026-08-18 01:30:56,403 INFO [refresh_grounding_cache] [625/1842] pope_random_1460_random_1460
2026-08-18 01:31:00,019 INFO [refresh_grounding_cache] [626/1842] pope_random_1461_random_1461
2026-08-18 01:31:03,667 INFO [refresh_grounding_cache] [627/1842] pope_random_1468_random_1468
2026-08-18 01:31:07,983 INFO [refresh_grounding_cache] [628/1842] pope_random_1471_random_1471
2026-08-18 01:31:12,448 INFO [refresh_grounding_cache] [629/1842] pope_random_1474_random_1474
2026-08-18 01:31:16,563 INFO [refresh_grounding_cache] [630/1842] pope_random_1479_random_1479
2026-08-18 01:31:20,237 INFO [refresh_grounding_cache] [631/1842] pope_random_1482_random_1482
2026-08-18 01:31:23,344 INFO [refresh_grounding_cache] [632/1842] pope_random_1486_random_1486
2026-08-18 01:31:26,635 INFO [refresh_grounding_cache] [633/1842] pope_random_1490_random_1490
2026-08-18 01:31:31,975 INFO [refresh_grounding_cache] [634/1842] pope_random_1493_random_1493
2026-08-18 01:31:36,590 INFO [refresh_grounding_cache] [635/1842] pope_random_1494_random_1494
2026-08-18 01:31:40,614 INFO [refresh_grounding_cache] [636/1842] pope_random_1496_random_1496
2026-08-18 01:31:44,221 INFO [refresh_grounding_cache] [637/1842] pope_random_1497_random_1497
2026-08-18 01:31:48,428 INFO [refresh_grounding_cache] [638/1842] pope_random_1500_random_1500
2026-08-18 01:31:52,835 INFO [refresh_grounding_cache] [639/1842] pope_random_1510_random_1510
2026-08-18 01:31:56,942 INFO [refresh_grounding_cache] [640/1842] pope_random_1512_random_1512
2026-08-18 01:32:00,632 INFO [refresh_grounding_cache] [641/1842] pope_random_1514_random_1514
2026-08-18 01:32:04,639 INFO [refresh_grounding_cache] [642/1842] pope_random_1515_random_1515
2026-08-18 01:32:08,963 INFO [refresh_grounding_cache] [643/1842] pope_random_1527_random_1527
2026-08-18 01:32:12,445 INFO [refresh_grounding_cache] [644/1842] pope_random_1533_random_1533
2026-08-18 01:32:16,585 INFO [refresh_grounding_cache] [645/1842] pope_random_1536_random_1536
2026-08-18 01:32:20,559 INFO [refresh_grounding_cache] [646/1842] pope_random_1541_random_1541
2026-08-18 01:32:24,075 INFO [refresh_grounding_cache] [647/1842] pope_random_1542_random_1542
2026-08-18 01:32:27,990 INFO [refresh_grounding_cache] [648/1842] pope_random_1543_random_1543
2026-08-18 01:32:32,597 INFO [refresh_grounding_cache] [649/1842] pope_random_1556_random_1556
2026-08-18 01:32:36,470 INFO [refresh_grounding_cache] [650/1842] pope_random_1558_random_1558
2026-08-18 01:32:40,977 INFO [refresh_grounding_cache] [651/1842] pope_random_1562_random_1562
2026-08-18 01:32:44,901 INFO [refresh_grounding_cache] [652/1842] pope_random_1565_random_1565
2026-08-18 01:32:48,392 INFO [refresh_grounding_cache] [653/1842] pope_random_1567_random_1567
2026-08-18 01:32:52,141 INFO [refresh_grounding_cache] [654/1842] pope_random_1574_random_1574
2026-08-18 01:32:55,964 INFO [refresh_grounding_cache] [655/1842] pope_random_1578_random_1578
2026-08-18 01:32:59,605 INFO [refresh_grounding_cache] [656/1842] pope_random_1583_random_1583
2026-08-18 01:33:03,970 INFO [refresh_grounding_cache] [657/1842] pope_random_1586_random_1586
2026-08-18 01:33:08,777 INFO [refresh_grounding_cache] [658/1842] pope_random_1588_random_1588
2026-08-18 01:33:12,792 INFO [refresh_grounding_cache] [659/1842] pope_random_1590_random_1590
2026-08-18 01:33:16,682 INFO [refresh_grounding_cache] [660/1842] pope_random_1594_random_1594
2026-08-18 01:33:21,239 INFO [refresh_grounding_cache] [661/1842] pope_random_1602_random_1602
2026-08-18 01:33:24,938 INFO [refresh_grounding_cache] [662/1842] pope_random_1608_random_1608
2026-08-18 01:33:28,154 INFO [refresh_grounding_cache] [663/1842] pope_random_1611_random_1611
2026-08-18 01:33:31,511 INFO [refresh_grounding_cache] [664/1842] pope_random_1615_random_1615
2026-08-18 01:33:35,726 INFO [refresh_grounding_cache] [665/1842] pope_random_1620_random_1620
2026-08-18 01:33:40,808 INFO [refresh_grounding_cache] [666/1842] pope_random_1622_random_1622
2026-08-18 01:33:45,673 INFO [refresh_grounding_cache] [667/1842] pope_random_1623_random_1623
2026-08-18 01:33:50,455 INFO [refresh_grounding_cache] [668/1842] pope_random_1626_random_1626
2026-08-18 01:33:55,861 INFO [refresh_grounding_cache] [669/1842] pope_random_1629_random_1629
2026-08-18 01:34:00,610 INFO [refresh_grounding_cache] [670/1842] pope_random_1634_random_1634
2026-08-18 01:34:03,742 INFO [refresh_grounding_cache] [671/1842] pope_random_1635_random_1635
2026-08-18 01:34:06,999 INFO [refresh_grounding_cache] [672/1842] pope_random_1643_random_1643
2026-08-18 01:34:10,998 INFO [refresh_grounding_cache] [673/1842] pope_random_1648_random_1648
2026-08-18 01:34:14,897 INFO [refresh_grounding_cache] [674/1842] pope_random_1651_random_1651
2026-08-18 01:34:18,670 INFO [refresh_grounding_cache] [675/1842] pope_random_1652_random_1652
2026-08-18 01:34:22,328 INFO [refresh_grounding_cache] [676/1842] pope_random_1658_random_1658
2026-08-18 01:34:26,510 INFO [refresh_grounding_cache] [677/1842] pope_random_1660_random_1660
2026-08-18 01:34:30,733 INFO [refresh_grounding_cache] [678/1842] pope_random_1661_random_1661
2026-08-18 01:34:34,757 INFO [refresh_grounding_cache] [679/1842] pope_random_1668_random_1668
2026-08-18 01:34:39,031 INFO [refresh_grounding_cache] [680/1842] pope_random_1670_random_1670
2026-08-18 01:34:43,038 INFO [refresh_grounding_cache] [681/1842] pope_random_1671_random_1671
2026-08-18 01:34:47,070 INFO [refresh_grounding_cache] [682/1842] pope_random_1672_random_1672
2026-08-18 01:34:51,843 INFO [refresh_grounding_cache] [683/1842] pope_random_1677_random_1677
2026-08-18 01:34:55,850 INFO [refresh_grounding_cache] [684/1842] pope_random_1678_random_1678
2026-08-18 01:34:59,807 INFO [refresh_grounding_cache] [685/1842] pope_random_1681_random_1681
2026-08-18 01:35:03,790 INFO [refresh_grounding_cache] [686/1842] pope_random_1684_random_1684
2026-08-18 01:35:07,921 INFO [refresh_grounding_cache] [687/1842] pope_random_1689_random_1689
2026-08-18 01:35:11,845 INFO [refresh_grounding_cache] [688/1842] pope_random_1695_random_1695
2026-08-18 01:35:15,444 INFO [refresh_grounding_cache] [689/1842] pope_random_1696_random_1696
2026-08-18 01:35:20,217 INFO [refresh_grounding_cache] [690/1842] pope_random_1707_random_1707
2026-08-18 01:35:23,633 INFO [refresh_grounding_cache] [691/1842] pope_random_1712_random_1712
2026-08-18 01:35:27,232 INFO [refresh_grounding_cache] [692/1842] pope_random_1714_random_1714
2026-08-18 01:35:31,639 INFO [refresh_grounding_cache] [693/1842] pope_random_1717_random_1717
2026-08-18 01:35:35,462 INFO [refresh_grounding_cache] [694/1842] pope_random_1729_random_1729
2026-08-18 01:35:38,361 INFO [refresh_grounding_cache] [695/1842] pope_random_1734_random_1734
2026-08-18 01:35:42,668 INFO [refresh_grounding_cache] [696/1842] pope_random_1741_random_1741
2026-08-18 01:35:46,767 INFO [refresh_grounding_cache] [697/1842] pope_random_1744_random_1744
2026-08-18 01:35:51,049 INFO [refresh_grounding_cache] [698/1842] pope_random_1746_random_1746
2026-08-18 01:35:55,098 INFO [refresh_grounding_cache] [699/1842] pope_random_1754_random_1754
2026-08-18 01:35:58,938 INFO [refresh_grounding_cache] [700/1842] pope_random_1755_random_1755
2026-08-18 01:36:02,703 INFO [refresh_grounding_cache] [701/1842] pope_random_1760_random_1760
2026-08-18 01:36:06,777 INFO [refresh_grounding_cache] [702/1842] pope_random_1761_random_1761
2026-08-18 01:36:10,901 INFO [refresh_grounding_cache] [703/1842] pope_random_1762_random_1762
2026-08-18 01:36:15,033 INFO [refresh_grounding_cache] [704/1842] pope_random_1765_random_1765
2026-08-18 01:36:18,706 INFO [refresh_grounding_cache] [705/1842] pope_random_1769_random_1769
2026-08-18 01:36:22,664 INFO [refresh_grounding_cache] [706/1842] pope_random_1773_random_1773
2026-08-18 01:36:26,679 INFO [refresh_grounding_cache] [707/1842] pope_random_1778_random_1778
2026-08-18 01:36:30,961 INFO [refresh_grounding_cache] [708/1842] pope_random_1789_random_1789
2026-08-18 01:36:35,834 INFO [refresh_grounding_cache] [709/1842] pope_random_1793_random_1793
2026-08-18 01:36:39,975 INFO [refresh_grounding_cache] [710/1842] pope_random_1795_random_1795
2026-08-18 01:36:44,007 INFO [refresh_grounding_cache] [711/1842] pope_random_1798_random_1798
2026-08-18 01:36:48,288 INFO [refresh_grounding_cache] [712/1842] pope_random_1802_random_1802
2026-08-18 01:36:53,079 INFO [refresh_grounding_cache] [713/1842] pope_random_1809_random_1809
2026-08-18 01:36:57,335 INFO [refresh_grounding_cache] [714/1842] pope_random_1811_random_1811
2026-08-18 01:37:01,584 INFO [refresh_grounding_cache] [715/1842] pope_random_1812_random_1812
2026-08-18 01:37:06,208 INFO [refresh_grounding_cache] [716/1842] pope_random_1817_random_1817
2026-08-18 01:37:10,689 INFO [refresh_grounding_cache] [717/1842] pope_random_1824_random_1824
2026-08-18 01:37:15,146 INFO [refresh_grounding_cache] [718/1842] pope_random_1829_random_1829
2026-08-18 01:37:19,303 INFO [refresh_grounding_cache] [719/1842] pope_random_1833_random_1833
2026-08-18 01:37:23,610 INFO [refresh_grounding_cache] [720/1842] pope_random_1837_random_1837
2026-08-18 01:37:27,142 INFO [refresh_grounding_cache] [721/1842] pope_random_1842_random_1842
2026-08-18 01:37:32,157 INFO [refresh_grounding_cache] [722/1842] pope_random_1843_random_1843
2026-08-18 01:37:36,189 INFO [refresh_grounding_cache] [723/1842] pope_random_1844_random_1844
2026-08-18 01:37:41,029 INFO [refresh_grounding_cache] [724/1842] pope_random_1845_random_1845
2026-08-18 01:37:45,370 INFO [refresh_grounding_cache] [725/1842] pope_random_1847_random_1847
2026-08-18 01:37:49,235 INFO [refresh_grounding_cache] [726/1842] pope_random_1850_random_1850
2026-08-18 01:37:53,817 INFO [refresh_grounding_cache] [727/1842] pope_random_1852_random_1852
2026-08-18 01:37:58,074 INFO [refresh_grounding_cache] [728/1842] pope_random_1855_random_1855
2026-08-18 01:38:02,406 INFO [refresh_grounding_cache] [729/1842] pope_random_1856_random_1856
2026-08-18 01:38:06,938 INFO [refresh_grounding_cache] [730/1842] pope_random_1859_random_1859
2026-08-18 01:38:11,786 INFO [refresh_grounding_cache] [731/1842] pope_random_1860_random_1860
2026-08-18 01:38:15,976 INFO [refresh_grounding_cache] [732/1842] pope_random_1868_random_1868
2026-08-18 01:38:21,516 INFO [refresh_grounding_cache] [733/1842] pope_random_1874_random_1874
2026-08-18 01:38:25,323 INFO [refresh_grounding_cache] [734/1842] pope_random_1875_random_1875
2026-08-18 01:38:29,030 INFO [refresh_grounding_cache] [735/1842] pope_random_1878_random_1878
2026-08-18 01:38:34,721 INFO [refresh_grounding_cache] [736/1842] pope_random_1880_random_1880
2026-08-18 01:38:37,686 INFO [refresh_grounding_cache] [737/1842] pope_random_1881_random_1881
2026-08-18 01:38:41,726 INFO [refresh_grounding_cache] [738/1842] pope_random_1886_random_1886
2026-08-18 01:38:45,442 INFO [refresh_grounding_cache] [739/1842] pope_random_1903_random_1903
2026-08-18 01:38:49,415 INFO [refresh_grounding_cache] [740/1842] pope_random_1913_random_1913
2026-08-18 01:38:53,747 INFO [refresh_grounding_cache] [741/1842] pope_random_1920_random_1920
2026-08-18 01:38:57,613 INFO [refresh_grounding_cache] [742/1842] pope_random_1921_random_1921
2026-08-18 01:39:01,512 INFO [refresh_grounding_cache] [743/1842] pope_random_1922_random_1922
2026-08-18 01:39:04,394 INFO [refresh_grounding_cache] [744/1842] pope_random_1925_random_1925
2026-08-18 01:39:08,218 INFO [refresh_grounding_cache] [745/1842] pope_random_1927_random_1927
2026-08-18 01:39:12,275 INFO [refresh_grounding_cache] [746/1842] pope_random_1931_random_1931
2026-08-18 01:39:16,540 INFO [refresh_grounding_cache] [747/1842] pope_random_1933_random_1933
2026-08-18 01:39:20,972 INFO [refresh_grounding_cache] [748/1842] pope_random_1935_random_1935
2026-08-18 01:39:25,479 INFO [refresh_grounding_cache] [749/1842] pope_random_1940_random_1940
2026-08-18 01:39:29,519 INFO [refresh_grounding_cache] [750/1842] pope_random_1948_random_1948
2026-08-18 01:39:33,409 INFO [refresh_grounding_cache] [751/1842] pope_random_1949_random_1949
2026-08-18 01:39:36,900 INFO [refresh_grounding_cache] [752/1842] pope_random_1952_random_1952
2026-08-18 01:39:40,107 INFO [refresh_grounding_cache] [753/1842] pope_random_1955_random_1955
2026-08-18 01:39:44,048 INFO [refresh_grounding_cache] [754/1842] pope_random_1961_random_1961
2026-08-18 01:39:48,388 INFO [refresh_grounding_cache] [755/1842] pope_random_1963_random_1963
2026-08-18 01:39:51,628 INFO [refresh_grounding_cache] [756/1842] pope_random_1964_random_1964
2026-08-18 01:39:55,861 INFO [refresh_grounding_cache] [757/1842] pope_random_1970_random_1970
2026-08-18 01:39:59,510 INFO [refresh_grounding_cache] [758/1842] pope_random_1973_random_1973
2026-08-18 01:40:03,150 INFO [refresh_grounding_cache] [759/1842] pope_random_1974_random_1974
2026-08-18 01:40:06,657 INFO [refresh_grounding_cache] [760/1842] pope_random_1976_random_1976
2026-08-18 01:40:11,214 INFO [refresh_grounding_cache] [761/1842] pope_random_1981_random_1981
2026-08-18 01:40:15,288 INFO [refresh_grounding_cache] [762/1842] pope_random_1984_random_1984
2026-08-18 01:40:19,428 INFO [refresh_grounding_cache] [763/1842] pope_random_1993_random_1993
2026-08-18 01:40:23,485 INFO [refresh_grounding_cache] [764/1842] pope_random_1994_random_1994
2026-08-18 01:40:27,917 INFO [refresh_grounding_cache] [765/1842] pope_random_1996_random_1996
2026-08-18 01:40:32,624 INFO [refresh_grounding_cache] [766/1842] pope_random_1997_random_1997
2026-08-18 01:40:36,523 INFO [refresh_grounding_cache] [767/1842] pope_random_2001_random_2001
2026-08-18 01:40:40,821 INFO [refresh_grounding_cache] [768/1842] pope_random_2002_random_2002
2026-08-18 01:40:44,295 INFO [refresh_grounding_cache] [769/1842] pope_random_2016_random_2016
2026-08-18 01:40:48,477 INFO [refresh_grounding_cache] [770/1842] pope_random_2019_random_2019
2026-08-18 01:40:52,734 INFO [refresh_grounding_cache] [771/1842] pope_random_2026_random_2026
2026-08-18 01:40:56,891 INFO [refresh_grounding_cache] [772/1842] pope_random_2032_random_2032
2026-08-18 01:40:59,982 INFO [refresh_grounding_cache] [773/1842] pope_random_2036_random_2036
2026-08-18 01:41:04,622 INFO [refresh_grounding_cache] [774/1842] pope_random_2038_random_2038
2026-08-18 01:41:08,262 INFO [refresh_grounding_cache] [775/1842] pope_random_2040_random_2040
2026-08-18 01:41:12,677 INFO [refresh_grounding_cache] [776/1842] pope_random_2041_random_2041
2026-08-18 01:41:16,251 INFO [refresh_grounding_cache] [777/1842] pope_random_2046_random_2046
2026-08-18 01:41:19,625 INFO [refresh_grounding_cache] [778/1842] pope_random_2061_random_2061
2026-08-18 01:41:23,216 INFO [refresh_grounding_cache] [779/1842] pope_random_2066_random_2066
2026-08-18 01:41:27,689 INFO [refresh_grounding_cache] [780/1842] pope_random_2072_random_2072
2026-08-18 01:41:33,296 INFO [refresh_grounding_cache] [781/1842] pope_random_2074_random_2074
2026-08-18 01:41:37,778 INFO [refresh_grounding_cache] [782/1842] pope_random_2076_random_2076
2026-08-18 01:41:41,326 INFO [refresh_grounding_cache] [783/1842] pope_random_2078_random_2078
2026-08-18 01:41:45,683 INFO [refresh_grounding_cache] [784/1842] pope_random_2079_random_2079
2026-08-18 01:41:50,198 INFO [refresh_grounding_cache] [785/1842] pope_random_2088_random_2088
2026-08-18 01:41:54,247 INFO [refresh_grounding_cache] [786/1842] pope_random_2092_random_2092
2026-08-18 01:41:58,446 INFO [refresh_grounding_cache] [787/1842] pope_random_2097_random_2097
2026-08-18 01:42:02,228 INFO [refresh_grounding_cache] [788/1842] pope_random_2099_random_2099
2026-08-18 01:42:06,160 INFO [refresh_grounding_cache] [789/1842] pope_random_2103_random_2103
2026-08-18 01:42:09,900 INFO [refresh_grounding_cache] [790/1842] pope_random_2104_random_2104
2026-08-18 01:42:14,149 INFO [refresh_grounding_cache] [791/1842] pope_random_2109_random_2109
2026-08-18 01:42:18,989 INFO [refresh_grounding_cache] [792/1842] pope_random_2110_random_2110
2026-08-18 01:42:25,146 INFO [refresh_grounding_cache] [793/1842] pope_random_2121_random_2121
2026-08-18 01:42:29,502 INFO [refresh_grounding_cache] [794/1842] pope_random_2132_random_2132
2026-08-18 01:42:33,509 INFO [refresh_grounding_cache] [795/1842] pope_random_2135_random_2135
2026-08-18 01:42:37,550 INFO [refresh_grounding_cache] [796/1842] pope_random_2137_random_2137
2026-08-18 01:42:40,707 INFO [refresh_grounding_cache] [797/1842] pope_random_2138_random_2138
2026-08-18 01:42:44,881 INFO [refresh_grounding_cache] [798/1842] pope_random_2141_random_2141
2026-08-18 01:42:49,296 INFO [refresh_grounding_cache] [799/1842] pope_random_2149_random_2149
2026-08-18 01:42:52,803 INFO [refresh_grounding_cache] [800/1842] pope_random_2152_random_2152
2026-08-18 01:42:56,768 INFO [refresh_grounding_cache] [801/1842] pope_random_2153_random_2153
2026-08-18 01:43:00,742 INFO [refresh_grounding_cache] [802/1842] pope_random_2154_random_2154
2026-08-18 01:43:05,091 INFO [refresh_grounding_cache] [803/1842] pope_random_2157_random_2157
2026-08-18 01:43:09,081 INFO [refresh_grounding_cache] [804/1842] pope_random_2159_random_2159
2026-08-18 01:43:12,938 INFO [refresh_grounding_cache] [805/1842] pope_random_2161_random_2161
2026-08-18 01:43:17,295 INFO [refresh_grounding_cache] [806/1842] pope_random_2169_random_2169
2026-08-18 01:43:21,760 INFO [refresh_grounding_cache] [807/1842] pope_random_2173_random_2173
2026-08-18 01:43:26,250 INFO [refresh_grounding_cache] [808/1842] pope_random_2174_random_2174
2026-08-18 01:43:30,041 INFO [refresh_grounding_cache] [809/1842] pope_random_2178_random_2178
2026-08-18 01:43:35,256 INFO [refresh_grounding_cache] [810/1842] pope_random_2180_random_2180
2026-08-18 01:43:38,921 INFO [refresh_grounding_cache] [811/1842] pope_random_2182_random_2182
2026-08-18 01:43:44,128 INFO [refresh_grounding_cache] [812/1842] pope_random_2187_random_2187
2026-08-18 01:43:47,993 INFO [refresh_grounding_cache] [813/1842] pope_random_2195_random_2195
2026-08-18 01:43:51,892 INFO [refresh_grounding_cache] [814/1842] pope_random_2197_random_2197
2026-08-18 01:43:54,491 INFO [refresh_grounding_cache] [815/1842] pope_random_2198_random_2198
2026-08-18 01:43:57,774 INFO [refresh_grounding_cache] [816/1842] pope_random_2203_random_2203
2026-08-18 01:44:01,214 INFO [refresh_grounding_cache] [817/1842] pope_random_2206_random_2206
2026-08-18 01:44:04,821 INFO [refresh_grounding_cache] [818/1842] pope_random_2215_random_2215
2026-08-18 01:44:08,728 INFO [refresh_grounding_cache] [819/1842] pope_random_2223_random_2223
2026-08-18 01:44:13,077 INFO [refresh_grounding_cache] [820/1842] pope_random_2226_random_2226
2026-08-18 01:44:17,384 INFO [refresh_grounding_cache] [821/1842] pope_random_2229_random_2229
2026-08-18 01:44:21,049 INFO [refresh_grounding_cache] [822/1842] pope_random_2231_random_2231
2026-08-18 01:44:25,115 INFO [refresh_grounding_cache] [823/1842] pope_random_2235_random_2235
2026-08-18 01:44:28,963 INFO [refresh_grounding_cache] [824/1842] pope_random_2237_random_2237
2026-08-18 01:44:32,862 INFO [refresh_grounding_cache] [825/1842] pope_random_2238_random_2238
2026-08-18 01:44:36,920 INFO [refresh_grounding_cache] [826/1842] pope_random_2239_random_2239
2026-08-18 01:44:40,310 INFO [refresh_grounding_cache] [827/1842] pope_random_2244_random_2244
2026-08-18 01:44:44,542 INFO [refresh_grounding_cache] [828/1842] pope_random_2246_random_2246
2026-08-18 01:44:48,440 INFO [refresh_grounding_cache] [829/1842] pope_random_2252_random_2252
2026-08-18 01:44:53,039 INFO [refresh_grounding_cache] [830/1842] pope_random_2253_random_2253
2026-08-18 01:44:57,454 INFO [refresh_grounding_cache] [831/1842] pope_random_2258_random_2258
2026-08-18 01:45:00,378 INFO [refresh_grounding_cache] [832/1842] pope_random_2259_random_2259
2026-08-18 01:45:04,002 INFO [refresh_grounding_cache] [833/1842] pope_random_2263_random_2263
2026-08-18 01:45:07,968 INFO [refresh_grounding_cache] [834/1842] pope_random_2266_random_2266
2026-08-18 01:45:11,033 INFO [refresh_grounding_cache] [835/1842] pope_random_2267_random_2267
2026-08-18 01:45:14,466 INFO [refresh_grounding_cache] [836/1842] pope_random_2268_random_2268
2026-08-18 01:45:18,414 INFO [refresh_grounding_cache] [837/1842] pope_random_2279_random_2279
2026-08-18 01:45:22,413 INFO [refresh_grounding_cache] [838/1842] pope_random_2280_random_2280
2026-08-18 01:45:26,453 INFO [refresh_grounding_cache] [839/1842] pope_random_2286_random_2286
2026-08-18 01:45:30,302 INFO [refresh_grounding_cache] [840/1842] pope_random_2287_random_2287
2026-08-18 01:45:34,759 INFO [refresh_grounding_cache] [841/1842] pope_random_2292_random_2292
2026-08-18 01:45:40,866 INFO [refresh_grounding_cache] [842/1842] pope_random_2300_random_2300
2026-08-18 01:45:44,473 INFO [refresh_grounding_cache] [843/1842] pope_random_2310_random_2310
2026-08-18 01:45:48,321 INFO [refresh_grounding_cache] [844/1842] pope_random_2321_random_2321
2026-08-18 01:45:52,245 INFO [refresh_grounding_cache] [845/1842] pope_random_2322_random_2322
2026-08-18 01:45:55,619 INFO [refresh_grounding_cache] [846/1842] pope_random_2324_random_2324
2026-08-18 01:45:59,759 INFO [refresh_grounding_cache] [847/1842] pope_random_2327_random_2327
2026-08-18 01:46:03,791 INFO [refresh_grounding_cache] [848/1842] pope_random_2329_random_2329
2026-08-18 01:46:08,190 INFO [refresh_grounding_cache] [849/1842] pope_random_2336_random_2336
2026-08-18 01:46:12,730 INFO [refresh_grounding_cache] [850/1842] pope_random_2343_random_2343
2026-08-18 01:46:17,753 INFO [refresh_grounding_cache] [851/1842] pope_random_2345_random_2345
2026-08-18 01:46:22,035 INFO [refresh_grounding_cache] [852/1842] pope_random_2348_random_2348
2026-08-18 01:46:26,992 INFO [refresh_grounding_cache] [853/1842] pope_random_2356_random_2356
2026-08-18 01:46:32,140 INFO [refresh_grounding_cache] [854/1842] pope_random_2365_random_2365
2026-08-18 01:46:36,022 INFO [refresh_grounding_cache] [855/1842] pope_random_2367_random_2367
2026-08-18 01:46:39,771 INFO [refresh_grounding_cache] [856/1842] pope_random_2377_random_2377
2026-08-18 01:46:44,036 INFO [refresh_grounding_cache] [857/1842] pope_random_2381_random_2381
2026-08-18 01:46:48,926 INFO [refresh_grounding_cache] [858/1842] pope_random_2385_random_2385
2026-08-18 01:46:53,675 INFO [refresh_grounding_cache] [859/1842] pope_random_2393_random_2393
2026-08-18 01:46:57,182 INFO [refresh_grounding_cache] [860/1842] pope_random_2394_random_2394
2026-08-18 01:47:01,864 INFO [refresh_grounding_cache] [861/1842] pope_random_2396_random_2396
2026-08-18 01:47:07,612 INFO [refresh_grounding_cache] [862/1842] pope_random_2406_random_2406
2026-08-18 01:47:11,611 INFO [refresh_grounding_cache] [863/1842] pope_random_2409_random_2409
2026-08-18 01:47:15,609 INFO [refresh_grounding_cache] [864/1842] pope_random_2412_random_2412
2026-08-18 01:47:20,291 INFO [refresh_grounding_cache] [865/1842] pope_random_2413_random_2413
2026-08-18 01:47:24,507 INFO [refresh_grounding_cache] [866/1842] pope_random_2414_random_2414
2026-08-18 01:47:29,771 INFO [refresh_grounding_cache] [867/1842] pope_random_2416_random_2416
2026-08-18 01:47:34,978 INFO [refresh_grounding_cache] [868/1842] pope_random_2419_random_2419
2026-08-18 01:47:39,943 INFO [refresh_grounding_cache] [869/1842] pope_random_2424_random_2424
2026-08-18 01:47:43,300 INFO [refresh_grounding_cache] [870/1842] pope_random_2434_random_2434
2026-08-18 01:47:48,407 INFO [refresh_grounding_cache] [871/1842] pope_random_2435_random_2435
2026-08-18 01:47:52,831 INFO [refresh_grounding_cache] [872/1842] pope_random_2454_random_2454
2026-08-18 01:47:56,688 INFO [refresh_grounding_cache] [873/1842] pope_random_2462_random_2462
2026-08-18 01:48:00,953 INFO [refresh_grounding_cache] [874/1842] pope_random_2464_random_2464
2026-08-18 01:48:04,494 INFO [refresh_grounding_cache] [875/1842] pope_random_2467_random_2467
2026-08-18 01:48:09,000 INFO [refresh_grounding_cache] [876/1842] pope_random_2472_random_2472
2026-08-18 01:48:12,999 INFO [refresh_grounding_cache] [877/1842] pope_random_2477_random_2477
2026-08-18 01:48:16,256 INFO [refresh_grounding_cache] [878/1842] pope_random_2481_random_2481
2026-08-18 01:48:19,989 INFO [refresh_grounding_cache] [879/1842] pope_random_2482_random_2482
2026-08-18 01:48:24,145 INFO [refresh_grounding_cache] [880/1842] pope_random_2484_random_2484
2026-08-18 01:48:28,852 INFO [refresh_grounding_cache] [881/1842] pope_random_2494_random_2494
2026-08-18 01:48:32,793 INFO [refresh_grounding_cache] [882/1842] pope_random_2497_random_2497
2026-08-18 01:48:36,375 INFO [refresh_grounding_cache] [883/1842] pope_random_2499_random_2499
2026-08-18 01:48:39,890 INFO [refresh_grounding_cache] [884/1842] pope_random_2507_random_2507
2026-08-18 01:48:43,489 INFO [refresh_grounding_cache] [885/1842] pope_random_2512_random_2512
2026-08-18 01:48:48,321 INFO [refresh_grounding_cache] [886/1842] pope_random_2513_random_2513
2026-08-18 01:48:52,653 INFO [refresh_grounding_cache] [887/1842] pope_random_2518_random_2518
2026-08-18 01:48:57,435 INFO [refresh_grounding_cache] [888/1842] pope_random_2523_random_2523
2026-08-18 01:49:01,833 INFO [refresh_grounding_cache] [889/1842] pope_random_2524_random_2524
2026-08-18 01:49:06,981 INFO [refresh_grounding_cache] [890/1842] pope_random_2526_random_2526
2026-08-18 01:49:10,047 INFO [refresh_grounding_cache] [891/1842] pope_random_2529_random_2529
2026-08-18 01:49:13,696 INFO [refresh_grounding_cache] [892/1842] pope_random_2540_random_2540
2026-08-18 01:49:17,328 INFO [refresh_grounding_cache] [893/1842] pope_random_2547_random_2547
2026-08-18 01:49:20,835 INFO [refresh_grounding_cache] [894/1842] pope_random_2554_random_2554
2026-08-18 01:49:24,851 INFO [refresh_grounding_cache] [895/1842] pope_random_2562_random_2562
2026-08-18 01:49:28,691 INFO [refresh_grounding_cache] [896/1842] pope_random_2569_random_2569
2026-08-18 01:49:32,915 INFO [refresh_grounding_cache] [897/1842] pope_random_2570_random_2570
2026-08-18 01:49:36,855 INFO [refresh_grounding_cache] [898/1842] pope_random_2571_random_2571
2026-08-18 01:49:41,562 INFO [refresh_grounding_cache] [899/1842] pope_random_2572_random_2572
2026-08-18 01:49:46,552 INFO [refresh_grounding_cache] [900/1842] pope_random_2578_random_2578
2026-08-18 01:49:50,592 INFO [refresh_grounding_cache] [901/1842] pope_random_2580_random_2580
2026-08-18 01:49:54,224 INFO [refresh_grounding_cache] [902/1842] pope_random_2583_random_2583
2026-08-18 01:49:58,631 INFO [refresh_grounding_cache] [903/1842] pope_random_2584_random_2584
2026-08-18 01:50:02,797 INFO [refresh_grounding_cache] [904/1842] pope_random_2588_random_2588
2026-08-18 01:50:06,312 INFO [refresh_grounding_cache] [905/1842] pope_random_2590_random_2590
2026-08-18 01:50:11,036 INFO [refresh_grounding_cache] [906/1842] pope_random_2595_random_2595
2026-08-18 01:50:14,735 INFO [refresh_grounding_cache] [907/1842] pope_random_2598_random_2598
2026-08-18 01:50:19,725 INFO [refresh_grounding_cache] [908/1842] pope_random_2601_random_2601
2026-08-18 01:50:24,448 INFO [refresh_grounding_cache] [909/1842] pope_random_2604_random_2604
2026-08-18 01:50:29,313 INFO [refresh_grounding_cache] [910/1842] pope_random_2606_random_2606
2026-08-18 01:50:34,445 INFO [refresh_grounding_cache] [911/1842] pope_random_2613_random_2613
2026-08-18 01:50:39,068 INFO [refresh_grounding_cache] [912/1842] pope_random_2618_random_2618
2026-08-18 01:50:42,801 INFO [refresh_grounding_cache] [913/1842] pope_random_2619_random_2619
2026-08-18 01:50:46,616 INFO [refresh_grounding_cache] [914/1842] pope_random_2620_random_2620
2026-08-18 01:50:50,965 INFO [refresh_grounding_cache] [915/1842] pope_random_2624_random_2624
2026-08-18 01:50:54,805 INFO [refresh_grounding_cache] [916/1842] pope_random_2626_random_2626
2026-08-18 01:50:58,545 INFO [refresh_grounding_cache] [917/1842] pope_random_2632_random_2632
2026-08-18 01:51:02,511 INFO [refresh_grounding_cache] [918/1842] pope_random_2633_random_2633
2026-08-18 01:51:06,676 INFO [refresh_grounding_cache] [919/1842] pope_random_2638_random_2638
2026-08-18 01:51:12,274 INFO [refresh_grounding_cache] [920/1842] pope_random_2639_random_2639
2026-08-18 01:51:16,831 INFO [refresh_grounding_cache] [921/1842] pope_random_2640_random_2640
2026-08-18 01:51:21,088 INFO [refresh_grounding_cache] [922/1842] pope_random_2642_random_2642
2026-08-18 01:51:25,078 INFO [refresh_grounding_cache] [923/1842] pope_random_2646_random_2646
2026-08-18 01:51:29,377 INFO [refresh_grounding_cache] [924/1842] pope_random_2649_random_2649
2026-08-18 01:51:33,826 INFO [refresh_grounding_cache] [925/1842] pope_random_2650_random_2650
2026-08-18 01:51:38,799 INFO [refresh_grounding_cache] [926/1842] pope_random_2656_random_2656
2026-08-18 01:51:42,073 INFO [refresh_grounding_cache] [927/1842] pope_random_2663_random_2663
2026-08-18 01:51:45,863 INFO [refresh_grounding_cache] [928/1842] pope_random_2665_random_2665
2026-08-18 01:51:49,454 INFO [refresh_grounding_cache] [929/1842] pope_random_2666_random_2666
2026-08-18 01:51:53,278 INFO [refresh_grounding_cache] [930/1842] pope_random_2667_random_2667
2026-08-18 01:51:57,401 INFO [refresh_grounding_cache] [931/1842] pope_random_2669_random_2669
2026-08-18 01:52:01,542 INFO [refresh_grounding_cache] [932/1842] pope_random_2670_random_2670
2026-08-18 01:52:05,732 INFO [refresh_grounding_cache] [933/1842] pope_random_2671_random_2671
2026-08-18 01:52:09,222 INFO [refresh_grounding_cache] [934/1842] pope_random_2672_random_2672
2026-08-18 01:52:13,054 INFO [refresh_grounding_cache] [935/1842] pope_random_2673_random_2673
2026-08-18 01:52:17,170 INFO [refresh_grounding_cache] [936/1842] pope_random_2676_random_2676
2026-08-18 01:52:20,860 INFO [refresh_grounding_cache] [937/1842] pope_random_2681_random_2681
2026-08-18 01:52:25,259 INFO [refresh_grounding_cache] [938/1842] pope_random_2683_random_2683
2026-08-18 01:52:29,282 INFO [refresh_grounding_cache] [939/1842] pope_random_2688_random_2688
2026-08-18 01:52:32,990 INFO [refresh_grounding_cache] [940/1842] pope_random_2691_random_2691
2026-08-18 01:52:36,547 INFO [refresh_grounding_cache] [941/1842] pope_random_2692_random_2692
2026-08-18 01:52:39,263 INFO [refresh_grounding_cache] [942/1842] pope_random_2694_random_2694
2026-08-18 01:52:44,828 INFO [refresh_grounding_cache] [943/1842] pope_random_2703_random_2703
2026-08-18 01:52:48,235 INFO [refresh_grounding_cache] [944/1842] pope_random_2706_random_2706
2026-08-18 01:52:51,925 INFO [refresh_grounding_cache] [945/1842] pope_random_2707_random_2707
2026-08-18 01:52:56,132 INFO [refresh_grounding_cache] [946/1842] pope_random_2713_random_2713
2026-08-18 01:53:00,781 INFO [refresh_grounding_cache] [947/1842] pope_random_2723_random_2723
2026-08-18 01:53:05,512 INFO [refresh_grounding_cache] [948/1842] pope_random_2726_random_2726
2026-08-18 01:53:09,436 INFO [refresh_grounding_cache] [949/1842] pope_random_2727_random_2727
2026-08-18 01:53:12,918 INFO [refresh_grounding_cache] [950/1842] pope_random_2734_random_2734
2026-08-18 01:53:16,426 INFO [refresh_grounding_cache] [951/1842] pope_random_2742_random_2742
2026-08-18 01:53:20,574 INFO [refresh_grounding_cache] [952/1842] pope_random_2744_random_2744
2026-08-18 01:53:25,414 INFO [refresh_grounding_cache] [953/1842] pope_random_2746_random_2746
2026-08-18 01:53:31,421 INFO [refresh_grounding_cache] [954/1842] pope_random_2750_random_2750
2026-08-18 01:53:35,952 INFO [refresh_grounding_cache] [955/1842] pope_random_2754_random_2754
2026-08-18 01:53:38,710 INFO [refresh_grounding_cache] [956/1842] pope_random_2757_random_2757
2026-08-18 01:53:42,100 INFO [refresh_grounding_cache] [957/1842] pope_random_2759_random_2759
2026-08-18 01:53:45,524 INFO [refresh_grounding_cache] [958/1842] pope_random_2762_random_2762
2026-08-18 01:53:49,865 INFO [refresh_grounding_cache] [959/1842] pope_random_2763_random_2763
2026-08-18 01:53:53,888 INFO [refresh_grounding_cache] [960/1842] pope_random_2766_random_2766
2026-08-18 01:53:58,495 INFO [refresh_grounding_cache] [961/1842] pope_random_2769_random_2769
2026-08-18 01:54:02,627 INFO [refresh_grounding_cache] [962/1842] pope_random_2773_random_2773
2026-08-18 01:54:06,201 INFO [refresh_grounding_cache] [963/1842] pope_random_2776_random_2776
2026-08-18 01:54:10,658 INFO [refresh_grounding_cache] [964/1842] pope_random_2777_random_2777
2026-08-18 01:54:14,931 INFO [refresh_grounding_cache] [965/1842] pope_random_2781_random_2781
2026-08-18 01:54:18,672 INFO [refresh_grounding_cache] [966/1842] pope_random_2788_random_2788
2026-08-18 01:54:22,404 INFO [refresh_grounding_cache] [967/1842] pope_random_2794_random_2794
2026-08-18 01:54:26,728 INFO [refresh_grounding_cache] [968/1842] pope_random_2798_random_2798
2026-08-18 01:54:31,034 INFO [refresh_grounding_cache] [969/1842] pope_random_2808_random_2808
2026-08-18 01:54:35,516 INFO [refresh_grounding_cache] [970/1842] pope_random_2809_random_2809
2026-08-18 01:54:39,098 INFO [refresh_grounding_cache] [971/1842] pope_random_2810_random_2810
2026-08-18 01:54:42,672 INFO [refresh_grounding_cache] [972/1842] pope_random_2811_random_2811
2026-08-18 01:54:47,029 INFO [refresh_grounding_cache] [973/1842] pope_random_2818_random_2818
2026-08-18 01:54:52,477 INFO [refresh_grounding_cache] [974/1842] pope_random_2823_random_2823
2026-08-18 01:54:56,651 INFO [refresh_grounding_cache] [975/1842] pope_random_2824_random_2824
2026-08-18 01:55:00,983 INFO [refresh_grounding_cache] [976/1842] pope_random_2828_random_2828
2026-08-18 01:55:05,240 INFO [refresh_grounding_cache] [977/1842] pope_random_2838_random_2838
2026-08-18 01:55:09,722 INFO [refresh_grounding_cache] [978/1842] pope_random_2839_random_2839
2026-08-18 01:55:13,795 INFO [refresh_grounding_cache] [979/1842] pope_random_2850_random_2850
2026-08-18 01:55:17,744 INFO [refresh_grounding_cache] [980/1842] pope_random_2851_random_2851
2026-08-18 01:55:22,076 INFO [refresh_grounding_cache] [981/1842] pope_random_2852_random_2852
2026-08-18 01:55:25,775 INFO [refresh_grounding_cache] [982/1842] pope_random_2856_random_2856
2026-08-18 01:55:29,316 INFO [refresh_grounding_cache] [983/1842] pope_random_2861_random_2861
2026-08-18 01:55:32,873 INFO [refresh_grounding_cache] [984/1842] pope_random_2863_random_2863
2026-08-18 01:55:36,514 INFO [refresh_grounding_cache] [985/1842] pope_random_2869_random_2869
2026-08-18 01:55:40,154 INFO [refresh_grounding_cache] [986/1842] pope_random_2879_random_2879
2026-08-18 01:55:44,169 INFO [refresh_grounding_cache] [987/1842] pope_random_2885_random_2885
2026-08-18 01:55:49,326 INFO [refresh_grounding_cache] [988/1842] pope_random_2889_random_2889
2026-08-18 01:55:52,942 INFO [refresh_grounding_cache] [989/1842] pope_random_2893_random_2893
2026-08-18 01:55:56,765 INFO [refresh_grounding_cache] [990/1842] pope_random_2896_random_2896
2026-08-18 01:56:00,881 INFO [refresh_grounding_cache] [991/1842] pope_random_2897_random_2897
2026-08-18 01:56:04,713 INFO [refresh_grounding_cache] [992/1842] pope_random_2901_random_2901
2026-08-18 01:56:08,678 INFO [refresh_grounding_cache] [993/1842] pope_random_2903_random_2903
2026-08-18 01:56:12,627 INFO [refresh_grounding_cache] [994/1842] pope_random_2904_random_2904
2026-08-18 01:56:17,067 INFO [refresh_grounding_cache] [995/1842] pope_random_2914_random_2914
2026-08-18 01:56:21,266 INFO [refresh_grounding_cache] [996/1842] pope_random_2923_random_2923
2026-08-18 01:56:25,198 INFO [refresh_grounding_cache] [997/1842] pope_random_2927_random_2927
2026-08-18 01:56:28,238 INFO [refresh_grounding_cache] [998/1842] pope_random_2936_random_2936
2026-08-18 01:56:33,920 INFO [refresh_grounding_cache] [999/1842] pope_random_2940_random_2940
2026-08-18 01:56:39,385 INFO [refresh_grounding_cache] [1000/1842] pope_random_2942_random_2942
2026-08-18 01:56:43,958 INFO [refresh_grounding_cache] [1001/1842] pope_random_2947_random_2947
2026-08-18 01:56:48,257 INFO [refresh_grounding_cache] [1002/1842] pope_random_2959_random_2959
2026-08-18 01:56:52,755 INFO [refresh_grounding_cache] [1003/1842] pope_random_2960_random_2960
2026-08-18 01:56:55,854 INFO [refresh_grounding_cache] [1004/1842] pope_random_2961_random_2961
2026-08-18 01:56:59,920 INFO [refresh_grounding_cache] [1005/1842] pope_random_2964_random_2964
2026-08-18 01:57:04,085 INFO [refresh_grounding_cache] [1006/1842] pope_random_2974_random_2974
2026-08-18 01:57:08,367 INFO [refresh_grounding_cache] [1007/1842] pope_random_2976_random_2976
2026-08-18 01:57:12,391 INFO [refresh_grounding_cache] [1008/1842] pope_random_2979_random_2979
2026-08-18 01:57:16,514 INFO [refresh_grounding_cache] [1009/1842] pope_random_2985_random_2985
2026-08-18 01:57:19,763 INFO [refresh_grounding_cache] [1010/1842] pope_random_2993_random_2993
2026-08-18 01:57:23,704 INFO [refresh_grounding_cache] [1011/1842] vizwiz_VizWiz_val_00000001_1
2026-08-18 01:57:28,419 INFO [refresh_grounding_cache] [1012/1842] vizwiz_VizWiz_val_00000011_11
2026-08-18 01:57:31,643 INFO [refresh_grounding_cache] [1013/1842] vizwiz_VizWiz_val_00000018_18
2026-08-18 01:57:35,933 INFO [refresh_grounding_cache] [1014/1842] vizwiz_VizWiz_val_00000020_20
2026-08-18 01:57:39,174 INFO [refresh_grounding_cache] [1015/1842] vizwiz_VizWiz_val_00000024_24
2026-08-18 01:57:46,013 INFO [refresh_grounding_cache] [1016/1842] vizwiz_VizWiz_val_00000026_26
2026-08-18 01:57:49,762 INFO [refresh_grounding_cache] [1017/1842] vizwiz_VizWiz_val_00000028_28
2026-08-18 01:57:52,294 INFO [refresh_grounding_cache] [1018/1842] vizwiz_VizWiz_val_00000029_29
2026-08-18 01:57:57,984 INFO [refresh_grounding_cache] [1019/1842] vizwiz_VizWiz_val_00000030_30
2026-08-18 01:58:01,958 INFO [refresh_grounding_cache] [1020/1842] vizwiz_VizWiz_val_00000036_36
2026-08-18 01:58:06,523 INFO [refresh_grounding_cache] [1021/1842] vizwiz_VizWiz_val_00000042_42
2026-08-18 01:58:10,105 INFO [refresh_grounding_cache] [1022/1842] vizwiz_VizWiz_val_00000046_46
2026-08-18 01:58:15,337 INFO [refresh_grounding_cache] [1023/1842] vizwiz_VizWiz_val_00000063_63
2026-08-18 01:58:19,702 INFO [refresh_grounding_cache] [1024/1842] vizwiz_VizWiz_val_00000064_64
2026-08-18 01:58:22,518 INFO [refresh_grounding_cache] [1025/1842] vizwiz_VizWiz_val_00000065_65
2026-08-18 01:58:27,891 INFO [refresh_grounding_cache] [1026/1842] vizwiz_VizWiz_val_00000069_69
2026-08-18 01:58:32,973 INFO [refresh_grounding_cache] [1027/1842] vizwiz_VizWiz_val_00000070_70
2026-08-18 01:58:39,629 INFO [refresh_grounding_cache] [1028/1842] vizwiz_VizWiz_val_00000072_72
2026-08-18 01:58:43,545 INFO [refresh_grounding_cache] [1029/1842] vizwiz_VizWiz_val_00000078_78
2026-08-18 01:58:50,492 INFO [refresh_grounding_cache] [1030/1842] vizwiz_VizWiz_val_00000079_79
2026-08-18 01:58:53,825 INFO [refresh_grounding_cache] [1031/1842] vizwiz_VizWiz_val_00000082_82
2026-08-18 01:58:58,465 INFO [refresh_grounding_cache] [1032/1842] vizwiz_VizWiz_val_00000089_89
2026-08-18 01:59:05,279 INFO [refresh_grounding_cache] [1033/1842] vizwiz_VizWiz_val_00000092_92
2026-08-18 01:59:09,994 INFO [refresh_grounding_cache] [1034/1842] vizwiz_VizWiz_val_00000094_94
2026-08-18 01:59:16,375 INFO [refresh_grounding_cache] [1035/1842] vizwiz_VizWiz_val_00000099_99
2026-08-18 01:59:26,080 INFO [refresh_grounding_cache] [1036/1842] vizwiz_VizWiz_val_00000106_106
2026-08-18 01:59:30,138 INFO [refresh_grounding_cache] [1037/1842] vizwiz_VizWiz_val_00000108_108
2026-08-18 01:59:36,902 INFO [refresh_grounding_cache] [1038/1842] vizwiz_VizWiz_val_00000109_109
2026-08-18 01:59:40,084 INFO [refresh_grounding_cache] [1039/1842] vizwiz_VizWiz_val_00000110_110
2026-08-18 01:59:44,574 INFO [refresh_grounding_cache] [1040/1842] vizwiz_VizWiz_val_00000112_112
2026-08-18 01:59:49,873 INFO [refresh_grounding_cache] [1041/1842] vizwiz_VizWiz_val_00000118_118
2026-08-18 02:00:00,269 INFO [refresh_grounding_cache] [1042/1842] vizwiz_VizWiz_val_00000124_124
2026-08-18 02:00:02,768 INFO [refresh_grounding_cache] [1043/1842] vizwiz_VizWiz_val_00000129_129
2026-08-18 02:00:06,934 INFO [refresh_grounding_cache] [1044/1842] vizwiz_VizWiz_val_00000131_131
2026-08-18 02:00:10,991 INFO [refresh_grounding_cache] [1045/1842] vizwiz_VizWiz_val_00000132_132
2026-08-18 02:00:18,563 INFO [refresh_grounding_cache] [1046/1842] vizwiz_VizWiz_val_00000133_133
2026-08-18 02:00:23,045 INFO [refresh_grounding_cache] [1047/1842] vizwiz_VizWiz_val_00000136_136
2026-08-18 02:00:30,884 INFO [refresh_grounding_cache] [1048/1842] vizwiz_VizWiz_val_00000137_137
2026-08-18 02:00:37,166 INFO [refresh_grounding_cache] [1049/1842] vizwiz_VizWiz_val_00000139_139
2026-08-18 02:00:48,745 INFO [refresh_grounding_cache] [1050/1842] vizwiz_VizWiz_val_00000140_140
2026-08-18 02:00:56,501 INFO [refresh_grounding_cache] [1051/1842] vizwiz_VizWiz_val_00000143_143
2026-08-18 02:01:01,541 INFO [refresh_grounding_cache] [1052/1842] vizwiz_VizWiz_val_00000145_145
2026-08-18 02:01:06,223 INFO [refresh_grounding_cache] [1053/1842] vizwiz_VizWiz_val_00000146_146
2026-08-18 02:01:11,463 INFO [refresh_grounding_cache] [1054/1842] vizwiz_VizWiz_val_00000147_147
2026-08-18 02:01:16,003 INFO [refresh_grounding_cache] [1055/1842] vizwiz_VizWiz_val_00000148_148
2026-08-18 02:01:24,100 INFO [refresh_grounding_cache] [1056/1842] vizwiz_VizWiz_val_00000149_149
2026-08-18 02:01:27,366 INFO [refresh_grounding_cache] [1057/1842] vizwiz_VizWiz_val_00000151_151
2026-08-18 02:01:32,564 INFO [refresh_grounding_cache] [1058/1842] vizwiz_VizWiz_val_00000159_159
2026-08-18 02:01:38,995 INFO [refresh_grounding_cache] [1059/1842] vizwiz_VizWiz_val_00000163_163
2026-08-18 02:01:41,553 INFO [refresh_grounding_cache] [1060/1842] vizwiz_VizWiz_val_00000164_164
2026-08-18 02:01:45,668 INFO [refresh_grounding_cache] [1061/1842] vizwiz_VizWiz_val_00000166_166
2026-08-18 02:01:50,950 INFO [refresh_grounding_cache] [1062/1842] vizwiz_VizWiz_val_00000177_177
2026-08-18 02:01:57,140 INFO [refresh_grounding_cache] [1063/1842] vizwiz_VizWiz_val_00000186_186
2026-08-18 02:02:02,430 INFO [refresh_grounding_cache] [1064/1842] vizwiz_VizWiz_val_00000189_189
2026-08-18 02:02:08,086 INFO [refresh_grounding_cache] [1065/1842] vizwiz_VizWiz_val_00000191_191
2026-08-18 02:02:11,310 INFO [refresh_grounding_cache] [1066/1842] vizwiz_VizWiz_val_00000192_192
2026-08-18 02:02:14,092 INFO [refresh_grounding_cache] [1067/1842] vizwiz_VizWiz_val_00000193_193
2026-08-18 02:02:20,199 INFO [refresh_grounding_cache] [1068/1842] vizwiz_VizWiz_val_00000195_195
2026-08-18 02:02:29,162 INFO [refresh_grounding_cache] [1069/1842] vizwiz_VizWiz_val_00000197_197
2026-08-18 02:02:33,911 INFO [refresh_grounding_cache] [1070/1842] vizwiz_VizWiz_val_00000200_200
2026-08-18 02:02:38,718 INFO [refresh_grounding_cache] [1071/1842] vizwiz_VizWiz_val_00000202_202
2026-08-18 02:02:44,166 INFO [refresh_grounding_cache] [1072/1842] vizwiz_VizWiz_val_00000203_203
2026-08-18 02:02:46,590 INFO [refresh_grounding_cache] [1073/1842] vizwiz_VizWiz_val_00000204_204
2026-08-18 02:02:50,980 INFO [refresh_grounding_cache] [1074/1842] vizwiz_VizWiz_val_00000206_206
2026-08-18 02:02:54,896 INFO [refresh_grounding_cache] [1075/1842] vizwiz_VizWiz_val_00000210_210
2026-08-18 02:02:59,902 INFO [refresh_grounding_cache] [1076/1842] vizwiz_VizWiz_val_00000216_216
2026-08-18 02:03:03,735 INFO [refresh_grounding_cache] [1077/1842] vizwiz_VizWiz_val_00000221_221
2026-08-18 02:03:09,074 INFO [refresh_grounding_cache] [1078/1842] vizwiz_VizWiz_val_00000224_224
2026-08-18 02:03:12,898 INFO [refresh_grounding_cache] [1079/1842] vizwiz_VizWiz_val_00000225_225
2026-08-18 02:03:17,380 INFO [refresh_grounding_cache] [1080/1842] vizwiz_VizWiz_val_00000229_229
2026-08-18 02:03:22,370 INFO [refresh_grounding_cache] [1081/1842] vizwiz_VizWiz_val_00000236_236
2026-08-18 02:03:25,886 INFO [refresh_grounding_cache] [1082/1842] vizwiz_VizWiz_val_00000238_238
2026-08-18 02:03:31,434 INFO [refresh_grounding_cache] [1083/1842] vizwiz_VizWiz_val_00000242_242
2026-08-18 02:03:37,165 INFO [refresh_grounding_cache] [1084/1842] vizwiz_VizWiz_val_00000244_244
2026-08-18 02:03:40,398 INFO [refresh_grounding_cache] [1085/1842] vizwiz_VizWiz_val_00000248_248
2026-08-18 02:03:47,245 INFO [refresh_grounding_cache] [1086/1842] vizwiz_VizWiz_val_00000250_250
2026-08-18 02:03:53,460 INFO [refresh_grounding_cache] [1087/1842] vizwiz_VizWiz_val_00000252_252
2026-08-18 02:03:59,500 INFO [refresh_grounding_cache] [1088/1842] vizwiz_VizWiz_val_00000260_260
2026-08-18 02:04:08,355 INFO [refresh_grounding_cache] [1089/1842] vizwiz_VizWiz_val_00000271_271
2026-08-18 02:04:12,229 INFO [refresh_grounding_cache] [1090/1842] vizwiz_VizWiz_val_00000279_279
2026-08-18 02:04:16,727 INFO [refresh_grounding_cache] [1091/1842] vizwiz_VizWiz_val_00000283_283
2026-08-18 02:04:21,160 INFO [refresh_grounding_cache] [1092/1842] vizwiz_VizWiz_val_00000284_284
2026-08-18 02:04:24,933 INFO [refresh_grounding_cache] [1093/1842] vizwiz_VizWiz_val_00000287_287
2026-08-18 02:04:28,998 INFO [refresh_grounding_cache] [1094/1842] vizwiz_VizWiz_val_00000290_290
2026-08-18 02:04:37,137 INFO [refresh_grounding_cache] [1095/1842] vizwiz_VizWiz_val_00000291_291
2026-08-18 02:04:42,202 INFO [refresh_grounding_cache] [1096/1842] vizwiz_VizWiz_val_00000293_293
2026-08-18 02:04:45,768 INFO [refresh_grounding_cache] [1097/1842] vizwiz_VizWiz_val_00000303_303
2026-08-18 02:04:49,966 INFO [refresh_grounding_cache] [1098/1842] vizwiz_VizWiz_val_00000305_305
2026-08-18 02:04:52,957 INFO [refresh_grounding_cache] [1099/1842] vizwiz_VizWiz_val_00000313_313
2026-08-18 02:05:02,246 INFO [refresh_grounding_cache] [1100/1842] vizwiz_VizWiz_val_00000318_318
2026-08-18 02:05:04,812 INFO [refresh_grounding_cache] [1101/1842] vizwiz_VizWiz_val_00000321_321
2026-08-18 02:05:08,069 INFO [refresh_grounding_cache] [1102/1842] vizwiz_VizWiz_val_00000329_329
2026-08-18 02:05:22,422 INFO [refresh_grounding_cache] [1103/1842] vizwiz_VizWiz_val_00000330_330
2026-08-18 02:05:27,721 INFO [refresh_grounding_cache] [1104/1842] vizwiz_VizWiz_val_00000335_335
2026-08-18 02:05:31,678 INFO [refresh_grounding_cache] [1105/1842] vizwiz_VizWiz_val_00000336_336
2026-08-18 02:05:35,218 INFO [refresh_grounding_cache] [1106/1842] vizwiz_VizWiz_val_00000338_338
2026-08-18 02:05:40,133 INFO [refresh_grounding_cache] [1107/1842] vizwiz_VizWiz_val_00000340_340
2026-08-18 02:05:43,765 INFO [refresh_grounding_cache] [1108/1842] vizwiz_VizWiz_val_00000341_341
2026-08-18 02:05:49,205 INFO [refresh_grounding_cache] [1109/1842] vizwiz_VizWiz_val_00000347_347
2026-08-18 02:05:55,195 INFO [refresh_grounding_cache] [1110/1842] vizwiz_VizWiz_val_00000356_356
2026-08-18 02:05:58,577 INFO [refresh_grounding_cache] [1111/1842] vizwiz_VizWiz_val_00000361_361
2026-08-18 02:06:02,876 INFO [refresh_grounding_cache] [1112/1842] vizwiz_VizWiz_val_00000365_365
2026-08-18 02:06:06,958 INFO [refresh_grounding_cache] [1113/1842] vizwiz_VizWiz_val_00000368_368
2026-08-18 02:06:12,856 INFO [refresh_grounding_cache] [1114/1842] vizwiz_VizWiz_val_00000371_371
2026-08-18 02:06:16,597 INFO [refresh_grounding_cache] [1115/1842] vizwiz_VizWiz_val_00000381_381
2026-08-18 02:06:21,687 INFO [refresh_grounding_cache] [1116/1842] vizwiz_VizWiz_val_00000383_383
2026-08-18 02:06:26,410 INFO [refresh_grounding_cache] [1117/1842] vizwiz_VizWiz_val_00000389_389
2026-08-18 02:06:30,759 INFO [refresh_grounding_cache] [1118/1842] vizwiz_VizWiz_val_00000394_394
2026-08-18 02:06:33,908 INFO [refresh_grounding_cache] [1119/1842] vizwiz_VizWiz_val_00000402_402
2026-08-18 02:06:37,115 INFO [refresh_grounding_cache] [1120/1842] vizwiz_VizWiz_val_00000404_404
2026-08-18 02:06:43,871 INFO [refresh_grounding_cache] [1121/1842] vizwiz_VizWiz_val_00000412_412
2026-08-18 02:06:48,186 INFO [refresh_grounding_cache] [1122/1842] vizwiz_VizWiz_val_00000416_416
2026-08-18 02:06:53,768 INFO [refresh_grounding_cache] [1123/1842] vizwiz_VizWiz_val_00000421_421
2026-08-18 02:06:58,516 INFO [refresh_grounding_cache] [1124/1842] vizwiz_VizWiz_val_00000422_422
2026-08-18 02:07:07,997 INFO [refresh_grounding_cache] [1125/1842] vizwiz_VizWiz_val_00000424_424
2026-08-18 02:07:11,462 INFO [refresh_grounding_cache] [1126/1842] vizwiz_VizWiz_val_00000426_426
2026-08-18 02:07:18,501 INFO [refresh_grounding_cache] [1127/1842] vizwiz_VizWiz_val_00000430_430
2026-08-18 02:07:21,884 INFO [refresh_grounding_cache] [1128/1842] vizwiz_VizWiz_val_00000440_440
2026-08-18 02:07:27,015 INFO [refresh_grounding_cache] [1129/1842] vizwiz_VizWiz_val_00000441_441
2026-08-18 02:07:34,038 INFO [refresh_grounding_cache] [1130/1842] vizwiz_VizWiz_val_00000444_444
2026-08-18 02:07:39,045 INFO [refresh_grounding_cache] [1131/1842] vizwiz_VizWiz_val_00000446_446
2026-08-18 02:07:43,152 INFO [refresh_grounding_cache] [1132/1842] vizwiz_VizWiz_val_00000458_458
2026-08-18 02:07:45,984 INFO [refresh_grounding_cache] [1133/1842] vizwiz_VizWiz_val_00000461_461
2026-08-18 02:07:51,216 INFO [refresh_grounding_cache] [1134/1842] vizwiz_VizWiz_val_00000463_463
2026-08-18 02:07:59,638 INFO [refresh_grounding_cache] [1135/1842] vizwiz_VizWiz_val_00000465_465
2026-08-18 02:08:05,869 INFO [refresh_grounding_cache] [1136/1842] vizwiz_VizWiz_val_00000471_471
2026-08-18 02:08:10,759 INFO [refresh_grounding_cache] [1137/1842] vizwiz_VizWiz_val_00000480_480
2026-08-18 02:08:14,883 INFO [refresh_grounding_cache] [1138/1842] vizwiz_VizWiz_val_00000483_483
2026-08-18 02:08:23,838 INFO [refresh_grounding_cache] [1139/1842] vizwiz_VizWiz_val_00000486_486
2026-08-18 02:08:26,704 INFO [refresh_grounding_cache] [1140/1842] vizwiz_VizWiz_val_00000487_487
2026-08-18 02:08:32,169 INFO [refresh_grounding_cache] [1141/1842] vizwiz_VizWiz_val_00000491_491
2026-08-18 02:09:03,075 ERROR [refresh_grounding_cache] Grounding refresh failed for vizwiz_VizWiz_val_00000491_491: Missing FINAL_ANSWER tag and unable to resolve valid final answer
Traceback (most recent call last):
  File "/home/aman/ProActive/scripts/refresh_grounding_cache.py", line 403, in main
    raise ValueError(observation.invalid_reason or "invalid grounding refresh")
ValueError: Missing FINAL_ANSWER tag and unable to resolve valid final answer
2026-08-18 02:09:03,076 INFO [refresh_grounding_cache] [1142/1842] vizwiz_VizWiz_val_00000493_493
2026-08-18 02:09:05,899 INFO [refresh_grounding_cache] [1143/1842] vizwiz_VizWiz_val_00000503_503
2026-08-18 02:09:10,106 INFO [refresh_grounding_cache] [1144/1842] vizwiz_VizWiz_val_00000510_510
2026-08-18 02:09:13,747 INFO [refresh_grounding_cache] [1145/1842] vizwiz_VizWiz_val_00000514_514
2026-08-18 02:09:18,495 INFO [refresh_grounding_cache] [1146/1842] vizwiz_VizWiz_val_00000515_515
2026-08-18 02:09:24,210 INFO [refresh_grounding_cache] [1147/1842] vizwiz_VizWiz_val_00000519_519
2026-08-18 02:09:32,690 INFO [refresh_grounding_cache] [1148/1842] vizwiz_VizWiz_val_00000525_525
2026-08-18 02:09:37,247 INFO [refresh_grounding_cache] [1149/1842] vizwiz_VizWiz_val_00000533_533
2026-08-18 02:09:41,179 INFO [refresh_grounding_cache] [1150/1842] vizwiz_VizWiz_val_00000535_535
2026-08-18 02:09:44,387 INFO [refresh_grounding_cache] [1151/1842] vizwiz_VizWiz_val_00000543_543
2026-08-18 02:09:49,618 INFO [refresh_grounding_cache] [1152/1842] vizwiz_VizWiz_val_00000545_545
2026-08-18 02:09:56,541 INFO [refresh_grounding_cache] [1153/1842] vizwiz_VizWiz_val_00000548_548
2026-08-18 02:10:00,390 INFO [refresh_grounding_cache] [1154/1842] vizwiz_VizWiz_val_00000550_550
2026-08-18 02:10:03,114 INFO [refresh_grounding_cache] [1155/1842] vizwiz_VizWiz_val_00000553_553
2026-08-18 02:10:08,020 INFO [refresh_grounding_cache] [1156/1842] vizwiz_VizWiz_val_00000554_554
2026-08-18 02:10:12,785 INFO [refresh_grounding_cache] [1157/1842] vizwiz_VizWiz_val_00000561_561
2026-08-18 02:10:19,100 INFO [refresh_grounding_cache] [1158/1842] vizwiz_VizWiz_val_00000568_568
2026-08-18 02:10:23,582 INFO [refresh_grounding_cache] [1159/1842] vizwiz_VizWiz_val_00000571_571
2026-08-18 02:10:28,330 INFO [refresh_grounding_cache] [1160/1842] vizwiz_VizWiz_val_00000578_578
2026-08-18 02:10:31,929 INFO [refresh_grounding_cache] [1161/1842] vizwiz_VizWiz_val_00000580_580
2026-08-18 02:10:38,994 INFO [refresh_grounding_cache] [1162/1842] vizwiz_VizWiz_val_00000581_581
2026-08-18 02:10:45,808 INFO [refresh_grounding_cache] [1163/1842] vizwiz_VizWiz_val_00000582_582
2026-08-18 02:10:50,307 INFO [refresh_grounding_cache] [1164/1842] vizwiz_VizWiz_val_00000586_586
2026-08-18 02:10:57,254 INFO [refresh_grounding_cache] [1165/1842] vizwiz_VizWiz_val_00000591_591
2026-08-18 02:11:00,803 INFO [refresh_grounding_cache] [1166/1842] vizwiz_VizWiz_val_00000592_592
2026-08-18 02:11:05,560 INFO [refresh_grounding_cache] [1167/1842] vizwiz_VizWiz_val_00000599_599
2026-08-18 02:11:08,309 INFO [refresh_grounding_cache] [1168/1842] vizwiz_VizWiz_val_00000600_600
2026-08-18 02:11:15,915 INFO [refresh_grounding_cache] [1169/1842] vizwiz_VizWiz_val_00000601_601
2026-08-18 02:11:19,889 INFO [refresh_grounding_cache] [1170/1842] vizwiz_VizWiz_val_00000603_603
2026-08-18 02:11:24,912 INFO [refresh_grounding_cache] [1171/1842] vizwiz_VizWiz_val_00000605_605
2026-08-18 02:11:29,102 INFO [refresh_grounding_cache] [1172/1842] vizwiz_VizWiz_val_00000606_606
2026-08-18 02:11:32,593 INFO [refresh_grounding_cache] [1173/1842] vizwiz_VizWiz_val_00000607_607
2026-08-18 02:11:43,547 INFO [refresh_grounding_cache] [1174/1842] vizwiz_VizWiz_val_00000608_608
2026-08-18 02:11:48,162 INFO [refresh_grounding_cache] [1175/1842] vizwiz_VizWiz_val_00000609_609
2026-08-18 02:11:58,076 INFO [refresh_grounding_cache] [1176/1842] vizwiz_VizWiz_val_00000610_610
2026-08-18 02:12:02,341 INFO [refresh_grounding_cache] [1177/1842] vizwiz_VizWiz_val_00000613_613
2026-08-18 02:12:05,982 INFO [refresh_grounding_cache] [1178/1842] vizwiz_VizWiz_val_00000616_616
2026-08-18 02:12:10,547 INFO [refresh_grounding_cache] [1179/1842] vizwiz_VizWiz_val_00000621_621
2026-08-18 02:12:15,545 INFO [refresh_grounding_cache] [1180/1842] vizwiz_VizWiz_val_00000622_622
2026-08-18 02:12:25,425 INFO [refresh_grounding_cache] [1181/1842] vizwiz_VizWiz_val_00000623_623
2026-08-18 02:12:29,782 INFO [refresh_grounding_cache] [1182/1842] vizwiz_VizWiz_val_00000630_630
2026-08-18 02:12:33,648 INFO [refresh_grounding_cache] [1183/1842] vizwiz_VizWiz_val_00000641_641
2026-08-18 02:12:39,421 INFO [refresh_grounding_cache] [1184/1842] vizwiz_VizWiz_val_00000642_642
2026-08-18 02:12:42,403 INFO [refresh_grounding_cache] [1185/1842] vizwiz_VizWiz_val_00000652_652
2026-08-18 02:12:45,727 INFO [refresh_grounding_cache] [1186/1842] vizwiz_VizWiz_val_00000653_653
2026-08-18 02:12:49,126 INFO [refresh_grounding_cache] [1187/1842] vizwiz_VizWiz_val_00000654_654
2026-08-18 02:12:55,441 INFO [refresh_grounding_cache] [1188/1842] vizwiz_VizWiz_val_00000658_658
2026-08-18 02:13:01,081 INFO [refresh_grounding_cache] [1189/1842] vizwiz_VizWiz_val_00000661_661
2026-08-18 02:13:04,479 INFO [refresh_grounding_cache] [1190/1842] vizwiz_VizWiz_val_00000666_666
2026-08-18 02:13:08,578 INFO [refresh_grounding_cache] [1191/1842] vizwiz_VizWiz_val_00000667_667
2026-08-18 02:13:12,760 INFO [refresh_grounding_cache] [1192/1842] vizwiz_VizWiz_val_00000671_671
2026-08-18 02:13:17,034 INFO [refresh_grounding_cache] [1193/1842] vizwiz_VizWiz_val_00000678_678
2026-08-18 02:13:22,557 INFO [refresh_grounding_cache] [1194/1842] vizwiz_VizWiz_val_00000680_680
2026-08-18 02:13:26,197 INFO [refresh_grounding_cache] [1195/1842] vizwiz_VizWiz_val_00000681_681
2026-08-18 02:13:31,171 INFO [refresh_grounding_cache] [1196/1842] vizwiz_VizWiz_val_00000682_682
2026-08-18 02:13:35,444 INFO [refresh_grounding_cache] [1197/1842] vizwiz_VizWiz_val_00000688_688
2026-08-18 02:13:37,769 INFO [refresh_grounding_cache] [1198/1842] vizwiz_VizWiz_val_00000695_695
2026-08-18 02:13:40,601 INFO [refresh_grounding_cache] [1199/1842] vizwiz_VizWiz_val_00000698_698
2026-08-18 02:13:44,858 INFO [refresh_grounding_cache] [1200/1842] vizwiz_VizWiz_val_00000705_705
2026-08-18 02:13:48,640 INFO [refresh_grounding_cache] [1201/1842] vizwiz_VizWiz_val_00000708_708
2026-08-18 02:13:51,656 INFO [refresh_grounding_cache] [1202/1842] vizwiz_VizWiz_val_00000711_711
2026-08-18 02:13:57,895 INFO [refresh_grounding_cache] [1203/1842] vizwiz_VizWiz_val_00000719_719
2026-08-18 02:14:02,252 INFO [refresh_grounding_cache] [1204/1842] vizwiz_VizWiz_val_00000721_721
2026-08-18 02:14:05,451 INFO [refresh_grounding_cache] [1205/1842] vizwiz_VizWiz_val_00000726_726
2026-08-18 02:14:08,450 INFO [refresh_grounding_cache] [1206/1842] vizwiz_VizWiz_val_00000732_732
2026-08-18 02:14:12,624 INFO [refresh_grounding_cache] [1207/1842] vizwiz_VizWiz_val_00000734_734
2026-08-18 02:14:15,631 INFO [refresh_grounding_cache] [1208/1842] vizwiz_VizWiz_val_00000736_736
2026-08-18 02:14:20,038 INFO [refresh_grounding_cache] [1209/1842] vizwiz_VizWiz_val_00000742_742
2026-08-18 02:14:24,978 INFO [refresh_grounding_cache] [1210/1842] vizwiz_VizWiz_val_00000748_748
2026-08-18 02:14:31,301 INFO [refresh_grounding_cache] [1211/1842] vizwiz_VizWiz_val_00000751_751
2026-08-18 02:14:34,800 INFO [refresh_grounding_cache] [1212/1842] vizwiz_VizWiz_val_00000754_754
2026-08-18 02:14:37,849 INFO [refresh_grounding_cache] [1213/1842] vizwiz_VizWiz_val_00000755_755
2026-08-18 02:14:43,731 INFO [refresh_grounding_cache] [1214/1842] vizwiz_VizWiz_val_00000757_757
2026-08-18 02:14:47,746 INFO [refresh_grounding_cache] [1215/1842] vizwiz_VizWiz_val_00000759_759
2026-08-18 02:14:54,935 INFO [refresh_grounding_cache] [1216/1842] vizwiz_VizWiz_val_00000761_761
2026-08-18 02:14:58,750 INFO [refresh_grounding_cache] [1217/1842] vizwiz_VizWiz_val_00000769_769
2026-08-18 02:15:01,824 INFO [refresh_grounding_cache] [1218/1842] vizwiz_VizWiz_val_00000788_788
2026-08-18 02:15:05,590 INFO [refresh_grounding_cache] [1219/1842] vizwiz_VizWiz_val_00000793_793
2026-08-18 02:15:10,730 INFO [refresh_grounding_cache] [1220/1842] vizwiz_VizWiz_val_00000794_794
2026-08-18 02:15:13,862 INFO [refresh_grounding_cache] [1221/1842] vizwiz_VizWiz_val_00000804_804
2026-08-18 02:15:16,886 INFO [refresh_grounding_cache] [1222/1842] vizwiz_VizWiz_val_00000807_807
2026-08-18 02:15:21,093 INFO [refresh_grounding_cache] [1223/1842] vizwiz_VizWiz_val_00000811_811
2026-08-18 02:15:24,567 INFO [refresh_grounding_cache] [1224/1842] vizwiz_VizWiz_val_00000813_813
2026-08-18 02:15:28,524 INFO [refresh_grounding_cache] [1225/1842] vizwiz_VizWiz_val_00000815_815
2026-08-18 02:15:31,482 INFO [refresh_grounding_cache] [1226/1842] vizwiz_VizWiz_val_00000818_818
2026-08-18 02:15:37,421 INFO [refresh_grounding_cache] [1227/1842] vizwiz_VizWiz_val_00000821_821
2026-08-18 02:15:41,787 INFO [refresh_grounding_cache] [1228/1842] vizwiz_VizWiz_val_00000823_823
2026-08-18 02:15:46,027 INFO [refresh_grounding_cache] [1229/1842] vizwiz_VizWiz_val_00000825_825
2026-08-18 02:15:49,359 INFO [refresh_grounding_cache] [1230/1842] vizwiz_VizWiz_val_00000830_830
2026-08-18 02:15:53,358 INFO [refresh_grounding_cache] [1231/1842] vizwiz_VizWiz_val_00000832_832
2026-08-18 02:16:00,472 INFO [refresh_grounding_cache] [1232/1842] vizwiz_VizWiz_val_00000835_835
2026-08-18 02:16:04,063 INFO [refresh_grounding_cache] [1233/1842] vizwiz_VizWiz_val_00000844_844
2026-08-18 02:16:07,770 INFO [refresh_grounding_cache] [1234/1842] vizwiz_VizWiz_val_00000845_845
2026-08-18 02:16:16,550 INFO [refresh_grounding_cache] [1235/1842] vizwiz_VizWiz_val_00000853_853
2026-08-18 02:16:20,216 INFO [refresh_grounding_cache] [1236/1842] vizwiz_VizWiz_val_00000856_856
2026-08-18 02:16:26,638 INFO [refresh_grounding_cache] [1237/1842] vizwiz_VizWiz_val_00000857_857
2026-08-18 02:16:31,537 INFO [refresh_grounding_cache] [1238/1842] vizwiz_VizWiz_val_00000858_858
2026-08-18 02:16:39,293 INFO [refresh_grounding_cache] [1239/1842] vizwiz_VizWiz_val_00000861_861
2026-08-18 02:16:42,733 INFO [refresh_grounding_cache] [1240/1842] vizwiz_VizWiz_val_00000868_868
2026-08-18 02:16:47,174 INFO [refresh_grounding_cache] [1241/1842] vizwiz_VizWiz_val_00000871_871
2026-08-18 02:16:51,230 INFO [refresh_grounding_cache] [1242/1842] vizwiz_VizWiz_val_00000872_872
2026-08-18 02:16:54,146 INFO [refresh_grounding_cache] [1243/1842] vizwiz_VizWiz_val_00000873_873
2026-08-18 02:16:57,753 INFO [refresh_grounding_cache] [1244/1842] vizwiz_VizWiz_val_00000876_876
2026-08-18 02:17:00,236 INFO [refresh_grounding_cache] [1245/1842] vizwiz_VizWiz_val_00000878_878
2026-08-18 02:17:04,684 INFO [refresh_grounding_cache] [1246/1842] vizwiz_VizWiz_val_00000884_884
2026-08-18 02:17:09,050 INFO [refresh_grounding_cache] [1247/1842] vizwiz_VizWiz_val_00000896_896
2026-08-18 02:17:19,729 INFO [refresh_grounding_cache] [1248/1842] vizwiz_VizWiz_val_00000902_902
2026-08-18 02:17:24,561 INFO [refresh_grounding_cache] [1249/1842] vizwiz_VizWiz_val_00000903_903
2026-08-18 02:17:30,451 INFO [refresh_grounding_cache] [1250/1842] vizwiz_VizWiz_val_00000908_908
2026-08-18 02:17:35,883 INFO [refresh_grounding_cache] [1251/1842] vizwiz_VizWiz_val_00000909_909
2026-08-18 02:17:40,340 INFO [refresh_grounding_cache] [1252/1842] vizwiz_VizWiz_val_00000920_920
2026-08-18 02:17:45,921 INFO [refresh_grounding_cache] [1253/1842] vizwiz_VizWiz_val_00000925_925
2026-08-18 02:17:49,062 INFO [refresh_grounding_cache] [1254/1842] vizwiz_VizWiz_val_00000930_930
2026-08-18 02:17:52,910 INFO [refresh_grounding_cache] [1255/1842] vizwiz_VizWiz_val_00000931_931
2026-08-18 02:17:57,342 INFO [refresh_grounding_cache] [1256/1842] vizwiz_VizWiz_val_00000935_935
2026-08-18 02:18:00,650 INFO [refresh_grounding_cache] [1257/1842] vizwiz_VizWiz_val_00000936_936
2026-08-18 02:18:03,940 INFO [refresh_grounding_cache] [1258/1842] vizwiz_VizWiz_val_00000939_939
2026-08-18 02:18:07,064 INFO [refresh_grounding_cache] [1259/1842] vizwiz_VizWiz_val_00000941_941
2026-08-18 02:18:10,880 INFO [refresh_grounding_cache] [1260/1842] vizwiz_VizWiz_val_00000942_942
2026-08-18 02:18:14,171 INFO [refresh_grounding_cache] [1261/1842] vizwiz_VizWiz_val_00000944_944
2026-08-18 02:18:17,711 INFO [refresh_grounding_cache] [1262/1842] vizwiz_VizWiz_val_00000945_945
2026-08-18 02:18:20,577 INFO [refresh_grounding_cache] [1263/1842] vizwiz_VizWiz_val_00000947_947
2026-08-18 02:18:23,617 INFO [refresh_grounding_cache] [1264/1842] vizwiz_VizWiz_val_00000948_948
2026-08-18 02:18:27,099 INFO [refresh_grounding_cache] [1265/1842] vizwiz_VizWiz_val_00000950_950
2026-08-18 02:18:32,506 INFO [refresh_grounding_cache] [1266/1842] vizwiz_VizWiz_val_00000951_951
2026-08-18 02:18:42,528 INFO [refresh_grounding_cache] [1267/1842] vizwiz_VizWiz_val_00000953_953
2026-08-18 02:18:46,685 INFO [refresh_grounding_cache] [1268/1842] vizwiz_VizWiz_val_00000956_956
2026-08-18 02:18:50,433 INFO [refresh_grounding_cache] [1269/1842] vizwiz_VizWiz_val_00000960_960
2026-08-18 02:18:54,724 INFO [refresh_grounding_cache] [1270/1842] vizwiz_VizWiz_val_00000961_961
2026-08-18 02:19:00,030 INFO [refresh_grounding_cache] [1271/1842] vizwiz_VizWiz_val_00000971_971
2026-08-18 02:19:06,995 INFO [refresh_grounding_cache] [1272/1842] vizwiz_VizWiz_val_00000978_978
2026-08-18 02:19:10,719 INFO [refresh_grounding_cache] [1273/1842] vizwiz_VizWiz_val_00000985_985
2026-08-18 02:19:16,225 INFO [refresh_grounding_cache] [1274/1842] vizwiz_VizWiz_val_00000989_989
2026-08-18 02:19:20,432 INFO [refresh_grounding_cache] [1275/1842] vizwiz_VizWiz_val_00000996_996
2026-08-18 02:19:24,497 INFO [refresh_grounding_cache] [1276/1842] vizwiz_VizWiz_val_00001003_1003
2026-08-18 02:19:29,454 INFO [refresh_grounding_cache] [1277/1842] vizwiz_VizWiz_val_00001013_1013
2026-08-18 02:19:33,011 INFO [refresh_grounding_cache] [1278/1842] vizwiz_VizWiz_val_00001014_1014
2026-08-18 02:19:38,268 INFO [refresh_grounding_cache] [1279/1842] vizwiz_VizWiz_val_00001021_1021
2026-08-18 02:19:43,108 INFO [refresh_grounding_cache] [1280/1842] vizwiz_VizWiz_val_00001022_1022
2026-08-18 02:19:47,173 INFO [refresh_grounding_cache] [1281/1842] vizwiz_VizWiz_val_00001025_1025
2026-08-18 02:19:51,597 INFO [refresh_grounding_cache] [1282/1842] vizwiz_VizWiz_val_00001035_1035
2026-08-18 02:19:58,045 INFO [refresh_grounding_cache] [1283/1842] vizwiz_VizWiz_val_00001038_1038
2026-08-18 02:20:01,985 INFO [refresh_grounding_cache] [1284/1842] vizwiz_VizWiz_val_00001042_1042
2026-08-18 02:20:05,759 INFO [refresh_grounding_cache] [1285/1842] vizwiz_VizWiz_val_00001045_1045
2026-08-18 02:20:09,383 INFO [refresh_grounding_cache] [1286/1842] vizwiz_VizWiz_val_00001049_1049
2026-08-18 02:20:30,517 INFO [refresh_grounding_cache] [1287/1842] vizwiz_VizWiz_val_00001050_1050
2026-08-18 02:20:36,590 INFO [refresh_grounding_cache] [1288/1842] vizwiz_VizWiz_val_00001052_1052
2026-08-18 02:20:40,780 INFO [refresh_grounding_cache] [1289/1842] vizwiz_VizWiz_val_00001054_1054
2026-08-18 02:20:48,103 INFO [refresh_grounding_cache] [1290/1842] vizwiz_VizWiz_val_00001055_1055
2026-08-18 02:20:55,017 INFO [refresh_grounding_cache] [1291/1842] vizwiz_VizWiz_val_00001057_1057
2026-08-18 02:20:57,900 INFO [refresh_grounding_cache] [1292/1842] vizwiz_VizWiz_val_00001058_1058
2026-08-18 02:21:01,599 INFO [refresh_grounding_cache] [1293/1842] vizwiz_VizWiz_val_00001060_1060
2026-08-18 02:21:05,656 INFO [refresh_grounding_cache] [1294/1842] vizwiz_VizWiz_val_00001061_1061
2026-08-18 02:21:08,846 INFO [refresh_grounding_cache] [1295/1842] vizwiz_VizWiz_val_00001069_1069
2026-08-18 02:21:14,120 INFO [refresh_grounding_cache] [1296/1842] vizwiz_VizWiz_val_00001074_1074
2026-08-18 02:21:18,576 INFO [refresh_grounding_cache] [1297/1842] vizwiz_VizWiz_val_00001083_1083
2026-08-18 02:21:22,892 INFO [refresh_grounding_cache] [1298/1842] vizwiz_VizWiz_val_00001089_1089
2026-08-18 02:21:28,748 INFO [refresh_grounding_cache] [1299/1842] vizwiz_VizWiz_val_00001092_1092
2026-08-18 02:21:32,322 INFO [refresh_grounding_cache] [1300/1842] vizwiz_VizWiz_val_00001096_1096
2026-08-18 02:21:40,086 INFO [refresh_grounding_cache] [1301/1842] vizwiz_VizWiz_val_00001102_1102
2026-08-18 02:21:44,993 INFO [refresh_grounding_cache] [1302/1842] vizwiz_VizWiz_val_00001104_1104
2026-08-18 02:21:50,083 INFO [refresh_grounding_cache] [1303/1842] vizwiz_VizWiz_val_00001108_1108
2026-08-18 02:21:56,106 INFO [refresh_grounding_cache] [1304/1842] vizwiz_VizWiz_val_00001118_1118
2026-08-18 02:22:02,029 INFO [refresh_grounding_cache] [1305/1842] vizwiz_VizWiz_val_00001125_1125
2026-08-18 02:22:04,986 INFO [refresh_grounding_cache] [1306/1842] vizwiz_VizWiz_val_00001127_1127
2026-08-18 02:22:09,252 INFO [refresh_grounding_cache] [1307/1842] vizwiz_VizWiz_val_00001128_1128
2026-08-18 02:22:15,341 INFO [refresh_grounding_cache] [1308/1842] vizwiz_VizWiz_val_00001132_1132
2026-08-18 02:22:21,164 INFO [refresh_grounding_cache] [1309/1842] vizwiz_VizWiz_val_00001144_1144
2026-08-18 02:22:24,530 INFO [refresh_grounding_cache] [1310/1842] vizwiz_VizWiz_val_00001149_1149
2026-08-18 02:22:35,443 INFO [refresh_grounding_cache] [1311/1842] vizwiz_VizWiz_val_00001150_1150
2026-08-18 02:22:41,208 INFO [refresh_grounding_cache] [1312/1842] vizwiz_VizWiz_val_00001152_1152
2026-08-18 02:22:47,122 INFO [refresh_grounding_cache] [1313/1842] vizwiz_VizWiz_val_00001154_1154
2026-08-18 02:22:51,204 INFO [refresh_grounding_cache] [1314/1842] vizwiz_VizWiz_val_00001157_1157
2026-08-18 02:22:56,445 INFO [refresh_grounding_cache] [1315/1842] vizwiz_VizWiz_val_00001162_1162
2026-08-18 02:23:01,610 INFO [refresh_grounding_cache] [1316/1842] vizwiz_VizWiz_val_00001166_1166
2026-08-18 02:23:05,317 INFO [refresh_grounding_cache] [1317/1842] vizwiz_VizWiz_val_00001167_1167
2026-08-18 02:23:09,807 INFO [refresh_grounding_cache] [1318/1842] vizwiz_VizWiz_val_00001169_1169
2026-08-18 02:23:13,156 INFO [refresh_grounding_cache] [1319/1842] vizwiz_VizWiz_val_00001170_1170
2026-08-18 02:23:17,255 INFO [refresh_grounding_cache] [1320/1842] vizwiz_VizWiz_val_00001171_1171
2026-08-18 02:23:21,570 INFO [refresh_grounding_cache] [1321/1842] vizwiz_VizWiz_val_00001174_1174
2026-08-18 02:23:25,044 INFO [refresh_grounding_cache] [1322/1842] vizwiz_VizWiz_val_00001176_1176
2026-08-18 02:23:29,976 INFO [refresh_grounding_cache] [1323/1842] vizwiz_VizWiz_val_00001180_1180
2026-08-18 02:23:33,641 INFO [refresh_grounding_cache] [1324/1842] vizwiz_VizWiz_val_00001183_1183
2026-08-18 02:23:36,990 INFO [refresh_grounding_cache] [1325/1842] vizwiz_VizWiz_val_00001190_1190
2026-08-18 02:23:41,039 INFO [refresh_grounding_cache] [1326/1842] vizwiz_VizWiz_val_00001193_1193
2026-08-18 02:23:45,962 INFO [refresh_grounding_cache] [1327/1842] vizwiz_VizWiz_val_00001199_1199
2026-08-18 02:23:49,111 INFO [refresh_grounding_cache] [1328/1842] vizwiz_VizWiz_val_00001207_1207
2026-08-18 02:23:52,418 INFO [refresh_grounding_cache] [1329/1842] vizwiz_VizWiz_val_00001210_1210
2026-08-18 02:23:55,959 INFO [refresh_grounding_cache] [1330/1842] vizwiz_VizWiz_val_00001217_1217
2026-08-18 02:23:59,591 INFO [refresh_grounding_cache] [1331/1842] vizwiz_VizWiz_val_00001221_1221
2026-08-18 02:24:04,406 INFO [refresh_grounding_cache] [1332/1842] vizwiz_VizWiz_val_00001235_1235
2026-08-18 02:24:09,504 INFO [refresh_grounding_cache] [1333/1842] vizwiz_VizWiz_val_00001243_1243
2026-08-18 02:24:12,187 INFO [refresh_grounding_cache] [1334/1842] vizwiz_VizWiz_val_00001244_1244
2026-08-18 02:24:15,536 INFO [refresh_grounding_cache] [1335/1842] vizwiz_VizWiz_val_00001266_1266
2026-08-18 02:24:18,801 INFO [refresh_grounding_cache] [1336/1842] vizwiz_VizWiz_val_00001271_1271
2026-08-18 02:24:22,325 INFO [refresh_grounding_cache] [1337/1842] vizwiz_VizWiz_val_00001275_1275
2026-08-18 02:24:25,075 INFO [refresh_grounding_cache] [1338/1842] vizwiz_VizWiz_val_00001293_1293
2026-08-18 02:24:32,106 INFO [refresh_grounding_cache] [1339/1842] vizwiz_VizWiz_val_00001297_1297
2026-08-18 02:24:35,613 INFO [refresh_grounding_cache] [1340/1842] vizwiz_VizWiz_val_00001298_1298
2026-08-18 02:24:38,637 INFO [refresh_grounding_cache] [1341/1842] vizwiz_VizWiz_val_00001300_1300
2026-08-18 02:24:41,744 INFO [refresh_grounding_cache] [1342/1842] vizwiz_VizWiz_val_00001301_1301
2026-08-18 02:24:45,276 INFO [refresh_grounding_cache] [1343/1842] vizwiz_VizWiz_val_00001314_1314
2026-08-18 02:24:48,617 INFO [refresh_grounding_cache] [1344/1842] vizwiz_VizWiz_val_00001315_1315
2026-08-18 02:24:52,007 INFO [refresh_grounding_cache] [1345/1842] vizwiz_VizWiz_val_00001317_1317
2026-08-18 02:24:55,806 INFO [refresh_grounding_cache] [1346/1842] vizwiz_VizWiz_val_00001320_1320
2026-08-18 02:24:59,238 INFO [refresh_grounding_cache] [1347/1842] vizwiz_VizWiz_val_00001333_1333
2026-08-18 02:25:03,254 INFO [refresh_grounding_cache] [1348/1842] vizwiz_VizWiz_val_00001352_1352
2026-08-18 02:25:07,277 INFO [refresh_grounding_cache] [1349/1842] vizwiz_VizWiz_val_00001357_1357
2026-08-18 02:25:10,443 INFO [refresh_grounding_cache] [1350/1842] vizwiz_VizWiz_val_00001361_1361
2026-08-18 02:25:14,342 INFO [refresh_grounding_cache] [1351/1842] vizwiz_VizWiz_val_00001363_1363
2026-08-18 02:25:18,157 INFO [refresh_grounding_cache] [1352/1842] vizwiz_VizWiz_val_00001369_1369
2026-08-18 02:25:23,172 INFO [refresh_grounding_cache] [1353/1842] vizwiz_VizWiz_val_00001371_1371
2026-08-18 02:25:26,355 INFO [refresh_grounding_cache] [1354/1842] vizwiz_VizWiz_val_00001372_1372
2026-08-18 02:25:29,978 INFO [refresh_grounding_cache] [1355/1842] vizwiz_VizWiz_val_00001373_1373
2026-08-18 02:25:33,244 INFO [refresh_grounding_cache] [1356/1842] vizwiz_VizWiz_val_00001376_1376
2026-08-18 02:25:37,043 INFO [refresh_grounding_cache] [1357/1842] vizwiz_VizWiz_val_00001380_1380
2026-08-18 02:25:41,350 INFO [refresh_grounding_cache] [1358/1842] vizwiz_VizWiz_val_00001384_1384
2026-08-18 02:25:44,074 INFO [refresh_grounding_cache] [1359/1842] vizwiz_VizWiz_val_00001385_1385
2026-08-18 02:25:47,973 INFO [refresh_grounding_cache] [1360/1842] vizwiz_VizWiz_val_00001389_1389
2026-08-18 02:25:50,855 INFO [refresh_grounding_cache] [1361/1842] vizwiz_VizWiz_val_00001392_1392
2026-08-18 02:25:53,987 INFO [refresh_grounding_cache] [1362/1842] vizwiz_VizWiz_val_00001402_1402
2026-08-18 02:25:56,936 INFO [refresh_grounding_cache] [1363/1842] vizwiz_VizWiz_val_00001404_1404
2026-08-18 02:26:01,960 INFO [refresh_grounding_cache] [1364/1842] vizwiz_VizWiz_val_00001407_1407
2026-08-18 02:26:04,734 INFO [refresh_grounding_cache] [1365/1842] vizwiz_VizWiz_val_00001409_1409
2026-08-18 02:26:08,258 INFO [refresh_grounding_cache] [1366/1842] vizwiz_VizWiz_val_00001411_1411
2026-08-18 02:26:12,673 INFO [refresh_grounding_cache] [1367/1842] vizwiz_VizWiz_val_00001420_1420
2026-08-18 02:26:15,705 INFO [refresh_grounding_cache] [1368/1842] vizwiz_VizWiz_val_00001423_1423
2026-08-18 02:26:18,513 INFO [refresh_grounding_cache] [1369/1842] vizwiz_VizWiz_val_00001424_1424
2026-08-18 02:26:22,386 INFO [refresh_grounding_cache] [1370/1842] vizwiz_VizWiz_val_00001426_1426
2026-08-18 02:26:25,335 INFO [refresh_grounding_cache] [1371/1842] vizwiz_VizWiz_val_00001429_1429
2026-08-18 02:26:28,534 INFO [refresh_grounding_cache] [1372/1842] vizwiz_VizWiz_val_00001431_1431
2026-08-18 02:26:33,375 INFO [refresh_grounding_cache] [1373/1842] vizwiz_VizWiz_val_00001436_1436
2026-08-18 02:26:37,906 INFO [refresh_grounding_cache] [1374/1842] vizwiz_VizWiz_val_00001440_1440
2026-08-18 02:26:41,405 INFO [refresh_grounding_cache] [1375/1842] vizwiz_VizWiz_val_00001446_1446
2026-08-18 02:26:44,613 INFO [refresh_grounding_cache] [1376/1842] vizwiz_VizWiz_val_00001448_1448
2026-08-18 02:26:47,628 INFO [refresh_grounding_cache] [1377/1842] vizwiz_VizWiz_val_00001455_1455
2026-08-18 02:26:50,786 INFO [refresh_grounding_cache] [1378/1842] vizwiz_VizWiz_val_00001457_1457
2026-08-18 02:26:54,576 INFO [refresh_grounding_cache] [1379/1842] vizwiz_VizWiz_val_00001461_1461
2026-08-18 02:26:57,308 INFO [refresh_grounding_cache] [1380/1842] vizwiz_VizWiz_val_00001462_1462
2026-08-18 02:27:00,224 INFO [refresh_grounding_cache] [1381/1842] vizwiz_VizWiz_val_00001467_1467
2026-08-18 02:27:03,390 INFO [refresh_grounding_cache] [1382/1842] vizwiz_VizWiz_val_00001468_1468
2026-08-18 02:27:07,738 INFO [refresh_grounding_cache] [1383/1842] vizwiz_VizWiz_val_00001469_1469
2026-08-18 02:27:10,413 INFO [refresh_grounding_cache] [1384/1842] vizwiz_VizWiz_val_00001472_1472
2026-08-18 02:27:13,612 INFO [refresh_grounding_cache] [1385/1842] vizwiz_VizWiz_val_00001480_1480
2026-08-18 02:27:19,776 INFO [refresh_grounding_cache] [1386/1842] vizwiz_VizWiz_val_00001488_1488
2026-08-18 02:27:23,575 INFO [refresh_grounding_cache] [1387/1842] vizwiz_VizWiz_val_00001489_1489
2026-08-18 02:27:27,699 INFO [refresh_grounding_cache] [1388/1842] vizwiz_VizWiz_val_00001491_1491
2026-08-18 02:27:31,497 INFO [refresh_grounding_cache] [1389/1842] vizwiz_VizWiz_val_00001494_1494
2026-08-18 02:27:34,405 INFO [refresh_grounding_cache] [1390/1842] vizwiz_VizWiz_val_00001504_1504
2026-08-18 02:27:39,704 INFO [refresh_grounding_cache] [1391/1842] vizwiz_VizWiz_val_00001507_1507
2026-08-18 02:27:43,327 INFO [refresh_grounding_cache] [1392/1842] vizwiz_VizWiz_val_00001523_1523
2026-08-18 02:27:46,535 INFO [refresh_grounding_cache] [1393/1842] vizwiz_VizWiz_val_00001531_1531
2026-08-18 02:27:51,125 INFO [refresh_grounding_cache] [1394/1842] vizwiz_VizWiz_val_00001545_1545
2026-08-18 02:27:55,082 INFO [refresh_grounding_cache] [1395/1842] vizwiz_VizWiz_val_00001547_1547
2026-08-18 02:28:00,397 INFO [refresh_grounding_cache] [1396/1842] vizwiz_VizWiz_val_00001550_1550
2026-08-18 02:28:04,212 INFO [refresh_grounding_cache] [1397/1842] vizwiz_VizWiz_val_00001551_1551
2026-08-18 02:28:08,494 INFO [refresh_grounding_cache] [1398/1842] vizwiz_VizWiz_val_00001552_1552
2026-08-18 02:28:11,527 INFO [refresh_grounding_cache] [1399/1842] vizwiz_VizWiz_val_00001553_1553
2026-08-18 02:28:15,717 INFO [refresh_grounding_cache] [1400/1842] vizwiz_VizWiz_val_00001555_1555
2026-08-18 02:28:18,924 INFO [refresh_grounding_cache] [1401/1842] vizwiz_VizWiz_val_00001559_1559
2026-08-18 02:28:21,831 INFO [refresh_grounding_cache] [1402/1842] vizwiz_VizWiz_val_00001562_1562
2026-08-18 02:28:26,497 INFO [refresh_grounding_cache] [1403/1842] vizwiz_VizWiz_val_00001563_1563
2026-08-18 02:28:30,345 INFO [refresh_grounding_cache] [1404/1842] vizwiz_VizWiz_val_00001568_1568
2026-08-18 02:28:33,519 INFO [refresh_grounding_cache] [1405/1842] vizwiz_VizWiz_val_00001577_1577
2026-08-18 02:28:38,684 INFO [refresh_grounding_cache] [1406/1842] vizwiz_VizWiz_val_00001581_1581
2026-08-18 02:28:42,791 INFO [refresh_grounding_cache] [1407/1842] vizwiz_VizWiz_val_00001582_1582
2026-08-18 02:28:45,999 INFO [refresh_grounding_cache] [1408/1842] vizwiz_VizWiz_val_00001594_1594
2026-08-18 02:28:49,431 INFO [refresh_grounding_cache] [1409/1842] vizwiz_VizWiz_val_00001599_1599
2026-08-18 02:28:52,921 INFO [refresh_grounding_cache] [1410/1842] vizwiz_VizWiz_val_00001601_1601
2026-08-18 02:28:57,212 INFO [refresh_grounding_cache] [1411/1842] vizwiz_VizWiz_val_00001611_1611
2026-08-18 02:29:01,352 INFO [refresh_grounding_cache] [1412/1842] vizwiz_VizWiz_val_00001612_1612
2026-08-18 02:29:05,626 INFO [refresh_grounding_cache] [1413/1842] vizwiz_VizWiz_val_00001613_1613
2026-08-18 02:29:09,191 INFO [refresh_grounding_cache] [1414/1842] vizwiz_VizWiz_val_00001615_1615
2026-08-18 02:29:15,172 INFO [refresh_grounding_cache] [1415/1842] vizwiz_VizWiz_val_00001616_1616
2026-08-18 02:29:19,679 INFO [refresh_grounding_cache] [1416/1842] vizwiz_VizWiz_val_00001620_1620
2026-08-18 02:29:22,795 INFO [refresh_grounding_cache] [1417/1842] vizwiz_VizWiz_val_00001625_1625
2026-08-18 02:29:27,577 INFO [refresh_grounding_cache] [1418/1842] vizwiz_VizWiz_val_00001626_1626
2026-08-18 02:29:30,659 INFO [refresh_grounding_cache] [1419/1842] vizwiz_VizWiz_val_00001634_1634
2026-08-18 02:29:33,458 INFO [refresh_grounding_cache] [1420/1842] vizwiz_VizWiz_val_00001637_1637
2026-08-18 02:29:37,132 INFO [refresh_grounding_cache] [1421/1842] vizwiz_VizWiz_val_00001643_1643
2026-08-18 02:29:40,573 INFO [refresh_grounding_cache] [1422/1842] vizwiz_VizWiz_val_00001644_1644
2026-08-18 02:29:45,288 INFO [refresh_grounding_cache] [1423/1842] vizwiz_VizWiz_val_00001645_1645
2026-08-18 02:29:48,695 INFO [refresh_grounding_cache] [1424/1842] vizwiz_VizWiz_val_00001655_1655
2026-08-18 02:29:52,385 INFO [refresh_grounding_cache] [1425/1842] vizwiz_VizWiz_val_00001660_1660
2026-08-18 02:29:59,391 INFO [refresh_grounding_cache] [1426/1842] vizwiz_VizWiz_val_00001665_1665
2026-08-18 02:30:02,849 INFO [refresh_grounding_cache] [1427/1842] vizwiz_VizWiz_val_00001666_1666
2026-08-18 02:30:06,273 INFO [refresh_grounding_cache] [1428/1842] vizwiz_VizWiz_val_00001667_1667
2026-08-18 02:30:09,438 INFO [refresh_grounding_cache] [1429/1842] vizwiz_VizWiz_val_00001670_1670
2026-08-18 02:30:18,668 INFO [refresh_grounding_cache] [1430/1842] vizwiz_VizWiz_val_00001673_1673
2026-08-18 02:30:22,126 INFO [refresh_grounding_cache] [1431/1842] vizwiz_VizWiz_val_00001686_1686
2026-08-18 02:30:26,716 INFO [refresh_grounding_cache] [1432/1842] vizwiz_VizWiz_val_00001687_1687
2026-08-18 02:30:31,056 INFO [refresh_grounding_cache] [1433/1842] vizwiz_VizWiz_val_00001694_1694
2026-08-18 02:30:35,904 INFO [refresh_grounding_cache] [1434/1842] vizwiz_VizWiz_val_00001703_1703
2026-08-18 02:30:39,520 INFO [refresh_grounding_cache] [1435/1842] vizwiz_VizWiz_val_00001710_1710
2026-08-18 02:30:42,819 INFO [refresh_grounding_cache] [1436/1842] vizwiz_VizWiz_val_00001716_1716
2026-08-18 02:30:45,893 INFO [refresh_grounding_cache] [1437/1842] vizwiz_VizWiz_val_00001717_1717
2026-08-18 02:30:48,425 INFO [refresh_grounding_cache] [1438/1842] vizwiz_VizWiz_val_00001722_1722
2026-08-18 02:30:51,808 INFO [refresh_grounding_cache] [1439/1842] vizwiz_VizWiz_val_00001729_1729
2026-08-18 02:30:57,098 INFO [refresh_grounding_cache] [1440/1842] vizwiz_VizWiz_val_00001732_1732
2026-08-18 02:31:02,263 INFO [refresh_grounding_cache] [1441/1842] vizwiz_VizWiz_val_00001733_1733
2026-08-18 02:31:06,761 INFO [refresh_grounding_cache] [1442/1842] vizwiz_VizWiz_val_00001734_1734
2026-08-18 02:31:10,435 INFO [refresh_grounding_cache] [1443/1842] vizwiz_VizWiz_val_00001743_1743
2026-08-18 02:31:13,634 INFO [refresh_grounding_cache] [1444/1842] vizwiz_VizWiz_val_00001745_1745
2026-08-18 02:31:18,058 INFO [refresh_grounding_cache] [1445/1842] vizwiz_VizWiz_val_00001746_1746
2026-08-18 02:31:22,139 INFO [refresh_grounding_cache] [1446/1842] vizwiz_VizWiz_val_00001749_1749
2026-08-18 02:31:26,146 INFO [refresh_grounding_cache] [1447/1842] vizwiz_VizWiz_val_00001753_1753
2026-08-18 02:31:30,403 INFO [refresh_grounding_cache] [1448/1842] vizwiz_VizWiz_val_00001767_1767
2026-08-18 02:31:36,776 INFO [refresh_grounding_cache] [1449/1842] vizwiz_VizWiz_val_00001769_1769
2026-08-18 02:31:43,832 INFO [refresh_grounding_cache] [1450/1842] vizwiz_VizWiz_val_00001770_1770
2026-08-18 02:31:53,487 INFO [refresh_grounding_cache] [1451/1842] vizwiz_VizWiz_val_00001773_1773
2026-08-18 02:32:04,009 INFO [refresh_grounding_cache] [1452/1842] vizwiz_VizWiz_val_00001775_1775
2026-08-18 02:32:07,399 INFO [refresh_grounding_cache] [1453/1842] vizwiz_VizWiz_val_00001777_1777
2026-08-18 02:32:10,665 INFO [refresh_grounding_cache] [1454/1842] vizwiz_VizWiz_val_00001778_1778
2026-08-18 02:32:15,022 INFO [refresh_grounding_cache] [1455/1842] vizwiz_VizWiz_val_00001779_1779
2026-08-18 02:32:19,212 INFO [refresh_grounding_cache] [1456/1842] vizwiz_VizWiz_val_00001786_1786
2026-08-18 02:32:22,786 INFO [refresh_grounding_cache] [1457/1842] vizwiz_VizWiz_val_00001790_1790
2026-08-18 02:32:27,809 INFO [refresh_grounding_cache] [1458/1842] vizwiz_VizWiz_val_00001792_1792
2026-08-18 02:32:34,099 INFO [refresh_grounding_cache] [1459/1842] vizwiz_VizWiz_val_00001812_1812
2026-08-18 02:32:37,273 INFO [refresh_grounding_cache] [1460/1842] vizwiz_VizWiz_val_00001821_1821
2026-08-18 02:32:40,130 INFO [refresh_grounding_cache] [1461/1842] vizwiz_VizWiz_val_00001822_1822
2026-08-18 02:32:46,220 INFO [refresh_grounding_cache] [1462/1842] vizwiz_VizWiz_val_00001827_1827
2026-08-18 02:32:49,736 INFO [refresh_grounding_cache] [1463/1842] vizwiz_VizWiz_val_00001830_1830
2026-08-18 02:32:54,035 INFO [refresh_grounding_cache] [1464/1842] vizwiz_VizWiz_val_00001834_1834
2026-08-18 02:32:57,942 INFO [refresh_grounding_cache] [1465/1842] vizwiz_VizWiz_val_00001838_1838
2026-08-18 02:33:01,474 INFO [refresh_grounding_cache] [1466/1842] vizwiz_VizWiz_val_00001840_1840
2026-08-18 02:33:04,290 INFO [refresh_grounding_cache] [1467/1842] vizwiz_VizWiz_val_00001848_1848
2026-08-18 02:33:06,639 INFO [refresh_grounding_cache] [1468/1842] vizwiz_VizWiz_val_00001852_1852
2026-08-18 02:33:10,429 INFO [refresh_grounding_cache] [1469/1842] vizwiz_VizWiz_val_00001861_1861
2026-08-18 02:33:13,862 INFO [refresh_grounding_cache] [1470/1842] vizwiz_VizWiz_val_00001871_1871
2026-08-18 02:33:18,368 INFO [refresh_grounding_cache] [1471/1842] vizwiz_VizWiz_val_00001878_1878
2026-08-18 02:33:21,501 INFO [refresh_grounding_cache] [1472/1842] vizwiz_VizWiz_val_00001880_1880
2026-08-18 02:33:24,983 INFO [refresh_grounding_cache] [1473/1842] vizwiz_VizWiz_val_00001886_1886
2026-08-18 02:33:28,407 INFO [refresh_grounding_cache] [1474/1842] vizwiz_VizWiz_val_00001893_1893
2026-08-18 02:33:31,473 INFO [refresh_grounding_cache] [1475/1842] vizwiz_VizWiz_val_00001900_1900
2026-08-18 02:33:36,646 INFO [refresh_grounding_cache] [1476/1842] vizwiz_VizWiz_val_00001909_1909
2026-08-18 02:33:40,328 INFO [refresh_grounding_cache] [1477/1842] vizwiz_VizWiz_val_00001911_1911
2026-08-18 02:33:43,602 INFO [refresh_grounding_cache] [1478/1842] vizwiz_VizWiz_val_00001912_1912
2026-08-18 02:33:46,676 INFO [refresh_grounding_cache] [1479/1842] vizwiz_VizWiz_val_00001923_1923
2026-08-18 02:33:51,208 INFO [refresh_grounding_cache] [1480/1842] vizwiz_VizWiz_val_00001924_1924
2026-08-18 02:33:55,157 INFO [refresh_grounding_cache] [1481/1842] vizwiz_VizWiz_val_00001925_1925
2026-08-18 02:33:58,247 INFO [refresh_grounding_cache] [1482/1842] vizwiz_VizWiz_val_00001926_1926
2026-08-18 02:34:05,770 INFO [refresh_grounding_cache] [1483/1842] vizwiz_VizWiz_val_00001927_1927
2026-08-18 02:34:09,210 INFO [refresh_grounding_cache] [1484/1842] vizwiz_VizWiz_val_00001929_1929
2026-08-18 02:34:12,984 INFO [refresh_grounding_cache] [1485/1842] vizwiz_VizWiz_val_00001931_1931
2026-08-18 02:34:15,908 INFO [refresh_grounding_cache] [1486/1842] vizwiz_VizWiz_val_00001938_1938
2026-08-18 02:34:19,090 INFO [refresh_grounding_cache] [1487/1842] vizwiz_VizWiz_val_00001939_1939
2026-08-18 02:34:27,063 INFO [refresh_grounding_cache] [1488/1842] vizwiz_VizWiz_val_00001940_1940
2026-08-18 02:34:31,212 INFO [refresh_grounding_cache] [1489/1842] vizwiz_VizWiz_val_00001941_1941
2026-08-18 02:34:34,619 INFO [refresh_grounding_cache] [1490/1842] vizwiz_VizWiz_val_00001947_1947
2026-08-18 02:34:37,884 INFO [refresh_grounding_cache] [1491/1842] vizwiz_VizWiz_val_00001950_1950
2026-08-18 02:34:40,842 INFO [refresh_grounding_cache] [1492/1842] vizwiz_VizWiz_val_00001953_1953
2026-08-18 02:34:46,440 INFO [refresh_grounding_cache] [1493/1842] vizwiz_VizWiz_val_00001961_1961
2026-08-18 02:34:51,197 INFO [refresh_grounding_cache] [1494/1842] vizwiz_VizWiz_val_00001963_1963
2026-08-18 02:34:54,520 INFO [refresh_grounding_cache] [1495/1842] vizwiz_VizWiz_val_00001969_1969
2026-08-18 02:34:58,819 INFO [refresh_grounding_cache] [1496/1842] vizwiz_VizWiz_val_00001970_1970
2026-08-18 02:35:02,318 INFO [refresh_grounding_cache] [1497/1842] vizwiz_VizWiz_val_00001971_1971
2026-08-18 02:35:07,308 INFO [refresh_grounding_cache] [1498/1842] vizwiz_VizWiz_val_00001973_1973
2026-08-18 02:35:10,465 INFO [refresh_grounding_cache] [1499/1842] vizwiz_VizWiz_val_00001984_1984
2026-08-18 02:35:14,031 INFO [refresh_grounding_cache] [1500/1842] vizwiz_VizWiz_val_00001986_1986
2026-08-18 02:35:19,221 INFO [refresh_grounding_cache] [1501/1842] vizwiz_VizWiz_val_00002000_2000
2026-08-18 02:35:22,395 INFO [refresh_grounding_cache] [1502/1842] vizwiz_VizWiz_val_00002002_2002
2026-08-18 02:35:26,335 INFO [refresh_grounding_cache] [1503/1842] vizwiz_VizWiz_val_00002007_2007
2026-08-18 02:35:28,793 INFO [refresh_grounding_cache] [1504/1842] vizwiz_VizWiz_val_00002016_2016
2026-08-18 02:35:41,113 INFO [refresh_grounding_cache] [1505/1842] vizwiz_VizWiz_val_00002017_2017
2026-08-18 02:35:46,412 INFO [refresh_grounding_cache] [1506/1842] vizwiz_VizWiz_val_00002019_2019
2026-08-18 02:35:50,677 INFO [refresh_grounding_cache] [1507/1842] vizwiz_VizWiz_val_00002024_2024
2026-08-18 02:35:53,693 INFO [refresh_grounding_cache] [1508/1842] vizwiz_VizWiz_val_00002030_2030
2026-08-18 02:35:56,992 INFO [refresh_grounding_cache] [1509/1842] vizwiz_VizWiz_val_00002034_2034
2026-08-18 02:36:00,999 INFO [refresh_grounding_cache] [1510/1842] vizwiz_VizWiz_val_00002037_2037
2026-08-18 02:36:05,172 INFO [refresh_grounding_cache] [1511/1842] vizwiz_VizWiz_val_00002039_2039
2026-08-18 02:36:10,162 INFO [refresh_grounding_cache] [1512/1842] vizwiz_VizWiz_val_00002042_2042
2026-08-18 02:36:14,203 INFO [refresh_grounding_cache] [1513/1842] vizwiz_VizWiz_val_00002047_2047
2026-08-18 02:36:20,009 INFO [refresh_grounding_cache] [1514/1842] vizwiz_VizWiz_val_00002048_2048
2026-08-18 02:36:25,574 INFO [refresh_grounding_cache] [1515/1842] vizwiz_VizWiz_val_00002054_2054
2026-08-18 02:36:32,180 INFO [refresh_grounding_cache] [1516/1842] vizwiz_VizWiz_val_00002057_2057
2026-08-18 02:36:35,929 INFO [refresh_grounding_cache] [1517/1842] vizwiz_VizWiz_val_00002059_2059
2026-08-18 02:36:39,553 INFO [refresh_grounding_cache] [1518/1842] vizwiz_VizWiz_val_00002060_2060
2026-08-18 02:36:43,135 INFO [refresh_grounding_cache] [1519/1842] vizwiz_VizWiz_val_00002065_2065
2026-08-18 02:36:47,200 INFO [refresh_grounding_cache] [1520/1842] vizwiz_VizWiz_val_00002066_2066
2026-08-18 02:36:52,915 INFO [refresh_grounding_cache] [1521/1842] vizwiz_VizWiz_val_00002067_2067
2026-08-18 02:36:57,622 INFO [refresh_grounding_cache] [1522/1842] vizwiz_VizWiz_val_00002069_2069
2026-08-18 02:37:03,037 INFO [refresh_grounding_cache] [1523/1842] vizwiz_VizWiz_val_00002070_2070
2026-08-18 02:37:06,236 INFO [refresh_grounding_cache] [1524/1842] vizwiz_VizWiz_val_00002075_2075
2026-08-18 02:37:09,527 INFO [refresh_grounding_cache] [1525/1842] vizwiz_VizWiz_val_00002082_2082
2026-08-18 02:37:12,992 INFO [refresh_grounding_cache] [1526/1842] vizwiz_VizWiz_val_00002083_2083
2026-08-18 02:37:17,316 INFO [refresh_grounding_cache] [1527/1842] vizwiz_VizWiz_val_00002084_2084
2026-08-18 02:37:20,589 INFO [refresh_grounding_cache] [1528/1842] vizwiz_VizWiz_val_00002089_2089
2026-08-18 02:37:24,730 INFO [refresh_grounding_cache] [1529/1842] vizwiz_VizWiz_val_00002090_2090
2026-08-18 02:37:29,220 INFO [refresh_grounding_cache] [1530/1842] vizwiz_VizWiz_val_00002092_2092
2026-08-18 02:37:32,977 INFO [refresh_grounding_cache] [1531/1842] vizwiz_VizWiz_val_00002094_2094
2026-08-18 02:37:35,843 INFO [refresh_grounding_cache] [1532/1842] vizwiz_VizWiz_val_00002098_2098
2026-08-18 02:37:38,709 INFO [refresh_grounding_cache] [1533/1842] vizwiz_VizWiz_val_00002102_2102
2026-08-18 02:37:41,741 INFO [refresh_grounding_cache] [1534/1842] vizwiz_VizWiz_val_00002109_2109
2026-08-18 02:37:45,415 INFO [refresh_grounding_cache] [1535/1842] vizwiz_VizWiz_val_00002125_2125
2026-08-18 02:37:48,689 INFO [refresh_grounding_cache] [1536/1842] vizwiz_VizWiz_val_00002129_2129
2026-08-18 02:37:52,371 INFO [refresh_grounding_cache] [1537/1842] vizwiz_VizWiz_val_00002131_2131
2026-08-18 02:37:54,746 INFO [refresh_grounding_cache] [1538/1842] vizwiz_VizWiz_val_00002132_2132
2026-08-18 02:37:58,253 INFO [refresh_grounding_cache] [1539/1842] vizwiz_VizWiz_val_00002134_2134
2026-08-18 02:38:01,310 INFO [refresh_grounding_cache] [1540/1842] vizwiz_VizWiz_val_00002135_2135
2026-08-18 02:38:06,450 INFO [refresh_grounding_cache] [1541/1842] vizwiz_VizWiz_val_00002147_2147
2026-08-18 02:38:10,166 INFO [refresh_grounding_cache] [1542/1842] vizwiz_VizWiz_val_00002149_2149
2026-08-18 02:38:13,356 INFO [refresh_grounding_cache] [1543/1842] vizwiz_VizWiz_val_00002154_2154
2026-08-18 02:38:16,680 INFO [refresh_grounding_cache] [1544/1842] vizwiz_VizWiz_val_00002157_2157
2026-08-18 02:38:21,678 INFO [refresh_grounding_cache] [1545/1842] vizwiz_VizWiz_val_00002168_2168
2026-08-18 02:38:25,452 INFO [refresh_grounding_cache] [1546/1842] vizwiz_VizWiz_val_00002170_2170
2026-08-18 02:38:28,110 INFO [refresh_grounding_cache] [1547/1842] vizwiz_VizWiz_val_00002175_2175
2026-08-18 02:38:32,450 INFO [refresh_grounding_cache] [1548/1842] vizwiz_VizWiz_val_00002182_2182
2026-08-18 02:38:36,757 INFO [refresh_grounding_cache] [1549/1842] vizwiz_VizWiz_val_00002185_2185
2026-08-18 02:38:39,998 INFO [refresh_grounding_cache] [1550/1842] vizwiz_VizWiz_val_00002188_2188
2026-08-18 02:38:45,746 INFO [refresh_grounding_cache] [1551/1842] vizwiz_VizWiz_val_00002192_2192
2026-08-18 02:38:49,478 INFO [refresh_grounding_cache] [1552/1842] vizwiz_VizWiz_val_00002195_2195
2026-08-18 02:38:53,260 INFO [refresh_grounding_cache] [1553/1842] vizwiz_VizWiz_val_00002197_2197
2026-08-18 02:38:57,708 INFO [refresh_grounding_cache] [1554/1842] vizwiz_VizWiz_val_00002201_2201
2026-08-18 02:39:01,299 INFO [refresh_grounding_cache] [1555/1842] vizwiz_VizWiz_val_00002202_2202
2026-08-18 02:39:05,981 INFO [refresh_grounding_cache] [1556/1842] vizwiz_VizWiz_val_00002204_2204
2026-08-18 02:39:09,546 INFO [refresh_grounding_cache] [1557/1842] vizwiz_VizWiz_val_00002212_2212
2026-08-18 02:39:15,011 INFO [refresh_grounding_cache] [1558/1842] vizwiz_VizWiz_val_00002222_2222
2026-08-18 02:39:22,075 INFO [refresh_grounding_cache] [1559/1842] vizwiz_VizWiz_val_00002227_2227
2026-08-18 02:39:26,057 INFO [refresh_grounding_cache] [1560/1842] vizwiz_VizWiz_val_00002233_2233
2026-08-18 02:39:29,007 INFO [refresh_grounding_cache] [1561/1842] vizwiz_VizWiz_val_00002247_2247
2026-08-18 02:39:33,747 INFO [refresh_grounding_cache] [1562/1842] vizwiz_VizWiz_val_00002248_2248
2026-08-18 02:39:37,345 INFO [refresh_grounding_cache] [1563/1842] vizwiz_VizWiz_val_00002254_2254
2026-08-18 02:39:40,053 INFO [refresh_grounding_cache] [1564/1842] vizwiz_VizWiz_val_00002256_2256
2026-08-18 02:39:45,310 INFO [refresh_grounding_cache] [1565/1842] vizwiz_VizWiz_val_00002263_2263
2026-08-18 02:39:49,275 INFO [refresh_grounding_cache] [1566/1842] vizwiz_VizWiz_val_00002264_2264
2026-08-18 02:39:52,699 INFO [refresh_grounding_cache] [1567/1842] vizwiz_VizWiz_val_00002267_2267
2026-08-18 02:39:57,322 INFO [refresh_grounding_cache] [1568/1842] vizwiz_VizWiz_val_00002269_2269
2026-08-18 02:40:00,605 INFO [refresh_grounding_cache] [1569/1842] vizwiz_VizWiz_val_00002272_2272
2026-08-18 02:40:04,120 INFO [refresh_grounding_cache] [1570/1842] vizwiz_VizWiz_val_00002275_2275
2026-08-18 02:40:07,544 INFO [refresh_grounding_cache] [1571/1842] vizwiz_VizWiz_val_00002279_2279
2026-08-18 02:40:11,051 INFO [refresh_grounding_cache] [1572/1842] vizwiz_VizWiz_val_00002285_2285
2026-08-18 02:40:14,683 INFO [refresh_grounding_cache] [1573/1842] vizwiz_VizWiz_val_00002290_2290
2026-08-18 02:40:18,932 INFO [refresh_grounding_cache] [1574/1842] vizwiz_VizWiz_val_00002292_2292
2026-08-18 02:40:21,531 INFO [refresh_grounding_cache] [1575/1842] vizwiz_VizWiz_val_00002301_2301
2026-08-18 02:40:25,955 INFO [refresh_grounding_cache] [1576/1842] vizwiz_VizWiz_val_00002313_2313
2026-08-18 02:40:31,253 INFO [refresh_grounding_cache] [1577/1842] vizwiz_VizWiz_val_00002314_2314
2026-08-18 02:40:35,710 INFO [refresh_grounding_cache] [1578/1842] vizwiz_VizWiz_val_00002319_2319
2026-08-18 02:40:38,834 INFO [refresh_grounding_cache] [1579/1842] vizwiz_VizWiz_val_00002326_2326
2026-08-18 02:40:42,833 INFO [refresh_grounding_cache] [1580/1842] vizwiz_VizWiz_val_00002328_2328
2026-08-18 02:40:51,321 INFO [refresh_grounding_cache] [1581/1842] vizwiz_VizWiz_val_00002338_2338
2026-08-18 02:40:54,620 INFO [refresh_grounding_cache] [1582/1842] vizwiz_VizWiz_val_00002344_2344
2026-08-18 02:40:57,236 INFO [refresh_grounding_cache] [1583/1842] vizwiz_VizWiz_val_00002345_2345
2026-08-18 02:41:00,510 INFO [refresh_grounding_cache] [1584/1842] vizwiz_VizWiz_val_00002350_2350
2026-08-18 02:41:03,326 INFO [refresh_grounding_cache] [1585/1842] vizwiz_VizWiz_val_00002351_2351
2026-08-18 02:41:06,417 INFO [refresh_grounding_cache] [1586/1842] vizwiz_VizWiz_val_00002352_2352
2026-08-18 02:41:09,099 INFO [refresh_grounding_cache] [1587/1842] vizwiz_VizWiz_val_00002353_2353
2026-08-18 02:41:12,006 INFO [refresh_grounding_cache] [1588/1842] vizwiz_VizWiz_val_00002355_2355
2026-08-18 02:41:15,755 INFO [refresh_grounding_cache] [1589/1842] vizwiz_VizWiz_val_00002356_2356
2026-08-18 02:41:19,587 INFO [refresh_grounding_cache] [1590/1842] vizwiz_VizWiz_val_00002357_2357
2026-08-18 02:41:22,728 INFO [refresh_grounding_cache] [1591/1842] vizwiz_VizWiz_val_00002358_2358
2026-08-18 02:41:26,469 INFO [refresh_grounding_cache] [1592/1842] vizwiz_VizWiz_val_00002363_2363
2026-08-18 02:41:30,467 INFO [refresh_grounding_cache] [1593/1842] vizwiz_VizWiz_val_00002369_2369
2026-08-18 02:41:34,916 INFO [refresh_grounding_cache] [1594/1842] vizwiz_VizWiz_val_00002371_2371
2026-08-18 02:41:37,965 INFO [refresh_grounding_cache] [1595/1842] vizwiz_VizWiz_val_00002374_2374
2026-08-18 02:41:49,761 INFO [refresh_grounding_cache] [1596/1842] vizwiz_VizWiz_val_00002375_2375
2026-08-18 02:41:54,126 INFO [refresh_grounding_cache] [1597/1842] vizwiz_VizWiz_val_00002377_2377
2026-08-18 02:41:57,159 INFO [refresh_grounding_cache] [1598/1842] vizwiz_VizWiz_val_00002381_2381
2026-08-18 02:42:04,181 INFO [refresh_grounding_cache] [1599/1842] vizwiz_VizWiz_val_00002388_2388
2026-08-18 02:42:07,113 INFO [refresh_grounding_cache] [1600/1842] vizwiz_VizWiz_val_00002389_2389
2026-08-18 02:42:11,529 INFO [refresh_grounding_cache] [1601/1842] vizwiz_VizWiz_val_00002394_2394
2026-08-18 02:42:17,443 INFO [refresh_grounding_cache] [1602/1842] vizwiz_VizWiz_val_00002399_2399
2026-08-18 02:42:21,167 INFO [refresh_grounding_cache] [1603/1842] vizwiz_VizWiz_val_00002400_2400
2026-08-18 02:42:24,658 INFO [refresh_grounding_cache] [1604/1842] vizwiz_VizWiz_val_00002402_2402
2026-08-18 02:42:29,173 INFO [refresh_grounding_cache] [1605/1842] vizwiz_VizWiz_val_00002418_2418
2026-08-18 02:42:33,205 INFO [refresh_grounding_cache] [1606/1842] vizwiz_VizWiz_val_00002422_2422
2026-08-18 02:42:35,904 INFO [refresh_grounding_cache] [1607/1842] vizwiz_VizWiz_val_00002427_2427
2026-08-18 02:42:39,245 INFO [refresh_grounding_cache] [1608/1842] vizwiz_VizWiz_val_00002434_2434
2026-08-18 02:42:41,952 INFO [refresh_grounding_cache] [1609/1842] vizwiz_VizWiz_val_00002437_2437
2026-08-18 02:42:46,976 INFO [refresh_grounding_cache] [1610/1842] vizwiz_VizWiz_val_00002441_2441
2026-08-18 02:42:50,266 INFO [refresh_grounding_cache] [1611/1842] vizwiz_VizWiz_val_00002443_2443
2026-08-18 02:42:53,424 INFO [refresh_grounding_cache] [1612/1842] vizwiz_VizWiz_val_00002446_2446
2026-08-18 02:42:57,439 INFO [refresh_grounding_cache] [1613/1842] vizwiz_VizWiz_val_00002453_2453
2026-08-18 02:43:01,579 INFO [refresh_grounding_cache] [1614/1842] vizwiz_VizWiz_val_00002459_2459
2026-08-18 02:43:04,920 INFO [refresh_grounding_cache] [1615/1842] vizwiz_VizWiz_val_00002463_2463
2026-08-18 02:43:11,276 INFO [refresh_grounding_cache] [1616/1842] vizwiz_VizWiz_val_00002464_2464
2026-08-18 02:43:15,758 INFO [refresh_grounding_cache] [1617/1842] vizwiz_VizWiz_val_00002466_2466
2026-08-18 02:43:21,023 INFO [refresh_grounding_cache] [1618/1842] vizwiz_VizWiz_val_00002468_2468
2026-08-18 02:43:24,272 INFO [refresh_grounding_cache] [1619/1842] vizwiz_VizWiz_val_00002473_2473
2026-08-18 02:43:27,763 INFO [refresh_grounding_cache] [1620/1842] vizwiz_VizWiz_val_00002476_2476
2026-08-18 02:43:31,711 INFO [refresh_grounding_cache] [1621/1842] vizwiz_VizWiz_val_00002479_2479
2026-08-18 02:43:35,960 INFO [refresh_grounding_cache] [1622/1842] vizwiz_VizWiz_val_00002489_2489
2026-08-18 02:43:42,200 INFO [refresh_grounding_cache] [1623/1842] vizwiz_VizWiz_val_00002495_2495
2026-08-18 02:43:44,590 INFO [refresh_grounding_cache] [1624/1842] vizwiz_VizWiz_val_00002515_2515
2026-08-18 02:43:47,056 INFO [refresh_grounding_cache] [1625/1842] vizwiz_VizWiz_val_00002516_2516
2026-08-18 02:43:50,830 INFO [refresh_grounding_cache] [1626/1842] vizwiz_VizWiz_val_00002518_2518
2026-08-18 02:43:55,312 INFO [refresh_grounding_cache] [1627/1842] vizwiz_VizWiz_val_00002520_2520
2026-08-18 02:43:59,111 INFO [refresh_grounding_cache] [1628/1842] vizwiz_VizWiz_val_00002521_2521
2026-08-18 02:44:02,260 INFO [refresh_grounding_cache] [1629/1842] vizwiz_VizWiz_val_00002522_2522
2026-08-18 02:44:06,392 INFO [refresh_grounding_cache] [1630/1842] vizwiz_VizWiz_val_00002524_2524
2026-08-18 02:44:10,049 INFO [refresh_grounding_cache] [1631/1842] vizwiz_VizWiz_val_00002526_2526
2026-08-18 02:44:13,606 INFO [refresh_grounding_cache] [1632/1842] vizwiz_VizWiz_val_00002529_2529
2026-08-18 02:44:18,704 INFO [refresh_grounding_cache] [1633/1842] vizwiz_VizWiz_val_00002532_2532
2026-08-18 02:44:22,103 INFO [refresh_grounding_cache] [1634/1842] vizwiz_VizWiz_val_00002537_2537
2026-08-18 02:44:27,877 INFO [refresh_grounding_cache] [1635/1842] vizwiz_VizWiz_val_00002540_2540
2026-08-18 02:44:30,392 INFO [refresh_grounding_cache] [1636/1842] vizwiz_VizWiz_val_00002542_2542
2026-08-18 02:44:33,383 INFO [refresh_grounding_cache] [1637/1842] vizwiz_VizWiz_val_00002544_2544
2026-08-18 02:44:37,615 INFO [refresh_grounding_cache] [1638/1842] vizwiz_VizWiz_val_00002546_2546
2026-08-18 02:44:41,322 INFO [refresh_grounding_cache] [1639/1842] vizwiz_VizWiz_val_00002550_2550
2026-08-18 02:44:44,929 INFO [refresh_grounding_cache] [1640/1842] vizwiz_VizWiz_val_00002554_2554
2026-08-18 02:44:52,793 INFO [refresh_grounding_cache] [1641/1842] vizwiz_VizWiz_val_00002558_2558
2026-08-18 02:44:55,559 INFO [refresh_grounding_cache] [1642/1842] vizwiz_VizWiz_val_00002559_2559
2026-08-18 02:45:00,533 INFO [refresh_grounding_cache] [1643/1842] vizwiz_VizWiz_val_00002560_2560
2026-08-18 02:45:03,973 INFO [refresh_grounding_cache] [1644/1842] vizwiz_VizWiz_val_00002563_2563
2026-08-18 02:45:07,939 INFO [refresh_grounding_cache] [1645/1842] vizwiz_VizWiz_val_00002564_2564
2026-08-18 02:45:11,062 INFO [refresh_grounding_cache] [1646/1842] vizwiz_VizWiz_val_00002565_2565
2026-08-18 02:45:14,728 INFO [refresh_grounding_cache] [1647/1842] vizwiz_VizWiz_val_00002566_2566
2026-08-18 02:45:17,719 INFO [refresh_grounding_cache] [1648/1842] vizwiz_VizWiz_val_00002570_2570
2026-08-18 02:45:23,050 INFO [refresh_grounding_cache] [1649/1842] vizwiz_VizWiz_val_00002578_2578
2026-08-18 02:45:27,149 INFO [refresh_grounding_cache] [1650/1842] vizwiz_VizWiz_val_00002579_2579
2026-08-18 02:45:30,923 INFO [refresh_grounding_cache] [1651/1842] vizwiz_VizWiz_val_00002584_2584
2026-08-18 02:45:34,713 INFO [refresh_grounding_cache] [1652/1842] vizwiz_VizWiz_val_00002587_2587
2026-08-18 02:45:38,795 INFO [refresh_grounding_cache] [1653/1842] vizwiz_VizWiz_val_00002588_2588
2026-08-18 02:45:42,244 INFO [refresh_grounding_cache] [1654/1842] vizwiz_VizWiz_val_00002591_2591
2026-08-18 02:45:45,785 INFO [refresh_grounding_cache] [1655/1842] vizwiz_VizWiz_val_00002593_2593
2026-08-18 02:45:49,292 INFO [refresh_grounding_cache] [1656/1842] vizwiz_VizWiz_val_00002598_2598
2026-08-18 02:45:52,008 INFO [refresh_grounding_cache] [1657/1842] vizwiz_VizWiz_val_00002602_2602
2026-08-18 02:45:55,823 INFO [refresh_grounding_cache] [1658/1842] vizwiz_VizWiz_val_00002604_2604
2026-08-18 02:45:59,372 INFO [refresh_grounding_cache] [1659/1842] vizwiz_VizWiz_val_00002605_2605
2026-08-18 02:46:02,762 INFO [refresh_grounding_cache] [1660/1842] vizwiz_VizWiz_val_00002609_2609
2026-08-18 02:46:06,128 INFO [refresh_grounding_cache] [1661/1842] vizwiz_VizWiz_val_00002612_2612
2026-08-18 02:46:09,943 INFO [refresh_grounding_cache] [1662/1842] vizwiz_VizWiz_val_00002613_2613
2026-08-18 02:46:15,042 INFO [refresh_grounding_cache] [1663/1842] vizwiz_VizWiz_val_00002615_2615
2026-08-18 02:46:20,123 INFO [refresh_grounding_cache] [1664/1842] vizwiz_VizWiz_val_00002617_2617
2026-08-18 02:46:24,789 INFO [refresh_grounding_cache] [1665/1842] vizwiz_VizWiz_val_00002628_2628
2026-08-18 02:46:34,419 INFO [refresh_grounding_cache] [1666/1842] vizwiz_VizWiz_val_00002629_2629
2026-08-18 02:46:37,776 INFO [refresh_grounding_cache] [1667/1842] vizwiz_VizWiz_val_00002630_2630
2026-08-18 02:46:42,441 INFO [refresh_grounding_cache] [1668/1842] vizwiz_VizWiz_val_00002634_2634
2026-08-18 02:46:45,957 INFO [refresh_grounding_cache] [1669/1842] vizwiz_VizWiz_val_00002635_2635
2026-08-18 02:46:49,597 INFO [refresh_grounding_cache] [1670/1842] vizwiz_VizWiz_val_00002641_2641
2026-08-18 02:46:52,338 INFO [refresh_grounding_cache] [1671/1842] vizwiz_VizWiz_val_00002646_2646
2026-08-18 02:46:54,904 INFO [refresh_grounding_cache] [1672/1842] vizwiz_VizWiz_val_00002649_2649
2026-08-18 02:46:59,719 INFO [refresh_grounding_cache] [1673/1842] vizwiz_VizWiz_val_00002671_2671
2026-08-18 02:47:03,959 INFO [refresh_grounding_cache] [1674/1842] vizwiz_VizWiz_val_00002672_2672
2026-08-18 02:47:06,941 INFO [refresh_grounding_cache] [1675/1842] vizwiz_VizWiz_val_00002675_2675
2026-08-18 02:47:11,398 INFO [refresh_grounding_cache] [1676/1842] vizwiz_VizWiz_val_00002683_2683
2026-08-18 02:47:17,088 INFO [refresh_grounding_cache] [1677/1842] vizwiz_VizWiz_val_00002685_2685
2026-08-18 02:47:34,665 INFO [refresh_grounding_cache] [1678/1842] vizwiz_VizWiz_val_00002687_2687
2026-08-18 02:47:37,298 INFO [refresh_grounding_cache] [1679/1842] vizwiz_VizWiz_val_00002695_2695
2026-08-18 02:47:41,547 INFO [refresh_grounding_cache] [1680/1842] vizwiz_VizWiz_val_00002697_2697
2026-08-18 02:47:44,412 INFO [refresh_grounding_cache] [1681/1842] vizwiz_VizWiz_val_00002699_2699
2026-08-18 02:47:48,261 INFO [refresh_grounding_cache] [1682/1842] vizwiz_VizWiz_val_00002701_2701
2026-08-18 02:47:51,669 INFO [refresh_grounding_cache] [1683/1842] vizwiz_VizWiz_val_00002710_2710
2026-08-18 02:47:55,409 INFO [refresh_grounding_cache] [1684/1842] vizwiz_VizWiz_val_00002714_2714
2026-08-18 02:48:01,591 INFO [refresh_grounding_cache] [1685/1842] vizwiz_VizWiz_val_00002715_2715
2026-08-18 02:48:06,056 INFO [refresh_grounding_cache] [1686/1842] vizwiz_VizWiz_val_00002719_2719
2026-08-18 02:48:09,521 INFO [refresh_grounding_cache] [1687/1842] vizwiz_VizWiz_val_00002721_2721
2026-08-18 02:48:12,729 INFO [refresh_grounding_cache] [1688/1842] vizwiz_VizWiz_val_00002728_2728
2026-08-18 02:48:15,703 INFO [refresh_grounding_cache] [1689/1842] vizwiz_VizWiz_val_00002731_2731
2026-08-18 02:48:21,301 INFO [refresh_grounding_cache] [1690/1842] vizwiz_VizWiz_val_00002739_2739
2026-08-18 02:48:25,883 INFO [refresh_grounding_cache] [1691/1842] vizwiz_VizWiz_val_00002744_2744
2026-08-18 02:48:30,081 INFO [refresh_grounding_cache] [1692/1842] vizwiz_VizWiz_val_00002745_2745
2026-08-18 02:48:33,863 INFO [refresh_grounding_cache] [1693/1842] vizwiz_VizWiz_val_00002746_2746
2026-08-18 02:48:37,221 INFO [refresh_grounding_cache] [1694/1842] vizwiz_VizWiz_val_00002748_2748
2026-08-18 02:48:43,227 INFO [refresh_grounding_cache] [1695/1842] vizwiz_VizWiz_val_00002749_2749
2026-08-18 02:48:47,676 INFO [refresh_grounding_cache] [1696/1842] vizwiz_VizWiz_val_00002752_2752
2026-08-18 02:48:50,691 INFO [refresh_grounding_cache] [1697/1842] vizwiz_VizWiz_val_00002753_2753
2026-08-18 02:48:54,948 INFO [refresh_grounding_cache] [1698/1842] vizwiz_VizWiz_val_00002756_2756
2026-08-18 02:48:59,255 INFO [refresh_grounding_cache] [1699/1842] vizwiz_VizWiz_val_00002757_2757
2026-08-18 02:49:02,013 INFO [refresh_grounding_cache] [1700/1842] vizwiz_VizWiz_val_00002758_2758
2026-08-18 02:49:05,245 INFO [refresh_grounding_cache] [1701/1842] vizwiz_VizWiz_val_00002759_2759
2026-08-18 02:49:08,844 INFO [refresh_grounding_cache] [1702/1842] vizwiz_VizWiz_val_00002762_2762
2026-08-18 02:49:12,418 INFO [refresh_grounding_cache] [1703/1842] vizwiz_VizWiz_val_00002764_2764
2026-08-18 02:49:16,558 INFO [refresh_grounding_cache] [1704/1842] vizwiz_VizWiz_val_00002774_2774
2026-08-18 02:49:21,165 INFO [refresh_grounding_cache] [1705/1842] vizwiz_VizWiz_val_00002775_2775
2026-08-18 02:49:25,188 INFO [refresh_grounding_cache] [1706/1842] vizwiz_VizWiz_val_00002776_2776
2026-08-18 02:49:30,595 INFO [refresh_grounding_cache] [1707/1842] vizwiz_VizWiz_val_00002779_2779
2026-08-18 02:49:36,201 INFO [refresh_grounding_cache] [1708/1842] vizwiz_VizWiz_val_00002794_2794
2026-08-18 02:49:40,808 INFO [refresh_grounding_cache] [1709/1842] vizwiz_VizWiz_val_00002797_2797
2026-08-18 02:49:44,874 INFO [refresh_grounding_cache] [1710/1842] vizwiz_VizWiz_val_00002807_2807
2026-08-18 02:49:48,714 INFO [refresh_grounding_cache] [1711/1842] vizwiz_VizWiz_val_00002812_2812
2026-08-18 02:49:53,104 INFO [refresh_grounding_cache] [1712/1842] vizwiz_VizWiz_val_00002813_2813
2026-08-18 02:49:57,561 INFO [refresh_grounding_cache] [1713/1842] vizwiz_VizWiz_val_00002824_2824
2026-08-18 02:50:01,343 INFO [refresh_grounding_cache] [1714/1842] vizwiz_VizWiz_val_00002825_2825
2026-08-18 02:50:04,875 INFO [refresh_grounding_cache] [1715/1842] vizwiz_VizWiz_val_00002826_2826
2026-08-18 02:50:08,499 INFO [refresh_grounding_cache] [1716/1842] vizwiz_VizWiz_val_00002827_2827
2026-08-18 02:50:13,106 INFO [refresh_grounding_cache] [1717/1842] vizwiz_VizWiz_val_00002850_2850
2026-08-18 02:50:18,621 INFO [refresh_grounding_cache] [1718/1842] vizwiz_VizWiz_val_00002851_2851
2026-08-18 02:50:22,411 INFO [refresh_grounding_cache] [1719/1842] vizwiz_VizWiz_val_00002854_2854
2026-08-18 02:50:25,294 INFO [refresh_grounding_cache] [1720/1842] vizwiz_VizWiz_val_00002855_2855
2026-08-18 02:50:33,766 INFO [refresh_grounding_cache] [1721/1842] vizwiz_VizWiz_val_00002856_2856
2026-08-18 02:50:38,265 INFO [refresh_grounding_cache] [1722/1842] vizwiz_VizWiz_val_00002863_2863
2026-08-18 02:50:41,822 INFO [refresh_grounding_cache] [1723/1842] vizwiz_VizWiz_val_00002864_2864
2026-08-18 02:50:44,937 INFO [refresh_grounding_cache] [1724/1842] vizwiz_VizWiz_val_00002867_2867
2026-08-18 02:50:48,136 INFO [refresh_grounding_cache] [1725/1842] vizwiz_VizWiz_val_00002871_2871
2026-08-18 02:50:50,902 INFO [refresh_grounding_cache] [1726/1842] vizwiz_VizWiz_val_00002873_2873
2026-08-18 02:50:54,134 INFO [refresh_grounding_cache] [1727/1842] vizwiz_VizWiz_val_00002877_2877
2026-08-18 02:50:58,458 INFO [refresh_grounding_cache] [1728/1842] vizwiz_VizWiz_val_00002878_2878
2026-08-18 02:51:01,857 INFO [refresh_grounding_cache] [1729/1842] vizwiz_VizWiz_val_00002879_2879
2026-08-18 02:51:06,614 INFO [refresh_grounding_cache] [1730/1842] vizwiz_VizWiz_val_00002880_2880
2026-08-18 02:51:09,804 INFO [refresh_grounding_cache] [1731/1842] vizwiz_VizWiz_val_00002882_2882
2026-08-18 02:51:14,261 INFO [refresh_grounding_cache] [1732/1842] vizwiz_VizWiz_val_00002887_2887
2026-08-18 02:51:17,077 INFO [refresh_grounding_cache] [1733/1842] vizwiz_VizWiz_val_00002889_2889
2026-08-18 02:51:20,076 INFO [refresh_grounding_cache] [1734/1842] vizwiz_VizWiz_val_00002891_2891
2026-08-18 02:51:23,675 INFO [refresh_grounding_cache] [1735/1842] vizwiz_VizWiz_val_00002900_2900
2026-08-18 02:51:27,957 INFO [refresh_grounding_cache] [1736/1842] vizwiz_VizWiz_val_00002908_2908
2026-08-18 02:51:31,689 INFO [refresh_grounding_cache] [1737/1842] vizwiz_VizWiz_val_00002911_2911
2026-08-18 02:51:37,104 INFO [refresh_grounding_cache] [1738/1842] vizwiz_VizWiz_val_00002915_2915
2026-08-18 02:51:40,553 INFO [refresh_grounding_cache] [1739/1842] vizwiz_VizWiz_val_00002925_2925
2026-08-18 02:51:43,460 INFO [refresh_grounding_cache] [1740/1842] vizwiz_VizWiz_val_00002931_2931
2026-08-18 02:51:49,566 INFO [refresh_grounding_cache] [1741/1842] vizwiz_VizWiz_val_00002933_2933
2026-08-18 02:51:54,357 INFO [refresh_grounding_cache] [1742/1842] vizwiz_VizWiz_val_00002935_2935
2026-08-18 02:51:58,789 INFO [refresh_grounding_cache] [1743/1842] vizwiz_VizWiz_val_00002939_2939
2026-08-18 02:52:04,045 INFO [refresh_grounding_cache] [1744/1842] vizwiz_VizWiz_val_00002951_2951
2026-08-18 02:52:10,518 INFO [refresh_grounding_cache] [1745/1842] vizwiz_VizWiz_val_00002959_2959
2026-08-18 02:52:15,475 INFO [refresh_grounding_cache] [1746/1842] vizwiz_VizWiz_val_00002960_2960
2026-08-18 02:52:19,723 INFO [refresh_grounding_cache] [1747/1842] vizwiz_VizWiz_val_00002963_2963
2026-08-18 02:52:22,747 INFO [refresh_grounding_cache] [1748/1842] vizwiz_VizWiz_val_00002965_2965
2026-08-18 02:52:25,688 INFO [refresh_grounding_cache] [1749/1842] vizwiz_VizWiz_val_00002972_2972
2026-08-18 02:52:28,712 INFO [refresh_grounding_cache] [1750/1842] vizwiz_VizWiz_val_00002974_2974
2026-08-18 02:52:32,919 INFO [refresh_grounding_cache] [1751/1842] vizwiz_VizWiz_val_00002977_2977
2026-08-18 02:52:37,126 INFO [refresh_grounding_cache] [1752/1842] vizwiz_VizWiz_val_00002984_2984
2026-08-18 02:52:40,417 INFO [refresh_grounding_cache] [1753/1842] vizwiz_VizWiz_val_00002985_2985
2026-08-18 02:52:43,341 INFO [refresh_grounding_cache] [1754/1842] vizwiz_VizWiz_val_00002988_2988
2026-08-18 02:52:46,415 INFO [refresh_grounding_cache] [1755/1842] vizwiz_VizWiz_val_00002989_2989
2026-08-18 02:52:49,073 INFO [refresh_grounding_cache] [1756/1842] vizwiz_VizWiz_val_00002992_2992
2026-08-18 02:52:53,821 INFO [refresh_grounding_cache] [1757/1842] vizwiz_VizWiz_val_00002996_2996
2026-08-18 02:52:57,986 INFO [refresh_grounding_cache] [1758/1842] vizwiz_VizWiz_val_00002999_2999
2026-08-18 02:53:02,810 INFO [refresh_grounding_cache] [1759/1842] vsr_11_11
2026-08-18 02:53:09,499 INFO [refresh_grounding_cache] [1760/1842] vsr_12_12
2026-08-18 02:53:14,531 INFO [refresh_grounding_cache] [1761/1842] vsr_18_18
2026-08-18 02:53:19,163 INFO [refresh_grounding_cache] [1762/1842] vsr_20_20
2026-08-18 02:53:22,079 INFO [refresh_grounding_cache] [1763/1842] vsr_21_21
2026-08-18 02:53:25,844 INFO [refresh_grounding_cache] [1764/1842] vsr_24_24
2026-08-18 02:53:29,076 INFO [refresh_grounding_cache] [1765/1842] vsr_26_26
2026-08-18 02:53:34,866 INFO [refresh_grounding_cache] [1766/1842] vsr_30_30
2026-08-18 02:53:39,939 INFO [refresh_grounding_cache] [1767/1842] vsr_31_31
2026-08-18 02:53:43,905 INFO [refresh_grounding_cache] [1768/1842] vsr_32_32
2026-08-18 02:53:48,262 INFO [refresh_grounding_cache] [1769/1842] vsr_41_41
2026-08-18 02:53:52,627 INFO [refresh_grounding_cache] [1770/1842] vsr_50_50
2026-08-18 02:53:56,950 INFO [refresh_grounding_cache] [1771/1842] vsr_51_51
2026-08-18 02:54:00,999 INFO [refresh_grounding_cache] [1772/1842] vsr_53_53
2026-08-18 02:54:04,656 INFO [refresh_grounding_cache] [1773/1842] vsr_55_55
2026-08-18 02:54:09,546 INFO [refresh_grounding_cache] [1774/1842] vsr_56_56
2026-08-18 02:54:12,795 INFO [refresh_grounding_cache] [1775/1842] vsr_57_57
2026-08-18 02:54:19,610 INFO [refresh_grounding_cache] [1776/1842] vsr_63_63
2026-08-18 02:54:22,467 INFO [refresh_grounding_cache] [1777/1842] vsr_64_64
2026-08-18 02:54:27,224 INFO [refresh_grounding_cache] [1778/1842] vsr_68_68
2026-08-18 02:54:30,339 INFO [refresh_grounding_cache] [1779/1842] vsr_70_70
2026-08-18 02:54:33,538 INFO [refresh_grounding_cache] [1780/1842] vsr_72_72
2026-08-18 02:54:37,329 INFO [refresh_grounding_cache] [1781/1842] vsr_73_73
2026-08-18 02:54:42,636 INFO [refresh_grounding_cache] [1782/1842] vsr_85_85
2026-08-18 02:54:47,001 INFO [refresh_grounding_cache] [1783/1842] vsr_86_86
2026-08-18 02:54:53,224 INFO [refresh_grounding_cache] [1784/1842] vsr_88_88
2026-08-18 02:54:56,614 INFO [refresh_grounding_cache] [1785/1842] vsr_95_95
2026-08-18 02:55:00,480 INFO [refresh_grounding_cache] [1786/1842] vsr_99_99
2026-08-18 02:55:05,053 INFO [refresh_grounding_cache] [1787/1842] vsr_100_100
2026-08-18 02:55:07,986 INFO [refresh_grounding_cache] [1788/1842] vsr_110_110
2026-08-18 02:55:11,718 INFO [refresh_grounding_cache] [1789/1842] vsr_112_112
2026-08-18 02:55:15,891 INFO [refresh_grounding_cache] [1790/1842] vsr_113_113
2026-08-18 02:55:21,681 INFO [refresh_grounding_cache] [1791/1842] vsr_117_117
2026-08-18 02:55:24,905 INFO [refresh_grounding_cache] [1792/1842] vsr_119_119
2026-08-18 02:55:28,454 INFO [refresh_grounding_cache] [1793/1842] vsr_124_124
2026-08-18 02:55:32,428 INFO [refresh_grounding_cache] [1794/1842] vsr_125_125
2026-08-18 02:55:37,351 INFO [refresh_grounding_cache] [1795/1842] vsr_126_126
2026-08-18 02:55:40,225 INFO [refresh_grounding_cache] [1796/1842] vsr_130_130
2026-08-18 02:55:43,691 INFO [refresh_grounding_cache] [1797/1842] vsr_140_140
2026-08-18 02:55:47,631 INFO [refresh_grounding_cache] [1798/1842] vsr_151_151
2026-08-18 02:55:50,589 INFO [refresh_grounding_cache] [1799/1842] vsr_159_159
2026-08-18 02:55:54,104 INFO [refresh_grounding_cache] [1800/1842] vsr_160_160
2026-08-18 02:55:56,828 INFO [refresh_grounding_cache] [1801/1842] vsr_166_166
2026-08-18 02:55:59,519 INFO [refresh_grounding_cache] [1802/1842] vsr_171_171
2026-08-18 02:56:05,350 INFO [refresh_grounding_cache] [1803/1842] vsr_174_174
2026-08-18 02:56:09,916 INFO [refresh_grounding_cache] [1804/1842] vsr_177_177
2026-08-18 02:56:15,580 INFO [refresh_grounding_cache] [1805/1842] vsr_181_181
2026-08-18 02:56:19,754 INFO [refresh_grounding_cache] [1806/1842] vsr_186_186
2026-08-18 02:56:23,186 INFO [refresh_grounding_cache] [1807/1842] vsr_187_187
2026-08-18 02:56:27,102 INFO [refresh_grounding_cache] [1808/1842] vsr_190_190
2026-08-18 02:56:30,651 INFO [refresh_grounding_cache] [1809/1842] vsr_202_202
2026-08-18 02:56:33,933 INFO [refresh_grounding_cache] [1810/1842] vsr_203_203
2026-08-18 02:56:36,765 INFO [refresh_grounding_cache] [1811/1842] vsr_206_206
2026-08-18 02:56:39,498 INFO [refresh_grounding_cache] [1812/1842] vsr_214_214
2026-08-18 02:56:42,405 INFO [refresh_grounding_cache] [1813/1842] vsr_219_219
2026-08-18 02:56:48,029 INFO [refresh_grounding_cache] [1814/1842] vsr_223_223
2026-08-18 02:56:51,836 INFO [refresh_grounding_cache] [1815/1842] vsr_231_231
2026-08-18 02:56:55,251 INFO [refresh_grounding_cache] [1816/1842] vsr_234_234
2026-08-18 02:57:00,183 INFO [refresh_grounding_cache] [1817/1842] vsr_235_235
2026-08-18 02:57:05,681 INFO [refresh_grounding_cache] [1818/1842] vsr_246_246
2026-08-18 02:57:10,155 INFO [refresh_grounding_cache] [1819/1842] vsr_247_247
2026-08-18 02:57:14,495 INFO [refresh_grounding_cache] [1820/1842] vsr_249_249
2026-08-18 02:57:19,060 INFO [refresh_grounding_cache] [1821/1842] vsr_255_255
2026-08-18 02:57:23,967 INFO [refresh_grounding_cache] [1822/1842] vsr_256_256
2026-08-18 02:57:29,457 INFO [refresh_grounding_cache] [1823/1842] vsr_259_259
2026-08-18 02:57:32,381 INFO [refresh_grounding_cache] [1824/1842] vsr_261_261
2026-08-18 02:57:36,896 INFO [refresh_grounding_cache] [1825/1842] vsr_270_270
2026-08-18 02:57:39,720 INFO [refresh_grounding_cache] [1826/1842] vsr_271_271
2026-08-18 02:57:43,111 INFO [refresh_grounding_cache] [1827/1842] vsr_272_272
2026-08-18 02:57:46,427 INFO [refresh_grounding_cache] [1828/1842] vsr_273_273
2026-08-18 02:57:51,175 INFO [refresh_grounding_cache] [1829/1842] vsr_277_277
2026-08-18 02:57:53,916 INFO [refresh_grounding_cache] [1830/1842] vsr_278_278
2026-08-18 02:57:57,881 INFO [refresh_grounding_cache] [1831/1842] vsr_281_281
2026-08-18 02:58:03,188 INFO [refresh_grounding_cache] [1832/1842] vsr_283_283
2026-08-18 02:58:06,170 INFO [refresh_grounding_cache] [1833/1842] vsr_284_284
2026-08-18 02:58:09,211 INFO [refresh_grounding_cache] [1834/1842] vsr_291_291
2026-08-18 02:58:12,252 INFO [refresh_grounding_cache] [1835/1842] vsr_308_308
2026-08-18 02:58:17,150 INFO [refresh_grounding_cache] [1836/1842] vsr_309_309
2026-08-18 02:58:20,524 INFO [refresh_grounding_cache] [1837/1842] vsr_314_314
2026-08-18 02:58:23,956 INFO [refresh_grounding_cache] [1838/1842] vsr_324_324
2026-08-18 02:58:26,514 INFO [refresh_grounding_cache] [1839/1842] vsr_330_330
2026-08-18 02:58:29,588 INFO [refresh_grounding_cache] [1840/1842] vsr_331_331
2026-08-18 02:58:32,553 INFO [refresh_grounding_cache] [1841/1842] vsr_337_337
2026-08-18 02:58:42,034 INFO [refresh_grounding_cache] [1842/1842] vsr_339_339
2026-08-18 02:58:47,102 INFO [refresh_grounding_cache] Refresh finished in 8754.5s with 6 failures
