2026-08-17 17:28:09,972 INFO [refresh_grounding_cache] Model=gemma4_e4b shard=0/4 completed=0 pending=1836
2026-08-17 17:28:09,972 INFO [refresh_grounding_cache] One grounding pass per pending row; max_new_tokens=512
2026-08-17 17:28:09,972 INFO [refresh_grounding_cache] Output=outputs/teacher_core_grounding512/teacher_gemma4_e4b_all_all_shard00-of-04.jsonl
2026-08-17 17:28:14,038 INFO [sentence_transformers.base.model] Loading SentenceTransformer model from /home/models/all-MiniLM-L6-v2.
Loading weights:   0%|          | 0/103 [00:00<?, ?it/s]Loading weights: 100%|██████████| 103/103 [00:00<00:00, 46709.19it/s]
[1mBertModel LOAD REPORT[0m from: /home/models/all-MiniLM-L6-v2
Key                     | Status     |  | 
------------------------+------------+--+-
embeddings.position_ids | UNEXPECTED |  | 

Notes:
- UNEXPECTED:	can be ignored when loading from different task/architecture; not ok if you expect identical arch.
2026-08-17 17:28:14,335 INFO [proactive.features.semantic] Loaded SemanticMatcher from local dir: /home/models/all-MiniLM-L6-v2
Loading weights:   0%|          | 0/2076 [00:00<?, ?it/s]Loading weights:  13%|█▎        | 279/2076 [00:00<00:00, 2787.42it/s]Loading weights:  27%|██▋       | 558/2076 [00:00<00:00, 2651.73it/s]Loading weights:  40%|███▉      | 824/2076 [00:01<00:02, 474.06it/s] Loading weights:  47%|████▋     | 980/2076 [00:01<00:02, 451.24it/s]Loading weights:  53%|█████▎    | 1090/2076 [00:02<00:02, 432.07it/s]Loading weights:  57%|█████▋    | 1174/2076 [00:02<00:02, 425.74it/s]Loading weights:  60%|█████▉    | 1243/2076 [00:02<00:02, 410.53it/s]Loading weights:  63%|██████▎   | 1301/2076 [00:02<00:01, 400.29it/s]Loading weights:  65%|██████▌   | 1352/2076 [00:02<00:01, 382.86it/s]Loading weights:  67%|██████▋   | 1398/2076 [00:02<00:01, 383.20it/s]Loading weights:  73%|███████▎  | 1519/2076 [00:02<00:01, 536.17it/s]Loading weights:  87%|████████▋ | 1809/2076 [00:03<00:00, 1030.96it/s]Loading weights: 100%|██████████| 2076/2076 [00:03<00:00, 655.33it/s] 
2026-08-17 17:28:20,350 INFO [refresh_grounding_cache] [1/1836] hallusionbench_7_7
The following generation flags are not valid and may be ignored: ['top_p', 'top_k']. Set `TRANSFORMERS_VERBOSITY=info` for more details.
2026-08-17 17:28:28,125 INFO [refresh_grounding_cache] [2/1836] hallusionbench_18_18
2026-08-17 17:28:43,837 INFO [refresh_grounding_cache] [3/1836] hallusionbench_19_19
2026-08-17 17:28:51,893 INFO [refresh_grounding_cache] [4/1836] hallusionbench_22_22
2026-08-17 17:29:12,404 INFO [refresh_grounding_cache] [5/1836] hallusionbench_33_33
2026-08-17 17:29:22,010 INFO [refresh_grounding_cache] [6/1836] hallusionbench_34_34
2026-08-17 17:29:32,348 INFO [refresh_grounding_cache] [7/1836] hallusionbench_35_35
2026-08-17 17:29:40,871 INFO [refresh_grounding_cache] [8/1836] hallusionbench_45_45
2026-08-17 17:29:47,194 INFO [refresh_grounding_cache] [9/1836] hallusionbench_56_56
2026-08-17 17:29:55,000 INFO [refresh_grounding_cache] [10/1836] hallusionbench_81_81
2026-08-17 17:30:05,489 INFO [refresh_grounding_cache] [11/1836] hallusionbench_83_83
2026-08-17 17:30:12,720 INFO [refresh_grounding_cache] [12/1836] hallusionbench_84_84
2026-08-17 17:30:25,517 INFO [refresh_grounding_cache] [13/1836] hallusionbench_93_93
2026-08-17 17:30:35,222 INFO [refresh_grounding_cache] [14/1836] hallusionbench_94_94
2026-08-17 17:30:43,995 INFO [refresh_grounding_cache] [15/1836] hallusionbench_103_103
2026-08-17 17:30:50,576 INFO [refresh_grounding_cache] [16/1836] hallusionbench_107_107
2026-08-17 17:30:57,141 INFO [refresh_grounding_cache] [17/1836] hallusionbench_113_113
2026-08-17 17:31:07,147 INFO [refresh_grounding_cache] [18/1836] hallusionbench_116_116
2026-08-17 17:31:16,828 INFO [refresh_grounding_cache] [19/1836] hallusionbench_130_130
2026-08-17 17:31:24,500 INFO [refresh_grounding_cache] [20/1836] hallusionbench_143_143
2026-08-17 17:31:42,537 INFO [refresh_grounding_cache] [21/1836] hallusionbench_145_145
2026-08-17 17:31:59,065 INFO [refresh_grounding_cache] [22/1836] hallusionbench_151_151
2026-08-17 17:32:04,839 INFO [refresh_grounding_cache] [23/1836] hallusionbench_155_155
2026-08-17 17:32:11,187 INFO [refresh_grounding_cache] [24/1836] hallusionbench_156_156
2026-08-17 17:32:19,376 INFO [refresh_grounding_cache] [25/1836] hallusionbench_157_157
2026-08-17 17:32:42,761 INFO [refresh_grounding_cache] [26/1836] hallusionbench_159_159
2026-08-17 17:32:49,934 INFO [refresh_grounding_cache] [27/1836] hallusionbench_160_160
2026-08-17 17:33:07,022 INFO [refresh_grounding_cache] [28/1836] hallusionbench_171_171
2026-08-17 17:33:12,045 INFO [refresh_grounding_cache] [29/1836] hallusionbench_176_176
2026-08-17 17:33:23,484 INFO [refresh_grounding_cache] [30/1836] hallusionbench_186_186
2026-08-17 17:33:29,732 INFO [refresh_grounding_cache] [31/1836] hallusionbench_190_190
2026-08-17 17:33:47,860 INFO [refresh_grounding_cache] [32/1836] hallusionbench_202_202
2026-08-17 17:33:53,775 INFO [refresh_grounding_cache] [33/1836] hallusionbench_203_203
2026-08-17 17:34:00,723 INFO [refresh_grounding_cache] [34/1836] hallusionbench_205_205
2026-08-17 17:34:06,855 INFO [refresh_grounding_cache] [35/1836] hallusionbench_221_221
2026-08-17 17:34:11,817 ERROR [refresh_grounding_cache] Grounding refresh failed for hallusionbench_221_221: Binary dataset answer not in valid domain: 'Niger' -> 'unknown'
Traceback (most recent call last):
  File "/home/aman/ProActive/scripts/refresh_grounding_cache.py", line 403, in main
    raise ValueError(observation.invalid_reason or "invalid grounding refresh")
ValueError: Binary dataset answer not in valid domain: 'Niger' -> 'unknown'
2026-08-17 17:34:11,818 INFO [refresh_grounding_cache] [36/1836] hallusionbench_229_229
2026-08-17 17:34:18,060 INFO [refresh_grounding_cache] [37/1836] hallusionbench_230_230
2026-08-17 17:34:22,098 ERROR [refresh_grounding_cache] Grounding refresh failed for hallusionbench_230_230: Binary dataset answer not in valid domain: 'France' -> 'unknown'
Traceback (most recent call last):
  File "/home/aman/ProActive/scripts/refresh_grounding_cache.py", line 403, in main
    raise ValueError(observation.invalid_reason or "invalid grounding refresh")
ValueError: Binary dataset answer not in valid domain: 'France' -> 'unknown'
2026-08-17 17:34:22,098 INFO [refresh_grounding_cache] [38/1836] hallusionbench_240_240
2026-08-17 17:34:34,180 INFO [refresh_grounding_cache] [39/1836] hallusionbench_241_241
2026-08-17 17:34:40,412 INFO [refresh_grounding_cache] [40/1836] hallusionbench_242_242
2026-08-17 17:34:46,385 INFO [refresh_grounding_cache] [41/1836] hallusionbench_249_249
2026-08-17 17:34:51,109 INFO [refresh_grounding_cache] [42/1836] hallusionbench_256_256
2026-08-17 17:34:56,624 INFO [refresh_grounding_cache] [43/1836] hallusionbench_262_262
2026-08-17 17:35:01,932 ERROR [refresh_grounding_cache] Grounding refresh failed for hallusionbench_262_262: Binary dataset answer not in valid domain: 'January 2023' -> 'unknown'
Traceback (most recent call last):
  File "/home/aman/ProActive/scripts/refresh_grounding_cache.py", line 403, in main
    raise ValueError(observation.invalid_reason or "invalid grounding refresh")
ValueError: Binary dataset answer not in valid domain: 'January 2023' -> 'unknown'
2026-08-17 17:35:01,932 INFO [refresh_grounding_cache] [44/1836] hallusionbench_265_265
2026-08-17 17:35:17,765 ERROR [refresh_grounding_cache] Grounding refresh failed for hallusionbench_265_265: Binary dataset answer not in valid domain: 'December 2022 and July 2023' -> 'unknown'
Traceback (most recent call last):
  File "/home/aman/ProActive/scripts/refresh_grounding_cache.py", line 403, in main
    raise ValueError(observation.invalid_reason or "invalid grounding refresh")
ValueError: Binary dataset answer not in valid domain: 'December 2022 and July 2023' -> 'unknown'
2026-08-17 17:35:17,765 INFO [refresh_grounding_cache] [45/1836] hallusionbench_270_270
2026-08-17 17:35:24,875 INFO [refresh_grounding_cache] [46/1836] hallusionbench_271_271
2026-08-17 17:35:32,948 INFO [refresh_grounding_cache] [47/1836] hallusionbench_280_280
2026-08-17 17:35:42,053 INFO [refresh_grounding_cache] [48/1836] hallusionbench_281_281
2026-08-17 17:35:46,794 INFO [refresh_grounding_cache] [49/1836] hallusionbench_285_285
2026-08-17 17:35:55,041 INFO [refresh_grounding_cache] [50/1836] hallusionbench_288_288
2026-08-17 17:36:13,169 INFO [refresh_grounding_cache] [51/1836] hallusionbench_296_296
2026-08-17 17:36:17,710 INFO [refresh_grounding_cache] [52/1836] hallusionbench_310_310
2026-08-17 17:36:22,275 INFO [refresh_grounding_cache] [53/1836] hallusionbench_321_321
2026-08-17 17:36:27,674 INFO [refresh_grounding_cache] [54/1836] hallusionbench_329_329
2026-08-17 17:36:33,389 INFO [refresh_grounding_cache] [55/1836] hallusionbench_334_334
2026-08-17 17:36:38,404 INFO [refresh_grounding_cache] [56/1836] hallusionbench_341_341
2026-08-17 17:36:42,945 INFO [refresh_grounding_cache] [57/1836] hallusionbench_346_346
2026-08-17 17:36:48,735 INFO [refresh_grounding_cache] [58/1836] hallusionbench_347_347
2026-08-17 17:36:57,566 INFO [refresh_grounding_cache] [59/1836] hallusionbench_357_357
2026-08-17 17:37:03,398 INFO [refresh_grounding_cache] [60/1836] hallusionbench_378_378
2026-08-17 17:37:07,897 INFO [refresh_grounding_cache] [61/1836] hallusionbench_380_380
2026-08-17 17:37:12,395 INFO [refresh_grounding_cache] [62/1836] hallusionbench_388_388
2026-08-17 17:37:17,936 INFO [refresh_grounding_cache] [63/1836] hallusionbench_401_401
2026-08-17 17:37:21,618 INFO [refresh_grounding_cache] [64/1836] hallusionbench_406_406
2026-08-17 17:37:25,225 INFO [refresh_grounding_cache] [65/1836] hallusionbench_408_408
2026-08-17 17:37:28,541 INFO [refresh_grounding_cache] [66/1836] hallusionbench_417_417
2026-08-17 17:37:44,928 INFO [refresh_grounding_cache] [67/1836] hallusionbench_420_420
2026-08-17 17:37:52,184 INFO [refresh_grounding_cache] [68/1836] hallusionbench_424_424
2026-08-17 17:37:58,041 INFO [refresh_grounding_cache] [69/1836] hallusionbench_425_425
2026-08-17 17:38:05,764 INFO [refresh_grounding_cache] [70/1836] hallusionbench_426_426
2026-08-17 17:38:14,511 INFO [refresh_grounding_cache] [71/1836] hallusionbench_427_427
2026-08-17 17:38:21,634 INFO [refresh_grounding_cache] [72/1836] hallusionbench_429_429
2026-08-17 17:38:28,882 INFO [refresh_grounding_cache] [73/1836] hallusionbench_433_433
2026-08-17 17:38:33,506 INFO [refresh_grounding_cache] [74/1836] hallusionbench_435_435
2026-08-17 17:38:39,397 INFO [refresh_grounding_cache] [75/1836] hallusionbench_447_447
2026-08-17 17:38:44,171 INFO [refresh_grounding_cache] [76/1836] hallusionbench_450_450
2026-08-17 17:38:52,626 INFO [refresh_grounding_cache] [77/1836] hallusionbench_454_454
2026-08-17 17:38:58,033 INFO [refresh_grounding_cache] [78/1836] hallusionbench_456_456
2026-08-17 17:39:03,132 INFO [refresh_grounding_cache] [79/1836] hallusionbench_470_470
2026-08-17 17:39:08,972 INFO [refresh_grounding_cache] [80/1836] hallusionbench_473_473
2026-08-17 17:39:17,053 INFO [refresh_grounding_cache] [81/1836] hallusionbench_480_480
2026-08-17 17:39:25,184 INFO [refresh_grounding_cache] [82/1836] hallusionbench_482_482
2026-08-17 17:39:33,682 INFO [refresh_grounding_cache] [83/1836] hallusionbench_486_486
2026-08-17 17:39:37,772 INFO [refresh_grounding_cache] [84/1836] hallusionbench_513_513
2026-08-17 17:39:42,121 INFO [refresh_grounding_cache] [85/1836] hallusionbench_518_518
2026-08-17 17:39:45,778 INFO [refresh_grounding_cache] [86/1836] hallusionbench_531_531
2026-08-17 17:39:50,302 INFO [refresh_grounding_cache] [87/1836] hallusionbench_534_534
2026-08-17 17:39:53,710 INFO [refresh_grounding_cache] [88/1836] hallusionbench_539_539
2026-08-17 17:39:59,416 INFO [refresh_grounding_cache] [89/1836] hallusionbench_540_540
2026-08-17 17:40:02,891 INFO [refresh_grounding_cache] [90/1836] hallusionbench_552_552
2026-08-17 17:40:07,239 INFO [refresh_grounding_cache] [91/1836] hallusionbench_555_555
2026-08-17 17:40:11,655 INFO [refresh_grounding_cache] [92/1836] hallusionbench_559_559
2026-08-17 17:40:16,120 INFO [refresh_grounding_cache] [93/1836] hallusionbench_560_560
2026-08-17 17:40:20,345 INFO [refresh_grounding_cache] [94/1836] hallusionbench_564_564
2026-08-17 17:40:29,850 INFO [refresh_grounding_cache] [95/1836] hallusionbench_567_567
2026-08-17 17:40:41,930 INFO [refresh_grounding_cache] [96/1836] hallusionbench_571_571
2026-08-17 17:40:47,020 INFO [refresh_grounding_cache] [97/1836] hallusionbench_573_573
2026-08-17 17:40:53,868 INFO [refresh_grounding_cache] [98/1836] hallusionbench_578_578
2026-08-17 17:40:57,718 INFO [refresh_grounding_cache] [99/1836] hallusionbench_579_579
2026-08-17 17:41:01,116 INFO [refresh_grounding_cache] [100/1836] hallusionbench_580_580
2026-08-17 17:41:04,432 INFO [refresh_grounding_cache] [101/1836] hallusionbench_582_582
2026-08-17 17:41:07,348 INFO [refresh_grounding_cache] [102/1836] hallusionbench_585_585
2026-08-17 17:41:11,514 INFO [refresh_grounding_cache] [103/1836] hallusionbench_590_590
2026-08-17 17:41:15,704 INFO [refresh_grounding_cache] [104/1836] hallusionbench_593_593
2026-08-17 17:41:20,062 INFO [refresh_grounding_cache] [105/1836] hallusionbench_597_597
2026-08-17 17:41:23,894 INFO [refresh_grounding_cache] [106/1836] hallusionbench_601_601
2026-08-17 17:41:35,366 INFO [refresh_grounding_cache] [107/1836] hallusionbench_606_606
2026-08-17 17:41:39,340 INFO [refresh_grounding_cache] [108/1836] hallusionbench_607_607
2026-08-17 17:41:46,471 INFO [refresh_grounding_cache] [109/1836] hallusionbench_616_616
2026-08-17 17:41:50,686 INFO [refresh_grounding_cache] [110/1836] hallusionbench_617_617
2026-08-17 17:41:54,819 INFO [refresh_grounding_cache] [111/1836] hallusionbench_619_619
2026-08-17 17:42:01,600 INFO [refresh_grounding_cache] [112/1836] hallusionbench_620_620
2026-08-17 17:42:07,574 INFO [refresh_grounding_cache] [113/1836] hallusionbench_624_624
2026-08-17 17:42:11,973 INFO [refresh_grounding_cache] [114/1836] hallusionbench_630_630
2026-08-17 17:42:16,313 INFO [refresh_grounding_cache] [115/1836] hallusionbench_639_639
2026-08-17 17:42:20,146 INFO [refresh_grounding_cache] [116/1836] hallusionbench_642_642
2026-08-17 17:42:24,036 INFO [refresh_grounding_cache] [117/1836] hallusionbench_644_644
2026-08-17 17:42:28,052 INFO [refresh_grounding_cache] [118/1836] hallusionbench_647_647
2026-08-17 17:42:31,784 INFO [refresh_grounding_cache] [119/1836] hallusionbench_648_648
2026-08-17 17:42:35,033 INFO [refresh_grounding_cache] [120/1836] hallusionbench_650_650
2026-08-17 17:42:38,316 INFO [refresh_grounding_cache] [121/1836] hallusionbench_652_652
2026-08-17 17:42:41,456 INFO [refresh_grounding_cache] [122/1836] hallusionbench_658_658
2026-08-17 17:42:45,214 INFO [refresh_grounding_cache] [123/1836] hallusionbench_661_661
2026-08-17 17:42:48,455 INFO [refresh_grounding_cache] [124/1836] hallusionbench_663_663
2026-08-17 17:42:51,179 INFO [refresh_grounding_cache] [125/1836] hallusionbench_668_668
2026-08-17 17:42:55,219 INFO [refresh_grounding_cache] [126/1836] hallusionbench_671_671
2026-08-17 17:42:58,893 INFO [refresh_grounding_cache] [127/1836] hallusionbench_673_673
2026-08-17 17:43:01,751 INFO [refresh_grounding_cache] [128/1836] hallusionbench_677_677
2026-08-17 17:43:06,200 INFO [refresh_grounding_cache] [129/1836] hallusionbench_681_681
2026-08-17 17:43:10,682 INFO [refresh_grounding_cache] [130/1836] hallusionbench_686_686
2026-08-17 17:43:18,538 INFO [refresh_grounding_cache] [131/1836] hallusionbench_687_687
2026-08-17 17:43:41,182 INFO [refresh_grounding_cache] [132/1836] hallusionbench_689_689
2026-08-17 17:43:54,195 INFO [refresh_grounding_cache] [133/1836] hallusionbench_690_690
2026-08-17 17:44:07,191 INFO [refresh_grounding_cache] [134/1836] hallusionbench_696_696
2026-08-17 17:44:11,865 INFO [refresh_grounding_cache] [135/1836] hallusionbench_698_698
2026-08-17 17:44:41,865 INFO [refresh_grounding_cache] [136/1836] hallusionbench_699_699
2026-08-17 17:45:03,908 INFO [refresh_grounding_cache] [137/1836] hallusionbench_700_700
2026-08-17 17:45:10,940 INFO [refresh_grounding_cache] [138/1836] hallusionbench_701_701
2026-08-17 17:45:35,083 INFO [refresh_grounding_cache] [139/1836] hallusionbench_704_704
/home/aman/miniconda3/lib/python3.13/site-packages/PIL/Image.py:1137: UserWarning: Palette images with Transparency expressed in bytes should be converted to RGBA images
  warnings.warn(
2026-08-17 17:45:38,174 INFO [refresh_grounding_cache] [140/1836] hallusionbench_705_705
2026-08-17 17:45:41,248 INFO [refresh_grounding_cache] [141/1836] hallusionbench_713_713
2026-08-17 17:45:55,103 INFO [refresh_grounding_cache] [142/1836] hallusionbench_718_718
2026-08-17 17:45:57,144 INFO [refresh_grounding_cache] [143/1836] hallusionbench_724_724
2026-08-17 17:46:27,539 ERROR [refresh_grounding_cache] Grounding refresh failed for hallusionbench_724_724: Missing FINAL_ANSWER tag and unable to resolve valid final answer
Traceback (most recent call last):
  File "/home/aman/ProActive/scripts/refresh_grounding_cache.py", line 403, in main
    raise ValueError(observation.invalid_reason or "invalid grounding refresh")
ValueError: Missing FINAL_ANSWER tag and unable to resolve valid final answer
2026-08-17 17:46:27,539 INFO [refresh_grounding_cache] [144/1836] hallusionbench_725_725
2026-08-17 17:46:57,963 ERROR [refresh_grounding_cache] Grounding refresh failed for hallusionbench_725_725: Missing FINAL_ANSWER tag and unable to resolve valid final answer
Traceback (most recent call last):
  File "/home/aman/ProActive/scripts/refresh_grounding_cache.py", line 403, in main
    raise ValueError(observation.invalid_reason or "invalid grounding refresh")
ValueError: Missing FINAL_ANSWER tag and unable to resolve valid final answer
2026-08-17 17:46:57,964 INFO [refresh_grounding_cache] [145/1836] hallusionbench_734_734
2026-08-17 17:47:23,711 INFO [refresh_grounding_cache] [146/1836] hallusionbench_738_738
2026-08-17 17:47:36,315 INFO [refresh_grounding_cache] [147/1836] hallusionbench_751_751
2026-08-17 17:47:44,613 INFO [refresh_grounding_cache] [148/1836] hallusionbench_758_758
2026-08-17 17:47:59,776 INFO [refresh_grounding_cache] [149/1836] hallusionbench_762_762
2026-08-17 17:48:12,414 INFO [refresh_grounding_cache] [150/1836] hallusionbench_765_765
2026-08-17 17:48:22,444 INFO [refresh_grounding_cache] [151/1836] hallusionbench_776_776
2026-08-17 17:48:29,326 INFO [refresh_grounding_cache] [152/1836] hallusionbench_778_778
2026-08-17 17:48:46,371 INFO [refresh_grounding_cache] [153/1836] hallusionbench_780_780
2026-08-17 17:49:08,648 INFO [refresh_grounding_cache] [154/1836] hallusionbench_793_793
2026-08-17 17:49:11,956 INFO [refresh_grounding_cache] [155/1836] hallusionbench_799_799
2026-08-17 17:49:17,104 INFO [refresh_grounding_cache] [156/1836] hallusionbench_801_801
2026-08-17 17:49:22,370 INFO [refresh_grounding_cache] [157/1836] hallusionbench_802_802
2026-08-17 17:49:26,485 INFO [refresh_grounding_cache] [158/1836] hallusionbench_806_806
2026-08-17 17:49:31,817 INFO [refresh_grounding_cache] [159/1836] hallusionbench_807_807
2026-08-17 17:49:37,340 INFO [refresh_grounding_cache] [160/1836] hallusionbench_808_808
2026-08-17 17:49:42,181 INFO [refresh_grounding_cache] [161/1836] hallusionbench_811_811
2026-08-17 17:49:46,263 INFO [refresh_grounding_cache] [162/1836] hallusionbench_812_812
2026-08-17 17:49:51,195 INFO [refresh_grounding_cache] [163/1836] hallusionbench_813_813
2026-08-17 17:49:55,752 INFO [refresh_grounding_cache] [164/1836] hallusionbench_821_821
2026-08-17 17:50:01,101 INFO [refresh_grounding_cache] [165/1836] hallusionbench_822_822
2026-08-17 17:50:05,225 INFO [refresh_grounding_cache] [166/1836] hallusionbench_831_831
2026-08-17 17:50:08,683 INFO [refresh_grounding_cache] [167/1836] hallusionbench_839_839
2026-08-17 17:50:12,148 INFO [refresh_grounding_cache] [168/1836] hallusionbench_841_841
2026-08-17 17:50:15,997 INFO [refresh_grounding_cache] [169/1836] hallusionbench_842_842
2026-08-17 17:50:19,496 INFO [refresh_grounding_cache] [170/1836] hallusionbench_843_843
2026-08-17 17:50:26,961 INFO [refresh_grounding_cache] [171/1836] hallusionbench_845_845
2026-08-17 17:50:34,201 INFO [refresh_grounding_cache] [172/1836] hallusionbench_849_849
2026-08-17 17:50:39,449 INFO [refresh_grounding_cache] [173/1836] hallusionbench_857_857
2026-08-17 17:50:42,932 INFO [refresh_grounding_cache] [174/1836] hallusionbench_862_862
2026-08-17 17:50:47,480 INFO [refresh_grounding_cache] [175/1836] hallusionbench_867_867
2026-08-17 17:50:52,229 INFO [refresh_grounding_cache] [176/1836] hallusionbench_871_871
2026-08-17 17:50:57,569 INFO [refresh_grounding_cache] [177/1836] hallusionbench_874_874
2026-08-17 17:51:03,751 INFO [refresh_grounding_cache] [178/1836] hallusionbench_877_877
2026-08-17 17:51:13,033 INFO [refresh_grounding_cache] [179/1836] hallusionbench_889_889
2026-08-17 17:51:22,880 INFO [refresh_grounding_cache] [180/1836] hallusionbench_894_894
2026-08-17 17:51:26,696 INFO [refresh_grounding_cache] [181/1836] hallusionbench_901_901
2026-08-17 17:51:30,361 INFO [refresh_grounding_cache] [182/1836] hallusionbench_911_911
2026-08-17 17:51:34,369 INFO [refresh_grounding_cache] [183/1836] hallusionbench_912_912
2026-08-17 17:51:37,951 INFO [refresh_grounding_cache] [184/1836] hallusionbench_915_915
2026-08-17 17:51:42,708 INFO [refresh_grounding_cache] [185/1836] hallusionbench_919_919
2026-08-17 17:51:50,831 INFO [refresh_grounding_cache] [186/1836] hallusionbench_920_920
2026-08-17 17:51:55,654 INFO [refresh_grounding_cache] [187/1836] hallusionbench_922_922
2026-08-17 17:52:01,028 INFO [refresh_grounding_cache] [188/1836] hallusionbench_924_924
2026-08-17 17:52:05,993 INFO [refresh_grounding_cache] [189/1836] hallusionbench_928_928
2026-08-17 17:52:09,767 INFO [refresh_grounding_cache] [190/1836] hallusionbench_933_933
2026-08-17 17:52:17,698 INFO [refresh_grounding_cache] [191/1836] hallusionbench_943_943
2026-08-17 17:52:24,946 INFO [refresh_grounding_cache] [192/1836] hallusionbench_946_946
2026-08-17 17:52:29,719 INFO [refresh_grounding_cache] [193/1836] hallusionbench_948_948
2026-08-17 17:52:33,985 INFO [refresh_grounding_cache] [194/1836] hallusionbench_950_950
2026-08-17 17:52:37,059 INFO [refresh_grounding_cache] [195/1836] hallusionbench_956_956
2026-08-17 17:52:41,183 INFO [refresh_grounding_cache] [196/1836] hallusionbench_958_958
2026-08-17 17:52:46,806 INFO [refresh_grounding_cache] [197/1836] hallusionbench_961_961
2026-08-17 17:52:50,805 INFO [refresh_grounding_cache] [198/1836] hallusionbench_963_963
2026-08-17 17:52:55,237 INFO [refresh_grounding_cache] [199/1836] hallusionbench_966_966
2026-08-17 17:52:58,995 INFO [refresh_grounding_cache] [200/1836] hallusionbench_968_968
2026-08-17 17:53:02,810 INFO [refresh_grounding_cache] [201/1836] hallusionbench_969_969
2026-08-17 17:53:07,367 INFO [refresh_grounding_cache] [202/1836] hallusionbench_973_973
2026-08-17 17:53:12,499 INFO [refresh_grounding_cache] [203/1836] hallusionbench_974_974
2026-08-17 17:53:20,222 INFO [refresh_grounding_cache] [204/1836] hallusionbench_975_975
2026-08-17 17:53:28,062 INFO [refresh_grounding_cache] [205/1836] hallusionbench_983_983
2026-08-17 17:53:35,118 INFO [refresh_grounding_cache] [206/1836] hallusionbench_984_984
2026-08-17 17:53:40,491 INFO [refresh_grounding_cache] [207/1836] hallusionbench_986_986
2026-08-17 17:53:54,437 INFO [refresh_grounding_cache] [208/1836] hallusionbench_993_993
2026-08-17 17:54:02,835 INFO [refresh_grounding_cache] [209/1836] hallusionbench_996_996
2026-08-17 17:54:19,746 INFO [refresh_grounding_cache] [210/1836] hallusionbench_1000_1000
2026-08-17 17:54:27,252 INFO [refresh_grounding_cache] [211/1836] hallusionbench_1002_1002
2026-08-17 17:54:33,892 INFO [refresh_grounding_cache] [212/1836] hallusionbench_1011_1011
2026-08-17 17:54:39,457 INFO [refresh_grounding_cache] [213/1836] hallusionbench_1012_1012
2026-08-17 17:54:45,630 INFO [refresh_grounding_cache] [214/1836] hallusionbench_1020_1020
2026-08-17 17:54:50,679 INFO [refresh_grounding_cache] [215/1836] hallusionbench_1021_1021
2026-08-17 17:54:55,927 INFO [refresh_grounding_cache] [216/1836] hallusionbench_1022_1022
2026-08-17 17:55:00,601 INFO [refresh_grounding_cache] [217/1836] hallusionbench_1024_1024
2026-08-17 17:55:04,333 INFO [refresh_grounding_cache] [218/1836] hallusionbench_1034_1034
2026-08-17 17:55:31,625 INFO [refresh_grounding_cache] [219/1836] hallusionbench_1044_1044
2026-08-17 17:55:36,332 INFO [refresh_grounding_cache] [220/1836] hallusionbench_1046_1046
2026-08-17 17:55:38,831 INFO [refresh_grounding_cache] [221/1836] hallusionbench_1049_1049
2026-08-17 17:55:41,464 INFO [refresh_grounding_cache] [222/1836] hallusionbench_1055_1055
2026-08-17 17:55:44,397 INFO [refresh_grounding_cache] [223/1836] hallusionbench_1058_1058
2026-08-17 17:55:48,787 INFO [refresh_grounding_cache] [224/1836] hallusionbench_1060_1060
2026-08-17 17:55:53,578 INFO [refresh_grounding_cache] [225/1836] hallusionbench_1062_1062
2026-08-17 17:55:58,026 INFO [refresh_grounding_cache] [226/1836] hallusionbench_1076_1076
2026-08-17 17:56:00,967 INFO [refresh_grounding_cache] [227/1836] hallusionbench_1078_1078
2026-08-17 17:56:04,208 INFO [refresh_grounding_cache] [228/1836] hallusionbench_1081_1081
2026-08-17 17:56:08,507 INFO [refresh_grounding_cache] [229/1836] hallusionbench_1085_1085
2026-08-17 17:56:12,639 INFO [refresh_grounding_cache] [230/1836] hallusionbench_1091_1091
2026-08-17 17:56:16,871 INFO [refresh_grounding_cache] [231/1836] hallusionbench_1094_1094
2026-08-17 17:56:20,412 INFO [refresh_grounding_cache] [232/1836] hallusionbench_1102_1102
2026-08-17 17:56:24,852 INFO [refresh_grounding_cache] [233/1836] hallusionbench_1105_1105
2026-08-17 17:56:28,884 INFO [refresh_grounding_cache] [234/1836] hallusionbench_1107_1107
2026-08-17 17:56:33,783 INFO [refresh_grounding_cache] [235/1836] hallusionbench_1111_1111
2026-08-17 17:56:38,065 INFO [refresh_grounding_cache] [236/1836] hallusionbench_1112_1112
2026-08-17 17:56:42,589 INFO [refresh_grounding_cache] [237/1836] hallusionbench_1113_1113
2026-08-17 17:56:46,504 INFO [refresh_grounding_cache] [238/1836] hallusionbench_1114_1114
2026-08-17 17:56:51,353 INFO [refresh_grounding_cache] [239/1836] hallusionbench_1119_1119
2026-08-17 17:56:55,535 INFO [refresh_grounding_cache] [240/1836] hallusionbench_1120_1120
2026-08-17 17:57:00,467 INFO [refresh_grounding_cache] [241/1836] hallusionbench_1122_1122
2026-08-17 17:57:05,057 INFO [refresh_grounding_cache] [242/1836] hallusionbench_1127_1127
2026-08-17 17:57:09,556 INFO [refresh_grounding_cache] [243/1836] hallusionbench_1128_1128
2026-08-17 17:57:13,830 INFO [refresh_grounding_cache] [244/1836] pope_random_1_random_1
2026-08-17 17:57:17,253 INFO [refresh_grounding_cache] [245/1836] pope_random_5_random_5
2026-08-17 17:57:20,686 INFO [refresh_grounding_cache] [246/1836] pope_random_7_random_7
2026-08-17 17:57:24,643 INFO [refresh_grounding_cache] [247/1836] pope_random_12_random_12
2026-08-17 17:57:30,141 INFO [refresh_grounding_cache] [248/1836] pope_random_15_random_15
2026-08-17 17:57:34,423 INFO [refresh_grounding_cache] [249/1836] pope_random_16_random_16
2026-08-17 17:57:39,630 INFO [refresh_grounding_cache] [250/1836] pope_random_19_random_19
2026-08-17 17:57:44,320 INFO [refresh_grounding_cache] [251/1836] pope_random_30_random_30
2026-08-17 17:57:48,536 INFO [refresh_grounding_cache] [252/1836] pope_random_33_random_33
2026-08-17 17:57:51,568 INFO [refresh_grounding_cache] [253/1836] pope_random_34_random_34
2026-08-17 17:57:55,984 INFO [refresh_grounding_cache] [254/1836] pope_random_41_random_41
2026-08-17 17:57:59,758 INFO [refresh_grounding_cache] [255/1836] pope_random_42_random_42
2026-08-17 17:58:04,207 INFO [refresh_grounding_cache] [256/1836] pope_random_46_random_46
2026-08-17 17:58:08,256 INFO [refresh_grounding_cache] [257/1836] pope_random_49_random_49
2026-08-17 17:58:12,663 INFO [refresh_grounding_cache] [258/1836] pope_random_50_random_50
2026-08-17 17:58:18,153 INFO [refresh_grounding_cache] [259/1836] pope_random_53_random_53
2026-08-17 17:58:22,751 INFO [refresh_grounding_cache] [260/1836] pope_random_55_random_55
2026-08-17 17:58:27,117 INFO [refresh_grounding_cache] [261/1836] pope_random_56_random_56
2026-08-17 17:58:30,807 INFO [refresh_grounding_cache] [262/1836] pope_random_61_random_61
2026-08-17 17:58:35,223 INFO [refresh_grounding_cache] [263/1836] pope_random_62_random_62
2026-08-17 17:58:39,946 INFO [refresh_grounding_cache] [264/1836] pope_random_68_random_68
2026-08-17 17:58:44,686 INFO [refresh_grounding_cache] [265/1836] pope_random_69_random_69
2026-08-17 17:58:49,835 INFO [refresh_grounding_cache] [266/1836] pope_random_74_random_74
2026-08-17 17:58:54,875 INFO [refresh_grounding_cache] [267/1836] pope_random_75_random_75
2026-08-17 17:58:59,015 INFO [refresh_grounding_cache] [268/1836] pope_random_76_random_76
2026-08-17 17:59:02,806 INFO [refresh_grounding_cache] [269/1836] pope_random_80_random_80
2026-08-17 17:59:06,922 INFO [refresh_grounding_cache] [270/1836] pope_random_90_random_90
2026-08-17 17:59:11,645 INFO [refresh_grounding_cache] [271/1836] pope_random_91_random_91
2026-08-17 17:59:16,469 INFO [refresh_grounding_cache] [272/1836] pope_random_92_random_92
2026-08-17 17:59:21,084 INFO [refresh_grounding_cache] [273/1836] pope_random_94_random_94
2026-08-17 17:59:26,057 INFO [refresh_grounding_cache] [274/1836] pope_random_95_random_95
2026-08-17 17:59:29,323 INFO [refresh_grounding_cache] [275/1836] pope_random_100_random_100
2026-08-17 17:59:32,406 INFO [refresh_grounding_cache] [276/1836] pope_random_105_random_105
2026-08-17 17:59:35,863 INFO [refresh_grounding_cache] [277/1836] pope_random_107_random_107
2026-08-17 17:59:39,620 INFO [refresh_grounding_cache] [278/1836] pope_random_109_random_109
2026-08-17 17:59:43,169 INFO [refresh_grounding_cache] [279/1836] pope_random_110_random_110
2026-08-17 17:59:48,018 INFO [refresh_grounding_cache] [280/1836] pope_random_114_random_114
2026-08-17 17:59:52,666 INFO [refresh_grounding_cache] [281/1836] pope_random_117_random_117
2026-08-17 17:59:56,640 INFO [refresh_grounding_cache] [282/1836] pope_random_122_random_122
2026-08-17 18:00:01,014 INFO [refresh_grounding_cache] [283/1836] pope_random_126_random_126
2026-08-17 18:00:04,963 INFO [refresh_grounding_cache] [284/1836] pope_random_131_random_131
2026-08-17 18:00:08,505 INFO [refresh_grounding_cache] [285/1836] pope_random_133_random_133
2026-08-17 18:00:12,829 INFO [refresh_grounding_cache] [286/1836] pope_random_136_random_136
2026-08-17 18:00:16,836 INFO [refresh_grounding_cache] [287/1836] pope_random_140_random_140
2026-08-17 18:00:19,602 INFO [refresh_grounding_cache] [288/1836] pope_random_142_random_142
2026-08-17 18:00:22,593 INFO [refresh_grounding_cache] [289/1836] pope_random_152_random_152
2026-08-17 18:00:27,533 INFO [refresh_grounding_cache] [290/1836] pope_random_153_random_153
2026-08-17 18:00:31,665 INFO [refresh_grounding_cache] [291/1836] pope_random_155_random_155
2026-08-17 18:00:36,380 INFO [refresh_grounding_cache] [292/1836] pope_random_157_random_157
2026-08-17 18:00:40,512 INFO [refresh_grounding_cache] [293/1836] pope_random_160_random_160
2026-08-17 18:00:45,153 INFO [refresh_grounding_cache] [294/1836] pope_random_170_random_170
2026-08-17 18:00:49,093 INFO [refresh_grounding_cache] [295/1836] pope_random_171_random_171
2026-08-17 18:00:53,101 INFO [refresh_grounding_cache] [296/1836] pope_random_172_random_172
2026-08-17 18:00:57,224 INFO [refresh_grounding_cache] [297/1836] pope_random_173_random_173
2026-08-17 18:01:01,190 INFO [refresh_grounding_cache] [298/1836] pope_random_177_random_177
2026-08-17 18:01:04,756 INFO [refresh_grounding_cache] [299/1836] pope_random_180_random_180
2026-08-17 18:01:08,580 INFO [refresh_grounding_cache] [300/1836] pope_random_182_random_182
2026-08-17 18:01:12,454 INFO [refresh_grounding_cache] [301/1836] pope_random_185_random_185
2026-08-17 18:01:17,177 INFO [refresh_grounding_cache] [302/1836] pope_random_192_random_192
2026-08-17 18:01:21,476 INFO [refresh_grounding_cache] [303/1836] pope_random_198_random_198
2026-08-17 18:01:25,908 INFO [refresh_grounding_cache] [304/1836] pope_random_201_random_201
2026-08-17 18:01:29,582 INFO [refresh_grounding_cache] [305/1836] pope_random_202_random_202
2026-08-17 18:01:34,180 INFO [refresh_grounding_cache] [306/1836] pope_random_206_random_206
2026-08-17 18:01:38,737 INFO [refresh_grounding_cache] [307/1836] pope_random_207_random_207
2026-08-17 18:01:42,970 INFO [refresh_grounding_cache] [308/1836] pope_random_209_random_209
2026-08-17 18:01:46,719 INFO [refresh_grounding_cache] [309/1836] pope_random_210_random_210
2026-08-17 18:01:49,751 INFO [refresh_grounding_cache] [310/1836] pope_random_216_random_216
2026-08-17 18:01:54,658 INFO [refresh_grounding_cache] [311/1836] pope_random_217_random_217
2026-08-17 18:01:59,615 INFO [refresh_grounding_cache] [312/1836] pope_random_221_random_221
2026-08-17 18:02:03,597 INFO [refresh_grounding_cache] [313/1836] pope_random_224_random_224
2026-08-17 18:02:07,979 INFO [refresh_grounding_cache] [314/1836] pope_random_227_random_227
2026-08-17 18:02:12,536 INFO [refresh_grounding_cache] [315/1836] pope_random_228_random_228
2026-08-17 18:02:16,810 INFO [refresh_grounding_cache] [316/1836] pope_random_235_random_235
2026-08-17 18:02:21,192 INFO [refresh_grounding_cache] [317/1836] pope_random_236_random_236
2026-08-17 18:02:25,291 INFO [refresh_grounding_cache] [318/1836] pope_random_244_random_244
2026-08-17 18:02:30,115 INFO [refresh_grounding_cache] [319/1836] pope_random_247_random_247
2026-08-17 18:02:33,913 INFO [refresh_grounding_cache] [320/1836] pope_random_248_random_248
2026-08-17 18:02:37,970 INFO [refresh_grounding_cache] [321/1836] pope_random_250_random_250
2026-08-17 18:02:42,811 INFO [refresh_grounding_cache] [322/1836] pope_random_256_random_256
2026-08-17 18:02:48,159 INFO [refresh_grounding_cache] [323/1836] pope_random_257_random_257
2026-08-17 18:02:52,599 INFO [refresh_grounding_cache] [324/1836] pope_random_261_random_261
2026-08-17 18:02:56,857 INFO [refresh_grounding_cache] [325/1836] pope_random_263_random_263
2026-08-17 18:03:01,030 INFO [refresh_grounding_cache] [326/1836] pope_random_265_random_265
2026-08-17 18:03:04,996 INFO [refresh_grounding_cache] [327/1836] pope_random_266_random_266
2026-08-17 18:03:07,803 INFO [refresh_grounding_cache] [328/1836] pope_random_270_random_270
2026-08-17 18:03:11,677 INFO [refresh_grounding_cache] [329/1836] pope_random_284_random_284
2026-08-17 18:03:16,118 INFO [refresh_grounding_cache] [330/1836] pope_random_286_random_286
2026-08-17 18:03:20,550 INFO [refresh_grounding_cache] [331/1836] pope_random_288_random_288
2026-08-17 18:03:24,982 INFO [refresh_grounding_cache] [332/1836] pope_random_291_random_291
2026-08-17 18:03:29,172 INFO [refresh_grounding_cache] [333/1836] pope_random_292_random_292
2026-08-17 18:03:33,071 INFO [refresh_grounding_cache] [334/1836] pope_random_293_random_293
2026-08-17 18:03:37,570 INFO [refresh_grounding_cache] [335/1836] pope_random_294_random_294
2026-08-17 18:03:42,268 INFO [refresh_grounding_cache] [336/1836] pope_random_303_random_303
2026-08-17 18:03:46,375 INFO [refresh_grounding_cache] [337/1836] pope_random_308_random_308
2026-08-17 18:03:50,982 INFO [refresh_grounding_cache] [338/1836] pope_random_309_random_309
2026-08-17 18:03:55,098 INFO [refresh_grounding_cache] [339/1836] pope_random_315_random_315
2026-08-17 18:03:59,063 INFO [refresh_grounding_cache] [340/1836] pope_random_318_random_318
2026-08-17 18:04:02,845 INFO [refresh_grounding_cache] [341/1836] pope_random_324_random_324
2026-08-17 18:04:06,020 INFO [refresh_grounding_cache] [342/1836] pope_random_332_random_332
2026-08-17 18:04:10,952 INFO [refresh_grounding_cache] [343/1836] pope_random_343_random_343
2026-08-17 18:04:14,800 INFO [refresh_grounding_cache] [344/1836] pope_random_349_random_349
2026-08-17 18:04:18,374 INFO [refresh_grounding_cache] [345/1836] pope_random_351_random_351
2026-08-17 18:04:22,015 INFO [refresh_grounding_cache] [346/1836] pope_random_352_random_352
2026-08-17 18:04:26,405 INFO [refresh_grounding_cache] [347/1836] pope_random_355_random_355
2026-08-17 18:04:30,238 INFO [refresh_grounding_cache] [348/1836] pope_random_358_random_358
2026-08-17 18:04:35,378 INFO [refresh_grounding_cache] [349/1836] pope_random_360_random_360
2026-08-17 18:04:39,835 INFO [refresh_grounding_cache] [350/1836] pope_random_361_random_361
2026-08-17 18:04:43,617 INFO [refresh_grounding_cache] [351/1836] pope_random_366_random_366
2026-08-17 18:04:47,649 INFO [refresh_grounding_cache] [352/1836] pope_random_367_random_367
2026-08-17 18:04:51,032 INFO [refresh_grounding_cache] [353/1836] pope_random_381_random_381
2026-08-17 18:04:54,523 INFO [refresh_grounding_cache] [354/1836] pope_random_390_random_390
2026-08-17 18:04:57,913 INFO [refresh_grounding_cache] [355/1836] pope_random_391_random_391
2026-08-17 18:05:02,079 INFO [refresh_grounding_cache] [356/1836] pope_random_397_random_397
2026-08-17 18:05:05,453 INFO [refresh_grounding_cache] [357/1836] pope_random_400_random_400
2026-08-17 18:05:09,818 INFO [refresh_grounding_cache] [358/1836] pope_random_402_random_402
2026-08-17 18:05:13,909 INFO [refresh_grounding_cache] [359/1836] pope_random_409_random_409
2026-08-17 18:05:17,649 INFO [refresh_grounding_cache] [360/1836] pope_random_412_random_412
2026-08-17 18:05:20,790 INFO [refresh_grounding_cache] [361/1836] pope_random_418_random_418
2026-08-17 18:05:25,205 INFO [refresh_grounding_cache] [362/1836] pope_random_419_random_419
2026-08-17 18:05:29,929 INFO [refresh_grounding_cache] [363/1836] pope_random_422_random_422
2026-08-17 18:05:34,103 INFO [refresh_grounding_cache] [364/1836] pope_random_426_random_426
2026-08-17 18:05:37,768 INFO [refresh_grounding_cache] [365/1836] pope_random_427_random_427
2026-08-17 18:05:41,834 INFO [refresh_grounding_cache] [366/1836] pope_random_428_random_428
2026-08-17 18:05:46,257 INFO [refresh_grounding_cache] [367/1836] pope_random_429_random_429
2026-08-17 18:05:49,815 INFO [refresh_grounding_cache] [368/1836] pope_random_431_random_431
2026-08-17 18:05:53,839 INFO [refresh_grounding_cache] [369/1836] pope_random_434_random_434
2026-08-17 18:05:58,437 INFO [refresh_grounding_cache] [370/1836] pope_random_436_random_436
2026-08-17 18:06:02,336 INFO [refresh_grounding_cache] [371/1836] pope_random_437_random_437
2026-08-17 18:06:06,910 INFO [refresh_grounding_cache] [372/1836] pope_random_439_random_439
2026-08-17 18:06:11,234 INFO [refresh_grounding_cache] [373/1836] pope_random_441_random_441
2026-08-17 18:06:15,232 INFO [refresh_grounding_cache] [374/1836] pope_random_448_random_448
2026-08-17 18:06:18,890 INFO [refresh_grounding_cache] [375/1836] pope_random_449_random_449
2026-08-17 18:06:22,780 INFO [refresh_grounding_cache] [376/1836] pope_random_457_random_457
2026-08-17 18:06:27,221 INFO [refresh_grounding_cache] [377/1836] pope_random_461_random_461
2026-08-17 18:06:31,119 INFO [refresh_grounding_cache] [378/1836] pope_random_463_random_463
2026-08-17 18:06:35,685 INFO [refresh_grounding_cache] [379/1836] pope_random_464_random_464
2026-08-17 18:06:40,942 INFO [refresh_grounding_cache] [380/1836] pope_random_465_random_465
2026-08-17 18:06:44,957 INFO [refresh_grounding_cache] [381/1836] pope_random_473_random_473
2026-08-17 18:06:49,065 INFO [refresh_grounding_cache] [382/1836] pope_random_479_random_479
2026-08-17 18:06:53,372 INFO [refresh_grounding_cache] [383/1836] pope_random_480_random_480
2026-08-17 18:06:58,512 INFO [refresh_grounding_cache] [384/1836] pope_random_482_random_482
2026-08-17 18:07:02,503 INFO [refresh_grounding_cache] [385/1836] pope_random_484_random_484
2026-08-17 18:07:07,934 INFO [refresh_grounding_cache] [386/1836] pope_random_485_random_485
2026-08-17 18:07:12,374 INFO [refresh_grounding_cache] [387/1836] pope_random_487_random_487
2026-08-17 18:07:16,332 INFO [refresh_grounding_cache] [388/1836] pope_random_490_random_490
2026-08-17 18:07:20,589 INFO [refresh_grounding_cache] [389/1836] pope_random_492_random_492
2026-08-17 18:07:25,721 INFO [refresh_grounding_cache] [390/1836] pope_random_495_random_495
2026-08-17 18:07:30,594 INFO [refresh_grounding_cache] [391/1836] pope_random_497_random_497
2026-08-17 18:07:34,443 INFO [refresh_grounding_cache] [392/1836] pope_random_498_random_498
2026-08-17 18:07:38,184 INFO [refresh_grounding_cache] [393/1836] pope_random_499_random_499
2026-08-17 18:07:41,499 INFO [refresh_grounding_cache] [394/1836] pope_random_500_random_500
2026-08-17 18:07:45,881 INFO [refresh_grounding_cache] [395/1836] pope_random_501_random_501
2026-08-17 18:07:50,588 INFO [refresh_grounding_cache] [396/1836] pope_random_502_random_502
2026-08-17 18:07:54,763 INFO [refresh_grounding_cache] [397/1836] pope_random_504_random_504
2026-08-17 18:07:58,844 INFO [refresh_grounding_cache] [398/1836] pope_random_509_random_509
2026-08-17 18:08:02,968 INFO [refresh_grounding_cache] [399/1836] pope_random_512_random_512
2026-08-17 18:08:06,209 INFO [refresh_grounding_cache] [400/1836] pope_random_513_random_513
2026-08-17 18:08:10,507 INFO [refresh_grounding_cache] [401/1836] pope_random_516_random_516
2026-08-17 18:08:14,440 INFO [refresh_grounding_cache] [402/1836] pope_random_519_random_519
2026-08-17 18:08:18,213 INFO [refresh_grounding_cache] [403/1836] pope_random_523_random_523
2026-08-17 18:08:21,979 INFO [refresh_grounding_cache] [404/1836] pope_random_538_random_538
2026-08-17 18:08:25,770 INFO [refresh_grounding_cache] [405/1836] pope_random_542_random_542
2026-08-17 18:08:30,010 INFO [refresh_grounding_cache] [406/1836] pope_random_543_random_543
2026-08-17 18:08:34,092 INFO [refresh_grounding_cache] [407/1836] pope_random_561_random_561
2026-08-17 18:08:38,074 INFO [refresh_grounding_cache] [408/1836] pope_random_566_random_566
2026-08-17 18:08:43,256 INFO [refresh_grounding_cache] [409/1836] pope_random_569_random_569
2026-08-17 18:08:47,313 INFO [refresh_grounding_cache] [410/1836] pope_random_572_random_572
2026-08-17 18:08:51,320 INFO [refresh_grounding_cache] [411/1836] pope_random_577_random_577
2026-08-17 18:08:55,727 INFO [refresh_grounding_cache] [412/1836] pope_random_583_random_583
2026-08-17 18:08:59,601 INFO [refresh_grounding_cache] [413/1836] pope_random_584_random_584
2026-08-17 18:09:02,334 INFO [refresh_grounding_cache] [414/1836] pope_random_585_random_585
2026-08-17 18:09:06,466 INFO [refresh_grounding_cache] [415/1836] pope_random_590_random_590
2026-08-17 18:09:11,248 INFO [refresh_grounding_cache] [416/1836] pope_random_591_random_591
2026-08-17 18:09:15,305 INFO [refresh_grounding_cache] [417/1836] pope_random_594_random_594
2026-08-17 18:09:19,138 INFO [refresh_grounding_cache] [418/1836] pope_random_598_random_598
2026-08-17 18:09:24,211 INFO [refresh_grounding_cache] [419/1836] pope_random_599_random_599
2026-08-17 18:09:28,476 INFO [refresh_grounding_cache] [420/1836] pope_random_601_random_601
2026-08-17 18:09:32,042 INFO [refresh_grounding_cache] [421/1836] pope_random_610_random_610
2026-08-17 18:09:36,582 INFO [refresh_grounding_cache] [422/1836] pope_random_616_random_616
2026-08-17 18:09:41,148 INFO [refresh_grounding_cache] [423/1836] pope_random_626_random_626
2026-08-17 18:09:45,921 INFO [refresh_grounding_cache] [424/1836] pope_random_633_random_633
2026-08-17 18:09:49,828 INFO [refresh_grounding_cache] [425/1836] pope_random_636_random_636
2026-08-17 18:09:54,077 INFO [refresh_grounding_cache] [426/1836] pope_random_637_random_637
2026-08-17 18:09:58,367 INFO [refresh_grounding_cache] [427/1836] pope_random_638_random_638
2026-08-17 18:10:02,408 INFO [refresh_grounding_cache] [428/1836] pope_random_641_random_641
2026-08-17 18:10:06,898 INFO [refresh_grounding_cache] [429/1836] pope_random_642_random_642
2026-08-17 18:10:12,355 INFO [refresh_grounding_cache] [430/1836] pope_random_644_random_644
2026-08-17 18:10:16,495 INFO [refresh_grounding_cache] [431/1836] pope_random_646_random_646
2026-08-17 18:10:20,628 INFO [refresh_grounding_cache] [432/1836] pope_random_649_random_649
2026-08-17 18:10:25,143 INFO [refresh_grounding_cache] [433/1836] pope_random_650_random_650
2026-08-17 18:10:30,608 INFO [refresh_grounding_cache] [434/1836] pope_random_651_random_651
2026-08-17 18:10:34,965 INFO [refresh_grounding_cache] [435/1836] pope_random_655_random_655
2026-08-17 18:10:38,431 INFO [refresh_grounding_cache] [436/1836] pope_random_656_random_656
2026-08-17 18:10:42,771 INFO [refresh_grounding_cache] [437/1836] pope_random_666_random_666
2026-08-17 18:10:47,228 INFO [refresh_grounding_cache] [438/1836] pope_random_674_random_674
2026-08-17 18:10:51,185 INFO [refresh_grounding_cache] [439/1836] pope_random_676_random_676
2026-08-17 18:10:55,542 INFO [refresh_grounding_cache] [440/1836] pope_random_677_random_677
2026-08-17 18:10:59,783 INFO [refresh_grounding_cache] [441/1836] pope_random_681_random_681
2026-08-17 18:11:04,115 INFO [refresh_grounding_cache] [442/1836] pope_random_683_random_683
2026-08-17 18:11:08,388 INFO [refresh_grounding_cache] [443/1836] pope_random_684_random_684
2026-08-17 18:11:13,112 INFO [refresh_grounding_cache] [444/1836] pope_random_694_random_694
2026-08-17 18:11:17,286 INFO [refresh_grounding_cache] [445/1836] pope_random_698_random_698
2026-08-17 18:11:21,376 INFO [refresh_grounding_cache] [446/1836] pope_random_699_random_699
2026-08-17 18:11:25,875 INFO [refresh_grounding_cache] [447/1836] pope_random_701_random_701
2026-08-17 18:11:30,407 INFO [refresh_grounding_cache] [448/1836] pope_random_709_random_709
2026-08-17 18:11:33,531 INFO [refresh_grounding_cache] [449/1836] pope_random_714_random_714
2026-08-17 18:11:37,671 INFO [refresh_grounding_cache] [450/1836] pope_random_716_random_716
2026-08-17 18:11:41,404 INFO [refresh_grounding_cache] [451/1836] pope_random_725_random_725
2026-08-17 18:11:45,087 INFO [refresh_grounding_cache] [452/1836] pope_random_729_random_729
2026-08-17 18:11:48,852 INFO [refresh_grounding_cache] [453/1836] pope_random_730_random_730
2026-08-17 18:11:52,892 INFO [refresh_grounding_cache] [454/1836] pope_random_733_random_733
2026-08-17 18:11:57,066 INFO [refresh_grounding_cache] [455/1836] pope_random_735_random_735
2026-08-17 18:12:01,790 INFO [refresh_grounding_cache] [456/1836] pope_random_736_random_736
2026-08-17 18:12:06,197 INFO [refresh_grounding_cache] [457/1836] pope_random_749_random_749
2026-08-17 18:12:11,062 INFO [refresh_grounding_cache] [458/1836] pope_random_751_random_751
2026-08-17 18:12:15,036 INFO [refresh_grounding_cache] [459/1836] pope_random_756_random_756
2026-08-17 18:12:19,526 INFO [refresh_grounding_cache] [460/1836] pope_random_760_random_760
2026-08-17 18:12:23,358 INFO [refresh_grounding_cache] [461/1836] pope_random_766_random_766
2026-08-17 18:12:27,949 INFO [refresh_grounding_cache] [462/1836] pope_random_768_random_768
2026-08-17 18:12:31,831 INFO [refresh_grounding_cache] [463/1836] pope_random_774_random_774
2026-08-17 18:12:34,905 INFO [refresh_grounding_cache] [464/1836] pope_random_778_random_778
2026-08-17 18:12:38,604 INFO [refresh_grounding_cache] [465/1836] pope_random_783_random_783
2026-08-17 18:12:41,969 INFO [refresh_grounding_cache] [466/1836] pope_random_793_random_793
2026-08-17 18:12:45,418 INFO [refresh_grounding_cache] [467/1836] pope_random_794_random_794
2026-08-17 18:12:48,801 INFO [refresh_grounding_cache] [468/1836] pope_random_801_random_801
2026-08-17 18:12:52,167 INFO [refresh_grounding_cache] [469/1836] pope_random_815_random_815
2026-08-17 18:12:56,715 INFO [refresh_grounding_cache] [470/1836] pope_random_819_random_819
2026-08-17 18:13:01,697 INFO [refresh_grounding_cache] [471/1836] pope_random_822_random_822
2026-08-17 18:13:06,237 INFO [refresh_grounding_cache] [472/1836] pope_random_823_random_823
2026-08-17 18:13:10,311 INFO [refresh_grounding_cache] [473/1836] pope_random_832_random_832
2026-08-17 18:13:15,368 INFO [refresh_grounding_cache] [474/1836] pope_random_834_random_834
2026-08-17 18:13:20,158 INFO [refresh_grounding_cache] [475/1836] pope_random_835_random_835
2026-08-17 18:13:26,373 INFO [refresh_grounding_cache] [476/1836] pope_random_836_random_836
2026-08-17 18:13:30,580 INFO [refresh_grounding_cache] [477/1836] pope_random_842_random_842
2026-08-17 18:13:35,470 INFO [refresh_grounding_cache] [478/1836] pope_random_847_random_847
2026-08-17 18:13:39,727 INFO [refresh_grounding_cache] [479/1836] pope_random_848_random_848
2026-08-17 18:13:43,443 INFO [refresh_grounding_cache] [480/1836] pope_random_850_random_850
2026-08-17 18:13:47,300 INFO [refresh_grounding_cache] [481/1836] pope_random_853_random_853
2026-08-17 18:13:50,683 INFO [refresh_grounding_cache] [482/1836] pope_random_858_random_858
2026-08-17 18:13:54,956 INFO [refresh_grounding_cache] [483/1836] pope_random_859_random_859
2026-08-17 18:13:58,947 INFO [refresh_grounding_cache] [484/1836] pope_random_864_random_864
2026-08-17 18:14:02,421 INFO [refresh_grounding_cache] [485/1836] pope_random_868_random_868
2026-08-17 18:14:05,920 INFO [refresh_grounding_cache] [486/1836] pope_random_871_random_871
2026-08-17 18:14:10,886 INFO [refresh_grounding_cache] [487/1836] pope_random_887_random_887
2026-08-17 18:14:14,301 INFO [refresh_grounding_cache] [488/1836] pope_random_892_random_892
2026-08-17 18:14:18,392 INFO [refresh_grounding_cache] [489/1836] pope_random_895_random_895
2026-08-17 18:14:23,315 INFO [refresh_grounding_cache] [490/1836] pope_random_899_random_899
2026-08-17 18:14:27,947 INFO [refresh_grounding_cache] [491/1836] pope_random_902_random_902
2026-08-17 18:14:32,271 INFO [refresh_grounding_cache] [492/1836] pope_random_906_random_906
2026-08-17 18:14:36,420 INFO [refresh_grounding_cache] [493/1836] pope_random_908_random_908
2026-08-17 18:14:39,694 INFO [refresh_grounding_cache] [494/1836] pope_random_917_random_917
2026-08-17 18:14:43,935 INFO [refresh_grounding_cache] [495/1836] pope_random_920_random_920
2026-08-17 18:14:48,950 INFO [refresh_grounding_cache] [496/1836] pope_random_921_random_921
2026-08-17 18:14:53,007 INFO [refresh_grounding_cache] [497/1836] pope_random_922_random_922
2026-08-17 18:14:57,972 INFO [refresh_grounding_cache] [498/1836] pope_random_929_random_929
2026-08-17 18:15:01,829 INFO [refresh_grounding_cache] [499/1836] pope_random_936_random_936
2026-08-17 18:15:05,478 INFO [refresh_grounding_cache] [500/1836] pope_random_939_random_939
2026-08-17 18:15:09,485 INFO [refresh_grounding_cache] [501/1836] pope_random_946_random_946
2026-08-17 18:15:13,093 INFO [refresh_grounding_cache] [502/1836] pope_random_953_random_953
2026-08-17 18:15:17,908 INFO [refresh_grounding_cache] [503/1836] pope_random_955_random_955
2026-08-17 18:15:22,790 INFO [refresh_grounding_cache] [504/1836] pope_random_961_random_961
2026-08-17 18:15:26,922 INFO [refresh_grounding_cache] [505/1836] pope_random_963_random_963
2026-08-17 18:15:30,562 INFO [refresh_grounding_cache] [506/1836] pope_random_966_random_966
2026-08-17 18:15:34,736 INFO [refresh_grounding_cache] [507/1836] pope_random_970_random_970
2026-08-17 18:15:38,535 INFO [refresh_grounding_cache] [508/1836] pope_random_975_random_975
2026-08-17 18:15:41,518 INFO [refresh_grounding_cache] [509/1836] pope_random_985_random_985
2026-08-17 18:15:46,041 INFO [refresh_grounding_cache] [510/1836] pope_random_988_random_988
2026-08-17 18:15:49,965 INFO [refresh_grounding_cache] [511/1836] pope_random_994_random_994
2026-08-17 18:15:55,130 INFO [refresh_grounding_cache] [512/1836] pope_random_999_random_999
2026-08-17 18:15:59,246 INFO [refresh_grounding_cache] [513/1836] pope_random_1011_random_1011
2026-08-17 18:16:03,511 INFO [refresh_grounding_cache] [514/1836] pope_random_1015_random_1015
2026-08-17 18:16:08,277 INFO [refresh_grounding_cache] [515/1836] pope_random_1016_random_1016
2026-08-17 18:16:12,650 INFO [refresh_grounding_cache] [516/1836] pope_random_1017_random_1017
2026-08-17 18:16:16,758 INFO [refresh_grounding_cache] [517/1836] pope_random_1020_random_1020
2026-08-17 18:16:20,399 INFO [refresh_grounding_cache] [518/1836] pope_random_1021_random_1021
2026-08-17 18:16:24,106 INFO [refresh_grounding_cache] [519/1836] pope_random_1037_random_1037
2026-08-17 18:16:27,713 INFO [refresh_grounding_cache] [520/1836] pope_random_1039_random_1039
2026-08-17 18:16:31,845 INFO [refresh_grounding_cache] [521/1836] pope_random_1042_random_1042
2026-08-17 18:16:36,860 INFO [refresh_grounding_cache] [522/1836] pope_random_1050_random_1050
2026-08-17 18:16:41,426 INFO [refresh_grounding_cache] [523/1836] pope_random_1057_random_1057
2026-08-17 18:16:45,558 INFO [refresh_grounding_cache] [524/1836] pope_random_1058_random_1058
2026-08-17 18:16:48,965 INFO [refresh_grounding_cache] [525/1836] pope_random_1061_random_1061
2026-08-17 18:16:53,306 INFO [refresh_grounding_cache] [526/1836] pope_random_1063_random_1063
2026-08-17 18:16:57,096 INFO [refresh_grounding_cache] [527/1836] pope_random_1068_random_1068
2026-08-17 18:17:02,045 INFO [refresh_grounding_cache] [528/1836] pope_random_1073_random_1073
2026-08-17 18:17:06,768 INFO [refresh_grounding_cache] [529/1836] pope_random_1074_random_1074
2026-08-17 18:17:10,484 INFO [refresh_grounding_cache] [530/1836] pope_random_1077_random_1077
2026-08-17 18:17:15,341 INFO [refresh_grounding_cache] [531/1836] pope_random_1086_random_1086
2026-08-17 18:17:19,806 INFO [refresh_grounding_cache] [532/1836] pope_random_1089_random_1089
2026-08-17 18:17:24,130 INFO [refresh_grounding_cache] [533/1836] pope_random_1090_random_1090
2026-08-17 18:17:28,854 INFO [refresh_grounding_cache] [534/1836] pope_random_1093_random_1093
2026-08-17 18:17:32,619 INFO [refresh_grounding_cache] [535/1836] pope_random_1098_random_1098
2026-08-17 18:17:37,476 INFO [refresh_grounding_cache] [536/1836] pope_random_1102_random_1102
2026-08-17 18:17:40,867 INFO [refresh_grounding_cache] [537/1836] pope_random_1110_random_1110
2026-08-17 18:17:45,407 INFO [refresh_grounding_cache] [538/1836] pope_random_1113_random_1113
2026-08-17 18:17:49,481 INFO [refresh_grounding_cache] [539/1836] pope_random_1116_random_1116
2026-08-17 18:17:54,555 INFO [refresh_grounding_cache] [540/1836] pope_random_1120_random_1120
2026-08-17 18:17:58,537 INFO [refresh_grounding_cache] [541/1836] pope_random_1130_random_1130
2026-08-17 18:18:02,452 INFO [refresh_grounding_cache] [542/1836] pope_random_1131_random_1131
2026-08-17 18:18:07,634 INFO [refresh_grounding_cache] [543/1836] pope_random_1132_random_1132
2026-08-17 18:18:12,358 INFO [refresh_grounding_cache] [544/1836] pope_random_1134_random_1134
2026-08-17 18:18:16,015 INFO [refresh_grounding_cache] [545/1836] pope_random_1135_random_1135
2026-08-17 18:18:20,264 INFO [refresh_grounding_cache] [546/1836] pope_random_1136_random_1136
2026-08-17 18:18:24,613 INFO [refresh_grounding_cache] [547/1836] pope_random_1139_random_1139
2026-08-17 18:18:28,912 INFO [refresh_grounding_cache] [548/1836] pope_random_1142_random_1142
2026-08-17 18:18:33,402 INFO [refresh_grounding_cache] [549/1836] pope_random_1145_random_1145
2026-08-17 18:18:37,168 INFO [refresh_grounding_cache] [550/1836] pope_random_1148_random_1148
2026-08-17 18:18:41,625 INFO [refresh_grounding_cache] [551/1836] pope_random_1150_random_1150
2026-08-17 18:18:45,007 INFO [refresh_grounding_cache] [552/1836] pope_random_1156_random_1156
2026-08-17 18:18:48,448 INFO [refresh_grounding_cache] [553/1836] pope_random_1160_random_1160
2026-08-17 18:18:52,355 INFO [refresh_grounding_cache] [554/1836] pope_random_1163_random_1163
2026-08-17 18:18:56,470 INFO [refresh_grounding_cache] [555/1836] pope_random_1168_random_1168
2026-08-17 18:19:02,210 INFO [refresh_grounding_cache] [556/1836] pope_random_1169_random_1169
2026-08-17 18:19:05,809 INFO [refresh_grounding_cache] [557/1836] pope_random_1175_random_1175
2026-08-17 18:19:09,500 INFO [refresh_grounding_cache] [558/1836] pope_random_1177_random_1177
2026-08-17 18:19:14,332 INFO [refresh_grounding_cache] [559/1836] pope_random_1178_random_1178
2026-08-17 18:19:19,872 INFO [refresh_grounding_cache] [560/1836] pope_random_1187_random_1187
2026-08-17 18:19:24,304 INFO [refresh_grounding_cache] [561/1836] pope_random_1190_random_1190
2026-08-17 18:19:29,061 INFO [refresh_grounding_cache] [562/1836] pope_random_1196_random_1196
2026-08-17 18:19:33,734 INFO [refresh_grounding_cache] [563/1836] pope_random_1197_random_1197
2026-08-17 18:19:37,942 INFO [refresh_grounding_cache] [564/1836] pope_random_1206_random_1206
2026-08-17 18:19:41,924 INFO [refresh_grounding_cache] [565/1836] pope_random_1209_random_1209
2026-08-17 18:19:45,739 INFO [refresh_grounding_cache] [566/1836] pope_random_1214_random_1214
2026-08-17 18:19:49,613 INFO [refresh_grounding_cache] [567/1836] pope_random_1216_random_1216
2026-08-17 18:19:53,770 INFO [refresh_grounding_cache] [568/1836] pope_random_1220_random_1220
2026-08-17 18:19:59,060 INFO [refresh_grounding_cache] [569/1836] pope_random_1227_random_1227
2026-08-17 18:20:03,051 INFO [refresh_grounding_cache] [570/1836] pope_random_1228_random_1228
2026-08-17 18:20:06,567 INFO [refresh_grounding_cache] [571/1836] pope_random_1236_random_1236
2026-08-17 18:20:10,907 INFO [refresh_grounding_cache] [572/1836] pope_random_1242_random_1242
2026-08-17 18:20:15,031 INFO [refresh_grounding_cache] [573/1836] pope_random_1243_random_1243
2026-08-17 18:20:20,387 INFO [refresh_grounding_cache] [574/1836] pope_random_1244_random_1244
2026-08-17 18:20:24,528 INFO [refresh_grounding_cache] [575/1836] pope_random_1249_random_1249
2026-08-17 18:20:27,644 INFO [refresh_grounding_cache] [576/1836] pope_random_1250_random_1250
2026-08-17 18:20:31,068 INFO [refresh_grounding_cache] [577/1836] pope_random_1251_random_1251
2026-08-17 18:20:34,209 INFO [refresh_grounding_cache] [578/1836] pope_random_1257_random_1257
2026-08-17 18:20:38,016 INFO [refresh_grounding_cache] [579/1836] pope_random_1260_random_1260
2026-08-17 18:20:41,648 INFO [refresh_grounding_cache] [580/1836] pope_random_1263_random_1263
2026-08-17 18:20:45,281 INFO [refresh_grounding_cache] [581/1836] pope_random_1267_random_1267
2026-08-17 18:20:48,855 INFO [refresh_grounding_cache] [582/1836] pope_random_1268_random_1268
2026-08-17 18:20:52,479 INFO [refresh_grounding_cache] [583/1836] pope_random_1269_random_1269
2026-08-17 18:20:56,669 INFO [refresh_grounding_cache] [584/1836] pope_random_1271_random_1271
2026-08-17 18:20:59,976 INFO [refresh_grounding_cache] [585/1836] pope_random_1274_random_1274
2026-08-17 18:21:04,575 INFO [refresh_grounding_cache] [586/1836] pope_random_1275_random_1275
2026-08-17 18:21:10,682 INFO [refresh_grounding_cache] [587/1836] pope_random_1280_random_1280
2026-08-17 18:21:14,814 INFO [refresh_grounding_cache] [588/1836] pope_random_1281_random_1281
2026-08-17 18:21:19,604 INFO [refresh_grounding_cache] [589/1836] pope_random_1283_random_1283
2026-08-17 18:21:24,078 INFO [refresh_grounding_cache] [590/1836] pope_random_1284_random_1284
2026-08-17 18:21:27,469 INFO [refresh_grounding_cache] [591/1836] pope_random_1291_random_1291
2026-08-17 18:21:30,851 INFO [refresh_grounding_cache] [592/1836] pope_random_1292_random_1292
2026-08-17 18:21:33,217 INFO [refresh_grounding_cache] [593/1836] pope_random_1294_random_1294
2026-08-17 18:21:36,591 INFO [refresh_grounding_cache] [594/1836] pope_random_1305_random_1305
2026-08-17 18:21:40,940 INFO [refresh_grounding_cache] [595/1836] pope_random_1309_random_1309
2026-08-17 18:21:45,255 INFO [refresh_grounding_cache] [596/1836] pope_random_1316_random_1316
2026-08-17 18:21:49,187 INFO [refresh_grounding_cache] [597/1836] pope_random_1319_random_1319
2026-08-17 18:21:53,219 INFO [refresh_grounding_cache] [598/1836] pope_random_1325_random_1325
2026-08-17 18:21:56,827 INFO [refresh_grounding_cache] [599/1836] pope_random_1328_random_1328
2026-08-17 18:22:00,601 INFO [refresh_grounding_cache] [600/1836] pope_random_1329_random_1329
2026-08-17 18:22:04,741 INFO [refresh_grounding_cache] [601/1836] pope_random_1331_random_1331
2026-08-17 18:22:08,907 INFO [refresh_grounding_cache] [602/1836] pope_random_1333_random_1333
2026-08-17 18:22:13,289 INFO [refresh_grounding_cache] [603/1836] pope_random_1338_random_1338
2026-08-17 18:22:18,679 INFO [refresh_grounding_cache] [604/1836] pope_random_1345_random_1345
2026-08-17 18:22:22,286 INFO [refresh_grounding_cache] [605/1836] pope_random_1346_random_1346
2026-08-17 18:22:25,560 INFO [refresh_grounding_cache] [606/1836] pope_random_1350_random_1350
2026-08-17 18:22:30,708 INFO [refresh_grounding_cache] [607/1836] pope_random_1351_random_1351
2026-08-17 18:22:34,491 INFO [refresh_grounding_cache] [608/1836] pope_random_1352_random_1352
2026-08-17 18:22:38,956 INFO [refresh_grounding_cache] [609/1836] pope_random_1357_random_1357
2026-08-17 18:22:43,063 INFO [refresh_grounding_cache] [610/1836] pope_random_1370_random_1370
2026-08-17 18:22:47,129 INFO [refresh_grounding_cache] [611/1836] pope_random_1384_random_1384
2026-08-17 18:22:51,219 INFO [refresh_grounding_cache] [612/1836] pope_random_1388_random_1388
2026-08-17 18:22:56,202 INFO [refresh_grounding_cache] [613/1836] pope_random_1390_random_1390
2026-08-17 18:23:01,042 INFO [refresh_grounding_cache] [614/1836] pope_random_1421_random_1421
2026-08-17 18:23:04,799 INFO [refresh_grounding_cache] [615/1836] pope_random_1427_random_1427
2026-08-17 18:23:09,048 INFO [refresh_grounding_cache] [616/1836] pope_random_1431_random_1431
2026-08-17 18:23:13,471 INFO [refresh_grounding_cache] [617/1836] pope_random_1435_random_1435
2026-08-17 18:23:18,170 INFO [refresh_grounding_cache] [618/1836] pope_random_1440_random_1440
2026-08-17 18:23:22,661 INFO [refresh_grounding_cache] [619/1836] pope_random_1441_random_1441
2026-08-17 18:23:26,718 INFO [refresh_grounding_cache] [620/1836] pope_random_1449_random_1449
2026-08-17 18:23:30,642 INFO [refresh_grounding_cache] [621/1836] pope_random_1450_random_1450
2026-08-17 18:23:34,924 INFO [refresh_grounding_cache] [622/1836] pope_random_1457_random_1457
2026-08-17 18:23:39,206 INFO [refresh_grounding_cache] [623/1836] pope_random_1463_random_1463
2026-08-17 18:23:42,763 INFO [refresh_grounding_cache] [624/1836] pope_random_1464_random_1464
2026-08-17 18:23:46,479 INFO [refresh_grounding_cache] [625/1836] pope_random_1470_random_1470
2026-08-17 18:23:50,669 INFO [refresh_grounding_cache] [626/1836] pope_random_1472_random_1472
2026-08-17 18:23:54,618 INFO [refresh_grounding_cache] [627/1836] pope_random_1475_random_1475
2026-08-17 18:23:58,542 INFO [refresh_grounding_cache] [628/1836] pope_random_1477_random_1477
2026-08-17 18:24:01,924 INFO [refresh_grounding_cache] [629/1836] pope_random_1480_random_1480
2026-08-17 18:24:06,548 INFO [refresh_grounding_cache] [630/1836] pope_random_1495_random_1495
2026-08-17 18:24:10,672 INFO [refresh_grounding_cache] [631/1836] pope_random_1506_random_1506
2026-08-17 18:24:15,229 INFO [refresh_grounding_cache] [632/1836] pope_random_1508_random_1508
2026-08-17 18:24:19,844 INFO [refresh_grounding_cache] [633/1836] pope_random_1516_random_1516
2026-08-17 18:24:23,718 INFO [refresh_grounding_cache] [634/1836] pope_random_1517_random_1517
2026-08-17 18:24:28,083 INFO [refresh_grounding_cache] [635/1836] pope_random_1518_random_1518
2026-08-17 18:24:33,115 INFO [refresh_grounding_cache] [636/1836] pope_random_1520_random_1520
2026-08-17 18:24:37,247 INFO [refresh_grounding_cache] [637/1836] pope_random_1525_random_1525
2026-08-17 18:24:41,413 INFO [refresh_grounding_cache] [638/1836] pope_random_1528_random_1528
2026-08-17 18:24:46,386 INFO [refresh_grounding_cache] [639/1836] pope_random_1529_random_1529
2026-08-17 18:24:50,468 INFO [refresh_grounding_cache] [640/1836] pope_random_1534_random_1534
2026-08-17 18:24:54,134 INFO [refresh_grounding_cache] [641/1836] pope_random_1537_random_1537
2026-08-17 18:24:58,166 INFO [refresh_grounding_cache] [642/1836] pope_random_1538_random_1538
2026-08-17 18:25:01,299 INFO [refresh_grounding_cache] [643/1836] pope_random_1539_random_1539
2026-08-17 18:25:05,356 INFO [refresh_grounding_cache] [644/1836] pope_random_1546_random_1546
2026-08-17 18:25:09,263 INFO [refresh_grounding_cache] [645/1836] pope_random_1547_random_1547
2026-08-17 18:25:13,495 INFO [refresh_grounding_cache] [646/1836] pope_random_1554_random_1554
2026-08-17 18:25:17,294 INFO [refresh_grounding_cache] [647/1836] pope_random_1555_random_1555
2026-08-17 18:25:21,185 INFO [refresh_grounding_cache] [648/1836] pope_random_1557_random_1557
2026-08-17 18:25:25,500 INFO [refresh_grounding_cache] [649/1836] pope_random_1561_random_1561
2026-08-17 18:25:29,066 INFO [refresh_grounding_cache] [650/1836] pope_random_1564_random_1564
2026-08-17 18:25:33,024 INFO [refresh_grounding_cache] [651/1836] pope_random_1566_random_1566
2026-08-17 18:25:38,321 INFO [refresh_grounding_cache] [652/1836] pope_random_1569_random_1569
2026-08-17 18:25:41,987 INFO [refresh_grounding_cache] [653/1836] pope_random_1570_random_1570
2026-08-17 18:25:46,186 INFO [refresh_grounding_cache] [654/1836] pope_random_1572_random_1572
2026-08-17 18:25:50,876 INFO [refresh_grounding_cache] [655/1836] pope_random_1581_random_1581
2026-08-17 18:25:55,258 INFO [refresh_grounding_cache] [656/1836] pope_random_1584_random_1584
2026-08-17 18:25:59,482 INFO [refresh_grounding_cache] [657/1836] pope_random_1596_random_1596
2026-08-17 18:26:03,872 INFO [refresh_grounding_cache] [658/1836] pope_random_1597_random_1597
2026-08-17 18:26:07,421 INFO [refresh_grounding_cache] [659/1836] pope_random_1598_random_1598
2026-08-17 18:26:10,921 INFO [refresh_grounding_cache] [660/1836] pope_random_1603_random_1603
2026-08-17 18:26:16,044 INFO [refresh_grounding_cache] [661/1836] pope_random_1606_random_1606
2026-08-17 18:26:21,295 INFO [refresh_grounding_cache] [662/1836] pope_random_1607_random_1607
2026-08-17 18:26:26,158 INFO [refresh_grounding_cache] [663/1836] pope_random_1610_random_1610
2026-08-17 18:26:29,340 INFO [refresh_grounding_cache] [664/1836] pope_random_1614_random_1614
2026-08-17 18:26:33,614 INFO [refresh_grounding_cache] [665/1836] pope_random_1617_random_1617
2026-08-17 18:26:37,055 INFO [refresh_grounding_cache] [666/1836] pope_random_1619_random_1619
2026-08-17 18:26:41,070 INFO [refresh_grounding_cache] [667/1836] pope_random_1625_random_1625
2026-08-17 18:26:45,777 INFO [refresh_grounding_cache] [668/1836] pope_random_1630_random_1630
2026-08-17 18:26:50,251 INFO [refresh_grounding_cache] [669/1836] pope_random_1632_random_1632
2026-08-17 18:26:53,475 INFO [refresh_grounding_cache] [670/1836] pope_random_1638_random_1638
2026-08-17 18:26:58,723 INFO [refresh_grounding_cache] [671/1836] pope_random_1641_random_1641
2026-08-17 18:27:02,781 INFO [refresh_grounding_cache] [672/1836] pope_random_1650_random_1650
2026-08-17 18:27:07,387 INFO [refresh_grounding_cache] [673/1836] pope_random_1659_random_1659
2026-08-17 18:27:11,278 INFO [refresh_grounding_cache] [674/1836] pope_random_1662_random_1662
2026-08-17 18:27:15,602 INFO [refresh_grounding_cache] [675/1836] pope_random_1669_random_1669
2026-08-17 18:27:19,576 INFO [refresh_grounding_cache] [676/1836] pope_random_1674_random_1674
2026-08-17 18:27:23,075 INFO [refresh_grounding_cache] [677/1836] pope_random_1676_random_1676
2026-08-17 18:27:26,816 INFO [refresh_grounding_cache] [678/1836] pope_random_1679_random_1679
2026-08-17 18:27:30,556 INFO [refresh_grounding_cache] [679/1836] pope_random_1685_random_1685
2026-08-17 18:27:34,472 INFO [refresh_grounding_cache] [680/1836] pope_random_1691_random_1691
2026-08-17 18:27:39,112 INFO [refresh_grounding_cache] [681/1836] pope_random_1692_random_1692
2026-08-17 18:27:43,844 INFO [refresh_grounding_cache] [682/1836] pope_random_1694_random_1694
2026-08-17 18:27:47,801 INFO [refresh_grounding_cache] [683/1836] pope_random_1698_random_1698
2026-08-17 18:27:52,175 INFO [refresh_grounding_cache] [684/1836] pope_random_1700_random_1700
2026-08-17 18:27:56,807 INFO [refresh_grounding_cache] [685/1836] pope_random_1702_random_1702
2026-08-17 18:28:01,114 INFO [refresh_grounding_cache] [686/1836] pope_random_1711_random_1711
2026-08-17 18:28:05,563 INFO [refresh_grounding_cache] [687/1836] pope_random_1713_random_1713
2026-08-17 18:28:09,870 INFO [refresh_grounding_cache] [688/1836] pope_random_1715_random_1715
2026-08-17 18:28:13,402 INFO [refresh_grounding_cache] [689/1836] pope_random_1716_random_1716
2026-08-17 18:28:17,251 INFO [refresh_grounding_cache] [690/1836] pope_random_1718_random_1718
2026-08-17 18:28:22,566 INFO [refresh_grounding_cache] [691/1836] pope_random_1720_random_1720
2026-08-17 18:28:27,081 INFO [refresh_grounding_cache] [692/1836] pope_random_1722_random_1722
2026-08-17 18:28:31,513 INFO [refresh_grounding_cache] [693/1836] pope_random_1723_random_1723
2026-08-17 18:28:35,621 INFO [refresh_grounding_cache] [694/1836] pope_random_1732_random_1732
2026-08-17 18:28:39,195 INFO [refresh_grounding_cache] [695/1836] pope_random_1742_random_1742
2026-08-17 18:28:42,985 INFO [refresh_grounding_cache] [696/1836] pope_random_1749_random_1749
2026-08-17 18:28:46,984 INFO [refresh_grounding_cache] [697/1836] pope_random_1751_random_1751
2026-08-17 18:28:50,900 INFO [refresh_grounding_cache] [698/1836] pope_random_1756_random_1756
2026-08-17 18:28:54,732 INFO [refresh_grounding_cache] [699/1836] pope_random_1757_random_1757
2026-08-17 18:28:58,214 INFO [refresh_grounding_cache] [700/1836] pope_random_1770_random_1770
2026-08-17 18:29:02,196 INFO [refresh_grounding_cache] [701/1836] pope_random_1774_random_1774
2026-08-17 18:29:07,586 INFO [refresh_grounding_cache] [702/1836] pope_random_1777_random_1777
2026-08-17 18:29:12,018 INFO [refresh_grounding_cache] [703/1836] pope_random_1780_random_1780
2026-08-17 18:29:16,309 INFO [refresh_grounding_cache] [704/1836] pope_random_1783_random_1783
2026-08-17 18:29:21,441 INFO [refresh_grounding_cache] [705/1836] pope_random_1787_random_1787
2026-08-17 18:29:26,656 INFO [refresh_grounding_cache] [706/1836] pope_random_1790_random_1790
2026-08-17 18:29:31,813 INFO [refresh_grounding_cache] [707/1836] pope_random_1813_random_1813
2026-08-17 18:29:36,570 INFO [refresh_grounding_cache] [708/1836] pope_random_1814_random_1814
2026-08-17 18:29:41,060 INFO [refresh_grounding_cache] [709/1836] pope_random_1816_random_1816
2026-08-17 18:29:45,084 INFO [refresh_grounding_cache] [710/1836] pope_random_1820_random_1820
2026-08-17 18:29:49,500 INFO [refresh_grounding_cache] [711/1836] pope_random_1822_random_1822
2026-08-17 18:29:53,373 INFO [refresh_grounding_cache] [712/1836] pope_random_1836_random_1836
2026-08-17 18:29:57,097 INFO [refresh_grounding_cache] [713/1836] pope_random_1841_random_1841
2026-08-17 18:30:00,097 INFO [refresh_grounding_cache] [714/1836] pope_random_1851_random_1851
2026-08-17 18:30:03,421 INFO [refresh_grounding_cache] [715/1836] pope_random_1853_random_1853
2026-08-17 18:30:07,328 INFO [refresh_grounding_cache] [716/1836] pope_random_1861_random_1861
2026-08-17 18:30:11,677 INFO [refresh_grounding_cache] [717/1836] pope_random_1863_random_1863
2026-08-17 18:30:15,559 INFO [refresh_grounding_cache] [718/1836] pope_random_1865_random_1865
2026-08-17 18:30:19,708 INFO [refresh_grounding_cache] [719/1836] pope_random_1866_random_1866
2026-08-17 18:30:24,231 INFO [refresh_grounding_cache] [720/1836] pope_random_1867_random_1867
2026-08-17 18:30:28,613 INFO [refresh_grounding_cache] [721/1836] pope_random_1870_random_1870
2026-08-17 18:30:33,279 INFO [refresh_grounding_cache] [722/1836] pope_random_1873_random_1873
2026-08-17 18:30:37,402 INFO [refresh_grounding_cache] [723/1836] pope_random_1879_random_1879
2026-08-17 18:30:41,026 INFO [refresh_grounding_cache] [724/1836] pope_random_1883_random_1883
2026-08-17 18:30:45,050 INFO [refresh_grounding_cache] [725/1836] pope_random_1884_random_1884
2026-08-17 18:30:49,866 INFO [refresh_grounding_cache] [726/1836] pope_random_1887_random_1887
2026-08-17 18:30:53,598 INFO [refresh_grounding_cache] [727/1836] pope_random_1888_random_1888
2026-08-17 18:30:57,313 INFO [refresh_grounding_cache] [728/1836] pope_random_1890_random_1890
2026-08-17 18:31:01,471 INFO [refresh_grounding_cache] [729/1836] pope_random_1891_random_1891
2026-08-17 18:31:05,536 INFO [refresh_grounding_cache] [730/1836] pope_random_1906_random_1906
2026-08-17 18:31:10,735 INFO [refresh_grounding_cache] [731/1836] pope_random_1908_random_1908
2026-08-17 18:31:14,250 INFO [refresh_grounding_cache] [732/1836] pope_random_1911_random_1911
2026-08-17 18:31:17,766 INFO [refresh_grounding_cache] [733/1836] pope_random_1912_random_1912
2026-08-17 18:31:22,190 INFO [refresh_grounding_cache] [734/1836] pope_random_1915_random_1915
2026-08-17 18:31:25,914 INFO [refresh_grounding_cache] [735/1836] pope_random_1919_random_1919
2026-08-17 18:31:29,887 INFO [refresh_grounding_cache] [736/1836] pope_random_1932_random_1932
2026-08-17 18:31:33,936 INFO [refresh_grounding_cache] [737/1836] pope_random_1937_random_1937
2026-08-17 18:31:38,210 INFO [refresh_grounding_cache] [738/1836] pope_random_1942_random_1942
2026-08-17 18:31:42,659 INFO [refresh_grounding_cache] [739/1836] pope_random_1944_random_1944
2026-08-17 18:31:45,750 INFO [refresh_grounding_cache] [740/1836] pope_random_1951_random_1951
2026-08-17 18:31:49,632 INFO [refresh_grounding_cache] [741/1836] pope_random_1957_random_1957
2026-08-17 18:31:53,523 INFO [refresh_grounding_cache] [742/1836] pope_random_1959_random_1959
2026-08-17 18:31:57,138 INFO [refresh_grounding_cache] [743/1836] pope_random_1960_random_1960
2026-08-17 18:32:01,512 INFO [refresh_grounding_cache] [744/1836] pope_random_1966_random_1966
2026-08-17 18:32:07,177 INFO [refresh_grounding_cache] [745/1836] pope_random_1975_random_1975
2026-08-17 18:32:10,393 INFO [refresh_grounding_cache] [746/1836] pope_random_1978_random_1978
2026-08-17 18:32:13,759 INFO [refresh_grounding_cache] [747/1836] pope_random_1979_random_1979
2026-08-17 18:32:17,608 INFO [refresh_grounding_cache] [748/1836] pope_random_1982_random_1982
2026-08-17 18:32:21,565 INFO [refresh_grounding_cache] [749/1836] pope_random_1985_random_1985
2026-08-17 18:32:25,838 INFO [refresh_grounding_cache] [750/1836] pope_random_1989_random_1989
2026-08-17 18:32:30,212 INFO [refresh_grounding_cache] [751/1836] pope_random_1992_random_1992
2026-08-17 18:32:34,619 INFO [refresh_grounding_cache] [752/1836] pope_random_2005_random_2005
2026-08-17 18:32:38,168 INFO [refresh_grounding_cache] [753/1836] pope_random_2009_random_2009
2026-08-17 18:32:41,700 INFO [refresh_grounding_cache] [754/1836] pope_random_2012_random_2012
2026-08-17 18:32:46,632 INFO [refresh_grounding_cache] [755/1836] pope_random_2017_random_2017
2026-08-17 18:32:51,556 INFO [refresh_grounding_cache] [756/1836] pope_random_2021_random_2021
2026-08-17 18:32:55,630 INFO [refresh_grounding_cache] [757/1836] pope_random_2024_random_2024
2026-08-17 18:33:00,036 INFO [refresh_grounding_cache] [758/1836] pope_random_2039_random_2039
2026-08-17 18:33:03,902 INFO [refresh_grounding_cache] [759/1836] pope_random_2043_random_2043
2026-08-17 18:33:07,568 INFO [refresh_grounding_cache] [760/1836] pope_random_2045_random_2045
2026-08-17 18:33:10,558 INFO [refresh_grounding_cache] [761/1836] pope_random_2049_random_2049
2026-08-17 18:33:14,332 INFO [refresh_grounding_cache] [762/1836] pope_random_2052_random_2052
2026-08-17 18:33:18,664 INFO [refresh_grounding_cache] [763/1836] pope_random_2057_random_2057
2026-08-17 18:33:22,047 INFO [refresh_grounding_cache] [764/1836] pope_random_2059_random_2059
2026-08-17 18:33:26,246 INFO [refresh_grounding_cache] [765/1836] pope_random_2063_random_2063
2026-08-17 18:33:30,119 INFO [refresh_grounding_cache] [766/1836] pope_random_2068_random_2068
2026-08-17 18:33:34,227 INFO [refresh_grounding_cache] [767/1836] pope_random_2075_random_2075
2026-08-17 18:33:38,242 INFO [refresh_grounding_cache] [768/1836] pope_random_2080_random_2080
2026-08-17 18:33:43,174 INFO [refresh_grounding_cache] [769/1836] pope_random_2081_random_2081
2026-08-17 18:33:47,656 INFO [refresh_grounding_cache] [770/1836] pope_random_2082_random_2082
2026-08-17 18:33:51,546 INFO [refresh_grounding_cache] [771/1836] pope_random_2083_random_2083
2026-08-17 18:33:56,970 INFO [refresh_grounding_cache] [772/1836] pope_random_2085_random_2085
2026-08-17 18:34:01,319 INFO [refresh_grounding_cache] [773/1836] pope_random_2086_random_2086
2026-08-17 18:34:06,034 INFO [refresh_grounding_cache] [774/1836] pope_random_2105_random_2105
2026-08-17 18:34:09,791 INFO [refresh_grounding_cache] [775/1836] pope_random_2106_random_2106
2026-08-17 18:34:14,681 INFO [refresh_grounding_cache] [776/1836] pope_random_2111_random_2111
2026-08-17 18:34:19,388 INFO [refresh_grounding_cache] [777/1836] pope_random_2112_random_2112
2026-08-17 18:34:23,754 INFO [refresh_grounding_cache] [778/1836] pope_random_2113_random_2113
2026-08-17 18:34:27,386 INFO [refresh_grounding_cache] [779/1836] pope_random_2119_random_2119
2026-08-17 18:34:30,985 INFO [refresh_grounding_cache] [780/1836] pope_random_2125_random_2125
2026-08-17 18:34:35,859 INFO [refresh_grounding_cache] [781/1836] pope_random_2126_random_2126
2026-08-17 18:34:40,233 INFO [refresh_grounding_cache] [782/1836] pope_random_2148_random_2148
2026-08-17 18:34:44,206 INFO [refresh_grounding_cache] [783/1836] pope_random_2151_random_2151
2026-08-17 18:34:47,755 INFO [refresh_grounding_cache] [784/1836] pope_random_2156_random_2156
2026-08-17 18:34:51,946 INFO [refresh_grounding_cache] [785/1836] pope_random_2158_random_2158
2026-08-17 18:34:56,078 INFO [refresh_grounding_cache] [786/1836] pope_random_2164_random_2164
2026-08-17 18:34:59,652 INFO [refresh_grounding_cache] [787/1836] pope_random_2165_random_2165
2026-08-17 18:35:04,059 INFO [refresh_grounding_cache] [788/1836] pope_random_2166_random_2166
2026-08-17 18:35:07,941 INFO [refresh_grounding_cache] [789/1836] pope_random_2171_random_2171
2026-08-17 18:35:12,273 INFO [refresh_grounding_cache] [790/1836] pope_random_2172_random_2172
2026-08-17 18:35:16,505 INFO [refresh_grounding_cache] [791/1836] pope_random_2175_random_2175
2026-08-17 18:35:20,929 INFO [refresh_grounding_cache] [792/1836] pope_random_2181_random_2181
2026-08-17 18:35:25,353 INFO [refresh_grounding_cache] [793/1836] pope_random_2185_random_2185
2026-08-17 18:35:29,393 INFO [refresh_grounding_cache] [794/1836] pope_random_2188_random_2188
2026-08-17 18:35:34,308 INFO [refresh_grounding_cache] [795/1836] pope_random_2189_random_2189
2026-08-17 18:35:38,107 INFO [refresh_grounding_cache] [796/1836] pope_random_2190_random_2190
2026-08-17 18:35:42,073 INFO [refresh_grounding_cache] [797/1836] pope_random_2191_random_2191
2026-08-17 18:35:45,630 INFO [refresh_grounding_cache] [798/1836] pope_random_2199_random_2199
2026-08-17 18:35:48,238 INFO [refresh_grounding_cache] [799/1836] pope_random_2201_random_2201
2026-08-17 18:35:50,995 INFO [refresh_grounding_cache] [800/1836] pope_random_2208_random_2208
2026-08-17 18:35:55,394 INFO [refresh_grounding_cache] [801/1836] pope_random_2212_random_2212
2026-08-17 18:35:59,851 INFO [refresh_grounding_cache] [802/1836] pope_random_2222_random_2222
2026-08-17 18:36:04,083 INFO [refresh_grounding_cache] [803/1836] pope_random_2224_random_2224
2026-08-17 18:36:09,190 INFO [refresh_grounding_cache] [804/1836] pope_random_2228_random_2228
2026-08-17 18:36:13,698 INFO [refresh_grounding_cache] [805/1836] pope_random_2236_random_2236
2026-08-17 18:36:17,913 INFO [refresh_grounding_cache] [806/1836] pope_random_2245_random_2245
2026-08-17 18:36:22,520 INFO [refresh_grounding_cache] [807/1836] pope_random_2248_random_2248
2026-08-17 18:36:26,311 INFO [refresh_grounding_cache] [808/1836] pope_random_2249_random_2249
2026-08-17 18:36:29,960 INFO [refresh_grounding_cache] [809/1836] pope_random_2256_random_2256
2026-08-17 18:36:35,191 INFO [refresh_grounding_cache] [810/1836] pope_random_2260_random_2260
2026-08-17 18:36:39,132 INFO [refresh_grounding_cache] [811/1836] pope_random_2261_random_2261
2026-08-17 18:36:42,756 INFO [refresh_grounding_cache] [812/1836] pope_random_2262_random_2262
2026-08-17 18:36:46,363 INFO [refresh_grounding_cache] [813/1836] pope_random_2269_random_2269
2026-08-17 18:36:50,029 INFO [refresh_grounding_cache] [814/1836] pope_random_2270_random_2270
2026-08-17 18:36:55,327 INFO [refresh_grounding_cache] [815/1836] pope_random_2274_random_2274
2026-08-17 18:37:01,017 INFO [refresh_grounding_cache] [816/1836] pope_random_2275_random_2275
2026-08-17 18:37:04,716 INFO [refresh_grounding_cache] [817/1836] pope_random_2278_random_2278
2026-08-17 18:37:09,390 INFO [refresh_grounding_cache] [818/1836] pope_random_2281_random_2281
2026-08-17 18:37:13,822 INFO [refresh_grounding_cache] [819/1836] pope_random_2285_random_2285
2026-08-17 18:37:17,912 INFO [refresh_grounding_cache] [820/1836] pope_random_2291_random_2291
2026-08-17 18:37:21,528 INFO [refresh_grounding_cache] [821/1836] pope_random_2307_random_2307
2026-08-17 18:37:26,851 INFO [refresh_grounding_cache] [822/1836] pope_random_2314_random_2314
2026-08-17 18:37:31,108 INFO [refresh_grounding_cache] [823/1836] pope_random_2317_random_2317
2026-08-17 18:37:35,124 INFO [refresh_grounding_cache] [824/1836] pope_random_2318_random_2318
2026-08-17 18:37:39,006 INFO [refresh_grounding_cache] [825/1836] pope_random_2320_random_2320
2026-08-17 18:37:43,680 INFO [refresh_grounding_cache] [826/1836] pope_random_2325_random_2325
2026-08-17 18:37:48,595 INFO [refresh_grounding_cache] [827/1836] pope_random_2334_random_2334
2026-08-17 18:37:52,602 INFO [refresh_grounding_cache] [828/1836] pope_random_2337_random_2337
2026-08-17 18:37:55,860 INFO [refresh_grounding_cache] [829/1836] pope_random_2341_random_2341
2026-08-17 18:38:00,200 INFO [refresh_grounding_cache] [830/1836] pope_random_2342_random_2342
2026-08-17 18:38:04,282 INFO [refresh_grounding_cache] [831/1836] pope_random_2344_random_2344
2026-08-17 18:38:08,448 INFO [refresh_grounding_cache] [832/1836] pope_random_2349_random_2349
2026-08-17 18:38:12,588 INFO [refresh_grounding_cache] [833/1836] pope_random_2353_random_2353
2026-08-17 18:38:16,537 INFO [refresh_grounding_cache] [834/1836] pope_random_2354_random_2354
2026-08-17 18:38:21,677 INFO [refresh_grounding_cache] [835/1836] pope_random_2366_random_2366
2026-08-17 18:38:25,601 INFO [refresh_grounding_cache] [836/1836] pope_random_2372_random_2372
2026-08-17 18:38:30,659 INFO [refresh_grounding_cache] [837/1836] pope_random_2375_random_2375
2026-08-17 18:38:34,816 INFO [refresh_grounding_cache] [838/1836] pope_random_2382_random_2382
2026-08-17 18:38:39,148 INFO [refresh_grounding_cache] [839/1836] pope_random_2384_random_2384
2026-08-17 18:38:44,396 INFO [refresh_grounding_cache] [840/1836] pope_random_2387_random_2387
2026-08-17 18:38:48,887 INFO [refresh_grounding_cache] [841/1836] pope_random_2392_random_2392
2026-08-17 18:38:53,286 INFO [refresh_grounding_cache] [842/1836] pope_random_2397_random_2397
2026-08-17 18:38:57,159 INFO [refresh_grounding_cache] [843/1836] pope_random_2400_random_2400
2026-08-17 18:39:01,575 INFO [refresh_grounding_cache] [844/1836] pope_random_2402_random_2402
2026-08-17 18:39:05,215 INFO [refresh_grounding_cache] [845/1836] pope_random_2403_random_2403
2026-08-17 18:39:09,206 INFO [refresh_grounding_cache] [846/1836] pope_random_2404_random_2404
2026-08-17 18:39:12,805 INFO [refresh_grounding_cache] [847/1836] pope_random_2405_random_2405
2026-08-17 18:39:16,670 INFO [refresh_grounding_cache] [848/1836] pope_random_2426_random_2426
2026-08-17 18:39:20,361 INFO [refresh_grounding_cache] [849/1836] pope_random_2431_random_2431
2026-08-17 18:39:24,310 INFO [refresh_grounding_cache] [850/1836] pope_random_2433_random_2433
2026-08-17 18:39:28,409 INFO [refresh_grounding_cache] [851/1836] pope_random_2436_random_2436
2026-08-17 18:39:33,066 INFO [refresh_grounding_cache] [852/1836] pope_random_2440_random_2440
2026-08-17 18:39:37,565 INFO [refresh_grounding_cache] [853/1836] pope_random_2443_random_2443
2026-08-17 18:39:41,847 INFO [refresh_grounding_cache] [854/1836] pope_random_2446_random_2446
2026-08-17 18:39:45,387 INFO [refresh_grounding_cache] [855/1836] pope_random_2447_random_2447
2026-08-17 18:39:50,228 INFO [refresh_grounding_cache] [856/1836] pope_random_2449_random_2449
2026-08-17 18:39:54,676 INFO [refresh_grounding_cache] [857/1836] pope_random_2451_random_2451
2026-08-17 18:40:00,300 INFO [refresh_grounding_cache] [858/1836] pope_random_2452_random_2452
2026-08-17 18:40:04,907 INFO [refresh_grounding_cache] [859/1836] pope_random_2453_random_2453
2026-08-17 18:40:09,322 INFO [refresh_grounding_cache] [860/1836] pope_random_2470_random_2470
2026-08-17 18:40:13,904 INFO [refresh_grounding_cache] [861/1836] pope_random_2473_random_2473
2026-08-17 18:40:17,795 INFO [refresh_grounding_cache] [862/1836] pope_random_2474_random_2474
2026-08-17 18:40:21,244 INFO [refresh_grounding_cache] [863/1836] pope_random_2476_random_2476
2026-08-17 18:40:25,743 INFO [refresh_grounding_cache] [864/1836] pope_random_2485_random_2485
2026-08-17 18:40:30,450 INFO [refresh_grounding_cache] [865/1836] pope_random_2486_random_2486
2026-08-17 18:40:34,424 INFO [refresh_grounding_cache] [866/1836] pope_random_2496_random_2496
2026-08-17 18:40:38,456 INFO [refresh_grounding_cache] [867/1836] pope_random_2509_random_2509
2026-08-17 18:40:43,030 INFO [refresh_grounding_cache] [868/1836] pope_random_2517_random_2517
2026-08-17 18:40:47,986 INFO [refresh_grounding_cache] [869/1836] pope_random_2537_random_2537
2026-08-17 18:40:52,019 INFO [refresh_grounding_cache] [870/1836] pope_random_2542_random_2542
2026-08-17 18:40:56,076 INFO [refresh_grounding_cache] [871/1836] pope_random_2543_random_2543
2026-08-17 18:40:59,475 INFO [refresh_grounding_cache] [872/1836] pope_random_2544_random_2544
2026-08-17 18:41:03,049 INFO [refresh_grounding_cache] [873/1836] pope_random_2545_random_2545
2026-08-17 18:41:07,748 INFO [refresh_grounding_cache] [874/1836] pope_random_2550_random_2550
2026-08-17 18:41:12,380 INFO [refresh_grounding_cache] [875/1836] pope_random_2553_random_2553
2026-08-17 18:41:16,721 INFO [refresh_grounding_cache] [876/1836] pope_random_2555_random_2555
2026-08-17 18:41:21,219 INFO [refresh_grounding_cache] [877/1836] pope_random_2557_random_2557
2026-08-17 18:41:25,643 INFO [refresh_grounding_cache] [878/1836] pope_random_2558_random_2558
2026-08-17 18:41:29,767 INFO [refresh_grounding_cache] [879/1836] pope_random_2563_random_2563
2026-08-17 18:41:34,207 INFO [refresh_grounding_cache] [880/1836] pope_random_2566_random_2566
2026-08-17 18:41:39,514 INFO [refresh_grounding_cache] [881/1836] pope_random_2574_random_2574
2026-08-17 18:41:44,013 INFO [refresh_grounding_cache] [882/1836] pope_random_2575_random_2575
2026-08-17 18:41:47,778 INFO [refresh_grounding_cache] [883/1836] pope_random_2576_random_2576
2026-08-17 18:41:51,211 INFO [refresh_grounding_cache] [884/1836] pope_random_2577_random_2577
2026-08-17 18:41:55,126 INFO [refresh_grounding_cache] [885/1836] pope_random_2581_random_2581
2026-08-17 18:41:58,917 INFO [refresh_grounding_cache] [886/1836] pope_random_2582_random_2582
2026-08-17 18:42:04,257 INFO [refresh_grounding_cache] [887/1836] pope_random_2589_random_2589
2026-08-17 18:42:07,989 INFO [refresh_grounding_cache] [888/1836] pope_random_2591_random_2591
2026-08-17 18:42:11,522 INFO [refresh_grounding_cache] [889/1836] pope_random_2594_random_2594
2026-08-17 18:42:15,121 INFO [refresh_grounding_cache] [890/1836] pope_random_2597_random_2597
2026-08-17 18:42:19,277 INFO [refresh_grounding_cache] [891/1836] pope_random_2600_random_2600
2026-08-17 18:42:24,326 INFO [refresh_grounding_cache] [892/1836] pope_random_2602_random_2602
2026-08-17 18:42:30,033 INFO [refresh_grounding_cache] [893/1836] pope_random_2605_random_2605
2026-08-17 18:42:34,290 INFO [refresh_grounding_cache] [894/1836] pope_random_2608_random_2608
2026-08-17 18:42:39,438 INFO [refresh_grounding_cache] [895/1836] pope_random_2610_random_2610
2026-08-17 18:42:43,704 INFO [refresh_grounding_cache] [896/1836] pope_random_2611_random_2611
2026-08-17 18:42:47,652 INFO [refresh_grounding_cache] [897/1836] pope_random_2614_random_2614
2026-08-17 18:42:52,626 INFO [refresh_grounding_cache] [898/1836] pope_random_2616_random_2616
2026-08-17 18:42:56,084 INFO [refresh_grounding_cache] [899/1836] pope_random_2617_random_2617
2026-08-17 18:43:00,441 INFO [refresh_grounding_cache] [900/1836] pope_random_2627_random_2627
2026-08-17 18:43:04,115 INFO [refresh_grounding_cache] [901/1836] pope_random_2635_random_2635
2026-08-17 18:43:08,555 INFO [refresh_grounding_cache] [902/1836] pope_random_2636_random_2636
2026-08-17 18:43:13,045 INFO [refresh_grounding_cache] [903/1836] pope_random_2641_random_2641
2026-08-17 18:43:17,986 INFO [refresh_grounding_cache] [904/1836] pope_random_2643_random_2643
2026-08-17 18:43:22,534 INFO [refresh_grounding_cache] [905/1836] pope_random_2645_random_2645
2026-08-17 18:43:27,632 INFO [refresh_grounding_cache] [906/1836] pope_random_2651_random_2651
2026-08-17 18:43:31,623 INFO [refresh_grounding_cache] [907/1836] pope_random_2659_random_2659
2026-08-17 18:43:35,422 INFO [refresh_grounding_cache] [908/1836] pope_random_2661_random_2661
2026-08-17 18:43:39,221 INFO [refresh_grounding_cache] [909/1836] pope_random_2662_random_2662
2026-08-17 18:43:43,236 INFO [refresh_grounding_cache] [910/1836] pope_random_2664_random_2664
2026-08-17 18:43:46,743 INFO [refresh_grounding_cache] [911/1836] pope_random_2668_random_2668
2026-08-17 18:43:50,251 INFO [refresh_grounding_cache] [912/1836] pope_random_2675_random_2675
2026-08-17 18:43:54,583 INFO [refresh_grounding_cache] [913/1836] pope_random_2677_random_2677
2026-08-17 18:43:58,257 INFO [refresh_grounding_cache] [914/1836] pope_random_2679_random_2679
2026-08-17 18:44:01,630 INFO [refresh_grounding_cache] [915/1836] pope_random_2684_random_2684
2026-08-17 18:44:05,346 INFO [refresh_grounding_cache] [916/1836] pope_random_2685_random_2685
2026-08-17 18:44:09,362 INFO [refresh_grounding_cache] [917/1836] pope_random_2686_random_2686
2026-08-17 18:44:13,444 INFO [refresh_grounding_cache] [918/1836] pope_random_2687_random_2687
2026-08-17 18:44:17,542 INFO [refresh_grounding_cache] [919/1836] pope_random_2690_random_2690
2026-08-17 18:44:22,707 INFO [refresh_grounding_cache] [920/1836] pope_random_2696_random_2696
2026-08-17 18:44:27,273 INFO [refresh_grounding_cache] [921/1836] pope_random_2698_random_2698
2026-08-17 18:44:31,622 INFO [refresh_grounding_cache] [922/1836] pope_random_2700_random_2700
2026-08-17 18:44:34,696 INFO [refresh_grounding_cache] [923/1836] pope_random_2704_random_2704
2026-08-17 18:44:38,695 INFO [refresh_grounding_cache] [924/1836] pope_random_2709_random_2709
2026-08-17 18:44:43,043 INFO [refresh_grounding_cache] [925/1836] pope_random_2710_random_2710
2026-08-17 18:44:47,050 INFO [refresh_grounding_cache] [926/1836] pope_random_2718_random_2718
2026-08-17 18:44:52,332 INFO [refresh_grounding_cache] [927/1836] pope_random_2725_random_2725
2026-08-17 18:44:55,856 INFO [refresh_grounding_cache] [928/1836] pope_random_2731_random_2731
2026-08-17 18:45:00,080 INFO [refresh_grounding_cache] [929/1836] pope_random_2740_random_2740
2026-08-17 18:45:04,695 INFO [refresh_grounding_cache] [930/1836] pope_random_2741_random_2741
2026-08-17 18:45:08,236 INFO [refresh_grounding_cache] [931/1836] pope_random_2745_random_2745
2026-08-17 18:45:12,593 INFO [refresh_grounding_cache] [932/1836] pope_random_2747_random_2747
2026-08-17 18:45:16,867 INFO [refresh_grounding_cache] [933/1836] pope_random_2749_random_2749
2026-08-17 18:45:20,915 INFO [refresh_grounding_cache] [934/1836] pope_random_2751_random_2751
2026-08-17 18:45:24,464 INFO [refresh_grounding_cache] [935/1836] pope_random_2752_random_2752
2026-08-17 18:45:28,921 INFO [refresh_grounding_cache] [936/1836] pope_random_2756_random_2756
2026-08-17 18:45:31,654 INFO [refresh_grounding_cache] [937/1836] pope_random_2764_random_2764
2026-08-17 18:45:35,686 INFO [refresh_grounding_cache] [938/1836] pope_random_2767_random_2767
2026-08-17 18:45:40,060 INFO [refresh_grounding_cache] [939/1836] pope_random_2772_random_2772
2026-08-17 18:45:44,733 INFO [refresh_grounding_cache] [940/1836] pope_random_2774_random_2774
2026-08-17 18:45:49,282 INFO [refresh_grounding_cache] [941/1836] pope_random_2775_random_2775
2026-08-17 18:45:53,447 INFO [refresh_grounding_cache] [942/1836] pope_random_2778_random_2778
2026-08-17 18:45:57,863 INFO [refresh_grounding_cache] [943/1836] pope_random_2783_random_2783
2026-08-17 18:46:01,812 INFO [refresh_grounding_cache] [944/1836] pope_random_2803_random_2803
2026-08-17 18:46:05,762 INFO [refresh_grounding_cache] [945/1836] pope_random_2804_random_2804
2026-08-17 18:46:08,851 INFO [refresh_grounding_cache] [946/1836] pope_random_2816_random_2816
2026-08-17 18:46:13,275 INFO [refresh_grounding_cache] [947/1836] pope_random_2817_random_2817
2026-08-17 18:46:17,757 INFO [refresh_grounding_cache] [948/1836] pope_random_2821_random_2821
2026-08-17 18:46:22,206 INFO [refresh_grounding_cache] [949/1836] pope_random_2822_random_2822
2026-08-17 18:46:26,113 INFO [refresh_grounding_cache] [950/1836] pope_random_2826_random_2826
2026-08-17 18:46:30,212 INFO [refresh_grounding_cache] [951/1836] pope_random_2830_random_2830
2026-08-17 18:46:34,394 INFO [refresh_grounding_cache] [952/1836] pope_random_2831_random_2831
2026-08-17 18:46:37,960 INFO [refresh_grounding_cache] [953/1836] pope_random_2832_random_2832
2026-08-17 18:46:42,083 INFO [refresh_grounding_cache] [954/1836] pope_random_2834_random_2834
2026-08-17 18:46:46,249 INFO [refresh_grounding_cache] [955/1836] pope_random_2842_random_2842
2026-08-17 18:46:51,214 INFO [refresh_grounding_cache] [956/1836] pope_random_2843_random_2843
2026-08-17 18:46:55,554 INFO [refresh_grounding_cache] [957/1836] pope_random_2844_random_2844
2026-08-17 18:46:59,336 INFO [refresh_grounding_cache] [958/1836] pope_random_2845_random_2845
2026-08-17 18:47:02,910 INFO [refresh_grounding_cache] [959/1836] pope_random_2846_random_2846
2026-08-17 18:47:06,801 INFO [refresh_grounding_cache] [960/1836] pope_random_2847_random_2847
2026-08-17 18:47:10,750 INFO [refresh_grounding_cache] [961/1836] pope_random_2855_random_2855
2026-08-17 18:47:14,907 INFO [refresh_grounding_cache] [962/1836] pope_random_2859_random_2859
2026-08-17 18:47:18,614 INFO [refresh_grounding_cache] [963/1836] pope_random_2864_random_2864
2026-08-17 18:47:21,522 INFO [refresh_grounding_cache] [964/1836] pope_random_2865_random_2865
2026-08-17 18:47:25,504 INFO [refresh_grounding_cache] [965/1836] pope_random_2867_random_2867
2026-08-17 18:47:29,961 INFO [refresh_grounding_cache] [966/1836] pope_random_2875_random_2875
2026-08-17 18:47:34,635 INFO [refresh_grounding_cache] [967/1836] pope_random_2877_random_2877
2026-08-17 18:47:38,625 INFO [refresh_grounding_cache] [968/1836] pope_random_2880_random_2880
2026-08-17 18:47:44,065 INFO [refresh_grounding_cache] [969/1836] pope_random_2881_random_2881
2026-08-17 18:47:48,205 INFO [refresh_grounding_cache] [970/1836] pope_random_2883_random_2883
2026-08-17 18:47:52,937 INFO [refresh_grounding_cache] [971/1836] pope_random_2884_random_2884
2026-08-17 18:47:58,244 INFO [refresh_grounding_cache] [972/1836] pope_random_2886_random_2886
2026-08-17 18:48:02,885 INFO [refresh_grounding_cache] [973/1836] pope_random_2890_random_2890
2026-08-17 18:48:07,242 INFO [refresh_grounding_cache] [974/1836] pope_random_2895_random_2895
2026-08-17 18:48:11,082 INFO [refresh_grounding_cache] [975/1836] pope_random_2902_random_2902
2026-08-17 18:48:16,023 INFO [refresh_grounding_cache] [976/1836] pope_random_2908_random_2908
2026-08-17 18:48:20,080 INFO [refresh_grounding_cache] [977/1836] pope_random_2909_random_2909
2026-08-17 18:48:24,253 INFO [refresh_grounding_cache] [978/1836] pope_random_2911_random_2911
2026-08-17 18:48:28,810 INFO [refresh_grounding_cache] [979/1836] pope_random_2912_random_2912
2026-08-17 18:48:32,193 INFO [refresh_grounding_cache] [980/1836] pope_random_2917_random_2917
2026-08-17 18:48:35,692 INFO [refresh_grounding_cache] [981/1836] pope_random_2928_random_2928
2026-08-17 18:48:39,549 INFO [refresh_grounding_cache] [982/1836] pope_random_2929_random_2929
2026-08-17 18:48:43,523 INFO [refresh_grounding_cache] [983/1836] pope_random_2937_random_2937
2026-08-17 18:48:50,537 INFO [refresh_grounding_cache] [984/1836] pope_random_2938_random_2938
2026-08-17 18:48:54,469 INFO [refresh_grounding_cache] [985/1836] pope_random_2939_random_2939
2026-08-17 18:48:58,377 INFO [refresh_grounding_cache] [986/1836] pope_random_2949_random_2949
2026-08-17 18:49:02,392 INFO [refresh_grounding_cache] [987/1836] pope_random_2950_random_2950
2026-08-17 18:49:07,257 INFO [refresh_grounding_cache] [988/1836] pope_random_2971_random_2971
2026-08-17 18:49:10,781 INFO [refresh_grounding_cache] [989/1836] pope_random_2972_random_2972
2026-08-17 18:49:15,330 INFO [refresh_grounding_cache] [990/1836] pope_random_2973_random_2973
2026-08-17 18:49:18,229 INFO [refresh_grounding_cache] [991/1836] pope_random_2975_random_2975
2026-08-17 18:49:22,011 INFO [refresh_grounding_cache] [992/1836] pope_random_2977_random_2977
2026-08-17 18:49:26,810 INFO [refresh_grounding_cache] [993/1836] pope_random_2990_random_2990
2026-08-17 18:49:31,291 INFO [refresh_grounding_cache] [994/1836] pope_random_2992_random_2992
2026-08-17 18:49:36,365 INFO [refresh_grounding_cache] [995/1836] pope_random_2994_random_2994
2026-08-17 18:49:41,172 INFO [refresh_grounding_cache] [996/1836] vizwiz_VizWiz_val_00000006_6
2026-08-17 18:49:48,378 INFO [refresh_grounding_cache] [997/1836] vizwiz_VizWiz_val_00000015_15
2026-08-17 18:49:51,669 INFO [refresh_grounding_cache] [998/1836] vizwiz_VizWiz_val_00000016_16
2026-08-17 18:49:56,642 INFO [refresh_grounding_cache] [999/1836] vizwiz_VizWiz_val_00000017_17
2026-08-17 18:50:01,441 INFO [refresh_grounding_cache] [1000/1836] vizwiz_VizWiz_val_00000021_21
2026-08-17 18:50:09,147 INFO [refresh_grounding_cache] [1001/1836] vizwiz_VizWiz_val_00000027_27
2026-08-17 18:50:13,304 INFO [refresh_grounding_cache] [1002/1836] vizwiz_VizWiz_val_00000031_31
2026-08-17 18:50:18,319 INFO [refresh_grounding_cache] [1003/1836] vizwiz_VizWiz_val_00000034_34
2026-08-17 18:50:22,593 INFO [refresh_grounding_cache] [1004/1836] vizwiz_VizWiz_val_00000035_35
2026-08-17 18:50:27,100 INFO [refresh_grounding_cache] [1005/1836] vizwiz_VizWiz_val_00000038_38
2026-08-17 18:50:30,207 INFO [refresh_grounding_cache] [1006/1836] vizwiz_VizWiz_val_00000043_43
2026-08-17 18:50:35,955 INFO [refresh_grounding_cache] [1007/1836] vizwiz_VizWiz_val_00000045_45
2026-08-17 18:50:39,663 INFO [refresh_grounding_cache] [1008/1836] vizwiz_VizWiz_val_00000049_49
2026-08-17 18:50:43,020 INFO [refresh_grounding_cache] [1009/1836] vizwiz_VizWiz_val_00000051_51
2026-08-17 18:50:47,577 INFO [refresh_grounding_cache] [1010/1836] vizwiz_VizWiz_val_00000052_52
2026-08-17 18:50:53,009 INFO [refresh_grounding_cache] [1011/1836] vizwiz_VizWiz_val_00000059_59
2026-08-17 18:50:57,608 INFO [refresh_grounding_cache] [1012/1836] vizwiz_VizWiz_val_00000062_62
2026-08-17 18:51:02,931 INFO [refresh_grounding_cache] [1013/1836] vizwiz_VizWiz_val_00000068_68
2026-08-17 18:51:07,172 INFO [refresh_grounding_cache] [1014/1836] vizwiz_VizWiz_val_00000074_74
2026-08-17 18:51:10,438 INFO [refresh_grounding_cache] [1015/1836] vizwiz_VizWiz_val_00000077_77
2026-08-17 18:51:16,311 INFO [refresh_grounding_cache] [1016/1836] vizwiz_VizWiz_val_00000083_83
2026-08-17 18:51:19,518 INFO [refresh_grounding_cache] [1017/1836] vizwiz_VizWiz_val_00000084_84
2026-08-17 18:51:23,201 INFO [refresh_grounding_cache] [1018/1836] vizwiz_VizWiz_val_00000087_87
2026-08-17 18:51:26,783 INFO [refresh_grounding_cache] [1019/1836] vizwiz_VizWiz_val_00000091_91
2026-08-17 18:51:30,749 INFO [refresh_grounding_cache] [1020/1836] vizwiz_VizWiz_val_00000101_101
2026-08-17 18:51:34,298 INFO [refresh_grounding_cache] [1021/1836] vizwiz_VizWiz_val_00000116_116
2026-08-17 18:51:40,671 INFO [refresh_grounding_cache] [1022/1836] vizwiz_VizWiz_val_00000128_128
2026-08-17 18:51:46,494 INFO [refresh_grounding_cache] [1023/1836] vizwiz_VizWiz_val_00000141_141
2026-08-17 18:51:49,818 INFO [refresh_grounding_cache] [1024/1836] vizwiz_VizWiz_val_00000153_153
2026-08-17 18:51:53,358 INFO [refresh_grounding_cache] [1025/1836] vizwiz_VizWiz_val_00000156_156
2026-08-17 18:51:58,599 INFO [refresh_grounding_cache] [1026/1836] vizwiz_VizWiz_val_00000158_158
2026-08-17 18:52:02,597 INFO [refresh_grounding_cache] [1027/1836] vizwiz_VizWiz_val_00000161_161
2026-08-17 18:52:06,721 INFO [refresh_grounding_cache] [1028/1836] vizwiz_VizWiz_val_00000167_167
2026-08-17 18:52:10,995 INFO [refresh_grounding_cache] [1029/1836] vizwiz_VizWiz_val_00000169_169
2026-08-17 18:52:15,285 INFO [refresh_grounding_cache] [1030/1836] vizwiz_VizWiz_val_00000176_176
2026-08-17 18:52:21,000 INFO [refresh_grounding_cache] [1031/1836] vizwiz_VizWiz_val_00000180_180
2026-08-17 18:52:24,907 INFO [refresh_grounding_cache] [1032/1836] vizwiz_VizWiz_val_00000183_183
2026-08-17 18:52:28,656 INFO [refresh_grounding_cache] [1033/1836] vizwiz_VizWiz_val_00000184_184
2026-08-17 18:52:32,905 INFO [refresh_grounding_cache] [1034/1836] vizwiz_VizWiz_val_00000187_187
2026-08-17 18:52:37,062 INFO [refresh_grounding_cache] [1035/1836] vizwiz_VizWiz_val_00000188_188
2026-08-17 18:52:43,201 INFO [refresh_grounding_cache] [1036/1836] vizwiz_VizWiz_val_00000199_199
2026-08-17 18:52:50,082 INFO [refresh_grounding_cache] [1037/1836] vizwiz_VizWiz_val_00000205_205
2026-08-17 18:52:54,823 INFO [refresh_grounding_cache] [1038/1836] vizwiz_VizWiz_val_00000214_214
2026-08-17 18:53:03,553 INFO [refresh_grounding_cache] [1039/1836] vizwiz_VizWiz_val_00000223_223
2026-08-17 18:53:07,993 INFO [refresh_grounding_cache] [1040/1836] vizwiz_VizWiz_val_00000227_227
2026-08-17 18:53:12,525 INFO [refresh_grounding_cache] [1041/1836] vizwiz_VizWiz_val_00000231_231
2026-08-17 18:53:17,740 INFO [refresh_grounding_cache] [1042/1836] vizwiz_VizWiz_val_00000233_233
2026-08-17 18:53:22,056 INFO [refresh_grounding_cache] [1043/1836] vizwiz_VizWiz_val_00000235_235
2026-08-17 18:53:27,621 INFO [refresh_grounding_cache] [1044/1836] vizwiz_VizWiz_val_00000237_237
2026-08-17 18:53:32,680 INFO [refresh_grounding_cache] [1045/1836] vizwiz_VizWiz_val_00000239_239
2026-08-17 18:53:36,246 INFO [refresh_grounding_cache] [1046/1836] vizwiz_VizWiz_val_00000245_245
2026-08-17 18:53:42,094 INFO [refresh_grounding_cache] [1047/1836] vizwiz_VizWiz_val_00000246_246
2026-08-17 18:53:46,443 INFO [refresh_grounding_cache] [1048/1836] vizwiz_VizWiz_val_00000255_255
2026-08-17 18:53:51,741 INFO [refresh_grounding_cache] [1049/1836] vizwiz_VizWiz_val_00000256_256
2026-08-17 18:53:54,265 INFO [refresh_grounding_cache] [1050/1836] vizwiz_VizWiz_val_00000257_257
2026-08-17 18:53:59,005 INFO [refresh_grounding_cache] [1051/1836] vizwiz_VizWiz_val_00000262_262
2026-08-17 18:54:05,628 INFO [refresh_grounding_cache] [1052/1836] vizwiz_VizWiz_val_00000266_266
2026-08-17 18:54:08,286 INFO [refresh_grounding_cache] [1053/1836] vizwiz_VizWiz_val_00000276_276
2026-08-17 18:54:13,626 INFO [refresh_grounding_cache] [1054/1836] vizwiz_VizWiz_val_00000277_277
2026-08-17 18:54:21,165 INFO [refresh_grounding_cache] [1055/1836] vizwiz_VizWiz_val_00000278_278
2026-08-17 18:54:29,463 INFO [refresh_grounding_cache] [1056/1836] vizwiz_VizWiz_val_00000280_280
2026-08-17 18:54:34,145 INFO [refresh_grounding_cache] [1057/1836] vizwiz_VizWiz_val_00000281_281
2026-08-17 18:54:38,410 INFO [refresh_grounding_cache] [1058/1836] vizwiz_VizWiz_val_00000295_295
2026-08-17 18:54:43,367 INFO [refresh_grounding_cache] [1059/1836] vizwiz_VizWiz_val_00000298_298
2026-08-17 18:54:49,066 INFO [refresh_grounding_cache] [1060/1836] vizwiz_VizWiz_val_00000300_300
2026-08-17 18:54:58,712 INFO [refresh_grounding_cache] [1061/1836] vizwiz_VizWiz_val_00000307_307
2026-08-17 18:55:01,995 INFO [refresh_grounding_cache] [1062/1836] vizwiz_VizWiz_val_00000310_310
2026-08-17 18:55:08,326 INFO [refresh_grounding_cache] [1063/1836] vizwiz_VizWiz_val_00000311_311
2026-08-17 18:55:13,217 INFO [refresh_grounding_cache] [1064/1836] vizwiz_VizWiz_val_00000315_315
2026-08-17 18:55:17,140 INFO [refresh_grounding_cache] [1065/1836] vizwiz_VizWiz_val_00000317_317
2026-08-17 18:55:24,713 INFO [refresh_grounding_cache] [1066/1836] vizwiz_VizWiz_val_00000320_320
2026-08-17 18:55:29,812 INFO [refresh_grounding_cache] [1067/1836] vizwiz_VizWiz_val_00000324_324
2026-08-17 18:55:34,793 INFO [refresh_grounding_cache] [1068/1836] vizwiz_VizWiz_val_00000327_327
2026-08-17 18:55:39,409 INFO [refresh_grounding_cache] [1069/1836] vizwiz_VizWiz_val_00000328_328
2026-08-17 18:55:45,873 INFO [refresh_grounding_cache] [1070/1836] vizwiz_VizWiz_val_00000332_332
2026-08-17 18:55:50,072 INFO [refresh_grounding_cache] [1071/1836] vizwiz_VizWiz_val_00000334_334
2026-08-17 18:55:54,196 INFO [refresh_grounding_cache] [1072/1836] vizwiz_VizWiz_val_00000337_337
2026-08-17 18:56:00,295 INFO [refresh_grounding_cache] [1073/1836] vizwiz_VizWiz_val_00000339_339
2026-08-17 18:56:05,727 INFO [refresh_grounding_cache] [1074/1836] vizwiz_VizWiz_val_00000342_342
2026-08-17 18:56:12,708 INFO [refresh_grounding_cache] [1075/1836] vizwiz_VizWiz_val_00000343_343
2026-08-17 18:56:18,131 INFO [refresh_grounding_cache] [1076/1836] vizwiz_VizWiz_val_00000344_344
2026-08-17 18:56:23,163 INFO [refresh_grounding_cache] [1077/1836] vizwiz_VizWiz_val_00000349_349
2026-08-17 18:56:25,870 INFO [refresh_grounding_cache] [1078/1836] vizwiz_VizWiz_val_00000350_350
2026-08-17 18:56:34,010 INFO [refresh_grounding_cache] [1079/1836] vizwiz_VizWiz_val_00000352_352
2026-08-17 18:56:46,898 INFO [refresh_grounding_cache] [1080/1836] vizwiz_VizWiz_val_00000355_355
2026-08-17 18:56:54,337 INFO [refresh_grounding_cache] [1081/1836] vizwiz_VizWiz_val_00000366_366
2026-08-17 18:56:59,144 INFO [refresh_grounding_cache] [1082/1836] vizwiz_VizWiz_val_00000372_372
2026-08-17 18:57:02,510 INFO [refresh_grounding_cache] [1083/1836] vizwiz_VizWiz_val_00000373_373
2026-08-17 18:57:06,409 INFO [refresh_grounding_cache] [1084/1836] vizwiz_VizWiz_val_00000375_375
2026-08-17 18:57:10,383 INFO [refresh_grounding_cache] [1085/1836] vizwiz_VizWiz_val_00000376_376
2026-08-17 18:57:14,048 INFO [refresh_grounding_cache] [1086/1836] vizwiz_VizWiz_val_00000385_385
2026-08-17 18:57:18,239 INFO [refresh_grounding_cache] [1087/1836] vizwiz_VizWiz_val_00000386_386
2026-08-17 18:57:48,653 ERROR [refresh_grounding_cache] Grounding refresh failed for vizwiz_VizWiz_val_00000386_386: Missing FINAL_ANSWER tag and unable to resolve valid final answer
Traceback (most recent call last):
  File "/home/aman/ProActive/scripts/refresh_grounding_cache.py", line 403, in main
    raise ValueError(observation.invalid_reason or "invalid grounding refresh")
ValueError: Missing FINAL_ANSWER tag and unable to resolve valid final answer
2026-08-17 18:57:48,653 INFO [refresh_grounding_cache] [1088/1836] vizwiz_VizWiz_val_00000392_392
2026-08-17 18:57:53,878 INFO [refresh_grounding_cache] [1089/1836] vizwiz_VizWiz_val_00000396_396
2026-08-17 18:57:57,085 INFO [refresh_grounding_cache] [1090/1836] vizwiz_VizWiz_val_00000397_397
2026-08-17 18:58:01,709 INFO [refresh_grounding_cache] [1091/1836] vizwiz_VizWiz_val_00000403_403
2026-08-17 18:58:14,163 INFO [refresh_grounding_cache] [1092/1836] vizwiz_VizWiz_val_00000410_410
2026-08-17 18:58:23,635 INFO [refresh_grounding_cache] [1093/1836] vizwiz_VizWiz_val_00000417_417
2026-08-17 18:58:27,118 INFO [refresh_grounding_cache] [1094/1836] vizwiz_VizWiz_val_00000418_418
2026-08-17 18:58:33,008 INFO [refresh_grounding_cache] [1095/1836] vizwiz_VizWiz_val_00000419_419
2026-08-17 18:58:37,257 INFO [refresh_grounding_cache] [1096/1836] vizwiz_VizWiz_val_00000433_433
2026-08-17 18:58:41,731 INFO [refresh_grounding_cache] [1097/1836] vizwiz_VizWiz_val_00000434_434
2026-08-17 18:58:46,287 INFO [refresh_grounding_cache] [1098/1836] vizwiz_VizWiz_val_00000435_435
2026-08-17 18:58:55,518 INFO [refresh_grounding_cache] [1099/1836] vizwiz_VizWiz_val_00000437_437
2026-08-17 18:58:59,983 INFO [refresh_grounding_cache] [1100/1836] vizwiz_VizWiz_val_00000455_455
2026-08-17 18:59:03,124 INFO [refresh_grounding_cache] [1101/1836] vizwiz_VizWiz_val_00000456_456
2026-08-17 18:59:06,415 INFO [refresh_grounding_cache] [1102/1836] vizwiz_VizWiz_val_00000457_457
2026-08-17 18:59:09,539 INFO [refresh_grounding_cache] [1103/1836] vizwiz_VizWiz_val_00000464_464
2026-08-17 18:59:13,605 INFO [refresh_grounding_cache] [1104/1836] vizwiz_VizWiz_val_00000466_466
2026-08-17 18:59:19,370 INFO [refresh_grounding_cache] [1105/1836] vizwiz_VizWiz_val_00000468_468
2026-08-17 18:59:23,943 INFO [refresh_grounding_cache] [1106/1836] vizwiz_VizWiz_val_00000470_470
2026-08-17 18:59:28,384 INFO [refresh_grounding_cache] [1107/1836] vizwiz_VizWiz_val_00000474_474
2026-08-17 18:59:33,141 INFO [refresh_grounding_cache] [1108/1836] vizwiz_VizWiz_val_00000476_476
2026-08-17 18:59:39,889 INFO [refresh_grounding_cache] [1109/1836] vizwiz_VizWiz_val_00000479_479
2026-08-17 18:59:43,572 INFO [refresh_grounding_cache] [1110/1836] vizwiz_VizWiz_val_00000482_482
2026-08-17 18:59:49,545 INFO [refresh_grounding_cache] [1111/1836] vizwiz_VizWiz_val_00000488_488
2026-08-17 18:59:53,919 INFO [refresh_grounding_cache] [1112/1836] vizwiz_VizWiz_val_00000494_494
2026-08-17 18:59:58,942 INFO [refresh_grounding_cache] [1113/1836] vizwiz_VizWiz_val_00000495_495
2026-08-17 19:00:08,390 INFO [refresh_grounding_cache] [1114/1836] vizwiz_VizWiz_val_00000498_498
2026-08-17 19:00:16,720 INFO [refresh_grounding_cache] [1115/1836] vizwiz_VizWiz_val_00000501_501
2026-08-17 19:00:20,611 INFO [refresh_grounding_cache] [1116/1836] vizwiz_VizWiz_val_00000502_502
2026-08-17 19:00:24,385 INFO [refresh_grounding_cache] [1117/1836] vizwiz_VizWiz_val_00000506_506
2026-08-17 19:00:28,518 INFO [refresh_grounding_cache] [1118/1836] vizwiz_VizWiz_val_00000508_508
2026-08-17 19:00:33,658 INFO [refresh_grounding_cache] [1119/1836] vizwiz_VizWiz_val_00000512_512
2026-08-17 19:00:40,464 INFO [refresh_grounding_cache] [1120/1836] vizwiz_VizWiz_val_00000513_513
2026-08-17 19:00:44,071 INFO [refresh_grounding_cache] [1121/1836] vizwiz_VizWiz_val_00000517_517
2026-08-17 19:00:50,420 INFO [refresh_grounding_cache] [1122/1836] vizwiz_VizWiz_val_00000521_521
2026-08-17 19:00:55,435 INFO [refresh_grounding_cache] [1123/1836] vizwiz_VizWiz_val_00000527_527
2026-08-17 19:00:59,367 INFO [refresh_grounding_cache] [1124/1836] vizwiz_VizWiz_val_00000529_529
2026-08-17 19:01:01,908 INFO [refresh_grounding_cache] [1125/1836] vizwiz_VizWiz_val_00000532_532
2026-08-17 19:01:06,382 INFO [refresh_grounding_cache] [1126/1836] vizwiz_VizWiz_val_00000534_534
2026-08-17 19:01:09,989 INFO [refresh_grounding_cache] [1127/1836] vizwiz_VizWiz_val_00000537_537
2026-08-17 19:01:15,654 INFO [refresh_grounding_cache] [1128/1836] vizwiz_VizWiz_val_00000540_540
2026-08-17 19:01:19,220 INFO [refresh_grounding_cache] [1129/1836] vizwiz_VizWiz_val_00000541_541
2026-08-17 19:01:21,553 INFO [refresh_grounding_cache] [1130/1836] vizwiz_VizWiz_val_00000546_546
2026-08-17 19:01:26,552 INFO [refresh_grounding_cache] [1131/1836] vizwiz_VizWiz_val_00000555_555
2026-08-17 19:01:31,025 INFO [refresh_grounding_cache] [1132/1836] vizwiz_VizWiz_val_00000558_558
2026-08-17 19:01:36,207 INFO [refresh_grounding_cache] [1133/1836] vizwiz_VizWiz_val_00000560_560
2026-08-17 19:01:46,196 INFO [refresh_grounding_cache] [1134/1836] vizwiz_VizWiz_val_00000563_563
2026-08-17 19:01:50,403 INFO [refresh_grounding_cache] [1135/1836] vizwiz_VizWiz_val_00000564_564
2026-08-17 19:01:55,535 INFO [refresh_grounding_cache] [1136/1836] vizwiz_VizWiz_val_00000574_574
2026-08-17 19:02:03,233 INFO [refresh_grounding_cache] [1137/1836] vizwiz_VizWiz_val_00000576_576
2026-08-17 19:02:07,382 INFO [refresh_grounding_cache] [1138/1836] vizwiz_VizWiz_val_00000583_583
2026-08-17 19:02:11,639 INFO [refresh_grounding_cache] [1139/1836] vizwiz_VizWiz_val_00000590_590
2026-08-17 19:02:14,455 INFO [refresh_grounding_cache] [1140/1836] vizwiz_VizWiz_val_00000593_593
2026-08-17 19:02:18,304 INFO [refresh_grounding_cache] [1141/1836] vizwiz_VizWiz_val_00000594_594
2026-08-17 19:02:21,595 INFO [refresh_grounding_cache] [1142/1836] vizwiz_VizWiz_val_00000595_595
2026-08-17 19:02:24,461 INFO [refresh_grounding_cache] [1143/1836] vizwiz_VizWiz_val_00000596_596
2026-08-17 19:02:27,718 INFO [refresh_grounding_cache] [1144/1836] vizwiz_VizWiz_val_00000612_612
2026-08-17 19:02:32,400 INFO [refresh_grounding_cache] [1145/1836] vizwiz_VizWiz_val_00000614_614
2026-08-17 19:02:35,316 INFO [refresh_grounding_cache] [1146/1836] vizwiz_VizWiz_val_00000617_617
2026-08-17 19:02:39,773 INFO [refresh_grounding_cache] [1147/1836] vizwiz_VizWiz_val_00000618_618
2026-08-17 19:02:43,147 INFO [refresh_grounding_cache] [1148/1836] vizwiz_VizWiz_val_00000620_620
2026-08-17 19:02:48,096 INFO [refresh_grounding_cache] [1149/1836] vizwiz_VizWiz_val_00000624_624
2026-08-17 19:02:52,386 INFO [refresh_grounding_cache] [1150/1836] vizwiz_VizWiz_val_00000632_632
2026-08-17 19:02:57,443 INFO [refresh_grounding_cache] [1151/1836] vizwiz_VizWiz_val_00000640_640
2026-08-17 19:03:01,284 INFO [refresh_grounding_cache] [1152/1836] vizwiz_VizWiz_val_00000646_646
2026-08-17 19:03:05,091 INFO [refresh_grounding_cache] [1153/1836] vizwiz_VizWiz_val_00000650_650
2026-08-17 19:03:07,940 INFO [refresh_grounding_cache] [1154/1836] vizwiz_VizWiz_val_00000651_651
2026-08-17 19:03:11,406 INFO [refresh_grounding_cache] [1155/1836] vizwiz_VizWiz_val_00000655_655
2026-08-17 19:03:15,397 INFO [refresh_grounding_cache] [1156/1836] vizwiz_VizWiz_val_00000660_660
2026-08-17 19:03:18,954 INFO [refresh_grounding_cache] [1157/1836] vizwiz_VizWiz_val_00000664_664
2026-08-17 19:03:24,011 INFO [refresh_grounding_cache] [1158/1836] vizwiz_VizWiz_val_00000665_665
2026-08-17 19:03:28,627 INFO [refresh_grounding_cache] [1159/1836] vizwiz_VizWiz_val_00000669_669
2026-08-17 19:03:34,750 INFO [refresh_grounding_cache] [1160/1836] vizwiz_VizWiz_val_00000674_674
2026-08-17 19:03:38,090 INFO [refresh_grounding_cache] [1161/1836] vizwiz_VizWiz_val_00000679_679
2026-08-17 19:03:44,564 INFO [refresh_grounding_cache] [1162/1836] vizwiz_VizWiz_val_00000683_683
2026-08-17 19:03:47,729 INFO [refresh_grounding_cache] [1163/1836] vizwiz_VizWiz_val_00000684_684
2026-08-17 19:03:52,061 INFO [refresh_grounding_cache] [1164/1836] vizwiz_VizWiz_val_00000689_689
2026-08-17 19:03:54,552 INFO [refresh_grounding_cache] [1165/1836] vizwiz_VizWiz_val_00000691_691
2026-08-17 19:04:01,234 INFO [refresh_grounding_cache] [1166/1836] vizwiz_VizWiz_val_00000696_696
2026-08-17 19:04:03,841 INFO [refresh_grounding_cache] [1167/1836] vizwiz_VizWiz_val_00000697_697
2026-08-17 19:04:09,990 INFO [refresh_grounding_cache] [1168/1836] vizwiz_VizWiz_val_00000699_699
2026-08-17 19:04:12,823 INFO [refresh_grounding_cache] [1169/1836] vizwiz_VizWiz_val_00000701_701
2026-08-17 19:04:17,521 INFO [refresh_grounding_cache] [1170/1836] vizwiz_VizWiz_val_00000703_703
2026-08-17 19:04:21,762 INFO [refresh_grounding_cache] [1171/1836] vizwiz_VizWiz_val_00000704_704
2026-08-17 19:04:25,128 INFO [refresh_grounding_cache] [1172/1836] vizwiz_VizWiz_val_00000707_707
2026-08-17 19:04:29,726 INFO [refresh_grounding_cache] [1173/1836] vizwiz_VizWiz_val_00000709_709
2026-08-17 19:04:34,533 INFO [refresh_grounding_cache] [1174/1836] vizwiz_VizWiz_val_00000714_714
2026-08-17 19:04:40,973 INFO [refresh_grounding_cache] [1175/1836] vizwiz_VizWiz_val_00000722_722
2026-08-17 19:04:48,646 INFO [refresh_grounding_cache] [1176/1836] vizwiz_VizWiz_val_00000723_723
2026-08-17 19:04:52,378 INFO [refresh_grounding_cache] [1177/1836] vizwiz_VizWiz_val_00000727_727
2026-08-17 19:04:56,927 INFO [refresh_grounding_cache] [1178/1836] vizwiz_VizWiz_val_00000728_728
2026-08-17 19:05:01,851 INFO [refresh_grounding_cache] [1179/1836] vizwiz_VizWiz_val_00000729_729
2026-08-17 19:05:06,699 INFO [refresh_grounding_cache] [1180/1836] vizwiz_VizWiz_val_00000733_733
2026-08-17 19:05:11,998 INFO [refresh_grounding_cache] [1181/1836] vizwiz_VizWiz_val_00000737_737
2026-08-17 19:05:18,413 INFO [refresh_grounding_cache] [1182/1836] vizwiz_VizWiz_val_00000745_745
2026-08-17 19:05:22,128 INFO [refresh_grounding_cache] [1183/1836] vizwiz_VizWiz_val_00000746_746
2026-08-17 19:05:27,335 INFO [refresh_grounding_cache] [1184/1836] vizwiz_VizWiz_val_00000752_752
2026-08-17 19:05:31,292 INFO [refresh_grounding_cache] [1185/1836] vizwiz_VizWiz_val_00000756_756
2026-08-17 19:05:35,208 INFO [refresh_grounding_cache] [1186/1836] vizwiz_VizWiz_val_00000762_762
2026-08-17 19:05:38,690 INFO [refresh_grounding_cache] [1187/1836] vizwiz_VizWiz_val_00000763_763
2026-08-17 19:05:42,773 INFO [refresh_grounding_cache] [1188/1836] vizwiz_VizWiz_val_00000765_765
2026-08-17 19:05:45,897 INFO [refresh_grounding_cache] [1189/1836] vizwiz_VizWiz_val_00000767_767
2026-08-17 19:05:51,179 INFO [refresh_grounding_cache] [1190/1836] vizwiz_VizWiz_val_00000772_772
2026-08-17 19:05:54,727 INFO [refresh_grounding_cache] [1191/1836] vizwiz_VizWiz_val_00000773_773
2026-08-17 19:05:58,818 INFO [refresh_grounding_cache] [1192/1836] vizwiz_VizWiz_val_00000774_774
2026-08-17 19:06:03,458 INFO [refresh_grounding_cache] [1193/1836] vizwiz_VizWiz_val_00000776_776
2026-08-17 19:06:08,016 INFO [refresh_grounding_cache] [1194/1836] vizwiz_VizWiz_val_00000777_777
2026-08-17 19:06:15,772 INFO [refresh_grounding_cache] [1195/1836] vizwiz_VizWiz_val_00000778_778
2026-08-17 19:06:20,654 INFO [refresh_grounding_cache] [1196/1836] vizwiz_VizWiz_val_00000779_779
2026-08-17 19:06:23,803 INFO [refresh_grounding_cache] [1197/1836] vizwiz_VizWiz_val_00000783_783
2026-08-17 19:06:26,302 INFO [refresh_grounding_cache] [1198/1836] vizwiz_VizWiz_val_00000787_787
2026-08-17 19:06:33,009 INFO [refresh_grounding_cache] [1199/1836] vizwiz_VizWiz_val_00000791_791
2026-08-17 19:06:39,374 INFO [refresh_grounding_cache] [1200/1836] vizwiz_VizWiz_val_00000797_797
2026-08-17 19:06:44,431 INFO [refresh_grounding_cache] [1201/1836] vizwiz_VizWiz_val_00000798_798
2026-08-17 19:06:49,079 INFO [refresh_grounding_cache] [1202/1836] vizwiz_VizWiz_val_00000800_800
2026-08-17 19:06:52,729 INFO [refresh_grounding_cache] [1203/1836] vizwiz_VizWiz_val_00000802_802
2026-08-17 19:06:55,528 INFO [refresh_grounding_cache] [1204/1836] vizwiz_VizWiz_val_00000810_810
2026-08-17 19:07:00,918 INFO [refresh_grounding_cache] [1205/1836] vizwiz_VizWiz_val_00000812_812
2026-08-17 19:07:07,075 INFO [refresh_grounding_cache] [1206/1836] vizwiz_VizWiz_val_00000814_814
2026-08-17 19:07:10,182 INFO [refresh_grounding_cache] [1207/1836] vizwiz_VizWiz_val_00000817_817
2026-08-17 19:07:14,397 INFO [refresh_grounding_cache] [1208/1836] vizwiz_VizWiz_val_00000819_819
2026-08-17 19:07:19,679 INFO [refresh_grounding_cache] [1209/1836] vizwiz_VizWiz_val_00000820_820
2026-08-17 19:07:22,637 INFO [refresh_grounding_cache] [1210/1836] vizwiz_VizWiz_val_00000827_827
2026-08-17 19:07:27,719 INFO [refresh_grounding_cache] [1211/1836] vizwiz_VizWiz_val_00000834_834
2026-08-17 19:07:31,193 INFO [refresh_grounding_cache] [1212/1836] vizwiz_VizWiz_val_00000842_842
2026-08-17 19:07:35,192 INFO [refresh_grounding_cache] [1213/1836] vizwiz_VizWiz_val_00000843_843
2026-08-17 19:07:39,149 INFO [refresh_grounding_cache] [1214/1836] vizwiz_VizWiz_val_00000846_846
2026-08-17 19:07:45,414 INFO [refresh_grounding_cache] [1215/1836] vizwiz_VizWiz_val_00000848_848
2026-08-17 19:07:48,363 INFO [refresh_grounding_cache] [1216/1836] vizwiz_VizWiz_val_00000862_862
2026-08-17 19:07:53,928 INFO [refresh_grounding_cache] [1217/1836] vizwiz_VizWiz_val_00000863_863
2026-08-17 19:07:57,378 INFO [refresh_grounding_cache] [1218/1836] vizwiz_VizWiz_val_00000866_866
2026-08-17 19:08:03,884 INFO [refresh_grounding_cache] [1219/1836] vizwiz_VizWiz_val_00000867_867
2026-08-17 19:08:07,917 INFO [refresh_grounding_cache] [1220/1836] vizwiz_VizWiz_val_00000881_881
2026-08-17 19:08:11,640 INFO [refresh_grounding_cache] [1221/1836] vizwiz_VizWiz_val_00000882_882
2026-08-17 19:08:16,372 INFO [refresh_grounding_cache] [1222/1836] vizwiz_VizWiz_val_00000885_885
2026-08-17 19:08:20,329 INFO [refresh_grounding_cache] [1223/1836] vizwiz_VizWiz_val_00000892_892
2026-08-17 19:08:23,370 INFO [refresh_grounding_cache] [1224/1836] vizwiz_VizWiz_val_00000894_894
2026-08-17 19:08:32,668 INFO [refresh_grounding_cache] [1225/1836] vizwiz_VizWiz_val_00000897_897
2026-08-17 19:08:36,158 INFO [refresh_grounding_cache] [1226/1836] vizwiz_VizWiz_val_00000898_898
2026-08-17 19:08:39,566 INFO [refresh_grounding_cache] [1227/1836] vizwiz_VizWiz_val_00000899_899
2026-08-17 19:08:43,465 INFO [refresh_grounding_cache] [1228/1836] vizwiz_VizWiz_val_00000900_900
2026-08-17 19:08:48,680 INFO [refresh_grounding_cache] [1229/1836] vizwiz_VizWiz_val_00000906_906
2026-08-17 19:08:53,304 INFO [refresh_grounding_cache] [1230/1836] vizwiz_VizWiz_val_00000907_907
2026-08-17 19:08:57,552 INFO [refresh_grounding_cache] [1231/1836] vizwiz_VizWiz_val_00000918_918
2026-08-17 19:09:06,183 INFO [refresh_grounding_cache] [1232/1836] vizwiz_VizWiz_val_00000923_923
2026-08-17 19:09:11,931 INFO [refresh_grounding_cache] [1233/1836] vizwiz_VizWiz_val_00000932_932
2026-08-17 19:09:15,389 INFO [refresh_grounding_cache] [1234/1836] vizwiz_VizWiz_val_00000934_934
2026-08-17 19:09:19,488 INFO [refresh_grounding_cache] [1235/1836] vizwiz_VizWiz_val_00000943_943
2026-08-17 19:09:29,485 INFO [refresh_grounding_cache] [1236/1836] vizwiz_VizWiz_val_00000946_946
2026-08-17 19:09:33,042 INFO [refresh_grounding_cache] [1237/1836] vizwiz_VizWiz_val_00000949_949
2026-08-17 19:09:36,683 INFO [refresh_grounding_cache] [1238/1836] vizwiz_VizWiz_val_00000955_955
2026-08-17 19:09:42,631 INFO [refresh_grounding_cache] [1239/1836] vizwiz_VizWiz_val_00000957_957
2026-08-17 19:09:49,604 INFO [refresh_grounding_cache] [1240/1836] vizwiz_VizWiz_val_00000958_958
2026-08-17 19:09:55,702 INFO [refresh_grounding_cache] [1241/1836] vizwiz_VizWiz_val_00000959_959
2026-08-17 19:10:00,501 INFO [refresh_grounding_cache] [1242/1836] vizwiz_VizWiz_val_00000963_963
2026-08-17 19:10:04,217 INFO [refresh_grounding_cache] [1243/1836] vizwiz_VizWiz_val_00000964_964
2026-08-17 19:10:09,057 INFO [refresh_grounding_cache] [1244/1836] vizwiz_VizWiz_val_00000965_965
2026-08-17 19:10:15,447 INFO [refresh_grounding_cache] [1245/1836] vizwiz_VizWiz_val_00000975_975
2026-08-17 19:10:22,828 INFO [refresh_grounding_cache] [1246/1836] vizwiz_VizWiz_val_00000980_980
2026-08-17 19:10:31,484 INFO [refresh_grounding_cache] [1247/1836] vizwiz_VizWiz_val_00000982_982
2026-08-17 19:10:35,475 INFO [refresh_grounding_cache] [1248/1836] vizwiz_VizWiz_val_00000986_986
2026-08-17 19:11:03,950 INFO [refresh_grounding_cache] [1249/1836] vizwiz_VizWiz_val_00000987_987
2026-08-17 19:11:08,748 INFO [refresh_grounding_cache] [1250/1836] vizwiz_VizWiz_val_00000991_991
2026-08-17 19:11:21,294 INFO [refresh_grounding_cache] [1251/1836] vizwiz_VizWiz_val_00000993_993
2026-08-17 19:11:25,510 INFO [refresh_grounding_cache] [1252/1836] vizwiz_VizWiz_val_00000995_995
2026-08-17 19:11:28,826 INFO [refresh_grounding_cache] [1253/1836] vizwiz_VizWiz_val_00001000_1000
2026-08-17 19:11:31,700 INFO [refresh_grounding_cache] [1254/1836] vizwiz_VizWiz_val_00001004_1004
2026-08-17 19:11:36,224 INFO [refresh_grounding_cache] [1255/1836] vizwiz_VizWiz_val_00001005_1005
2026-08-17 19:11:44,080 INFO [refresh_grounding_cache] [1256/1836] vizwiz_VizWiz_val_00001008_1008
2026-08-17 19:11:47,262 INFO [refresh_grounding_cache] [1257/1836] vizwiz_VizWiz_val_00001012_1012
2026-08-17 19:11:50,803 INFO [refresh_grounding_cache] [1258/1836] vizwiz_VizWiz_val_00001017_1017
2026-08-17 19:11:57,059 INFO [refresh_grounding_cache] [1259/1836] vizwiz_VizWiz_val_00001028_1028
2026-08-17 19:12:02,225 INFO [refresh_grounding_cache] [1260/1836] vizwiz_VizWiz_val_00001031_1031
2026-08-17 19:12:06,540 INFO [refresh_grounding_cache] [1261/1836] vizwiz_VizWiz_val_00001034_1034
2026-08-17 19:12:10,498 INFO [refresh_grounding_cache] [1262/1836] vizwiz_VizWiz_val_00001036_1036
2026-08-17 19:12:16,205 INFO [refresh_grounding_cache] [1263/1836] vizwiz_VizWiz_val_00001041_1041
2026-08-17 19:12:19,670 INFO [refresh_grounding_cache] [1264/1836] vizwiz_VizWiz_val_00001043_1043
2026-08-17 19:12:26,485 INFO [refresh_grounding_cache] [1265/1836] vizwiz_VizWiz_val_00001044_1044
2026-08-17 19:12:30,650 INFO [refresh_grounding_cache] [1266/1836] vizwiz_VizWiz_val_00001051_1051
2026-08-17 19:12:33,866 INFO [refresh_grounding_cache] [1267/1836] vizwiz_VizWiz_val_00001053_1053
2026-08-17 19:12:38,557 INFO [refresh_grounding_cache] [1268/1836] vizwiz_VizWiz_val_00001056_1056
2026-08-17 19:12:42,897 INFO [refresh_grounding_cache] [1269/1836] vizwiz_VizWiz_val_00001063_1063
2026-08-17 19:12:45,921 INFO [refresh_grounding_cache] [1270/1836] vizwiz_VizWiz_val_00001064_1064
2026-08-17 19:12:50,811 INFO [refresh_grounding_cache] [1271/1836] vizwiz_VizWiz_val_00001065_1065
2026-08-17 19:12:56,035 INFO [refresh_grounding_cache] [1272/1836] vizwiz_VizWiz_val_00001066_1066
2026-08-17 19:12:59,343 INFO [refresh_grounding_cache] [1273/1836] vizwiz_VizWiz_val_00001070_1070
2026-08-17 19:13:02,742 INFO [refresh_grounding_cache] [1274/1836] vizwiz_VizWiz_val_00001076_1076
2026-08-17 19:13:06,957 INFO [refresh_grounding_cache] [1275/1836] vizwiz_VizWiz_val_00001077_1077
2026-08-17 19:13:09,890 INFO [refresh_grounding_cache] [1276/1836] vizwiz_VizWiz_val_00001079_1079
2026-08-17 19:13:18,412 INFO [refresh_grounding_cache] [1277/1836] vizwiz_VizWiz_val_00001080_1080
2026-08-17 19:13:24,219 INFO [refresh_grounding_cache] [1278/1836] vizwiz_VizWiz_val_00001081_1081
2026-08-17 19:13:28,493 INFO [refresh_grounding_cache] [1279/1836] vizwiz_VizWiz_val_00001084_1084
2026-08-17 19:13:32,925 INFO [refresh_grounding_cache] [1280/1836] vizwiz_VizWiz_val_00001090_1090
2026-08-17 19:13:37,598 INFO [refresh_grounding_cache] [1281/1836] vizwiz_VizWiz_val_00001093_1093
2026-08-17 19:13:41,672 INFO [refresh_grounding_cache] [1282/1836] vizwiz_VizWiz_val_00001095_1095
2026-08-17 19:13:45,621 INFO [refresh_grounding_cache] [1283/1836] vizwiz_VizWiz_val_00001106_1106
2026-08-17 19:13:49,937 INFO [refresh_grounding_cache] [1284/1836] vizwiz_VizWiz_val_00001107_1107
2026-08-17 19:13:56,660 INFO [refresh_grounding_cache] [1285/1836] vizwiz_VizWiz_val_00001110_1110
2026-08-17 19:14:05,308 INFO [refresh_grounding_cache] [1286/1836] vizwiz_VizWiz_val_00001111_1111
2026-08-17 19:14:11,806 INFO [refresh_grounding_cache] [1287/1836] vizwiz_VizWiz_val_00001112_1112
2026-08-17 19:14:14,522 INFO [refresh_grounding_cache] [1288/1836] vizwiz_VizWiz_val_00001123_1123
2026-08-17 19:14:22,128 INFO [refresh_grounding_cache] [1289/1836] vizwiz_VizWiz_val_00001124_1124
2026-08-17 19:14:26,627 INFO [refresh_grounding_cache] [1290/1836] vizwiz_VizWiz_val_00001129_1129
2026-08-17 19:14:30,609 INFO [refresh_grounding_cache] [1291/1836] vizwiz_VizWiz_val_00001131_1131
2026-08-17 19:14:35,282 INFO [refresh_grounding_cache] [1292/1836] vizwiz_VizWiz_val_00001134_1134
2026-08-17 19:14:41,864 INFO [refresh_grounding_cache] [1293/1836] vizwiz_VizWiz_val_00001135_1135
2026-08-17 19:14:46,121 INFO [refresh_grounding_cache] [1294/1836] vizwiz_VizWiz_val_00001138_1138
2026-08-17 19:14:53,535 INFO [refresh_grounding_cache] [1295/1836] vizwiz_VizWiz_val_00001142_1142
2026-08-17 19:14:58,776 INFO [refresh_grounding_cache] [1296/1836] vizwiz_VizWiz_val_00001153_1153
2026-08-17 19:15:03,208 INFO [refresh_grounding_cache] [1297/1836] vizwiz_VizWiz_val_00001156_1156
2026-08-17 19:15:07,390 INFO [refresh_grounding_cache] [1298/1836] vizwiz_VizWiz_val_00001161_1161
2026-08-17 19:15:12,838 INFO [refresh_grounding_cache] [1299/1836] vizwiz_VizWiz_val_00001178_1178
2026-08-17 19:15:17,379 INFO [refresh_grounding_cache] [1300/1836] vizwiz_VizWiz_val_00001181_1181
2026-08-17 19:15:21,544 INFO [refresh_grounding_cache] [1301/1836] vizwiz_VizWiz_val_00001185_1185
2026-08-17 19:15:25,593 INFO [refresh_grounding_cache] [1302/1836] vizwiz_VizWiz_val_00001186_1186
2026-08-17 19:15:30,267 INFO [refresh_grounding_cache] [1303/1836] vizwiz_VizWiz_val_00001188_1188
2026-08-17 19:15:33,333 INFO [refresh_grounding_cache] [1304/1836] vizwiz_VizWiz_val_00001197_1197
2026-08-17 19:15:38,381 INFO [refresh_grounding_cache] [1305/1836] vizwiz_VizWiz_val_00001198_1198
2026-08-17 19:15:41,897 INFO [refresh_grounding_cache] [1306/1836] vizwiz_VizWiz_val_00001202_1202
2026-08-17 19:15:45,404 INFO [refresh_grounding_cache] [1307/1836] vizwiz_VizWiz_val_00001204_1204
2026-08-17 19:15:50,520 INFO [refresh_grounding_cache] [1308/1836] vizwiz_VizWiz_val_00001205_1205
2026-08-17 19:15:54,702 INFO [refresh_grounding_cache] [1309/1836] vizwiz_VizWiz_val_00001218_1218
2026-08-17 19:15:59,467 INFO [refresh_grounding_cache] [1310/1836] vizwiz_VizWiz_val_00001223_1223
2026-08-17 19:16:05,482 INFO [refresh_grounding_cache] [1311/1836] vizwiz_VizWiz_val_00001225_1225
2026-08-17 19:16:09,498 INFO [refresh_grounding_cache] [1312/1836] vizwiz_VizWiz_val_00001234_1234
2026-08-17 19:16:14,680 INFO [refresh_grounding_cache] [1313/1836] vizwiz_VizWiz_val_00001237_1237
2026-08-17 19:16:19,762 INFO [refresh_grounding_cache] [1314/1836] vizwiz_VizWiz_val_00001241_1241
2026-08-17 19:16:24,119 INFO [refresh_grounding_cache] [1315/1836] vizwiz_VizWiz_val_00001242_1242
2026-08-17 19:16:27,418 INFO [refresh_grounding_cache] [1316/1836] vizwiz_VizWiz_val_00001247_1247
2026-08-17 19:16:30,992 INFO [refresh_grounding_cache] [1317/1836] vizwiz_VizWiz_val_00001248_1248
2026-08-17 19:16:35,149 INFO [refresh_grounding_cache] [1318/1836] vizwiz_VizWiz_val_00001254_1254
2026-08-17 19:16:38,331 INFO [refresh_grounding_cache] [1319/1836] vizwiz_VizWiz_val_00001257_1257
2026-08-17 19:16:41,681 INFO [refresh_grounding_cache] [1320/1836] vizwiz_VizWiz_val_00001263_1263
2026-08-17 19:16:45,571 INFO [refresh_grounding_cache] [1321/1836] vizwiz_VizWiz_val_00001265_1265
2026-08-17 19:16:49,203 INFO [refresh_grounding_cache] [1322/1836] vizwiz_VizWiz_val_00001270_1270
2026-08-17 19:16:52,053 INFO [refresh_grounding_cache] [1323/1836] vizwiz_VizWiz_val_00001273_1273
2026-08-17 19:16:56,002 INFO [refresh_grounding_cache] [1324/1836] vizwiz_VizWiz_val_00001279_1279
2026-08-17 19:16:59,559 INFO [refresh_grounding_cache] [1325/1836] vizwiz_VizWiz_val_00001280_1280
2026-08-17 19:17:05,249 INFO [refresh_grounding_cache] [1326/1836] vizwiz_VizWiz_val_00001281_1281
2026-08-17 19:17:10,114 INFO [refresh_grounding_cache] [1327/1836] vizwiz_VizWiz_val_00001283_1283
2026-08-17 19:17:16,196 INFO [refresh_grounding_cache] [1328/1836] vizwiz_VizWiz_val_00001284_1284
2026-08-17 19:17:19,887 INFO [refresh_grounding_cache] [1329/1836] vizwiz_VizWiz_val_00001285_1285
2026-08-17 19:17:24,244 INFO [refresh_grounding_cache] [1330/1836] vizwiz_VizWiz_val_00001292_1292
2026-08-17 19:17:30,325 INFO [refresh_grounding_cache] [1331/1836] vizwiz_VizWiz_val_00001305_1305
2026-08-17 19:17:33,916 INFO [refresh_grounding_cache] [1332/1836] vizwiz_VizWiz_val_00001306_1306
2026-08-17 19:17:36,782 INFO [refresh_grounding_cache] [1333/1836] vizwiz_VizWiz_val_00001308_1308
2026-08-17 19:17:41,081 INFO [refresh_grounding_cache] [1334/1836] vizwiz_VizWiz_val_00001310_1310
2026-08-17 19:17:45,271 INFO [refresh_grounding_cache] [1335/1836] vizwiz_VizWiz_val_00001312_1312
2026-08-17 19:17:49,170 INFO [refresh_grounding_cache] [1336/1836] vizwiz_VizWiz_val_00001313_1313
2026-08-17 19:17:52,928 INFO [refresh_grounding_cache] [1337/1836] vizwiz_VizWiz_val_00001318_1318
2026-08-17 19:17:56,294 INFO [refresh_grounding_cache] [1338/1836] vizwiz_VizWiz_val_00001322_1322
2026-08-17 19:17:59,434 INFO [refresh_grounding_cache] [1339/1836] vizwiz_VizWiz_val_00001325_1325
2026-08-17 19:18:03,108 INFO [refresh_grounding_cache] [1340/1836] vizwiz_VizWiz_val_00001326_1326
2026-08-17 19:18:06,266 INFO [refresh_grounding_cache] [1341/1836] vizwiz_VizWiz_val_00001328_1328
2026-08-17 19:18:10,865 INFO [refresh_grounding_cache] [1342/1836] vizwiz_VizWiz_val_00001331_1331
2026-08-17 19:18:14,430 INFO [refresh_grounding_cache] [1343/1836] vizwiz_VizWiz_val_00001336_1336
2026-08-17 19:18:18,204 INFO [refresh_grounding_cache] [1344/1836] vizwiz_VizWiz_val_00001337_1337
2026-08-17 19:18:21,520 INFO [refresh_grounding_cache] [1345/1836] vizwiz_VizWiz_val_00001338_1338
2026-08-17 19:18:24,969 INFO [refresh_grounding_cache] [1346/1836] vizwiz_VizWiz_val_00001340_1340
2026-08-17 19:18:28,335 INFO [refresh_grounding_cache] [1347/1836] vizwiz_VizWiz_val_00001341_1341
2026-08-17 19:18:31,317 INFO [refresh_grounding_cache] [1348/1836] vizwiz_VizWiz_val_00001342_1342
2026-08-17 19:18:34,241 INFO [refresh_grounding_cache] [1349/1836] vizwiz_VizWiz_val_00001346_1346
2026-08-17 19:18:37,424 INFO [refresh_grounding_cache] [1350/1836] vizwiz_VizWiz_val_00001354_1354
2026-08-17 19:18:40,132 INFO [refresh_grounding_cache] [1351/1836] vizwiz_VizWiz_val_00001355_1355
2026-08-17 19:18:43,914 INFO [refresh_grounding_cache] [1352/1836] vizwiz_VizWiz_val_00001365_1365
2026-08-17 19:18:47,596 INFO [refresh_grounding_cache] [1353/1836] vizwiz_VizWiz_val_00001366_1366
2026-08-17 19:18:51,553 INFO [refresh_grounding_cache] [1354/1836] vizwiz_VizWiz_val_00001367_1367
2026-08-17 19:18:56,635 INFO [refresh_grounding_cache] [1355/1836] vizwiz_VizWiz_val_00001368_1368
2026-08-17 19:19:00,068 INFO [refresh_grounding_cache] [1356/1836] vizwiz_VizWiz_val_00001378_1378
2026-08-17 19:19:04,708 INFO [refresh_grounding_cache] [1357/1836] vizwiz_VizWiz_val_00001381_1381
2026-08-17 19:19:09,865 INFO [refresh_grounding_cache] [1358/1836] vizwiz_VizWiz_val_00001391_1391
2026-08-17 19:19:13,098 INFO [refresh_grounding_cache] [1359/1836] vizwiz_VizWiz_val_00001393_1393
2026-08-17 19:19:17,696 INFO [refresh_grounding_cache] [1360/1836] vizwiz_VizWiz_val_00001405_1405
2026-08-17 19:19:22,128 INFO [refresh_grounding_cache] [1361/1836] vizwiz_VizWiz_val_00001410_1410
2026-08-17 19:19:29,876 INFO [refresh_grounding_cache] [1362/1836] vizwiz_VizWiz_val_00001421_1421
2026-08-17 19:19:34,808 INFO [refresh_grounding_cache] [1363/1836] vizwiz_VizWiz_val_00001422_1422
2026-08-17 19:19:39,032 INFO [refresh_grounding_cache] [1364/1836] vizwiz_VizWiz_val_00001432_1432
2026-08-17 19:19:43,706 INFO [refresh_grounding_cache] [1365/1836] vizwiz_VizWiz_val_00001437_1437
2026-08-17 19:19:47,280 INFO [refresh_grounding_cache] [1366/1836] vizwiz_VizWiz_val_00001439_1439
2026-08-17 19:19:50,396 INFO [refresh_grounding_cache] [1367/1836] vizwiz_VizWiz_val_00001442_1442
2026-08-17 19:19:54,803 INFO [refresh_grounding_cache] [1368/1836] vizwiz_VizWiz_val_00001443_1443
2026-08-17 19:20:00,118 INFO [refresh_grounding_cache] [1369/1836] vizwiz_VizWiz_val_00001447_1447
2026-08-17 19:20:03,759 INFO [refresh_grounding_cache] [1370/1836] vizwiz_VizWiz_val_00001449_1449
2026-08-17 19:20:08,424 INFO [refresh_grounding_cache] [1371/1836] vizwiz_VizWiz_val_00001451_1451
2026-08-17 19:20:15,413 INFO [refresh_grounding_cache] [1372/1836] vizwiz_VizWiz_val_00001452_1452
2026-08-17 19:20:35,591 INFO [refresh_grounding_cache] [1373/1836] vizwiz_VizWiz_val_00001453_1453
2026-08-17 19:20:39,715 INFO [refresh_grounding_cache] [1374/1836] vizwiz_VizWiz_val_00001456_1456
2026-08-17 19:20:43,764 INFO [refresh_grounding_cache] [1375/1836] vizwiz_VizWiz_val_00001460_1460
2026-08-17 19:20:47,646 INFO [refresh_grounding_cache] [1376/1836] vizwiz_VizWiz_val_00001463_1463
2026-08-17 19:20:51,353 INFO [refresh_grounding_cache] [1377/1836] vizwiz_VizWiz_val_00001465_1465
2026-08-17 19:20:55,869 INFO [refresh_grounding_cache] [1378/1836] vizwiz_VizWiz_val_00001471_1471
2026-08-17 19:21:03,366 INFO [refresh_grounding_cache] [1379/1836] vizwiz_VizWiz_val_00001475_1475
2026-08-17 19:21:06,891 INFO [refresh_grounding_cache] [1380/1836] vizwiz_VizWiz_val_00001479_1479
2026-08-17 19:21:11,731 INFO [refresh_grounding_cache] [1381/1836] vizwiz_VizWiz_val_00001482_1482
2026-08-17 19:21:15,263 INFO [refresh_grounding_cache] [1382/1836] vizwiz_VizWiz_val_00001483_1483
2026-08-17 19:21:17,954 INFO [refresh_grounding_cache] [1383/1836] vizwiz_VizWiz_val_00001484_1484
2026-08-17 19:21:22,036 INFO [refresh_grounding_cache] [1384/1836] vizwiz_VizWiz_val_00001486_1486
2026-08-17 19:21:25,527 INFO [refresh_grounding_cache] [1385/1836] vizwiz_VizWiz_val_00001490_1490
2026-08-17 19:21:30,800 INFO [refresh_grounding_cache] [1386/1836] vizwiz_VizWiz_val_00001496_1496
2026-08-17 19:21:33,850 INFO [refresh_grounding_cache] [1387/1836] vizwiz_VizWiz_val_00001499_1499
2026-08-17 19:21:38,040 INFO [refresh_grounding_cache] [1388/1836] vizwiz_VizWiz_val_00001500_1500
2026-08-17 19:21:41,365 INFO [refresh_grounding_cache] [1389/1836] vizwiz_VizWiz_val_00001501_1501
2026-08-17 19:21:46,888 INFO [refresh_grounding_cache] [1390/1836] vizwiz_VizWiz_val_00001503_1503
2026-08-17 19:21:50,512 INFO [refresh_grounding_cache] [1391/1836] vizwiz_VizWiz_val_00001509_1509
2026-08-17 19:21:54,903 INFO [refresh_grounding_cache] [1392/1836] vizwiz_VizWiz_val_00001518_1518
2026-08-17 19:21:59,560 INFO [refresh_grounding_cache] [1393/1836] vizwiz_VizWiz_val_00001519_1519
2026-08-17 19:22:02,301 INFO [refresh_grounding_cache] [1394/1836] vizwiz_VizWiz_val_00001521_1521
2026-08-17 19:22:06,616 INFO [refresh_grounding_cache] [1395/1836] vizwiz_VizWiz_val_00001522_1522
2026-08-17 19:22:09,324 INFO [refresh_grounding_cache] [1396/1836] vizwiz_VizWiz_val_00001528_1528
2026-08-17 19:22:12,998 INFO [refresh_grounding_cache] [1397/1836] vizwiz_VizWiz_val_00001530_1530
2026-08-17 19:22:16,972 INFO [refresh_grounding_cache] [1398/1836] vizwiz_VizWiz_val_00001532_1532
2026-08-17 19:22:22,520 INFO [refresh_grounding_cache] [1399/1836] vizwiz_VizWiz_val_00001536_1536
2026-08-17 19:22:26,402 INFO [refresh_grounding_cache] [1400/1836] vizwiz_VizWiz_val_00001539_1539
2026-08-17 19:22:29,085 INFO [refresh_grounding_cache] [1401/1836] vizwiz_VizWiz_val_00001540_1540
2026-08-17 19:22:33,309 INFO [refresh_grounding_cache] [1402/1836] vizwiz_VizWiz_val_00001543_1543
2026-08-17 19:22:37,141 INFO [refresh_grounding_cache] [1403/1836] vizwiz_VizWiz_val_00001554_1554
2026-08-17 19:22:40,882 INFO [refresh_grounding_cache] [1404/1836] vizwiz_VizWiz_val_00001556_1556
2026-08-17 19:22:44,731 INFO [refresh_grounding_cache] [1405/1836] vizwiz_VizWiz_val_00001558_1558
2026-08-17 19:22:49,946 INFO [refresh_grounding_cache] [1406/1836] vizwiz_VizWiz_val_00001560_1560
2026-08-17 19:22:53,628 INFO [refresh_grounding_cache] [1407/1836] vizwiz_VizWiz_val_00001571_1571
2026-08-17 19:22:56,286 INFO [refresh_grounding_cache] [1408/1836] vizwiz_VizWiz_val_00001576_1576
2026-08-17 19:22:59,502 INFO [refresh_grounding_cache] [1409/1836] vizwiz_VizWiz_val_00001587_1587
2026-08-17 19:23:02,784 INFO [refresh_grounding_cache] [1410/1836] vizwiz_VizWiz_val_00001592_1592
2026-08-17 19:23:05,692 INFO [refresh_grounding_cache] [1411/1836] vizwiz_VizWiz_val_00001595_1595
2026-08-17 19:23:10,516 INFO [refresh_grounding_cache] [1412/1836] vizwiz_VizWiz_val_00001617_1617
2026-08-17 19:23:13,798 INFO [refresh_grounding_cache] [1413/1836] vizwiz_VizWiz_val_00001621_1621
2026-08-17 19:23:16,905 INFO [refresh_grounding_cache] [1414/1836] vizwiz_VizWiz_val_00001623_1623
2026-08-17 19:23:21,229 INFO [refresh_grounding_cache] [1415/1836] vizwiz_VizWiz_val_00001628_1628
2026-08-17 19:23:25,362 INFO [refresh_grounding_cache] [1416/1836] vizwiz_VizWiz_val_00001630_1630
2026-08-17 19:23:29,061 INFO [refresh_grounding_cache] [1417/1836] vizwiz_VizWiz_val_00001632_1632
2026-08-17 19:23:32,552 INFO [refresh_grounding_cache] [1418/1836] vizwiz_VizWiz_val_00001650_1650
2026-08-17 19:23:35,501 INFO [refresh_grounding_cache] [1419/1836] vizwiz_VizWiz_val_00001658_1658
2026-08-17 19:23:45,765 INFO [refresh_grounding_cache] [1420/1836] vizwiz_VizWiz_val_00001661_1661
2026-08-17 19:23:48,698 INFO [refresh_grounding_cache] [1421/1836] vizwiz_VizWiz_val_00001662_1662
2026-08-17 19:23:52,696 INFO [refresh_grounding_cache] [1422/1836] vizwiz_VizWiz_val_00001669_1669
2026-08-17 19:23:56,004 INFO [refresh_grounding_cache] [1423/1836] vizwiz_VizWiz_val_00001676_1676
2026-08-17 19:24:01,836 INFO [refresh_grounding_cache] [1424/1836] vizwiz_VizWiz_val_00001680_1680
2026-08-17 19:24:06,343 INFO [refresh_grounding_cache] [1425/1836] vizwiz_VizWiz_val_00001682_1682
2026-08-17 19:24:09,625 INFO [refresh_grounding_cache] [1426/1836] vizwiz_VizWiz_val_00001691_1691
2026-08-17 19:24:13,241 INFO [refresh_grounding_cache] [1427/1836] vizwiz_VizWiz_val_00001696_1696
2026-08-17 19:24:16,606 INFO [refresh_grounding_cache] [1428/1836] vizwiz_VizWiz_val_00001706_1706
2026-08-17 19:24:20,597 INFO [refresh_grounding_cache] [1429/1836] vizwiz_VizWiz_val_00001708_1708
2026-08-17 19:24:24,363 INFO [refresh_grounding_cache] [1430/1836] vizwiz_VizWiz_val_00001714_1714
2026-08-17 19:24:27,420 INFO [refresh_grounding_cache] [1431/1836] vizwiz_VizWiz_val_00001715_1715
2026-08-17 19:24:33,935 INFO [refresh_grounding_cache] [1432/1836] vizwiz_VizWiz_val_00001718_1718
2026-08-17 19:24:37,134 INFO [refresh_grounding_cache] [1433/1836] vizwiz_VizWiz_val_00001727_1727
2026-08-17 19:24:40,558 INFO [refresh_grounding_cache] [1434/1836] vizwiz_VizWiz_val_00001731_1731
2026-08-17 19:24:43,766 INFO [refresh_grounding_cache] [1435/1836] vizwiz_VizWiz_val_00001737_1737
2026-08-17 19:24:46,157 INFO [refresh_grounding_cache] [1436/1836] vizwiz_VizWiz_val_00001740_1740
2026-08-17 19:24:49,089 INFO [refresh_grounding_cache] [1437/1836] vizwiz_VizWiz_val_00001741_1741
2026-08-17 19:24:53,646 INFO [refresh_grounding_cache] [1438/1836] vizwiz_VizWiz_val_00001742_1742
2026-08-17 19:24:57,770 INFO [refresh_grounding_cache] [1439/1836] vizwiz_VizWiz_val_00001748_1748
2026-08-17 19:25:02,236 INFO [refresh_grounding_cache] [1440/1836] vizwiz_VizWiz_val_00001750_1750
2026-08-17 19:25:07,593 INFO [refresh_grounding_cache] [1441/1836] vizwiz_VizWiz_val_00001755_1755
2026-08-17 19:25:12,025 INFO [refresh_grounding_cache] [1442/1836] vizwiz_VizWiz_val_00001758_1758
2026-08-17 19:25:16,207 INFO [refresh_grounding_cache] [1443/1836] vizwiz_VizWiz_val_00001760_1760
2026-08-17 19:25:21,406 INFO [refresh_grounding_cache] [1444/1836] vizwiz_VizWiz_val_00001768_1768
2026-08-17 19:25:27,071 INFO [refresh_grounding_cache] [1445/1836] vizwiz_VizWiz_val_00001772_1772
2026-08-17 19:25:32,128 INFO [refresh_grounding_cache] [1446/1836] vizwiz_VizWiz_val_00001785_1785
2026-08-17 19:25:35,544 INFO [refresh_grounding_cache] [1447/1836] vizwiz_VizWiz_val_00001793_1793
2026-08-17 19:25:39,384 INFO [refresh_grounding_cache] [1448/1836] vizwiz_VizWiz_val_00001794_1794
2026-08-17 19:25:42,433 INFO [refresh_grounding_cache] [1449/1836] vizwiz_VizWiz_val_00001795_1795
2026-08-17 19:25:46,274 INFO [refresh_grounding_cache] [1450/1836] vizwiz_VizWiz_val_00001797_1797
2026-08-17 19:25:49,123 INFO [refresh_grounding_cache] [1451/1836] vizwiz_VizWiz_val_00001799_1799
2026-08-17 19:25:54,072 INFO [refresh_grounding_cache] [1452/1836] vizwiz_VizWiz_val_00001801_1801
2026-08-17 19:25:59,120 INFO [refresh_grounding_cache] [1453/1836] vizwiz_VizWiz_val_00001804_1804
2026-08-17 19:26:04,377 INFO [refresh_grounding_cache] [1454/1836] vizwiz_VizWiz_val_00001807_1807
2026-08-17 19:26:07,618 INFO [refresh_grounding_cache] [1455/1836] vizwiz_VizWiz_val_00001808_1808
2026-08-17 19:26:11,442 INFO [refresh_grounding_cache] [1456/1836] vizwiz_VizWiz_val_00001824_1824
2026-08-17 19:26:15,449 INFO [refresh_grounding_cache] [1457/1836] vizwiz_VizWiz_val_00001835_1835
2026-08-17 19:26:18,848 INFO [refresh_grounding_cache] [1458/1836] vizwiz_VizWiz_val_00001839_1839
2026-08-17 19:26:24,813 INFO [refresh_grounding_cache] [1459/1836] vizwiz_VizWiz_val_00001841_1841
2026-08-17 19:26:27,571 INFO [refresh_grounding_cache] [1460/1836] vizwiz_VizWiz_val_00001844_1844
2026-08-17 19:26:31,553 INFO [refresh_grounding_cache] [1461/1836] vizwiz_VizWiz_val_00001855_1855
2026-08-17 19:26:36,560 INFO [refresh_grounding_cache] [1462/1836] vizwiz_VizWiz_val_00001862_1862
2026-08-17 19:26:39,593 INFO [refresh_grounding_cache] [1463/1836] vizwiz_VizWiz_val_00001863_1863
2026-08-17 19:26:43,883 INFO [refresh_grounding_cache] [1464/1836] vizwiz_VizWiz_val_00001866_1866
2026-08-17 19:26:47,683 INFO [refresh_grounding_cache] [1465/1836] vizwiz_VizWiz_val_00001869_1869
2026-08-17 19:26:51,032 INFO [refresh_grounding_cache] [1466/1836] vizwiz_VizWiz_val_00001870_1870
2026-08-17 19:26:53,048 INFO [refresh_grounding_cache] [1467/1836] vizwiz_VizWiz_val_00001875_1875
2026-08-17 19:26:58,205 INFO [refresh_grounding_cache] [1468/1836] vizwiz_VizWiz_val_00001879_1879
2026-08-17 19:27:01,088 INFO [refresh_grounding_cache] [1469/1836] vizwiz_VizWiz_val_00001883_1883
2026-08-17 19:27:05,928 INFO [refresh_grounding_cache] [1470/1836] vizwiz_VizWiz_val_00001887_1887
2026-08-17 19:27:09,152 INFO [refresh_grounding_cache] [1471/1836] vizwiz_VizWiz_val_00001889_1889
2026-08-17 19:27:13,026 INFO [refresh_grounding_cache] [1472/1836] vizwiz_VizWiz_val_00001891_1891
2026-08-17 19:27:17,691 INFO [refresh_grounding_cache] [1473/1836] vizwiz_VizWiz_val_00001894_1894
2026-08-17 19:27:21,257 INFO [refresh_grounding_cache] [1474/1836] vizwiz_VizWiz_val_00001902_1902
2026-08-17 19:27:24,540 INFO [refresh_grounding_cache] [1475/1836] vizwiz_VizWiz_val_00001907_1907
2026-08-17 19:27:27,405 INFO [refresh_grounding_cache] [1476/1836] vizwiz_VizWiz_val_00001908_1908
2026-08-17 19:27:30,513 INFO [refresh_grounding_cache] [1477/1836] vizwiz_VizWiz_val_00001916_1916
2026-08-17 19:27:35,703 INFO [refresh_grounding_cache] [1478/1836] vizwiz_VizWiz_val_00001917_1917
2026-08-17 19:27:40,302 INFO [refresh_grounding_cache] [1479/1836] vizwiz_VizWiz_val_00001919_1919
2026-08-17 19:27:43,368 INFO [refresh_grounding_cache] [1480/1836] vizwiz_VizWiz_val_00001928_1928
2026-08-17 19:27:46,959 INFO [refresh_grounding_cache] [1481/1836] vizwiz_VizWiz_val_00001930_1930
2026-08-17 19:27:51,140 INFO [refresh_grounding_cache] [1482/1836] vizwiz_VizWiz_val_00001935_1935
2026-08-17 19:27:54,781 INFO [refresh_grounding_cache] [1483/1836] vizwiz_VizWiz_val_00001936_1936
2026-08-17 19:27:58,297 INFO [refresh_grounding_cache] [1484/1836] vizwiz_VizWiz_val_00001942_1942
2026-08-17 19:28:02,254 INFO [refresh_grounding_cache] [1485/1836] vizwiz_VizWiz_val_00001943_1943
2026-08-17 19:28:05,637 INFO [refresh_grounding_cache] [1486/1836] vizwiz_VizWiz_val_00001944_1944
2026-08-17 19:28:08,794 INFO [refresh_grounding_cache] [1487/1836] vizwiz_VizWiz_val_00001946_1946
2026-08-17 19:28:12,343 INFO [refresh_grounding_cache] [1488/1836] vizwiz_VizWiz_val_00001948_1948
2026-08-17 19:28:16,258 INFO [refresh_grounding_cache] [1489/1836] vizwiz_VizWiz_val_00001951_1951
2026-08-17 19:28:21,707 INFO [refresh_grounding_cache] [1490/1836] vizwiz_VizWiz_val_00001956_1956
2026-08-17 19:28:25,389 INFO [refresh_grounding_cache] [1491/1836] vizwiz_VizWiz_val_00001957_1957
2026-08-17 19:28:29,771 INFO [refresh_grounding_cache] [1492/1836] vizwiz_VizWiz_val_00001958_1958
2026-08-17 19:28:32,513 INFO [refresh_grounding_cache] [1493/1836] vizwiz_VizWiz_val_00001965_1965
2026-08-17 19:28:36,570 INFO [refresh_grounding_cache] [1494/1836] vizwiz_VizWiz_val_00001974_1974
2026-08-17 19:28:39,128 INFO [refresh_grounding_cache] [1495/1836] vizwiz_VizWiz_val_00001975_1975
2026-08-17 19:28:42,193 INFO [refresh_grounding_cache] [1496/1836] vizwiz_VizWiz_val_00001978_1978
2026-08-17 19:28:46,992 INFO [refresh_grounding_cache] [1497/1836] vizwiz_VizWiz_val_00001980_1980
2026-08-17 19:28:50,025 INFO [refresh_grounding_cache] [1498/1836] vizwiz_VizWiz_val_00001985_1985
2026-08-17 19:28:53,324 INFO [refresh_grounding_cache] [1499/1836] vizwiz_VizWiz_val_00001990_1990
2026-08-17 19:28:56,848 INFO [refresh_grounding_cache] [1500/1836] vizwiz_VizWiz_val_00001991_1991
2026-08-17 19:29:00,247 INFO [refresh_grounding_cache] [1501/1836] vizwiz_VizWiz_val_00001994_1994
2026-08-17 19:29:03,938 INFO [refresh_grounding_cache] [1502/1836] vizwiz_VizWiz_val_00001996_1996
2026-08-17 19:29:07,445 INFO [refresh_grounding_cache] [1503/1836] vizwiz_VizWiz_val_00001997_1997
2026-08-17 19:29:10,353 INFO [refresh_grounding_cache] [1504/1836] vizwiz_VizWiz_val_00002006_2006
2026-08-17 19:29:13,552 INFO [refresh_grounding_cache] [1505/1836] vizwiz_VizWiz_val_00002010_2010
2026-08-17 19:29:20,899 INFO [refresh_grounding_cache] [1506/1836] vizwiz_VizWiz_val_00002020_2020
2026-08-17 19:29:24,282 INFO [refresh_grounding_cache] [1507/1836] vizwiz_VizWiz_val_00002026_2026
2026-08-17 19:29:27,881 INFO [refresh_grounding_cache] [1508/1836] vizwiz_VizWiz_val_00002027_2027
2026-08-17 19:29:30,805 INFO [refresh_grounding_cache] [1509/1836] vizwiz_VizWiz_val_00002028_2028
2026-08-17 19:29:34,804 INFO [refresh_grounding_cache] [1510/1836] vizwiz_VizWiz_val_00002032_2032
2026-08-17 19:29:38,295 INFO [refresh_grounding_cache] [1511/1836] vizwiz_VizWiz_val_00002033_2033
2026-08-17 19:29:41,869 INFO [refresh_grounding_cache] [1512/1836] vizwiz_VizWiz_val_00002035_2035
2026-08-17 19:29:45,276 INFO [refresh_grounding_cache] [1513/1836] vizwiz_VizWiz_val_00002036_2036
2026-08-17 19:29:49,517 INFO [refresh_grounding_cache] [1514/1836] vizwiz_VizWiz_val_00002046_2046
2026-08-17 19:29:52,608 INFO [refresh_grounding_cache] [1515/1836] vizwiz_VizWiz_val_00002049_2049
2026-08-17 19:29:55,773 INFO [refresh_grounding_cache] [1516/1836] vizwiz_VizWiz_val_00002050_2050
2026-08-17 19:29:58,181 INFO [refresh_grounding_cache] [1517/1836] vizwiz_VizWiz_val_00002056_2056
2026-08-17 19:30:04,313 INFO [refresh_grounding_cache] [1518/1836] vizwiz_VizWiz_val_00002061_2061
2026-08-17 19:30:08,062 INFO [refresh_grounding_cache] [1519/1836] vizwiz_VizWiz_val_00002068_2068
2026-08-17 19:30:14,726 INFO [refresh_grounding_cache] [1520/1836] vizwiz_VizWiz_val_00002073_2073
2026-08-17 19:30:18,493 INFO [refresh_grounding_cache] [1521/1836] vizwiz_VizWiz_val_00002074_2074
2026-08-17 19:30:23,699 INFO [refresh_grounding_cache] [1522/1836] vizwiz_VizWiz_val_00002097_2097
2026-08-17 19:30:26,565 INFO [refresh_grounding_cache] [1523/1836] vizwiz_VizWiz_val_00002099_2099
2026-08-17 19:30:29,589 INFO [refresh_grounding_cache] [1524/1836] vizwiz_VizWiz_val_00002101_2101
2026-08-17 19:30:33,355 INFO [refresh_grounding_cache] [1525/1836] vizwiz_VizWiz_val_00002103_2103
2026-08-17 19:30:36,662 INFO [refresh_grounding_cache] [1526/1836] vizwiz_VizWiz_val_00002104_2104
2026-08-17 19:30:39,836 INFO [refresh_grounding_cache] [1527/1836] vizwiz_VizWiz_val_00002108_2108
2026-08-17 19:30:43,910 INFO [refresh_grounding_cache] [1528/1836] vizwiz_VizWiz_val_00002110_2110
2026-08-17 19:30:49,009 INFO [refresh_grounding_cache] [1529/1836] vizwiz_VizWiz_val_00002114_2114
2026-08-17 19:30:53,041 INFO [refresh_grounding_cache] [1530/1836] vizwiz_VizWiz_val_00002118_2118
2026-08-17 19:30:56,015 INFO [refresh_grounding_cache] [1531/1836] vizwiz_VizWiz_val_00002123_2123
2026-08-17 19:30:59,198 INFO [refresh_grounding_cache] [1532/1836] vizwiz_VizWiz_val_00002124_2124
2026-08-17 19:31:03,771 INFO [refresh_grounding_cache] [1533/1836] vizwiz_VizWiz_val_00002126_2126
2026-08-17 19:31:06,679 INFO [refresh_grounding_cache] [1534/1836] vizwiz_VizWiz_val_00002137_2137
2026-08-17 19:31:11,936 INFO [refresh_grounding_cache] [1535/1836] vizwiz_VizWiz_val_00002140_2140
2026-08-17 19:31:15,110 INFO [refresh_grounding_cache] [1536/1836] vizwiz_VizWiz_val_00002150_2150
2026-08-17 19:31:19,733 INFO [refresh_grounding_cache] [1537/1836] vizwiz_VizWiz_val_00002152_2152
2026-08-17 19:31:23,149 INFO [refresh_grounding_cache] [1538/1836] vizwiz_VizWiz_val_00002153_2153
2026-08-17 19:31:26,656 INFO [refresh_grounding_cache] [1539/1836] vizwiz_VizWiz_val_00002158_2158
2026-08-17 19:31:31,796 INFO [refresh_grounding_cache] [1540/1836] vizwiz_VizWiz_val_00002160_2160
2026-08-17 19:31:34,829 INFO [refresh_grounding_cache] [1541/1836] vizwiz_VizWiz_val_00002162_2162
2026-08-17 19:31:38,703 INFO [refresh_grounding_cache] [1542/1836] vizwiz_VizWiz_val_00002165_2165
2026-08-17 19:31:42,069 INFO [refresh_grounding_cache] [1543/1836] vizwiz_VizWiz_val_00002167_2167
2026-08-17 19:31:44,376 INFO [refresh_grounding_cache] [1544/1836] vizwiz_VizWiz_val_00002169_2169
2026-08-17 19:31:49,391 INFO [refresh_grounding_cache] [1545/1836] vizwiz_VizWiz_val_00002174_2174
2026-08-17 19:31:54,956 INFO [refresh_grounding_cache] [1546/1836] vizwiz_VizWiz_val_00002176_2176
2026-08-17 19:31:59,247 INFO [refresh_grounding_cache] [1547/1836] vizwiz_VizWiz_val_00002177_2177
2026-08-17 19:32:03,262 INFO [refresh_grounding_cache] [1548/1836] vizwiz_VizWiz_val_00002183_2183
2026-08-17 19:32:09,918 INFO [refresh_grounding_cache] [1549/1836] vizwiz_VizWiz_val_00002186_2186
2026-08-17 19:32:13,459 INFO [refresh_grounding_cache] [1550/1836] vizwiz_VizWiz_val_00002193_2193
2026-08-17 19:32:18,149 INFO [refresh_grounding_cache] [1551/1836] vizwiz_VizWiz_val_00002194_2194
2026-08-17 19:32:24,922 INFO [refresh_grounding_cache] [1552/1836] vizwiz_VizWiz_val_00002199_2199
2026-08-17 19:32:29,346 INFO [refresh_grounding_cache] [1553/1836] vizwiz_VizWiz_val_00002205_2205
2026-08-17 19:32:35,127 INFO [refresh_grounding_cache] [1554/1836] vizwiz_VizWiz_val_00002206_2206
2026-08-17 19:32:40,235 INFO [refresh_grounding_cache] [1555/1836] vizwiz_VizWiz_val_00002207_2207
2026-08-17 19:32:44,317 INFO [refresh_grounding_cache] [1556/1836] vizwiz_VizWiz_val_00002208_2208
2026-08-17 19:32:48,157 INFO [refresh_grounding_cache] [1557/1836] vizwiz_VizWiz_val_00002209_2209
2026-08-17 19:32:51,215 INFO [refresh_grounding_cache] [1558/1836] vizwiz_VizWiz_val_00002221_2221
2026-08-17 19:32:54,305 INFO [refresh_grounding_cache] [1559/1836] vizwiz_VizWiz_val_00002228_2228
2026-08-17 19:32:58,154 INFO [refresh_grounding_cache] [1560/1836] vizwiz_VizWiz_val_00002229_2229
2026-08-17 19:33:02,336 INFO [refresh_grounding_cache] [1561/1836] vizwiz_VizWiz_val_00002237_2237
2026-08-17 19:33:06,635 INFO [refresh_grounding_cache] [1562/1836] vizwiz_VizWiz_val_00002238_2238
2026-08-17 19:33:09,968 INFO [refresh_grounding_cache] [1563/1836] vizwiz_VizWiz_val_00002239_2239
2026-08-17 19:33:14,166 INFO [refresh_grounding_cache] [1564/1836] vizwiz_VizWiz_val_00002246_2246
2026-08-17 19:33:18,790 INFO [refresh_grounding_cache] [1565/1836] vizwiz_VizWiz_val_00002251_2251
2026-08-17 19:33:23,147 INFO [refresh_grounding_cache] [1566/1836] vizwiz_VizWiz_val_00002252_2252
2026-08-17 19:33:27,929 INFO [refresh_grounding_cache] [1567/1836] vizwiz_VizWiz_val_00002253_2253
2026-08-17 19:33:32,036 INFO [refresh_grounding_cache] [1568/1836] vizwiz_VizWiz_val_00002260_2260
2026-08-17 19:33:35,143 INFO [refresh_grounding_cache] [1569/1836] vizwiz_VizWiz_val_00002265_2265
2026-08-17 19:33:38,784 INFO [refresh_grounding_cache] [1570/1836] vizwiz_VizWiz_val_00002273_2273
2026-08-17 19:33:44,224 INFO [refresh_grounding_cache] [1571/1836] vizwiz_VizWiz_val_00002278_2278
2026-08-17 19:33:47,082 INFO [refresh_grounding_cache] [1572/1836] vizwiz_VizWiz_val_00002280_2280
2026-08-17 19:33:51,156 INFO [refresh_grounding_cache] [1573/1836] vizwiz_VizWiz_val_00002283_2283
2026-08-17 19:33:55,954 INFO [refresh_grounding_cache] [1574/1836] vizwiz_VizWiz_val_00002284_2284
2026-08-17 19:33:59,736 INFO [refresh_grounding_cache] [1575/1836] vizwiz_VizWiz_val_00002287_2287
2026-08-17 19:34:03,802 INFO [refresh_grounding_cache] [1576/1836] vizwiz_VizWiz_val_00002288_2288
2026-08-17 19:34:08,975 INFO [refresh_grounding_cache] [1577/1836] vizwiz_VizWiz_val_00002295_2295
2026-08-17 19:34:13,491 INFO [refresh_grounding_cache] [1578/1836] vizwiz_VizWiz_val_00002297_2297
2026-08-17 19:34:18,372 INFO [refresh_grounding_cache] [1579/1836] vizwiz_VizWiz_val_00002300_2300
2026-08-17 19:34:22,879 INFO [refresh_grounding_cache] [1580/1836] vizwiz_VizWiz_val_00002302_2302
2026-08-17 19:34:25,820 INFO [refresh_grounding_cache] [1581/1836] vizwiz_VizWiz_val_00002309_2309
2026-08-17 19:34:30,036 INFO [refresh_grounding_cache] [1582/1836] vizwiz_VizWiz_val_00002312_2312
2026-08-17 19:34:33,393 INFO [refresh_grounding_cache] [1583/1836] vizwiz_VizWiz_val_00002316_2316
2026-08-17 19:34:36,967 INFO [refresh_grounding_cache] [1584/1836] vizwiz_VizWiz_val_00002324_2324
2026-08-17 19:34:43,282 INFO [refresh_grounding_cache] [1585/1836] vizwiz_VizWiz_val_00002325_2325
2026-08-17 19:34:45,698 INFO [refresh_grounding_cache] [1586/1836] vizwiz_VizWiz_val_00002330_2330
2026-08-17 19:34:50,230 INFO [refresh_grounding_cache] [1587/1836] vizwiz_VizWiz_val_00002333_2333
2026-08-17 19:34:53,471 INFO [refresh_grounding_cache] [1588/1836] vizwiz_VizWiz_val_00002334_2334
2026-08-17 19:34:58,753 INFO [refresh_grounding_cache] [1589/1836] vizwiz_VizWiz_val_00002337_2337
2026-08-17 19:35:01,993 INFO [refresh_grounding_cache] [1590/1836] vizwiz_VizWiz_val_00002341_2341
2026-08-17 19:35:05,393 INFO [refresh_grounding_cache] [1591/1836] vizwiz_VizWiz_val_00002343_2343
2026-08-17 19:35:08,575 INFO [refresh_grounding_cache] [1592/1836] vizwiz_VizWiz_val_00002354_2354
2026-08-17 19:35:11,191 INFO [refresh_grounding_cache] [1593/1836] vizwiz_VizWiz_val_00002372_2372
2026-08-17 19:35:14,532 INFO [refresh_grounding_cache] [1594/1836] vizwiz_VizWiz_val_00002379_2379
2026-08-17 19:35:17,047 INFO [refresh_grounding_cache] [1595/1836] vizwiz_VizWiz_val_00002380_2380
2026-08-17 19:35:20,338 INFO [refresh_grounding_cache] [1596/1836] vizwiz_VizWiz_val_00002384_2384
2026-08-17 19:35:25,420 INFO [refresh_grounding_cache] [1597/1836] vizwiz_VizWiz_val_00002385_2385
2026-08-17 19:35:28,444 INFO [refresh_grounding_cache] [1598/1836] vizwiz_VizWiz_val_00002397_2397
2026-08-17 19:35:32,401 INFO [refresh_grounding_cache] [1599/1836] vizwiz_VizWiz_val_00002409_2409
2026-08-17 19:35:39,149 INFO [refresh_grounding_cache] [1600/1836] vizwiz_VizWiz_val_00002411_2411
2026-08-17 19:35:43,623 INFO [refresh_grounding_cache] [1601/1836] vizwiz_VizWiz_val_00002414_2414
2026-08-17 19:35:48,022 INFO [refresh_grounding_cache] [1602/1836] vizwiz_VizWiz_val_00002415_2415
2026-08-17 19:35:52,587 INFO [refresh_grounding_cache] [1603/1836] vizwiz_VizWiz_val_00002416_2416
2026-08-17 19:35:57,761 INFO [refresh_grounding_cache] [1604/1836] vizwiz_VizWiz_val_00002420_2420
2026-08-17 19:36:01,526 INFO [refresh_grounding_cache] [1605/1836] vizwiz_VizWiz_val_00002421_2421
2026-08-17 19:36:05,517 INFO [refresh_grounding_cache] [1606/1836] vizwiz_VizWiz_val_00002425_2425
2026-08-17 19:36:10,749 INFO [refresh_grounding_cache] [1607/1836] vizwiz_VizWiz_val_00002430_2430
2026-08-17 19:36:14,314 INFO [refresh_grounding_cache] [1608/1836] vizwiz_VizWiz_val_00002436_2436
2026-08-17 19:36:17,939 INFO [refresh_grounding_cache] [1609/1836] vizwiz_VizWiz_val_00002440_2440
2026-08-17 19:36:22,371 INFO [refresh_grounding_cache] [1610/1836] vizwiz_VizWiz_val_00002442_2442
2026-08-17 19:36:26,111 INFO [refresh_grounding_cache] [1611/1836] vizwiz_VizWiz_val_00002455_2455
2026-08-17 19:36:28,836 INFO [refresh_grounding_cache] [1612/1836] vizwiz_VizWiz_val_00002456_2456
2026-08-17 19:36:33,643 INFO [refresh_grounding_cache] [1613/1836] vizwiz_VizWiz_val_00002457_2457
2026-08-17 19:36:37,491 INFO [refresh_grounding_cache] [1614/1836] vizwiz_VizWiz_val_00002458_2458
2026-08-17 19:36:43,598 INFO [refresh_grounding_cache] [1615/1836] vizwiz_VizWiz_val_00002462_2462
2026-08-17 19:36:46,514 INFO [refresh_grounding_cache] [1616/1836] vizwiz_VizWiz_val_00002475_2475
2026-08-17 19:36:51,279 INFO [refresh_grounding_cache] [1617/1836] vizwiz_VizWiz_val_00002477_2477
2026-08-17 19:36:54,986 INFO [refresh_grounding_cache] [1618/1836] vizwiz_VizWiz_val_00002478_2478
2026-08-17 19:36:58,227 INFO [refresh_grounding_cache] [1619/1836] vizwiz_VizWiz_val_00002480_2480
2026-08-17 19:37:01,634 INFO [refresh_grounding_cache] [1620/1836] vizwiz_VizWiz_val_00002482_2482
2026-08-17 19:37:04,609 INFO [refresh_grounding_cache] [1621/1836] vizwiz_VizWiz_val_00002483_2483
2026-08-17 19:37:07,475 INFO [refresh_grounding_cache] [1622/1836] vizwiz_VizWiz_val_00002485_2485
2026-08-17 19:37:10,424 INFO [refresh_grounding_cache] [1623/1836] vizwiz_VizWiz_val_00002486_2486
2026-08-17 19:37:13,998 INFO [refresh_grounding_cache] [1624/1836] vizwiz_VizWiz_val_00002487_2487
2026-08-17 19:37:20,013 INFO [refresh_grounding_cache] [1625/1836] vizwiz_VizWiz_val_00002488_2488
2026-08-17 19:37:25,303 INFO [refresh_grounding_cache] [1626/1836] vizwiz_VizWiz_val_00002491_2491
2026-08-17 19:37:28,927 INFO [refresh_grounding_cache] [1627/1836] vizwiz_VizWiz_val_00002496_2496
2026-08-17 19:37:32,543 INFO [refresh_grounding_cache] [1628/1836] vizwiz_VizWiz_val_00002499_2499
2026-08-17 19:37:36,908 INFO [refresh_grounding_cache] [1629/1836] vizwiz_VizWiz_val_00002505_2505
2026-08-17 19:37:41,198 INFO [refresh_grounding_cache] [1630/1836] vizwiz_VizWiz_val_00002507_2507
2026-08-17 19:37:44,889 INFO [refresh_grounding_cache] [1631/1836] vizwiz_VizWiz_val_00002512_2512
2026-08-17 19:37:49,079 INFO [refresh_grounding_cache] [1632/1836] vizwiz_VizWiz_val_00002513_2513
2026-08-17 19:37:54,753 INFO [refresh_grounding_cache] [1633/1836] vizwiz_VizWiz_val_00002517_2517
2026-08-17 19:37:59,776 INFO [refresh_grounding_cache] [1634/1836] vizwiz_VizWiz_val_00002519_2519
2026-08-17 19:38:02,925 INFO [refresh_grounding_cache] [1635/1836] vizwiz_VizWiz_val_00002523_2523
2026-08-17 19:38:07,882 INFO [refresh_grounding_cache] [1636/1836] vizwiz_VizWiz_val_00002528_2528
2026-08-17 19:38:11,506 INFO [refresh_grounding_cache] [1637/1836] vizwiz_VizWiz_val_00002535_2535
2026-08-17 19:38:14,930 INFO [refresh_grounding_cache] [1638/1836] vizwiz_VizWiz_val_00002536_2536
2026-08-17 19:38:19,954 INFO [refresh_grounding_cache] [1639/1836] vizwiz_VizWiz_val_00002545_2545
2026-08-17 19:38:24,019 INFO [refresh_grounding_cache] [1640/1836] vizwiz_VizWiz_val_00002549_2549
2026-08-17 19:38:28,110 INFO [refresh_grounding_cache] [1641/1836] vizwiz_VizWiz_val_00002551_2551
2026-08-17 19:38:31,767 INFO [refresh_grounding_cache] [1642/1836] vizwiz_VizWiz_val_00002552_2552
2026-08-17 19:38:34,408 INFO [refresh_grounding_cache] [1643/1836] vizwiz_VizWiz_val_00002553_2553
2026-08-17 19:38:37,557 INFO [refresh_grounding_cache] [1644/1836] vizwiz_VizWiz_val_00002555_2555
2026-08-17 19:38:40,714 INFO [refresh_grounding_cache] [1645/1836] vizwiz_VizWiz_val_00002567_2567
2026-08-17 19:38:44,380 INFO [refresh_grounding_cache] [1646/1836] vizwiz_VizWiz_val_00002571_2571
2026-08-17 19:38:47,021 INFO [refresh_grounding_cache] [1647/1836] vizwiz_VizWiz_val_00002582_2582
2026-08-17 19:38:53,469 INFO [refresh_grounding_cache] [1648/1836] vizwiz_VizWiz_val_00002583_2583
2026-08-17 19:38:59,200 INFO [refresh_grounding_cache] [1649/1836] vizwiz_VizWiz_val_00002585_2585
2026-08-17 19:39:04,207 INFO [refresh_grounding_cache] [1650/1836] vizwiz_VizWiz_val_00002590_2590
2026-08-17 19:39:07,290 INFO [refresh_grounding_cache] [1651/1836] vizwiz_VizWiz_val_00002595_2595
2026-08-17 19:39:11,264 INFO [refresh_grounding_cache] [1652/1836] vizwiz_VizWiz_val_00002596_2596
2026-08-17 19:39:14,946 INFO [refresh_grounding_cache] [1653/1836] vizwiz_VizWiz_val_00002597_2597
2026-08-17 19:39:18,979 INFO [refresh_grounding_cache] [1654/1836] vizwiz_VizWiz_val_00002601_2601
2026-08-17 19:39:25,377 INFO [refresh_grounding_cache] [1655/1836] vizwiz_VizWiz_val_00002603_2603
2026-08-17 19:39:29,625 INFO [refresh_grounding_cache] [1656/1836] vizwiz_VizWiz_val_00002607_2607
2026-08-17 19:39:33,141 INFO [refresh_grounding_cache] [1657/1836] vizwiz_VizWiz_val_00002610_2610
2026-08-17 19:39:36,015 INFO [refresh_grounding_cache] [1658/1836] vizwiz_VizWiz_val_00002621_2621
2026-08-17 19:39:39,239 INFO [refresh_grounding_cache] [1659/1836] vizwiz_VizWiz_val_00002622_2622
2026-08-17 19:39:44,771 INFO [refresh_grounding_cache] [1660/1836] vizwiz_VizWiz_val_00002625_2625
2026-08-17 19:39:47,262 INFO [refresh_grounding_cache] [1661/1836] vizwiz_VizWiz_val_00002637_2637
2026-08-17 19:39:51,019 INFO [refresh_grounding_cache] [1662/1836] vizwiz_VizWiz_val_00002639_2639
2026-08-17 19:39:55,268 INFO [refresh_grounding_cache] [1663/1836] vizwiz_VizWiz_val_00002644_2644
2026-08-17 19:39:59,625 INFO [refresh_grounding_cache] [1664/1836] vizwiz_VizWiz_val_00002652_2652
2026-08-17 19:40:02,675 INFO [refresh_grounding_cache] [1665/1836] vizwiz_VizWiz_val_00002653_2653
2026-08-17 19:40:06,873 INFO [refresh_grounding_cache] [1666/1836] vizwiz_VizWiz_val_00002660_2660
2026-08-17 19:40:10,914 INFO [refresh_grounding_cache] [1667/1836] vizwiz_VizWiz_val_00002661_2661
2026-08-17 19:40:15,446 INFO [refresh_grounding_cache] [1668/1836] vizwiz_VizWiz_val_00002663_2663
2026-08-17 19:40:18,336 INFO [refresh_grounding_cache] [1669/1836] vizwiz_VizWiz_val_00002666_2666
2026-08-17 19:40:22,152 INFO [refresh_grounding_cache] [1670/1836] vizwiz_VizWiz_val_00002667_2667
2026-08-17 19:40:25,793 INFO [refresh_grounding_cache] [1671/1836] vizwiz_VizWiz_val_00002668_2668
2026-08-17 19:40:30,150 INFO [refresh_grounding_cache] [1672/1836] vizwiz_VizWiz_val_00002669_2669
2026-08-17 19:40:36,956 INFO [refresh_grounding_cache] [1673/1836] vizwiz_VizWiz_val_00002677_2677
2026-08-17 19:40:42,455 INFO [refresh_grounding_cache] [1674/1836] vizwiz_VizWiz_val_00002678_2678
2026-08-17 19:40:45,879 INFO [refresh_grounding_cache] [1675/1836] vizwiz_VizWiz_val_00002682_2682
2026-08-17 19:40:48,953 INFO [refresh_grounding_cache] [1676/1836] vizwiz_VizWiz_val_00002690_2690
2026-08-17 19:40:53,435 INFO [refresh_grounding_cache] [1677/1836] vizwiz_VizWiz_val_00002691_2691
2026-08-17 19:40:55,834 INFO [refresh_grounding_cache] [1678/1836] vizwiz_VizWiz_val_00002696_2696
2026-08-17 19:41:00,041 INFO [refresh_grounding_cache] [1679/1836] vizwiz_VizWiz_val_00002698_2698
2026-08-17 19:41:04,748 INFO [refresh_grounding_cache] [1680/1836] vizwiz_VizWiz_val_00002700_2700
2026-08-17 19:41:08,381 INFO [refresh_grounding_cache] [1681/1836] vizwiz_VizWiz_val_00002702_2702
2026-08-17 19:41:13,688 INFO [refresh_grounding_cache] [1682/1836] vizwiz_VizWiz_val_00002703_2703
2026-08-17 19:41:17,370 INFO [refresh_grounding_cache] [1683/1836] vizwiz_VizWiz_val_00002707_2707
2026-08-17 19:41:19,770 INFO [refresh_grounding_cache] [1684/1836] vizwiz_VizWiz_val_00002708_2708
2026-08-17 19:41:23,685 INFO [refresh_grounding_cache] [1685/1836] vizwiz_VizWiz_val_00002718_2718
2026-08-17 19:41:26,868 INFO [refresh_grounding_cache] [1686/1836] vizwiz_VizWiz_val_00002720_2720
2026-08-17 19:41:31,608 INFO [refresh_grounding_cache] [1687/1836] vizwiz_VizWiz_val_00002723_2723
2026-08-17 19:41:34,690 INFO [refresh_grounding_cache] [1688/1836] vizwiz_VizWiz_val_00002724_2724
2026-08-17 19:41:38,414 INFO [refresh_grounding_cache] [1689/1836] vizwiz_VizWiz_val_00002726_2726
2026-08-17 19:41:42,855 INFO [refresh_grounding_cache] [1690/1836] vizwiz_VizWiz_val_00002727_2727
2026-08-17 19:41:46,387 INFO [refresh_grounding_cache] [1691/1836] vizwiz_VizWiz_val_00002737_2737
2026-08-17 19:41:49,744 INFO [refresh_grounding_cache] [1692/1836] vizwiz_VizWiz_val_00002742_2742
2026-08-17 19:41:53,726 INFO [refresh_grounding_cache] [1693/1836] vizwiz_VizWiz_val_00002747_2747
2026-08-17 19:42:00,100 INFO [refresh_grounding_cache] [1694/1836] vizwiz_VizWiz_val_00002750_2750
2026-08-17 19:42:03,582 INFO [refresh_grounding_cache] [1695/1836] vizwiz_VizWiz_val_00002751_2751
2026-08-17 19:42:07,756 INFO [refresh_grounding_cache] [1696/1836] vizwiz_VizWiz_val_00002754_2754
2026-08-17 19:42:13,121 INFO [refresh_grounding_cache] [1697/1836] vizwiz_VizWiz_val_00002761_2761
2026-08-17 19:42:17,461 INFO [refresh_grounding_cache] [1698/1836] vizwiz_VizWiz_val_00002763_2763
2026-08-17 19:42:20,244 INFO [refresh_grounding_cache] [1699/1836] vizwiz_VizWiz_val_00002767_2767
2026-08-17 19:42:22,552 INFO [refresh_grounding_cache] [1700/1836] vizwiz_VizWiz_val_00002768_2768
2026-08-17 19:42:26,292 INFO [refresh_grounding_cache] [1701/1836] vizwiz_VizWiz_val_00002772_2772
2026-08-17 19:42:30,799 INFO [refresh_grounding_cache] [1702/1836] vizwiz_VizWiz_val_00002773_2773
2026-08-17 19:42:34,065 INFO [refresh_grounding_cache] [1703/1836] vizwiz_VizWiz_val_00002777_2777
2026-08-17 19:42:39,563 INFO [refresh_grounding_cache] [1704/1836] vizwiz_VizWiz_val_00002781_2781
2026-08-17 19:42:42,904 INFO [refresh_grounding_cache] [1705/1836] vizwiz_VizWiz_val_00002789_2789
2026-08-17 19:42:46,462 INFO [refresh_grounding_cache] [1706/1836] vizwiz_VizWiz_val_00002790_2790
2026-08-17 19:42:50,027 INFO [refresh_grounding_cache] [1707/1836] vizwiz_VizWiz_val_00002803_2803
2026-08-17 19:42:53,809 INFO [refresh_grounding_cache] [1708/1836] vizwiz_VizWiz_val_00002805_2805
2026-08-17 19:42:58,941 INFO [refresh_grounding_cache] [1709/1836] vizwiz_VizWiz_val_00002808_2808
2026-08-17 19:43:02,041 INFO [refresh_grounding_cache] [1710/1836] vizwiz_VizWiz_val_00002809_2809
2026-08-17 19:43:06,381 INFO [refresh_grounding_cache] [1711/1836] vizwiz_VizWiz_val_00002814_2814
2026-08-17 19:43:09,255 INFO [refresh_grounding_cache] [1712/1836] vizwiz_VizWiz_val_00002820_2820
2026-08-17 19:43:11,430 INFO [refresh_grounding_cache] [1713/1836] vizwiz_VizWiz_val_00002821_2821
2026-08-17 19:43:15,728 INFO [refresh_grounding_cache] [1714/1836] vizwiz_VizWiz_val_00002829_2829
2026-08-17 19:43:18,736 INFO [refresh_grounding_cache] [1715/1836] vizwiz_VizWiz_val_00002837_2837
2026-08-17 19:43:33,132 INFO [refresh_grounding_cache] [1716/1836] vizwiz_VizWiz_val_00002838_2838
2026-08-17 19:43:36,206 INFO [refresh_grounding_cache] [1717/1836] vizwiz_VizWiz_val_00002840_2840
2026-08-17 19:43:39,955 INFO [refresh_grounding_cache] [1718/1836] vizwiz_VizWiz_val_00002843_2843
2026-08-17 19:43:43,321 INFO [refresh_grounding_cache] [1719/1836] vizwiz_VizWiz_val_00002845_2845
2026-08-17 19:43:46,370 INFO [refresh_grounding_cache] [1720/1836] vizwiz_VizWiz_val_00002859_2859
2026-08-17 19:43:51,426 INFO [refresh_grounding_cache] [1721/1836] vizwiz_VizWiz_val_00002860_2860
2026-08-17 19:43:56,333 INFO [refresh_grounding_cache] [1722/1836] vizwiz_VizWiz_val_00002861_2861
2026-08-17 19:43:59,657 INFO [refresh_grounding_cache] [1723/1836] vizwiz_VizWiz_val_00002868_2868
2026-08-17 19:44:03,540 INFO [refresh_grounding_cache] [1724/1836] vizwiz_VizWiz_val_00002872_2872
2026-08-17 19:44:07,189 INFO [refresh_grounding_cache] [1725/1836] vizwiz_VizWiz_val_00002875_2875
2026-08-17 19:44:10,771 INFO [refresh_grounding_cache] [1726/1836] vizwiz_VizWiz_val_00002881_2881
2026-08-17 19:44:15,228 INFO [refresh_grounding_cache] [1727/1836] vizwiz_VizWiz_val_00002883_2883
2026-08-17 19:44:20,026 INFO [refresh_grounding_cache] [1728/1836] vizwiz_VizWiz_val_00002885_2885
2026-08-17 19:44:22,834 INFO [refresh_grounding_cache] [1729/1836] vizwiz_VizWiz_val_00002893_2893
2026-08-17 19:44:27,133 INFO [refresh_grounding_cache] [1730/1836] vizwiz_VizWiz_val_00002895_2895
2026-08-17 19:44:31,406 INFO [refresh_grounding_cache] [1731/1836] vizwiz_VizWiz_val_00002904_2904
2026-08-17 19:44:43,045 INFO [refresh_grounding_cache] [1732/1836] vizwiz_VizWiz_val_00002906_2906
2026-08-17 19:44:47,294 INFO [refresh_grounding_cache] [1733/1836] vizwiz_VizWiz_val_00002909_2909
2026-08-17 19:44:51,859 INFO [refresh_grounding_cache] [1734/1836] vizwiz_VizWiz_val_00002919_2919
2026-08-17 19:44:55,283 INFO [refresh_grounding_cache] [1735/1836] vizwiz_VizWiz_val_00002920_2920
2026-08-17 19:44:59,382 INFO [refresh_grounding_cache] [1736/1836] vizwiz_VizWiz_val_00002921_2921
2026-08-17 19:45:03,922 INFO [refresh_grounding_cache] [1737/1836] vizwiz_VizWiz_val_00002926_2926
2026-08-17 19:45:09,837 INFO [refresh_grounding_cache] [1738/1836] vizwiz_VizWiz_val_00002930_2930
2026-08-17 19:45:13,345 INFO [refresh_grounding_cache] [1739/1836] vizwiz_VizWiz_val_00002932_2932
2026-08-17 19:45:19,743 INFO [refresh_grounding_cache] [1740/1836] vizwiz_VizWiz_val_00002934_2934
2026-08-17 19:45:23,650 INFO [refresh_grounding_cache] [1741/1836] vizwiz_VizWiz_val_00002944_2944
2026-08-17 19:45:28,773 INFO [refresh_grounding_cache] [1742/1836] vizwiz_VizWiz_val_00002945_2945
2026-08-17 19:45:31,722 INFO [refresh_grounding_cache] [1743/1836] vizwiz_VizWiz_val_00002947_2947
2026-08-17 19:45:38,445 INFO [refresh_grounding_cache] [1744/1836] vizwiz_VizWiz_val_00002949_2949
2026-08-17 19:45:42,102 INFO [refresh_grounding_cache] [1745/1836] vizwiz_VizWiz_val_00002952_2952
2026-08-17 19:45:46,035 INFO [refresh_grounding_cache] [1746/1836] vizwiz_VizWiz_val_00002954_2954
2026-08-17 19:45:49,792 INFO [refresh_grounding_cache] [1747/1836] vizwiz_VizWiz_val_00002967_2967
2026-08-17 19:46:00,156 INFO [refresh_grounding_cache] [1748/1836] vizwiz_VizWiz_val_00002969_2969
2026-08-17 19:46:03,705 INFO [refresh_grounding_cache] [1749/1836] vizwiz_VizWiz_val_00002970_2970
2026-08-17 19:46:08,761 INFO [refresh_grounding_cache] [1750/1836] vizwiz_VizWiz_val_00002976_2976
2026-08-17 19:46:12,036 INFO [refresh_grounding_cache] [1751/1836] vizwiz_VizWiz_val_00002978_2978
2026-08-17 19:46:15,135 INFO [refresh_grounding_cache] [1752/1836] vizwiz_VizWiz_val_00002982_2982
2026-08-17 19:46:18,051 INFO [refresh_grounding_cache] [1753/1836] vizwiz_VizWiz_val_00002983_2983
2026-08-17 19:46:21,650 INFO [refresh_grounding_cache] [1754/1836] vizwiz_VizWiz_val_00002986_2986
2026-08-17 19:46:26,248 INFO [refresh_grounding_cache] [1755/1836] vizwiz_VizWiz_val_00002993_2993
2026-08-17 19:46:31,197 INFO [refresh_grounding_cache] [1756/1836] vizwiz_VizWiz_val_00002994_2994
2026-08-17 19:46:34,846 INFO [refresh_grounding_cache] [1757/1836] vsr_0_0
2026-08-17 19:46:39,603 INFO [refresh_grounding_cache] [1758/1836] vsr_3_3
2026-08-17 19:46:44,460 INFO [refresh_grounding_cache] [1759/1836] vsr_6_6
2026-08-17 19:46:47,484 INFO [refresh_grounding_cache] [1760/1836] vsr_14_14
2026-08-17 19:46:51,874 INFO [refresh_grounding_cache] [1761/1836] vsr_15_15
2026-08-17 19:46:56,631 INFO [refresh_grounding_cache] [1762/1836] vsr_16_16
2026-08-17 19:47:01,763 INFO [refresh_grounding_cache] [1763/1836] vsr_22_22
2026-08-17 19:47:05,337 INFO [refresh_grounding_cache] [1764/1836] vsr_29_29
2026-08-17 19:47:09,377 INFO [refresh_grounding_cache] [1765/1836] vsr_33_33
2026-08-17 19:47:14,109 INFO [refresh_grounding_cache] [1766/1836] vsr_36_36
2026-08-17 19:47:18,491 INFO [refresh_grounding_cache] [1767/1836] vsr_38_38
2026-08-17 19:47:23,107 INFO [refresh_grounding_cache] [1768/1836] vsr_44_44
2026-08-17 19:47:29,880 INFO [refresh_grounding_cache] [1769/1836] vsr_47_47
2026-08-17 19:47:32,746 INFO [refresh_grounding_cache] [1770/1836] vsr_54_54
2026-08-17 19:47:37,519 INFO [refresh_grounding_cache] [1771/1836] vsr_58_58
2026-08-17 19:47:43,676 INFO [refresh_grounding_cache] [1772/1836] vsr_65_65
2026-08-17 19:47:48,941 INFO [refresh_grounding_cache] [1773/1836] vsr_71_71
2026-08-17 19:47:51,815 INFO [refresh_grounding_cache] [1774/1836] vsr_78_78
2026-08-17 19:47:54,923 INFO [refresh_grounding_cache] [1775/1836] vsr_84_84
2026-08-17 19:47:57,581 INFO [refresh_grounding_cache] [1776/1836] vsr_93_93
2026-08-17 19:48:02,271 INFO [refresh_grounding_cache] [1777/1836] vsr_96_96
2026-08-17 19:48:06,936 INFO [refresh_grounding_cache] [1778/1836] vsr_108_108
2026-08-17 19:48:09,977 INFO [refresh_grounding_cache] [1779/1836] vsr_128_128
2026-08-17 19:48:13,126 INFO [refresh_grounding_cache] [1780/1836] vsr_137_137
2026-08-17 19:48:16,933 INFO [refresh_grounding_cache] [1781/1836] vsr_138_138
2026-08-17 19:48:20,574 INFO [refresh_grounding_cache] [1782/1836] vsr_142_142
2026-08-17 19:48:25,256 INFO [refresh_grounding_cache] [1783/1836] vsr_144_144
2026-08-17 19:48:29,980 INFO [refresh_grounding_cache] [1784/1836] vsr_157_157
2026-08-17 19:48:34,312 INFO [refresh_grounding_cache] [1785/1836] vsr_168_168
2026-08-17 19:48:39,402 INFO [refresh_grounding_cache] [1786/1836] vsr_170_170
2026-08-17 19:48:43,501 INFO [refresh_grounding_cache] [1787/1836] vsr_172_172
2026-08-17 19:48:47,850 INFO [refresh_grounding_cache] [1788/1836] vsr_176_176
2026-08-17 19:48:51,115 INFO [refresh_grounding_cache] [1789/1836] vsr_179_179
2026-08-17 19:48:55,672 INFO [refresh_grounding_cache] [1790/1836] vsr_182_182
2026-08-17 19:48:58,530 INFO [refresh_grounding_cache] [1791/1836] vsr_188_188
2026-08-17 19:49:01,171 INFO [refresh_grounding_cache] [1792/1836] vsr_189_189
2026-08-17 19:49:06,444 INFO [refresh_grounding_cache] [1793/1836] vsr_191_191
2026-08-17 19:49:10,810 INFO [refresh_grounding_cache] [1794/1836] vsr_192_192
2026-08-17 19:49:17,566 INFO [refresh_grounding_cache] [1795/1836] vsr_204_204
2026-08-17 19:49:21,556 INFO [refresh_grounding_cache] [1796/1836] vsr_205_205
2026-08-17 19:49:24,631 INFO [refresh_grounding_cache] [1797/1836] vsr_207_207
2026-08-17 19:49:29,738 INFO [refresh_grounding_cache] [1798/1836] vsr_211_211
2026-08-17 19:49:33,403 INFO [refresh_grounding_cache] [1799/1836] vsr_218_218
2026-08-17 19:49:36,952 INFO [refresh_grounding_cache] [1800/1836] vsr_221_221
2026-08-17 19:49:41,493 INFO [refresh_grounding_cache] [1801/1836] vsr_224_224
2026-08-17 19:49:46,316 INFO [refresh_grounding_cache] [1802/1836] vsr_227_227
2026-08-17 19:49:51,498 INFO [refresh_grounding_cache] [1803/1836] vsr_232_232
2026-08-17 19:49:55,139 INFO [refresh_grounding_cache] [1804/1836] vsr_233_233
2026-08-17 19:49:59,188 INFO [refresh_grounding_cache] [1805/1836] vsr_238_238
2026-08-17 19:50:03,187 INFO [refresh_grounding_cache] [1806/1836] vsr_240_240
2026-08-17 19:50:06,952 INFO [refresh_grounding_cache] [1807/1836] vsr_241_241
2026-08-17 19:50:11,409 INFO [refresh_grounding_cache] [1808/1836] vsr_242_242
2026-08-17 19:50:15,300 INFO [refresh_grounding_cache] [1809/1836] vsr_243_243
2026-08-17 19:50:18,041 INFO [refresh_grounding_cache] [1810/1836] vsr_257_257
2026-08-17 19:50:22,290 INFO [refresh_grounding_cache] [1811/1836] vsr_260_260
2026-08-17 19:50:26,822 INFO [refresh_grounding_cache] [1812/1836] vsr_268_268
2026-08-17 19:50:31,287 INFO [refresh_grounding_cache] [1813/1836] vsr_269_269
2026-08-17 19:50:36,211 INFO [refresh_grounding_cache] [1814/1836] vsr_287_287
2026-08-17 19:50:41,676 INFO [refresh_grounding_cache] [1815/1836] vsr_288_288
2026-08-17 19:50:44,942 INFO [refresh_grounding_cache] [1816/1836] vsr_289_289
2026-08-17 19:50:49,690 INFO [refresh_grounding_cache] [1817/1836] vsr_290_290
2026-08-17 19:51:00,937 INFO [refresh_grounding_cache] [1818/1836] vsr_292_292
2026-08-17 19:51:04,019 INFO [refresh_grounding_cache] [1819/1836] vsr_293_293
2026-08-17 19:51:09,443 INFO [refresh_grounding_cache] [1820/1836] vsr_297_297
2026-08-17 19:51:15,033 INFO [refresh_grounding_cache] [1821/1836] vsr_299_299
2026-08-17 19:51:18,074 INFO [refresh_grounding_cache] [1822/1836] vsr_300_300
2026-08-17 19:51:22,481 INFO [refresh_grounding_cache] [1823/1836] vsr_301_301
2026-08-17 19:51:25,880 INFO [refresh_grounding_cache] [1824/1836] vsr_303_303
2026-08-17 19:51:29,629 INFO [refresh_grounding_cache] [1825/1836] vsr_310_310
2026-08-17 19:51:34,261 INFO [refresh_grounding_cache] [1826/1836] vsr_311_311
2026-08-17 19:51:39,268 INFO [refresh_grounding_cache] [1827/1836] vsr_315_315
2026-08-17 19:51:43,991 INFO [refresh_grounding_cache] [1828/1836] vsr_316_316
2026-08-17 19:51:47,090 INFO [refresh_grounding_cache] [1829/1836] vsr_317_317
2026-08-17 19:51:51,747 INFO [refresh_grounding_cache] [1830/1836] vsr_318_318
2026-08-17 19:51:54,805 INFO [refresh_grounding_cache] [1831/1836] vsr_321_321
2026-08-17 19:51:57,887 INFO [refresh_grounding_cache] [1832/1836] vsr_322_322
2026-08-17 19:52:01,978 INFO [refresh_grounding_cache] [1833/1836] vsr_325_325
2026-08-17 19:52:05,044 INFO [refresh_grounding_cache] [1834/1836] vsr_326_326
2026-08-17 19:52:08,726 INFO [refresh_grounding_cache] [1835/1836] vsr_334_334
2026-08-17 19:52:14,108 INFO [refresh_grounding_cache] [1836/1836] vsr_336_336
2026-08-17 19:52:19,894 INFO [refresh_grounding_cache] Refresh finished in 8649.9s with 7 failures
