2026-08-17 19:52:21,439 INFO [refresh_grounding_cache] Model=gemma4_e4b shard=1/4 completed=0 pending=1787
2026-08-17 19:52:21,439 INFO [refresh_grounding_cache] One grounding pass per pending row; max_new_tokens=512
2026-08-17 19:52:21,439 INFO [refresh_grounding_cache] Output=outputs/teacher_core_grounding512/teacher_gemma4_e4b_all_all_shard01-of-04.jsonl
2026-08-17 19:52:25,528 INFO [sentence_transformers.base.model] Loading SentenceTransformer model from /home/models/all-MiniLM-L6-v2.
Loading weights:   0%|          | 0/103 [00:00<?, ?it/s]Loading weights: 100%|██████████| 103/103 [00:00<00:00, 36735.83it/s]
[1mBertModel LOAD REPORT[0m from: /home/models/all-MiniLM-L6-v2
Key                     | Status     |  | 
------------------------+------------+--+-
embeddings.position_ids | UNEXPECTED |  | 

Notes:
- UNEXPECTED:	can be ignored when loading from different task/architecture; not ok if you expect identical arch.
2026-08-17 19:52:25,832 INFO [proactive.features.semantic] Loaded SemanticMatcher from local dir: /home/models/all-MiniLM-L6-v2
Loading weights:   0%|          | 0/2076 [00:00<?, ?it/s]Loading weights:  20%|█▉        | 405/2076 [00:00<00:00, 4039.20it/s]Loading weights:  39%|███▉      | 809/2076 [00:01<00:02, 542.56it/s] Loading weights:  48%|████▊     | 996/2076 [00:01<00:02, 490.44it/s]Loading weights:  54%|█████▍    | 1116/2076 [00:02<00:02, 466.20it/s]Loading weights:  58%|█████▊    | 1204/2076 [00:02<00:01, 459.97it/s]Loading weights:  61%|██████▏   | 1276/2076 [00:02<00:01, 440.49it/s]Loading weights:  64%|██████▍   | 1336/2076 [00:02<00:01, 411.89it/s]Loading weights:  67%|██████▋   | 1387/2076 [00:02<00:01, 408.69it/s]Loading weights:  69%|██████▉   | 1434/2076 [00:02<00:01, 412.55it/s]Loading weights:  83%|████████▎ | 1724/2076 [00:03<00:00, 876.62it/s]Loading weights: 100%|█████████▉| 2072/2076 [00:03<00:00, 1424.18it/s]Loading weights: 100%|██████████| 2076/2076 [00:03<00:00, 665.87it/s] 
2026-08-17 19:52:31,812 INFO [refresh_grounding_cache] [1/1787] hallusionbench_17_17
The following generation flags are not valid and may be ignored: ['top_p', 'top_k']. Set `TRANSFORMERS_VERBOSITY=info` for more details.
2026-08-17 19:52:39,442 INFO [refresh_grounding_cache] [2/1787] hallusionbench_21_21
2026-08-17 19:52:48,490 INFO [refresh_grounding_cache] [3/1787] hallusionbench_32_32
2026-08-17 19:52:58,312 INFO [refresh_grounding_cache] [4/1787] hallusionbench_36_36
2026-08-17 19:53:08,692 INFO [refresh_grounding_cache] [5/1787] hallusionbench_44_44
2026-08-17 19:53:17,956 INFO [refresh_grounding_cache] [6/1787] hallusionbench_47_47
2026-08-17 19:53:23,704 INFO [refresh_grounding_cache] [7/1787] hallusionbench_51_51
2026-08-17 19:53:32,518 INFO [refresh_grounding_cache] [8/1787] hallusionbench_60_60
2026-08-17 19:53:36,908 INFO [refresh_grounding_cache] [9/1787] hallusionbench_71_71
2026-08-17 19:53:52,445 INFO [refresh_grounding_cache] [10/1787] hallusionbench_82_82
2026-08-17 19:53:59,685 INFO [refresh_grounding_cache] [11/1787] hallusionbench_98_98
2026-08-17 19:54:09,540 INFO [refresh_grounding_cache] [12/1787] hallusionbench_99_99
2026-08-17 19:54:21,262 INFO [refresh_grounding_cache] [13/1787] hallusionbench_108_108
2026-08-17 19:54:26,219 INFO [refresh_grounding_cache] [14/1787] hallusionbench_126_126
2026-08-17 19:54:33,575 INFO [refresh_grounding_cache] [15/1787] hallusionbench_128_128
2026-08-17 19:54:40,373 INFO [refresh_grounding_cache] [16/1787] hallusionbench_129_129
2026-08-17 19:54:49,146 INFO [refresh_grounding_cache] [17/1787] hallusionbench_135_135
2026-08-17 19:54:56,344 INFO [refresh_grounding_cache] [18/1787] hallusionbench_136_136
2026-08-17 19:55:02,292 INFO [refresh_grounding_cache] [19/1787] hallusionbench_141_141
2026-08-17 19:55:14,388 INFO [refresh_grounding_cache] [20/1787] hallusionbench_149_149
2026-08-17 19:55:19,504 INFO [refresh_grounding_cache] [21/1787] hallusionbench_172_172
2026-08-17 19:55:50,920 ERROR [refresh_grounding_cache] Grounding refresh failed for hallusionbench_172_172: Missing FINAL_ANSWER tag and unable to resolve valid final answer
Traceback (most recent call last):
  File "/home/aman/ProActive/scripts/refresh_grounding_cache.py", line 403, in main
    raise ValueError(observation.invalid_reason or "invalid grounding refresh")
ValueError: Missing FINAL_ANSWER tag and unable to resolve valid final answer
2026-08-17 19:55:50,921 INFO [refresh_grounding_cache] [22/1787] hallusionbench_192_192
2026-08-17 19:56:05,181 INFO [refresh_grounding_cache] [23/1787] hallusionbench_197_197
2026-08-17 19:56:20,093 INFO [refresh_grounding_cache] [24/1787] hallusionbench_204_204
2026-08-17 19:56:26,616 INFO [refresh_grounding_cache] [25/1787] hallusionbench_209_209
2026-08-17 19:56:32,656 INFO [refresh_grounding_cache] [26/1787] hallusionbench_214_214
2026-08-17 19:56:42,029 INFO [refresh_grounding_cache] [27/1787] hallusionbench_220_220
2026-08-17 19:56:52,125 INFO [refresh_grounding_cache] [28/1787] hallusionbench_222_222
2026-08-17 19:57:00,240 INFO [refresh_grounding_cache] [29/1787] hallusionbench_227_227
2026-08-17 19:57:05,087 ERROR [refresh_grounding_cache] Grounding refresh failed for hallusionbench_227_227: Binary dataset answer not in valid domain: 'Germany' -> 'unknown'
Traceback (most recent call last):
  File "/home/aman/ProActive/scripts/refresh_grounding_cache.py", line 403, in main
    raise ValueError(observation.invalid_reason or "invalid grounding refresh")
ValueError: Binary dataset answer not in valid domain: 'Germany' -> 'unknown'
2026-08-17 19:57:05,087 INFO [refresh_grounding_cache] [30/1787] hallusionbench_231_231
2026-08-17 19:57:10,704 INFO [refresh_grounding_cache] [31/1787] hallusionbench_244_244
2026-08-17 19:57:20,268 INFO [refresh_grounding_cache] [32/1787] hallusionbench_248_248
2026-08-17 19:57:25,924 ERROR [refresh_grounding_cache] Grounding refresh failed for hallusionbench_248_248: Binary dataset answer not in valid domain: 'Florida' -> 'unknown'
Traceback (most recent call last):
  File "/home/aman/ProActive/scripts/refresh_grounding_cache.py", line 403, in main
    raise ValueError(observation.invalid_reason or "invalid grounding refresh")
ValueError: Binary dataset answer not in valid domain: 'Florida' -> 'unknown'
2026-08-17 19:57:25,925 INFO [refresh_grounding_cache] [33/1787] hallusionbench_253_253
2026-08-17 19:57:32,473 INFO [refresh_grounding_cache] [34/1787] hallusionbench_261_261
2026-08-17 19:57:53,208 INFO [refresh_grounding_cache] [35/1787] hallusionbench_264_264
2026-08-17 19:58:01,939 INFO [refresh_grounding_cache] [36/1787] hallusionbench_268_268
2026-08-17 19:58:10,561 INFO [refresh_grounding_cache] [37/1787] hallusionbench_272_272
2026-08-17 19:58:18,709 INFO [refresh_grounding_cache] [38/1787] hallusionbench_278_278
2026-08-17 19:58:27,065 INFO [refresh_grounding_cache] [39/1787] hallusionbench_287_287
2026-08-17 19:58:35,937 INFO [refresh_grounding_cache] [40/1787] hallusionbench_299_299
2026-08-17 19:58:40,594 INFO [refresh_grounding_cache] [41/1787] hallusionbench_301_301
2026-08-17 19:58:45,818 INFO [refresh_grounding_cache] [42/1787] hallusionbench_302_302
2026-08-17 19:58:50,541 INFO [refresh_grounding_cache] [43/1787] hallusionbench_303_303
2026-08-17 19:58:55,298 INFO [refresh_grounding_cache] [44/1787] hallusionbench_304_304
2026-08-17 19:59:00,422 INFO [refresh_grounding_cache] [45/1787] hallusionbench_305_305
2026-08-17 19:59:05,587 INFO [refresh_grounding_cache] [46/1787] hallusionbench_312_312
2026-08-17 19:59:10,561 INFO [refresh_grounding_cache] [47/1787] hallusionbench_323_323
2026-08-17 19:59:16,492 INFO [refresh_grounding_cache] [48/1787] hallusionbench_327_327
2026-08-17 19:59:22,832 INFO [refresh_grounding_cache] [49/1787] hallusionbench_328_328
2026-08-17 19:59:29,355 INFO [refresh_grounding_cache] [50/1787] hallusionbench_330_330
2026-08-17 19:59:36,128 INFO [refresh_grounding_cache] [51/1787] hallusionbench_333_333
2026-08-17 19:59:42,751 INFO [refresh_grounding_cache] [52/1787] hallusionbench_335_335
2026-08-17 19:59:50,333 INFO [refresh_grounding_cache] [53/1787] hallusionbench_360_360
2026-08-17 19:59:57,239 INFO [refresh_grounding_cache] [54/1787] hallusionbench_366_366
2026-08-17 20:00:00,588 INFO [refresh_grounding_cache] [55/1787] hallusionbench_367_367
2026-08-17 20:00:03,954 INFO [refresh_grounding_cache] [56/1787] hallusionbench_368_368
2026-08-17 20:00:08,194 INFO [refresh_grounding_cache] [57/1787] hallusionbench_379_379
2026-08-17 20:00:12,701 INFO [refresh_grounding_cache] [58/1787] hallusionbench_383_383
2026-08-17 20:00:21,307 INFO [refresh_grounding_cache] [59/1787] hallusionbench_396_396
2026-08-17 20:00:27,614 INFO [refresh_grounding_cache] [60/1787] hallusionbench_402_402
2026-08-17 20:00:31,163 INFO [refresh_grounding_cache] [61/1787] hallusionbench_404_404
2026-08-17 20:00:34,770 INFO [refresh_grounding_cache] [62/1787] hallusionbench_415_415
2026-08-17 20:00:40,927 INFO [refresh_grounding_cache] [63/1787] hallusionbench_428_428
2026-08-17 20:00:46,408 INFO [refresh_grounding_cache] [64/1787] hallusionbench_432_432
2026-08-17 20:00:51,790 INFO [refresh_grounding_cache] [65/1787] hallusionbench_440_440
2026-08-17 20:00:55,573 INFO [refresh_grounding_cache] [66/1787] hallusionbench_449_449
2026-08-17 20:00:59,738 INFO [refresh_grounding_cache] [67/1787] hallusionbench_465_465
2026-08-17 20:01:05,128 INFO [refresh_grounding_cache] [68/1787] hallusionbench_471_471
2026-08-17 20:01:12,976 INFO [refresh_grounding_cache] [69/1787] hallusionbench_474_474
2026-08-17 20:01:17,749 INFO [refresh_grounding_cache] [70/1787] hallusionbench_479_479
2026-08-17 20:01:23,631 INFO [refresh_grounding_cache] [71/1787] hallusionbench_481_481
2026-08-17 20:01:30,387 INFO [refresh_grounding_cache] [72/1787] hallusionbench_489_489
2026-08-17 20:01:39,860 INFO [refresh_grounding_cache] [73/1787] hallusionbench_493_493
2026-08-17 20:01:45,991 INFO [refresh_grounding_cache] [74/1787] hallusionbench_495_495
2026-08-17 20:01:53,981 INFO [refresh_grounding_cache] [75/1787] hallusionbench_499_499
2026-08-17 20:02:04,478 INFO [refresh_grounding_cache] [76/1787] hallusionbench_501_501
2026-08-17 20:02:16,832 INFO [refresh_grounding_cache] [77/1787] hallusionbench_506_506
2026-08-17 20:02:27,562 INFO [refresh_grounding_cache] [78/1787] hallusionbench_516_516
2026-08-17 20:02:31,586 INFO [refresh_grounding_cache] [79/1787] hallusionbench_517_517
2026-08-17 20:02:36,985 INFO [refresh_grounding_cache] [80/1787] hallusionbench_528_528
2026-08-17 20:02:40,559 INFO [refresh_grounding_cache] [81/1787] hallusionbench_535_535
2026-08-17 20:02:47,507 INFO [refresh_grounding_cache] [82/1787] hallusionbench_544_544
2026-08-17 20:02:52,289 INFO [refresh_grounding_cache] [83/1787] hallusionbench_548_548
2026-08-17 20:02:56,296 INFO [refresh_grounding_cache] [84/1787] hallusionbench_550_550
2026-08-17 20:03:00,611 INFO [refresh_grounding_cache] [85/1787] hallusionbench_551_551
2026-08-17 20:03:05,818 INFO [refresh_grounding_cache] [86/1787] hallusionbench_553_553
2026-08-17 20:03:09,467 INFO [refresh_grounding_cache] [87/1787] hallusionbench_557_557
2026-08-17 20:03:14,241 INFO [refresh_grounding_cache] [88/1787] hallusionbench_576_576
2026-08-17 20:03:17,523 INFO [refresh_grounding_cache] [89/1787] hallusionbench_577_577
2026-08-17 20:03:21,264 INFO [refresh_grounding_cache] [90/1787] hallusionbench_583_583
2026-08-17 20:03:24,738 INFO [refresh_grounding_cache] [91/1787] hallusionbench_584_584
2026-08-17 20:03:28,604 INFO [refresh_grounding_cache] [92/1787] hallusionbench_591_591
2026-08-17 20:03:32,561 INFO [refresh_grounding_cache] [93/1787] hallusionbench_592_592
2026-08-17 20:03:36,652 INFO [refresh_grounding_cache] [94/1787] hallusionbench_596_596
2026-08-17 20:03:40,568 INFO [refresh_grounding_cache] [95/1787] hallusionbench_598_598
2026-08-17 20:03:43,817 INFO [refresh_grounding_cache] [96/1787] hallusionbench_599_599
2026-08-17 20:03:47,158 INFO [refresh_grounding_cache] [97/1787] hallusionbench_602_602
2026-08-17 20:03:53,914 INFO [refresh_grounding_cache] [98/1787] hallusionbench_603_603
2026-08-17 20:04:01,720 INFO [refresh_grounding_cache] [99/1787] hallusionbench_605_605
2026-08-17 20:04:13,758 INFO [refresh_grounding_cache] [100/1787] hallusionbench_608_608
2026-08-17 20:04:15,699 INFO [refresh_grounding_cache] [101/1787] hallusionbench_610_610
2026-08-17 20:04:17,740 INFO [refresh_grounding_cache] [102/1787] hallusionbench_615_615
2026-08-17 20:04:19,881 INFO [refresh_grounding_cache] [103/1787] hallusionbench_618_618
2026-08-17 20:04:24,305 INFO [refresh_grounding_cache] [104/1787] hallusionbench_621_621
2026-08-17 20:04:29,770 INFO [refresh_grounding_cache] [105/1787] hallusionbench_626_626
2026-08-17 20:04:34,052 INFO [refresh_grounding_cache] [106/1787] hallusionbench_627_627
2026-08-17 20:04:43,357 INFO [refresh_grounding_cache] [107/1787] hallusionbench_631_631
2026-08-17 20:04:50,922 INFO [refresh_grounding_cache] [108/1787] hallusionbench_634_634
2026-08-17 20:04:55,121 INFO [refresh_grounding_cache] [109/1787] hallusionbench_636_636
2026-08-17 20:04:58,995 INFO [refresh_grounding_cache] [110/1787] hallusionbench_641_641
2026-08-17 20:05:03,260 INFO [refresh_grounding_cache] [111/1787] hallusionbench_646_646
2026-08-17 20:05:06,759 INFO [refresh_grounding_cache] [112/1787] hallusionbench_649_649
2026-08-17 20:05:10,283 INFO [refresh_grounding_cache] [113/1787] hallusionbench_655_655
2026-08-17 20:05:14,241 INFO [refresh_grounding_cache] [114/1787] hallusionbench_657_657
2026-08-17 20:05:18,123 INFO [refresh_grounding_cache] [115/1787] hallusionbench_665_665
2026-08-17 20:05:21,830 INFO [refresh_grounding_cache] [116/1787] hallusionbench_669_669
2026-08-17 20:05:24,613 INFO [refresh_grounding_cache] [117/1787] hallusionbench_670_670
2026-08-17 20:05:28,703 INFO [refresh_grounding_cache] [118/1787] hallusionbench_674_674
2026-08-17 20:05:34,343 INFO [refresh_grounding_cache] [119/1787] hallusionbench_675_675
2026-08-17 20:05:39,475 INFO [refresh_grounding_cache] [120/1787] hallusionbench_679_679
2026-08-17 20:05:50,747 INFO [refresh_grounding_cache] [121/1787] hallusionbench_680_680
2026-08-17 20:05:54,380 INFO [refresh_grounding_cache] [122/1787] hallusionbench_692_692
2026-08-17 20:06:24,815 ERROR [refresh_grounding_cache] Grounding refresh failed for hallusionbench_692_692: Missing FINAL_ANSWER tag and unable to resolve valid final answer
Traceback (most recent call last):
  File "/home/aman/ProActive/scripts/refresh_grounding_cache.py", line 403, in main
    raise ValueError(observation.invalid_reason or "invalid grounding refresh")
ValueError: Missing FINAL_ANSWER tag and unable to resolve valid final answer
2026-08-17 20:06:24,816 INFO [refresh_grounding_cache] [123/1787] hallusionbench_697_697
2026-08-17 20:06:48,030 INFO [refresh_grounding_cache] [124/1787] hallusionbench_708_708
2026-08-17 20:06:51,962 INFO [refresh_grounding_cache] [125/1787] hallusionbench_709_709
2026-08-17 20:06:55,245 INFO [refresh_grounding_cache] [126/1787] hallusionbench_712_712
2026-08-17 20:07:09,065 INFO [refresh_grounding_cache] [127/1787] hallusionbench_716_716
2026-08-17 20:07:18,438 INFO [refresh_grounding_cache] [128/1787] hallusionbench_717_717
2026-08-17 20:07:48,833 ERROR [refresh_grounding_cache] Grounding refresh failed for hallusionbench_717_717: Missing FINAL_ANSWER tag and unable to resolve valid final answer
Traceback (most recent call last):
  File "/home/aman/ProActive/scripts/refresh_grounding_cache.py", line 403, in main
    raise ValueError(observation.invalid_reason or "invalid grounding refresh")
ValueError: Missing FINAL_ANSWER tag and unable to resolve valid final answer
2026-08-17 20:07:48,834 INFO [refresh_grounding_cache] [129/1787] hallusionbench_721_721
2026-08-17 20:07:52,661 INFO [refresh_grounding_cache] [130/1787] hallusionbench_730_730
2026-08-17 20:07:56,793 INFO [refresh_grounding_cache] [131/1787] hallusionbench_737_737
2026-08-17 20:08:09,789 INFO [refresh_grounding_cache] [132/1787] hallusionbench_741_741
2026-08-17 20:08:24,634 INFO [refresh_grounding_cache] [133/1787] hallusionbench_743_743
2026-08-17 20:08:55,285 ERROR [refresh_grounding_cache] Grounding refresh failed for hallusionbench_743_743: Missing FINAL_ANSWER tag and unable to resolve valid final answer
Traceback (most recent call last):
  File "/home/aman/ProActive/scripts/refresh_grounding_cache.py", line 403, in main
    raise ValueError(observation.invalid_reason or "invalid grounding refresh")
ValueError: Missing FINAL_ANSWER tag and unable to resolve valid final answer
2026-08-17 20:08:55,286 INFO [refresh_grounding_cache] [134/1787] hallusionbench_747_747
2026-08-17 20:09:09,855 INFO [refresh_grounding_cache] [135/1787] hallusionbench_760_760
2026-08-17 20:09:16,070 INFO [refresh_grounding_cache] [136/1787] hallusionbench_761_761
2026-08-17 20:09:28,716 INFO [refresh_grounding_cache] [137/1787] hallusionbench_763_763
2026-08-17 20:09:40,637 INFO [refresh_grounding_cache] [138/1787] hallusionbench_769_769
2026-08-17 20:09:53,192 INFO [refresh_grounding_cache] [139/1787] hallusionbench_770_770
2026-08-17 20:10:07,888 INFO [refresh_grounding_cache] [140/1787] hallusionbench_771_771
2026-08-17 20:10:18,809 INFO [refresh_grounding_cache] [141/1787] hallusionbench_772_772
2026-08-17 20:10:30,597 INFO [refresh_grounding_cache] [142/1787] hallusionbench_773_773
2026-08-17 20:10:48,617 INFO [refresh_grounding_cache] [143/1787] hallusionbench_774_774
2026-08-17 20:11:04,487 INFO [refresh_grounding_cache] [144/1787] hallusionbench_775_775
2026-08-17 20:11:14,401 INFO [refresh_grounding_cache] [145/1787] hallusionbench_777_777
2026-08-17 20:11:23,756 INFO [refresh_grounding_cache] [146/1787] hallusionbench_785_785
2026-08-17 20:11:54,259 ERROR [refresh_grounding_cache] Grounding refresh failed for hallusionbench_785_785: Missing FINAL_ANSWER tag and unable to resolve valid final answer
Traceback (most recent call last):
  File "/home/aman/ProActive/scripts/refresh_grounding_cache.py", line 403, in main
    raise ValueError(observation.invalid_reason or "invalid grounding refresh")
ValueError: Missing FINAL_ANSWER tag and unable to resolve valid final answer
2026-08-17 20:11:54,259 INFO [refresh_grounding_cache] [147/1787] hallusionbench_787_787
2026-08-17 20:12:06,843 INFO [refresh_grounding_cache] [148/1787] hallusionbench_792_792
2026-08-17 20:12:12,675 INFO [refresh_grounding_cache] [149/1787] hallusionbench_796_796
2026-08-17 20:12:17,749 INFO [refresh_grounding_cache] [150/1787] hallusionbench_798_798
2026-08-17 20:12:22,381 INFO [refresh_grounding_cache] [151/1787] hallusionbench_805_805
2026-08-17 20:12:29,487 INFO [refresh_grounding_cache] [152/1787] hallusionbench_809_809
2026-08-17 20:12:34,993 INFO [refresh_grounding_cache] [153/1787] hallusionbench_814_814
2026-08-17 20:12:38,909 INFO [refresh_grounding_cache] [154/1787] hallusionbench_815_815
2026-08-17 20:12:45,032 INFO [refresh_grounding_cache] [155/1787] hallusionbench_825_825
2026-08-17 20:12:49,473 INFO [refresh_grounding_cache] [156/1787] hallusionbench_827_827
2026-08-17 20:12:53,755 INFO [refresh_grounding_cache] [157/1787] hallusionbench_830_830
2026-08-17 20:12:57,504 INFO [refresh_grounding_cache] [158/1787] hallusionbench_832_832
2026-08-17 20:13:02,778 INFO [refresh_grounding_cache] [159/1787] hallusionbench_833_833
2026-08-17 20:13:06,393 INFO [refresh_grounding_cache] [160/1787] hallusionbench_837_837
2026-08-17 20:13:10,000 INFO [refresh_grounding_cache] [161/1787] hallusionbench_838_838
2026-08-17 20:13:14,016 INFO [refresh_grounding_cache] [162/1787] hallusionbench_840_840
2026-08-17 20:13:18,265 INFO [refresh_grounding_cache] [163/1787] hallusionbench_846_846
2026-08-17 20:13:23,422 INFO [refresh_grounding_cache] [164/1787] hallusionbench_848_848
2026-08-17 20:13:27,221 INFO [refresh_grounding_cache] [165/1787] hallusionbench_852_852
2026-08-17 20:13:31,678 INFO [refresh_grounding_cache] [166/1787] hallusionbench_853_853
2026-08-17 20:13:36,835 INFO [refresh_grounding_cache] [167/1787] hallusionbench_854_854
2026-08-17 20:13:41,017 INFO [refresh_grounding_cache] [168/1787] hallusionbench_861_861
2026-08-17 20:13:44,641 INFO [refresh_grounding_cache] [169/1787] hallusionbench_863_863
2026-08-17 20:13:48,848 INFO [refresh_grounding_cache] [170/1787] hallusionbench_865_865
2026-08-17 20:13:53,797 INFO [refresh_grounding_cache] [171/1787] hallusionbench_868_868
2026-08-17 20:13:58,654 INFO [refresh_grounding_cache] [172/1787] hallusionbench_873_873
2026-08-17 20:14:05,169 INFO [refresh_grounding_cache] [173/1787] hallusionbench_875_875
2026-08-17 20:14:13,550 INFO [refresh_grounding_cache] [174/1787] hallusionbench_882_882
2026-08-17 20:14:19,032 INFO [refresh_grounding_cache] [175/1787] hallusionbench_888_888
2026-08-17 20:14:23,755 INFO [refresh_grounding_cache] [176/1787] hallusionbench_896_896
2026-08-17 20:14:27,463 INFO [refresh_grounding_cache] [177/1787] hallusionbench_899_899
2026-08-17 20:14:32,311 INFO [refresh_grounding_cache] [178/1787] hallusionbench_902_902
2026-08-17 20:14:37,068 INFO [refresh_grounding_cache] [179/1787] hallusionbench_905_905
2026-08-17 20:14:41,825 INFO [refresh_grounding_cache] [180/1787] hallusionbench_906_906
2026-08-17 20:14:45,674 INFO [refresh_grounding_cache] [181/1787] hallusionbench_909_909
2026-08-17 20:14:49,507 INFO [refresh_grounding_cache] [182/1787] hallusionbench_914_914
2026-08-17 20:14:54,705 INFO [refresh_grounding_cache] [183/1787] hallusionbench_916_916
2026-08-17 20:14:58,929 INFO [refresh_grounding_cache] [184/1787] hallusionbench_918_918
2026-08-17 20:15:03,961 INFO [refresh_grounding_cache] [185/1787] hallusionbench_926_926
2026-08-17 20:15:08,918 INFO [refresh_grounding_cache] [186/1787] hallusionbench_931_931
2026-08-17 20:15:15,300 INFO [refresh_grounding_cache] [187/1787] hallusionbench_932_932
2026-08-17 20:15:20,415 INFO [refresh_grounding_cache] [188/1787] hallusionbench_938_938
2026-08-17 20:15:25,913 INFO [refresh_grounding_cache] [189/1787] hallusionbench_942_942
2026-08-17 20:15:30,937 INFO [refresh_grounding_cache] [190/1787] hallusionbench_962_962
2026-08-17 20:15:35,186 INFO [refresh_grounding_cache] [191/1787] hallusionbench_964_964
2026-08-17 20:15:41,901 INFO [refresh_grounding_cache] [192/1787] hallusionbench_981_981
2026-08-17 20:15:51,065 INFO [refresh_grounding_cache] [193/1787] hallusionbench_985_985
2026-08-17 20:16:08,101 INFO [refresh_grounding_cache] [194/1787] hallusionbench_987_987
2026-08-17 20:16:15,824 INFO [refresh_grounding_cache] [195/1787] hallusionbench_989_989
2026-08-17 20:16:27,870 INFO [refresh_grounding_cache] [196/1787] hallusionbench_991_991
2026-08-17 20:16:32,969 INFO [refresh_grounding_cache] [197/1787] hallusionbench_998_998
2026-08-17 20:16:41,441 INFO [refresh_grounding_cache] [198/1787] hallusionbench_1001_1001
2026-08-17 20:16:50,405 INFO [refresh_grounding_cache] [199/1787] hallusionbench_1004_1004
2026-08-17 20:16:57,728 INFO [refresh_grounding_cache] [200/1787] hallusionbench_1007_1007
2026-08-17 20:17:03,793 INFO [refresh_grounding_cache] [201/1787] hallusionbench_1013_1013
2026-08-17 20:17:10,158 INFO [refresh_grounding_cache] [202/1787] hallusionbench_1023_1023
2026-08-17 20:17:14,715 INFO [refresh_grounding_cache] [203/1787] hallusionbench_1026_1026
2026-08-17 20:17:28,419 INFO [refresh_grounding_cache] [204/1787] hallusionbench_1030_1030
2026-08-17 20:17:53,628 INFO [refresh_grounding_cache] [205/1787] hallusionbench_1032_1032
2026-08-17 20:18:10,006 INFO [refresh_grounding_cache] [206/1787] hallusionbench_1035_1035
2026-08-17 20:18:13,014 INFO [refresh_grounding_cache] [207/1787] hallusionbench_1036_1036
2026-08-17 20:18:16,130 INFO [refresh_grounding_cache] [208/1787] hallusionbench_1038_1038
2026-08-17 20:18:19,062 INFO [refresh_grounding_cache] [209/1787] hallusionbench_1041_1041
2026-08-17 20:18:21,620 INFO [refresh_grounding_cache] [210/1787] hallusionbench_1043_1043
2026-08-17 20:18:25,893 INFO [refresh_grounding_cache] [211/1787] hallusionbench_1057_1057
2026-08-17 20:18:29,343 INFO [refresh_grounding_cache] [212/1787] hallusionbench_1065_1065
2026-08-17 20:18:32,017 INFO [refresh_grounding_cache] [213/1787] hallusionbench_1070_1070
2026-08-17 20:18:36,540 INFO [refresh_grounding_cache] [214/1787] hallusionbench_1072_1072
2026-08-17 20:18:39,523 INFO [refresh_grounding_cache] [215/1787] hallusionbench_1083_1083
2026-08-17 20:18:44,446 INFO [refresh_grounding_cache] [216/1787] hallusionbench_1089_1089
2026-08-17 20:18:47,979 INFO [refresh_grounding_cache] [217/1787] hallusionbench_1090_1090
2026-08-17 20:18:51,561 INFO [refresh_grounding_cache] [218/1787] hallusionbench_1092_1092
2026-08-17 20:18:55,568 INFO [refresh_grounding_cache] [219/1787] hallusionbench_1101_1101
2026-08-17 20:18:59,442 INFO [refresh_grounding_cache] [220/1787] hallusionbench_1103_1103
2026-08-17 20:19:03,316 INFO [refresh_grounding_cache] [221/1787] hallusionbench_1104_1104
2026-08-17 20:19:07,323 INFO [refresh_grounding_cache] [222/1787] hallusionbench_1108_1108
2026-08-17 20:19:11,796 INFO [refresh_grounding_cache] [223/1787] hallusionbench_1126_1126
2026-08-17 20:19:16,395 INFO [refresh_grounding_cache] [224/1787] pope_random_0_random_0
2026-08-17 20:19:20,052 INFO [refresh_grounding_cache] [225/1787] pope_random_3_random_3
2026-08-17 20:19:23,435 INFO [refresh_grounding_cache] [226/1787] pope_random_13_random_13
2026-08-17 20:19:27,916 INFO [refresh_grounding_cache] [227/1787] pope_random_22_random_22
2026-08-17 20:19:32,973 INFO [refresh_grounding_cache] [228/1787] pope_random_23_random_23
2026-08-17 20:19:37,030 INFO [refresh_grounding_cache] [229/1787] pope_random_25_random_25
2026-08-17 20:19:41,529 INFO [refresh_grounding_cache] [230/1787] pope_random_26_random_26
2026-08-17 20:19:46,927 INFO [refresh_grounding_cache] [231/1787] pope_random_29_random_29
2026-08-17 20:19:51,051 INFO [refresh_grounding_cache] [232/1787] pope_random_37_random_37
2026-08-17 20:19:54,867 INFO [refresh_grounding_cache] [233/1787] pope_random_39_random_39
2026-08-17 20:19:59,041 INFO [refresh_grounding_cache] [234/1787] pope_random_43_random_43
2026-08-17 20:20:02,881 INFO [refresh_grounding_cache] [235/1787] pope_random_57_random_57
2026-08-17 20:20:07,004 INFO [refresh_grounding_cache] [236/1787] pope_random_63_random_63
2026-08-17 20:20:11,212 INFO [refresh_grounding_cache] [237/1787] pope_random_67_random_67
2026-08-17 20:20:16,593 INFO [refresh_grounding_cache] [238/1787] pope_random_70_random_70
2026-08-17 20:20:21,342 INFO [refresh_grounding_cache] [239/1787] pope_random_72_random_72
2026-08-17 20:20:25,133 INFO [refresh_grounding_cache] [240/1787] pope_random_73_random_73
2026-08-17 20:20:27,815 INFO [refresh_grounding_cache] [241/1787] pope_random_78_random_78
2026-08-17 20:20:32,314 INFO [refresh_grounding_cache] [242/1787] pope_random_81_random_81
2026-08-17 20:20:36,713 INFO [refresh_grounding_cache] [243/1787] pope_random_84_random_84
2026-08-17 20:20:40,528 INFO [refresh_grounding_cache] [244/1787] pope_random_101_random_101
2026-08-17 20:20:44,011 INFO [refresh_grounding_cache] [245/1787] pope_random_113_random_113
2026-08-17 20:20:48,343 INFO [refresh_grounding_cache] [246/1787] pope_random_115_random_115
2026-08-17 20:20:51,750 INFO [refresh_grounding_cache] [247/1787] pope_random_116_random_116
2026-08-17 20:20:55,066 INFO [refresh_grounding_cache] [248/1787] pope_random_118_random_118
2026-08-17 20:20:58,307 INFO [refresh_grounding_cache] [249/1787] pope_random_124_random_124
2026-08-17 20:21:02,047 INFO [refresh_grounding_cache] [250/1787] pope_random_127_random_127
2026-08-17 20:21:06,204 INFO [refresh_grounding_cache] [251/1787] pope_random_128_random_128
2026-08-17 20:21:09,803 INFO [refresh_grounding_cache] [252/1787] pope_random_129_random_129
2026-08-17 20:21:13,602 INFO [refresh_grounding_cache] [253/1787] pope_random_137_random_137
2026-08-17 20:21:17,368 INFO [refresh_grounding_cache] [254/1787] pope_random_138_random_138
2026-08-17 20:21:20,384 INFO [refresh_grounding_cache] [255/1787] pope_random_139_random_139
2026-08-17 20:21:23,833 INFO [refresh_grounding_cache] [256/1787] pope_random_141_random_141
2026-08-17 20:21:27,257 INFO [refresh_grounding_cache] [257/1787] pope_random_143_random_143
2026-08-17 20:21:31,256 INFO [refresh_grounding_cache] [258/1787] pope_random_145_random_145
2026-08-17 20:21:34,897 INFO [refresh_grounding_cache] [259/1787] pope_random_147_random_147
2026-08-17 20:21:38,571 INFO [refresh_grounding_cache] [260/1787] pope_random_154_random_154
2026-08-17 20:21:43,003 INFO [refresh_grounding_cache] [261/1787] pope_random_158_random_158
2026-08-17 20:21:47,418 INFO [refresh_grounding_cache] [262/1787] pope_random_161_random_161
2026-08-17 20:21:53,141 INFO [refresh_grounding_cache] [263/1787] pope_random_165_random_165
2026-08-17 20:21:56,707 INFO [refresh_grounding_cache] [264/1787] pope_random_166_random_166
2026-08-17 20:22:00,539 INFO [refresh_grounding_cache] [265/1787] pope_random_174_random_174
2026-08-17 20:22:04,496 INFO [refresh_grounding_cache] [266/1787] pope_random_175_random_175
2026-08-17 20:22:08,304 INFO [refresh_grounding_cache] [267/1787] pope_random_176_random_176
2026-08-17 20:22:12,494 INFO [refresh_grounding_cache] [268/1787] pope_random_179_random_179
2026-08-17 20:22:15,635 INFO [refresh_grounding_cache] [269/1787] pope_random_183_random_183
2026-08-17 20:22:19,709 INFO [refresh_grounding_cache] [270/1787] pope_random_184_random_184
2026-08-17 20:22:24,974 INFO [refresh_grounding_cache] [271/1787] pope_random_194_random_194
2026-08-17 20:22:28,848 INFO [refresh_grounding_cache] [272/1787] pope_random_197_random_197
2026-08-17 20:22:32,914 INFO [refresh_grounding_cache] [273/1787] pope_random_203_random_203
2026-08-17 20:22:37,096 INFO [refresh_grounding_cache] [274/1787] pope_random_208_random_208
2026-08-17 20:22:41,578 INFO [refresh_grounding_cache] [275/1787] pope_random_219_random_219
2026-08-17 20:22:45,369 INFO [refresh_grounding_cache] [276/1787] pope_random_223_random_223
2026-08-17 20:22:49,759 INFO [refresh_grounding_cache] [277/1787] pope_random_226_random_226
2026-08-17 20:22:54,466 INFO [refresh_grounding_cache] [278/1787] pope_random_229_random_229
2026-08-17 20:22:58,890 INFO [refresh_grounding_cache] [279/1787] pope_random_230_random_230
2026-08-17 20:23:02,947 INFO [refresh_grounding_cache] [280/1787] pope_random_232_random_232
2026-08-17 20:23:08,071 INFO [refresh_grounding_cache] [281/1787] pope_random_233_random_233
2026-08-17 20:23:12,428 INFO [refresh_grounding_cache] [282/1787] pope_random_234_random_234
2026-08-17 20:23:17,310 INFO [refresh_grounding_cache] [283/1787] pope_random_238_random_238
2026-08-17 20:23:20,042 INFO [refresh_grounding_cache] [284/1787] pope_random_239_random_239
2026-08-17 20:23:23,991 INFO [refresh_grounding_cache] [285/1787] pope_random_240_random_240
2026-08-17 20:23:29,031 INFO [refresh_grounding_cache] [286/1787] pope_random_243_random_243
2026-08-17 20:23:33,255 INFO [refresh_grounding_cache] [287/1787] pope_random_249_random_249
2026-08-17 20:23:36,804 INFO [refresh_grounding_cache] [288/1787] pope_random_252_random_252
2026-08-17 20:23:41,194 INFO [refresh_grounding_cache] [289/1787] pope_random_253_random_253
2026-08-17 20:23:45,577 INFO [refresh_grounding_cache] [290/1787] pope_random_254_random_254
2026-08-17 20:23:50,000 INFO [refresh_grounding_cache] [291/1787] pope_random_258_random_258
2026-08-17 20:23:53,766 INFO [refresh_grounding_cache] [292/1787] pope_random_259_random_259
2026-08-17 20:23:58,164 INFO [refresh_grounding_cache] [293/1787] pope_random_260_random_260
2026-08-17 20:24:02,247 INFO [refresh_grounding_cache] [294/1787] pope_random_262_random_262
2026-08-17 20:24:06,837 INFO [refresh_grounding_cache] [295/1787] pope_random_268_random_268
2026-08-17 20:24:10,878 INFO [refresh_grounding_cache] [296/1787] pope_random_272_random_272
2026-08-17 20:24:15,426 INFO [refresh_grounding_cache] [297/1787] pope_random_280_random_280
2026-08-17 20:24:20,658 INFO [refresh_grounding_cache] [298/1787] pope_random_285_random_285
2026-08-17 20:24:23,732 INFO [refresh_grounding_cache] [299/1787] pope_random_289_random_289
2026-08-17 20:24:28,206 INFO [refresh_grounding_cache] [300/1787] pope_random_295_random_295
2026-08-17 20:24:32,614 INFO [refresh_grounding_cache] [301/1787] pope_random_300_random_300
2026-08-17 20:24:36,946 INFO [refresh_grounding_cache] [302/1787] pope_random_301_random_301
2026-08-17 20:24:40,303 INFO [refresh_grounding_cache] [303/1787] pope_random_304_random_304
2026-08-17 20:24:42,702 INFO [refresh_grounding_cache] [304/1787] pope_random_306_random_306
2026-08-17 20:24:46,926 INFO [refresh_grounding_cache] [305/1787] pope_random_307_random_307
2026-08-17 20:24:51,000 INFO [refresh_grounding_cache] [306/1787] pope_random_310_random_310
2026-08-17 20:24:54,707 INFO [refresh_grounding_cache] [307/1787] pope_random_311_random_311
2026-08-17 20:24:58,864 INFO [refresh_grounding_cache] [308/1787] pope_random_321_random_321
2026-08-17 20:25:03,055 INFO [refresh_grounding_cache] [309/1787] pope_random_323_random_323
2026-08-17 20:25:07,279 INFO [refresh_grounding_cache] [310/1787] pope_random_326_random_326
2026-08-17 20:25:11,394 INFO [refresh_grounding_cache] [311/1787] pope_random_330_random_330
2026-08-17 20:25:14,852 INFO [refresh_grounding_cache] [312/1787] pope_random_331_random_331
2026-08-17 20:25:19,101 INFO [refresh_grounding_cache] [313/1787] pope_random_333_random_333
2026-08-17 20:25:23,716 INFO [refresh_grounding_cache] [314/1787] pope_random_336_random_336
2026-08-17 20:25:27,048 INFO [refresh_grounding_cache] [315/1787] pope_random_342_random_342
2026-08-17 20:25:30,981 INFO [refresh_grounding_cache] [316/1787] pope_random_344_random_344
2026-08-17 20:25:35,471 INFO [refresh_grounding_cache] [317/1787] pope_random_350_random_350
2026-08-17 20:25:38,937 INFO [refresh_grounding_cache] [318/1787] pope_random_353_random_353
2026-08-17 20:25:43,127 INFO [refresh_grounding_cache] [319/1787] pope_random_356_random_356
2026-08-17 20:25:48,409 INFO [refresh_grounding_cache] [320/1787] pope_random_359_random_359
2026-08-17 20:25:52,217 INFO [refresh_grounding_cache] [321/1787] pope_random_368_random_368
2026-08-17 20:25:57,565 INFO [refresh_grounding_cache] [322/1787] pope_random_370_random_370
2026-08-17 20:26:01,248 INFO [refresh_grounding_cache] [323/1787] pope_random_372_random_372
2026-08-17 20:26:05,405 INFO [refresh_grounding_cache] [324/1787] pope_random_377_random_377
2026-08-17 20:26:08,720 INFO [refresh_grounding_cache] [325/1787] pope_random_379_random_379
2026-08-17 20:26:12,337 INFO [refresh_grounding_cache] [326/1787] pope_random_382_random_382
2026-08-17 20:26:16,185 INFO [refresh_grounding_cache] [327/1787] pope_random_383_random_383
2026-08-17 20:26:19,793 INFO [refresh_grounding_cache] [328/1787] pope_random_384_random_384
2026-08-17 20:26:23,308 INFO [refresh_grounding_cache] [329/1787] pope_random_389_random_389
2026-08-17 20:26:27,207 INFO [refresh_grounding_cache] [330/1787] pope_random_395_random_395
2026-08-17 20:26:30,756 INFO [refresh_grounding_cache] [331/1787] pope_random_406_random_406
2026-08-17 20:26:36,329 INFO [refresh_grounding_cache] [332/1787] pope_random_411_random_411
2026-08-17 20:26:39,853 INFO [refresh_grounding_cache] [333/1787] pope_random_425_random_425
2026-08-17 20:26:44,094 INFO [refresh_grounding_cache] [334/1787] pope_random_438_random_438
2026-08-17 20:26:48,593 INFO [refresh_grounding_cache] [335/1787] pope_random_447_random_447
2026-08-17 20:26:51,925 INFO [refresh_grounding_cache] [336/1787] pope_random_450_random_450
2026-08-17 20:26:56,190 INFO [refresh_grounding_cache] [337/1787] pope_random_451_random_451
2026-08-17 20:27:00,464 INFO [refresh_grounding_cache] [338/1787] pope_random_458_random_458
2026-08-17 20:27:04,263 INFO [refresh_grounding_cache] [339/1787] pope_random_462_random_462
2026-08-17 20:27:07,995 INFO [refresh_grounding_cache] [340/1787] pope_random_467_random_467
2026-08-17 20:27:11,994 INFO [refresh_grounding_cache] [341/1787] pope_random_469_random_469
2026-08-17 20:27:16,043 INFO [refresh_grounding_cache] [342/1787] pope_random_470_random_470
2026-08-17 20:27:20,567 INFO [refresh_grounding_cache] [343/1787] pope_random_475_random_475
2026-08-17 20:27:25,615 INFO [refresh_grounding_cache] [344/1787] pope_random_476_random_476
2026-08-17 20:27:31,463 INFO [refresh_grounding_cache] [345/1787] pope_random_488_random_488
2026-08-17 20:27:35,387 INFO [refresh_grounding_cache] [346/1787] pope_random_491_random_491
2026-08-17 20:27:39,328 INFO [refresh_grounding_cache] [347/1787] pope_random_494_random_494
2026-08-17 20:27:42,169 INFO [refresh_grounding_cache] [348/1787] pope_random_517_random_517
2026-08-17 20:27:46,393 INFO [refresh_grounding_cache] [349/1787] pope_random_522_random_522
2026-08-17 20:27:51,008 INFO [refresh_grounding_cache] [350/1787] pope_random_526_random_526
2026-08-17 20:27:56,464 INFO [refresh_grounding_cache] [351/1787] pope_random_528_random_528
2026-08-17 20:28:00,521 INFO [refresh_grounding_cache] [352/1787] pope_random_534_random_534
2026-08-17 20:28:04,395 INFO [refresh_grounding_cache] [353/1787] pope_random_536_random_536
2026-08-17 20:28:08,278 INFO [refresh_grounding_cache] [354/1787] pope_random_546_random_546
2026-08-17 20:28:11,294 INFO [refresh_grounding_cache] [355/1787] pope_random_555_random_555
2026-08-17 20:28:15,501 INFO [refresh_grounding_cache] [356/1787] pope_random_556_random_556
2026-08-17 20:28:19,283 INFO [refresh_grounding_cache] [357/1787] pope_random_562_random_562
2026-08-17 20:28:24,032 INFO [refresh_grounding_cache] [358/1787] pope_random_564_random_564
2026-08-17 20:28:28,031 INFO [refresh_grounding_cache] [359/1787] pope_random_578_random_578
2026-08-17 20:28:31,830 INFO [refresh_grounding_cache] [360/1787] pope_random_582_random_582
2026-08-17 20:28:36,070 INFO [refresh_grounding_cache] [361/1787] pope_random_592_random_592
2026-08-17 20:28:41,443 INFO [refresh_grounding_cache] [362/1787] pope_random_593_random_593
2026-08-17 20:28:45,184 INFO [refresh_grounding_cache] [363/1787] pope_random_600_random_600
2026-08-17 20:28:48,267 INFO [refresh_grounding_cache] [364/1787] pope_random_605_random_605
2026-08-17 20:28:52,099 INFO [refresh_grounding_cache] [365/1787] pope_random_606_random_606
2026-08-17 20:28:55,189 INFO [refresh_grounding_cache] [366/1787] pope_random_613_random_613
2026-08-17 20:28:59,321 INFO [refresh_grounding_cache] [367/1787] pope_random_619_random_619
2026-08-17 20:29:03,154 INFO [refresh_grounding_cache] [368/1787] pope_random_620_random_620
2026-08-17 20:29:08,444 INFO [refresh_grounding_cache] [369/1787] pope_random_621_random_621
2026-08-17 20:29:12,343 INFO [refresh_grounding_cache] [370/1787] pope_random_623_random_623
2026-08-17 20:29:17,150 INFO [refresh_grounding_cache] [371/1787] pope_random_624_random_624
2026-08-17 20:29:22,065 INFO [refresh_grounding_cache] [372/1787] pope_random_628_random_628
2026-08-17 20:29:26,380 INFO [refresh_grounding_cache] [373/1787] pope_random_632_random_632
2026-08-17 20:29:30,962 INFO [refresh_grounding_cache] [374/1787] pope_random_634_random_634
2026-08-17 20:29:34,519 INFO [refresh_grounding_cache] [375/1787] pope_random_635_random_635
2026-08-17 20:29:38,510 INFO [refresh_grounding_cache] [376/1787] pope_random_640_random_640
2026-08-17 20:29:42,217 INFO [refresh_grounding_cache] [377/1787] pope_random_647_random_647
2026-08-17 20:29:46,258 INFO [refresh_grounding_cache] [378/1787] pope_random_652_random_652
2026-08-17 20:29:50,440 INFO [refresh_grounding_cache] [379/1787] pope_random_654_random_654
2026-08-17 20:29:54,039 INFO [refresh_grounding_cache] [380/1787] pope_random_659_random_659
2026-08-17 20:29:57,263 INFO [refresh_grounding_cache] [381/1787] pope_random_661_random_661
2026-08-17 20:30:00,571 INFO [refresh_grounding_cache] [382/1787] pope_random_668_random_668
2026-08-17 20:30:04,262 INFO [refresh_grounding_cache] [383/1787] pope_random_671_random_671
2026-08-17 20:30:08,802 INFO [refresh_grounding_cache] [384/1787] pope_random_686_random_686
2026-08-17 20:30:13,051 INFO [refresh_grounding_cache] [385/1787] pope_random_688_random_688
2026-08-17 20:30:17,133 INFO [refresh_grounding_cache] [386/1787] pope_random_690_random_690
2026-08-17 20:30:21,807 INFO [refresh_grounding_cache] [387/1787] pope_random_692_random_692
2026-08-17 20:30:25,847 INFO [refresh_grounding_cache] [388/1787] pope_random_695_random_695
2026-08-17 20:30:29,880 INFO [refresh_grounding_cache] [389/1787] pope_random_697_random_697
2026-08-17 20:30:34,062 INFO [refresh_grounding_cache] [390/1787] pope_random_705_random_705
2026-08-17 20:30:38,044 INFO [refresh_grounding_cache] [391/1787] pope_random_707_random_707
2026-08-17 20:30:42,043 INFO [refresh_grounding_cache] [392/1787] pope_random_712_random_712
2026-08-17 20:30:45,908 INFO [refresh_grounding_cache] [393/1787] pope_random_719_random_719
2026-08-17 20:30:50,141 INFO [refresh_grounding_cache] [394/1787] pope_random_722_random_722
2026-08-17 20:30:53,098 INFO [refresh_grounding_cache] [395/1787] pope_random_724_random_724
2026-08-17 20:30:56,472 INFO [refresh_grounding_cache] [396/1787] pope_random_727_random_727
2026-08-17 20:31:00,138 INFO [refresh_grounding_cache] [397/1787] pope_random_741_random_741
2026-08-17 20:31:03,487 INFO [refresh_grounding_cache] [398/1787] pope_random_742_random_742
2026-08-17 20:31:07,111 INFO [refresh_grounding_cache] [399/1787] pope_random_748_random_748
2026-08-17 20:31:11,043 INFO [refresh_grounding_cache] [400/1787] pope_random_758_random_758
2026-08-17 20:31:13,501 INFO [refresh_grounding_cache] [401/1787] pope_random_770_random_770
2026-08-17 20:31:17,858 INFO [refresh_grounding_cache] [402/1787] pope_random_772_random_772
2026-08-17 20:31:21,457 INFO [refresh_grounding_cache] [403/1787] pope_random_773_random_773
2026-08-17 20:31:24,873 INFO [refresh_grounding_cache] [404/1787] pope_random_780_random_780
2026-08-17 20:31:28,922 INFO [refresh_grounding_cache] [405/1787] pope_random_788_random_788
2026-08-17 20:31:33,321 INFO [refresh_grounding_cache] [406/1787] pope_random_795_random_795
2026-08-17 20:31:36,703 INFO [refresh_grounding_cache] [407/1787] pope_random_796_random_796
2026-08-17 20:31:40,328 INFO [refresh_grounding_cache] [408/1787] pope_random_797_random_797
2026-08-17 20:31:43,727 INFO [refresh_grounding_cache] [409/1787] pope_random_798_random_798
2026-08-17 20:31:47,950 INFO [refresh_grounding_cache] [410/1787] pope_random_799_random_799
2026-08-17 20:31:51,241 INFO [refresh_grounding_cache] [411/1787] pope_random_803_random_803
2026-08-17 20:31:54,365 INFO [refresh_grounding_cache] [412/1787] pope_random_805_random_805
2026-08-17 20:31:58,098 INFO [refresh_grounding_cache] [413/1787] pope_random_811_random_811
2026-08-17 20:32:02,896 INFO [refresh_grounding_cache] [414/1787] pope_random_814_random_814
2026-08-17 20:32:07,370 INFO [refresh_grounding_cache] [415/1787] pope_random_816_random_816
2026-08-17 20:32:11,153 INFO [refresh_grounding_cache] [416/1787] pope_random_817_random_817
2026-08-17 20:32:15,627 INFO [refresh_grounding_cache] [417/1787] pope_random_818_random_818
2026-08-17 20:32:20,925 INFO [refresh_grounding_cache] [418/1787] pope_random_824_random_824
2026-08-17 20:32:26,090 INFO [refresh_grounding_cache] [419/1787] pope_random_827_random_827
2026-08-17 20:32:30,464 INFO [refresh_grounding_cache] [420/1787] pope_random_833_random_833
2026-08-17 20:32:34,046 INFO [refresh_grounding_cache] [421/1787] pope_random_844_random_844
2026-08-17 20:32:39,037 INFO [refresh_grounding_cache] [422/1787] pope_random_852_random_852
2026-08-17 20:32:43,011 INFO [refresh_grounding_cache] [423/1787] pope_random_854_random_854
2026-08-17 20:32:46,818 INFO [refresh_grounding_cache] [424/1787] pope_random_855_random_855
2026-08-17 20:32:49,850 INFO [refresh_grounding_cache] [425/1787] pope_random_856_random_856
2026-08-17 20:32:52,974 INFO [refresh_grounding_cache] [426/1787] pope_random_860_random_860
2026-08-17 20:32:57,906 INFO [refresh_grounding_cache] [427/1787] pope_random_865_random_865
2026-08-17 20:33:00,831 INFO [refresh_grounding_cache] [428/1787] pope_random_869_random_869
2026-08-17 20:33:03,963 INFO [refresh_grounding_cache] [429/1787] pope_random_870_random_870
2026-08-17 20:33:08,070 INFO [refresh_grounding_cache] [430/1787] pope_random_873_random_873
2026-08-17 20:33:12,161 INFO [refresh_grounding_cache] [431/1787] pope_random_875_random_875
2026-08-17 20:33:16,451 INFO [refresh_grounding_cache] [432/1787] pope_random_876_random_876
2026-08-17 20:33:20,733 INFO [refresh_grounding_cache] [433/1787] pope_random_878_random_878
2026-08-17 20:33:24,515 INFO [refresh_grounding_cache] [434/1787] pope_random_883_random_883
2026-08-17 20:33:27,140 INFO [refresh_grounding_cache] [435/1787] pope_random_891_random_891
2026-08-17 20:33:31,022 INFO [refresh_grounding_cache] [436/1787] pope_random_898_random_898
2026-08-17 20:33:34,504 INFO [refresh_grounding_cache] [437/1787] pope_random_907_random_907
2026-08-17 20:33:38,029 INFO [refresh_grounding_cache] [438/1787] pope_random_910_random_910
2026-08-17 20:33:41,594 INFO [refresh_grounding_cache] [439/1787] pope_random_911_random_911
2026-08-17 20:33:45,343 INFO [refresh_grounding_cache] [440/1787] pope_random_916_random_916
2026-08-17 20:33:49,467 INFO [refresh_grounding_cache] [441/1787] pope_random_926_random_926
2026-08-17 20:33:54,666 INFO [refresh_grounding_cache] [442/1787] pope_random_933_random_933
2026-08-17 20:33:59,331 INFO [refresh_grounding_cache] [443/1787] pope_random_941_random_941
2026-08-17 20:34:03,539 INFO [refresh_grounding_cache] [444/1787] pope_random_942_random_942
2026-08-17 20:34:06,996 INFO [refresh_grounding_cache] [445/1787] pope_random_952_random_952
2026-08-17 20:34:10,978 INFO [refresh_grounding_cache] [446/1787] pope_random_956_random_956
2026-08-17 20:34:15,993 INFO [refresh_grounding_cache] [447/1787] pope_random_959_random_959
2026-08-17 20:34:19,601 INFO [refresh_grounding_cache] [448/1787] pope_random_965_random_965
2026-08-17 20:34:23,033 INFO [refresh_grounding_cache] [449/1787] pope_random_967_random_967
2026-08-17 20:34:26,732 INFO [refresh_grounding_cache] [450/1787] pope_random_971_random_971
2026-08-17 20:34:30,390 INFO [refresh_grounding_cache] [451/1787] pope_random_974_random_974
2026-08-17 20:34:34,497 INFO [refresh_grounding_cache] [452/1787] pope_random_977_random_977
2026-08-17 20:34:37,454 INFO [refresh_grounding_cache] [453/1787] pope_random_978_random_978
2026-08-17 20:34:41,545 INFO [refresh_grounding_cache] [454/1787] pope_random_980_random_980
2026-08-17 20:34:45,911 INFO [refresh_grounding_cache] [455/1787] pope_random_984_random_984
2026-08-17 20:34:49,943 INFO [refresh_grounding_cache] [456/1787] pope_random_989_random_989
2026-08-17 20:34:54,267 INFO [refresh_grounding_cache] [457/1787] pope_random_990_random_990
2026-08-17 20:34:58,249 INFO [refresh_grounding_cache] [458/1787] pope_random_995_random_995
2026-08-17 20:35:01,940 INFO [refresh_grounding_cache] [459/1787] pope_random_998_random_998
2026-08-17 20:35:07,605 INFO [refresh_grounding_cache] [460/1787] pope_random_1001_random_1001
2026-08-17 20:35:12,003 INFO [refresh_grounding_cache] [461/1787] pope_random_1002_random_1002
2026-08-17 20:35:15,961 INFO [refresh_grounding_cache] [462/1787] pope_random_1013_random_1013
2026-08-17 20:35:19,543 INFO [refresh_grounding_cache] [463/1787] pope_random_1027_random_1027
2026-08-17 20:35:23,459 INFO [refresh_grounding_cache] [464/1787] pope_random_1029_random_1029
2026-08-17 20:35:27,599 INFO [refresh_grounding_cache] [465/1787] pope_random_1034_random_1034
2026-08-17 20:35:32,032 INFO [refresh_grounding_cache] [466/1787] pope_random_1040_random_1040
2026-08-17 20:35:36,405 INFO [refresh_grounding_cache] [467/1787] pope_random_1045_random_1045
2026-08-17 20:35:40,596 INFO [refresh_grounding_cache] [468/1787] pope_random_1046_random_1046
2026-08-17 20:35:45,270 INFO [refresh_grounding_cache] [469/1787] pope_random_1053_random_1053
2026-08-17 20:35:49,161 INFO [refresh_grounding_cache] [470/1787] pope_random_1055_random_1055
2026-08-17 20:35:52,960 INFO [refresh_grounding_cache] [471/1787] pope_random_1064_random_1064
2026-08-17 20:35:56,126 INFO [refresh_grounding_cache] [472/1787] pope_random_1066_random_1066
2026-08-17 20:35:59,508 INFO [refresh_grounding_cache] [473/1787] pope_random_1067_random_1067
2026-08-17 20:36:03,274 INFO [refresh_grounding_cache] [474/1787] pope_random_1069_random_1069
2026-08-17 20:36:07,506 INFO [refresh_grounding_cache] [475/1787] pope_random_1072_random_1072
2026-08-17 20:36:12,130 INFO [refresh_grounding_cache] [476/1787] pope_random_1076_random_1076
2026-08-17 20:36:15,929 INFO [refresh_grounding_cache] [477/1787] pope_random_1078_random_1078
2026-08-17 20:36:20,053 INFO [refresh_grounding_cache] [478/1787] pope_random_1081_random_1081
2026-08-17 20:36:24,660 INFO [refresh_grounding_cache] [479/1787] pope_random_1083_random_1083
2026-08-17 20:36:29,450 INFO [refresh_grounding_cache] [480/1787] pope_random_1087_random_1087
2026-08-17 20:36:33,766 INFO [refresh_grounding_cache] [481/1787] pope_random_1092_random_1092
2026-08-17 20:36:36,865 INFO [refresh_grounding_cache] [482/1787] pope_random_1094_random_1094
2026-08-17 20:36:40,273 INFO [refresh_grounding_cache] [483/1787] pope_random_1095_random_1095
2026-08-17 20:36:43,638 INFO [refresh_grounding_cache] [484/1787] pope_random_1099_random_1099
2026-08-17 20:36:47,596 INFO [refresh_grounding_cache] [485/1787] pope_random_1100_random_1100
2026-08-17 20:36:51,795 INFO [refresh_grounding_cache] [486/1787] pope_random_1103_random_1103
2026-08-17 20:36:56,035 INFO [refresh_grounding_cache] [487/1787] pope_random_1104_random_1104
2026-08-17 20:36:59,534 INFO [refresh_grounding_cache] [488/1787] pope_random_1108_random_1108
2026-08-17 20:37:03,950 INFO [refresh_grounding_cache] [489/1787] pope_random_1114_random_1114
2026-08-17 20:37:07,432 INFO [refresh_grounding_cache] [490/1787] pope_random_1117_random_1117
2026-08-17 20:37:11,107 INFO [refresh_grounding_cache] [491/1787] pope_random_1119_random_1119
2026-08-17 20:37:14,606 INFO [refresh_grounding_cache] [492/1787] pope_random_1123_random_1123
2026-08-17 20:37:19,021 INFO [refresh_grounding_cache] [493/1787] pope_random_1124_random_1124
2026-08-17 20:37:23,378 INFO [refresh_grounding_cache] [494/1787] pope_random_1125_random_1125
2026-08-17 20:37:26,852 INFO [refresh_grounding_cache] [495/1787] pope_random_1128_random_1128
2026-08-17 20:37:29,577 INFO [refresh_grounding_cache] [496/1787] pope_random_1129_random_1129
2026-08-17 20:37:32,476 INFO [refresh_grounding_cache] [497/1787] pope_random_1137_random_1137
2026-08-17 20:37:36,500 INFO [refresh_grounding_cache] [498/1787] pope_random_1149_random_1149
2026-08-17 20:37:39,974 INFO [refresh_grounding_cache] [499/1787] pope_random_1152_random_1152
2026-08-17 20:37:44,489 INFO [refresh_grounding_cache] [500/1787] pope_random_1154_random_1154
2026-08-17 20:37:48,214 INFO [refresh_grounding_cache] [501/1787] pope_random_1162_random_1162
2026-08-17 20:37:53,729 INFO [refresh_grounding_cache] [502/1787] pope_random_1164_random_1164
2026-08-17 20:37:58,611 INFO [refresh_grounding_cache] [503/1787] pope_random_1165_random_1165
2026-08-17 20:38:02,385 INFO [refresh_grounding_cache] [504/1787] pope_random_1170_random_1170
2026-08-17 20:38:07,791 INFO [refresh_grounding_cache] [505/1787] pope_random_1176_random_1176
2026-08-17 20:38:12,682 INFO [refresh_grounding_cache] [506/1787] pope_random_1179_random_1179
2026-08-17 20:38:16,981 INFO [refresh_grounding_cache] [507/1787] pope_random_1180_random_1180
2026-08-17 20:38:21,188 INFO [refresh_grounding_cache] [508/1787] pope_random_1185_random_1185
2026-08-17 20:38:25,145 INFO [refresh_grounding_cache] [509/1787] pope_random_1186_random_1186
2026-08-17 20:38:30,510 INFO [refresh_grounding_cache] [510/1787] pope_random_1189_random_1189
2026-08-17 20:38:35,401 INFO [refresh_grounding_cache] [511/1787] pope_random_1198_random_1198
2026-08-17 20:38:41,624 INFO [refresh_grounding_cache] [512/1787] pope_random_1202_random_1202
2026-08-17 20:38:46,331 INFO [refresh_grounding_cache] [513/1787] pope_random_1213_random_1213
2026-08-17 20:38:50,447 INFO [refresh_grounding_cache] [514/1787] pope_random_1217_random_1217
2026-08-17 20:38:54,588 INFO [refresh_grounding_cache] [515/1787] pope_random_1218_random_1218
2026-08-17 20:38:59,928 INFO [refresh_grounding_cache] [516/1787] pope_random_1222_random_1222
2026-08-17 20:39:05,160 INFO [refresh_grounding_cache] [517/1787] pope_random_1224_random_1224
2026-08-17 20:39:08,217 INFO [refresh_grounding_cache] [518/1787] pope_random_1229_random_1229
2026-08-17 20:39:12,108 INFO [refresh_grounding_cache] [519/1787] pope_random_1230_random_1230
2026-08-17 20:39:16,299 INFO [refresh_grounding_cache] [520/1787] pope_random_1234_random_1234
2026-08-17 20:39:20,364 INFO [refresh_grounding_cache] [521/1787] pope_random_1235_random_1235
2026-08-17 20:39:23,997 INFO [refresh_grounding_cache] [522/1787] pope_random_1237_random_1237
2026-08-17 20:39:28,279 INFO [refresh_grounding_cache] [523/1787] pope_random_1245_random_1245
2026-08-17 20:39:32,228 INFO [refresh_grounding_cache] [524/1787] pope_random_1246_random_1246
2026-08-17 20:39:35,535 INFO [refresh_grounding_cache] [525/1787] pope_random_1248_random_1248
2026-08-17 20:39:39,126 INFO [refresh_grounding_cache] [526/1787] pope_random_1254_random_1254
2026-08-17 20:39:42,883 INFO [refresh_grounding_cache] [527/1787] pope_random_1256_random_1256
2026-08-17 20:39:47,124 INFO [refresh_grounding_cache] [528/1787] pope_random_1258_random_1258
2026-08-17 20:39:51,481 INFO [refresh_grounding_cache] [529/1787] pope_random_1265_random_1265
2026-08-17 20:39:55,072 INFO [refresh_grounding_cache] [530/1787] pope_random_1266_random_1266
2026-08-17 20:39:59,704 INFO [refresh_grounding_cache] [531/1787] pope_random_1272_random_1272
2026-08-17 20:40:04,020 INFO [refresh_grounding_cache] [532/1787] pope_random_1282_random_1282
2026-08-17 20:40:07,868 INFO [refresh_grounding_cache] [533/1787] pope_random_1288_random_1288
2026-08-17 20:40:12,293 INFO [refresh_grounding_cache] [534/1787] pope_random_1298_random_1298
2026-08-17 20:40:16,599 INFO [refresh_grounding_cache] [535/1787] pope_random_1300_random_1300
2026-08-17 20:40:20,899 INFO [refresh_grounding_cache] [536/1787] pope_random_1303_random_1303
2026-08-17 20:40:25,348 INFO [refresh_grounding_cache] [537/1787] pope_random_1311_random_1311
2026-08-17 20:40:29,205 INFO [refresh_grounding_cache] [538/1787] pope_random_1312_random_1312
2026-08-17 20:40:34,212 INFO [refresh_grounding_cache] [539/1787] pope_random_1314_random_1314
2026-08-17 20:40:37,686 INFO [refresh_grounding_cache] [540/1787] pope_random_1315_random_1315
2026-08-17 20:40:41,077 INFO [refresh_grounding_cache] [541/1787] pope_random_1318_random_1318
2026-08-17 20:40:44,859 INFO [refresh_grounding_cache] [542/1787] pope_random_1323_random_1323
2026-08-17 20:40:48,508 INFO [refresh_grounding_cache] [543/1787] pope_random_1326_random_1326
2026-08-17 20:40:52,807 INFO [refresh_grounding_cache] [544/1787] pope_random_1327_random_1327
2026-08-17 20:40:56,340 INFO [refresh_grounding_cache] [545/1787] pope_random_1332_random_1332
2026-08-17 20:41:00,872 INFO [refresh_grounding_cache] [546/1787] pope_random_1334_random_1334
2026-08-17 20:41:05,354 INFO [refresh_grounding_cache] [547/1787] pope_random_1347_random_1347
2026-08-17 20:41:08,387 INFO [refresh_grounding_cache] [548/1787] pope_random_1348_random_1348
2026-08-17 20:41:11,844 INFO [refresh_grounding_cache] [549/1787] pope_random_1349_random_1349
2026-08-17 20:41:14,760 INFO [refresh_grounding_cache] [550/1787] pope_random_1355_random_1355
2026-08-17 20:41:19,392 INFO [refresh_grounding_cache] [551/1787] pope_random_1361_random_1361
2026-08-17 20:41:23,466 INFO [refresh_grounding_cache] [552/1787] pope_random_1362_random_1362
2026-08-17 20:41:28,039 INFO [refresh_grounding_cache] [553/1787] pope_random_1363_random_1363
2026-08-17 20:41:32,930 INFO [refresh_grounding_cache] [554/1787] pope_random_1365_random_1365
2026-08-17 20:41:37,528 INFO [refresh_grounding_cache] [555/1787] pope_random_1372_random_1372
2026-08-17 20:41:42,052 INFO [refresh_grounding_cache] [556/1787] pope_random_1379_random_1379
2026-08-17 20:41:46,235 INFO [refresh_grounding_cache] [557/1787] pope_random_1380_random_1380
2026-08-17 20:41:50,142 INFO [refresh_grounding_cache] [558/1787] pope_random_1383_random_1383
2026-08-17 20:41:53,608 INFO [refresh_grounding_cache] [559/1787] pope_random_1387_random_1387
2026-08-17 20:41:57,924 INFO [refresh_grounding_cache] [560/1787] pope_random_1389_random_1389
2026-08-17 20:42:01,706 INFO [refresh_grounding_cache] [561/1787] pope_random_1392_random_1392
2026-08-17 20:42:05,138 INFO [refresh_grounding_cache] [562/1787] pope_random_1393_random_1393
2026-08-17 20:42:08,996 INFO [refresh_grounding_cache] [563/1787] pope_random_1395_random_1395
2026-08-17 20:42:13,236 INFO [refresh_grounding_cache] [564/1787] pope_random_1396_random_1396
2026-08-17 20:42:17,485 INFO [refresh_grounding_cache] [565/1787] pope_random_1400_random_1400
2026-08-17 20:42:22,109 INFO [refresh_grounding_cache] [566/1787] pope_random_1402_random_1402
2026-08-17 20:42:26,116 INFO [refresh_grounding_cache] [567/1787] pope_random_1403_random_1403
2026-08-17 20:42:29,673 INFO [refresh_grounding_cache] [568/1787] pope_random_1404_random_1404
2026-08-17 20:42:33,073 INFO [refresh_grounding_cache] [569/1787] pope_random_1405_random_1405
2026-08-17 20:42:37,521 INFO [refresh_grounding_cache] [570/1787] pope_random_1409_random_1409
2026-08-17 20:42:41,771 INFO [refresh_grounding_cache] [571/1787] pope_random_1410_random_1410
2026-08-17 20:42:46,461 INFO [refresh_grounding_cache] [572/1787] pope_random_1411_random_1411
2026-08-17 20:42:50,918 INFO [refresh_grounding_cache] [573/1787] pope_random_1418_random_1418
2026-08-17 20:42:55,883 INFO [refresh_grounding_cache] [574/1787] pope_random_1420_random_1420
2026-08-17 20:43:00,565 INFO [refresh_grounding_cache] [575/1787] pope_random_1423_random_1423
2026-08-17 20:43:03,256 INFO [refresh_grounding_cache] [576/1787] pope_random_1424_random_1424
2026-08-17 20:43:07,772 INFO [refresh_grounding_cache] [577/1787] pope_random_1429_random_1429
2026-08-17 20:43:11,554 INFO [refresh_grounding_cache] [578/1787] pope_random_1430_random_1430
2026-08-17 20:43:14,420 INFO [refresh_grounding_cache] [579/1787] pope_random_1438_random_1438
2026-08-17 20:43:18,869 INFO [refresh_grounding_cache] [580/1787] pope_random_1443_random_1443
2026-08-17 20:43:22,776 INFO [refresh_grounding_cache] [581/1787] pope_random_1444_random_1444
2026-08-17 20:43:27,076 INFO [refresh_grounding_cache] [582/1787] pope_random_1445_random_1445
2026-08-17 20:43:31,050 INFO [refresh_grounding_cache] [583/1787] pope_random_1448_random_1448
2026-08-17 20:43:35,898 INFO [refresh_grounding_cache] [584/1787] pope_random_1453_random_1453
2026-08-17 20:43:39,697 INFO [refresh_grounding_cache] [585/1787] pope_random_1454_random_1454
2026-08-17 20:43:44,196 INFO [refresh_grounding_cache] [586/1787] pope_random_1459_random_1459
2026-08-17 20:43:47,754 INFO [refresh_grounding_cache] [587/1787] pope_random_1465_random_1465
2026-08-17 20:43:52,711 INFO [refresh_grounding_cache] [588/1787] pope_random_1467_random_1467
2026-08-17 20:43:57,534 INFO [refresh_grounding_cache] [589/1787] pope_random_1469_random_1469
2026-08-17 20:44:02,108 INFO [refresh_grounding_cache] [590/1787] pope_random_1473_random_1473
2026-08-17 20:44:05,974 INFO [refresh_grounding_cache] [591/1787] pope_random_1483_random_1483
2026-08-17 20:44:09,381 INFO [refresh_grounding_cache] [592/1787] pope_random_1484_random_1484
2026-08-17 20:44:12,822 INFO [refresh_grounding_cache] [593/1787] pope_random_1485_random_1485
2026-08-17 20:44:15,588 INFO [refresh_grounding_cache] [594/1787] pope_random_1487_random_1487
2026-08-17 20:44:18,162 INFO [refresh_grounding_cache] [595/1787] pope_random_1501_random_1501
2026-08-17 20:44:21,886 INFO [refresh_grounding_cache] [596/1787] pope_random_1507_random_1507
2026-08-17 20:44:25,610 INFO [refresh_grounding_cache] [597/1787] pope_random_1523_random_1523
2026-08-17 20:44:29,085 INFO [refresh_grounding_cache] [598/1787] pope_random_1524_random_1524
2026-08-17 20:44:32,584 INFO [refresh_grounding_cache] [599/1787] pope_random_1526_random_1526
2026-08-17 20:44:36,041 INFO [refresh_grounding_cache] [600/1787] pope_random_1531_random_1531
2026-08-17 20:44:40,432 INFO [refresh_grounding_cache] [601/1787] pope_random_1532_random_1532
2026-08-17 20:44:45,405 INFO [refresh_grounding_cache] [602/1787] pope_random_1540_random_1540
2026-08-17 20:44:48,763 INFO [refresh_grounding_cache] [603/1787] pope_random_1549_random_1549
2026-08-17 20:44:52,846 INFO [refresh_grounding_cache] [604/1787] pope_random_1552_random_1552
2026-08-17 20:44:56,636 INFO [refresh_grounding_cache] [605/1787] pope_random_1553_random_1553
2026-08-17 20:45:01,185 INFO [refresh_grounding_cache] [606/1787] pope_random_1568_random_1568
2026-08-17 20:45:06,134 INFO [refresh_grounding_cache] [607/1787] pope_random_1571_random_1571
2026-08-17 20:45:10,541 INFO [refresh_grounding_cache] [608/1787] pope_random_1573_random_1573
2026-08-17 20:45:15,006 INFO [refresh_grounding_cache] [609/1787] pope_random_1576_random_1576
2026-08-17 20:45:19,763 INFO [refresh_grounding_cache] [610/1787] pope_random_1579_random_1579
2026-08-17 20:45:22,746 INFO [refresh_grounding_cache] [611/1787] pope_random_1582_random_1582
2026-08-17 20:45:27,187 INFO [refresh_grounding_cache] [612/1787] pope_random_1585_random_1585
2026-08-17 20:45:31,510 INFO [refresh_grounding_cache] [613/1787] pope_random_1589_random_1589
2026-08-17 20:45:36,034 INFO [refresh_grounding_cache] [614/1787] pope_random_1592_random_1592
2026-08-17 20:45:40,267 INFO [refresh_grounding_cache] [615/1787] pope_random_1593_random_1593
2026-08-17 20:45:44,449 INFO [refresh_grounding_cache] [616/1787] pope_random_1599_random_1599
2026-08-17 20:45:48,756 INFO [refresh_grounding_cache] [617/1787] pope_random_1601_random_1601
2026-08-17 20:45:52,897 INFO [refresh_grounding_cache] [618/1787] pope_random_1604_random_1604
2026-08-17 20:45:57,087 INFO [refresh_grounding_cache] [619/1787] pope_random_1605_random_1605
2026-08-17 20:46:01,711 INFO [refresh_grounding_cache] [620/1787] pope_random_1609_random_1609
2026-08-17 20:46:05,785 INFO [refresh_grounding_cache] [621/1787] pope_random_1612_random_1612
2026-08-17 20:46:09,767 INFO [refresh_grounding_cache] [622/1787] pope_random_1618_random_1618
2026-08-17 20:46:13,824 INFO [refresh_grounding_cache] [623/1787] pope_random_1627_random_1627
2026-08-17 20:46:17,557 INFO [refresh_grounding_cache] [624/1787] pope_random_1628_random_1628
2026-08-17 20:46:21,439 INFO [refresh_grounding_cache] [625/1787] pope_random_1633_random_1633
2026-08-17 20:46:24,539 INFO [refresh_grounding_cache] [626/1787] pope_random_1636_random_1636
2026-08-17 20:46:27,871 INFO [refresh_grounding_cache] [627/1787] pope_random_1642_random_1642
2026-08-17 20:46:32,312 INFO [refresh_grounding_cache] [628/1787] pope_random_1647_random_1647
2026-08-17 20:46:36,819 INFO [refresh_grounding_cache] [629/1787] pope_random_1649_random_1649
2026-08-17 20:46:41,318 INFO [refresh_grounding_cache] [630/1787] pope_random_1653_random_1653
2026-08-17 20:46:46,291 INFO [refresh_grounding_cache] [631/1787] pope_random_1654_random_1654
2026-08-17 20:46:49,957 INFO [refresh_grounding_cache] [632/1787] pope_random_1655_random_1655
2026-08-17 20:46:54,339 INFO [refresh_grounding_cache] [633/1787] pope_random_1656_random_1656
2026-08-17 20:46:58,696 INFO [refresh_grounding_cache] [634/1787] pope_random_1657_random_1657
2026-08-17 20:47:02,804 INFO [refresh_grounding_cache] [635/1787] pope_random_1664_random_1664
2026-08-17 20:47:06,869 INFO [refresh_grounding_cache] [636/1787] pope_random_1665_random_1665
2026-08-17 20:47:11,077 INFO [refresh_grounding_cache] [637/1787] pope_random_1666_random_1666
2026-08-17 20:47:15,300 INFO [refresh_grounding_cache] [638/1787] pope_random_1667_random_1667
2026-08-17 20:47:18,783 INFO [refresh_grounding_cache] [639/1787] pope_random_1673_random_1673
2026-08-17 20:47:22,990 INFO [refresh_grounding_cache] [640/1787] pope_random_1675_random_1675
2026-08-17 20:47:26,814 INFO [refresh_grounding_cache] [641/1787] pope_random_1680_random_1680
2026-08-17 20:47:30,571 INFO [refresh_grounding_cache] [642/1787] pope_random_1686_random_1686
2026-08-17 20:47:36,378 INFO [refresh_grounding_cache] [643/1787] pope_random_1687_random_1687
2026-08-17 20:47:41,135 INFO [refresh_grounding_cache] [644/1787] pope_random_1690_random_1690
2026-08-17 20:47:45,951 INFO [refresh_grounding_cache] [645/1787] pope_random_1693_random_1693
2026-08-17 20:47:49,808 INFO [refresh_grounding_cache] [646/1787] pope_random_1697_random_1697
2026-08-17 20:47:54,290 INFO [refresh_grounding_cache] [647/1787] pope_random_1703_random_1703
2026-08-17 20:47:58,531 INFO [refresh_grounding_cache] [648/1787] pope_random_1704_random_1704
2026-08-17 20:48:01,722 INFO [refresh_grounding_cache] [649/1787] pope_random_1706_random_1706
2026-08-17 20:48:05,096 INFO [refresh_grounding_cache] [650/1787] pope_random_1709_random_1709
2026-08-17 20:48:08,504 INFO [refresh_grounding_cache] [651/1787] pope_random_1719_random_1719
2026-08-17 20:48:12,744 INFO [refresh_grounding_cache] [652/1787] pope_random_1724_random_1724
2026-08-17 20:48:17,059 INFO [refresh_grounding_cache] [653/1787] pope_random_1731_random_1731
2026-08-17 20:48:21,308 INFO [refresh_grounding_cache] [654/1787] pope_random_1733_random_1733
2026-08-17 20:48:25,507 INFO [refresh_grounding_cache] [655/1787] pope_random_1745_random_1745
2026-08-17 20:48:30,856 INFO [refresh_grounding_cache] [656/1787] pope_random_1758_random_1758
2026-08-17 20:48:35,429 INFO [refresh_grounding_cache] [657/1787] pope_random_1759_random_1759
2026-08-17 20:48:40,603 INFO [refresh_grounding_cache] [658/1787] pope_random_1766_random_1766
2026-08-17 20:48:44,536 INFO [refresh_grounding_cache] [659/1787] pope_random_1772_random_1772
2026-08-17 20:48:49,309 INFO [refresh_grounding_cache] [660/1787] pope_random_1775_random_1775
2026-08-17 20:48:53,733 INFO [refresh_grounding_cache] [661/1787] pope_random_1779_random_1779
2026-08-17 20:48:57,665 INFO [refresh_grounding_cache] [662/1787] pope_random_1791_random_1791
2026-08-17 20:49:02,631 INFO [refresh_grounding_cache] [663/1787] pope_random_1794_random_1794
2026-08-17 20:49:06,105 INFO [refresh_grounding_cache] [664/1787] pope_random_1796_random_1796
2026-08-17 20:49:11,020 INFO [refresh_grounding_cache] [665/1787] pope_random_1797_random_1797
2026-08-17 20:49:14,911 INFO [refresh_grounding_cache] [666/1787] pope_random_1799_random_1799
2026-08-17 20:49:18,868 INFO [refresh_grounding_cache] [667/1787] pope_random_1800_random_1800
2026-08-17 20:49:24,075 INFO [refresh_grounding_cache] [668/1787] pope_random_1801_random_1801
2026-08-17 20:49:28,132 INFO [refresh_grounding_cache] [669/1787] pope_random_1803_random_1803
2026-08-17 20:49:31,981 INFO [refresh_grounding_cache] [670/1787] pope_random_1804_random_1804
2026-08-17 20:49:35,656 INFO [refresh_grounding_cache] [671/1787] pope_random_1807_random_1807
2026-08-17 20:49:39,413 INFO [refresh_grounding_cache] [672/1787] pope_random_1821_random_1821
2026-08-17 20:49:43,470 INFO [refresh_grounding_cache] [673/1787] pope_random_1823_random_1823
2026-08-17 20:49:47,352 INFO [refresh_grounding_cache] [674/1787] pope_random_1830_random_1830
2026-08-17 20:49:51,826 INFO [refresh_grounding_cache] [675/1787] pope_random_1831_random_1831
2026-08-17 20:49:56,133 INFO [refresh_grounding_cache] [676/1787] pope_random_1834_random_1834
2026-08-17 20:50:00,541 INFO [refresh_grounding_cache] [677/1787] pope_random_1835_random_1835
2026-08-17 20:50:04,756 INFO [refresh_grounding_cache] [678/1787] pope_random_1839_random_1839
2026-08-17 20:50:08,289 INFO [refresh_grounding_cache] [679/1787] pope_random_1840_random_1840
2026-08-17 20:50:11,204 INFO [refresh_grounding_cache] [680/1787] pope_random_1849_random_1849
2026-08-17 20:50:15,128 INFO [refresh_grounding_cache] [681/1787] pope_random_1854_random_1854
2026-08-17 20:50:19,494 INFO [refresh_grounding_cache] [682/1787] pope_random_1869_random_1869
2026-08-17 20:50:22,935 INFO [refresh_grounding_cache] [683/1787] pope_random_1871_random_1871
2026-08-17 20:50:27,159 INFO [refresh_grounding_cache] [684/1787] pope_random_1872_random_1872
2026-08-17 20:50:31,882 INFO [refresh_grounding_cache] [685/1787] pope_random_1877_random_1877
2026-08-17 20:50:35,615 INFO [refresh_grounding_cache] [686/1787] pope_random_1882_random_1882
2026-08-17 20:50:39,222 INFO [refresh_grounding_cache] [687/1787] pope_random_1889_random_1889
2026-08-17 20:50:42,788 INFO [refresh_grounding_cache] [688/1787] pope_random_1892_random_1892
2026-08-17 20:50:47,445 INFO [refresh_grounding_cache] [689/1787] pope_random_1893_random_1893
2026-08-17 20:50:51,577 INFO [refresh_grounding_cache] [690/1787] pope_random_1896_random_1896
2026-08-17 20:50:56,401 INFO [refresh_grounding_cache] [691/1787] pope_random_1897_random_1897
2026-08-17 20:51:00,308 INFO [refresh_grounding_cache] [692/1787] pope_random_1899_random_1899
2026-08-17 20:51:04,391 INFO [refresh_grounding_cache] [693/1787] pope_random_1901_random_1901
2026-08-17 20:51:08,332 INFO [refresh_grounding_cache] [694/1787] pope_random_1904_random_1904
2026-08-17 20:51:12,064 INFO [refresh_grounding_cache] [695/1787] pope_random_1905_random_1905
2026-08-17 20:51:16,013 INFO [refresh_grounding_cache] [696/1787] pope_random_1907_random_1907
2026-08-17 20:51:19,221 INFO [refresh_grounding_cache] [697/1787] pope_random_1909_random_1909
2026-08-17 20:51:23,536 INFO [refresh_grounding_cache] [698/1787] pope_random_1910_random_1910
2026-08-17 20:51:28,460 INFO [refresh_grounding_cache] [699/1787] pope_random_1914_random_1914
2026-08-17 20:51:32,125 INFO [refresh_grounding_cache] [700/1787] pope_random_1916_random_1916
2026-08-17 20:51:35,874 INFO [refresh_grounding_cache] [701/1787] pope_random_1923_random_1923
2026-08-17 20:51:39,007 INFO [refresh_grounding_cache] [702/1787] pope_random_1924_random_1924
2026-08-17 20:51:43,547 INFO [refresh_grounding_cache] [703/1787] pope_random_1926_random_1926
2026-08-17 20:51:47,455 INFO [refresh_grounding_cache] [704/1787] pope_random_1928_random_1928
2026-08-17 20:51:51,862 INFO [refresh_grounding_cache] [705/1787] pope_random_1934_random_1934
2026-08-17 20:51:56,236 INFO [refresh_grounding_cache] [706/1787] pope_random_1941_random_1941
2026-08-17 20:51:59,985 INFO [refresh_grounding_cache] [707/1787] pope_random_1943_random_1943
2026-08-17 20:52:04,075 INFO [refresh_grounding_cache] [708/1787] pope_random_1962_random_1962
2026-08-17 20:52:07,016 INFO [refresh_grounding_cache] [709/1787] pope_random_1968_random_1968
2026-08-17 20:52:10,382 INFO [refresh_grounding_cache] [710/1787] pope_random_1969_random_1969
2026-08-17 20:52:14,573 INFO [refresh_grounding_cache] [711/1787] pope_random_1971_random_1971
2026-08-17 20:52:18,105 INFO [refresh_grounding_cache] [712/1787] pope_random_1972_random_1972
2026-08-17 20:52:22,920 INFO [refresh_grounding_cache] [713/1787] pope_random_1977_random_1977
2026-08-17 20:52:26,620 INFO [refresh_grounding_cache] [714/1787] pope_random_1980_random_1980
2026-08-17 20:52:31,293 INFO [refresh_grounding_cache] [715/1787] pope_random_1986_random_1986
2026-08-17 20:52:34,517 INFO [refresh_grounding_cache] [716/1787] pope_random_1988_random_1988
2026-08-17 20:52:38,392 INFO [refresh_grounding_cache] [717/1787] pope_random_1990_random_1990
2026-08-17 20:52:43,249 INFO [refresh_grounding_cache] [718/1787] pope_random_1998_random_1998
2026-08-17 20:52:50,280 INFO [refresh_grounding_cache] [719/1787] pope_random_1999_random_1999
2026-08-17 20:52:57,103 INFO [refresh_grounding_cache] [720/1787] pope_random_2000_random_2000
2026-08-17 20:53:01,360 INFO [refresh_grounding_cache] [721/1787] pope_random_2004_random_2004
2026-08-17 20:53:05,218 INFO [refresh_grounding_cache] [722/1787] pope_random_2006_random_2006
2026-08-17 20:53:09,467 INFO [refresh_grounding_cache] [723/1787] pope_random_2007_random_2007
2026-08-17 20:53:13,157 INFO [refresh_grounding_cache] [724/1787] pope_random_2014_random_2014
2026-08-17 20:53:17,523 INFO [refresh_grounding_cache] [725/1787] pope_random_2015_random_2015
2026-08-17 20:53:21,805 INFO [refresh_grounding_cache] [726/1787] pope_random_2018_random_2018
2026-08-17 20:53:25,921 INFO [refresh_grounding_cache] [727/1787] pope_random_2020_random_2020
2026-08-17 20:53:31,119 INFO [refresh_grounding_cache] [728/1787] pope_random_2022_random_2022
2026-08-17 20:53:36,026 INFO [refresh_grounding_cache] [729/1787] pope_random_2023_random_2023
2026-08-17 20:53:40,100 INFO [refresh_grounding_cache] [730/1787] pope_random_2025_random_2025
2026-08-17 20:53:44,974 INFO [refresh_grounding_cache] [731/1787] pope_random_2029_random_2029
2026-08-17 20:53:49,856 INFO [refresh_grounding_cache] [732/1787] pope_random_2030_random_2030
2026-08-17 20:53:54,654 INFO [refresh_grounding_cache] [733/1787] pope_random_2031_random_2031
2026-08-17 20:53:58,961 INFO [refresh_grounding_cache] [734/1787] pope_random_2034_random_2034
2026-08-17 20:54:03,302 INFO [refresh_grounding_cache] [735/1787] pope_random_2037_random_2037
2026-08-17 20:54:07,792 INFO [refresh_grounding_cache] [736/1787] pope_random_2042_random_2042
2026-08-17 20:54:12,958 INFO [refresh_grounding_cache] [737/1787] pope_random_2048_random_2048
2026-08-17 20:54:16,698 INFO [refresh_grounding_cache] [738/1787] pope_random_2050_random_2050
2026-08-17 20:54:20,706 INFO [refresh_grounding_cache] [739/1787] pope_random_2051_random_2051
2026-08-17 20:54:24,638 INFO [refresh_grounding_cache] [740/1787] pope_random_2053_random_2053
2026-08-17 20:54:28,762 INFO [refresh_grounding_cache] [741/1787] pope_random_2055_random_2055
2026-08-17 20:54:32,720 INFO [refresh_grounding_cache] [742/1787] pope_random_2058_random_2058
2026-08-17 20:54:36,469 INFO [refresh_grounding_cache] [743/1787] pope_random_2062_random_2062
2026-08-17 20:54:40,459 INFO [refresh_grounding_cache] [744/1787] pope_random_2064_random_2064
2026-08-17 20:54:45,475 INFO [refresh_grounding_cache] [745/1787] pope_random_2067_random_2067
2026-08-17 20:54:49,907 INFO [refresh_grounding_cache] [746/1787] pope_random_2070_random_2070
2026-08-17 20:54:55,089 INFO [refresh_grounding_cache] [747/1787] pope_random_2073_random_2073
2026-08-17 20:54:59,171 INFO [refresh_grounding_cache] [748/1787] pope_random_2077_random_2077
2026-08-17 20:55:03,245 INFO [refresh_grounding_cache] [749/1787] pope_random_2087_random_2087
2026-08-17 20:55:07,102 INFO [refresh_grounding_cache] [750/1787] pope_random_2089_random_2089
2026-08-17 20:55:11,209 INFO [refresh_grounding_cache] [751/1787] pope_random_2090_random_2090
2026-08-17 20:55:15,300 INFO [refresh_grounding_cache] [752/1787] pope_random_2091_random_2091
2026-08-17 20:55:19,199 INFO [refresh_grounding_cache] [753/1787] pope_random_2098_random_2098
2026-08-17 20:55:23,914 INFO [refresh_grounding_cache] [754/1787] pope_random_2101_random_2101
2026-08-17 20:55:27,713 INFO [refresh_grounding_cache] [755/1787] pope_random_2102_random_2102
2026-08-17 20:55:30,896 INFO [refresh_grounding_cache] [756/1787] pope_random_2107_random_2107
2026-08-17 20:55:36,744 INFO [refresh_grounding_cache] [757/1787] pope_random_2116_random_2116
2026-08-17 20:55:40,518 INFO [refresh_grounding_cache] [758/1787] pope_random_2118_random_2118
2026-08-17 20:55:44,284 INFO [refresh_grounding_cache] [759/1787] pope_random_2120_random_2120
2026-08-17 20:55:48,166 INFO [refresh_grounding_cache] [760/1787] pope_random_2123_random_2123
2026-08-17 20:55:51,582 INFO [refresh_grounding_cache] [761/1787] pope_random_2124_random_2124
2026-08-17 20:55:56,340 INFO [refresh_grounding_cache] [762/1787] pope_random_2127_random_2127
2026-08-17 20:56:01,180 INFO [refresh_grounding_cache] [763/1787] pope_random_2129_random_2129
2026-08-17 20:56:06,279 INFO [refresh_grounding_cache] [764/1787] pope_random_2134_random_2134
2026-08-17 20:56:11,028 INFO [refresh_grounding_cache] [765/1787] pope_random_2139_random_2139
2026-08-17 20:56:14,702 INFO [refresh_grounding_cache] [766/1787] pope_random_2140_random_2140
2026-08-17 20:56:18,434 INFO [refresh_grounding_cache] [767/1787] pope_random_2144_random_2144
2026-08-17 20:56:22,966 INFO [refresh_grounding_cache] [768/1787] pope_random_2145_random_2145
2026-08-17 20:56:27,482 INFO [refresh_grounding_cache] [769/1787] pope_random_2150_random_2150
2026-08-17 20:56:31,672 INFO [refresh_grounding_cache] [770/1787] pope_random_2155_random_2155
2026-08-17 20:56:35,654 INFO [refresh_grounding_cache] [771/1787] pope_random_2160_random_2160
2026-08-17 20:56:40,628 INFO [refresh_grounding_cache] [772/1787] pope_random_2163_random_2163
2026-08-17 20:56:44,985 INFO [refresh_grounding_cache] [773/1787] pope_random_2167_random_2167
2026-08-17 20:56:49,226 INFO [refresh_grounding_cache] [774/1787] pope_random_2170_random_2170
2026-08-17 20:56:53,450 INFO [refresh_grounding_cache] [775/1787] pope_random_2176_random_2176
2026-08-17 20:56:58,257 INFO [refresh_grounding_cache] [776/1787] pope_random_2179_random_2179
2026-08-17 20:57:02,381 INFO [refresh_grounding_cache] [777/1787] pope_random_2184_random_2184
2026-08-17 20:57:06,513 INFO [refresh_grounding_cache] [778/1787] pope_random_2192_random_2192
2026-08-17 20:57:10,812 INFO [refresh_grounding_cache] [779/1787] pope_random_2193_random_2193
2026-08-17 20:57:14,944 INFO [refresh_grounding_cache] [780/1787] pope_random_2196_random_2196
2026-08-17 20:57:17,885 INFO [refresh_grounding_cache] [781/1787] pope_random_2204_random_2204
2026-08-17 20:57:21,984 INFO [refresh_grounding_cache] [782/1787] pope_random_2205_random_2205
2026-08-17 20:57:25,400 INFO [refresh_grounding_cache] [783/1787] pope_random_2207_random_2207
2026-08-17 20:57:28,858 INFO [refresh_grounding_cache] [784/1787] pope_random_2209_random_2209
2026-08-17 20:57:32,282 INFO [refresh_grounding_cache] [785/1787] pope_random_2211_random_2211
2026-08-17 20:57:36,614 INFO [refresh_grounding_cache] [786/1787] pope_random_2218_random_2218
2026-08-17 20:57:41,604 INFO [refresh_grounding_cache] [787/1787] pope_random_2219_random_2219
2026-08-17 20:57:45,853 INFO [refresh_grounding_cache] [788/1787] pope_random_2220_random_2220
2026-08-17 20:57:49,477 INFO [refresh_grounding_cache] [789/1787] pope_random_2225_random_2225
2026-08-17 20:57:53,459 INFO [refresh_grounding_cache] [790/1787] pope_random_2227_random_2227
2026-08-17 20:57:57,525 INFO [refresh_grounding_cache] [791/1787] pope_random_2240_random_2240
2026-08-17 20:58:01,216 INFO [refresh_grounding_cache] [792/1787] pope_random_2241_random_2241
2026-08-17 20:58:05,431 INFO [refresh_grounding_cache] [793/1787] pope_random_2242_random_2242
2026-08-17 20:58:09,755 INFO [refresh_grounding_cache] [794/1787] pope_random_2254_random_2254
2026-08-17 20:58:14,245 INFO [refresh_grounding_cache] [795/1787] pope_random_2255_random_2255
2026-08-17 20:58:18,136 INFO [refresh_grounding_cache] [796/1787] pope_random_2257_random_2257
2026-08-17 20:58:21,768 INFO [refresh_grounding_cache] [797/1787] pope_random_2271_random_2271
2026-08-17 20:58:25,876 INFO [refresh_grounding_cache] [798/1787] pope_random_2282_random_2282
2026-08-17 20:58:29,466 INFO [refresh_grounding_cache] [799/1787] pope_random_2289_random_2289
2026-08-17 20:58:32,999 INFO [refresh_grounding_cache] [800/1787] pope_random_2290_random_2290
2026-08-17 20:58:36,856 INFO [refresh_grounding_cache] [801/1787] pope_random_2294_random_2294
2026-08-17 20:58:40,505 INFO [refresh_grounding_cache] [802/1787] pope_random_2295_random_2295
2026-08-17 20:58:44,379 INFO [refresh_grounding_cache] [803/1787] pope_random_2296_random_2296
2026-08-17 20:58:48,620 INFO [refresh_grounding_cache] [804/1787] pope_random_2298_random_2298
2026-08-17 20:58:52,002 INFO [refresh_grounding_cache] [805/1787] pope_random_2299_random_2299
2026-08-17 20:58:55,835 INFO [refresh_grounding_cache] [806/1787] pope_random_2301_random_2301
2026-08-17 20:58:59,525 INFO [refresh_grounding_cache] [807/1787] pope_random_2302_random_2302
2026-08-17 20:59:02,858 INFO [refresh_grounding_cache] [808/1787] pope_random_2309_random_2309
2026-08-17 20:59:07,657 INFO [refresh_grounding_cache] [809/1787] pope_random_2312_random_2312
2026-08-17 20:59:12,589 INFO [refresh_grounding_cache] [810/1787] pope_random_2313_random_2313
2026-08-17 20:59:16,721 INFO [refresh_grounding_cache] [811/1787] pope_random_2315_random_2315
2026-08-17 20:59:20,878 INFO [refresh_grounding_cache] [812/1787] pope_random_2319_random_2319
2026-08-17 20:59:24,819 INFO [refresh_grounding_cache] [813/1787] pope_random_2323_random_2323
2026-08-17 20:59:29,210 INFO [refresh_grounding_cache] [814/1787] pope_random_2328_random_2328
2026-08-17 20:59:33,292 INFO [refresh_grounding_cache] [815/1787] pope_random_2333_random_2333
2026-08-17 20:59:37,682 INFO [refresh_grounding_cache] [816/1787] pope_random_2335_random_2335
2026-08-17 20:59:41,106 INFO [refresh_grounding_cache] [817/1787] pope_random_2338_random_2338
2026-08-17 20:59:45,080 INFO [refresh_grounding_cache] [818/1787] pope_random_2339_random_2339
2026-08-17 20:59:48,346 INFO [refresh_grounding_cache] [819/1787] pope_random_2346_random_2346
2026-08-17 20:59:52,229 INFO [refresh_grounding_cache] [820/1787] pope_random_2350_random_2350
2026-08-17 20:59:57,186 INFO [refresh_grounding_cache] [821/1787] pope_random_2355_random_2355
2026-08-17 21:00:01,118 INFO [refresh_grounding_cache] [822/1787] pope_random_2359_random_2359
2026-08-17 21:00:05,358 INFO [refresh_grounding_cache] [823/1787] pope_random_2360_random_2360
2026-08-17 21:00:09,776 INFO [refresh_grounding_cache] [824/1787] pope_random_2362_random_2362
2026-08-17 21:00:15,299 INFO [refresh_grounding_cache] [825/1787] pope_random_2363_random_2363
2026-08-17 21:00:19,557 INFO [refresh_grounding_cache] [826/1787] pope_random_2368_random_2368
2026-08-17 21:00:23,781 INFO [refresh_grounding_cache] [827/1787] pope_random_2371_random_2371
2026-08-17 21:00:28,096 INFO [refresh_grounding_cache] [828/1787] pope_random_2373_random_2373
2026-08-17 21:00:32,962 INFO [refresh_grounding_cache] [829/1787] pope_random_2374_random_2374
2026-08-17 21:00:37,152 INFO [refresh_grounding_cache] [830/1787] pope_random_2378_random_2378
2026-08-17 21:00:40,993 INFO [refresh_grounding_cache] [831/1787] pope_random_2379_random_2379
2026-08-17 21:00:45,283 INFO [refresh_grounding_cache] [832/1787] pope_random_2383_random_2383
2026-08-17 21:00:49,665 INFO [refresh_grounding_cache] [833/1787] pope_random_2395_random_2395
2026-08-17 21:00:54,281 INFO [refresh_grounding_cache] [834/1787] pope_random_2401_random_2401
2026-08-17 21:00:58,163 INFO [refresh_grounding_cache] [835/1787] pope_random_2407_random_2407
2026-08-17 21:01:03,545 INFO [refresh_grounding_cache] [836/1787] pope_random_2408_random_2408
2026-08-17 21:01:08,152 INFO [refresh_grounding_cache] [837/1787] pope_random_2417_random_2417
2026-08-17 21:01:12,768 INFO [refresh_grounding_cache] [838/1787] pope_random_2425_random_2425
2026-08-17 21:01:16,300 INFO [refresh_grounding_cache] [839/1787] pope_random_2428_random_2428
2026-08-17 21:01:20,366 INFO [refresh_grounding_cache] [840/1787] pope_random_2430_random_2430
2026-08-17 21:01:24,914 INFO [refresh_grounding_cache] [841/1787] pope_random_2437_random_2437
2026-08-17 21:01:29,280 INFO [refresh_grounding_cache] [842/1787] pope_random_2438_random_2438
2026-08-17 21:01:34,104 INFO [refresh_grounding_cache] [843/1787] pope_random_2441_random_2441
2026-08-17 21:01:37,978 INFO [refresh_grounding_cache] [844/1787] pope_random_2442_random_2442
2026-08-17 21:01:40,827 INFO [refresh_grounding_cache] [845/1787] pope_random_2445_random_2445
2026-08-17 21:01:44,193 INFO [refresh_grounding_cache] [846/1787] pope_random_2448_random_2448
2026-08-17 21:01:48,984 INFO [refresh_grounding_cache] [847/1787] pope_random_2458_random_2458
2026-08-17 21:01:53,416 INFO [refresh_grounding_cache] [848/1787] pope_random_2466_random_2466
2026-08-17 21:01:58,506 INFO [refresh_grounding_cache] [849/1787] pope_random_2468_random_2468
2026-08-17 21:02:02,863 INFO [refresh_grounding_cache] [850/1787] pope_random_2471_random_2471
2026-08-17 21:02:07,712 INFO [refresh_grounding_cache] [851/1787] pope_random_2478_random_2478
2026-08-17 21:02:12,419 INFO [refresh_grounding_cache] [852/1787] pope_random_2479_random_2479
2026-08-17 21:02:16,318 INFO [refresh_grounding_cache] [853/1787] pope_random_2480_random_2480
2026-08-17 21:02:19,759 INFO [refresh_grounding_cache] [854/1787] pope_random_2483_random_2483
2026-08-17 21:02:23,100 INFO [refresh_grounding_cache] [855/1787] pope_random_2488_random_2488
2026-08-17 21:02:26,465 INFO [refresh_grounding_cache] [856/1787] pope_random_2489_random_2489
2026-08-17 21:02:30,989 INFO [refresh_grounding_cache] [857/1787] pope_random_2490_random_2490
2026-08-17 21:02:33,489 INFO [refresh_grounding_cache] [858/1787] pope_random_2492_random_2492
2026-08-17 21:02:38,304 INFO [refresh_grounding_cache] [859/1787] pope_random_2493_random_2493
2026-08-17 21:02:41,411 INFO [refresh_grounding_cache] [860/1787] pope_random_2495_random_2495
2026-08-17 21:02:44,511 INFO [refresh_grounding_cache] [861/1787] pope_random_2501_random_2501
2026-08-17 21:02:48,501 INFO [refresh_grounding_cache] [862/1787] pope_random_2503_random_2503
2026-08-17 21:02:51,909 INFO [refresh_grounding_cache] [863/1787] pope_random_2505_random_2505
2026-08-17 21:02:55,341 INFO [refresh_grounding_cache] [864/1787] pope_random_2506_random_2506
2026-08-17 21:02:58,690 INFO [refresh_grounding_cache] [865/1787] pope_random_2508_random_2508
2026-08-17 21:03:02,148 INFO [refresh_grounding_cache] [866/1787] pope_random_2510_random_2510
2026-08-17 21:03:07,396 INFO [refresh_grounding_cache] [867/1787] pope_random_2514_random_2514
2026-08-17 21:03:11,087 INFO [refresh_grounding_cache] [868/1787] pope_random_2516_random_2516
2026-08-17 21:03:15,403 INFO [refresh_grounding_cache] [869/1787] pope_random_2519_random_2519
2026-08-17 21:03:19,569 INFO [refresh_grounding_cache] [870/1787] pope_random_2520_random_2520
2026-08-17 21:03:23,551 INFO [refresh_grounding_cache] [871/1787] pope_random_2521_random_2521
2026-08-17 21:03:27,525 INFO [refresh_grounding_cache] [872/1787] pope_random_2527_random_2527
2026-08-17 21:03:31,191 INFO [refresh_grounding_cache] [873/1787] pope_random_2531_random_2531
2026-08-17 21:03:34,365 INFO [refresh_grounding_cache] [874/1787] pope_random_2535_random_2535
2026-08-17 21:03:39,039 INFO [refresh_grounding_cache] [875/1787] pope_random_2536_random_2536
2026-08-17 21:03:43,321 INFO [refresh_grounding_cache] [876/1787] pope_random_2538_random_2538
2026-08-17 21:03:47,795 INFO [refresh_grounding_cache] [877/1787] pope_random_2546_random_2546
2026-08-17 21:03:51,002 INFO [refresh_grounding_cache] [878/1787] pope_random_2548_random_2548
2026-08-17 21:03:55,651 INFO [refresh_grounding_cache] [879/1787] pope_random_2549_random_2549
2026-08-17 21:03:59,167 INFO [refresh_grounding_cache] [880/1787] pope_random_2552_random_2552
2026-08-17 21:04:03,166 INFO [refresh_grounding_cache] [881/1787] pope_random_2559_random_2559
2026-08-17 21:04:07,598 INFO [refresh_grounding_cache] [882/1787] pope_random_2560_random_2560
2026-08-17 21:04:11,663 INFO [refresh_grounding_cache] [883/1787] pope_random_2567_random_2567
2026-08-17 21:04:15,188 INFO [refresh_grounding_cache] [884/1787] pope_random_2568_random_2568
2026-08-17 21:04:18,745 INFO [refresh_grounding_cache] [885/1787] pope_random_2579_random_2579
2026-08-17 21:04:22,511 INFO [refresh_grounding_cache] [886/1787] pope_random_2585_random_2585
2026-08-17 21:04:26,293 INFO [refresh_grounding_cache] [887/1787] pope_random_2586_random_2586
2026-08-17 21:04:29,592 INFO [refresh_grounding_cache] [888/1787] pope_random_2587_random_2587
2026-08-17 21:04:33,441 INFO [refresh_grounding_cache] [889/1787] pope_random_2592_random_2592
2026-08-17 21:04:36,657 INFO [refresh_grounding_cache] [890/1787] pope_random_2593_random_2593
2026-08-17 21:04:40,173 INFO [refresh_grounding_cache] [891/1787] pope_random_2596_random_2596
2026-08-17 21:04:44,223 INFO [refresh_grounding_cache] [892/1787] pope_random_2599_random_2599
2026-08-17 21:04:48,905 INFO [refresh_grounding_cache] [893/1787] pope_random_2609_random_2609
2026-08-17 21:04:53,287 INFO [refresh_grounding_cache] [894/1787] pope_random_2612_random_2612
2026-08-17 21:04:57,702 INFO [refresh_grounding_cache] [895/1787] pope_random_2621_random_2621
2026-08-17 21:05:01,526 INFO [refresh_grounding_cache] [896/1787] pope_random_2625_random_2625
2026-08-17 21:05:05,284 INFO [refresh_grounding_cache] [897/1787] pope_random_2628_random_2628
2026-08-17 21:05:10,374 INFO [refresh_grounding_cache] [898/1787] pope_random_2629_random_2629
2026-08-17 21:05:14,432 INFO [refresh_grounding_cache] [899/1787] pope_random_2634_random_2634
2026-08-17 21:05:19,022 INFO [refresh_grounding_cache] [900/1787] pope_random_2637_random_2637
2026-08-17 21:05:22,838 INFO [refresh_grounding_cache] [901/1787] pope_random_2644_random_2644
2026-08-17 21:05:26,737 INFO [refresh_grounding_cache] [902/1787] pope_random_2652_random_2652
2026-08-17 21:05:29,936 INFO [refresh_grounding_cache] [903/1787] pope_random_2654_random_2654
2026-08-17 21:05:33,077 INFO [refresh_grounding_cache] [904/1787] pope_random_2658_random_2658
2026-08-17 21:05:38,209 INFO [refresh_grounding_cache] [905/1787] pope_random_2680_random_2680
2026-08-17 21:05:42,816 INFO [refresh_grounding_cache] [906/1787] pope_random_2682_random_2682
2026-08-17 21:05:47,190 INFO [refresh_grounding_cache] [907/1787] pope_random_2695_random_2695
2026-08-17 21:05:51,397 INFO [refresh_grounding_cache] [908/1787] pope_random_2699_random_2699
2026-08-17 21:05:55,621 INFO [refresh_grounding_cache] [909/1787] pope_random_2701_random_2701
2026-08-17 21:05:58,137 INFO [refresh_grounding_cache] [910/1787] pope_random_2715_random_2715
2026-08-17 21:06:02,886 INFO [refresh_grounding_cache] [911/1787] pope_random_2719_random_2719
2026-08-17 21:06:07,593 INFO [refresh_grounding_cache] [912/1787] pope_random_2720_random_2720
2026-08-17 21:06:11,234 INFO [refresh_grounding_cache] [913/1787] pope_random_2722_random_2722
2026-08-17 21:06:15,499 INFO [refresh_grounding_cache] [914/1787] pope_random_2730_random_2730
2026-08-17 21:06:19,615 INFO [refresh_grounding_cache] [915/1787] pope_random_2735_random_2735
2026-08-17 21:06:23,772 INFO [refresh_grounding_cache] [916/1787] pope_random_2736_random_2736
2026-08-17 21:06:27,738 INFO [refresh_grounding_cache] [917/1787] pope_random_2737_random_2737
2026-08-17 21:06:31,262 INFO [refresh_grounding_cache] [918/1787] pope_random_2738_random_2738
2026-08-17 21:06:34,803 INFO [refresh_grounding_cache] [919/1787] pope_random_2743_random_2743
2026-08-17 21:06:39,309 INFO [refresh_grounding_cache] [920/1787] pope_random_2748_random_2748
2026-08-17 21:06:43,516 INFO [refresh_grounding_cache] [921/1787] pope_random_2758_random_2758
2026-08-17 21:06:47,157 INFO [refresh_grounding_cache] [922/1787] pope_random_2760_random_2760
2026-08-17 21:06:51,889 INFO [refresh_grounding_cache] [923/1787] pope_random_2761_random_2761
2026-08-17 21:06:55,797 INFO [refresh_grounding_cache] [924/1787] pope_random_2768_random_2768
2026-08-17 21:07:01,670 INFO [refresh_grounding_cache] [925/1787] pope_random_2780_random_2780
2026-08-17 21:07:06,502 INFO [refresh_grounding_cache] [926/1787] pope_random_2785_random_2785
2026-08-17 21:07:10,975 INFO [refresh_grounding_cache] [927/1787] pope_random_2786_random_2786
2026-08-17 21:07:15,466 INFO [refresh_grounding_cache] [928/1787] pope_random_2787_random_2787
2026-08-17 21:07:19,231 INFO [refresh_grounding_cache] [929/1787] pope_random_2789_random_2789
2026-08-17 21:07:23,122 INFO [refresh_grounding_cache] [930/1787] pope_random_2793_random_2793
2026-08-17 21:07:26,871 INFO [refresh_grounding_cache] [931/1787] pope_random_2801_random_2801
2026-08-17 21:07:30,995 INFO [refresh_grounding_cache] [932/1787] pope_random_2813_random_2813
2026-08-17 21:07:35,694 INFO [refresh_grounding_cache] [933/1787] pope_random_2814_random_2814
2026-08-17 21:07:39,709 INFO [refresh_grounding_cache] [934/1787] pope_random_2819_random_2819
2026-08-17 21:07:44,499 INFO [refresh_grounding_cache] [935/1787] pope_random_2833_random_2833
2026-08-17 21:07:48,432 INFO [refresh_grounding_cache] [936/1787] pope_random_2835_random_2835
2026-08-17 21:07:52,347 INFO [refresh_grounding_cache] [937/1787] pope_random_2837_random_2837
2026-08-17 21:07:56,279 INFO [refresh_grounding_cache] [938/1787] pope_random_2840_random_2840
2026-08-17 21:08:00,403 INFO [refresh_grounding_cache] [939/1787] pope_random_2841_random_2841
2026-08-17 21:08:04,511 INFO [refresh_grounding_cache] [940/1787] pope_random_2854_random_2854
2026-08-17 21:08:08,893 INFO [refresh_grounding_cache] [941/1787] pope_random_2857_random_2857
2026-08-17 21:08:12,467 INFO [refresh_grounding_cache] [942/1787] pope_random_2858_random_2858
2026-08-17 21:08:16,441 INFO [refresh_grounding_cache] [943/1787] pope_random_2862_random_2862
2026-08-17 21:08:20,248 INFO [refresh_grounding_cache] [944/1787] pope_random_2866_random_2866
2026-08-17 21:08:23,123 INFO [refresh_grounding_cache] [945/1787] pope_random_2868_random_2868
2026-08-17 21:08:26,605 INFO [refresh_grounding_cache] [946/1787] pope_random_2870_random_2870
2026-08-17 21:08:30,729 INFO [refresh_grounding_cache] [947/1787] pope_random_2871_random_2871
2026-08-17 21:08:34,219 INFO [refresh_grounding_cache] [948/1787] pope_random_2874_random_2874
2026-08-17 21:08:38,202 INFO [refresh_grounding_cache] [949/1787] pope_random_2888_random_2888
2026-08-17 21:08:41,176 INFO [refresh_grounding_cache] [950/1787] pope_random_2899_random_2899
2026-08-17 21:08:46,058 INFO [refresh_grounding_cache] [951/1787] pope_random_2905_random_2905
2026-08-17 21:08:50,148 INFO [refresh_grounding_cache] [952/1787] pope_random_2906_random_2906
2026-08-17 21:08:53,797 INFO [refresh_grounding_cache] [953/1787] pope_random_2910_random_2910
2026-08-17 21:08:58,679 INFO [refresh_grounding_cache] [954/1787] pope_random_2915_random_2915
2026-08-17 21:09:02,836 INFO [refresh_grounding_cache] [955/1787] pope_random_2916_random_2916
2026-08-17 21:09:07,585 INFO [refresh_grounding_cache] [956/1787] pope_random_2918_random_2918
2026-08-17 21:09:11,592 INFO [refresh_grounding_cache] [957/1787] pope_random_2919_random_2919
2026-08-17 21:09:14,799 INFO [refresh_grounding_cache] [958/1787] pope_random_2924_random_2924
2026-08-17 21:09:19,806 INFO [refresh_grounding_cache] [959/1787] pope_random_2926_random_2926
2026-08-17 21:09:23,363 INFO [refresh_grounding_cache] [960/1787] pope_random_2932_random_2932
2026-08-17 21:09:28,096 INFO [refresh_grounding_cache] [961/1787] pope_random_2933_random_2933
2026-08-17 21:09:32,594 INFO [refresh_grounding_cache] [962/1787] pope_random_2934_random_2934
2026-08-17 21:09:36,968 INFO [refresh_grounding_cache] [963/1787] pope_random_2935_random_2935
2026-08-17 21:09:41,192 INFO [refresh_grounding_cache] [964/1787] pope_random_2941_random_2941
2026-08-17 21:09:45,582 INFO [refresh_grounding_cache] [965/1787] pope_random_2944_random_2944
2026-08-17 21:09:50,147 INFO [refresh_grounding_cache] [966/1787] pope_random_2948_random_2948
2026-08-17 21:09:53,896 INFO [refresh_grounding_cache] [967/1787] pope_random_2953_random_2953
2026-08-17 21:09:57,654 INFO [refresh_grounding_cache] [968/1787] pope_random_2957_random_2957
2026-08-17 21:10:01,927 INFO [refresh_grounding_cache] [969/1787] pope_random_2958_random_2958
2026-08-17 21:10:06,609 INFO [refresh_grounding_cache] [970/1787] pope_random_2962_random_2962
2026-08-17 21:10:11,067 INFO [refresh_grounding_cache] [971/1787] pope_random_2970_random_2970
2026-08-17 21:10:14,366 INFO [refresh_grounding_cache] [972/1787] pope_random_2978_random_2978
2026-08-17 21:10:18,581 INFO [refresh_grounding_cache] [973/1787] pope_random_2981_random_2981
2026-08-17 21:10:22,447 INFO [refresh_grounding_cache] [974/1787] pope_random_2983_random_2983
2026-08-17 21:10:26,162 INFO [refresh_grounding_cache] [975/1787] pope_random_2986_random_2986
2026-08-17 21:10:30,494 INFO [refresh_grounding_cache] [976/1787] pope_random_2987_random_2987
2026-08-17 21:10:34,835 INFO [refresh_grounding_cache] [977/1787] pope_random_2988_random_2988
2026-08-17 21:10:38,742 INFO [refresh_grounding_cache] [978/1787] vizwiz_VizWiz_val_00000004_4
2026-08-17 21:10:43,266 INFO [refresh_grounding_cache] [979/1787] vizwiz_VizWiz_val_00000007_7
2026-08-17 21:10:47,764 INFO [refresh_grounding_cache] [980/1787] vizwiz_VizWiz_val_00000013_13
2026-08-17 21:10:51,405 INFO [refresh_grounding_cache] [981/1787] vizwiz_VizWiz_val_00000019_19
2026-08-17 21:10:54,629 INFO [refresh_grounding_cache] [982/1787] vizwiz_VizWiz_val_00000023_23
2026-08-17 21:10:58,603 INFO [refresh_grounding_cache] [983/1787] vizwiz_VizWiz_val_00000037_37
2026-08-17 21:11:08,750 INFO [refresh_grounding_cache] [984/1787] vizwiz_VizWiz_val_00000039_39
2026-08-17 21:11:12,640 INFO [refresh_grounding_cache] [985/1787] vizwiz_VizWiz_val_00000040_40
2026-08-17 21:11:18,380 INFO [refresh_grounding_cache] [986/1787] vizwiz_VizWiz_val_00000041_41
2026-08-17 21:11:23,529 INFO [refresh_grounding_cache] [987/1787] vizwiz_VizWiz_val_00000047_47
2026-08-17 21:11:28,285 INFO [refresh_grounding_cache] [988/1787] vizwiz_VizWiz_val_00000050_50
2026-08-17 21:11:32,618 INFO [refresh_grounding_cache] [989/1787] vizwiz_VizWiz_val_00000054_54
2026-08-17 21:11:36,017 INFO [refresh_grounding_cache] [990/1787] vizwiz_VizWiz_val_00000057_57
2026-08-17 21:11:39,440 INFO [refresh_grounding_cache] [991/1787] vizwiz_VizWiz_val_00000058_58
2026-08-17 21:11:46,422 INFO [refresh_grounding_cache] [992/1787] vizwiz_VizWiz_val_00000060_60
2026-08-17 21:11:52,978 INFO [refresh_grounding_cache] [993/1787] vizwiz_VizWiz_val_00000066_66
2026-08-17 21:11:57,310 INFO [refresh_grounding_cache] [994/1787] vizwiz_VizWiz_val_00000071_71
2026-08-17 21:12:02,134 INFO [refresh_grounding_cache] [995/1787] vizwiz_VizWiz_val_00000075_75
2026-08-17 21:12:05,974 INFO [refresh_grounding_cache] [996/1787] vizwiz_VizWiz_val_00000080_80
2026-08-17 21:12:09,632 INFO [refresh_grounding_cache] [997/1787] vizwiz_VizWiz_val_00000081_81
2026-08-17 21:12:15,838 INFO [refresh_grounding_cache] [998/1787] vizwiz_VizWiz_val_00000088_88
2026-08-17 21:12:20,995 INFO [refresh_grounding_cache] [999/1787] vizwiz_VizWiz_val_00000090_90
2026-08-17 21:12:24,227 INFO [refresh_grounding_cache] [1000/1787] vizwiz_VizWiz_val_00000093_93
2026-08-17 21:12:29,967 INFO [refresh_grounding_cache] [1001/1787] vizwiz_VizWiz_val_00000096_96
2026-08-17 21:12:33,999 INFO [refresh_grounding_cache] [1002/1787] vizwiz_VizWiz_val_00000100_100
2026-08-17 21:12:37,734 INFO [refresh_grounding_cache] [1003/1787] vizwiz_VizWiz_val_00000107_107
2026-08-17 21:12:44,032 INFO [refresh_grounding_cache] [1004/1787] vizwiz_VizWiz_val_00000120_120
2026-08-17 21:12:48,697 INFO [refresh_grounding_cache] [1005/1787] vizwiz_VizWiz_val_00000123_123
2026-08-17 21:12:52,521 INFO [refresh_grounding_cache] [1006/1787] vizwiz_VizWiz_val_00000125_125
2026-08-17 21:12:56,445 INFO [refresh_grounding_cache] [1007/1787] vizwiz_VizWiz_val_00000130_130
2026-08-17 21:13:02,668 INFO [refresh_grounding_cache] [1008/1787] vizwiz_VizWiz_val_00000150_150
2026-08-17 21:13:10,907 INFO [refresh_grounding_cache] [1009/1787] vizwiz_VizWiz_val_00000152_152
2026-08-17 21:13:14,056 INFO [refresh_grounding_cache] [1010/1787] vizwiz_VizWiz_val_00000154_154
2026-08-17 21:13:19,746 INFO [refresh_grounding_cache] [1011/1787] vizwiz_VizWiz_val_00000155_155
2026-08-17 21:13:22,979 INFO [refresh_grounding_cache] [1012/1787] vizwiz_VizWiz_val_00000157_157
2026-08-17 21:13:32,893 INFO [refresh_grounding_cache] [1013/1787] vizwiz_VizWiz_val_00000162_162
2026-08-17 21:13:59,409 INFO [refresh_grounding_cache] [1014/1787] vizwiz_VizWiz_val_00000170_170
2026-08-17 21:14:03,008 INFO [refresh_grounding_cache] [1015/1787] vizwiz_VizWiz_val_00000171_171
2026-08-17 21:14:05,799 INFO [refresh_grounding_cache] [1016/1787] vizwiz_VizWiz_val_00000172_172
2026-08-17 21:14:09,323 INFO [refresh_grounding_cache] [1017/1787] vizwiz_VizWiz_val_00000173_173
2026-08-17 21:14:12,689 INFO [refresh_grounding_cache] [1018/1787] vizwiz_VizWiz_val_00000181_181
2026-08-17 21:14:16,229 INFO [refresh_grounding_cache] [1019/1787] vizwiz_VizWiz_val_00000207_207
2026-08-17 21:14:22,394 INFO [refresh_grounding_cache] [1020/1787] vizwiz_VizWiz_val_00000212_212
2026-08-17 21:14:26,909 INFO [refresh_grounding_cache] [1021/1787] vizwiz_VizWiz_val_00000213_213
2026-08-17 21:14:32,416 INFO [refresh_grounding_cache] [1022/1787] vizwiz_VizWiz_val_00000218_218
2026-08-17 21:14:37,865 INFO [refresh_grounding_cache] [1023/1787] vizwiz_VizWiz_val_00000222_222
2026-08-17 21:14:40,322 INFO [refresh_grounding_cache] [1024/1787] vizwiz_VizWiz_val_00000228_228
2026-08-17 21:14:45,854 INFO [refresh_grounding_cache] [1025/1787] vizwiz_VizWiz_val_00000230_230
2026-08-17 21:14:49,111 INFO [refresh_grounding_cache] [1026/1787] vizwiz_VizWiz_val_00000234_234
2026-08-17 21:14:56,126 INFO [refresh_grounding_cache] [1027/1787] vizwiz_VizWiz_val_00000240_240
2026-08-17 21:15:01,941 INFO [refresh_grounding_cache] [1028/1787] vizwiz_VizWiz_val_00000241_241
2026-08-17 21:15:05,923 INFO [refresh_grounding_cache] [1029/1787] vizwiz_VizWiz_val_00000249_249
2026-08-17 21:15:10,863 INFO [refresh_grounding_cache] [1030/1787] vizwiz_VizWiz_val_00000253_253
2026-08-17 21:15:14,212 INFO [refresh_grounding_cache] [1031/1787] vizwiz_VizWiz_val_00000254_254
2026-08-17 21:15:19,211 INFO [refresh_grounding_cache] [1032/1787] vizwiz_VizWiz_val_00000259_259
2026-08-17 21:15:25,709 INFO [refresh_grounding_cache] [1033/1787] vizwiz_VizWiz_val_00000263_263
2026-08-17 21:15:28,941 INFO [refresh_grounding_cache] [1034/1787] vizwiz_VizWiz_val_00000264_264
2026-08-17 21:15:37,689 INFO [refresh_grounding_cache] [1035/1787] vizwiz_VizWiz_val_00000267_267
2026-08-17 21:15:40,954 INFO [refresh_grounding_cache] [1036/1787] vizwiz_VizWiz_val_00000268_268
2026-08-17 21:15:45,853 INFO [refresh_grounding_cache] [1037/1787] vizwiz_VizWiz_val_00000269_269
2026-08-17 21:15:52,835 INFO [refresh_grounding_cache] [1038/1787] vizwiz_VizWiz_val_00000270_270
2026-08-17 21:15:56,458 INFO [refresh_grounding_cache] [1039/1787] vizwiz_VizWiz_val_00000274_274
2026-08-17 21:15:59,799 INFO [refresh_grounding_cache] [1040/1787] vizwiz_VizWiz_val_00000275_275
2026-08-17 21:16:03,514 INFO [refresh_grounding_cache] [1041/1787] vizwiz_VizWiz_val_00000282_282
2026-08-17 21:16:07,847 INFO [refresh_grounding_cache] [1042/1787] vizwiz_VizWiz_val_00000285_285
2026-08-17 21:16:11,037 INFO [refresh_grounding_cache] [1043/1787] vizwiz_VizWiz_val_00000286_286
2026-08-17 21:16:15,186 INFO [refresh_grounding_cache] [1044/1787] vizwiz_VizWiz_val_00000292_292
2026-08-17 21:16:18,485 INFO [refresh_grounding_cache] [1045/1787] vizwiz_VizWiz_val_00000296_296
2026-08-17 21:16:23,650 INFO [refresh_grounding_cache] [1046/1787] vizwiz_VizWiz_val_00000297_297
2026-08-17 21:16:26,525 INFO [refresh_grounding_cache] [1047/1787] vizwiz_VizWiz_val_00000299_299
2026-08-17 21:16:30,049 INFO [refresh_grounding_cache] [1048/1787] vizwiz_VizWiz_val_00000301_301
2026-08-17 21:16:34,364 INFO [refresh_grounding_cache] [1049/1787] vizwiz_VizWiz_val_00000302_302
2026-08-17 21:16:39,196 INFO [refresh_grounding_cache] [1050/1787] vizwiz_VizWiz_val_00000306_306
2026-08-17 21:16:43,786 INFO [refresh_grounding_cache] [1051/1787] vizwiz_VizWiz_val_00000309_309
2026-08-17 21:16:49,093 INFO [refresh_grounding_cache] [1052/1787] vizwiz_VizWiz_val_00000312_312
2026-08-17 21:16:53,600 INFO [refresh_grounding_cache] [1053/1787] vizwiz_VizWiz_val_00000314_314
2026-08-17 21:16:58,623 INFO [refresh_grounding_cache] [1054/1787] vizwiz_VizWiz_val_00000316_316
2026-08-17 21:17:03,239 INFO [refresh_grounding_cache] [1055/1787] vizwiz_VizWiz_val_00000323_323
2026-08-17 21:17:07,738 INFO [refresh_grounding_cache] [1056/1787] vizwiz_VizWiz_val_00000325_325
2026-08-17 21:17:13,161 INFO [refresh_grounding_cache] [1057/1787] vizwiz_VizWiz_val_00000326_326
2026-08-17 21:17:18,968 INFO [refresh_grounding_cache] [1058/1787] vizwiz_VizWiz_val_00000345_345
2026-08-17 21:17:24,058 INFO [refresh_grounding_cache] [1059/1787] vizwiz_VizWiz_val_00000351_351
2026-08-17 21:17:33,288 INFO [refresh_grounding_cache] [1060/1787] vizwiz_VizWiz_val_00000354_354
2026-08-17 21:17:38,103 INFO [refresh_grounding_cache] [1061/1787] vizwiz_VizWiz_val_00000357_357
2026-08-17 21:17:46,643 INFO [refresh_grounding_cache] [1062/1787] vizwiz_VizWiz_val_00000360_360
2026-08-17 21:17:52,816 INFO [refresh_grounding_cache] [1063/1787] vizwiz_VizWiz_val_00000363_363
2026-08-17 21:17:57,231 INFO [refresh_grounding_cache] [1064/1787] vizwiz_VizWiz_val_00000367_367
2026-08-17 21:18:02,921 INFO [refresh_grounding_cache] [1065/1787] vizwiz_VizWiz_val_00000370_370
2026-08-17 21:18:10,511 INFO [refresh_grounding_cache] [1066/1787] vizwiz_VizWiz_val_00000374_374
2026-08-17 21:18:14,976 INFO [refresh_grounding_cache] [1067/1787] vizwiz_VizWiz_val_00000378_378
2026-08-17 21:18:18,134 INFO [refresh_grounding_cache] [1068/1787] vizwiz_VizWiz_val_00000380_380
2026-08-17 21:18:22,091 INFO [refresh_grounding_cache] [1069/1787] vizwiz_VizWiz_val_00000382_382
2026-08-17 21:18:30,063 INFO [refresh_grounding_cache] [1070/1787] vizwiz_VizWiz_val_00000384_384
2026-08-17 21:18:33,762 INFO [refresh_grounding_cache] [1071/1787] vizwiz_VizWiz_val_00000387_387
2026-08-17 21:18:37,486 INFO [refresh_grounding_cache] [1072/1787] vizwiz_VizWiz_val_00000400_400
2026-08-17 21:18:42,385 INFO [refresh_grounding_cache] [1073/1787] vizwiz_VizWiz_val_00000405_405
2026-08-17 21:18:47,109 INFO [refresh_grounding_cache] [1074/1787] vizwiz_VizWiz_val_00000407_407
2026-08-17 21:18:53,557 INFO [refresh_grounding_cache] [1075/1787] vizwiz_VizWiz_val_00000408_408
2026-08-17 21:18:57,722 INFO [refresh_grounding_cache] [1076/1787] vizwiz_VizWiz_val_00000409_409
2026-08-17 21:19:04,345 INFO [refresh_grounding_cache] [1077/1787] vizwiz_VizWiz_val_00000411_411
2026-08-17 21:19:12,018 INFO [refresh_grounding_cache] [1078/1787] vizwiz_VizWiz_val_00000413_413
2026-08-17 21:19:24,497 INFO [refresh_grounding_cache] [1079/1787] vizwiz_VizWiz_val_00000415_415
2026-08-17 21:19:28,105 INFO [refresh_grounding_cache] [1080/1787] vizwiz_VizWiz_val_00000423_423
2026-08-17 21:19:31,687 INFO [refresh_grounding_cache] [1081/1787] vizwiz_VizWiz_val_00000427_427
2026-08-17 21:19:36,869 INFO [refresh_grounding_cache] [1082/1787] vizwiz_VizWiz_val_00000428_428
2026-08-17 21:19:43,675 INFO [refresh_grounding_cache] [1083/1787] vizwiz_VizWiz_val_00000429_429
2026-08-17 21:19:48,665 INFO [refresh_grounding_cache] [1084/1787] vizwiz_VizWiz_val_00000431_431
2026-08-17 21:19:53,272 INFO [refresh_grounding_cache] [1085/1787] vizwiz_VizWiz_val_00000436_436
2026-08-17 21:19:55,946 INFO [refresh_grounding_cache] [1086/1787] vizwiz_VizWiz_val_00000442_442
2026-08-17 21:20:01,836 INFO [refresh_grounding_cache] [1087/1787] vizwiz_VizWiz_val_00000448_448
2026-08-17 21:20:06,976 INFO [refresh_grounding_cache] [1088/1787] vizwiz_VizWiz_val_00000450_450
2026-08-17 21:20:12,825 INFO [refresh_grounding_cache] [1089/1787] vizwiz_VizWiz_val_00000451_451
2026-08-17 21:20:18,998 INFO [refresh_grounding_cache] [1090/1787] vizwiz_VizWiz_val_00000452_452
2026-08-17 21:20:23,964 INFO [refresh_grounding_cache] [1091/1787] vizwiz_VizWiz_val_00000453_453
2026-08-17 21:20:28,029 INFO [refresh_grounding_cache] [1092/1787] vizwiz_VizWiz_val_00000475_475
2026-08-17 21:20:32,411 INFO [refresh_grounding_cache] [1093/1787] vizwiz_VizWiz_val_00000478_478
2026-08-17 21:20:37,360 INFO [refresh_grounding_cache] [1094/1787] vizwiz_VizWiz_val_00000492_492
2026-08-17 21:20:42,925 INFO [refresh_grounding_cache] [1095/1787] vizwiz_VizWiz_val_00000496_496
2026-08-17 21:20:46,582 INFO [refresh_grounding_cache] [1096/1787] vizwiz_VizWiz_val_00000497_497
2026-08-17 21:20:50,789 INFO [refresh_grounding_cache] [1097/1787] vizwiz_VizWiz_val_00000499_499
2026-08-17 21:20:54,563 INFO [refresh_grounding_cache] [1098/1787] vizwiz_VizWiz_val_00000504_504
2026-08-17 21:21:01,328 INFO [refresh_grounding_cache] [1099/1787] vizwiz_VizWiz_val_00000505_505
2026-08-17 21:21:06,385 INFO [refresh_grounding_cache] [1100/1787] vizwiz_VizWiz_val_00000509_509
2026-08-17 21:21:11,516 INFO [refresh_grounding_cache] [1101/1787] vizwiz_VizWiz_val_00000511_511
2026-08-17 21:21:16,156 INFO [refresh_grounding_cache] [1102/1787] vizwiz_VizWiz_val_00000516_516
2026-08-17 21:21:23,013 INFO [refresh_grounding_cache] [1103/1787] vizwiz_VizWiz_val_00000522_522
2026-08-17 21:21:31,160 INFO [refresh_grounding_cache] [1104/1787] vizwiz_VizWiz_val_00000523_523
2026-08-17 21:21:34,318 INFO [refresh_grounding_cache] [1105/1787] vizwiz_VizWiz_val_00000531_531
2026-08-17 21:21:37,758 INFO [refresh_grounding_cache] [1106/1787] vizwiz_VizWiz_val_00000544_544
2026-08-17 21:21:41,916 INFO [refresh_grounding_cache] [1107/1787] vizwiz_VizWiz_val_00000551_551
2026-08-17 21:21:47,472 INFO [refresh_grounding_cache] [1108/1787] vizwiz_VizWiz_val_00000557_557
2026-08-17 21:21:54,587 INFO [refresh_grounding_cache] [1109/1787] vizwiz_VizWiz_val_00000559_559
2026-08-17 21:21:57,211 INFO [refresh_grounding_cache] [1110/1787] vizwiz_VizWiz_val_00000569_569
2026-08-17 21:22:00,393 INFO [refresh_grounding_cache] [1111/1787] vizwiz_VizWiz_val_00000570_570
2026-08-17 21:22:04,217 INFO [refresh_grounding_cache] [1112/1787] vizwiz_VizWiz_val_00000572_572
2026-08-17 21:22:08,358 INFO [refresh_grounding_cache] [1113/1787] vizwiz_VizWiz_val_00000573_573
2026-08-17 21:22:13,398 INFO [refresh_grounding_cache] [1114/1787] vizwiz_VizWiz_val_00000575_575
2026-08-17 21:22:17,730 INFO [refresh_grounding_cache] [1115/1787] vizwiz_VizWiz_val_00000577_577
2026-08-17 21:22:21,396 INFO [refresh_grounding_cache] [1116/1787] vizwiz_VizWiz_val_00000579_579
2026-08-17 21:22:27,444 INFO [refresh_grounding_cache] [1117/1787] vizwiz_VizWiz_val_00000584_584
2026-08-17 21:22:32,618 INFO [refresh_grounding_cache] [1118/1787] vizwiz_VizWiz_val_00000585_585
2026-08-17 21:22:36,075 INFO [refresh_grounding_cache] [1119/1787] vizwiz_VizWiz_val_00000589_589
2026-08-17 21:22:39,782 INFO [refresh_grounding_cache] [1120/1787] vizwiz_VizWiz_val_00000597_597
2026-08-17 21:22:43,931 INFO [refresh_grounding_cache] [1121/1787] vizwiz_VizWiz_val_00000602_602
2026-08-17 21:22:47,180 INFO [refresh_grounding_cache] [1122/1787] vizwiz_VizWiz_val_00000604_604
2026-08-17 21:22:50,088 INFO [refresh_grounding_cache] [1123/1787] vizwiz_VizWiz_val_00000615_615
2026-08-17 21:22:53,695 INFO [refresh_grounding_cache] [1124/1787] vizwiz_VizWiz_val_00000619_619
2026-08-17 21:23:03,550 INFO [refresh_grounding_cache] [1125/1787] vizwiz_VizWiz_val_00000629_629
2026-08-17 21:23:07,107 INFO [refresh_grounding_cache] [1126/1787] vizwiz_VizWiz_val_00000633_633
2026-08-17 21:23:11,431 INFO [refresh_grounding_cache] [1127/1787] vizwiz_VizWiz_val_00000634_634
2026-08-17 21:23:14,789 INFO [refresh_grounding_cache] [1128/1787] vizwiz_VizWiz_val_00000635_635
2026-08-17 21:23:17,088 INFO [refresh_grounding_cache] [1129/1787] vizwiz_VizWiz_val_00000639_639
2026-08-17 21:23:21,603 INFO [refresh_grounding_cache] [1130/1787] vizwiz_VizWiz_val_00000643_643
2026-08-17 21:23:27,510 INFO [refresh_grounding_cache] [1131/1787] vizwiz_VizWiz_val_00000644_644
2026-08-17 21:23:31,409 INFO [refresh_grounding_cache] [1132/1787] vizwiz_VizWiz_val_00000647_647
2026-08-17 21:23:35,457 INFO [refresh_grounding_cache] [1133/1787] vizwiz_VizWiz_val_00000657_657
2026-08-17 21:23:41,323 INFO [refresh_grounding_cache] [1134/1787] vizwiz_VizWiz_val_00000663_663
2026-08-17 21:23:46,171 INFO [refresh_grounding_cache] [1135/1787] vizwiz_VizWiz_val_00000668_668
2026-08-17 21:23:50,378 INFO [refresh_grounding_cache] [1136/1787] vizwiz_VizWiz_val_00000673_673
2026-08-17 21:23:53,127 INFO [refresh_grounding_cache] [1137/1787] vizwiz_VizWiz_val_00000676_676
2026-08-17 21:23:59,384 INFO [refresh_grounding_cache] [1138/1787] vizwiz_VizWiz_val_00000685_685
2026-08-17 21:24:04,457 INFO [refresh_grounding_cache] [1139/1787] vizwiz_VizWiz_val_00000690_690
2026-08-17 21:24:08,814 INFO [refresh_grounding_cache] [1140/1787] vizwiz_VizWiz_val_00000692_692
2026-08-17 21:24:13,522 INFO [refresh_grounding_cache] [1141/1787] vizwiz_VizWiz_val_00000693_693
2026-08-17 21:24:17,195 INFO [refresh_grounding_cache] [1142/1787] vizwiz_VizWiz_val_00000700_700
2026-08-17 21:24:21,611 INFO [refresh_grounding_cache] [1143/1787] vizwiz_VizWiz_val_00000702_702
2026-08-17 21:24:26,734 INFO [refresh_grounding_cache] [1144/1787] vizwiz_VizWiz_val_00000706_706
2026-08-17 21:24:31,608 INFO [refresh_grounding_cache] [1145/1787] vizwiz_VizWiz_val_00000712_712
2026-08-17 21:24:35,857 INFO [refresh_grounding_cache] [1146/1787] vizwiz_VizWiz_val_00000715_715
2026-08-17 21:24:45,812 INFO [refresh_grounding_cache] [1147/1787] vizwiz_VizWiz_val_00000724_724
2026-08-17 21:24:50,610 INFO [refresh_grounding_cache] [1148/1787] vizwiz_VizWiz_val_00000735_735
2026-08-17 21:24:56,076 INFO [refresh_grounding_cache] [1149/1787] vizwiz_VizWiz_val_00000738_738
2026-08-17 21:24:59,967 INFO [refresh_grounding_cache] [1150/1787] vizwiz_VizWiz_val_00000739_739
2026-08-17 21:25:04,415 INFO [refresh_grounding_cache] [1151/1787] vizwiz_VizWiz_val_00000740_740
2026-08-17 21:25:08,822 INFO [refresh_grounding_cache] [1152/1787] vizwiz_VizWiz_val_00000741_741
2026-08-17 21:25:12,788 INFO [refresh_grounding_cache] [1153/1787] vizwiz_VizWiz_val_00000743_743
2026-08-17 21:25:18,419 INFO [refresh_grounding_cache] [1154/1787] vizwiz_VizWiz_val_00000760_760
2026-08-17 21:25:22,710 INFO [refresh_grounding_cache] [1155/1787] vizwiz_VizWiz_val_00000766_766
2026-08-17 21:25:28,866 INFO [refresh_grounding_cache] [1156/1787] vizwiz_VizWiz_val_00000775_775
2026-08-17 21:25:32,698 INFO [refresh_grounding_cache] [1157/1787] vizwiz_VizWiz_val_00000784_784
2026-08-17 21:25:46,486 INFO [refresh_grounding_cache] [1158/1787] vizwiz_VizWiz_val_00000785_785
2026-08-17 21:25:49,310 INFO [refresh_grounding_cache] [1159/1787] vizwiz_VizWiz_val_00000792_792
2026-08-17 21:25:53,251 INFO [refresh_grounding_cache] [1160/1787] vizwiz_VizWiz_val_00000796_796
2026-08-17 21:25:58,024 INFO [refresh_grounding_cache] [1161/1787] vizwiz_VizWiz_val_00000801_801
2026-08-17 21:26:02,006 INFO [refresh_grounding_cache] [1162/1787] vizwiz_VizWiz_val_00000805_805
2026-08-17 21:26:05,330 INFO [refresh_grounding_cache] [1163/1787] vizwiz_VizWiz_val_00000808_808
2026-08-17 21:26:09,746 INFO [refresh_grounding_cache] [1164/1787] vizwiz_VizWiz_val_00000816_816
2026-08-17 21:26:18,860 INFO [refresh_grounding_cache] [1165/1787] vizwiz_VizWiz_val_00000822_822
2026-08-17 21:26:23,400 INFO [refresh_grounding_cache] [1166/1787] vizwiz_VizWiz_val_00000828_828
2026-08-17 21:26:25,641 INFO [refresh_grounding_cache] [1167/1787] vizwiz_VizWiz_val_00000829_829
2026-08-17 21:26:31,656 INFO [refresh_grounding_cache] [1168/1787] vizwiz_VizWiz_val_00000836_836
2026-08-17 21:26:36,446 INFO [refresh_grounding_cache] [1169/1787] vizwiz_VizWiz_val_00000839_839
2026-08-17 21:26:39,904 INFO [refresh_grounding_cache] [1170/1787] vizwiz_VizWiz_val_00000840_840
2026-08-17 21:26:42,970 INFO [refresh_grounding_cache] [1171/1787] vizwiz_VizWiz_val_00000841_841
2026-08-17 21:26:45,885 INFO [refresh_grounding_cache] [1172/1787] vizwiz_VizWiz_val_00000847_847
2026-08-17 21:26:53,991 INFO [refresh_grounding_cache] [1173/1787] vizwiz_VizWiz_val_00000851_851
2026-08-17 21:27:04,172 INFO [refresh_grounding_cache] [1174/1787] vizwiz_VizWiz_val_00000852_852
2026-08-17 21:27:08,087 INFO [refresh_grounding_cache] [1175/1787] vizwiz_VizWiz_val_00000854_854
2026-08-17 21:27:13,027 INFO [refresh_grounding_cache] [1176/1787] vizwiz_VizWiz_val_00000859_859
2026-08-17 21:27:18,584 INFO [refresh_grounding_cache] [1177/1787] vizwiz_VizWiz_val_00000865_865
2026-08-17 21:27:21,584 INFO [refresh_grounding_cache] [1178/1787] vizwiz_VizWiz_val_00000874_874
2026-08-17 21:27:27,199 INFO [refresh_grounding_cache] [1179/1787] vizwiz_VizWiz_val_00000875_875
2026-08-17 21:27:30,956 INFO [refresh_grounding_cache] [1180/1787] vizwiz_VizWiz_val_00000877_877
2026-08-17 21:27:34,872 INFO [refresh_grounding_cache] [1181/1787] vizwiz_VizWiz_val_00000879_879
2026-08-17 21:27:37,612 INFO [refresh_grounding_cache] [1182/1787] vizwiz_VizWiz_val_00000887_887
2026-08-17 21:27:43,786 INFO [refresh_grounding_cache] [1183/1787] vizwiz_VizWiz_val_00000888_888
2026-08-17 21:27:48,901 INFO [refresh_grounding_cache] [1184/1787] vizwiz_VizWiz_val_00000890_890
2026-08-17 21:27:56,698 INFO [refresh_grounding_cache] [1185/1787] vizwiz_VizWiz_val_00000891_891
2026-08-17 21:27:59,398 INFO [refresh_grounding_cache] [1186/1787] vizwiz_VizWiz_val_00000893_893
2026-08-17 21:28:02,688 INFO [refresh_grounding_cache] [1187/1787] vizwiz_VizWiz_val_00000895_895
2026-08-17 21:28:08,595 INFO [refresh_grounding_cache] [1188/1787] vizwiz_VizWiz_val_00000901_901
2026-08-17 21:28:14,002 INFO [refresh_grounding_cache] [1189/1787] vizwiz_VizWiz_val_00000904_904
2026-08-17 21:28:18,675 INFO [refresh_grounding_cache] [1190/1787] vizwiz_VizWiz_val_00000910_910
2026-08-17 21:28:25,082 INFO [refresh_grounding_cache] [1191/1787] vizwiz_VizWiz_val_00000914_914
2026-08-17 21:28:29,456 INFO [refresh_grounding_cache] [1192/1787] vizwiz_VizWiz_val_00000916_916
2026-08-17 21:28:33,071 INFO [refresh_grounding_cache] [1193/1787] vizwiz_VizWiz_val_00000917_917
2026-08-17 21:28:37,078 INFO [refresh_grounding_cache] [1194/1787] vizwiz_VizWiz_val_00000922_922
2026-08-17 21:28:40,078 INFO [refresh_grounding_cache] [1195/1787] vizwiz_VizWiz_val_00000927_927
2026-08-17 21:28:47,417 INFO [refresh_grounding_cache] [1196/1787] vizwiz_VizWiz_val_00000928_928
2026-08-17 21:28:51,508 INFO [refresh_grounding_cache] [1197/1787] vizwiz_VizWiz_val_00000929_929
2026-08-17 21:28:54,748 INFO [refresh_grounding_cache] [1198/1787] vizwiz_VizWiz_val_00000937_937
2026-08-17 21:29:05,253 INFO [refresh_grounding_cache] [1199/1787] vizwiz_VizWiz_val_00000962_962
2026-08-17 21:29:09,535 INFO [refresh_grounding_cache] [1200/1787] vizwiz_VizWiz_val_00000966_966
2026-08-17 21:29:13,076 INFO [refresh_grounding_cache] [1201/1787] vizwiz_VizWiz_val_00000967_967
2026-08-17 21:29:17,800 INFO [refresh_grounding_cache] [1202/1787] vizwiz_VizWiz_val_00000968_968
2026-08-17 21:29:23,065 INFO [refresh_grounding_cache] [1203/1787] vizwiz_VizWiz_val_00000969_969
2026-08-17 21:29:26,722 INFO [refresh_grounding_cache] [1204/1787] vizwiz_VizWiz_val_00000972_972
2026-08-17 21:29:30,380 INFO [refresh_grounding_cache] [1205/1787] vizwiz_VizWiz_val_00000973_973
2026-08-17 21:29:33,879 INFO [refresh_grounding_cache] [1206/1787] vizwiz_VizWiz_val_00000974_974
2026-08-17 21:29:37,994 INFO [refresh_grounding_cache] [1207/1787] vizwiz_VizWiz_val_00000977_977
2026-08-17 21:29:42,343 INFO [refresh_grounding_cache] [1208/1787] vizwiz_VizWiz_val_00000979_979
2026-08-17 21:29:47,517 INFO [refresh_grounding_cache] [1209/1787] vizwiz_VizWiz_val_00000981_981
2026-08-17 21:29:51,399 INFO [refresh_grounding_cache] [1210/1787] vizwiz_VizWiz_val_00000988_988
2026-08-17 21:29:55,990 INFO [refresh_grounding_cache] [1211/1787] vizwiz_VizWiz_val_00000990_990
2026-08-17 21:30:04,462 INFO [refresh_grounding_cache] [1212/1787] vizwiz_VizWiz_val_00000992_992
2026-08-17 21:30:09,477 INFO [refresh_grounding_cache] [1213/1787] vizwiz_VizWiz_val_00000994_994
2026-08-17 21:30:15,359 INFO [refresh_grounding_cache] [1214/1787] vizwiz_VizWiz_val_00000997_997
2026-08-17 21:30:19,649 INFO [refresh_grounding_cache] [1215/1787] vizwiz_VizWiz_val_00000999_999
2026-08-17 21:30:23,731 INFO [refresh_grounding_cache] [1216/1787] vizwiz_VizWiz_val_00001006_1006
2026-08-17 21:30:26,639 INFO [refresh_grounding_cache] [1217/1787] vizwiz_VizWiz_val_00001007_1007
2026-08-17 21:30:31,445 INFO [refresh_grounding_cache] [1218/1787] vizwiz_VizWiz_val_00001010_1010
2026-08-17 21:30:37,677 INFO [refresh_grounding_cache] [1219/1787] vizwiz_VizWiz_val_00001015_1015
2026-08-17 21:30:40,659 INFO [refresh_grounding_cache] [1220/1787] vizwiz_VizWiz_val_00001016_1016
2026-08-17 21:30:51,689 INFO [refresh_grounding_cache] [1221/1787] vizwiz_VizWiz_val_00001019_1019
2026-08-17 21:30:54,980 INFO [refresh_grounding_cache] [1222/1787] vizwiz_VizWiz_val_00001023_1023
2026-08-17 21:30:59,254 INFO [refresh_grounding_cache] [1223/1787] vizwiz_VizWiz_val_00001024_1024
2026-08-17 21:31:05,419 INFO [refresh_grounding_cache] [1224/1787] vizwiz_VizWiz_val_00001026_1026
2026-08-17 21:31:09,176 INFO [refresh_grounding_cache] [1225/1787] vizwiz_VizWiz_val_00001027_1027
2026-08-17 21:31:14,199 INFO [refresh_grounding_cache] [1226/1787] vizwiz_VizWiz_val_00001029_1029
2026-08-17 21:31:18,157 INFO [refresh_grounding_cache] [1227/1787] vizwiz_VizWiz_val_00001030_1030
2026-08-17 21:31:23,330 INFO [refresh_grounding_cache] [1228/1787] vizwiz_VizWiz_val_00001032_1032
2026-08-17 21:31:33,485 INFO [refresh_grounding_cache] [1229/1787] vizwiz_VizWiz_val_00001046_1046
2026-08-17 21:31:43,640 INFO [refresh_grounding_cache] [1230/1787] vizwiz_VizWiz_val_00001048_1048
2026-08-17 21:31:46,098 INFO [refresh_grounding_cache] [1231/1787] vizwiz_VizWiz_val_00001071_1071
2026-08-17 21:31:48,981 INFO [refresh_grounding_cache] [1232/1787] vizwiz_VizWiz_val_00001073_1073
2026-08-17 21:31:53,088 INFO [refresh_grounding_cache] [1233/1787] vizwiz_VizWiz_val_00001075_1075
2026-08-17 21:31:58,962 INFO [refresh_grounding_cache] [1234/1787] vizwiz_VizWiz_val_00001082_1082
2026-08-17 21:32:02,386 INFO [refresh_grounding_cache] [1235/1787] vizwiz_VizWiz_val_00001086_1086
2026-08-17 21:32:05,893 INFO [refresh_grounding_cache] [1236/1787] vizwiz_VizWiz_val_00001087_1087
2026-08-17 21:32:10,950 INFO [refresh_grounding_cache] [1237/1787] vizwiz_VizWiz_val_00001088_1088
2026-08-17 21:32:14,940 INFO [refresh_grounding_cache] [1238/1787] vizwiz_VizWiz_val_00001091_1091
2026-08-17 21:32:18,273 INFO [refresh_grounding_cache] [1239/1787] vizwiz_VizWiz_val_00001099_1099
2026-08-17 21:32:23,988 INFO [refresh_grounding_cache] [1240/1787] vizwiz_VizWiz_val_00001101_1101
2026-08-17 21:32:31,135 INFO [refresh_grounding_cache] [1241/1787] vizwiz_VizWiz_val_00001105_1105
2026-08-17 21:32:35,292 INFO [refresh_grounding_cache] [1242/1787] vizwiz_VizWiz_val_00001114_1114
2026-08-17 21:32:41,399 INFO [refresh_grounding_cache] [1243/1787] vizwiz_VizWiz_val_00001117_1117
2026-08-17 21:32:44,923 INFO [refresh_grounding_cache] [1244/1787] vizwiz_VizWiz_val_00001119_1119
2026-08-17 21:32:48,356 INFO [refresh_grounding_cache] [1245/1787] vizwiz_VizWiz_val_00001121_1121
2026-08-17 21:32:52,104 INFO [refresh_grounding_cache] [1246/1787] vizwiz_VizWiz_val_00001130_1130
2026-08-17 21:32:57,003 INFO [refresh_grounding_cache] [1247/1787] vizwiz_VizWiz_val_00001133_1133
2026-08-17 21:33:01,277 INFO [refresh_grounding_cache] [1248/1787] vizwiz_VizWiz_val_00001137_1137
2026-08-17 21:33:07,317 INFO [refresh_grounding_cache] [1249/1787] vizwiz_VizWiz_val_00001139_1139
2026-08-17 21:33:10,291 INFO [refresh_grounding_cache] [1250/1787] vizwiz_VizWiz_val_00001140_1140
2026-08-17 21:33:15,148 INFO [refresh_grounding_cache] [1251/1787] vizwiz_VizWiz_val_00001141_1141
2026-08-17 21:33:19,721 INFO [refresh_grounding_cache] [1252/1787] vizwiz_VizWiz_val_00001143_1143
2026-08-17 21:33:23,154 INFO [refresh_grounding_cache] [1253/1787] vizwiz_VizWiz_val_00001147_1147
2026-08-17 21:33:26,403 INFO [refresh_grounding_cache] [1254/1787] vizwiz_VizWiz_val_00001155_1155
2026-08-17 21:33:30,002 INFO [refresh_grounding_cache] [1255/1787] vizwiz_VizWiz_val_00001158_1158
2026-08-17 21:33:35,783 INFO [refresh_grounding_cache] [1256/1787] vizwiz_VizWiz_val_00001159_1159
2026-08-17 21:33:40,974 INFO [refresh_grounding_cache] [1257/1787] vizwiz_VizWiz_val_00001163_1163
2026-08-17 21:33:46,047 INFO [refresh_grounding_cache] [1258/1787] vizwiz_VizWiz_val_00001164_1164
2026-08-17 21:33:50,154 INFO [refresh_grounding_cache] [1259/1787] vizwiz_VizWiz_val_00001165_1165
2026-08-17 21:33:55,561 INFO [refresh_grounding_cache] [1260/1787] vizwiz_VizWiz_val_00001175_1175
2026-08-17 21:34:01,551 INFO [refresh_grounding_cache] [1261/1787] vizwiz_VizWiz_val_00001177_1177
2026-08-17 21:34:04,817 INFO [refresh_grounding_cache] [1262/1787] vizwiz_VizWiz_val_00001187_1187
2026-08-17 21:34:09,323 INFO [refresh_grounding_cache] [1263/1787] vizwiz_VizWiz_val_00001189_1189
2026-08-17 21:34:13,106 INFO [refresh_grounding_cache] [1264/1787] vizwiz_VizWiz_val_00001194_1194
2026-08-17 21:34:18,271 INFO [refresh_grounding_cache] [1265/1787] vizwiz_VizWiz_val_00001200_1200
2026-08-17 21:34:21,229 INFO [refresh_grounding_cache] [1266/1787] vizwiz_VizWiz_val_00001201_1201
2026-08-17 21:34:25,661 INFO [refresh_grounding_cache] [1267/1787] vizwiz_VizWiz_val_00001203_1203
2026-08-17 21:34:28,069 INFO [refresh_grounding_cache] [1268/1787] vizwiz_VizWiz_val_00001206_1206
2026-08-17 21:34:32,192 INFO [refresh_grounding_cache] [1269/1787] vizwiz_VizWiz_val_00001209_1209
2026-08-17 21:34:35,591 INFO [refresh_grounding_cache] [1270/1787] vizwiz_VizWiz_val_00001211_1211
2026-08-17 21:34:40,415 INFO [refresh_grounding_cache] [1271/1787] vizwiz_VizWiz_val_00001212_1212
2026-08-17 21:34:43,481 INFO [refresh_grounding_cache] [1272/1787] vizwiz_VizWiz_val_00001213_1213
2026-08-17 21:34:47,288 INFO [refresh_grounding_cache] [1273/1787] vizwiz_VizWiz_val_00001214_1214
2026-08-17 21:34:50,596 INFO [refresh_grounding_cache] [1274/1787] vizwiz_VizWiz_val_00001215_1215
2026-08-17 21:34:54,853 INFO [refresh_grounding_cache] [1275/1787] vizwiz_VizWiz_val_00001219_1219
2026-08-17 21:34:59,176 INFO [refresh_grounding_cache] [1276/1787] vizwiz_VizWiz_val_00001220_1220
2026-08-17 21:35:03,625 INFO [refresh_grounding_cache] [1277/1787] vizwiz_VizWiz_val_00001222_1222
2026-08-17 21:35:09,665 INFO [refresh_grounding_cache] [1278/1787] vizwiz_VizWiz_val_00001224_1224
2026-08-17 21:35:13,822 INFO [refresh_grounding_cache] [1279/1787] vizwiz_VizWiz_val_00001226_1226
2026-08-17 21:35:16,946 INFO [refresh_grounding_cache] [1280/1787] vizwiz_VizWiz_val_00001228_1228
2026-08-17 21:35:21,870 INFO [refresh_grounding_cache] [1281/1787] vizwiz_VizWiz_val_00001229_1229
2026-08-17 21:35:25,810 INFO [refresh_grounding_cache] [1282/1787] vizwiz_VizWiz_val_00001230_1230
2026-08-17 21:35:30,250 INFO [refresh_grounding_cache] [1283/1787] vizwiz_VizWiz_val_00001231_1231
2026-08-17 21:35:35,107 INFO [refresh_grounding_cache] [1284/1787] vizwiz_VizWiz_val_00001232_1232
2026-08-17 21:35:38,165 INFO [refresh_grounding_cache] [1285/1787] vizwiz_VizWiz_val_00001239_1239
2026-08-17 21:35:43,130 INFO [refresh_grounding_cache] [1286/1787] vizwiz_VizWiz_val_00001240_1240
2026-08-17 21:35:46,262 INFO [refresh_grounding_cache] [1287/1787] vizwiz_VizWiz_val_00001246_1246
2026-08-17 21:35:49,603 INFO [refresh_grounding_cache] [1288/1787] vizwiz_VizWiz_val_00001250_1250
2026-08-17 21:35:55,351 INFO [refresh_grounding_cache] [1289/1787] vizwiz_VizWiz_val_00001256_1256
2026-08-17 21:35:58,675 INFO [refresh_grounding_cache] [1290/1787] vizwiz_VizWiz_val_00001259_1259
2026-08-17 21:36:02,149 INFO [refresh_grounding_cache] [1291/1787] vizwiz_VizWiz_val_00001261_1261
2026-08-17 21:36:08,048 INFO [refresh_grounding_cache] [1292/1787] vizwiz_VizWiz_val_00001262_1262
2026-08-17 21:36:12,288 INFO [refresh_grounding_cache] [1293/1787] vizwiz_VizWiz_val_00001267_1267
2026-08-17 21:36:16,345 INFO [refresh_grounding_cache] [1294/1787] vizwiz_VizWiz_val_00001268_1268
2026-08-17 21:36:19,444 INFO [refresh_grounding_cache] [1295/1787] vizwiz_VizWiz_val_00001269_1269
2026-08-17 21:36:22,652 INFO [refresh_grounding_cache] [1296/1787] vizwiz_VizWiz_val_00001278_1278
2026-08-17 21:36:26,893 INFO [refresh_grounding_cache] [1297/1787] vizwiz_VizWiz_val_00001282_1282
2026-08-17 21:36:30,367 INFO [refresh_grounding_cache] [1298/1787] vizwiz_VizWiz_val_00001286_1286
2026-08-17 21:36:32,766 INFO [refresh_grounding_cache] [1299/1787] vizwiz_VizWiz_val_00001287_1287
2026-08-17 21:36:35,615 INFO [refresh_grounding_cache] [1300/1787] vizwiz_VizWiz_val_00001291_1291
2026-08-17 21:36:39,914 INFO [refresh_grounding_cache] [1301/1787] vizwiz_VizWiz_val_00001302_1302
2026-08-17 21:36:42,888 INFO [refresh_grounding_cache] [1302/1787] vizwiz_VizWiz_val_00001307_1307
2026-08-17 21:36:45,921 INFO [refresh_grounding_cache] [1303/1787] vizwiz_VizWiz_val_00001321_1321
2026-08-17 21:36:49,228 INFO [refresh_grounding_cache] [1304/1787] vizwiz_VizWiz_val_00001323_1323
2026-08-17 21:36:53,069 INFO [refresh_grounding_cache] [1305/1787] vizwiz_VizWiz_val_00001330_1330
2026-08-17 21:36:57,001 INFO [refresh_grounding_cache] [1306/1787] vizwiz_VizWiz_val_00001335_1335
2026-08-17 21:37:01,449 INFO [refresh_grounding_cache] [1307/1787] vizwiz_VizWiz_val_00001343_1343
2026-08-17 21:37:05,715 INFO [refresh_grounding_cache] [1308/1787] vizwiz_VizWiz_val_00001348_1348
2026-08-17 21:37:09,014 INFO [refresh_grounding_cache] [1309/1787] vizwiz_VizWiz_val_00001349_1349
2026-08-17 21:37:11,930 INFO [refresh_grounding_cache] [1310/1787] vizwiz_VizWiz_val_00001351_1351
2026-08-17 21:37:15,162 INFO [refresh_grounding_cache] [1311/1787] vizwiz_VizWiz_val_00001359_1359
2026-08-17 21:37:19,311 INFO [refresh_grounding_cache] [1312/1787] vizwiz_VizWiz_val_00001379_1379
2026-08-17 21:37:22,935 INFO [refresh_grounding_cache] [1313/1787] vizwiz_VizWiz_val_00001382_1382
2026-08-17 21:37:26,984 INFO [refresh_grounding_cache] [1314/1787] vizwiz_VizWiz_val_00001383_1383
2026-08-17 21:37:32,624 INFO [refresh_grounding_cache] [1315/1787] vizwiz_VizWiz_val_00001387_1387
2026-08-17 21:37:38,805 INFO [refresh_grounding_cache] [1316/1787] vizwiz_VizWiz_val_00001394_1394
2026-08-17 21:37:43,021 INFO [refresh_grounding_cache] [1317/1787] vizwiz_VizWiz_val_00001397_1397
2026-08-17 21:37:45,962 INFO [refresh_grounding_cache] [1318/1787] vizwiz_VizWiz_val_00001398_1398
2026-08-17 21:37:50,294 INFO [refresh_grounding_cache] [1319/1787] vizwiz_VizWiz_val_00001406_1406
2026-08-17 21:37:54,218 INFO [refresh_grounding_cache] [1320/1787] vizwiz_VizWiz_val_00001413_1413
2026-08-17 21:37:58,458 INFO [refresh_grounding_cache] [1321/1787] vizwiz_VizWiz_val_00001414_1414
2026-08-17 21:38:02,507 INFO [refresh_grounding_cache] [1322/1787] vizwiz_VizWiz_val_00001417_1417
2026-08-17 21:38:06,731 INFO [refresh_grounding_cache] [1323/1787] vizwiz_VizWiz_val_00001427_1427
2026-08-17 21:38:09,896 INFO [refresh_grounding_cache] [1324/1787] vizwiz_VizWiz_val_00001430_1430
2026-08-17 21:38:14,737 INFO [refresh_grounding_cache] [1325/1787] vizwiz_VizWiz_val_00001435_1435
2026-08-17 21:38:19,410 INFO [refresh_grounding_cache] [1326/1787] vizwiz_VizWiz_val_00001445_1445
2026-08-17 21:38:23,351 INFO [refresh_grounding_cache] [1327/1787] vizwiz_VizWiz_val_00001454_1454
2026-08-17 21:38:29,641 INFO [refresh_grounding_cache] [1328/1787] vizwiz_VizWiz_val_00001458_1458
2026-08-17 21:38:34,748 INFO [refresh_grounding_cache] [1329/1787] vizwiz_VizWiz_val_00001459_1459
2026-08-17 21:38:39,013 INFO [refresh_grounding_cache] [1330/1787] vizwiz_VizWiz_val_00001470_1470
2026-08-17 21:38:42,371 INFO [refresh_grounding_cache] [1331/1787] vizwiz_VizWiz_val_00001474_1474
2026-08-17 21:38:45,453 INFO [refresh_grounding_cache] [1332/1787] vizwiz_VizWiz_val_00001481_1481
2026-08-17 21:38:49,844 INFO [refresh_grounding_cache] [1333/1787] vizwiz_VizWiz_val_00001485_1485
2026-08-17 21:38:54,126 INFO [refresh_grounding_cache] [1334/1787] vizwiz_VizWiz_val_00001487_1487
2026-08-17 21:38:57,000 INFO [refresh_grounding_cache] [1335/1787] vizwiz_VizWiz_val_00001495_1495
2026-08-17 21:39:02,298 INFO [refresh_grounding_cache] [1336/1787] vizwiz_VizWiz_val_00001498_1498
2026-08-17 21:39:05,014 INFO [refresh_grounding_cache] [1337/1787] vizwiz_VizWiz_val_00001502_1502
2026-08-17 21:39:10,204 INFO [refresh_grounding_cache] [1338/1787] vizwiz_VizWiz_val_00001506_1506
2026-08-17 21:39:13,704 INFO [refresh_grounding_cache] [1339/1787] vizwiz_VizWiz_val_00001510_1510
2026-08-17 21:39:17,786 INFO [refresh_grounding_cache] [1340/1787] vizwiz_VizWiz_val_00001511_1511
2026-08-17 21:39:22,401 INFO [refresh_grounding_cache] [1341/1787] vizwiz_VizWiz_val_00001515_1515
2026-08-17 21:39:26,550 INFO [refresh_grounding_cache] [1342/1787] vizwiz_VizWiz_val_00001516_1516
2026-08-17 21:39:29,416 INFO [refresh_grounding_cache] [1343/1787] vizwiz_VizWiz_val_00001526_1526
2026-08-17 21:39:32,698 INFO [refresh_grounding_cache] [1344/1787] vizwiz_VizWiz_val_00001527_1527
2026-08-17 21:39:35,455 INFO [refresh_grounding_cache] [1345/1787] vizwiz_VizWiz_val_00001533_1533
2026-08-17 21:39:41,787 INFO [refresh_grounding_cache] [1346/1787] vizwiz_VizWiz_val_00001534_1534
2026-08-17 21:39:46,577 INFO [refresh_grounding_cache] [1347/1787] vizwiz_VizWiz_val_00001537_1537
2026-08-17 21:39:51,409 INFO [refresh_grounding_cache] [1348/1787] vizwiz_VizWiz_val_00001542_1542
2026-08-17 21:40:01,681 INFO [refresh_grounding_cache] [1349/1787] vizwiz_VizWiz_val_00001544_1544
2026-08-17 21:40:05,030 INFO [refresh_grounding_cache] [1350/1787] vizwiz_VizWiz_val_00001546_1546
2026-08-17 21:40:08,987 INFO [refresh_grounding_cache] [1351/1787] vizwiz_VizWiz_val_00001549_1549
2026-08-17 21:40:12,545 INFO [refresh_grounding_cache] [1352/1787] vizwiz_VizWiz_val_00001564_1564
2026-08-17 21:40:14,536 INFO [refresh_grounding_cache] [1353/1787] vizwiz_VizWiz_val_00001565_1565
2026-08-17 21:40:17,252 INFO [refresh_grounding_cache] [1354/1787] vizwiz_VizWiz_val_00001567_1567
2026-08-17 21:40:22,142 INFO [refresh_grounding_cache] [1355/1787] vizwiz_VizWiz_val_00001573_1573
2026-08-17 21:40:25,583 INFO [refresh_grounding_cache] [1356/1787] vizwiz_VizWiz_val_00001578_1578
2026-08-17 21:40:28,223 INFO [refresh_grounding_cache] [1357/1787] vizwiz_VizWiz_val_00001579_1579
2026-08-17 21:40:33,122 INFO [refresh_grounding_cache] [1358/1787] vizwiz_VizWiz_val_00001583_1583
2026-08-17 21:40:37,004 INFO [refresh_grounding_cache] [1359/1787] vizwiz_VizWiz_val_00001584_1584
2026-08-17 21:40:40,712 INFO [refresh_grounding_cache] [1360/1787] vizwiz_VizWiz_val_00001585_1585
2026-08-17 21:40:58,940 INFO [refresh_grounding_cache] [1361/1787] vizwiz_VizWiz_val_00001586_1586
2026-08-17 21:41:03,222 INFO [refresh_grounding_cache] [1362/1787] vizwiz_VizWiz_val_00001596_1596
2026-08-17 21:41:06,812 INFO [refresh_grounding_cache] [1363/1787] vizwiz_VizWiz_val_00001598_1598
2026-08-17 21:41:10,670 INFO [refresh_grounding_cache] [1364/1787] vizwiz_VizWiz_val_00001603_1603
2026-08-17 21:41:14,927 INFO [refresh_grounding_cache] [1365/1787] vizwiz_VizWiz_val_00001605_1605
2026-08-17 21:41:19,176 INFO [refresh_grounding_cache] [1366/1787] vizwiz_VizWiz_val_00001614_1614
2026-08-17 21:41:23,249 INFO [refresh_grounding_cache] [1367/1787] vizwiz_VizWiz_val_00001622_1622
2026-08-17 21:41:27,623 INFO [refresh_grounding_cache] [1368/1787] vizwiz_VizWiz_val_00001636_1636
2026-08-17 21:41:32,505 INFO [refresh_grounding_cache] [1369/1787] vizwiz_VizWiz_val_00001640_1640
2026-08-17 21:41:37,595 INFO [refresh_grounding_cache] [1370/1787] vizwiz_VizWiz_val_00001641_1641
2026-08-17 21:41:42,360 INFO [refresh_grounding_cache] [1371/1787] vizwiz_VizWiz_val_00001642_1642
2026-08-17 21:41:45,501 INFO [refresh_grounding_cache] [1372/1787] vizwiz_VizWiz_val_00001646_1646
2026-08-17 21:41:48,809 INFO [refresh_grounding_cache] [1373/1787] vizwiz_VizWiz_val_00001648_1648
2026-08-17 21:41:52,866 INFO [refresh_grounding_cache] [1374/1787] vizwiz_VizWiz_val_00001668_1668
2026-08-17 21:41:55,790 INFO [refresh_grounding_cache] [1375/1787] vizwiz_VizWiz_val_00001672_1672
2026-08-17 21:42:00,130 INFO [refresh_grounding_cache] [1376/1787] vizwiz_VizWiz_val_00001675_1675
2026-08-17 21:42:03,913 INFO [refresh_grounding_cache] [1377/1787] vizwiz_VizWiz_val_00001677_1677
2026-08-17 21:42:07,753 INFO [refresh_grounding_cache] [1378/1787] vizwiz_VizWiz_val_00001679_1679
2026-08-17 21:42:11,485 INFO [refresh_grounding_cache] [1379/1787] vizwiz_VizWiz_val_00001688_1688
2026-08-17 21:42:18,100 INFO [refresh_grounding_cache] [1380/1787] vizwiz_VizWiz_val_00001689_1689
2026-08-17 21:42:22,224 INFO [refresh_grounding_cache] [1381/1787] vizwiz_VizWiz_val_00001690_1690
2026-08-17 21:42:25,690 INFO [refresh_grounding_cache] [1382/1787] vizwiz_VizWiz_val_00001692_1692
2026-08-17 21:42:30,622 INFO [refresh_grounding_cache] [1383/1787] vizwiz_VizWiz_val_00001693_1693
2026-08-17 21:42:34,304 INFO [refresh_grounding_cache] [1384/1787] vizwiz_VizWiz_val_00001697_1697
2026-08-17 21:42:38,178 INFO [refresh_grounding_cache] [1385/1787] vizwiz_VizWiz_val_00001698_1698
2026-08-17 21:42:42,426 INFO [refresh_grounding_cache] [1386/1787] vizwiz_VizWiz_val_00001701_1701
2026-08-17 21:42:45,659 INFO [refresh_grounding_cache] [1387/1787] vizwiz_VizWiz_val_00001712_1712
2026-08-17 21:42:49,391 INFO [refresh_grounding_cache] [1388/1787] vizwiz_VizWiz_val_00001713_1713
2026-08-17 21:42:52,973 INFO [refresh_grounding_cache] [1389/1787] vizwiz_VizWiz_val_00001719_1719
2026-08-17 21:42:57,914 INFO [refresh_grounding_cache] [1390/1787] vizwiz_VizWiz_val_00001723_1723
2026-08-17 21:43:01,430 INFO [refresh_grounding_cache] [1391/1787] vizwiz_VizWiz_val_00001724_1724
2026-08-17 21:43:05,395 INFO [refresh_grounding_cache] [1392/1787] vizwiz_VizWiz_val_00001728_1728
2026-08-17 21:43:09,711 INFO [refresh_grounding_cache] [1393/1787] vizwiz_VizWiz_val_00001730_1730
2026-08-17 21:43:13,151 INFO [refresh_grounding_cache] [1394/1787] vizwiz_VizWiz_val_00001735_1735
2026-08-17 21:43:16,942 INFO [refresh_grounding_cache] [1395/1787] vizwiz_VizWiz_val_00001736_1736
2026-08-17 21:43:20,391 INFO [refresh_grounding_cache] [1396/1787] vizwiz_VizWiz_val_00001747_1747
2026-08-17 21:43:25,806 INFO [refresh_grounding_cache] [1397/1787] vizwiz_VizWiz_val_00001751_1751
2026-08-17 21:43:29,980 INFO [refresh_grounding_cache] [1398/1787] vizwiz_VizWiz_val_00001754_1754
2026-08-17 21:43:33,404 INFO [refresh_grounding_cache] [1399/1787] vizwiz_VizWiz_val_00001759_1759
2026-08-17 21:43:36,861 INFO [refresh_grounding_cache] [1400/1787] vizwiz_VizWiz_val_00001762_1762
2026-08-17 21:43:40,327 INFO [refresh_grounding_cache] [1401/1787] vizwiz_VizWiz_val_00001763_1763
2026-08-17 21:43:42,434 INFO [refresh_grounding_cache] [1402/1787] vizwiz_VizWiz_val_00001764_1764
2026-08-17 21:43:46,025 INFO [refresh_grounding_cache] [1403/1787] vizwiz_VizWiz_val_00001765_1765
2026-08-17 21:43:50,982 INFO [refresh_grounding_cache] [1404/1787] vizwiz_VizWiz_val_00001774_1774
2026-08-17 21:43:53,490 INFO [refresh_grounding_cache] [1405/1787] vizwiz_VizWiz_val_00001780_1780
2026-08-17 21:43:57,780 INFO [refresh_grounding_cache] [1406/1787] vizwiz_VizWiz_val_00001781_1781
2026-08-17 21:44:03,403 INFO [refresh_grounding_cache] [1407/1787] vizwiz_VizWiz_val_00001784_1784
2026-08-17 21:44:06,594 INFO [refresh_grounding_cache] [1408/1787] vizwiz_VizWiz_val_00001787_1787
2026-08-17 21:44:10,993 INFO [refresh_grounding_cache] [1409/1787] vizwiz_VizWiz_val_00001789_1789
2026-08-17 21:44:15,250 INFO [refresh_grounding_cache] [1410/1787] vizwiz_VizWiz_val_00001796_1796
2026-08-17 21:44:19,624 INFO [refresh_grounding_cache] [1411/1787] vizwiz_VizWiz_val_00001800_1800
2026-08-17 21:44:29,487 INFO [refresh_grounding_cache] [1412/1787] vizwiz_VizWiz_val_00001803_1803
2026-08-17 21:44:33,661 INFO [refresh_grounding_cache] [1413/1787] vizwiz_VizWiz_val_00001805_1805
2026-08-17 21:44:38,218 INFO [refresh_grounding_cache] [1414/1787] vizwiz_VizWiz_val_00001809_1809
2026-08-17 21:44:41,709 INFO [refresh_grounding_cache] [1415/1787] vizwiz_VizWiz_val_00001811_1811
2026-08-17 21:44:46,008 INFO [refresh_grounding_cache] [1416/1787] vizwiz_VizWiz_val_00001818_1818
2026-08-17 21:44:49,090 INFO [refresh_grounding_cache] [1417/1787] vizwiz_VizWiz_val_00001820_1820
2026-08-17 21:44:52,431 INFO [refresh_grounding_cache] [1418/1787] vizwiz_VizWiz_val_00001825_1825
2026-08-17 21:44:55,480 INFO [refresh_grounding_cache] [1419/1787] vizwiz_VizWiz_val_00001828_1828
2026-08-17 21:45:02,162 INFO [refresh_grounding_cache] [1420/1787] vizwiz_VizWiz_val_00001829_1829
2026-08-17 21:45:06,010 INFO [refresh_grounding_cache] [1421/1787] vizwiz_VizWiz_val_00001831_1831
2026-08-17 21:45:10,443 INFO [refresh_grounding_cache] [1422/1787] vizwiz_VizWiz_val_00001832_1832
2026-08-17 21:45:14,375 INFO [refresh_grounding_cache] [1423/1787] vizwiz_VizWiz_val_00001836_1836
2026-08-17 21:45:18,616 INFO [refresh_grounding_cache] [1424/1787] vizwiz_VizWiz_val_00001837_1837
2026-08-17 21:45:22,223 INFO [refresh_grounding_cache] [1425/1787] vizwiz_VizWiz_val_00001845_1845
2026-08-17 21:45:25,380 INFO [refresh_grounding_cache] [1426/1787] vizwiz_VizWiz_val_00001851_1851
2026-08-17 21:45:28,405 INFO [refresh_grounding_cache] [1427/1787] vizwiz_VizWiz_val_00001857_1857
2026-08-17 21:45:32,237 INFO [refresh_grounding_cache] [1428/1787] vizwiz_VizWiz_val_00001858_1858
2026-08-17 21:45:34,528 INFO [refresh_grounding_cache] [1429/1787] vizwiz_VizWiz_val_00001860_1860
2026-08-17 21:45:38,718 INFO [refresh_grounding_cache] [1430/1787] vizwiz_VizWiz_val_00001864_1864
2026-08-17 21:45:42,284 INFO [refresh_grounding_cache] [1431/1787] vizwiz_VizWiz_val_00001865_1865
2026-08-17 21:45:46,658 INFO [refresh_grounding_cache] [1432/1787] vizwiz_VizWiz_val_00001872_1872
2026-08-17 21:45:50,173 INFO [refresh_grounding_cache] [1433/1787] vizwiz_VizWiz_val_00001877_1877
2026-08-17 21:45:54,064 INFO [refresh_grounding_cache] [1434/1787] vizwiz_VizWiz_val_00001885_1885
2026-08-17 21:45:57,804 INFO [refresh_grounding_cache] [1435/1787] vizwiz_VizWiz_val_00001890_1890
2026-08-17 21:46:03,603 INFO [refresh_grounding_cache] [1436/1787] vizwiz_VizWiz_val_00001892_1892
2026-08-17 21:46:06,377 INFO [refresh_grounding_cache] [1437/1787] vizwiz_VizWiz_val_00001899_1899
2026-08-17 21:46:09,276 INFO [refresh_grounding_cache] [1438/1787] vizwiz_VizWiz_val_00001903_1903
2026-08-17 21:46:24,255 INFO [refresh_grounding_cache] [1439/1787] vizwiz_VizWiz_val_00001905_1905
2026-08-17 21:46:27,504 INFO [refresh_grounding_cache] [1440/1787] vizwiz_VizWiz_val_00001906_1906
2026-08-17 21:46:31,486 INFO [refresh_grounding_cache] [1441/1787] vizwiz_VizWiz_val_00001910_1910
2026-08-17 21:46:34,710 INFO [refresh_grounding_cache] [1442/1787] vizwiz_VizWiz_val_00001922_1922
2026-08-17 21:46:39,325 INFO [refresh_grounding_cache] [1443/1787] vizwiz_VizWiz_val_00001934_1934
2026-08-17 21:46:42,100 INFO [refresh_grounding_cache] [1444/1787] vizwiz_VizWiz_val_00001949_1949
2026-08-17 21:46:46,374 INFO [refresh_grounding_cache] [1445/1787] vizwiz_VizWiz_val_00001952_1952
2026-08-17 21:46:52,480 INFO [refresh_grounding_cache] [1446/1787] vizwiz_VizWiz_val_00001954_1954
2026-08-17 21:46:54,738 INFO [refresh_grounding_cache] [1447/1787] vizwiz_VizWiz_val_00001967_1967
2026-08-17 21:47:01,636 INFO [refresh_grounding_cache] [1448/1787] vizwiz_VizWiz_val_00001976_1976
2026-08-17 21:47:05,276 INFO [refresh_grounding_cache] [1449/1787] vizwiz_VizWiz_val_00001979_1979
2026-08-17 21:47:08,700 INFO [refresh_grounding_cache] [1450/1787] vizwiz_VizWiz_val_00001981_1981
2026-08-17 21:47:12,866 INFO [refresh_grounding_cache] [1451/1787] vizwiz_VizWiz_val_00001982_1982
2026-08-17 21:47:18,589 INFO [refresh_grounding_cache] [1452/1787] vizwiz_VizWiz_val_00001987_1987
2026-08-17 21:47:22,480 INFO [refresh_grounding_cache] [1453/1787] vizwiz_VizWiz_val_00001989_1989
2026-08-17 21:47:27,304 INFO [refresh_grounding_cache] [1454/1787] vizwiz_VizWiz_val_00001992_1992
2026-08-17 21:47:32,161 INFO [refresh_grounding_cache] [1455/1787] vizwiz_VizWiz_val_00001995_1995
2026-08-17 21:47:37,309 INFO [refresh_grounding_cache] [1456/1787] vizwiz_VizWiz_val_00001998_1998
2026-08-17 21:47:39,309 INFO [refresh_grounding_cache] [1457/1787] vizwiz_VizWiz_val_00001999_1999
2026-08-17 21:47:44,424 INFO [refresh_grounding_cache] [1458/1787] vizwiz_VizWiz_val_00002001_2001
2026-08-17 21:47:47,406 INFO [refresh_grounding_cache] [1459/1787] vizwiz_VizWiz_val_00002003_2003
2026-08-17 21:47:50,789 INFO [refresh_grounding_cache] [1460/1787] vizwiz_VizWiz_val_00002008_2008
2026-08-17 21:47:56,704 INFO [refresh_grounding_cache] [1461/1787] vizwiz_VizWiz_val_00002012_2012
2026-08-17 21:48:00,319 INFO [refresh_grounding_cache] [1462/1787] vizwiz_VizWiz_val_00002021_2021
2026-08-17 21:48:03,943 INFO [refresh_grounding_cache] [1463/1787] vizwiz_VizWiz_val_00002022_2022
2026-08-17 21:48:07,717 INFO [refresh_grounding_cache] [1464/1787] vizwiz_VizWiz_val_00002023_2023
2026-08-17 21:48:11,849 INFO [refresh_grounding_cache] [1465/1787] vizwiz_VizWiz_val_00002029_2029
2026-08-17 21:48:14,415 INFO [refresh_grounding_cache] [1466/1787] vizwiz_VizWiz_val_00002031_2031
2026-08-17 21:48:17,848 INFO [refresh_grounding_cache] [1467/1787] vizwiz_VizWiz_val_00002051_2051
2026-08-17 21:48:26,595 INFO [refresh_grounding_cache] [1468/1787] vizwiz_VizWiz_val_00002055_2055
2026-08-17 21:48:31,469 INFO [refresh_grounding_cache] [1469/1787] vizwiz_VizWiz_val_00002062_2062
2026-08-17 21:48:36,125 INFO [refresh_grounding_cache] [1470/1787] vizwiz_VizWiz_val_00002063_2063
2026-08-17 21:48:41,016 INFO [refresh_grounding_cache] [1471/1787] vizwiz_VizWiz_val_00002064_2064
2026-08-17 21:48:45,631 INFO [refresh_grounding_cache] [1472/1787] vizwiz_VizWiz_val_00002072_2072
2026-08-17 21:48:49,063 INFO [refresh_grounding_cache] [1473/1787] vizwiz_VizWiz_val_00002077_2077
2026-08-17 21:48:53,162 INFO [refresh_grounding_cache] [1474/1787] vizwiz_VizWiz_val_00002079_2079
2026-08-17 21:48:55,612 INFO [refresh_grounding_cache] [1475/1787] vizwiz_VizWiz_val_00002081_2081
2026-08-17 21:49:01,452 INFO [refresh_grounding_cache] [1476/1787] vizwiz_VizWiz_val_00002085_2085
2026-08-17 21:49:04,576 INFO [refresh_grounding_cache] [1477/1787] vizwiz_VizWiz_val_00002087_2087
2026-08-17 21:49:08,616 INFO [refresh_grounding_cache] [1478/1787] vizwiz_VizWiz_val_00002091_2091
2026-08-17 21:49:12,065 INFO [refresh_grounding_cache] [1479/1787] vizwiz_VizWiz_val_00002093_2093
2026-08-17 21:49:15,098 INFO [refresh_grounding_cache] [1480/1787] vizwiz_VizWiz_val_00002095_2095
2026-08-17 21:49:19,388 INFO [refresh_grounding_cache] [1481/1787] vizwiz_VizWiz_val_00002096_2096
2026-08-17 21:49:22,837 INFO [refresh_grounding_cache] [1482/1787] vizwiz_VizWiz_val_00002100_2100
2026-08-17 21:49:27,769 INFO [refresh_grounding_cache] [1483/1787] vizwiz_VizWiz_val_00002105_2105
2026-08-17 21:49:30,777 INFO [refresh_grounding_cache] [1484/1787] vizwiz_VizWiz_val_00002107_2107
2026-08-17 21:49:34,951 INFO [refresh_grounding_cache] [1485/1787] vizwiz_VizWiz_val_00002111_2111
2026-08-17 21:49:37,600 INFO [refresh_grounding_cache] [1486/1787] vizwiz_VizWiz_val_00002116_2116
2026-08-17 21:49:40,508 INFO [refresh_grounding_cache] [1487/1787] vizwiz_VizWiz_val_00002119_2119
2026-08-17 21:49:43,990 INFO [refresh_grounding_cache] [1488/1787] vizwiz_VizWiz_val_00002122_2122
2026-08-17 21:49:47,214 INFO [refresh_grounding_cache] [1489/1787] vizwiz_VizWiz_val_00002127_2127
2026-08-17 21:49:50,380 INFO [refresh_grounding_cache] [1490/1787] vizwiz_VizWiz_val_00002136_2136
2026-08-17 21:49:54,162 INFO [refresh_grounding_cache] [1491/1787] vizwiz_VizWiz_val_00002142_2142
2026-08-17 21:49:57,928 INFO [refresh_grounding_cache] [1492/1787] vizwiz_VizWiz_val_00002144_2144
2026-08-17 21:50:01,227 INFO [refresh_grounding_cache] [1493/1787] vizwiz_VizWiz_val_00002151_2151
2026-08-17 21:50:09,166 INFO [refresh_grounding_cache] [1494/1787] vizwiz_VizWiz_val_00002161_2161
2026-08-17 21:50:12,974 INFO [refresh_grounding_cache] [1495/1787] vizwiz_VizWiz_val_00002172_2172
2026-08-17 21:50:22,637 INFO [refresh_grounding_cache] [1496/1787] vizwiz_VizWiz_val_00002173_2173
2026-08-17 21:50:26,253 INFO [refresh_grounding_cache] [1497/1787] vizwiz_VizWiz_val_00002178_2178
2026-08-17 21:50:31,376 INFO [refresh_grounding_cache] [1498/1787] vizwiz_VizWiz_val_00002179_2179
2026-08-17 21:50:34,767 INFO [refresh_grounding_cache] [1499/1787] vizwiz_VizWiz_val_00002180_2180
2026-08-17 21:50:38,416 INFO [refresh_grounding_cache] [1500/1787] vizwiz_VizWiz_val_00002187_2187
2026-08-17 21:50:42,640 INFO [refresh_grounding_cache] [1501/1787] vizwiz_VizWiz_val_00002190_2190
2026-08-17 21:50:45,497 INFO [refresh_grounding_cache] [1502/1787] vizwiz_VizWiz_val_00002200_2200
2026-08-17 21:50:49,338 INFO [refresh_grounding_cache] [1503/1787] vizwiz_VizWiz_val_00002203_2203
2026-08-17 21:50:52,954 INFO [refresh_grounding_cache] [1504/1787] vizwiz_VizWiz_val_00002215_2215
2026-08-17 21:50:58,369 INFO [refresh_grounding_cache] [1505/1787] vizwiz_VizWiz_val_00002219_2219
2026-08-17 21:51:02,859 INFO [refresh_grounding_cache] [1506/1787] vizwiz_VizWiz_val_00002220_2220
2026-08-17 21:51:07,591 INFO [refresh_grounding_cache] [1507/1787] vizwiz_VizWiz_val_00002224_2224
2026-08-17 21:51:10,349 INFO [refresh_grounding_cache] [1508/1787] vizwiz_VizWiz_val_00002230_2230
2026-08-17 21:51:13,573 INFO [refresh_grounding_cache] [1509/1787] vizwiz_VizWiz_val_00002231_2231
2026-08-17 21:51:19,063 INFO [refresh_grounding_cache] [1510/1787] vizwiz_VizWiz_val_00002232_2232
2026-08-17 21:51:22,104 INFO [refresh_grounding_cache] [1511/1787] vizwiz_VizWiz_val_00002234_2234
2026-08-17 21:51:25,728 INFO [refresh_grounding_cache] [1512/1787] vizwiz_VizWiz_val_00002235_2235
2026-08-17 21:51:28,719 INFO [refresh_grounding_cache] [1513/1787] vizwiz_VizWiz_val_00002236_2236
2026-08-17 21:51:35,400 INFO [refresh_grounding_cache] [1514/1787] vizwiz_VizWiz_val_00002240_2240
2026-08-17 21:51:39,874 INFO [refresh_grounding_cache] [1515/1787] vizwiz_VizWiz_val_00002242_2242
2026-08-17 21:51:42,448 INFO [refresh_grounding_cache] [1516/1787] vizwiz_VizWiz_val_00002244_2244
2026-08-17 21:51:45,739 INFO [refresh_grounding_cache] [1517/1787] vizwiz_VizWiz_val_00002245_2245
2026-08-17 21:51:50,429 INFO [refresh_grounding_cache] [1518/1787] vizwiz_VizWiz_val_00002250_2250
2026-08-17 21:51:54,670 INFO [refresh_grounding_cache] [1519/1787] vizwiz_VizWiz_val_00002257_2257
2026-08-17 21:51:58,835 INFO [refresh_grounding_cache] [1520/1787] vizwiz_VizWiz_val_00002258_2258
2026-08-17 21:52:01,459 INFO [refresh_grounding_cache] [1521/1787] vizwiz_VizWiz_val_00002261_2261
2026-08-17 21:52:05,217 INFO [refresh_grounding_cache] [1522/1787] vizwiz_VizWiz_val_00002266_2266
2026-08-17 21:52:09,782 INFO [refresh_grounding_cache] [1523/1787] vizwiz_VizWiz_val_00002270_2270
2026-08-17 21:52:13,097 INFO [refresh_grounding_cache] [1524/1787] vizwiz_VizWiz_val_00002271_2271
2026-08-17 21:52:15,772 INFO [refresh_grounding_cache] [1525/1787] vizwiz_VizWiz_val_00002276_2276
2026-08-17 21:52:18,829 INFO [refresh_grounding_cache] [1526/1787] vizwiz_VizWiz_val_00002277_2277
2026-08-17 21:52:24,003 INFO [refresh_grounding_cache] [1527/1787] vizwiz_VizWiz_val_00002281_2281
2026-08-17 21:52:27,002 INFO [refresh_grounding_cache] [1528/1787] vizwiz_VizWiz_val_00002289_2289
2026-08-17 21:52:30,542 INFO [refresh_grounding_cache] [1529/1787] vizwiz_VizWiz_val_00002298_2298
2026-08-17 21:52:34,624 INFO [refresh_grounding_cache] [1530/1787] vizwiz_VizWiz_val_00002299_2299
2026-08-17 21:52:37,082 INFO [refresh_grounding_cache] [1531/1787] vizwiz_VizWiz_val_00002304_2304
2026-08-17 21:52:40,006 INFO [refresh_grounding_cache] [1532/1787] vizwiz_VizWiz_val_00002308_2308
2026-08-17 21:52:44,313 INFO [refresh_grounding_cache] [1533/1787] vizwiz_VizWiz_val_00002311_2311
2026-08-17 21:52:47,637 INFO [refresh_grounding_cache] [1534/1787] vizwiz_VizWiz_val_00002315_2315
2026-08-17 21:52:51,869 INFO [refresh_grounding_cache] [1535/1787] vizwiz_VizWiz_val_00002318_2318
2026-08-17 21:52:55,410 INFO [refresh_grounding_cache] [1536/1787] vizwiz_VizWiz_val_00002320_2320
2026-08-17 21:52:59,825 INFO [refresh_grounding_cache] [1537/1787] vizwiz_VizWiz_val_00002322_2322
2026-08-17 21:53:04,857 INFO [refresh_grounding_cache] [1538/1787] vizwiz_VizWiz_val_00002323_2323
2026-08-17 21:53:08,023 INFO [refresh_grounding_cache] [1539/1787] vizwiz_VizWiz_val_00002332_2332
2026-08-17 21:53:12,363 INFO [refresh_grounding_cache] [1540/1787] vizwiz_VizWiz_val_00002342_2342
2026-08-17 21:53:15,454 INFO [refresh_grounding_cache] [1541/1787] vizwiz_VizWiz_val_00002346_2346
2026-08-17 21:53:19,111 INFO [refresh_grounding_cache] [1542/1787] vizwiz_VizWiz_val_00002347_2347
2026-08-17 21:53:25,342 INFO [refresh_grounding_cache] [1543/1787] vizwiz_VizWiz_val_00002349_2349
2026-08-17 21:53:29,758 INFO [refresh_grounding_cache] [1544/1787] vizwiz_VizWiz_val_00002364_2364
2026-08-17 21:53:32,149 INFO [refresh_grounding_cache] [1545/1787] vizwiz_VizWiz_val_00002365_2365
2026-08-17 21:53:35,531 INFO [refresh_grounding_cache] [1546/1787] vizwiz_VizWiz_val_00002366_2366
2026-08-17 21:53:39,438 INFO [refresh_grounding_cache] [1547/1787] vizwiz_VizWiz_val_00002368_2368
2026-08-17 21:53:42,695 INFO [refresh_grounding_cache] [1548/1787] vizwiz_VizWiz_val_00002373_2373
2026-08-17 21:53:46,128 INFO [refresh_grounding_cache] [1549/1787] vizwiz_VizWiz_val_00002378_2378
2026-08-17 21:53:50,301 INFO [refresh_grounding_cache] [1550/1787] vizwiz_VizWiz_val_00002386_2386
2026-08-17 21:53:53,342 INFO [refresh_grounding_cache] [1551/1787] vizwiz_VizWiz_val_00002390_2390
2026-08-17 21:53:59,374 INFO [refresh_grounding_cache] [1552/1787] vizwiz_VizWiz_val_00002392_2392
2026-08-17 21:54:02,773 INFO [refresh_grounding_cache] [1553/1787] vizwiz_VizWiz_val_00002393_2393
2026-08-17 21:54:08,271 INFO [refresh_grounding_cache] [1554/1787] vizwiz_VizWiz_val_00002401_2401
2026-08-17 21:54:12,520 INFO [refresh_grounding_cache] [1555/1787] vizwiz_VizWiz_val_00002405_2405
2026-08-17 21:54:17,344 INFO [refresh_grounding_cache] [1556/1787] vizwiz_VizWiz_val_00002407_2407
2026-08-17 21:54:21,226 INFO [refresh_grounding_cache] [1557/1787] vizwiz_VizWiz_val_00002408_2408
2026-08-17 21:54:25,041 INFO [refresh_grounding_cache] [1558/1787] vizwiz_VizWiz_val_00002413_2413
2026-08-17 21:54:31,206 INFO [refresh_grounding_cache] [1559/1787] vizwiz_VizWiz_val_00002424_2424
2026-08-17 21:54:35,555 INFO [refresh_grounding_cache] [1560/1787] vizwiz_VizWiz_val_00002426_2426
2026-08-17 21:54:41,978 INFO [refresh_grounding_cache] [1561/1787] vizwiz_VizWiz_val_00002428_2428
2026-08-17 21:54:45,568 INFO [refresh_grounding_cache] [1562/1787] vizwiz_VizWiz_val_00002431_2431
2026-08-17 21:54:52,866 INFO [refresh_grounding_cache] [1563/1787] vizwiz_VizWiz_val_00002432_2432
2026-08-17 21:54:56,682 INFO [refresh_grounding_cache] [1564/1787] vizwiz_VizWiz_val_00002438_2438
2026-08-17 21:54:59,556 INFO [refresh_grounding_cache] [1565/1787] vizwiz_VizWiz_val_00002439_2439
2026-08-17 21:55:02,789 INFO [refresh_grounding_cache] [1566/1787] vizwiz_VizWiz_val_00002444_2444
2026-08-17 21:55:09,128 INFO [refresh_grounding_cache] [1567/1787] vizwiz_VizWiz_val_00002445_2445
2026-08-17 21:55:13,202 INFO [refresh_grounding_cache] [1568/1787] vizwiz_VizWiz_val_00002447_2447
2026-08-17 21:55:16,601 INFO [refresh_grounding_cache] [1569/1787] vizwiz_VizWiz_val_00002448_2448
2026-08-17 21:55:22,316 INFO [refresh_grounding_cache] [1570/1787] vizwiz_VizWiz_val_00002450_2450
2026-08-17 21:55:25,690 INFO [refresh_grounding_cache] [1571/1787] vizwiz_VizWiz_val_00002452_2452
2026-08-17 21:55:28,189 INFO [refresh_grounding_cache] [1572/1787] vizwiz_VizWiz_val_00002454_2454
2026-08-17 21:55:33,937 INFO [refresh_grounding_cache] [1573/1787] vizwiz_VizWiz_val_00002469_2469
2026-08-17 21:55:36,778 INFO [refresh_grounding_cache] [1574/1787] vizwiz_VizWiz_val_00002470_2470
2026-08-17 21:55:41,252 INFO [refresh_grounding_cache] [1575/1787] vizwiz_VizWiz_val_00002472_2472
2026-08-17 21:55:45,259 INFO [refresh_grounding_cache] [1576/1787] vizwiz_VizWiz_val_00002484_2484
2026-08-17 21:55:49,016 INFO [refresh_grounding_cache] [1577/1787] vizwiz_VizWiz_val_00002501_2501
2026-08-17 21:55:55,431 INFO [refresh_grounding_cache] [1578/1787] vizwiz_VizWiz_val_00002502_2502
2026-08-17 21:56:00,887 INFO [refresh_grounding_cache] [1579/1787] vizwiz_VizWiz_val_00002504_2504
2026-08-17 21:56:04,128 INFO [refresh_grounding_cache] [1580/1787] vizwiz_VizWiz_val_00002509_2509
2026-08-17 21:56:07,519 INFO [refresh_grounding_cache] [1581/1787] vizwiz_VizWiz_val_00002511_2511
2026-08-17 21:56:11,026 INFO [refresh_grounding_cache] [1582/1787] vizwiz_VizWiz_val_00002514_2514
2026-08-17 21:56:14,775 INFO [refresh_grounding_cache] [1583/1787] vizwiz_VizWiz_val_00002527_2527
2026-08-17 21:56:17,908 INFO [refresh_grounding_cache] [1584/1787] vizwiz_VizWiz_val_00002530_2530
2026-08-17 21:56:21,723 INFO [refresh_grounding_cache] [1585/1787] vizwiz_VizWiz_val_00002531_2531
2026-08-17 21:56:24,589 INFO [refresh_grounding_cache] [1586/1787] vizwiz_VizWiz_val_00002538_2538
2026-08-17 21:56:27,621 INFO [refresh_grounding_cache] [1587/1787] vizwiz_VizWiz_val_00002539_2539
2026-08-17 21:56:31,095 INFO [refresh_grounding_cache] [1588/1787] vizwiz_VizWiz_val_00002548_2548
2026-08-17 21:56:35,194 INFO [refresh_grounding_cache] [1589/1787] vizwiz_VizWiz_val_00002561_2561
2026-08-17 21:56:38,485 INFO [refresh_grounding_cache] [1590/1787] vizwiz_VizWiz_val_00002562_2562
2026-08-17 21:56:44,433 INFO [refresh_grounding_cache] [1591/1787] vizwiz_VizWiz_val_00002569_2569
2026-08-17 21:56:47,866 INFO [refresh_grounding_cache] [1592/1787] vizwiz_VizWiz_val_00002572_2572
2026-08-17 21:56:52,789 INFO [refresh_grounding_cache] [1593/1787] vizwiz_VizWiz_val_00002574_2574
2026-08-17 21:56:56,188 INFO [refresh_grounding_cache] [1594/1787] vizwiz_VizWiz_val_00002575_2575
2026-08-17 21:57:00,254 INFO [refresh_grounding_cache] [1595/1787] vizwiz_VizWiz_val_00002577_2577
2026-08-17 21:57:04,811 INFO [refresh_grounding_cache] [1596/1787] vizwiz_VizWiz_val_00002592_2592
2026-08-17 21:57:08,393 INFO [refresh_grounding_cache] [1597/1787] vizwiz_VizWiz_val_00002594_2594
2026-08-17 21:57:11,825 INFO [refresh_grounding_cache] [1598/1787] vizwiz_VizWiz_val_00002606_2606
2026-08-17 21:57:15,541 INFO [refresh_grounding_cache] [1599/1787] vizwiz_VizWiz_val_00002608_2608
2026-08-17 21:57:19,031 INFO [refresh_grounding_cache] [1600/1787] vizwiz_VizWiz_val_00002611_2611
2026-08-17 21:57:22,305 INFO [refresh_grounding_cache] [1601/1787] vizwiz_VizWiz_val_00002616_2616
2026-08-17 21:57:25,854 INFO [refresh_grounding_cache] [1602/1787] vizwiz_VizWiz_val_00002618_2618
2026-08-17 21:57:29,395 INFO [refresh_grounding_cache] [1603/1787] vizwiz_VizWiz_val_00002620_2620
2026-08-17 21:57:33,577 INFO [refresh_grounding_cache] [1604/1787] vizwiz_VizWiz_val_00002623_2623
2026-08-17 21:57:39,051 INFO [refresh_grounding_cache] [1605/1787] vizwiz_VizWiz_val_00002626_2626
2026-08-17 21:57:44,207 INFO [refresh_grounding_cache] [1606/1787] vizwiz_VizWiz_val_00002627_2627
2026-08-17 21:57:47,781 INFO [refresh_grounding_cache] [1607/1787] vizwiz_VizWiz_val_00002640_2640
2026-08-17 21:57:51,322 INFO [refresh_grounding_cache] [1608/1787] vizwiz_VizWiz_val_00002643_2643
2026-08-17 21:57:55,321 INFO [refresh_grounding_cache] [1609/1787] vizwiz_VizWiz_val_00002651_2651
2026-08-17 21:58:00,544 INFO [refresh_grounding_cache] [1610/1787] vizwiz_VizWiz_val_00002656_2656
2026-08-17 21:58:03,185 INFO [refresh_grounding_cache] [1611/1787] vizwiz_VizWiz_val_00002657_2657
2026-08-17 21:58:06,642 INFO [refresh_grounding_cache] [1612/1787] vizwiz_VizWiz_val_00002658_2658
2026-08-17 21:58:11,599 INFO [refresh_grounding_cache] [1613/1787] vizwiz_VizWiz_val_00002662_2662
2026-08-17 21:58:17,397 INFO [refresh_grounding_cache] [1614/1787] vizwiz_VizWiz_val_00002665_2665
2026-08-17 21:58:22,371 INFO [refresh_grounding_cache] [1615/1787] vizwiz_VizWiz_val_00002670_2670
2026-08-17 21:58:27,827 INFO [refresh_grounding_cache] [1616/1787] vizwiz_VizWiz_val_00002673_2673
2026-08-17 21:58:31,276 INFO [refresh_grounding_cache] [1617/1787] vizwiz_VizWiz_val_00002674_2674
2026-08-17 21:58:35,400 INFO [refresh_grounding_cache] [1618/1787] vizwiz_VizWiz_val_00002681_2681
2026-08-17 21:58:39,616 INFO [refresh_grounding_cache] [1619/1787] vizwiz_VizWiz_val_00002686_2686
2026-08-17 21:58:43,248 INFO [refresh_grounding_cache] [1620/1787] vizwiz_VizWiz_val_00002688_2688
2026-08-17 21:58:47,463 INFO [refresh_grounding_cache] [1621/1787] vizwiz_VizWiz_val_00002689_2689
2026-08-17 21:58:51,096 INFO [refresh_grounding_cache] [1622/1787] vizwiz_VizWiz_val_00002692_2692
2026-08-17 21:58:55,828 INFO [refresh_grounding_cache] [1623/1787] vizwiz_VizWiz_val_00002693_2693
2026-08-17 21:59:01,276 INFO [refresh_grounding_cache] [1624/1787] vizwiz_VizWiz_val_00002704_2704
2026-08-17 21:59:05,358 INFO [refresh_grounding_cache] [1625/1787] vizwiz_VizWiz_val_00002706_2706
2026-08-17 21:59:08,166 INFO [refresh_grounding_cache] [1626/1787] vizwiz_VizWiz_val_00002709_2709
2026-08-17 21:59:11,423 INFO [refresh_grounding_cache] [1627/1787] vizwiz_VizWiz_val_00002713_2713
2026-08-17 21:59:15,922 INFO [refresh_grounding_cache] [1628/1787] vizwiz_VizWiz_val_00002716_2716
2026-08-17 21:59:20,646 INFO [refresh_grounding_cache] [1629/1787] vizwiz_VizWiz_val_00002722_2722
2026-08-17 21:59:27,427 INFO [refresh_grounding_cache] [1630/1787] vizwiz_VizWiz_val_00002729_2729
2026-08-17 21:59:31,776 INFO [refresh_grounding_cache] [1631/1787] vizwiz_VizWiz_val_00002730_2730
2026-08-17 21:59:34,742 INFO [refresh_grounding_cache] [1632/1787] vizwiz_VizWiz_val_00002734_2734
2026-08-17 21:59:38,166 INFO [refresh_grounding_cache] [1633/1787] vizwiz_VizWiz_val_00002735_2735
2026-08-17 21:59:41,015 INFO [refresh_grounding_cache] [1634/1787] vizwiz_VizWiz_val_00002760_2760
2026-08-17 21:59:44,522 INFO [refresh_grounding_cache] [1635/1787] vizwiz_VizWiz_val_00002766_2766
2026-08-17 21:59:48,521 INFO [refresh_grounding_cache] [1636/1787] vizwiz_VizWiz_val_00002783_2783
2026-08-17 21:59:51,837 INFO [refresh_grounding_cache] [1637/1787] vizwiz_VizWiz_val_00002784_2784
2026-08-17 21:59:54,777 INFO [refresh_grounding_cache] [1638/1787] vizwiz_VizWiz_val_00002786_2786
2026-08-17 21:59:58,685 INFO [refresh_grounding_cache] [1639/1787] vizwiz_VizWiz_val_00002787_2787
2026-08-17 22:00:03,025 INFO [refresh_grounding_cache] [1640/1787] vizwiz_VizWiz_val_00002788_2788
2026-08-17 22:00:06,266 INFO [refresh_grounding_cache] [1641/1787] vizwiz_VizWiz_val_00002791_2791
2026-08-17 22:00:09,340 INFO [refresh_grounding_cache] [1642/1787] vizwiz_VizWiz_val_00002793_2793
2026-08-17 22:00:14,438 INFO [refresh_grounding_cache] [1643/1787] vizwiz_VizWiz_val_00002796_2796
2026-08-17 22:00:19,279 INFO [refresh_grounding_cache] [1644/1787] vizwiz_VizWiz_val_00002798_2798
2026-08-17 22:00:22,411 INFO [refresh_grounding_cache] [1645/1787] vizwiz_VizWiz_val_00002800_2800
2026-08-17 22:00:25,377 INFO [refresh_grounding_cache] [1646/1787] vizwiz_VizWiz_val_00002801_2801
2026-08-17 22:00:28,459 INFO [refresh_grounding_cache] [1647/1787] vizwiz_VizWiz_val_00002804_2804
2026-08-17 22:00:31,684 INFO [refresh_grounding_cache] [1648/1787] vizwiz_VizWiz_val_00002810_2810
2026-08-17 22:00:35,641 INFO [refresh_grounding_cache] [1649/1787] vizwiz_VizWiz_val_00002818_2818
2026-08-17 22:00:39,690 INFO [refresh_grounding_cache] [1650/1787] vizwiz_VizWiz_val_00002819_2819
2026-08-17 22:00:44,263 INFO [refresh_grounding_cache] [1651/1787] vizwiz_VizWiz_val_00002823_2823
2026-08-17 22:00:47,454 INFO [refresh_grounding_cache] [1652/1787] vizwiz_VizWiz_val_00002828_2828
2026-08-17 22:00:51,228 INFO [refresh_grounding_cache] [1653/1787] vizwiz_VizWiz_val_00002831_2831
2026-08-17 22:00:54,468 INFO [refresh_grounding_cache] [1654/1787] vizwiz_VizWiz_val_00002834_2834
2026-08-17 22:00:57,559 INFO [refresh_grounding_cache] [1655/1787] vizwiz_VizWiz_val_00002839_2839
2026-08-17 22:01:00,875 INFO [refresh_grounding_cache] [1656/1787] vizwiz_VizWiz_val_00002841_2841
2026-08-17 22:01:05,048 INFO [refresh_grounding_cache] [1657/1787] vizwiz_VizWiz_val_00002842_2842
2026-08-17 22:01:11,488 INFO [refresh_grounding_cache] [1658/1787] vizwiz_VizWiz_val_00002844_2844
2026-08-17 22:01:14,562 INFO [refresh_grounding_cache] [1659/1787] vizwiz_VizWiz_val_00002848_2848
2026-08-17 22:01:18,020 INFO [refresh_grounding_cache] [1660/1787] vizwiz_VizWiz_val_00002849_2849
2026-08-17 22:01:21,627 INFO [refresh_grounding_cache] [1661/1787] vizwiz_VizWiz_val_00002857_2857
2026-08-17 22:01:25,476 INFO [refresh_grounding_cache] [1662/1787] vizwiz_VizWiz_val_00002858_2858
2026-08-17 22:01:28,483 INFO [refresh_grounding_cache] [1663/1787] vizwiz_VizWiz_val_00002866_2866
2026-08-17 22:01:33,465 INFO [refresh_grounding_cache] [1664/1787] vizwiz_VizWiz_val_00002869_2869
2026-08-17 22:01:36,023 INFO [refresh_grounding_cache] [1665/1787] vizwiz_VizWiz_val_00002874_2874
2026-08-17 22:01:39,822 INFO [refresh_grounding_cache] [1666/1787] vizwiz_VizWiz_val_00002888_2888
2026-08-17 22:01:45,553 INFO [refresh_grounding_cache] [1667/1787] vizwiz_VizWiz_val_00002894_2894
2026-08-17 22:01:50,360 INFO [refresh_grounding_cache] [1668/1787] vizwiz_VizWiz_val_00002897_2897
2026-08-17 22:01:54,117 INFO [refresh_grounding_cache] [1669/1787] vizwiz_VizWiz_val_00002898_2898
2026-08-17 22:01:57,608 INFO [refresh_grounding_cache] [1670/1787] vizwiz_VizWiz_val_00002899_2899
2026-08-17 22:02:00,499 INFO [refresh_grounding_cache] [1671/1787] vizwiz_VizWiz_val_00002901_2901
2026-08-17 22:02:04,623 INFO [refresh_grounding_cache] [1672/1787] vizwiz_VizWiz_val_00002903_2903
2026-08-17 22:02:08,930 INFO [refresh_grounding_cache] [1673/1787] vizwiz_VizWiz_val_00002905_2905
2026-08-17 22:02:12,295 INFO [refresh_grounding_cache] [1674/1787] vizwiz_VizWiz_val_00002907_2907
2026-08-17 22:02:15,686 INFO [refresh_grounding_cache] [1675/1787] vizwiz_VizWiz_val_00002910_2910
2026-08-17 22:02:19,043 INFO [refresh_grounding_cache] [1676/1787] vizwiz_VizWiz_val_00002912_2912
2026-08-17 22:02:22,959 INFO [refresh_grounding_cache] [1677/1787] vizwiz_VizWiz_val_00002913_2913
2026-08-17 22:02:27,616 INFO [refresh_grounding_cache] [1678/1787] vizwiz_VizWiz_val_00002914_2914
2026-08-17 22:02:32,097 INFO [refresh_grounding_cache] [1679/1787] vizwiz_VizWiz_val_00002916_2916
2026-08-17 22:02:35,755 INFO [refresh_grounding_cache] [1680/1787] vizwiz_VizWiz_val_00002917_2917
2026-08-17 22:02:38,346 INFO [refresh_grounding_cache] [1681/1787] vizwiz_VizWiz_val_00002918_2918
2026-08-17 22:02:42,436 INFO [refresh_grounding_cache] [1682/1787] vizwiz_VizWiz_val_00002923_2923
2026-08-17 22:02:46,426 INFO [refresh_grounding_cache] [1683/1787] vizwiz_VizWiz_val_00002927_2927
2026-08-17 22:02:49,092 INFO [refresh_grounding_cache] [1684/1787] vizwiz_VizWiz_val_00002928_2928
2026-08-17 22:02:51,300 INFO [refresh_grounding_cache] [1685/1787] vizwiz_VizWiz_val_00002936_2936
2026-08-17 22:02:53,849 INFO [refresh_grounding_cache] [1686/1787] vizwiz_VizWiz_val_00002938_2938
2026-08-17 22:02:57,015 INFO [refresh_grounding_cache] [1687/1787] vizwiz_VizWiz_val_00002940_2940
2026-08-17 22:03:01,997 INFO [refresh_grounding_cache] [1688/1787] vizwiz_VizWiz_val_00002942_2942
2026-08-17 22:03:04,888 INFO [refresh_grounding_cache] [1689/1787] vizwiz_VizWiz_val_00002943_2943
2026-08-17 22:03:08,753 INFO [refresh_grounding_cache] [1690/1787] vizwiz_VizWiz_val_00002953_2953
2026-08-17 22:03:12,752 INFO [refresh_grounding_cache] [1691/1787] vizwiz_VizWiz_val_00002958_2958
2026-08-17 22:03:16,001 INFO [refresh_grounding_cache] [1692/1787] vizwiz_VizWiz_val_00002966_2966
2026-08-17 22:03:20,050 INFO [refresh_grounding_cache] [1693/1787] vizwiz_VizWiz_val_00002968_2968
2026-08-17 22:03:23,449 INFO [refresh_grounding_cache] [1694/1787] vizwiz_VizWiz_val_00002971_2971
2026-08-17 22:03:29,613 INFO [refresh_grounding_cache] [1695/1787] vizwiz_VizWiz_val_00002981_2981
2026-08-17 22:03:32,746 INFO [refresh_grounding_cache] [1696/1787] vizwiz_VizWiz_val_00002987_2987
2026-08-17 22:03:37,303 INFO [refresh_grounding_cache] [1697/1787] vizwiz_VizWiz_val_00002995_2995
2026-08-17 22:03:41,343 INFO [refresh_grounding_cache] [1698/1787] vsr_1_1
2026-08-17 22:03:43,992 INFO [refresh_grounding_cache] [1699/1787] vsr_4_4
2026-08-17 22:03:48,707 INFO [refresh_grounding_cache] [1700/1787] vsr_5_5
2026-08-17 22:03:54,181 INFO [refresh_grounding_cache] [1701/1787] vsr_8_8
2026-08-17 22:03:57,171 INFO [refresh_grounding_cache] [1702/1787] vsr_9_9
2026-08-17 22:04:00,587 INFO [refresh_grounding_cache] [1703/1787] vsr_10_10
2026-08-17 22:04:03,420 INFO [refresh_grounding_cache] [1704/1787] vsr_13_13
2026-08-17 22:04:07,385 INFO [refresh_grounding_cache] [1705/1787] vsr_17_17
2026-08-17 22:04:11,459 INFO [refresh_grounding_cache] [1706/1787] vsr_19_19
2026-08-17 22:04:14,250 INFO [refresh_grounding_cache] [1707/1787] vsr_23_23
2026-08-17 22:04:19,024 INFO [refresh_grounding_cache] [1708/1787] vsr_25_25
2026-08-17 22:04:22,014 INFO [refresh_grounding_cache] [1709/1787] vsr_27_27
2026-08-17 22:04:28,588 INFO [refresh_grounding_cache] [1710/1787] vsr_35_35
2026-08-17 22:04:31,970 INFO [refresh_grounding_cache] [1711/1787] vsr_39_39
2026-08-17 22:04:37,277 INFO [refresh_grounding_cache] [1712/1787] vsr_40_40
2026-08-17 22:04:40,309 INFO [refresh_grounding_cache] [1713/1787] vsr_45_45
2026-08-17 22:04:46,791 INFO [refresh_grounding_cache] [1714/1787] vsr_49_49
2026-08-17 22:04:50,490 INFO [refresh_grounding_cache] [1715/1787] vsr_59_59
2026-08-17 22:04:56,038 INFO [refresh_grounding_cache] [1716/1787] vsr_60_60
2026-08-17 22:04:59,120 INFO [refresh_grounding_cache] [1717/1787] vsr_74_74
2026-08-17 22:05:02,778 INFO [refresh_grounding_cache] [1718/1787] vsr_76_76
2026-08-17 22:05:06,368 INFO [refresh_grounding_cache] [1719/1787] vsr_82_82
2026-08-17 22:05:11,042 INFO [refresh_grounding_cache] [1720/1787] vsr_83_83
2026-08-17 22:05:15,516 INFO [refresh_grounding_cache] [1721/1787] vsr_87_87
2026-08-17 22:05:19,789 INFO [refresh_grounding_cache] [1722/1787] vsr_94_94
2026-08-17 22:05:24,696 INFO [refresh_grounding_cache] [1723/1787] vsr_97_97
2026-08-17 22:05:29,361 INFO [refresh_grounding_cache] [1724/1787] vsr_98_98
2026-08-17 22:05:34,143 INFO [refresh_grounding_cache] [1725/1787] vsr_101_101
2026-08-17 22:05:37,801 INFO [refresh_grounding_cache] [1726/1787] vsr_104_104
2026-08-17 22:05:41,225 INFO [refresh_grounding_cache] [1727/1787] vsr_106_106
2026-08-17 22:05:45,040 INFO [refresh_grounding_cache] [1728/1787] vsr_107_107
2026-08-17 22:05:50,056 INFO [refresh_grounding_cache] [1729/1787] vsr_111_111
2026-08-17 22:05:53,063 INFO [refresh_grounding_cache] [1730/1787] vsr_114_114
2026-08-17 22:05:57,270 INFO [refresh_grounding_cache] [1731/1787] vsr_115_115
2026-08-17 22:06:02,485 INFO [refresh_grounding_cache] [1732/1787] vsr_116_116
2026-08-17 22:06:05,110 INFO [refresh_grounding_cache] [1733/1787] vsr_120_120
2026-08-17 22:06:08,517 INFO [refresh_grounding_cache] [1734/1787] vsr_123_123
2026-08-17 22:06:13,457 INFO [refresh_grounding_cache] [1735/1787] vsr_129_129
2026-08-17 22:06:16,665 INFO [refresh_grounding_cache] [1736/1787] vsr_132_132
2026-08-17 22:06:20,913 INFO [refresh_grounding_cache] [1737/1787] vsr_133_133
2026-08-17 22:06:25,812 INFO [refresh_grounding_cache] [1738/1787] vsr_135_135
2026-08-17 22:06:29,269 INFO [refresh_grounding_cache] [1739/1787] vsr_136_136
2026-08-17 22:06:32,668 INFO [refresh_grounding_cache] [1740/1787] vsr_141_141
2026-08-17 22:06:37,517 INFO [refresh_grounding_cache] [1741/1787] vsr_143_143
2026-08-17 22:06:47,356 INFO [refresh_grounding_cache] [1742/1787] vsr_146_146
2026-08-17 22:06:51,438 INFO [refresh_grounding_cache] [1743/1787] vsr_148_148
2026-08-17 22:06:56,470 INFO [refresh_grounding_cache] [1744/1787] vsr_150_150
2026-08-17 22:06:59,186 INFO [refresh_grounding_cache] [1745/1787] vsr_152_152
2026-08-17 22:07:03,376 INFO [refresh_grounding_cache] [1746/1787] vsr_154_154
2026-08-17 22:07:07,317 INFO [refresh_grounding_cache] [1747/1787] vsr_155_155
2026-08-17 22:07:12,832 INFO [refresh_grounding_cache] [1748/1787] vsr_161_161
2026-08-17 22:07:15,556 INFO [refresh_grounding_cache] [1749/1787] vsr_162_162
2026-08-17 22:07:19,363 INFO [refresh_grounding_cache] [1750/1787] vsr_164_164
2026-08-17 22:07:23,829 INFO [refresh_grounding_cache] [1751/1787] vsr_178_178
2026-08-17 22:07:28,927 INFO [refresh_grounding_cache] [1752/1787] vsr_180_180
2026-08-17 22:07:35,817 INFO [refresh_grounding_cache] [1753/1787] vsr_184_184
2026-08-17 22:07:43,839 INFO [refresh_grounding_cache] [1754/1787] vsr_194_194
2026-08-17 22:07:53,236 INFO [refresh_grounding_cache] [1755/1787] vsr_196_196
2026-08-17 22:07:56,094 INFO [refresh_grounding_cache] [1756/1787] vsr_198_198
2026-08-17 22:08:00,326 INFO [refresh_grounding_cache] [1757/1787] vsr_199_199
2026-08-17 22:08:03,758 INFO [refresh_grounding_cache] [1758/1787] vsr_215_215
2026-08-17 22:08:06,716 INFO [refresh_grounding_cache] [1759/1787] vsr_216_216
2026-08-17 22:08:09,748 INFO [refresh_grounding_cache] [1760/1787] vsr_220_220
2026-08-17 22:08:16,488 INFO [refresh_grounding_cache] [1761/1787] vsr_222_222
2026-08-17 22:08:19,495 INFO [refresh_grounding_cache] [1762/1787] vsr_225_225
2026-08-17 22:08:23,836 INFO [refresh_grounding_cache] [1763/1787] vsr_228_228
2026-08-17 22:08:28,309 INFO [refresh_grounding_cache] [1764/1787] vsr_229_229
2026-08-17 22:08:32,641 INFO [refresh_grounding_cache] [1765/1787] vsr_230_230
2026-08-17 22:08:35,424 INFO [refresh_grounding_cache] [1766/1787] vsr_237_237
2026-08-17 22:08:38,598 INFO [refresh_grounding_cache] [1767/1787] vsr_244_244
2026-08-17 22:08:41,547 INFO [refresh_grounding_cache] [1768/1787] vsr_245_245
2026-08-17 22:08:45,804 INFO [refresh_grounding_cache] [1769/1787] vsr_250_250
2026-08-17 22:08:49,720 INFO [refresh_grounding_cache] [1770/1787] vsr_253_253
2026-08-17 22:08:53,602 INFO [refresh_grounding_cache] [1771/1787] vsr_262_262
2026-08-17 22:08:58,526 INFO [refresh_grounding_cache] [1772/1787] vsr_263_263
2026-08-17 22:09:02,258 INFO [refresh_grounding_cache] [1773/1787] vsr_266_266
2026-08-17 22:09:05,590 INFO [refresh_grounding_cache] [1774/1787] vsr_274_274
2026-08-17 22:09:08,939 INFO [refresh_grounding_cache] [1775/1787] vsr_275_275
2026-08-17 22:09:12,080 INFO [refresh_grounding_cache] [1776/1787] vsr_276_276
2026-08-17 22:09:14,971 INFO [refresh_grounding_cache] [1777/1787] vsr_279_279
2026-08-17 22:09:18,478 INFO [refresh_grounding_cache] [1778/1787] vsr_280_280
2026-08-17 22:09:21,928 INFO [refresh_grounding_cache] [1779/1787] vsr_282_282
2026-08-17 22:09:26,409 INFO [refresh_grounding_cache] [1780/1787] vsr_285_285
2026-08-17 22:09:30,567 INFO [refresh_grounding_cache] [1781/1787] vsr_286_286
2026-08-17 22:09:34,782 INFO [refresh_grounding_cache] [1782/1787] vsr_296_296
2026-08-17 22:09:38,073 INFO [refresh_grounding_cache] [1783/1787] vsr_298_298
2026-08-17 22:09:42,180 INFO [refresh_grounding_cache] [1784/1787] vsr_319_319
2026-08-17 22:09:44,829 INFO [refresh_grounding_cache] [1785/1787] vsr_320_320
2026-08-17 22:09:48,853 INFO [refresh_grounding_cache] [1786/1787] vsr_332_332
2026-08-17 22:09:53,410 INFO [refresh_grounding_cache] [1787/1787] vsr_335_335
2026-08-17 22:09:57,338 INFO [refresh_grounding_cache] Refresh finished in 8255.9s with 7 failures
