2026-08-17 22:09:58,843 INFO [refresh_grounding_cache] Model=gemma4_e4b shard=2/4 completed=0 pending=1826
2026-08-17 22:09:58,843 INFO [refresh_grounding_cache] One grounding pass per pending row; max_new_tokens=512
2026-08-17 22:09:58,843 INFO [refresh_grounding_cache] Output=outputs/teacher_core_grounding512/teacher_gemma4_e4b_all_all_shard02-of-04.jsonl
2026-08-17 22:10:02,884 INFO [sentence_transformers.base.model] Loading SentenceTransformer model from /home/models/all-MiniLM-L6-v2.
Loading weights:   0%|          | 0/103 [00:00<?, ?it/s]Loading weights: 100%|██████████| 103/103 [00:00<00:00, 49989.97it/s]
[1mBertModel LOAD REPORT[0m from: /home/models/all-MiniLM-L6-v2
Key                     | Status     |  | 
------------------------+------------+--+-
embeddings.position_ids | UNEXPECTED |  | 

Notes:
- UNEXPECTED:	can be ignored when loading from different task/architecture; not ok if you expect identical arch.
2026-08-17 22:10:03,164 INFO [proactive.features.semantic] Loaded SemanticMatcher from local dir: /home/models/all-MiniLM-L6-v2
Loading weights:   0%|          | 0/2076 [00:00<?, ?it/s]Loading weights:  19%|█▉        | 401/2076 [00:00<00:00, 3989.29it/s]Loading weights:  39%|███▊      | 800/2076 [00:01<00:02, 576.23it/s] Loading weights:  47%|████▋     | 986/2076 [00:01<00:02, 533.75it/s]Loading weights:  53%|█████▎    | 1108/2076 [00:01<00:01, 512.87it/s]Loading weights:  58%|█████▊    | 1200/2076 [00:02<00:01, 494.95it/s]Loading weights:  61%|██████▏   | 1274/2076 [00:02<00:01, 482.96it/s]Loading weights:  64%|██████▍   | 1338/2076 [00:02<00:01, 456.96it/s]Loading weights:  67%|██████▋   | 1393/2076 [00:02<00:01, 431.98it/s]Loading weights:  74%|███████▎  | 1530/2076 [00:02<00:00, 587.44it/s]Loading weights:  98%|█████████▊| 2044/2076 [00:02<00:00, 1462.12it/s]Loading weights: 100%|██████████| 2076/2076 [00:02<00:00, 732.11it/s] 
2026-08-17 22:10:08,806 INFO [refresh_grounding_cache] [1/1826] hallusionbench_4_4
The following generation flags are not valid and may be ignored: ['top_p', 'top_k']. Set `TRANSFORMERS_VERBOSITY=info` for more details.
2026-08-17 22:10:17,169 INFO [refresh_grounding_cache] [2/1826] hallusionbench_5_5
2026-08-17 22:10:22,634 INFO [refresh_grounding_cache] [3/1826] hallusionbench_23_23
2026-08-17 22:10:35,047 INFO [refresh_grounding_cache] [4/1826] hallusionbench_37_37
2026-08-17 22:10:43,911 INFO [refresh_grounding_cache] [5/1826] hallusionbench_38_38
2026-08-17 22:10:59,365 INFO [refresh_grounding_cache] [6/1826] hallusionbench_49_49
2026-08-17 22:11:08,470 INFO [refresh_grounding_cache] [7/1826] hallusionbench_57_57
2026-08-17 22:11:16,185 INFO [refresh_grounding_cache] [8/1826] hallusionbench_58_58
2026-08-17 22:11:24,666 INFO [refresh_grounding_cache] [9/1826] hallusionbench_59_59
2026-08-17 22:11:32,147 INFO [refresh_grounding_cache] [10/1826] hallusionbench_61_61
2026-08-17 22:11:39,903 INFO [refresh_grounding_cache] [11/1826] hallusionbench_63_63
2026-08-17 22:11:47,150 INFO [refresh_grounding_cache] [12/1826] hallusionbench_69_69
2026-08-17 22:12:00,797 INFO [refresh_grounding_cache] [13/1826] hallusionbench_73_73
2026-08-17 22:12:12,518 INFO [refresh_grounding_cache] [14/1826] hallusionbench_85_85
2026-08-17 22:12:21,548 INFO [refresh_grounding_cache] [15/1826] hallusionbench_92_92
2026-08-17 22:12:30,255 INFO [refresh_grounding_cache] [16/1826] hallusionbench_95_95
2026-08-17 22:12:41,051 INFO [refresh_grounding_cache] [17/1826] hallusionbench_96_96
2026-08-17 22:12:50,198 INFO [refresh_grounding_cache] [18/1826] hallusionbench_104_104
2026-08-17 22:12:55,213 INFO [refresh_grounding_cache] [19/1826] hallusionbench_105_105
2026-08-17 22:13:00,120 INFO [refresh_grounding_cache] [20/1826] hallusionbench_106_106
2026-08-17 22:13:05,010 INFO [refresh_grounding_cache] [21/1826] hallusionbench_114_114
2026-08-17 22:13:11,075 INFO [refresh_grounding_cache] [22/1826] hallusionbench_115_115
2026-08-17 22:13:21,031 INFO [refresh_grounding_cache] [23/1826] hallusionbench_118_118
2026-08-17 22:13:27,204 INFO [refresh_grounding_cache] [24/1826] hallusionbench_131_131
2026-08-17 22:13:35,418 INFO [refresh_grounding_cache] [25/1826] hallusionbench_132_132
2026-08-17 22:13:45,773 INFO [refresh_grounding_cache] [26/1826] hallusionbench_140_140
2026-08-17 22:14:08,399 INFO [refresh_grounding_cache] [27/1826] hallusionbench_142_142
2026-08-17 22:14:25,819 INFO [refresh_grounding_cache] [28/1826] hallusionbench_148_148
2026-08-17 22:14:33,125 INFO [refresh_grounding_cache] [29/1826] hallusionbench_163_163
2026-08-17 22:14:39,557 INFO [refresh_grounding_cache] [30/1826] hallusionbench_164_164
2026-08-17 22:14:48,454 INFO [refresh_grounding_cache] [31/1826] hallusionbench_169_169
2026-08-17 22:14:54,019 INFO [refresh_grounding_cache] [32/1826] hallusionbench_170_170
2026-08-17 22:15:07,132 INFO [refresh_grounding_cache] [33/1826] hallusionbench_178_178
2026-08-17 22:15:17,604 INFO [refresh_grounding_cache] [34/1826] hallusionbench_179_179
2026-08-17 22:15:26,993 INFO [refresh_grounding_cache] [35/1826] hallusionbench_181_181
2026-08-17 22:15:34,973 INFO [refresh_grounding_cache] [36/1826] hallusionbench_187_187
2026-08-17 22:15:41,496 INFO [refresh_grounding_cache] [37/1826] hallusionbench_191_191
2026-08-17 22:15:58,283 INFO [refresh_grounding_cache] [38/1826] hallusionbench_193_193
2026-08-17 22:16:11,029 INFO [refresh_grounding_cache] [39/1826] hallusionbench_199_199
2026-08-17 22:16:24,367 INFO [refresh_grounding_cache] [40/1826] hallusionbench_218_218
2026-08-17 22:16:29,279 ERROR [refresh_grounding_cache] Grounding refresh failed for hallusionbench_218_218: Binary dataset answer not in valid domain: 'Syria' -> 'unknown'
Traceback (most recent call last):
  File "/home/aman/ProActive/scripts/refresh_grounding_cache.py", line 403, in main
    raise ValueError(observation.invalid_reason or "invalid grounding refresh")
ValueError: Binary dataset answer not in valid domain: 'Syria' -> 'unknown'
2026-08-17 22:16:29,280 INFO [refresh_grounding_cache] [41/1826] hallusionbench_219_219
2026-08-17 22:16:35,113 INFO [refresh_grounding_cache] [42/1826] hallusionbench_223_223
2026-08-17 22:16:42,395 INFO [refresh_grounding_cache] [43/1826] hallusionbench_228_228
2026-08-17 22:16:47,510 INFO [refresh_grounding_cache] [44/1826] hallusionbench_239_239
2026-08-17 22:16:53,816 INFO [refresh_grounding_cache] [45/1826] hallusionbench_251_251
2026-08-17 22:17:00,308 ERROR [refresh_grounding_cache] Grounding refresh failed for hallusionbench_251_251: Binary dataset answer not in valid domain: 'Florida' -> 'unknown'
Traceback (most recent call last):
  File "/home/aman/ProActive/scripts/refresh_grounding_cache.py", line 403, in main
    raise ValueError(observation.invalid_reason or "invalid grounding refresh")
ValueError: Binary dataset answer not in valid domain: 'Florida' -> 'unknown'
2026-08-17 22:17:00,308 INFO [refresh_grounding_cache] [46/1826] hallusionbench_252_252
2026-08-17 22:17:07,779 INFO [refresh_grounding_cache] [47/1826] hallusionbench_255_255
2026-08-17 22:17:13,285 INFO [refresh_grounding_cache] [48/1826] hallusionbench_269_269
2026-08-17 22:17:20,708 INFO [refresh_grounding_cache] [49/1826] hallusionbench_284_284
2026-08-17 22:17:30,156 INFO [refresh_grounding_cache] [50/1826] hallusionbench_295_295
2026-08-17 22:17:34,530 INFO [refresh_grounding_cache] [51/1826] hallusionbench_308_308
2026-08-17 22:17:38,887 INFO [refresh_grounding_cache] [52/1826] hallusionbench_311_311
2026-08-17 22:17:44,135 INFO [refresh_grounding_cache] [53/1826] hallusionbench_319_319
2026-08-17 22:17:50,050 INFO [refresh_grounding_cache] [54/1826] hallusionbench_320_320
2026-08-17 22:17:56,315 INFO [refresh_grounding_cache] [55/1826] hallusionbench_325_325
2026-08-17 22:18:02,013 INFO [refresh_grounding_cache] [56/1826] hallusionbench_326_326
2026-08-17 22:18:07,462 INFO [refresh_grounding_cache] [57/1826] hallusionbench_331_331
2026-08-17 22:18:13,651 INFO [refresh_grounding_cache] [58/1826] hallusionbench_343_343
2026-08-17 22:18:22,699 INFO [refresh_grounding_cache] [59/1826] hallusionbench_344_344
2026-08-17 22:18:27,306 INFO [refresh_grounding_cache] [60/1826] hallusionbench_345_345
2026-08-17 22:18:32,388 INFO [refresh_grounding_cache] [61/1826] hallusionbench_356_356
2026-08-17 22:18:38,994 INFO [refresh_grounding_cache] [62/1826] hallusionbench_359_359
2026-08-17 22:18:54,389 INFO [refresh_grounding_cache] [63/1826] hallusionbench_372_372
2026-08-17 22:18:58,004 INFO [refresh_grounding_cache] [64/1826] hallusionbench_381_381
2026-08-17 22:19:06,777 INFO [refresh_grounding_cache] [65/1826] hallusionbench_394_394
2026-08-17 22:19:12,317 INFO [refresh_grounding_cache] [66/1826] hallusionbench_395_395
2026-08-17 22:19:19,015 INFO [refresh_grounding_cache] [67/1826] hallusionbench_407_407
2026-08-17 22:19:22,597 INFO [refresh_grounding_cache] [68/1826] hallusionbench_413_413
2026-08-17 22:19:38,717 INFO [refresh_grounding_cache] [69/1826] hallusionbench_416_416
2026-08-17 22:19:47,065 INFO [refresh_grounding_cache] [70/1826] hallusionbench_419_419
2026-08-17 22:19:58,286 INFO [refresh_grounding_cache] [71/1826] hallusionbench_434_434
2026-08-17 22:20:03,110 INFO [refresh_grounding_cache] [72/1826] hallusionbench_439_439
2026-08-17 22:20:07,700 INFO [refresh_grounding_cache] [73/1826] hallusionbench_443_443
2026-08-17 22:20:11,308 INFO [refresh_grounding_cache] [74/1826] hallusionbench_453_453
2026-08-17 22:20:19,597 INFO [refresh_grounding_cache] [75/1826] hallusionbench_462_462
2026-08-17 22:20:32,960 INFO [refresh_grounding_cache] [76/1826] hallusionbench_464_464
2026-08-17 22:20:37,575 INFO [refresh_grounding_cache] [77/1826] hallusionbench_472_472
2026-08-17 22:20:43,406 INFO [refresh_grounding_cache] [78/1826] hallusionbench_483_483
2026-08-17 22:20:49,263 INFO [refresh_grounding_cache] [79/1826] hallusionbench_488_488
2026-08-17 22:20:56,511 INFO [refresh_grounding_cache] [80/1826] hallusionbench_498_498
2026-08-17 22:21:07,399 INFO [refresh_grounding_cache] [81/1826] hallusionbench_500_500
2026-08-17 22:21:18,237 INFO [refresh_grounding_cache] [82/1826] hallusionbench_504_504
2026-08-17 22:21:25,427 INFO [refresh_grounding_cache] [83/1826] hallusionbench_507_507
2026-08-17 22:21:30,184 INFO [refresh_grounding_cache] [84/1826] hallusionbench_519_519
2026-08-17 22:21:33,200 INFO [refresh_grounding_cache] [85/1826] hallusionbench_522_522
2026-08-17 22:21:36,890 INFO [refresh_grounding_cache] [86/1826] hallusionbench_529_529
2026-08-17 22:21:41,106 INFO [refresh_grounding_cache] [87/1826] hallusionbench_530_530
2026-08-17 22:21:45,129 INFO [refresh_grounding_cache] [88/1826] hallusionbench_537_537
2026-08-17 22:21:50,836 INFO [refresh_grounding_cache] [89/1826] hallusionbench_538_538
2026-08-17 22:21:54,094 INFO [refresh_grounding_cache] [90/1826] hallusionbench_541_541
2026-08-17 22:21:59,467 INFO [refresh_grounding_cache] [91/1826] hallusionbench_543_543
2026-08-17 22:22:03,316 INFO [refresh_grounding_cache] [92/1826] hallusionbench_549_549
2026-08-17 22:22:07,290 INFO [refresh_grounding_cache] [93/1826] hallusionbench_554_554
2026-08-17 22:22:10,555 INFO [refresh_grounding_cache] [94/1826] hallusionbench_556_556
2026-08-17 22:22:22,860 INFO [refresh_grounding_cache] [95/1826] hallusionbench_563_563
2026-08-17 22:22:26,676 INFO [refresh_grounding_cache] [96/1826] hallusionbench_568_568
2026-08-17 22:22:35,090 INFO [refresh_grounding_cache] [97/1826] hallusionbench_569_569
2026-08-17 22:22:46,586 INFO [refresh_grounding_cache] [98/1826] hallusionbench_572_572
2026-08-17 22:22:53,093 INFO [refresh_grounding_cache] [99/1826] hallusionbench_588_588
2026-08-17 22:22:58,275 INFO [refresh_grounding_cache] [100/1826] hallusionbench_594_594
2026-08-17 22:23:03,065 INFO [refresh_grounding_cache] [101/1826] hallusionbench_595_595
2026-08-17 22:23:07,372 INFO [refresh_grounding_cache] [102/1826] hallusionbench_600_600
2026-08-17 22:23:10,788 INFO [refresh_grounding_cache] [103/1826] hallusionbench_604_604
2026-08-17 22:23:14,745 INFO [refresh_grounding_cache] [104/1826] hallusionbench_609_609
2026-08-17 22:23:17,203 INFO [refresh_grounding_cache] [105/1826] hallusionbench_611_611
2026-08-17 22:23:20,835 INFO [refresh_grounding_cache] [106/1826] hallusionbench_628_628
2026-08-17 22:23:24,609 INFO [refresh_grounding_cache] [107/1826] hallusionbench_629_629
2026-08-17 22:23:28,974 INFO [refresh_grounding_cache] [108/1826] hallusionbench_635_635
2026-08-17 22:23:35,447 INFO [refresh_grounding_cache] [109/1826] hallusionbench_638_638
2026-08-17 22:23:39,355 INFO [refresh_grounding_cache] [110/1826] hallusionbench_640_640
2026-08-17 22:23:43,178 INFO [refresh_grounding_cache] [111/1826] hallusionbench_645_645
2026-08-17 22:23:47,194 INFO [refresh_grounding_cache] [112/1826] hallusionbench_651_651
2026-08-17 22:23:50,602 INFO [refresh_grounding_cache] [113/1826] hallusionbench_654_654
2026-08-17 22:23:54,883 INFO [refresh_grounding_cache] [114/1826] hallusionbench_656_656
2026-08-17 22:23:58,724 INFO [refresh_grounding_cache] [115/1826] hallusionbench_664_664
2026-08-17 22:24:01,457 INFO [refresh_grounding_cache] [116/1826] hallusionbench_666_666
2026-08-17 22:24:03,731 INFO [refresh_grounding_cache] [117/1826] hallusionbench_667_667
2026-08-17 22:24:07,855 INFO [refresh_grounding_cache] [118/1826] hallusionbench_672_672
2026-08-17 22:24:12,562 INFO [refresh_grounding_cache] [119/1826] hallusionbench_676_676
2026-08-17 22:24:15,861 INFO [refresh_grounding_cache] [120/1826] hallusionbench_682_682
2026-08-17 22:24:31,439 INFO [refresh_grounding_cache] [121/1826] hallusionbench_683_683
2026-08-17 22:24:39,070 INFO [refresh_grounding_cache] [122/1826] hallusionbench_691_691
2026-08-17 22:25:02,854 INFO [refresh_grounding_cache] [123/1826] hallusionbench_695_695
2026-08-17 22:25:07,545 INFO [refresh_grounding_cache] [124/1826] hallusionbench_702_702
2026-08-17 22:25:25,915 INFO [refresh_grounding_cache] [125/1826] hallusionbench_703_703
/home/aman/miniconda3/lib/python3.13/site-packages/PIL/Image.py:1137: UserWarning: Palette images with Transparency expressed in bytes should be converted to RGBA images
  warnings.warn(
2026-08-17 22:25:29,297 INFO [refresh_grounding_cache] [126/1826] hallusionbench_706_706
2026-08-17 22:25:33,087 INFO [refresh_grounding_cache] [127/1826] hallusionbench_711_711
2026-08-17 22:25:35,329 INFO [refresh_grounding_cache] [128/1826] hallusionbench_715_715
2026-08-17 22:26:07,022 ERROR [refresh_grounding_cache] Grounding refresh failed for hallusionbench_715_715: Missing FINAL_ANSWER tag and unable to resolve valid final answer
Traceback (most recent call last):
  File "/home/aman/ProActive/scripts/refresh_grounding_cache.py", line 403, in main
    raise ValueError(observation.invalid_reason or "invalid grounding refresh")
ValueError: Missing FINAL_ANSWER tag and unable to resolve valid final answer
2026-08-17 22:26:07,023 INFO [refresh_grounding_cache] [129/1826] hallusionbench_719_719
2026-08-17 22:26:09,085 INFO [refresh_grounding_cache] [130/1826] hallusionbench_729_729
2026-08-17 22:26:39,655 ERROR [refresh_grounding_cache] Grounding refresh failed for hallusionbench_729_729: Missing FINAL_ANSWER tag and unable to resolve valid final answer
Traceback (most recent call last):
  File "/home/aman/ProActive/scripts/refresh_grounding_cache.py", line 403, in main
    raise ValueError(observation.invalid_reason or "invalid grounding refresh")
ValueError: Missing FINAL_ANSWER tag and unable to resolve valid final answer
2026-08-17 22:26:39,655 INFO [refresh_grounding_cache] [131/1826] hallusionbench_732_732
2026-08-17 22:26:44,857 INFO [refresh_grounding_cache] [132/1826] hallusionbench_733_733
2026-08-17 22:26:53,496 INFO [refresh_grounding_cache] [133/1826] hallusionbench_735_735
2026-08-17 22:27:22,945 INFO [refresh_grounding_cache] [134/1826] hallusionbench_740_740
2026-08-17 22:27:37,783 INFO [refresh_grounding_cache] [135/1826] hallusionbench_744_744
2026-08-17 22:27:46,713 INFO [refresh_grounding_cache] [136/1826] hallusionbench_749_749
2026-08-17 22:27:58,135 INFO [refresh_grounding_cache] [137/1826] hallusionbench_752_752
2026-08-17 22:28:05,624 INFO [refresh_grounding_cache] [138/1826] hallusionbench_754_754
2026-08-17 22:28:17,346 INFO [refresh_grounding_cache] [139/1826] hallusionbench_757_757
2026-08-17 22:28:31,225 INFO [refresh_grounding_cache] [140/1826] hallusionbench_759_759
2026-08-17 22:28:38,182 INFO [refresh_grounding_cache] [141/1826] hallusionbench_767_767
2026-08-17 22:29:02,299 INFO [refresh_grounding_cache] [142/1826] hallusionbench_781_781
2026-08-17 22:29:09,464 INFO [refresh_grounding_cache] [143/1826] hallusionbench_784_784
2026-08-17 22:29:26,034 INFO [refresh_grounding_cache] [144/1826] hallusionbench_789_789
2026-08-17 22:29:56,696 ERROR [refresh_grounding_cache] Grounding refresh failed for hallusionbench_789_789: Missing FINAL_ANSWER tag and unable to resolve valid final answer
Traceback (most recent call last):
  File "/home/aman/ProActive/scripts/refresh_grounding_cache.py", line 403, in main
    raise ValueError(observation.invalid_reason or "invalid grounding refresh")
ValueError: Missing FINAL_ANSWER tag and unable to resolve valid final answer
2026-08-17 22:29:56,697 INFO [refresh_grounding_cache] [145/1826] hallusionbench_804_804
2026-08-17 22:30:02,297 INFO [refresh_grounding_cache] [146/1826] hallusionbench_823_823
2026-08-17 22:30:06,430 INFO [refresh_grounding_cache] [147/1826] hallusionbench_824_824
2026-08-17 22:30:12,578 INFO [refresh_grounding_cache] [148/1826] hallusionbench_826_826
2026-08-17 22:30:17,918 INFO [refresh_grounding_cache] [149/1826] hallusionbench_829_829
2026-08-17 22:30:23,058 INFO [refresh_grounding_cache] [150/1826] hallusionbench_844_844
2026-08-17 22:30:28,448 INFO [refresh_grounding_cache] [151/1826] hallusionbench_856_856
2026-08-17 22:30:31,989 INFO [refresh_grounding_cache] [152/1826] hallusionbench_859_859
2026-08-17 22:30:37,754 INFO [refresh_grounding_cache] [153/1826] hallusionbench_860_860
2026-08-17 22:30:43,402 INFO [refresh_grounding_cache] [154/1826] hallusionbench_864_864
2026-08-17 22:30:48,151 INFO [refresh_grounding_cache] [155/1826] hallusionbench_866_866
2026-08-17 22:30:52,957 INFO [refresh_grounding_cache] [156/1826] hallusionbench_870_870
2026-08-17 22:30:59,239 INFO [refresh_grounding_cache] [157/1826] hallusionbench_872_872
2026-08-17 22:31:05,087 INFO [refresh_grounding_cache] [158/1826] hallusionbench_879_879
2026-08-17 22:31:11,494 INFO [refresh_grounding_cache] [159/1826] hallusionbench_880_880
2026-08-17 22:31:16,342 INFO [refresh_grounding_cache] [160/1826] hallusionbench_881_881
2026-08-17 22:31:21,941 INFO [refresh_grounding_cache] [161/1826] hallusionbench_884_884
2026-08-17 22:31:26,698 INFO [refresh_grounding_cache] [162/1826] hallusionbench_885_885
2026-08-17 22:31:30,896 INFO [refresh_grounding_cache] [163/1826] hallusionbench_886_886
2026-08-17 22:31:34,854 INFO [refresh_grounding_cache] [164/1826] hallusionbench_887_887
2026-08-17 22:31:37,711 INFO [refresh_grounding_cache] [165/1826] hallusionbench_891_891
2026-08-17 22:31:45,442 INFO [refresh_grounding_cache] [166/1826] hallusionbench_892_892
2026-08-17 22:31:49,116 INFO [refresh_grounding_cache] [167/1826] hallusionbench_893_893
2026-08-17 22:31:53,057 INFO [refresh_grounding_cache] [168/1826] hallusionbench_895_895
2026-08-17 22:31:59,905 INFO [refresh_grounding_cache] [169/1826] hallusionbench_897_897
2026-08-17 22:32:11,426 INFO [refresh_grounding_cache] [170/1826] hallusionbench_904_904
2026-08-17 22:32:14,958 INFO [refresh_grounding_cache] [171/1826] hallusionbench_907_907
2026-08-17 22:32:18,607 INFO [refresh_grounding_cache] [172/1826] hallusionbench_913_913
2026-08-17 22:32:23,148 INFO [refresh_grounding_cache] [173/1826] hallusionbench_917_917
2026-08-17 22:32:30,312 INFO [refresh_grounding_cache] [174/1826] hallusionbench_929_929
2026-08-17 22:32:37,285 INFO [refresh_grounding_cache] [175/1826] hallusionbench_930_930
2026-08-17 22:32:40,967 INFO [refresh_grounding_cache] [176/1826] hallusionbench_934_934
2026-08-17 22:32:45,549 INFO [refresh_grounding_cache] [177/1826] hallusionbench_936_936
2026-08-17 22:32:51,839 INFO [refresh_grounding_cache] [178/1826] hallusionbench_940_940
2026-08-17 22:32:59,962 INFO [refresh_grounding_cache] [179/1826] hallusionbench_947_947
2026-08-17 22:33:04,460 INFO [refresh_grounding_cache] [180/1826] hallusionbench_949_949
2026-08-17 22:33:08,159 INFO [refresh_grounding_cache] [181/1826] hallusionbench_952_952
2026-08-17 22:33:11,508 INFO [refresh_grounding_cache] [182/1826] hallusionbench_953_953
2026-08-17 22:33:15,924 INFO [refresh_grounding_cache] [183/1826] hallusionbench_955_955
2026-08-17 22:33:20,597 INFO [refresh_grounding_cache] [184/1826] hallusionbench_957_957
2026-08-17 22:33:26,187 INFO [refresh_grounding_cache] [185/1826] hallusionbench_959_959
2026-08-17 22:33:30,703 INFO [refresh_grounding_cache] [186/1826] hallusionbench_960_960
2026-08-17 22:33:34,644 INFO [refresh_grounding_cache] [187/1826] hallusionbench_965_965
2026-08-17 22:33:39,392 INFO [refresh_grounding_cache] [188/1826] hallusionbench_967_967
2026-08-17 22:33:43,633 INFO [refresh_grounding_cache] [189/1826] hallusionbench_972_972
2026-08-17 22:33:49,906 INFO [refresh_grounding_cache] [190/1826] hallusionbench_976_976
2026-08-17 22:33:54,546 INFO [refresh_grounding_cache] [191/1826] hallusionbench_977_977
2026-08-17 22:34:00,336 INFO [refresh_grounding_cache] [192/1826] hallusionbench_978_978
2026-08-17 22:34:08,925 INFO [refresh_grounding_cache] [193/1826] hallusionbench_982_982
2026-08-17 22:34:25,362 INFO [refresh_grounding_cache] [194/1826] hallusionbench_990_990
2026-08-17 22:34:45,147 INFO [refresh_grounding_cache] [195/1826] hallusionbench_992_992
2026-08-17 22:34:54,353 INFO [refresh_grounding_cache] [196/1826] hallusionbench_994_994
2026-08-17 22:35:02,826 INFO [refresh_grounding_cache] [197/1826] hallusionbench_995_995
2026-08-17 22:35:07,882 INFO [refresh_grounding_cache] [198/1826] hallusionbench_997_997
2026-08-17 22:35:15,797 INFO [refresh_grounding_cache] [199/1826] hallusionbench_999_999
2026-08-17 22:35:22,420 INFO [refresh_grounding_cache] [200/1826] hallusionbench_1006_1006
2026-08-17 22:35:30,442 INFO [refresh_grounding_cache] [201/1826] hallusionbench_1014_1014
2026-08-17 22:35:39,981 INFO [refresh_grounding_cache] [202/1826] hallusionbench_1015_1015
2026-08-17 22:35:44,672 INFO [refresh_grounding_cache] [203/1826] hallusionbench_1017_1017
2026-08-17 22:35:50,103 INFO [refresh_grounding_cache] [204/1826] hallusionbench_1018_1018
2026-08-17 22:35:59,425 INFO [refresh_grounding_cache] [205/1826] hallusionbench_1019_1019
2026-08-17 22:36:03,308 INFO [refresh_grounding_cache] [206/1826] hallusionbench_1029_1029
2026-08-17 22:36:16,862 INFO [refresh_grounding_cache] [207/1826] hallusionbench_1033_1033
2026-08-17 22:36:30,958 INFO [refresh_grounding_cache] [208/1826] hallusionbench_1037_1037
2026-08-17 22:36:33,799 INFO [refresh_grounding_cache] [209/1826] hallusionbench_1045_1045
2026-08-17 22:36:36,165 INFO [refresh_grounding_cache] [210/1826] hallusionbench_1047_1047
2026-08-17 22:36:38,639 INFO [refresh_grounding_cache] [211/1826] hallusionbench_1050_1050
2026-08-17 22:36:41,380 INFO [refresh_grounding_cache] [212/1826] hallusionbench_1052_1052
2026-08-17 22:36:45,879 INFO [refresh_grounding_cache] [213/1826] hallusionbench_1053_1053
2026-08-17 22:36:49,519 INFO [refresh_grounding_cache] [214/1826] hallusionbench_1056_1056
2026-08-17 22:36:52,719 INFO [refresh_grounding_cache] [215/1826] hallusionbench_1061_1061
2026-08-17 22:36:55,501 INFO [refresh_grounding_cache] [216/1826] hallusionbench_1066_1066
2026-08-17 22:36:58,175 INFO [refresh_grounding_cache] [217/1826] hallusionbench_1071_1071
2026-08-17 22:37:02,674 INFO [refresh_grounding_cache] [218/1826] hallusionbench_1073_1073
2026-08-17 22:37:07,048 INFO [refresh_grounding_cache] [219/1826] hallusionbench_1074_1074
2026-08-17 22:37:10,163 INFO [refresh_grounding_cache] [220/1826] hallusionbench_1079_1079
2026-08-17 22:37:16,020 INFO [refresh_grounding_cache] [221/1826] hallusionbench_1080_1080
2026-08-17 22:37:20,894 INFO [refresh_grounding_cache] [222/1826] hallusionbench_1084_1084
2026-08-17 22:37:25,784 INFO [refresh_grounding_cache] [223/1826] hallusionbench_1086_1086
2026-08-17 22:37:29,741 INFO [refresh_grounding_cache] [224/1826] hallusionbench_1087_1087
2026-08-17 22:37:33,757 INFO [refresh_grounding_cache] [225/1826] hallusionbench_1093_1093
2026-08-17 22:37:37,331 INFO [refresh_grounding_cache] [226/1826] hallusionbench_1097_1097
2026-08-17 22:37:40,963 INFO [refresh_grounding_cache] [227/1826] hallusionbench_1098_1098
2026-08-17 22:37:45,437 INFO [refresh_grounding_cache] [228/1826] hallusionbench_1100_1100
2026-08-17 22:37:49,686 INFO [refresh_grounding_cache] [229/1826] hallusionbench_1109_1109
2026-08-17 22:37:53,768 INFO [refresh_grounding_cache] [230/1826] hallusionbench_1110_1110
2026-08-17 22:37:57,775 INFO [refresh_grounding_cache] [231/1826] hallusionbench_1115_1115
2026-08-17 22:38:01,957 INFO [refresh_grounding_cache] [232/1826] hallusionbench_1117_1117
2026-08-17 22:38:06,381 INFO [refresh_grounding_cache] [233/1826] hallusionbench_1118_1118
2026-08-17 22:38:10,879 INFO [refresh_grounding_cache] [234/1826] hallusionbench_1121_1121
2026-08-17 22:38:16,078 INFO [refresh_grounding_cache] [235/1826] hallusionbench_1124_1124
2026-08-17 22:38:20,085 INFO [refresh_grounding_cache] [236/1826] hallusionbench_1125_1125
2026-08-17 22:38:24,842 INFO [refresh_grounding_cache] [237/1826] pope_random_2_random_2
2026-08-17 22:38:28,899 INFO [refresh_grounding_cache] [238/1826] pope_random_4_random_4
2026-08-17 22:38:32,740 INFO [refresh_grounding_cache] [239/1826] pope_random_9_random_9
2026-08-17 22:38:36,622 INFO [refresh_grounding_cache] [240/1826] pope_random_10_random_10
2026-08-17 22:38:40,396 INFO [refresh_grounding_cache] [241/1826] pope_random_17_random_17
2026-08-17 22:38:44,720 INFO [refresh_grounding_cache] [242/1826] pope_random_20_random_20
2026-08-17 22:38:49,168 INFO [refresh_grounding_cache] [243/1826] pope_random_21_random_21
2026-08-17 22:38:53,576 INFO [refresh_grounding_cache] [244/1826] pope_random_27_random_27
2026-08-17 22:38:57,425 INFO [refresh_grounding_cache] [245/1826] pope_random_31_random_31
2026-08-17 22:39:01,090 INFO [refresh_grounding_cache] [246/1826] pope_random_35_random_35
2026-08-17 22:39:04,606 INFO [refresh_grounding_cache] [247/1826] pope_random_36_random_36
2026-08-17 22:39:08,555 INFO [refresh_grounding_cache] [248/1826] pope_random_40_random_40
2026-08-17 22:39:13,445 INFO [refresh_grounding_cache] [249/1826] pope_random_44_random_44
2026-08-17 22:39:16,461 INFO [refresh_grounding_cache] [250/1826] pope_random_45_random_45
2026-08-17 22:39:20,584 INFO [refresh_grounding_cache] [251/1826] pope_random_47_random_47
2026-08-17 22:39:25,008 INFO [refresh_grounding_cache] [252/1826] pope_random_52_random_52
2026-08-17 22:39:29,382 INFO [refresh_grounding_cache] [253/1826] pope_random_59_random_59
2026-08-17 22:39:33,581 INFO [refresh_grounding_cache] [254/1826] pope_random_60_random_60
2026-08-17 22:39:37,963 INFO [refresh_grounding_cache] [255/1826] pope_random_64_random_64
2026-08-17 22:39:42,186 INFO [refresh_grounding_cache] [256/1826] pope_random_65_random_65
2026-08-17 22:39:46,327 INFO [refresh_grounding_cache] [257/1826] pope_random_66_random_66
2026-08-17 22:39:51,059 INFO [refresh_grounding_cache] [258/1826] pope_random_79_random_79
2026-08-17 22:39:54,908 INFO [refresh_grounding_cache] [259/1826] pope_random_83_random_83
2026-08-17 22:39:59,865 INFO [refresh_grounding_cache] [260/1826] pope_random_86_random_86
2026-08-17 22:40:04,222 INFO [refresh_grounding_cache] [261/1826] pope_random_89_random_89
2026-08-17 22:40:08,237 INFO [refresh_grounding_cache] [262/1826] pope_random_93_random_93
2026-08-17 22:40:12,977 INFO [refresh_grounding_cache] [263/1826] pope_random_97_random_97
2026-08-17 22:40:17,859 INFO [refresh_grounding_cache] [264/1826] pope_random_99_random_99
2026-08-17 22:40:21,350 INFO [refresh_grounding_cache] [265/1826] pope_random_102_random_102
2026-08-17 22:40:24,841 INFO [refresh_grounding_cache] [266/1826] pope_random_103_random_103
2026-08-17 22:40:28,648 INFO [refresh_grounding_cache] [267/1826] pope_random_104_random_104
2026-08-17 22:40:33,547 INFO [refresh_grounding_cache] [268/1826] pope_random_111_random_111
2026-08-17 22:40:37,921 INFO [refresh_grounding_cache] [269/1826] pope_random_119_random_119
2026-08-17 22:40:41,328 INFO [refresh_grounding_cache] [270/1826] pope_random_123_random_123
2026-08-17 22:40:45,127 INFO [refresh_grounding_cache] [271/1826] pope_random_125_random_125
2026-08-17 22:40:48,601 INFO [refresh_grounding_cache] [272/1826] pope_random_130_random_130
2026-08-17 22:40:52,233 INFO [refresh_grounding_cache] [273/1826] pope_random_132_random_132
2026-08-17 22:40:56,773 INFO [refresh_grounding_cache] [274/1826] pope_random_135_random_135
2026-08-17 22:41:01,330 INFO [refresh_grounding_cache] [275/1826] pope_random_144_random_144
2026-08-17 22:41:06,737 INFO [refresh_grounding_cache] [276/1826] pope_random_148_random_148
2026-08-17 22:41:12,027 INFO [refresh_grounding_cache] [277/1826] pope_random_151_random_151
2026-08-17 22:41:16,201 INFO [refresh_grounding_cache] [278/1826] pope_random_159_random_159
2026-08-17 22:41:20,858 INFO [refresh_grounding_cache] [279/1826] pope_random_162_random_162
2026-08-17 22:41:24,524 INFO [refresh_grounding_cache] [280/1826] pope_random_164_random_164
2026-08-17 22:41:28,448 INFO [refresh_grounding_cache] [281/1826] pope_random_178_random_178
2026-08-17 22:41:32,371 INFO [refresh_grounding_cache] [282/1826] pope_random_181_random_181
2026-08-17 22:41:36,729 INFO [refresh_grounding_cache] [283/1826] pope_random_190_random_190
2026-08-17 22:41:41,802 INFO [refresh_grounding_cache] [284/1826] pope_random_193_random_193
2026-08-17 22:41:46,168 INFO [refresh_grounding_cache] [285/1826] pope_random_196_random_196
2026-08-17 22:41:51,083 INFO [refresh_grounding_cache] [286/1826] pope_random_199_random_199
2026-08-17 22:41:55,390 INFO [refresh_grounding_cache] [287/1826] pope_random_200_random_200
2026-08-17 22:41:59,480 INFO [refresh_grounding_cache] [288/1826] pope_random_204_random_204
2026-08-17 22:42:02,938 INFO [refresh_grounding_cache] [289/1826] pope_random_215_random_215
2026-08-17 22:42:06,711 INFO [refresh_grounding_cache] [290/1826] pope_random_222_random_222
2026-08-17 22:42:11,852 INFO [refresh_grounding_cache] [291/1826] pope_random_231_random_231
2026-08-17 22:42:15,784 INFO [refresh_grounding_cache] [292/1826] pope_random_251_random_251
2026-08-17 22:42:19,549 INFO [refresh_grounding_cache] [293/1826] pope_random_255_random_255
2026-08-17 22:42:24,473 INFO [refresh_grounding_cache] [294/1826] pope_random_267_random_267
2026-08-17 22:42:28,072 INFO [refresh_grounding_cache] [295/1826] pope_random_269_random_269
2026-08-17 22:42:32,321 INFO [refresh_grounding_cache] [296/1826] pope_random_271_random_271
2026-08-17 22:42:36,578 INFO [refresh_grounding_cache] [297/1826] pope_random_273_random_273
2026-08-17 22:42:41,385 INFO [refresh_grounding_cache] [298/1826] pope_random_274_random_274
2026-08-17 22:42:46,575 INFO [refresh_grounding_cache] [299/1826] pope_random_276_random_276
2026-08-17 22:42:52,248 INFO [refresh_grounding_cache] [300/1826] pope_random_277_random_277
2026-08-17 22:42:56,980 INFO [refresh_grounding_cache] [301/1826] pope_random_278_random_278
2026-08-17 22:43:03,153 INFO [refresh_grounding_cache] [302/1826] pope_random_279_random_279
2026-08-17 22:43:07,985 INFO [refresh_grounding_cache] [303/1826] pope_random_281_random_281
2026-08-17 22:43:13,150 INFO [refresh_grounding_cache] [304/1826] pope_random_290_random_290
2026-08-17 22:43:17,582 INFO [refresh_grounding_cache] [305/1826] pope_random_296_random_296
2026-08-17 22:43:22,039 INFO [refresh_grounding_cache] [306/1826] pope_random_297_random_297
2026-08-17 22:43:26,671 INFO [refresh_grounding_cache] [307/1826] pope_random_299_random_299
2026-08-17 22:43:30,595 INFO [refresh_grounding_cache] [308/1826] pope_random_302_random_302
2026-08-17 22:43:34,144 INFO [refresh_grounding_cache] [309/1826] pope_random_305_random_305
2026-08-17 22:43:38,101 INFO [refresh_grounding_cache] [310/1826] pope_random_312_random_312
2026-08-17 22:43:41,583 INFO [refresh_grounding_cache] [311/1826] pope_random_313_random_313
2026-08-17 22:43:45,724 INFO [refresh_grounding_cache] [312/1826] pope_random_314_random_314
2026-08-17 22:43:50,397 INFO [refresh_grounding_cache] [313/1826] pope_random_317_random_317
2026-08-17 22:43:54,887 INFO [refresh_grounding_cache] [314/1826] pope_random_319_random_319
2026-08-17 22:43:58,678 INFO [refresh_grounding_cache] [315/1826] pope_random_320_random_320
2026-08-17 22:44:03,643 INFO [refresh_grounding_cache] [316/1826] pope_random_329_random_329
2026-08-17 22:44:07,192 INFO [refresh_grounding_cache] [317/1826] pope_random_334_random_334
2026-08-17 22:44:10,374 INFO [refresh_grounding_cache] [318/1826] pope_random_337_random_337
2026-08-17 22:44:13,698 INFO [refresh_grounding_cache] [319/1826] pope_random_338_random_338
2026-08-17 22:44:18,130 INFO [refresh_grounding_cache] [320/1826] pope_random_339_random_339
2026-08-17 22:44:22,279 INFO [refresh_grounding_cache] [321/1826] pope_random_345_random_345
2026-08-17 22:44:26,444 INFO [refresh_grounding_cache] [322/1826] pope_random_346_random_346
2026-08-17 22:44:30,143 INFO [refresh_grounding_cache] [323/1826] pope_random_362_random_362
2026-08-17 22:44:34,201 INFO [refresh_grounding_cache] [324/1826] pope_random_364_random_364
2026-08-17 22:44:38,941 INFO [refresh_grounding_cache] [325/1826] pope_random_371_random_371
2026-08-17 22:44:43,389 INFO [refresh_grounding_cache] [326/1826] pope_random_376_random_376
2026-08-17 22:44:47,313 INFO [refresh_grounding_cache] [327/1826] pope_random_378_random_378
2026-08-17 22:44:51,179 INFO [refresh_grounding_cache] [328/1826] pope_random_385_random_385
2026-08-17 22:44:54,961 INFO [refresh_grounding_cache] [329/1826] pope_random_387_random_387
2026-08-17 22:44:58,635 INFO [refresh_grounding_cache] [330/1826] pope_random_388_random_388
2026-08-17 22:45:02,834 INFO [refresh_grounding_cache] [331/1826] pope_random_399_random_399
2026-08-17 22:45:07,166 INFO [refresh_grounding_cache] [332/1826] pope_random_401_random_401
2026-08-17 22:45:11,039 INFO [refresh_grounding_cache] [333/1826] pope_random_413_random_413
2026-08-17 22:45:14,755 INFO [refresh_grounding_cache] [334/1826] pope_random_416_random_416
2026-08-17 22:45:18,904 INFO [refresh_grounding_cache] [335/1826] pope_random_417_random_417
2026-08-17 22:45:23,053 INFO [refresh_grounding_cache] [336/1826] pope_random_420_random_420
2026-08-17 22:45:27,235 INFO [refresh_grounding_cache] [337/1826] pope_random_423_random_423
2026-08-17 22:45:30,992 INFO [refresh_grounding_cache] [338/1826] pope_random_435_random_435
2026-08-17 22:45:35,291 INFO [refresh_grounding_cache] [339/1826] pope_random_440_random_440
2026-08-17 22:45:39,031 INFO [refresh_grounding_cache] [340/1826] pope_random_442_random_442
2026-08-17 22:45:43,530 INFO [refresh_grounding_cache] [341/1826] pope_random_452_random_452
2026-08-17 22:45:47,795 INFO [refresh_grounding_cache] [342/1826] pope_random_453_random_453
2026-08-17 22:45:52,228 INFO [refresh_grounding_cache] [343/1826] pope_random_468_random_468
2026-08-17 22:45:56,460 INFO [refresh_grounding_cache] [344/1826] pope_random_471_random_471
2026-08-17 22:46:00,417 INFO [refresh_grounding_cache] [345/1826] pope_random_472_random_472
2026-08-17 22:46:03,549 INFO [refresh_grounding_cache] [346/1826] pope_random_474_random_474
2026-08-17 22:46:07,423 INFO [refresh_grounding_cache] [347/1826] pope_random_481_random_481
2026-08-17 22:46:11,713 INFO [refresh_grounding_cache] [348/1826] pope_random_486_random_486
2026-08-17 22:46:15,246 INFO [refresh_grounding_cache] [349/1826] pope_random_489_random_489
2026-08-17 22:46:19,111 INFO [refresh_grounding_cache] [350/1826] pope_random_496_random_496
2026-08-17 22:46:23,868 INFO [refresh_grounding_cache] [351/1826] pope_random_508_random_508
2026-08-17 22:46:28,625 INFO [refresh_grounding_cache] [352/1826] pope_random_510_random_510
2026-08-17 22:46:32,382 INFO [refresh_grounding_cache] [353/1826] pope_random_514_random_514
2026-08-17 22:46:35,640 INFO [refresh_grounding_cache] [354/1826] pope_random_515_random_515
2026-08-17 22:46:38,597 INFO [refresh_grounding_cache] [355/1826] pope_random_518_random_518
2026-08-17 22:46:42,013 INFO [refresh_grounding_cache] [356/1826] pope_random_521_random_521
2026-08-17 22:46:46,703 INFO [refresh_grounding_cache] [357/1826] pope_random_529_random_529
2026-08-17 22:46:50,052 INFO [refresh_grounding_cache] [358/1826] pope_random_530_random_530
2026-08-17 22:46:53,534 INFO [refresh_grounding_cache] [359/1826] pope_random_531_random_531
2026-08-17 22:46:57,525 INFO [refresh_grounding_cache] [360/1826] pope_random_537_random_537
2026-08-17 22:47:01,257 INFO [refresh_grounding_cache] [361/1826] pope_random_540_random_540
2026-08-17 22:47:04,764 INFO [refresh_grounding_cache] [362/1826] pope_random_545_random_545
2026-08-17 22:47:08,821 INFO [refresh_grounding_cache] [363/1826] pope_random_547_random_547
2026-08-17 22:47:12,812 INFO [refresh_grounding_cache] [364/1826] pope_random_549_random_549
2026-08-17 22:47:17,344 INFO [refresh_grounding_cache] [365/1826] pope_random_550_random_550
2026-08-17 22:47:21,118 INFO [refresh_grounding_cache] [366/1826] pope_random_552_random_552
2026-08-17 22:47:24,767 INFO [refresh_grounding_cache] [367/1826] pope_random_553_random_553
2026-08-17 22:47:28,949 INFO [refresh_grounding_cache] [368/1826] pope_random_558_random_558
2026-08-17 22:47:32,956 INFO [refresh_grounding_cache] [369/1826] pope_random_560_random_560
2026-08-17 22:47:37,354 INFO [refresh_grounding_cache] [370/1826] pope_random_565_random_565
2026-08-17 22:47:41,312 INFO [refresh_grounding_cache] [371/1826] pope_random_571_random_571
2026-08-17 22:47:44,877 INFO [refresh_grounding_cache] [372/1826] pope_random_573_random_573
2026-08-17 22:47:48,843 INFO [refresh_grounding_cache] [373/1826] pope_random_574_random_574
2026-08-17 22:47:52,125 INFO [refresh_grounding_cache] [374/1826] pope_random_576_random_576
2026-08-17 22:47:56,932 INFO [refresh_grounding_cache] [375/1826] pope_random_579_random_579
2026-08-17 22:48:00,597 INFO [refresh_grounding_cache] [376/1826] pope_random_588_random_588
2026-08-17 22:48:06,396 INFO [refresh_grounding_cache] [377/1826] pope_random_595_random_595
2026-08-17 22:48:10,495 INFO [refresh_grounding_cache] [378/1826] pope_random_597_random_597
2026-08-17 22:48:15,010 INFO [refresh_grounding_cache] [379/1826] pope_random_608_random_608
2026-08-17 22:48:19,817 INFO [refresh_grounding_cache] [380/1826] pope_random_611_random_611
2026-08-17 22:48:24,141 INFO [refresh_grounding_cache] [381/1826] pope_random_625_random_625
2026-08-17 22:48:27,990 INFO [refresh_grounding_cache] [382/1826] pope_random_639_random_639
2026-08-17 22:48:31,739 INFO [refresh_grounding_cache] [383/1826] pope_random_657_random_657
2026-08-17 22:48:35,771 INFO [refresh_grounding_cache] [384/1826] pope_random_658_random_658
2026-08-17 22:48:40,169 INFO [refresh_grounding_cache] [385/1826] pope_random_660_random_660
2026-08-17 22:48:45,301 INFO [refresh_grounding_cache] [386/1826] pope_random_662_random_662
2026-08-17 22:48:49,291 INFO [refresh_grounding_cache] [387/1826] pope_random_673_random_673
2026-08-17 22:48:53,274 INFO [refresh_grounding_cache] [388/1826] pope_random_675_random_675
2026-08-17 22:48:57,631 INFO [refresh_grounding_cache] [389/1826] pope_random_682_random_682
2026-08-17 22:49:01,763 INFO [refresh_grounding_cache] [390/1826] pope_random_685_random_685
2026-08-17 22:49:06,028 INFO [refresh_grounding_cache] [391/1826] pope_random_689_random_689
2026-08-17 22:49:10,368 INFO [refresh_grounding_cache] [392/1826] pope_random_702_random_702
2026-08-17 22:49:14,192 INFO [refresh_grounding_cache] [393/1826] pope_random_706_random_706
2026-08-17 22:49:18,099 INFO [refresh_grounding_cache] [394/1826] pope_random_710_random_710
2026-08-17 22:49:21,090 INFO [refresh_grounding_cache] [395/1826] pope_random_711_random_711
2026-08-17 22:49:24,131 INFO [refresh_grounding_cache] [396/1826] pope_random_713_random_713
2026-08-17 22:49:27,114 INFO [refresh_grounding_cache] [397/1826] pope_random_717_random_717
2026-08-17 22:49:31,337 INFO [refresh_grounding_cache] [398/1826] pope_random_718_random_718
2026-08-17 22:49:35,544 INFO [refresh_grounding_cache] [399/1826] pope_random_720_random_720
2026-08-17 22:49:39,393 INFO [refresh_grounding_cache] [400/1826] pope_random_721_random_721
2026-08-17 22:49:43,367 INFO [refresh_grounding_cache] [401/1826] pope_random_726_random_726
2026-08-17 22:49:46,741 INFO [refresh_grounding_cache] [402/1826] pope_random_728_random_728
2026-08-17 22:49:50,382 INFO [refresh_grounding_cache] [403/1826] pope_random_731_random_731
2026-08-17 22:49:54,514 INFO [refresh_grounding_cache] [404/1826] pope_random_737_random_737
2026-08-17 22:49:58,446 INFO [refresh_grounding_cache] [405/1826] pope_random_739_random_739
2026-08-17 22:50:02,745 INFO [refresh_grounding_cache] [406/1826] pope_random_743_random_743
2026-08-17 22:50:05,602 INFO [refresh_grounding_cache] [407/1826] pope_random_744_random_744
2026-08-17 22:50:08,668 INFO [refresh_grounding_cache] [408/1826] pope_random_746_random_746
2026-08-17 22:50:13,375 INFO [refresh_grounding_cache] [409/1826] pope_random_747_random_747
2026-08-17 22:50:17,657 INFO [refresh_grounding_cache] [410/1826] pope_random_750_random_750
2026-08-17 22:50:21,531 INFO [refresh_grounding_cache] [411/1826] pope_random_752_random_752
2026-08-17 22:50:26,013 INFO [refresh_grounding_cache] [412/1826] pope_random_753_random_753
2026-08-17 22:50:30,612 INFO [refresh_grounding_cache] [413/1826] pope_random_754_random_754
2026-08-17 22:50:33,961 INFO [refresh_grounding_cache] [414/1826] pope_random_757_random_757
2026-08-17 22:50:37,818 INFO [refresh_grounding_cache] [415/1826] pope_random_759_random_759
2026-08-17 22:50:41,483 INFO [refresh_grounding_cache] [416/1826] pope_random_762_random_762
2026-08-17 22:50:46,040 INFO [refresh_grounding_cache] [417/1826] pope_random_769_random_769
2026-08-17 22:50:49,998 INFO [refresh_grounding_cache] [418/1826] pope_random_776_random_776
2026-08-17 22:50:53,480 INFO [refresh_grounding_cache] [419/1826] pope_random_779_random_779
2026-08-17 22:50:56,105 INFO [refresh_grounding_cache] [420/1826] pope_random_781_random_781
2026-08-17 22:50:59,395 INFO [refresh_grounding_cache] [421/1826] pope_random_782_random_782
2026-08-17 22:51:02,969 INFO [refresh_grounding_cache] [422/1826] pope_random_789_random_789
2026-08-17 22:51:07,301 INFO [refresh_grounding_cache] [423/1826] pope_random_791_random_791
2026-08-17 22:51:11,208 INFO [refresh_grounding_cache] [424/1826] pope_random_792_random_792
2026-08-17 22:51:14,957 INFO [refresh_grounding_cache] [425/1826] pope_random_802_random_802
2026-08-17 22:51:18,973 INFO [refresh_grounding_cache] [426/1826] pope_random_807_random_807
2026-08-17 22:51:23,396 INFO [refresh_grounding_cache] [427/1826] pope_random_809_random_809
2026-08-17 22:51:27,162 INFO [refresh_grounding_cache] [428/1826] pope_random_812_random_812
2026-08-17 22:51:31,652 INFO [refresh_grounding_cache] [429/1826] pope_random_821_random_821
2026-08-17 22:51:35,051 INFO [refresh_grounding_cache] [430/1826] pope_random_825_random_825
2026-08-17 22:51:39,616 INFO [refresh_grounding_cache] [431/1826] pope_random_828_random_828
2026-08-17 22:51:44,257 INFO [refresh_grounding_cache] [432/1826] pope_random_830_random_830
2026-08-17 22:51:48,797 INFO [refresh_grounding_cache] [433/1826] pope_random_837_random_837
2026-08-17 22:51:53,088 INFO [refresh_grounding_cache] [434/1826] pope_random_839_random_839
2026-08-17 22:51:57,778 INFO [refresh_grounding_cache] [435/1826] pope_random_841_random_841
2026-08-17 22:52:02,416 INFO [refresh_grounding_cache] [436/1826] pope_random_845_random_845
2026-08-17 22:52:06,717 INFO [refresh_grounding_cache] [437/1826] pope_random_846_random_846
2026-08-17 22:52:11,490 INFO [refresh_grounding_cache] [438/1826] pope_random_849_random_849
2026-08-17 22:52:15,264 INFO [refresh_grounding_cache] [439/1826] pope_random_851_random_851
2026-08-17 22:52:18,847 INFO [refresh_grounding_cache] [440/1826] pope_random_857_random_857
2026-08-17 22:52:21,862 INFO [refresh_grounding_cache] [441/1826] pope_random_867_random_867
2026-08-17 22:52:24,928 INFO [refresh_grounding_cache] [442/1826] pope_random_874_random_874
2026-08-17 22:52:29,060 INFO [refresh_grounding_cache] [443/1826] pope_random_877_random_877
2026-08-17 22:52:33,075 INFO [refresh_grounding_cache] [444/1826] pope_random_884_random_884
2026-08-17 22:52:37,649 INFO [refresh_grounding_cache] [445/1826] pope_random_885_random_885
2026-08-17 22:52:41,681 INFO [refresh_grounding_cache] [446/1826] pope_random_886_random_886
2026-08-17 22:52:45,372 INFO [refresh_grounding_cache] [447/1826] pope_random_890_random_890
2026-08-17 22:52:49,445 INFO [refresh_grounding_cache] [448/1826] pope_random_894_random_894
2026-08-17 22:52:53,244 INFO [refresh_grounding_cache] [449/1826] pope_random_896_random_896
2026-08-17 22:52:58,418 INFO [refresh_grounding_cache] [450/1826] pope_random_897_random_897
2026-08-17 22:53:02,658 INFO [refresh_grounding_cache] [451/1826] pope_random_900_random_900
2026-08-17 22:53:07,024 INFO [refresh_grounding_cache] [452/1826] pope_random_901_random_901
2026-08-17 22:53:11,139 INFO [refresh_grounding_cache] [453/1826] pope_random_904_random_904
2026-08-17 22:53:15,546 INFO [refresh_grounding_cache] [454/1826] pope_random_913_random_913
2026-08-17 22:53:19,621 INFO [refresh_grounding_cache] [455/1826] pope_random_914_random_914
2026-08-17 22:53:24,161 INFO [refresh_grounding_cache] [456/1826] pope_random_918_random_918
2026-08-17 22:53:29,142 INFO [refresh_grounding_cache] [457/1826] pope_random_927_random_927
2026-08-17 22:53:33,749 INFO [refresh_grounding_cache] [458/1826] pope_random_928_random_928
2026-08-17 22:53:37,956 INFO [refresh_grounding_cache] [459/1826] pope_random_931_random_931
2026-08-17 22:53:42,588 INFO [refresh_grounding_cache] [460/1826] pope_random_935_random_935
2026-08-17 22:53:46,046 INFO [refresh_grounding_cache] [461/1826] pope_random_940_random_940
2026-08-17 22:53:51,161 INFO [refresh_grounding_cache] [462/1826] pope_random_947_random_947
2026-08-17 22:53:54,452 INFO [refresh_grounding_cache] [463/1826] pope_random_951_random_951
2026-08-17 22:53:58,092 INFO [refresh_grounding_cache] [464/1826] pope_random_954_random_954
2026-08-17 22:54:01,916 INFO [refresh_grounding_cache] [465/1826] pope_random_960_random_960
2026-08-17 22:54:06,673 INFO [refresh_grounding_cache] [466/1826] pope_random_962_random_962
2026-08-17 22:54:11,322 INFO [refresh_grounding_cache] [467/1826] pope_random_964_random_964
2026-08-17 22:54:16,045 INFO [refresh_grounding_cache] [468/1826] pope_random_969_random_969
2026-08-17 22:54:19,869 INFO [refresh_grounding_cache] [469/1826] pope_random_972_random_972
2026-08-17 22:54:23,676 INFO [refresh_grounding_cache] [470/1826] pope_random_1006_random_1006
2026-08-17 22:54:27,384 INFO [refresh_grounding_cache] [471/1826] pope_random_1008_random_1008
2026-08-17 22:54:32,016 INFO [refresh_grounding_cache] [472/1826] pope_random_1009_random_1009
2026-08-17 22:54:35,656 INFO [refresh_grounding_cache] [473/1826] pope_random_1014_random_1014
2026-08-17 22:54:40,621 INFO [refresh_grounding_cache] [474/1826] pope_random_1019_random_1019
2026-08-17 22:54:44,620 INFO [refresh_grounding_cache] [475/1826] pope_random_1024_random_1024
2026-08-17 22:54:48,702 INFO [refresh_grounding_cache] [476/1826] pope_random_1025_random_1025
2026-08-17 22:54:52,743 INFO [refresh_grounding_cache] [477/1826] pope_random_1026_random_1026
2026-08-17 22:54:56,392 INFO [refresh_grounding_cache] [478/1826] pope_random_1028_random_1028
2026-08-17 22:55:00,940 INFO [refresh_grounding_cache] [479/1826] pope_random_1030_random_1030
2026-08-17 22:55:04,706 INFO [refresh_grounding_cache] [480/1826] pope_random_1031_random_1031
2026-08-17 22:55:08,771 INFO [refresh_grounding_cache] [481/1826] pope_random_1033_random_1033
2026-08-17 22:55:12,895 INFO [refresh_grounding_cache] [482/1826] pope_random_1035_random_1035
2026-08-17 22:55:16,269 INFO [refresh_grounding_cache] [483/1826] pope_random_1047_random_1047
2026-08-17 22:55:19,885 INFO [refresh_grounding_cache] [484/1826] pope_random_1048_random_1048
2026-08-17 22:55:24,608 INFO [refresh_grounding_cache] [485/1826] pope_random_1051_random_1051
2026-08-17 22:55:30,190 INFO [refresh_grounding_cache] [486/1826] pope_random_1052_random_1052
2026-08-17 22:55:34,647 INFO [refresh_grounding_cache] [487/1826] pope_random_1056_random_1056
2026-08-17 22:55:38,729 INFO [refresh_grounding_cache] [488/1826] pope_random_1065_random_1065
2026-08-17 22:55:41,936 INFO [refresh_grounding_cache] [489/1826] pope_random_1070_random_1070
2026-08-17 22:55:46,602 INFO [refresh_grounding_cache] [490/1826] pope_random_1075_random_1075
2026-08-17 22:55:50,384 INFO [refresh_grounding_cache] [491/1826] pope_random_1079_random_1079
2026-08-17 22:55:54,233 INFO [refresh_grounding_cache] [492/1826] pope_random_1082_random_1082
2026-08-17 22:55:59,248 INFO [refresh_grounding_cache] [493/1826] pope_random_1088_random_1088
2026-08-17 22:56:03,905 INFO [refresh_grounding_cache] [494/1826] pope_random_1091_random_1091
2026-08-17 22:56:08,637 INFO [refresh_grounding_cache] [495/1826] pope_random_1096_random_1096
2026-08-17 22:56:12,927 INFO [refresh_grounding_cache] [496/1826] pope_random_1111_random_1111
2026-08-17 22:56:17,068 INFO [refresh_grounding_cache] [497/1826] pope_random_1112_random_1112
2026-08-17 22:56:22,641 INFO [refresh_grounding_cache] [498/1826] pope_random_1115_random_1115
2026-08-17 22:56:27,115 INFO [refresh_grounding_cache] [499/1826] pope_random_1118_random_1118
2026-08-17 22:56:31,930 INFO [refresh_grounding_cache] [500/1826] pope_random_1121_random_1121
2026-08-17 22:56:35,654 INFO [refresh_grounding_cache] [501/1826] pope_random_1122_random_1122
2026-08-17 22:56:39,036 INFO [refresh_grounding_cache] [502/1826] pope_random_1127_random_1127
2026-08-17 22:56:43,602 INFO [refresh_grounding_cache] [503/1826] pope_random_1133_random_1133
2026-08-17 22:56:47,825 INFO [refresh_grounding_cache] [504/1826] pope_random_1143_random_1143
2026-08-17 22:56:51,666 INFO [refresh_grounding_cache] [505/1826] pope_random_1144_random_1144
2026-08-17 22:56:55,098 INFO [refresh_grounding_cache] [506/1826] pope_random_1159_random_1159
2026-08-17 22:56:59,347 INFO [refresh_grounding_cache] [507/1826] pope_random_1166_random_1166
2026-08-17 22:57:03,504 INFO [refresh_grounding_cache] [508/1826] pope_random_1167_random_1167
2026-08-17 22:57:07,486 INFO [refresh_grounding_cache] [509/1826] pope_random_1172_random_1172
2026-08-17 22:57:11,552 INFO [refresh_grounding_cache] [510/1826] pope_random_1173_random_1173
2026-08-17 22:57:15,242 INFO [refresh_grounding_cache] [511/1826] pope_random_1174_random_1174
2026-08-17 22:57:19,532 INFO [refresh_grounding_cache] [512/1826] pope_random_1181_random_1181
2026-08-17 22:57:25,172 INFO [refresh_grounding_cache] [513/1826] pope_random_1184_random_1184
2026-08-17 22:57:30,246 INFO [refresh_grounding_cache] [514/1826] pope_random_1188_random_1188
2026-08-17 22:57:35,369 INFO [refresh_grounding_cache] [515/1826] pope_random_1191_random_1191
2026-08-17 22:57:39,810 INFO [refresh_grounding_cache] [516/1826] pope_random_1193_random_1193
2026-08-17 22:57:44,217 INFO [refresh_grounding_cache] [517/1826] pope_random_1194_random_1194
2026-08-17 22:57:48,207 INFO [refresh_grounding_cache] [518/1826] pope_random_1199_random_1199
2026-08-17 22:57:52,264 INFO [refresh_grounding_cache] [519/1826] pope_random_1201_random_1201
2026-08-17 22:57:56,330 INFO [refresh_grounding_cache] [520/1826] pope_random_1203_random_1203
2026-08-17 22:58:00,212 INFO [refresh_grounding_cache] [521/1826] pope_random_1204_random_1204
2026-08-17 22:58:03,303 INFO [refresh_grounding_cache] [522/1826] pope_random_1205_random_1205
2026-08-17 22:58:07,601 INFO [refresh_grounding_cache] [523/1826] pope_random_1211_random_1211
2026-08-17 22:58:11,409 INFO [refresh_grounding_cache] [524/1826] pope_random_1212_random_1212
2026-08-17 22:58:15,966 INFO [refresh_grounding_cache] [525/1826] pope_random_1215_random_1215
2026-08-17 22:58:20,114 INFO [refresh_grounding_cache] [526/1826] pope_random_1223_random_1223
2026-08-17 22:58:24,438 INFO [refresh_grounding_cache] [527/1826] pope_random_1225_random_1225
2026-08-17 22:58:28,195 INFO [refresh_grounding_cache] [528/1826] pope_random_1226_random_1226
2026-08-17 22:58:31,436 INFO [refresh_grounding_cache] [529/1826] pope_random_1233_random_1233
2026-08-17 22:58:35,160 INFO [refresh_grounding_cache] [530/1826] pope_random_1238_random_1238
2026-08-17 22:58:40,609 INFO [refresh_grounding_cache] [531/1826] pope_random_1239_random_1239
2026-08-17 22:58:45,590 INFO [refresh_grounding_cache] [532/1826] pope_random_1247_random_1247
2026-08-17 22:58:49,373 INFO [refresh_grounding_cache] [533/1826] pope_random_1252_random_1252
2026-08-17 22:58:52,980 INFO [refresh_grounding_cache] [534/1826] pope_random_1261_random_1261
2026-08-17 22:58:55,971 INFO [refresh_grounding_cache] [535/1826] pope_random_1264_random_1264
2026-08-17 22:58:59,561 INFO [refresh_grounding_cache] [536/1826] pope_random_1290_random_1290
2026-08-17 22:59:03,852 INFO [refresh_grounding_cache] [537/1826] pope_random_1296_random_1296
2026-08-17 22:59:08,117 INFO [refresh_grounding_cache] [538/1826] pope_random_1299_random_1299
2026-08-17 22:59:12,249 INFO [refresh_grounding_cache] [539/1826] pope_random_1301_random_1301
2026-08-17 22:59:15,890 INFO [refresh_grounding_cache] [540/1826] pope_random_1304_random_1304
2026-08-17 22:59:21,713 INFO [refresh_grounding_cache] [541/1826] pope_random_1306_random_1306
2026-08-17 22:59:26,345 INFO [refresh_grounding_cache] [542/1826] pope_random_1307_random_1307
2026-08-17 22:59:30,144 INFO [refresh_grounding_cache] [543/1826] pope_random_1308_random_1308
2026-08-17 22:59:34,368 INFO [refresh_grounding_cache] [544/1826] pope_random_1313_random_1313
2026-08-17 22:59:38,358 INFO [refresh_grounding_cache] [545/1826] pope_random_1317_random_1317
2026-08-17 22:59:42,399 INFO [refresh_grounding_cache] [546/1826] pope_random_1321_random_1321
2026-08-17 22:59:46,639 INFO [refresh_grounding_cache] [547/1826] pope_random_1322_random_1322
2026-08-17 22:59:50,913 INFO [refresh_grounding_cache] [548/1826] pope_random_1335_random_1335
2026-08-17 22:59:55,012 INFO [refresh_grounding_cache] [549/1826] pope_random_1339_random_1339
2026-08-17 22:59:59,277 INFO [refresh_grounding_cache] [550/1826] pope_random_1340_random_1340
2026-08-17 23:00:03,693 INFO [refresh_grounding_cache] [551/1826] pope_random_1342_random_1342
2026-08-17 23:00:07,716 INFO [refresh_grounding_cache] [552/1826] pope_random_1343_random_1343
2026-08-17 23:00:10,574 INFO [refresh_grounding_cache] [553/1826] pope_random_1354_random_1354
2026-08-17 23:00:15,014 INFO [refresh_grounding_cache] [554/1826] pope_random_1356_random_1356
2026-08-17 23:00:20,887 INFO [refresh_grounding_cache] [555/1826] pope_random_1358_random_1358
2026-08-17 23:00:25,703 INFO [refresh_grounding_cache] [556/1826] pope_random_1359_random_1359
2026-08-17 23:00:29,826 INFO [refresh_grounding_cache] [557/1826] pope_random_1364_random_1364
2026-08-17 23:00:33,925 INFO [refresh_grounding_cache] [558/1826] pope_random_1366_random_1366
2026-08-17 23:00:38,191 INFO [refresh_grounding_cache] [559/1826] pope_random_1367_random_1367
2026-08-17 23:00:42,514 INFO [refresh_grounding_cache] [560/1826] pope_random_1368_random_1368
2026-08-17 23:00:45,372 INFO [refresh_grounding_cache] [561/1826] pope_random_1373_random_1373
2026-08-17 23:00:49,088 INFO [refresh_grounding_cache] [562/1826] pope_random_1374_random_1374
2026-08-17 23:00:53,561 INFO [refresh_grounding_cache] [563/1826] pope_random_1375_random_1375
2026-08-17 23:00:57,835 INFO [refresh_grounding_cache] [564/1826] pope_random_1381_random_1381
2026-08-17 23:01:01,884 INFO [refresh_grounding_cache] [565/1826] pope_random_1386_random_1386
2026-08-17 23:01:06,316 INFO [refresh_grounding_cache] [566/1826] pope_random_1397_random_1397
2026-08-17 23:01:10,390 INFO [refresh_grounding_cache] [567/1826] pope_random_1412_random_1412
2026-08-17 23:01:15,705 INFO [refresh_grounding_cache] [568/1826] pope_random_1414_random_1414
2026-08-17 23:01:20,895 INFO [refresh_grounding_cache] [569/1826] pope_random_1416_random_1416
2026-08-17 23:01:25,911 INFO [refresh_grounding_cache] [570/1826] pope_random_1417_random_1417
2026-08-17 23:01:29,884 INFO [refresh_grounding_cache] [571/1826] pope_random_1419_random_1419
2026-08-17 23:01:34,025 INFO [refresh_grounding_cache] [572/1826] pope_random_1422_random_1422
2026-08-17 23:01:38,757 INFO [refresh_grounding_cache] [573/1826] pope_random_1428_random_1428
2026-08-17 23:01:42,606 INFO [refresh_grounding_cache] [574/1826] pope_random_1432_random_1432
2026-08-17 23:01:46,996 INFO [refresh_grounding_cache] [575/1826] pope_random_1436_random_1436
2026-08-17 23:01:51,503 INFO [refresh_grounding_cache] [576/1826] pope_random_1437_random_1437
2026-08-17 23:01:55,935 INFO [refresh_grounding_cache] [577/1826] pope_random_1442_random_1442
2026-08-17 23:02:01,025 INFO [refresh_grounding_cache] [578/1826] pope_random_1451_random_1451
2026-08-17 23:02:04,907 INFO [refresh_grounding_cache] [579/1826] pope_random_1455_random_1455
2026-08-17 23:02:08,765 INFO [refresh_grounding_cache] [580/1826] pope_random_1462_random_1462
2026-08-17 23:02:12,872 INFO [refresh_grounding_cache] [581/1826] pope_random_1466_random_1466
2026-08-17 23:02:17,753 INFO [refresh_grounding_cache] [582/1826] pope_random_1476_random_1476
2026-08-17 23:02:21,810 INFO [refresh_grounding_cache] [583/1826] pope_random_1478_random_1478
2026-08-17 23:02:25,393 INFO [refresh_grounding_cache] [584/1826] pope_random_1481_random_1481
2026-08-17 23:02:29,100 INFO [refresh_grounding_cache] [585/1826] pope_random_1488_random_1488
2026-08-17 23:02:33,765 INFO [refresh_grounding_cache] [586/1826] pope_random_1489_random_1489
2026-08-17 23:02:37,631 INFO [refresh_grounding_cache] [587/1826] pope_random_1491_random_1491
2026-08-17 23:02:42,471 INFO [refresh_grounding_cache] [588/1826] pope_random_1492_random_1492
2026-08-17 23:02:46,778 INFO [refresh_grounding_cache] [589/1826] pope_random_1498_random_1498
2026-08-17 23:02:51,177 INFO [refresh_grounding_cache] [590/1826] pope_random_1499_random_1499
2026-08-17 23:02:55,334 INFO [refresh_grounding_cache] [591/1826] pope_random_1502_random_1502
2026-08-17 23:02:59,382 INFO [refresh_grounding_cache] [592/1826] pope_random_1503_random_1503
2026-08-17 23:03:03,290 INFO [refresh_grounding_cache] [593/1826] pope_random_1504_random_1504
2026-08-17 23:03:07,397 INFO [refresh_grounding_cache] [594/1826] pope_random_1505_random_1505
2026-08-17 23:03:12,070 INFO [refresh_grounding_cache] [595/1826] pope_random_1509_random_1509
2026-08-17 23:03:15,994 INFO [refresh_grounding_cache] [596/1826] pope_random_1511_random_1511
2026-08-17 23:03:19,743 INFO [refresh_grounding_cache] [597/1826] pope_random_1513_random_1513
2026-08-17 23:03:23,784 INFO [refresh_grounding_cache] [598/1826] pope_random_1519_random_1519
2026-08-17 23:03:27,799 INFO [refresh_grounding_cache] [599/1826] pope_random_1521_random_1521
2026-08-17 23:03:31,682 INFO [refresh_grounding_cache] [600/1826] pope_random_1522_random_1522
2026-08-17 23:03:35,939 INFO [refresh_grounding_cache] [601/1826] pope_random_1530_random_1530
2026-08-17 23:03:39,488 INFO [refresh_grounding_cache] [602/1826] pope_random_1535_random_1535
2026-08-17 23:03:44,161 INFO [refresh_grounding_cache] [603/1826] pope_random_1544_random_1544
2026-08-17 23:03:48,560 INFO [refresh_grounding_cache] [604/1826] pope_random_1545_random_1545
2026-08-17 23:03:52,459 INFO [refresh_grounding_cache] [605/1826] pope_random_1548_random_1548
2026-08-17 23:03:56,033 INFO [refresh_grounding_cache] [606/1826] pope_random_1550_random_1550
2026-08-17 23:03:59,007 INFO [refresh_grounding_cache] [607/1826] pope_random_1551_random_1551
2026-08-17 23:04:02,697 INFO [refresh_grounding_cache] [608/1826] pope_random_1559_random_1559
2026-08-17 23:04:06,971 INFO [refresh_grounding_cache] [609/1826] pope_random_1560_random_1560
2026-08-17 23:04:10,862 INFO [refresh_grounding_cache] [610/1826] pope_random_1563_random_1563
2026-08-17 23:04:15,052 INFO [refresh_grounding_cache] [611/1826] pope_random_1575_random_1575
2026-08-17 23:04:19,767 INFO [refresh_grounding_cache] [612/1826] pope_random_1577_random_1577
2026-08-17 23:04:24,049 INFO [refresh_grounding_cache] [613/1826] pope_random_1580_random_1580
2026-08-17 23:04:28,340 INFO [refresh_grounding_cache] [614/1826] pope_random_1587_random_1587
2026-08-17 23:04:32,280 INFO [refresh_grounding_cache] [615/1826] pope_random_1591_random_1591
2026-08-17 23:04:36,371 INFO [refresh_grounding_cache] [616/1826] pope_random_1595_random_1595
2026-08-17 23:04:40,886 INFO [refresh_grounding_cache] [617/1826] pope_random_1600_random_1600
2026-08-17 23:04:45,443 INFO [refresh_grounding_cache] [618/1826] pope_random_1613_random_1613
2026-08-17 23:04:49,317 INFO [refresh_grounding_cache] [619/1826] pope_random_1616_random_1616
2026-08-17 23:04:52,716 INFO [refresh_grounding_cache] [620/1826] pope_random_1621_random_1621
2026-08-17 23:04:57,648 INFO [refresh_grounding_cache] [621/1826] pope_random_1624_random_1624
2026-08-17 23:05:03,296 INFO [refresh_grounding_cache] [622/1826] pope_random_1631_random_1631
2026-08-17 23:05:07,353 INFO [refresh_grounding_cache] [623/1826] pope_random_1637_random_1637
2026-08-17 23:05:10,477 INFO [refresh_grounding_cache] [624/1826] pope_random_1639_random_1639
2026-08-17 23:05:14,476 INFO [refresh_grounding_cache] [625/1826] pope_random_1640_random_1640
2026-08-17 23:05:17,783 INFO [refresh_grounding_cache] [626/1826] pope_random_1644_random_1644
2026-08-17 23:05:21,790 INFO [refresh_grounding_cache] [627/1826] pope_random_1645_random_1645
2026-08-17 23:05:26,939 INFO [refresh_grounding_cache] [628/1826] pope_random_1646_random_1646
2026-08-17 23:05:32,146 INFO [refresh_grounding_cache] [629/1826] pope_random_1663_random_1663
2026-08-17 23:05:35,919 INFO [refresh_grounding_cache] [630/1826] pope_random_1682_random_1682
2026-08-17 23:05:39,535 INFO [refresh_grounding_cache] [631/1826] pope_random_1683_random_1683
2026-08-17 23:05:43,467 INFO [refresh_grounding_cache] [632/1826] pope_random_1688_random_1688
2026-08-17 23:05:48,358 INFO [refresh_grounding_cache] [633/1826] pope_random_1699_random_1699
2026-08-17 23:05:52,581 INFO [refresh_grounding_cache] [634/1826] pope_random_1701_random_1701
2026-08-17 23:05:56,131 INFO [refresh_grounding_cache] [635/1826] pope_random_1705_random_1705
2026-08-17 23:05:59,905 INFO [refresh_grounding_cache] [636/1826] pope_random_1708_random_1708
2026-08-17 23:06:04,478 INFO [refresh_grounding_cache] [637/1826] pope_random_1710_random_1710
2026-08-17 23:06:09,402 INFO [refresh_grounding_cache] [638/1826] pope_random_1721_random_1721
2026-08-17 23:06:13,675 INFO [refresh_grounding_cache] [639/1826] pope_random_1725_random_1725
2026-08-17 23:06:17,949 INFO [refresh_grounding_cache] [640/1826] pope_random_1726_random_1726
2026-08-17 23:06:22,256 INFO [refresh_grounding_cache] [641/1826] pope_random_1727_random_1727
2026-08-17 23:06:26,322 INFO [refresh_grounding_cache] [642/1826] pope_random_1728_random_1728
2026-08-17 23:06:29,829 INFO [refresh_grounding_cache] [643/1826] pope_random_1730_random_1730
2026-08-17 23:06:33,020 INFO [refresh_grounding_cache] [644/1826] pope_random_1735_random_1735
2026-08-17 23:06:36,952 INFO [refresh_grounding_cache] [645/1826] pope_random_1736_random_1736
2026-08-17 23:06:41,325 INFO [refresh_grounding_cache] [646/1826] pope_random_1737_random_1737
2026-08-17 23:06:45,691 INFO [refresh_grounding_cache] [647/1826] pope_random_1738_random_1738
2026-08-17 23:06:50,206 INFO [refresh_grounding_cache] [648/1826] pope_random_1739_random_1739
2026-08-17 23:06:54,171 INFO [refresh_grounding_cache] [649/1826] pope_random_1740_random_1740
2026-08-17 23:06:58,845 INFO [refresh_grounding_cache] [650/1826] pope_random_1743_random_1743
2026-08-17 23:07:02,936 INFO [refresh_grounding_cache] [651/1826] pope_random_1747_random_1747
2026-08-17 23:07:07,001 INFO [refresh_grounding_cache] [652/1826] pope_random_1748_random_1748
2026-08-17 23:07:10,692 INFO [refresh_grounding_cache] [653/1826] pope_random_1750_random_1750
2026-08-17 23:07:14,740 INFO [refresh_grounding_cache] [654/1826] pope_random_1752_random_1752
2026-08-17 23:07:18,289 INFO [refresh_grounding_cache] [655/1826] pope_random_1753_random_1753
2026-08-17 23:07:21,780 INFO [refresh_grounding_cache] [656/1826] pope_random_1763_random_1763
2026-08-17 23:07:26,062 INFO [refresh_grounding_cache] [657/1826] pope_random_1764_random_1764
2026-08-17 23:07:29,753 INFO [refresh_grounding_cache] [658/1826] pope_random_1767_random_1767
2026-08-17 23:07:33,468 INFO [refresh_grounding_cache] [659/1826] pope_random_1768_random_1768
2026-08-17 23:07:37,883 INFO [refresh_grounding_cache] [660/1826] pope_random_1771_random_1771
2026-08-17 23:07:42,266 INFO [refresh_grounding_cache] [661/1826] pope_random_1776_random_1776
2026-08-17 23:07:45,840 INFO [refresh_grounding_cache] [662/1826] pope_random_1781_random_1781
2026-08-17 23:07:50,388 INFO [refresh_grounding_cache] [663/1826] pope_random_1782_random_1782
2026-08-17 23:07:54,262 INFO [refresh_grounding_cache] [664/1826] pope_random_1784_random_1784
2026-08-17 23:07:57,303 INFO [refresh_grounding_cache] [665/1826] pope_random_1785_random_1785
2026-08-17 23:08:00,960 INFO [refresh_grounding_cache] [666/1826] pope_random_1786_random_1786
2026-08-17 23:08:03,893 INFO [refresh_grounding_cache] [667/1826] pope_random_1788_random_1788
2026-08-17 23:08:08,583 INFO [refresh_grounding_cache] [668/1826] pope_random_1792_random_1792
2026-08-17 23:08:13,723 INFO [refresh_grounding_cache] [669/1826] pope_random_1805_random_1805
2026-08-17 23:08:17,889 INFO [refresh_grounding_cache] [670/1826] pope_random_1806_random_1806
2026-08-17 23:08:22,379 INFO [refresh_grounding_cache] [671/1826] pope_random_1808_random_1808
2026-08-17 23:08:27,202 INFO [refresh_grounding_cache] [672/1826] pope_random_1810_random_1810
2026-08-17 23:08:32,093 INFO [refresh_grounding_cache] [673/1826] pope_random_1815_random_1815
2026-08-17 23:08:36,891 INFO [refresh_grounding_cache] [674/1826] pope_random_1818_random_1818
2026-08-17 23:08:40,890 INFO [refresh_grounding_cache] [675/1826] pope_random_1819_random_1819
2026-08-17 23:08:45,056 INFO [refresh_grounding_cache] [676/1826] pope_random_1825_random_1825
2026-08-17 23:08:49,321 INFO [refresh_grounding_cache] [677/1826] pope_random_1826_random_1826
2026-08-17 23:08:53,362 INFO [refresh_grounding_cache] [678/1826] pope_random_1827_random_1827
2026-08-17 23:08:57,027 INFO [refresh_grounding_cache] [679/1826] pope_random_1828_random_1828
2026-08-17 23:09:01,801 INFO [refresh_grounding_cache] [680/1826] pope_random_1832_random_1832
2026-08-17 23:09:07,016 INFO [refresh_grounding_cache] [681/1826] pope_random_1838_random_1838
2026-08-17 23:09:11,815 INFO [refresh_grounding_cache] [682/1826] pope_random_1846_random_1846
2026-08-17 23:09:15,630 INFO [refresh_grounding_cache] [683/1826] pope_random_1848_random_1848
2026-08-17 23:09:18,779 INFO [refresh_grounding_cache] [684/1826] pope_random_1857_random_1857
2026-08-17 23:09:22,636 INFO [refresh_grounding_cache] [685/1826] pope_random_1858_random_1858
2026-08-17 23:09:26,752 INFO [refresh_grounding_cache] [686/1826] pope_random_1862_random_1862
2026-08-17 23:09:31,192 INFO [refresh_grounding_cache] [687/1826] pope_random_1864_random_1864
2026-08-17 23:09:35,783 INFO [refresh_grounding_cache] [688/1826] pope_random_1876_random_1876
2026-08-17 23:09:41,148 INFO [refresh_grounding_cache] [689/1826] pope_random_1885_random_1885
2026-08-17 23:09:45,121 INFO [refresh_grounding_cache] [690/1826] pope_random_1894_random_1894
2026-08-17 23:09:49,212 INFO [refresh_grounding_cache] [691/1826] pope_random_1895_random_1895
2026-08-17 23:09:54,510 INFO [refresh_grounding_cache] [692/1826] pope_random_1898_random_1898
2026-08-17 23:09:58,634 INFO [refresh_grounding_cache] [693/1826] pope_random_1900_random_1900
2026-08-17 23:10:02,100 INFO [refresh_grounding_cache] [694/1826] pope_random_1902_random_1902
2026-08-17 23:10:06,115 INFO [refresh_grounding_cache] [695/1826] pope_random_1917_random_1917
2026-08-17 23:10:09,473 INFO [refresh_grounding_cache] [696/1826] pope_random_1918_random_1918
2026-08-17 23:10:13,980 INFO [refresh_grounding_cache] [697/1826] pope_random_1929_random_1929
2026-08-17 23:10:17,820 INFO [refresh_grounding_cache] [698/1826] pope_random_1930_random_1930
2026-08-17 23:10:21,061 INFO [refresh_grounding_cache] [699/1826] pope_random_1936_random_1936
2026-08-17 23:10:25,718 INFO [refresh_grounding_cache] [700/1826] pope_random_1938_random_1938
2026-08-17 23:10:29,883 INFO [refresh_grounding_cache] [701/1826] pope_random_1939_random_1939
2026-08-17 23:10:32,732 INFO [refresh_grounding_cache] [702/1826] pope_random_1945_random_1945
2026-08-17 23:10:36,189 INFO [refresh_grounding_cache] [703/1826] pope_random_1946_random_1946
2026-08-17 23:10:40,072 INFO [refresh_grounding_cache] [704/1826] pope_random_1947_random_1947
2026-08-17 23:10:43,562 INFO [refresh_grounding_cache] [705/1826] pope_random_1950_random_1950
2026-08-17 23:10:47,419 INFO [refresh_grounding_cache] [706/1826] pope_random_1953_random_1953
2026-08-17 23:10:51,268 INFO [refresh_grounding_cache] [707/1826] pope_random_1954_random_1954
2026-08-17 23:10:55,050 INFO [refresh_grounding_cache] [708/1826] pope_random_1956_random_1956
2026-08-17 23:10:58,367 INFO [refresh_grounding_cache] [709/1826] pope_random_1958_random_1958
2026-08-17 23:11:02,782 INFO [refresh_grounding_cache] [710/1826] pope_random_1965_random_1965
2026-08-17 23:11:06,015 INFO [refresh_grounding_cache] [711/1826] pope_random_1967_random_1967
2026-08-17 23:11:09,205 INFO [refresh_grounding_cache] [712/1826] pope_random_1983_random_1983
2026-08-17 23:11:13,537 INFO [refresh_grounding_cache] [713/1826] pope_random_1987_random_1987
2026-08-17 23:11:17,836 INFO [refresh_grounding_cache] [714/1826] pope_random_1991_random_1991
2026-08-17 23:11:22,318 INFO [refresh_grounding_cache] [715/1826] pope_random_1995_random_1995
2026-08-17 23:11:26,583 INFO [refresh_grounding_cache] [716/1826] pope_random_2003_random_2003
2026-08-17 23:11:30,666 INFO [refresh_grounding_cache] [717/1826] pope_random_2008_random_2008
2026-08-17 23:11:33,215 INFO [refresh_grounding_cache] [718/1826] pope_random_2010_random_2010
2026-08-17 23:11:36,631 INFO [refresh_grounding_cache] [719/1826] pope_random_2011_random_2011
2026-08-17 23:11:40,163 INFO [refresh_grounding_cache] [720/1826] pope_random_2013_random_2013
2026-08-17 23:11:45,028 INFO [refresh_grounding_cache] [721/1826] pope_random_2027_random_2027
2026-08-17 23:11:48,536 INFO [refresh_grounding_cache] [722/1826] pope_random_2028_random_2028
2026-08-17 23:11:52,992 INFO [refresh_grounding_cache] [723/1826] pope_random_2033_random_2033
2026-08-17 23:11:57,966 INFO [refresh_grounding_cache] [724/1826] pope_random_2035_random_2035
2026-08-17 23:12:01,948 INFO [refresh_grounding_cache] [725/1826] pope_random_2044_random_2044
2026-08-17 23:12:05,397 INFO [refresh_grounding_cache] [726/1826] pope_random_2047_random_2047
2026-08-17 23:12:08,863 INFO [refresh_grounding_cache] [727/1826] pope_random_2054_random_2054
2026-08-17 23:12:14,394 INFO [refresh_grounding_cache] [728/1826] pope_random_2056_random_2056
2026-08-17 23:12:18,701 INFO [refresh_grounding_cache] [729/1826] pope_random_2060_random_2060
2026-08-17 23:12:22,475 INFO [refresh_grounding_cache] [730/1826] pope_random_2065_random_2065
2026-08-17 23:12:27,224 INFO [refresh_grounding_cache] [731/1826] pope_random_2069_random_2069
2026-08-17 23:12:31,473 INFO [refresh_grounding_cache] [732/1826] pope_random_2071_random_2071
2026-08-17 23:12:35,530 INFO [refresh_grounding_cache] [733/1826] pope_random_2084_random_2084
2026-08-17 23:12:39,953 INFO [refresh_grounding_cache] [734/1826] pope_random_2093_random_2093
2026-08-17 23:12:43,952 INFO [refresh_grounding_cache] [735/1826] pope_random_2094_random_2094
2026-08-17 23:12:48,493 INFO [refresh_grounding_cache] [736/1826] pope_random_2095_random_2095
2026-08-17 23:12:53,058 INFO [refresh_grounding_cache] [737/1826] pope_random_2096_random_2096
2026-08-17 23:12:56,924 INFO [refresh_grounding_cache] [738/1826] pope_random_2100_random_2100
2026-08-17 23:13:00,314 INFO [refresh_grounding_cache] [739/1826] pope_random_2108_random_2108
2026-08-17 23:13:04,663 INFO [refresh_grounding_cache] [740/1826] pope_random_2114_random_2114
2026-08-17 23:13:10,928 INFO [refresh_grounding_cache] [741/1826] pope_random_2115_random_2115
2026-08-17 23:13:14,543 INFO [refresh_grounding_cache] [742/1826] pope_random_2117_random_2117
2026-08-17 23:13:18,635 INFO [refresh_grounding_cache] [743/1826] pope_random_2122_random_2122
2026-08-17 23:13:22,092 INFO [refresh_grounding_cache] [744/1826] pope_random_2128_random_2128
2026-08-17 23:13:25,882 INFO [refresh_grounding_cache] [745/1826] pope_random_2130_random_2130
2026-08-17 23:13:29,373 INFO [refresh_grounding_cache] [746/1826] pope_random_2131_random_2131
2026-08-17 23:13:33,255 INFO [refresh_grounding_cache] [747/1826] pope_random_2133_random_2133
2026-08-17 23:13:37,120 INFO [refresh_grounding_cache] [748/1826] pope_random_2136_random_2136
2026-08-17 23:13:40,203 INFO [refresh_grounding_cache] [749/1826] pope_random_2142_random_2142
2026-08-17 23:13:44,110 INFO [refresh_grounding_cache] [750/1826] pope_random_2143_random_2143
2026-08-17 23:13:48,434 INFO [refresh_grounding_cache] [751/1826] pope_random_2146_random_2146
2026-08-17 23:13:53,924 INFO [refresh_grounding_cache] [752/1826] pope_random_2147_random_2147
2026-08-17 23:13:59,797 INFO [refresh_grounding_cache] [753/1826] pope_random_2162_random_2162
2026-08-17 23:14:04,288 INFO [refresh_grounding_cache] [754/1826] pope_random_2168_random_2168
2026-08-17 23:14:08,536 INFO [refresh_grounding_cache] [755/1826] pope_random_2177_random_2177
2026-08-17 23:14:12,952 INFO [refresh_grounding_cache] [756/1826] pope_random_2183_random_2183
2026-08-17 23:14:17,209 INFO [refresh_grounding_cache] [757/1826] pope_random_2186_random_2186
2026-08-17 23:14:21,308 INFO [refresh_grounding_cache] [758/1826] pope_random_2194_random_2194
2026-08-17 23:14:25,840 INFO [refresh_grounding_cache] [759/1826] pope_random_2200_random_2200
2026-08-17 23:14:29,355 INFO [refresh_grounding_cache] [760/1826] pope_random_2202_random_2202
2026-08-17 23:14:32,863 INFO [refresh_grounding_cache] [761/1826] pope_random_2210_random_2210
2026-08-17 23:14:35,612 INFO [refresh_grounding_cache] [762/1826] pope_random_2213_random_2213
2026-08-17 23:14:40,127 INFO [refresh_grounding_cache] [763/1826] pope_random_2214_random_2214
2026-08-17 23:14:44,726 INFO [refresh_grounding_cache] [764/1826] pope_random_2216_random_2216
2026-08-17 23:14:48,516 INFO [refresh_grounding_cache] [765/1826] pope_random_2217_random_2217
2026-08-17 23:14:53,056 INFO [refresh_grounding_cache] [766/1826] pope_random_2221_random_2221
2026-08-17 23:14:57,222 INFO [refresh_grounding_cache] [767/1826] pope_random_2230_random_2230
2026-08-17 23:15:01,162 INFO [refresh_grounding_cache] [768/1826] pope_random_2232_random_2232
2026-08-17 23:15:04,237 INFO [refresh_grounding_cache] [769/1826] pope_random_2233_random_2233
2026-08-17 23:15:07,436 INFO [refresh_grounding_cache] [770/1826] pope_random_2234_random_2234
2026-08-17 23:15:11,976 INFO [refresh_grounding_cache] [771/1826] pope_random_2243_random_2243
2026-08-17 23:15:16,166 INFO [refresh_grounding_cache] [772/1826] pope_random_2247_random_2247
2026-08-17 23:15:20,215 INFO [refresh_grounding_cache] [773/1826] pope_random_2250_random_2250
2026-08-17 23:15:23,748 INFO [refresh_grounding_cache] [774/1826] pope_random_2251_random_2251
2026-08-17 23:15:28,171 INFO [refresh_grounding_cache] [775/1826] pope_random_2264_random_2264
2026-08-17 23:15:32,503 INFO [refresh_grounding_cache] [776/1826] pope_random_2265_random_2265
2026-08-17 23:15:36,444 INFO [refresh_grounding_cache] [777/1826] pope_random_2272_random_2272
2026-08-17 23:15:41,543 INFO [refresh_grounding_cache] [778/1826] pope_random_2273_random_2273
2026-08-17 23:15:45,808 INFO [refresh_grounding_cache] [779/1826] pope_random_2276_random_2276
2026-08-17 23:15:50,432 INFO [refresh_grounding_cache] [780/1826] pope_random_2277_random_2277
2026-08-17 23:15:54,506 INFO [refresh_grounding_cache] [781/1826] pope_random_2283_random_2283
2026-08-17 23:15:57,988 INFO [refresh_grounding_cache] [782/1826] pope_random_2284_random_2284
2026-08-17 23:16:01,928 INFO [refresh_grounding_cache] [783/1826] pope_random_2288_random_2288
2026-08-17 23:16:06,052 INFO [refresh_grounding_cache] [784/1826] pope_random_2293_random_2293
2026-08-17 23:16:09,993 INFO [refresh_grounding_cache] [785/1826] pope_random_2297_random_2297
2026-08-17 23:16:13,525 INFO [refresh_grounding_cache] [786/1826] pope_random_2303_random_2303
2026-08-17 23:16:17,340 INFO [refresh_grounding_cache] [787/1826] pope_random_2304_random_2304
2026-08-17 23:16:21,831 INFO [refresh_grounding_cache] [788/1826] pope_random_2305_random_2305
2026-08-17 23:16:26,429 INFO [refresh_grounding_cache] [789/1826] pope_random_2306_random_2306
2026-08-17 23:16:31,120 INFO [refresh_grounding_cache] [790/1826] pope_random_2308_random_2308
2026-08-17 23:16:35,668 INFO [refresh_grounding_cache] [791/1826] pope_random_2311_random_2311
2026-08-17 23:16:39,767 INFO [refresh_grounding_cache] [792/1826] pope_random_2316_random_2316
2026-08-17 23:16:44,549 INFO [refresh_grounding_cache] [793/1826] pope_random_2326_random_2326
2026-08-17 23:16:48,023 INFO [refresh_grounding_cache] [794/1826] pope_random_2330_random_2330
2026-08-17 23:16:51,697 INFO [refresh_grounding_cache] [795/1826] pope_random_2331_random_2331
2026-08-17 23:16:56,029 INFO [refresh_grounding_cache] [796/1826] pope_random_2332_random_2332
2026-08-17 23:17:00,011 INFO [refresh_grounding_cache] [797/1826] pope_random_2340_random_2340
2026-08-17 23:17:04,568 INFO [refresh_grounding_cache] [798/1826] pope_random_2347_random_2347
2026-08-17 23:17:08,825 INFO [refresh_grounding_cache] [799/1826] pope_random_2351_random_2351
2026-08-17 23:17:14,857 INFO [refresh_grounding_cache] [800/1826] pope_random_2352_random_2352
2026-08-17 23:17:20,113 INFO [refresh_grounding_cache] [801/1826] pope_random_2357_random_2357
2026-08-17 23:17:23,995 INFO [refresh_grounding_cache] [802/1826] pope_random_2358_random_2358
2026-08-17 23:17:28,127 INFO [refresh_grounding_cache] [803/1826] pope_random_2361_random_2361
2026-08-17 23:17:32,393 INFO [refresh_grounding_cache] [804/1826] pope_random_2364_random_2364
2026-08-17 23:17:36,159 INFO [refresh_grounding_cache] [805/1826] pope_random_2369_random_2369
2026-08-17 23:17:40,599 INFO [refresh_grounding_cache] [806/1826] pope_random_2370_random_2370
2026-08-17 23:17:45,006 INFO [refresh_grounding_cache] [807/1826] pope_random_2376_random_2376
2026-08-17 23:17:49,954 INFO [refresh_grounding_cache] [808/1826] pope_random_2380_random_2380
2026-08-17 23:17:54,936 INFO [refresh_grounding_cache] [809/1826] pope_random_2386_random_2386
2026-08-17 23:17:59,268 INFO [refresh_grounding_cache] [810/1826] pope_random_2388_random_2388
2026-08-17 23:18:04,308 INFO [refresh_grounding_cache] [811/1826] pope_random_2389_random_2389
2026-08-17 23:18:07,907 INFO [refresh_grounding_cache] [812/1826] pope_random_2390_random_2390
2026-08-17 23:18:11,498 INFO [refresh_grounding_cache] [813/1826] pope_random_2391_random_2391
2026-08-17 23:18:14,972 INFO [refresh_grounding_cache] [814/1826] pope_random_2398_random_2398
2026-08-17 23:18:19,263 INFO [refresh_grounding_cache] [815/1826] pope_random_2399_random_2399
2026-08-17 23:18:24,111 INFO [refresh_grounding_cache] [816/1826] pope_random_2410_random_2410
2026-08-17 23:18:29,185 INFO [refresh_grounding_cache] [817/1826] pope_random_2411_random_2411
2026-08-17 23:18:32,192 INFO [refresh_grounding_cache] [818/1826] pope_random_2415_random_2415
2026-08-17 23:18:36,416 INFO [refresh_grounding_cache] [819/1826] pope_random_2418_random_2418
2026-08-17 23:18:40,931 INFO [refresh_grounding_cache] [820/1826] pope_random_2420_random_2420
2026-08-17 23:18:44,422 INFO [refresh_grounding_cache] [821/1826] pope_random_2421_random_2421
2026-08-17 23:18:49,303 INFO [refresh_grounding_cache] [822/1826] pope_random_2422_random_2422
2026-08-17 23:18:54,727 INFO [refresh_grounding_cache] [823/1826] pope_random_2423_random_2423
2026-08-17 23:18:59,492 INFO [refresh_grounding_cache] [824/1826] pope_random_2427_random_2427
2026-08-17 23:19:03,491 INFO [refresh_grounding_cache] [825/1826] pope_random_2429_random_2429
2026-08-17 23:19:07,481 INFO [refresh_grounding_cache] [826/1826] pope_random_2432_random_2432
2026-08-17 23:19:12,872 INFO [refresh_grounding_cache] [827/1826] pope_random_2439_random_2439
2026-08-17 23:19:16,604 INFO [refresh_grounding_cache] [828/1826] pope_random_2444_random_2444
2026-08-17 23:19:19,503 INFO [refresh_grounding_cache] [829/1826] pope_random_2450_random_2450
2026-08-17 23:19:23,760 INFO [refresh_grounding_cache] [830/1826] pope_random_2455_random_2455
2026-08-17 23:19:28,076 INFO [refresh_grounding_cache] [831/1826] pope_random_2456_random_2456
2026-08-17 23:19:31,674 INFO [refresh_grounding_cache] [832/1826] pope_random_2457_random_2457
2026-08-17 23:19:36,031 INFO [refresh_grounding_cache] [833/1826] pope_random_2459_random_2459
2026-08-17 23:19:40,663 INFO [refresh_grounding_cache] [834/1826] pope_random_2460_random_2460
2026-08-17 23:19:44,446 INFO [refresh_grounding_cache] [835/1826] pope_random_2461_random_2461
2026-08-17 23:19:48,461 INFO [refresh_grounding_cache] [836/1826] pope_random_2463_random_2463
2026-08-17 23:19:52,552 INFO [refresh_grounding_cache] [837/1826] pope_random_2465_random_2465
2026-08-17 23:19:56,375 INFO [refresh_grounding_cache] [838/1826] pope_random_2469_random_2469
2026-08-17 23:20:00,141 INFO [refresh_grounding_cache] [839/1826] pope_random_2475_random_2475
2026-08-17 23:20:04,706 INFO [refresh_grounding_cache] [840/1826] pope_random_2487_random_2487
2026-08-17 23:20:09,472 INFO [refresh_grounding_cache] [841/1826] pope_random_2491_random_2491
2026-08-17 23:20:13,620 INFO [refresh_grounding_cache] [842/1826] pope_random_2498_random_2498
2026-08-17 23:20:17,211 INFO [refresh_grounding_cache] [843/1826] pope_random_2500_random_2500
2026-08-17 23:20:19,968 INFO [refresh_grounding_cache] [844/1826] pope_random_2502_random_2502
2026-08-17 23:20:23,951 INFO [refresh_grounding_cache] [845/1826] pope_random_2504_random_2504
2026-08-17 23:20:27,566 INFO [refresh_grounding_cache] [846/1826] pope_random_2511_random_2511
2026-08-17 23:20:32,365 INFO [refresh_grounding_cache] [847/1826] pope_random_2515_random_2515
2026-08-17 23:20:35,914 INFO [refresh_grounding_cache] [848/1826] pope_random_2522_random_2522
2026-08-17 23:20:39,313 INFO [refresh_grounding_cache] [849/1826] pope_random_2525_random_2525
2026-08-17 23:20:43,612 INFO [refresh_grounding_cache] [850/1826] pope_random_2528_random_2528
2026-08-17 23:20:46,919 INFO [refresh_grounding_cache] [851/1826] pope_random_2530_random_2530
2026-08-17 23:20:50,351 INFO [refresh_grounding_cache] [852/1826] pope_random_2532_random_2532
2026-08-17 23:20:55,850 INFO [refresh_grounding_cache] [853/1826] pope_random_2533_random_2533
2026-08-17 23:21:00,099 INFO [refresh_grounding_cache] [854/1826] pope_random_2534_random_2534
2026-08-17 23:21:05,222 INFO [refresh_grounding_cache] [855/1826] pope_random_2539_random_2539
2026-08-17 23:21:09,213 INFO [refresh_grounding_cache] [856/1826] pope_random_2541_random_2541
2026-08-17 23:21:13,403 INFO [refresh_grounding_cache] [857/1826] pope_random_2551_random_2551
2026-08-17 23:21:17,352 INFO [refresh_grounding_cache] [858/1826] pope_random_2556_random_2556
2026-08-17 23:21:20,801 INFO [refresh_grounding_cache] [859/1826] pope_random_2561_random_2561
2026-08-17 23:21:25,208 INFO [refresh_grounding_cache] [860/1826] pope_random_2564_random_2564
2026-08-17 23:21:29,990 INFO [refresh_grounding_cache] [861/1826] pope_random_2565_random_2565
2026-08-17 23:21:33,855 INFO [refresh_grounding_cache] [862/1826] pope_random_2573_random_2573
2026-08-17 23:21:37,896 INFO [refresh_grounding_cache] [863/1826] pope_random_2603_random_2603
2026-08-17 23:21:41,903 INFO [refresh_grounding_cache] [864/1826] pope_random_2607_random_2607
2026-08-17 23:21:45,952 INFO [refresh_grounding_cache] [865/1826] pope_random_2615_random_2615
2026-08-17 23:21:50,692 INFO [refresh_grounding_cache] [866/1826] pope_random_2622_random_2622
2026-08-17 23:21:54,649 INFO [refresh_grounding_cache] [867/1826] pope_random_2623_random_2623
2026-08-17 23:21:58,498 INFO [refresh_grounding_cache] [868/1826] pope_random_2630_random_2630
2026-08-17 23:22:02,472 INFO [refresh_grounding_cache] [869/1826] pope_random_2631_random_2631
2026-08-17 23:22:06,571 INFO [refresh_grounding_cache] [870/1826] pope_random_2647_random_2647
2026-08-17 23:22:10,495 INFO [refresh_grounding_cache] [871/1826] pope_random_2648_random_2648
2026-08-17 23:22:15,127 INFO [refresh_grounding_cache] [872/1826] pope_random_2653_random_2653
2026-08-17 23:22:18,784 INFO [refresh_grounding_cache] [873/1826] pope_random_2655_random_2655
2026-08-17 23:22:22,499 INFO [refresh_grounding_cache] [874/1826] pope_random_2657_random_2657
2026-08-17 23:22:26,207 INFO [refresh_grounding_cache] [875/1826] pope_random_2660_random_2660
2026-08-17 23:22:30,064 INFO [refresh_grounding_cache] [876/1826] pope_random_2674_random_2674
2026-08-17 23:22:34,562 INFO [refresh_grounding_cache] [877/1826] pope_random_2678_random_2678
2026-08-17 23:22:38,103 INFO [refresh_grounding_cache] [878/1826] pope_random_2689_random_2689
2026-08-17 23:22:41,860 INFO [refresh_grounding_cache] [879/1826] pope_random_2693_random_2693
2026-08-17 23:22:45,168 INFO [refresh_grounding_cache] [880/1826] pope_random_2697_random_2697
2026-08-17 23:22:49,366 INFO [refresh_grounding_cache] [881/1826] pope_random_2702_random_2702
2026-08-17 23:22:51,816 INFO [refresh_grounding_cache] [882/1826] pope_random_2705_random_2705
2026-08-17 23:22:54,332 INFO [refresh_grounding_cache] [883/1826] pope_random_2708_random_2708
2026-08-17 23:22:58,822 INFO [refresh_grounding_cache] [884/1826] pope_random_2711_random_2711
2026-08-17 23:23:03,113 INFO [refresh_grounding_cache] [885/1826] pope_random_2712_random_2712
2026-08-17 23:23:08,595 INFO [refresh_grounding_cache] [886/1826] pope_random_2714_random_2714
2026-08-17 23:23:13,110 INFO [refresh_grounding_cache] [887/1826] pope_random_2716_random_2716
2026-08-17 23:23:17,342 INFO [refresh_grounding_cache] [888/1826] pope_random_2717_random_2717
2026-08-17 23:23:21,574 INFO [refresh_grounding_cache] [889/1826] pope_random_2721_random_2721
2026-08-17 23:23:26,298 INFO [refresh_grounding_cache] [890/1826] pope_random_2724_random_2724
2026-08-17 23:23:28,889 INFO [refresh_grounding_cache] [891/1826] pope_random_2728_random_2728
2026-08-17 23:23:32,629 INFO [refresh_grounding_cache] [892/1826] pope_random_2729_random_2729
2026-08-17 23:23:36,153 INFO [refresh_grounding_cache] [893/1826] pope_random_2732_random_2732
2026-08-17 23:23:40,627 INFO [refresh_grounding_cache] [894/1826] pope_random_2733_random_2733
2026-08-17 23:23:44,551 INFO [refresh_grounding_cache] [895/1826] pope_random_2739_random_2739
2026-08-17 23:23:48,250 INFO [refresh_grounding_cache] [896/1826] pope_random_2753_random_2753
2026-08-17 23:23:52,240 INFO [refresh_grounding_cache] [897/1826] pope_random_2755_random_2755
2026-08-17 23:23:54,773 INFO [refresh_grounding_cache] [898/1826] pope_random_2765_random_2765
2026-08-17 23:23:58,822 INFO [refresh_grounding_cache] [899/1826] pope_random_2770_random_2770
2026-08-17 23:24:03,729 INFO [refresh_grounding_cache] [900/1826] pope_random_2771_random_2771
2026-08-17 23:24:07,944 INFO [refresh_grounding_cache] [901/1826] pope_random_2779_random_2779
2026-08-17 23:24:12,385 INFO [refresh_grounding_cache] [902/1826] pope_random_2782_random_2782
2026-08-17 23:24:17,650 INFO [refresh_grounding_cache] [903/1826] pope_random_2784_random_2784
2026-08-17 23:24:22,382 INFO [refresh_grounding_cache] [904/1826] pope_random_2790_random_2790
2026-08-17 23:24:26,905 INFO [refresh_grounding_cache] [905/1826] pope_random_2791_random_2791
2026-08-17 23:24:31,762 INFO [refresh_grounding_cache] [906/1826] pope_random_2792_random_2792
2026-08-17 23:24:36,219 INFO [refresh_grounding_cache] [907/1826] pope_random_2795_random_2795
2026-08-17 23:24:39,702 INFO [refresh_grounding_cache] [908/1826] pope_random_2796_random_2796
2026-08-17 23:24:43,267 INFO [refresh_grounding_cache] [909/1826] pope_random_2797_random_2797
2026-08-17 23:24:46,875 INFO [refresh_grounding_cache] [910/1826] pope_random_2799_random_2799
2026-08-17 23:24:50,507 INFO [refresh_grounding_cache] [911/1826] pope_random_2800_random_2800
2026-08-17 23:24:54,706 INFO [refresh_grounding_cache] [912/1826] pope_random_2802_random_2802
2026-08-17 23:24:59,113 INFO [refresh_grounding_cache] [913/1826] pope_random_2805_random_2805
2026-08-17 23:25:03,153 INFO [refresh_grounding_cache] [914/1826] pope_random_2806_random_2806
2026-08-17 23:25:07,877 INFO [refresh_grounding_cache] [915/1826] pope_random_2807_random_2807
2026-08-17 23:25:12,467 INFO [refresh_grounding_cache] [916/1826] pope_random_2812_random_2812
2026-08-17 23:25:16,574 INFO [refresh_grounding_cache] [917/1826] pope_random_2815_random_2815
2026-08-17 23:25:21,073 INFO [refresh_grounding_cache] [918/1826] pope_random_2820_random_2820
2026-08-17 23:25:24,447 INFO [refresh_grounding_cache] [919/1826] pope_random_2825_random_2825
2026-08-17 23:25:28,713 INFO [refresh_grounding_cache] [920/1826] pope_random_2827_random_2827
2026-08-17 23:25:32,287 INFO [refresh_grounding_cache] [921/1826] pope_random_2829_random_2829
2026-08-17 23:25:35,886 INFO [refresh_grounding_cache] [922/1826] pope_random_2836_random_2836
2026-08-17 23:25:38,893 INFO [refresh_grounding_cache] [923/1826] pope_random_2848_random_2848
2026-08-17 23:25:42,625 INFO [refresh_grounding_cache] [924/1826] pope_random_2849_random_2849
2026-08-17 23:25:46,583 INFO [refresh_grounding_cache] [925/1826] pope_random_2853_random_2853
2026-08-17 23:25:50,732 INFO [refresh_grounding_cache] [926/1826] pope_random_2860_random_2860
2026-08-17 23:25:54,780 INFO [refresh_grounding_cache] [927/1826] pope_random_2872_random_2872
2026-08-17 23:25:58,929 INFO [refresh_grounding_cache] [928/1826] pope_random_2873_random_2873
2026-08-17 23:26:02,561 INFO [refresh_grounding_cache] [929/1826] pope_random_2876_random_2876
2026-08-17 23:26:06,311 INFO [refresh_grounding_cache] [930/1826] pope_random_2878_random_2878
2026-08-17 23:26:11,350 INFO [refresh_grounding_cache] [931/1826] pope_random_2882_random_2882
2026-08-17 23:26:16,049 INFO [refresh_grounding_cache] [932/1826] pope_random_2887_random_2887
2026-08-17 23:26:19,823 INFO [refresh_grounding_cache] [933/1826] pope_random_2891_random_2891
2026-08-17 23:26:23,997 INFO [refresh_grounding_cache] [934/1826] pope_random_2892_random_2892
2026-08-17 23:26:27,346 INFO [refresh_grounding_cache] [935/1826] pope_random_2894_random_2894
2026-08-17 23:26:31,877 INFO [refresh_grounding_cache] [936/1826] pope_random_2898_random_2898
2026-08-17 23:26:36,701 INFO [refresh_grounding_cache] [937/1826] pope_random_2900_random_2900
2026-08-17 23:26:41,899 INFO [refresh_grounding_cache] [938/1826] pope_random_2907_random_2907
2026-08-17 23:26:44,473 INFO [refresh_grounding_cache] [939/1826] pope_random_2913_random_2913
2026-08-17 23:26:48,614 INFO [refresh_grounding_cache] [940/1826] pope_random_2920_random_2920
2026-08-17 23:26:52,829 INFO [refresh_grounding_cache] [941/1826] pope_random_2921_random_2921
2026-08-17 23:26:58,236 INFO [refresh_grounding_cache] [942/1826] pope_random_2922_random_2922
2026-08-17 23:27:03,067 INFO [refresh_grounding_cache] [943/1826] pope_random_2925_random_2925
2026-08-17 23:27:06,658 INFO [refresh_grounding_cache] [944/1826] pope_random_2930_random_2930
2026-08-17 23:27:11,973 INFO [refresh_grounding_cache] [945/1826] pope_random_2931_random_2931
2026-08-17 23:27:16,380 INFO [refresh_grounding_cache] [946/1826] pope_random_2943_random_2943
2026-08-17 23:27:20,012 INFO [refresh_grounding_cache] [947/1826] pope_random_2945_random_2945
2026-08-17 23:27:23,877 INFO [refresh_grounding_cache] [948/1826] pope_random_2946_random_2946
2026-08-17 23:27:28,059 INFO [refresh_grounding_cache] [949/1826] pope_random_2951_random_2951
2026-08-17 23:27:32,099 INFO [refresh_grounding_cache] [950/1826] pope_random_2952_random_2952
2026-08-17 23:27:36,331 INFO [refresh_grounding_cache] [951/1826] pope_random_2954_random_2954
2026-08-17 23:27:39,580 INFO [refresh_grounding_cache] [952/1826] pope_random_2955_random_2955
2026-08-17 23:27:42,929 INFO [refresh_grounding_cache] [953/1826] pope_random_2956_random_2956
2026-08-17 23:27:46,312 INFO [refresh_grounding_cache] [954/1826] pope_random_2963_random_2963
2026-08-17 23:27:49,785 INFO [refresh_grounding_cache] [955/1826] pope_random_2965_random_2965
2026-08-17 23:27:53,984 INFO [refresh_grounding_cache] [956/1826] pope_random_2966_random_2966
2026-08-17 23:27:57,974 INFO [refresh_grounding_cache] [957/1826] pope_random_2967_random_2967
2026-08-17 23:28:03,214 INFO [refresh_grounding_cache] [958/1826] pope_random_2968_random_2968
2026-08-17 23:28:07,896 INFO [refresh_grounding_cache] [959/1826] pope_random_2969_random_2969
2026-08-17 23:28:12,570 INFO [refresh_grounding_cache] [960/1826] pope_random_2980_random_2980
2026-08-17 23:28:16,477 INFO [refresh_grounding_cache] [961/1826] pope_random_2982_random_2982
2026-08-17 23:28:20,909 INFO [refresh_grounding_cache] [962/1826] pope_random_2984_random_2984
2026-08-17 23:28:24,990 INFO [refresh_grounding_cache] [963/1826] pope_random_2989_random_2989
2026-08-17 23:28:28,989 INFO [refresh_grounding_cache] [964/1826] pope_random_2991_random_2991
2026-08-17 23:28:33,055 INFO [refresh_grounding_cache] [965/1826] pope_random_2995_random_2995
2026-08-17 23:28:37,303 INFO [refresh_grounding_cache] [966/1826] pope_random_2996_random_2996
2026-08-17 23:28:42,010 INFO [refresh_grounding_cache] [967/1826] pope_random_2997_random_2997
2026-08-17 23:28:45,750 INFO [refresh_grounding_cache] [968/1826] pope_random_2998_random_2998
2026-08-17 23:28:50,290 INFO [refresh_grounding_cache] [969/1826] pope_random_2999_random_2999
2026-08-17 23:28:54,447 INFO [refresh_grounding_cache] [970/1826] vizwiz_VizWiz_val_00000000_0
2026-08-17 23:28:59,812 INFO [refresh_grounding_cache] [971/1826] vizwiz_VizWiz_val_00000002_2
2026-08-17 23:29:04,828 INFO [refresh_grounding_cache] [972/1826] vizwiz_VizWiz_val_00000003_3
2026-08-17 23:29:08,376 INFO [refresh_grounding_cache] [973/1826] vizwiz_VizWiz_val_00000005_5
2026-08-17 23:29:12,175 INFO [refresh_grounding_cache] [974/1826] vizwiz_VizWiz_val_00000008_8
2026-08-17 23:29:17,174 INFO [refresh_grounding_cache] [975/1826] vizwiz_VizWiz_val_00000009_9
2026-08-17 23:29:23,797 INFO [refresh_grounding_cache] [976/1826] vizwiz_VizWiz_val_00000010_10
2026-08-17 23:29:28,753 INFO [refresh_grounding_cache] [977/1826] vizwiz_VizWiz_val_00000012_12
2026-08-17 23:29:33,652 INFO [refresh_grounding_cache] [978/1826] vizwiz_VizWiz_val_00000014_14
2026-08-17 23:29:39,308 INFO [refresh_grounding_cache] [979/1826] vizwiz_VizWiz_val_00000022_22
2026-08-17 23:29:43,765 INFO [refresh_grounding_cache] [980/1826] vizwiz_VizWiz_val_00000025_25
2026-08-17 23:29:48,222 INFO [refresh_grounding_cache] [981/1826] vizwiz_VizWiz_val_00000032_32
2026-08-17 23:29:53,253 INFO [refresh_grounding_cache] [982/1826] vizwiz_VizWiz_val_00000033_33
2026-08-17 23:29:57,444 INFO [refresh_grounding_cache] [983/1826] vizwiz_VizWiz_val_00000044_44
2026-08-17 23:30:03,367 INFO [refresh_grounding_cache] [984/1826] vizwiz_VizWiz_val_00000048_48
2026-08-17 23:30:06,707 INFO [refresh_grounding_cache] [985/1826] vizwiz_VizWiz_val_00000053_53
2026-08-17 23:30:14,430 INFO [refresh_grounding_cache] [986/1826] vizwiz_VizWiz_val_00000055_55
2026-08-17 23:30:20,145 INFO [refresh_grounding_cache] [987/1826] vizwiz_VizWiz_val_00000056_56
2026-08-17 23:30:24,851 INFO [refresh_grounding_cache] [988/1826] vizwiz_VizWiz_val_00000061_61
2026-08-17 23:30:28,742 INFO [refresh_grounding_cache] [989/1826] vizwiz_VizWiz_val_00000067_67
2026-08-17 23:30:32,807 INFO [refresh_grounding_cache] [990/1826] vizwiz_VizWiz_val_00000073_73
2026-08-17 23:30:40,030 INFO [refresh_grounding_cache] [991/1826] vizwiz_VizWiz_val_00000076_76
2026-08-17 23:30:44,137 INFO [refresh_grounding_cache] [992/1826] vizwiz_VizWiz_val_00000085_85
2026-08-17 23:30:51,509 INFO [refresh_grounding_cache] [993/1826] vizwiz_VizWiz_val_00000086_86
2026-08-17 23:30:58,590 INFO [refresh_grounding_cache] [994/1826] vizwiz_VizWiz_val_00000095_95
2026-08-17 23:31:02,539 INFO [refresh_grounding_cache] [995/1826] vizwiz_VizWiz_val_00000097_97
2026-08-17 23:31:07,363 INFO [refresh_grounding_cache] [996/1826] vizwiz_VizWiz_val_00000098_98
2026-08-17 23:31:10,878 INFO [refresh_grounding_cache] [997/1826] vizwiz_VizWiz_val_00000102_102
2026-08-17 23:31:16,368 INFO [refresh_grounding_cache] [998/1826] vizwiz_VizWiz_val_00000103_103
2026-08-17 23:31:20,825 INFO [refresh_grounding_cache] [999/1826] vizwiz_VizWiz_val_00000104_104
2026-08-17 23:31:25,915 INFO [refresh_grounding_cache] [1000/1826] vizwiz_VizWiz_val_00000105_105
2026-08-17 23:31:30,172 INFO [refresh_grounding_cache] [1001/1826] vizwiz_VizWiz_val_00000111_111
2026-08-17 23:31:34,687 INFO [refresh_grounding_cache] [1002/1826] vizwiz_VizWiz_val_00000113_113
2026-08-17 23:31:38,227 INFO [refresh_grounding_cache] [1003/1826] vizwiz_VizWiz_val_00000114_114
2026-08-17 23:31:43,751 INFO [refresh_grounding_cache] [1004/1826] vizwiz_VizWiz_val_00000115_115
2026-08-17 23:31:47,666 INFO [refresh_grounding_cache] [1005/1826] vizwiz_VizWiz_val_00000117_117
2026-08-17 23:31:51,315 INFO [refresh_grounding_cache] [1006/1826] vizwiz_VizWiz_val_00000119_119
2026-08-17 23:31:57,729 INFO [refresh_grounding_cache] [1007/1826] vizwiz_VizWiz_val_00000121_121
2026-08-17 23:32:02,319 INFO [refresh_grounding_cache] [1008/1826] vizwiz_VizWiz_val_00000122_122
2026-08-17 23:32:06,135 INFO [refresh_grounding_cache] [1009/1826] vizwiz_VizWiz_val_00000126_126
2026-08-17 23:32:10,975 INFO [refresh_grounding_cache] [1010/1826] vizwiz_VizWiz_val_00000127_127
2026-08-17 23:32:18,697 INFO [refresh_grounding_cache] [1011/1826] vizwiz_VizWiz_val_00000134_134
2026-08-17 23:32:22,663 INFO [refresh_grounding_cache] [1012/1826] vizwiz_VizWiz_val_00000135_135
2026-08-17 23:32:33,068 INFO [refresh_grounding_cache] [1013/1826] vizwiz_VizWiz_val_00000138_138
2026-08-17 23:32:42,181 INFO [refresh_grounding_cache] [1014/1826] vizwiz_VizWiz_val_00000142_142
2026-08-17 23:32:48,587 INFO [refresh_grounding_cache] [1015/1826] vizwiz_VizWiz_val_00000144_144
2026-08-17 23:32:55,193 INFO [refresh_grounding_cache] [1016/1826] vizwiz_VizWiz_val_00000160_160
2026-08-17 23:33:01,850 INFO [refresh_grounding_cache] [1017/1826] vizwiz_VizWiz_val_00000165_165
2026-08-17 23:33:06,107 INFO [refresh_grounding_cache] [1018/1826] vizwiz_VizWiz_val_00000168_168
2026-08-17 23:33:12,513 INFO [refresh_grounding_cache] [1019/1826] vizwiz_VizWiz_val_00000174_174
2026-08-17 23:33:17,678 INFO [refresh_grounding_cache] [1020/1826] vizwiz_VizWiz_val_00000175_175
2026-08-17 23:33:25,409 INFO [refresh_grounding_cache] [1021/1826] vizwiz_VizWiz_val_00000178_178
2026-08-17 23:33:31,157 INFO [refresh_grounding_cache] [1022/1826] vizwiz_VizWiz_val_00000179_179
2026-08-17 23:33:34,905 INFO [refresh_grounding_cache] [1023/1826] vizwiz_VizWiz_val_00000182_182
2026-08-17 23:33:40,295 INFO [refresh_grounding_cache] [1024/1826] vizwiz_VizWiz_val_00000185_185
2026-08-17 23:33:45,927 INFO [refresh_grounding_cache] [1025/1826] vizwiz_VizWiz_val_00000190_190
2026-08-17 23:33:50,667 INFO [refresh_grounding_cache] [1026/1826] vizwiz_VizWiz_val_00000194_194
2026-08-17 23:33:53,841 INFO [refresh_grounding_cache] [1027/1826] vizwiz_VizWiz_val_00000196_196
2026-08-17 23:33:58,190 INFO [refresh_grounding_cache] [1028/1826] vizwiz_VizWiz_val_00000198_198
2026-08-17 23:34:02,222 INFO [refresh_grounding_cache] [1029/1826] vizwiz_VizWiz_val_00000201_201
2026-08-17 23:34:11,119 INFO [refresh_grounding_cache] [1030/1826] vizwiz_VizWiz_val_00000208_208
2026-08-17 23:34:15,467 INFO [refresh_grounding_cache] [1031/1826] vizwiz_VizWiz_val_00000209_209
2026-08-17 23:34:18,624 INFO [refresh_grounding_cache] [1032/1826] vizwiz_VizWiz_val_00000211_211
2026-08-17 23:34:26,247 INFO [refresh_grounding_cache] [1033/1826] vizwiz_VizWiz_val_00000215_215
2026-08-17 23:34:30,187 INFO [refresh_grounding_cache] [1034/1826] vizwiz_VizWiz_val_00000217_217
2026-08-17 23:34:33,278 INFO [refresh_grounding_cache] [1035/1826] vizwiz_VizWiz_val_00000219_219
2026-08-17 23:34:38,035 INFO [refresh_grounding_cache] [1036/1826] vizwiz_VizWiz_val_00000220_220
2026-08-17 23:34:44,099 INFO [refresh_grounding_cache] [1037/1826] vizwiz_VizWiz_val_00000226_226
2026-08-17 23:34:50,514 INFO [refresh_grounding_cache] [1038/1826] vizwiz_VizWiz_val_00000232_232
2026-08-17 23:34:54,654 INFO [refresh_grounding_cache] [1039/1826] vizwiz_VizWiz_val_00000243_243
2026-08-17 23:35:04,059 INFO [refresh_grounding_cache] [1040/1826] vizwiz_VizWiz_val_00000247_247
2026-08-17 23:35:09,599 INFO [refresh_grounding_cache] [1041/1826] vizwiz_VizWiz_val_00000251_251
2026-08-17 23:35:14,815 INFO [refresh_grounding_cache] [1042/1826] vizwiz_VizWiz_val_00000258_258
2026-08-17 23:35:20,288 INFO [refresh_grounding_cache] [1043/1826] vizwiz_VizWiz_val_00000261_261
2026-08-17 23:35:25,061 INFO [refresh_grounding_cache] [1044/1826] vizwiz_VizWiz_val_00000265_265
2026-08-17 23:35:28,552 INFO [refresh_grounding_cache] [1045/1826] vizwiz_VizWiz_val_00000272_272
2026-08-17 23:35:38,749 INFO [refresh_grounding_cache] [1046/1826] vizwiz_VizWiz_val_00000273_273
2026-08-17 23:35:42,972 INFO [refresh_grounding_cache] [1047/1826] vizwiz_VizWiz_val_00000288_288
2026-08-17 23:35:48,329 INFO [refresh_grounding_cache] [1048/1826] vizwiz_VizWiz_val_00000289_289
2026-08-17 23:35:52,694 INFO [refresh_grounding_cache] [1049/1826] vizwiz_VizWiz_val_00000294_294
2026-08-17 23:36:06,031 INFO [refresh_grounding_cache] [1050/1826] vizwiz_VizWiz_val_00000304_304
2026-08-17 23:36:09,105 INFO [refresh_grounding_cache] [1051/1826] vizwiz_VizWiz_val_00000308_308
2026-08-17 23:36:20,351 INFO [refresh_grounding_cache] [1052/1826] vizwiz_VizWiz_val_00000319_319
2026-08-17 23:36:24,741 INFO [refresh_grounding_cache] [1053/1826] vizwiz_VizWiz_val_00000322_322
2026-08-17 23:36:28,607 INFO [refresh_grounding_cache] [1054/1826] vizwiz_VizWiz_val_00000331_331
2026-08-17 23:36:33,239 INFO [refresh_grounding_cache] [1055/1826] vizwiz_VizWiz_val_00000333_333
2026-08-17 23:36:36,654 INFO [refresh_grounding_cache] [1056/1826] vizwiz_VizWiz_val_00000346_346
2026-08-17 23:36:40,111 INFO [refresh_grounding_cache] [1057/1826] vizwiz_VizWiz_val_00000348_348
2026-08-17 23:36:44,560 INFO [refresh_grounding_cache] [1058/1826] vizwiz_VizWiz_val_00000353_353
2026-08-17 23:36:48,792 INFO [refresh_grounding_cache] [1059/1826] vizwiz_VizWiz_val_00000358_358
2026-08-17 23:36:54,457 INFO [refresh_grounding_cache] [1060/1826] vizwiz_VizWiz_val_00000359_359
2026-08-17 23:36:57,864 INFO [refresh_grounding_cache] [1061/1826] vizwiz_VizWiz_val_00000362_362
2026-08-17 23:37:04,462 INFO [refresh_grounding_cache] [1062/1826] vizwiz_VizWiz_val_00000364_364
2026-08-17 23:37:11,426 INFO [refresh_grounding_cache] [1063/1826] vizwiz_VizWiz_val_00000369_369
2026-08-17 23:37:18,582 INFO [refresh_grounding_cache] [1064/1826] vizwiz_VizWiz_val_00000377_377
2026-08-17 23:37:31,028 INFO [refresh_grounding_cache] [1065/1826] vizwiz_VizWiz_val_00000379_379
2026-08-17 23:37:34,260 INFO [refresh_grounding_cache] [1066/1826] vizwiz_VizWiz_val_00000388_388
2026-08-17 23:37:39,567 INFO [refresh_grounding_cache] [1067/1826] vizwiz_VizWiz_val_00000390_390
2026-08-17 23:37:43,249 INFO [refresh_grounding_cache] [1068/1826] vizwiz_VizWiz_val_00000391_391
2026-08-17 23:37:48,480 INFO [refresh_grounding_cache] [1069/1826] vizwiz_VizWiz_val_00000393_393
2026-08-17 23:37:52,529 INFO [refresh_grounding_cache] [1070/1826] vizwiz_VizWiz_val_00000395_395
2026-08-17 23:37:58,819 INFO [refresh_grounding_cache] [1071/1826] vizwiz_VizWiz_val_00000398_398
2026-08-17 23:38:03,717 INFO [refresh_grounding_cache] [1072/1826] vizwiz_VizWiz_val_00000399_399
2026-08-17 23:38:12,706 INFO [refresh_grounding_cache] [1073/1826] vizwiz_VizWiz_val_00000401_401
2026-08-17 23:38:19,778 INFO [refresh_grounding_cache] [1074/1826] vizwiz_VizWiz_val_00000406_406
2026-08-17 23:38:26,368 INFO [refresh_grounding_cache] [1075/1826] vizwiz_VizWiz_val_00000414_414
2026-08-17 23:38:31,583 INFO [refresh_grounding_cache] [1076/1826] vizwiz_VizWiz_val_00000420_420
2026-08-17 23:38:35,398 INFO [refresh_grounding_cache] [1077/1826] vizwiz_VizWiz_val_00000425_425
2026-08-17 23:38:41,505 INFO [refresh_grounding_cache] [1078/1826] vizwiz_VizWiz_val_00000432_432
2026-08-17 23:38:45,753 INFO [refresh_grounding_cache] [1079/1826] vizwiz_VizWiz_val_00000438_438
2026-08-17 23:38:50,044 INFO [refresh_grounding_cache] [1080/1826] vizwiz_VizWiz_val_00000439_439
2026-08-17 23:38:54,075 INFO [refresh_grounding_cache] [1081/1826] vizwiz_VizWiz_val_00000443_443
2026-08-17 23:38:59,232 INFO [refresh_grounding_cache] [1082/1826] vizwiz_VizWiz_val_00000445_445
2026-08-17 23:39:04,739 INFO [refresh_grounding_cache] [1083/1826] vizwiz_VizWiz_val_00000447_447
2026-08-17 23:39:13,169 INFO [refresh_grounding_cache] [1084/1826] vizwiz_VizWiz_val_00000449_449
2026-08-17 23:39:20,025 INFO [refresh_grounding_cache] [1085/1826] vizwiz_VizWiz_val_00000454_454
2026-08-17 23:39:25,190 INFO [refresh_grounding_cache] [1086/1826] vizwiz_VizWiz_val_00000459_459
2026-08-17 23:39:36,970 INFO [refresh_grounding_cache] [1087/1826] vizwiz_VizWiz_val_00000460_460
2026-08-17 23:39:42,801 INFO [refresh_grounding_cache] [1088/1826] vizwiz_VizWiz_val_00000462_462
2026-08-17 23:39:51,082 INFO [refresh_grounding_cache] [1089/1826] vizwiz_VizWiz_val_00000467_467
2026-08-17 23:39:55,430 INFO [refresh_grounding_cache] [1090/1826] vizwiz_VizWiz_val_00000469_469
2026-08-17 23:40:01,228 INFO [refresh_grounding_cache] [1091/1826] vizwiz_VizWiz_val_00000472_472
2026-08-17 23:40:05,952 INFO [refresh_grounding_cache] [1092/1826] vizwiz_VizWiz_val_00000473_473
2026-08-17 23:40:11,575 INFO [refresh_grounding_cache] [1093/1826] vizwiz_VizWiz_val_00000477_477
2026-08-17 23:40:17,406 INFO [refresh_grounding_cache] [1094/1826] vizwiz_VizWiz_val_00000481_481
2026-08-17 23:40:19,714 INFO [refresh_grounding_cache] [1095/1826] vizwiz_VizWiz_val_00000484_484
2026-08-17 23:40:23,405 INFO [refresh_grounding_cache] [1096/1826] vizwiz_VizWiz_val_00000485_485
2026-08-17 23:40:29,752 INFO [refresh_grounding_cache] [1097/1826] vizwiz_VizWiz_val_00000489_489
2026-08-17 23:40:33,284 INFO [refresh_grounding_cache] [1098/1826] vizwiz_VizWiz_val_00000490_490
2026-08-17 23:40:38,108 INFO [refresh_grounding_cache] [1099/1826] vizwiz_VizWiz_val_00000500_500
2026-08-17 23:40:42,890 INFO [refresh_grounding_cache] [1100/1826] vizwiz_VizWiz_val_00000507_507
2026-08-17 23:40:46,539 INFO [refresh_grounding_cache] [1101/1826] vizwiz_VizWiz_val_00000518_518
2026-08-17 23:40:49,571 INFO [refresh_grounding_cache] [1102/1826] vizwiz_VizWiz_val_00000520_520
2026-08-17 23:40:55,061 INFO [refresh_grounding_cache] [1103/1826] vizwiz_VizWiz_val_00000524_524
2026-08-17 23:41:05,141 INFO [refresh_grounding_cache] [1104/1826] vizwiz_VizWiz_val_00000526_526
2026-08-17 23:41:08,931 INFO [refresh_grounding_cache] [1105/1826] vizwiz_VizWiz_val_00000528_528
2026-08-17 23:41:12,838 INFO [refresh_grounding_cache] [1106/1826] vizwiz_VizWiz_val_00000530_530
2026-08-17 23:41:19,128 INFO [refresh_grounding_cache] [1107/1826] vizwiz_VizWiz_val_00000536_536
2026-08-17 23:41:26,025 INFO [refresh_grounding_cache] [1108/1826] vizwiz_VizWiz_val_00000538_538
2026-08-17 23:41:31,457 INFO [refresh_grounding_cache] [1109/1826] vizwiz_VizWiz_val_00000539_539
2026-08-17 23:41:38,230 INFO [refresh_grounding_cache] [1110/1826] vizwiz_VizWiz_val_00000542_542
2026-08-17 23:41:42,187 INFO [refresh_grounding_cache] [1111/1826] vizwiz_VizWiz_val_00000547_547
2026-08-17 23:41:45,619 INFO [refresh_grounding_cache] [1112/1826] vizwiz_VizWiz_val_00000549_549
2026-08-17 23:41:51,168 INFO [refresh_grounding_cache] [1113/1826] vizwiz_VizWiz_val_00000552_552
2026-08-17 23:42:02,564 INFO [refresh_grounding_cache] [1114/1826] vizwiz_VizWiz_val_00000556_556
2026-08-17 23:42:15,409 INFO [refresh_grounding_cache] [1115/1826] vizwiz_VizWiz_val_00000562_562
2026-08-17 23:42:19,500 INFO [refresh_grounding_cache] [1116/1826] vizwiz_VizWiz_val_00000565_565
2026-08-17 23:42:23,007 INFO [refresh_grounding_cache] [1117/1826] vizwiz_VizWiz_val_00000566_566
2026-08-17 23:42:28,030 INFO [refresh_grounding_cache] [1118/1826] vizwiz_VizWiz_val_00000567_567
2026-08-17 23:42:33,195 INFO [refresh_grounding_cache] [1119/1826] vizwiz_VizWiz_val_00000587_587
2026-08-17 23:42:36,811 INFO [refresh_grounding_cache] [1120/1826] vizwiz_VizWiz_val_00000588_588
2026-08-17 23:42:42,859 INFO [refresh_grounding_cache] [1121/1826] vizwiz_VizWiz_val_00000598_598
2026-08-17 23:42:49,998 INFO [refresh_grounding_cache] [1122/1826] vizwiz_VizWiz_val_00000611_611
2026-08-17 23:42:54,138 INFO [refresh_grounding_cache] [1123/1826] vizwiz_VizWiz_val_00000625_625
2026-08-17 23:42:57,729 INFO [refresh_grounding_cache] [1124/1826] vizwiz_VizWiz_val_00000626_626
2026-08-17 23:43:01,886 INFO [refresh_grounding_cache] [1125/1826] vizwiz_VizWiz_val_00000627_627
2026-08-17 23:43:05,443 INFO [refresh_grounding_cache] [1126/1826] vizwiz_VizWiz_val_00000628_628
2026-08-17 23:43:09,933 INFO [refresh_grounding_cache] [1127/1826] vizwiz_VizWiz_val_00000631_631
2026-08-17 23:43:13,965 INFO [refresh_grounding_cache] [1128/1826] vizwiz_VizWiz_val_00000636_636
2026-08-17 23:43:19,055 INFO [refresh_grounding_cache] [1129/1826] vizwiz_VizWiz_val_00000637_637
2026-08-17 23:43:23,170 INFO [refresh_grounding_cache] [1130/1826] vizwiz_VizWiz_val_00000638_638
2026-08-17 23:43:26,145 INFO [refresh_grounding_cache] [1131/1826] vizwiz_VizWiz_val_00000645_645
2026-08-17 23:43:34,634 INFO [refresh_grounding_cache] [1132/1826] vizwiz_VizWiz_val_00000648_648
2026-08-17 23:43:38,582 INFO [refresh_grounding_cache] [1133/1826] vizwiz_VizWiz_val_00000649_649
2026-08-17 23:43:43,589 INFO [refresh_grounding_cache] [1134/1826] vizwiz_VizWiz_val_00000656_656
2026-08-17 23:43:47,412 INFO [refresh_grounding_cache] [1135/1826] vizwiz_VizWiz_val_00000659_659
2026-08-17 23:43:50,620 INFO [refresh_grounding_cache] [1136/1826] vizwiz_VizWiz_val_00000662_662
2026-08-17 23:43:53,902 INFO [refresh_grounding_cache] [1137/1826] vizwiz_VizWiz_val_00000670_670
2026-08-17 23:43:58,576 INFO [refresh_grounding_cache] [1138/1826] vizwiz_VizWiz_val_00000672_672
2026-08-17 23:44:02,799 INFO [refresh_grounding_cache] [1139/1826] vizwiz_VizWiz_val_00000675_675
2026-08-17 23:44:06,864 INFO [refresh_grounding_cache] [1140/1826] vizwiz_VizWiz_val_00000677_677
2026-08-17 23:44:12,754 INFO [refresh_grounding_cache] [1141/1826] vizwiz_VizWiz_val_00000686_686
2026-08-17 23:44:15,287 INFO [refresh_grounding_cache] [1142/1826] vizwiz_VizWiz_val_00000687_687
2026-08-17 23:44:20,143 INFO [refresh_grounding_cache] [1143/1826] vizwiz_VizWiz_val_00000694_694
2026-08-17 23:44:24,284 INFO [refresh_grounding_cache] [1144/1826] vizwiz_VizWiz_val_00000710_710
2026-08-17 23:44:26,908 INFO [refresh_grounding_cache] [1145/1826] vizwiz_VizWiz_val_00000713_713
2026-08-17 23:44:30,315 INFO [refresh_grounding_cache] [1146/1826] vizwiz_VizWiz_val_00000716_716
2026-08-17 23:44:34,639 INFO [refresh_grounding_cache] [1147/1826] vizwiz_VizWiz_val_00000717_717
2026-08-17 23:44:38,588 INFO [refresh_grounding_cache] [1148/1826] vizwiz_VizWiz_val_00000718_718
2026-08-17 23:44:44,427 INFO [refresh_grounding_cache] [1149/1826] vizwiz_VizWiz_val_00000720_720
2026-08-17 23:44:48,409 INFO [refresh_grounding_cache] [1150/1826] vizwiz_VizWiz_val_00000725_725
2026-08-17 23:44:52,924 INFO [refresh_grounding_cache] [1151/1826] vizwiz_VizWiz_val_00000730_730
2026-08-17 23:44:56,582 INFO [refresh_grounding_cache] [1152/1826] vizwiz_VizWiz_val_00000731_731
2026-08-17 23:45:04,504 INFO [refresh_grounding_cache] [1153/1826] vizwiz_VizWiz_val_00000744_744
2026-08-17 23:45:11,318 INFO [refresh_grounding_cache] [1154/1826] vizwiz_VizWiz_val_00000747_747
2026-08-17 23:45:14,634 INFO [refresh_grounding_cache] [1155/1826] vizwiz_VizWiz_val_00000749_749
2026-08-17 23:45:19,649 INFO [refresh_grounding_cache] [1156/1826] vizwiz_VizWiz_val_00000750_750
2026-08-17 23:45:23,223 INFO [refresh_grounding_cache] [1157/1826] vizwiz_VizWiz_val_00000753_753
2026-08-17 23:45:27,696 INFO [refresh_grounding_cache] [1158/1826] vizwiz_VizWiz_val_00000758_758
2026-08-17 23:45:32,336 INFO [refresh_grounding_cache] [1159/1826] vizwiz_VizWiz_val_00000764_764
2026-08-17 23:45:35,152 INFO [refresh_grounding_cache] [1160/1826] vizwiz_VizWiz_val_00000768_768
2026-08-17 23:45:39,151 INFO [refresh_grounding_cache] [1161/1826] vizwiz_VizWiz_val_00000770_770
2026-08-17 23:45:41,850 INFO [refresh_grounding_cache] [1162/1826] vizwiz_VizWiz_val_00000771_771
2026-08-17 23:45:46,265 INFO [refresh_grounding_cache] [1163/1826] vizwiz_VizWiz_val_00000780_780
2026-08-17 23:45:54,604 INFO [refresh_grounding_cache] [1164/1826] vizwiz_VizWiz_val_00000781_781
2026-08-17 23:45:58,378 INFO [refresh_grounding_cache] [1165/1826] vizwiz_VizWiz_val_00000782_782
2026-08-17 23:46:02,968 INFO [refresh_grounding_cache] [1166/1826] vizwiz_VizWiz_val_00000786_786
2026-08-17 23:46:06,667 INFO [refresh_grounding_cache] [1167/1826] vizwiz_VizWiz_val_00000789_789
2026-08-17 23:46:09,824 INFO [refresh_grounding_cache] [1168/1826] vizwiz_VizWiz_val_00000790_790
2026-08-17 23:46:13,031 INFO [refresh_grounding_cache] [1169/1826] vizwiz_VizWiz_val_00000795_795
2026-08-17 23:46:17,663 INFO [refresh_grounding_cache] [1170/1826] vizwiz_VizWiz_val_00000799_799
2026-08-17 23:46:21,745 INFO [refresh_grounding_cache] [1171/1826] vizwiz_VizWiz_val_00000803_803
2026-08-17 23:46:25,036 INFO [refresh_grounding_cache] [1172/1826] vizwiz_VizWiz_val_00000806_806
2026-08-17 23:46:30,342 INFO [refresh_grounding_cache] [1173/1826] vizwiz_VizWiz_val_00000809_809
2026-08-17 23:46:34,991 INFO [refresh_grounding_cache] [1174/1826] vizwiz_VizWiz_val_00000824_824
2026-08-17 23:46:39,231 INFO [refresh_grounding_cache] [1175/1826] vizwiz_VizWiz_val_00000826_826
2026-08-17 23:46:44,180 INFO [refresh_grounding_cache] [1176/1826] vizwiz_VizWiz_val_00000831_831
2026-08-17 23:46:47,212 INFO [refresh_grounding_cache] [1177/1826] vizwiz_VizWiz_val_00000833_833
2026-08-17 23:46:51,094 INFO [refresh_grounding_cache] [1178/1826] vizwiz_VizWiz_val_00000837_837
2026-08-17 23:46:58,567 INFO [refresh_grounding_cache] [1179/1826] vizwiz_VizWiz_val_00000838_838
2026-08-17 23:47:02,882 INFO [refresh_grounding_cache] [1180/1826] vizwiz_VizWiz_val_00000849_849
2026-08-17 23:47:05,931 INFO [refresh_grounding_cache] [1181/1826] vizwiz_VizWiz_val_00000850_850
2026-08-17 23:47:10,446 INFO [refresh_grounding_cache] [1182/1826] vizwiz_VizWiz_val_00000855_855
2026-08-17 23:47:20,560 INFO [refresh_grounding_cache] [1183/1826] vizwiz_VizWiz_val_00000860_860
2026-08-17 23:47:23,542 INFO [refresh_grounding_cache] [1184/1826] vizwiz_VizWiz_val_00000864_864
2026-08-17 23:47:26,358 INFO [refresh_grounding_cache] [1185/1826] vizwiz_VizWiz_val_00000869_869
2026-08-17 23:47:31,598 INFO [refresh_grounding_cache] [1186/1826] vizwiz_VizWiz_val_00000870_870
2026-08-17 23:47:37,754 INFO [refresh_grounding_cache] [1187/1826] vizwiz_VizWiz_val_00000880_880
2026-08-17 23:47:42,886 INFO [refresh_grounding_cache] [1188/1826] vizwiz_VizWiz_val_00000883_883
2026-08-17 23:47:46,135 INFO [refresh_grounding_cache] [1189/1826] vizwiz_VizWiz_val_00000886_886
2026-08-17 23:47:51,799 INFO [refresh_grounding_cache] [1190/1826] vizwiz_VizWiz_val_00000889_889
2026-08-17 23:47:54,998 INFO [refresh_grounding_cache] [1191/1826] vizwiz_VizWiz_val_00000905_905
2026-08-17 23:47:59,789 INFO [refresh_grounding_cache] [1192/1826] vizwiz_VizWiz_val_00000911_911
2026-08-17 23:48:02,896 INFO [refresh_grounding_cache] [1193/1826] vizwiz_VizWiz_val_00000912_912
2026-08-17 23:48:07,086 INFO [refresh_grounding_cache] [1194/1826] vizwiz_VizWiz_val_00000913_913
2026-08-17 23:48:10,618 INFO [refresh_grounding_cache] [1195/1826] vizwiz_VizWiz_val_00000915_915
2026-08-17 23:48:15,817 INFO [refresh_grounding_cache] [1196/1826] vizwiz_VizWiz_val_00000919_919
2026-08-17 23:48:19,657 INFO [refresh_grounding_cache] [1197/1826] vizwiz_VizWiz_val_00000921_921
2026-08-17 23:48:26,022 INFO [refresh_grounding_cache] [1198/1826] vizwiz_VizWiz_val_00000924_924
2026-08-17 23:48:30,653 INFO [refresh_grounding_cache] [1199/1826] vizwiz_VizWiz_val_00000926_926
2026-08-17 23:48:39,267 INFO [refresh_grounding_cache] [1200/1826] vizwiz_VizWiz_val_00000933_933
2026-08-17 23:48:42,999 INFO [refresh_grounding_cache] [1201/1826] vizwiz_VizWiz_val_00000938_938
2026-08-17 23:48:46,490 INFO [refresh_grounding_cache] [1202/1826] vizwiz_VizWiz_val_00000940_940
2026-08-17 23:48:51,213 INFO [refresh_grounding_cache] [1203/1826] vizwiz_VizWiz_val_00000952_952
2026-08-17 23:48:57,003 INFO [refresh_grounding_cache] [1204/1826] vizwiz_VizWiz_val_00000954_954
2026-08-17 23:49:04,584 INFO [refresh_grounding_cache] [1205/1826] vizwiz_VizWiz_val_00000970_970
2026-08-17 23:49:08,849 INFO [refresh_grounding_cache] [1206/1826] vizwiz_VizWiz_val_00000976_976
2026-08-17 23:49:13,348 INFO [refresh_grounding_cache] [1207/1826] vizwiz_VizWiz_val_00000983_983
2026-08-17 23:49:18,621 INFO [refresh_grounding_cache] [1208/1826] vizwiz_VizWiz_val_00000984_984
2026-08-17 23:49:21,845 INFO [refresh_grounding_cache] [1209/1826] vizwiz_VizWiz_val_00000998_998
2026-08-17 23:49:26,027 INFO [refresh_grounding_cache] [1210/1826] vizwiz_VizWiz_val_00001001_1001
2026-08-17 23:49:29,917 INFO [refresh_grounding_cache] [1211/1826] vizwiz_VizWiz_val_00001002_1002
2026-08-17 23:49:34,924 INFO [refresh_grounding_cache] [1212/1826] vizwiz_VizWiz_val_00001009_1009
2026-08-17 23:49:41,439 INFO [refresh_grounding_cache] [1213/1826] vizwiz_VizWiz_val_00001011_1011
2026-08-17 23:49:50,585 INFO [refresh_grounding_cache] [1214/1826] vizwiz_VizWiz_val_00001018_1018
2026-08-17 23:49:54,076 INFO [refresh_grounding_cache] [1215/1826] vizwiz_VizWiz_val_00001020_1020
2026-08-17 23:49:57,691 INFO [refresh_grounding_cache] [1216/1826] vizwiz_VizWiz_val_00001033_1033
2026-08-17 23:50:00,416 INFO [refresh_grounding_cache] [1217/1826] vizwiz_VizWiz_val_00001037_1037
2026-08-17 23:50:03,148 INFO [refresh_grounding_cache] [1218/1826] vizwiz_VizWiz_val_00001039_1039
2026-08-17 23:50:05,955 INFO [refresh_grounding_cache] [1219/1826] vizwiz_VizWiz_val_00001040_1040
2026-08-17 23:50:09,787 INFO [refresh_grounding_cache] [1220/1826] vizwiz_VizWiz_val_00001047_1047
2026-08-17 23:50:15,644 INFO [refresh_grounding_cache] [1221/1826] vizwiz_VizWiz_val_00001059_1059
2026-08-17 23:50:20,176 INFO [refresh_grounding_cache] [1222/1826] vizwiz_VizWiz_val_00001062_1062
2026-08-17 23:50:22,875 INFO [refresh_grounding_cache] [1223/1826] vizwiz_VizWiz_val_00001067_1067
2026-08-17 23:50:31,214 INFO [refresh_grounding_cache] [1224/1826] vizwiz_VizWiz_val_00001068_1068
2026-08-17 23:50:35,754 INFO [refresh_grounding_cache] [1225/1826] vizwiz_VizWiz_val_00001072_1072
2026-08-17 23:50:43,535 INFO [refresh_grounding_cache] [1226/1826] vizwiz_VizWiz_val_00001078_1078
2026-08-17 23:50:47,109 INFO [refresh_grounding_cache] [1227/1826] vizwiz_VizWiz_val_00001085_1085
2026-08-17 23:50:54,664 INFO [refresh_grounding_cache] [1228/1826] vizwiz_VizWiz_val_00001094_1094
2026-08-17 23:50:58,571 INFO [refresh_grounding_cache] [1229/1826] vizwiz_VizWiz_val_00001097_1097
2026-08-17 23:51:03,062 INFO [refresh_grounding_cache] [1230/1826] vizwiz_VizWiz_val_00001098_1098
2026-08-17 23:51:06,710 INFO [refresh_grounding_cache] [1231/1826] vizwiz_VizWiz_val_00001100_1100
2026-08-17 23:51:11,076 INFO [refresh_grounding_cache] [1232/1826] vizwiz_VizWiz_val_00001103_1103
2026-08-17 23:51:15,508 INFO [refresh_grounding_cache] [1233/1826] vizwiz_VizWiz_val_00001109_1109
2026-08-17 23:51:21,122 INFO [refresh_grounding_cache] [1234/1826] vizwiz_VizWiz_val_00001113_1113
2026-08-17 23:51:26,804 INFO [refresh_grounding_cache] [1235/1826] vizwiz_VizWiz_val_00001115_1115
2026-08-17 23:51:33,302 INFO [refresh_grounding_cache] [1236/1826] vizwiz_VizWiz_val_00001116_1116
2026-08-17 23:51:37,759 INFO [refresh_grounding_cache] [1237/1826] vizwiz_VizWiz_val_00001120_1120
2026-08-17 23:51:41,424 INFO [refresh_grounding_cache] [1238/1826] vizwiz_VizWiz_val_00001122_1122
2026-08-17 23:51:45,531 INFO [refresh_grounding_cache] [1239/1826] vizwiz_VizWiz_val_00001126_1126
2026-08-17 23:51:49,255 INFO [refresh_grounding_cache] [1240/1826] vizwiz_VizWiz_val_00001136_1136
2026-08-17 23:51:53,295 INFO [refresh_grounding_cache] [1241/1826] vizwiz_VizWiz_val_00001145_1145
2026-08-17 23:51:55,978 INFO [refresh_grounding_cache] [1242/1826] vizwiz_VizWiz_val_00001146_1146
2026-08-17 23:52:01,501 INFO [refresh_grounding_cache] [1243/1826] vizwiz_VizWiz_val_00001148_1148
2026-08-17 23:52:05,566 INFO [refresh_grounding_cache] [1244/1826] vizwiz_VizWiz_val_00001151_1151
2026-08-17 23:52:13,039 INFO [refresh_grounding_cache] [1245/1826] vizwiz_VizWiz_val_00001160_1160
2026-08-17 23:52:15,913 INFO [refresh_grounding_cache] [1246/1826] vizwiz_VizWiz_val_00001168_1168
2026-08-17 23:52:20,628 INFO [refresh_grounding_cache] [1247/1826] vizwiz_VizWiz_val_00001172_1172
2026-08-17 23:52:24,518 INFO [refresh_grounding_cache] [1248/1826] vizwiz_VizWiz_val_00001173_1173
2026-08-17 23:52:31,449 INFO [refresh_grounding_cache] [1249/1826] vizwiz_VizWiz_val_00001179_1179
2026-08-17 23:52:35,098 INFO [refresh_grounding_cache] [1250/1826] vizwiz_VizWiz_val_00001182_1182
2026-08-17 23:52:37,906 INFO [refresh_grounding_cache] [1251/1826] vizwiz_VizWiz_val_00001184_1184
2026-08-17 23:52:40,755 INFO [refresh_grounding_cache] [1252/1826] vizwiz_VizWiz_val_00001191_1191
2026-08-17 23:52:44,187 INFO [refresh_grounding_cache] [1253/1826] vizwiz_VizWiz_val_00001192_1192
2026-08-17 23:52:48,377 INFO [refresh_grounding_cache] [1254/1826] vizwiz_VizWiz_val_00001195_1195
2026-08-17 23:52:51,984 INFO [refresh_grounding_cache] [1255/1826] vizwiz_VizWiz_val_00001196_1196
2026-08-17 23:52:55,325 INFO [refresh_grounding_cache] [1256/1826] vizwiz_VizWiz_val_00001208_1208
2026-08-17 23:52:59,049 INFO [refresh_grounding_cache] [1257/1826] vizwiz_VizWiz_val_00001216_1216
2026-08-17 23:53:02,356 INFO [refresh_grounding_cache] [1258/1826] vizwiz_VizWiz_val_00001227_1227
2026-08-17 23:53:08,604 INFO [refresh_grounding_cache] [1259/1826] vizwiz_VizWiz_val_00001233_1233
2026-08-17 23:53:14,478 INFO [refresh_grounding_cache] [1260/1826] vizwiz_VizWiz_val_00001236_1236
2026-08-17 23:53:17,276 INFO [refresh_grounding_cache] [1261/1826] vizwiz_VizWiz_val_00001238_1238
2026-08-17 23:53:22,792 INFO [refresh_grounding_cache] [1262/1826] vizwiz_VizWiz_val_00001245_1245
2026-08-17 23:53:25,757 INFO [refresh_grounding_cache] [1263/1826] vizwiz_VizWiz_val_00001249_1249
2026-08-17 23:53:30,364 INFO [refresh_grounding_cache] [1264/1826] vizwiz_VizWiz_val_00001251_1251
2026-08-17 23:53:36,570 INFO [refresh_grounding_cache] [1265/1826] vizwiz_VizWiz_val_00001252_1252
2026-08-17 23:53:39,894 INFO [refresh_grounding_cache] [1266/1826] vizwiz_VizWiz_val_00001253_1253
2026-08-17 23:53:44,051 INFO [refresh_grounding_cache] [1267/1826] vizwiz_VizWiz_val_00001255_1255
2026-08-17 23:53:48,341 INFO [refresh_grounding_cache] [1268/1826] vizwiz_VizWiz_val_00001258_1258
2026-08-17 23:53:52,598 INFO [refresh_grounding_cache] [1269/1826] vizwiz_VizWiz_val_00001260_1260
2026-08-17 23:53:58,871 INFO [refresh_grounding_cache] [1270/1826] vizwiz_VizWiz_val_00001264_1264
2026-08-17 23:54:01,437 INFO [refresh_grounding_cache] [1271/1826] vizwiz_VizWiz_val_00001272_1272
2026-08-17 23:54:05,486 INFO [refresh_grounding_cache] [1272/1826] vizwiz_VizWiz_val_00001274_1274
2026-08-17 23:54:09,351 INFO [refresh_grounding_cache] [1273/1826] vizwiz_VizWiz_val_00001276_1276
2026-08-17 23:54:15,707 INFO [refresh_grounding_cache] [1274/1826] vizwiz_VizWiz_val_00001277_1277
2026-08-17 23:54:19,115 INFO [refresh_grounding_cache] [1275/1826] vizwiz_VizWiz_val_00001288_1288
2026-08-17 23:54:26,529 INFO [refresh_grounding_cache] [1276/1826] vizwiz_VizWiz_val_00001289_1289
2026-08-17 23:54:30,586 INFO [refresh_grounding_cache] [1277/1826] vizwiz_VizWiz_val_00001290_1290
2026-08-17 23:54:35,151 INFO [refresh_grounding_cache] [1278/1826] vizwiz_VizWiz_val_00001294_1294
2026-08-17 23:54:38,242 INFO [refresh_grounding_cache] [1279/1826] vizwiz_VizWiz_val_00001295_1295
2026-08-17 23:54:43,757 INFO [refresh_grounding_cache] [1280/1826] vizwiz_VizWiz_val_00001296_1296
2026-08-17 23:54:48,963 INFO [refresh_grounding_cache] [1281/1826] vizwiz_VizWiz_val_00001299_1299
2026-08-17 23:54:53,029 INFO [refresh_grounding_cache] [1282/1826] vizwiz_VizWiz_val_00001303_1303
2026-08-17 23:54:58,702 INFO [refresh_grounding_cache] [1283/1826] vizwiz_VizWiz_val_00001304_1304
2026-08-17 23:55:01,501 INFO [refresh_grounding_cache] [1284/1826] vizwiz_VizWiz_val_00001309_1309
2026-08-17 23:55:05,558 INFO [refresh_grounding_cache] [1285/1826] vizwiz_VizWiz_val_00001311_1311
2026-08-17 23:55:09,656 INFO [refresh_grounding_cache] [1286/1826] vizwiz_VizWiz_val_00001316_1316
2026-08-17 23:55:12,272 INFO [refresh_grounding_cache] [1287/1826] vizwiz_VizWiz_val_00001319_1319
2026-08-17 23:55:16,304 INFO [refresh_grounding_cache] [1288/1826] vizwiz_VizWiz_val_00001324_1324
2026-08-17 23:55:21,094 INFO [refresh_grounding_cache] [1289/1826] vizwiz_VizWiz_val_00001327_1327
2026-08-17 23:55:24,068 INFO [refresh_grounding_cache] [1290/1826] vizwiz_VizWiz_val_00001329_1329
2026-08-17 23:55:28,317 INFO [refresh_grounding_cache] [1291/1826] vizwiz_VizWiz_val_00001332_1332
2026-08-17 23:55:32,566 INFO [refresh_grounding_cache] [1292/1826] vizwiz_VizWiz_val_00001334_1334
2026-08-17 23:55:37,472 INFO [refresh_grounding_cache] [1293/1826] vizwiz_VizWiz_val_00001339_1339
2026-08-17 23:55:40,421 INFO [refresh_grounding_cache] [1294/1826] vizwiz_VizWiz_val_00001344_1344
2026-08-17 23:55:44,712 INFO [refresh_grounding_cache] [1295/1826] vizwiz_VizWiz_val_00001345_1345
2026-08-17 23:55:48,685 INFO [refresh_grounding_cache] [1296/1826] vizwiz_VizWiz_val_00001347_1347
2026-08-17 23:55:53,475 INFO [refresh_grounding_cache] [1297/1826] vizwiz_VizWiz_val_00001350_1350
2026-08-17 23:55:57,666 INFO [refresh_grounding_cache] [1298/1826] vizwiz_VizWiz_val_00001353_1353
2026-08-17 23:56:00,940 INFO [refresh_grounding_cache] [1299/1826] vizwiz_VizWiz_val_00001356_1356
2026-08-17 23:56:03,730 INFO [refresh_grounding_cache] [1300/1826] vizwiz_VizWiz_val_00001358_1358
2026-08-17 23:56:08,587 INFO [refresh_grounding_cache] [1301/1826] vizwiz_VizWiz_val_00001360_1360
2026-08-17 23:56:12,361 INFO [refresh_grounding_cache] [1302/1826] vizwiz_VizWiz_val_00001362_1362
2026-08-17 23:56:15,210 INFO [refresh_grounding_cache] [1303/1826] vizwiz_VizWiz_val_00001364_1364
2026-08-17 23:56:19,375 INFO [refresh_grounding_cache] [1304/1826] vizwiz_VizWiz_val_00001370_1370
2026-08-17 23:56:22,333 INFO [refresh_grounding_cache] [1305/1826] vizwiz_VizWiz_val_00001374_1374
2026-08-17 23:56:25,607 INFO [refresh_grounding_cache] [1306/1826] vizwiz_VizWiz_val_00001375_1375
2026-08-17 23:56:28,997 INFO [refresh_grounding_cache] [1307/1826] vizwiz_VizWiz_val_00001377_1377
2026-08-17 23:56:31,588 INFO [refresh_grounding_cache] [1308/1826] vizwiz_VizWiz_val_00001386_1386
2026-08-17 23:56:34,421 INFO [refresh_grounding_cache] [1309/1826] vizwiz_VizWiz_val_00001388_1388
2026-08-17 23:56:38,861 INFO [refresh_grounding_cache] [1310/1826] vizwiz_VizWiz_val_00001390_1390
2026-08-17 23:56:45,034 INFO [refresh_grounding_cache] [1311/1826] vizwiz_VizWiz_val_00001395_1395
2026-08-17 23:56:49,524 INFO [refresh_grounding_cache] [1312/1826] vizwiz_VizWiz_val_00001396_1396
2026-08-17 23:56:52,739 INFO [refresh_grounding_cache] [1313/1826] vizwiz_VizWiz_val_00001399_1399
2026-08-17 23:56:57,121 INFO [refresh_grounding_cache] [1314/1826] vizwiz_VizWiz_val_00001400_1400
2026-08-17 23:57:00,437 INFO [refresh_grounding_cache] [1315/1826] vizwiz_VizWiz_val_00001401_1401
2026-08-17 23:57:03,536 INFO [refresh_grounding_cache] [1316/1826] vizwiz_VizWiz_val_00001403_1403
2026-08-17 23:57:06,477 INFO [refresh_grounding_cache] [1317/1826] vizwiz_VizWiz_val_00001408_1408
2026-08-17 23:57:12,858 INFO [refresh_grounding_cache] [1318/1826] vizwiz_VizWiz_val_00001412_1412
2026-08-17 23:57:15,390 INFO [refresh_grounding_cache] [1319/1826] vizwiz_VizWiz_val_00001415_1415
2026-08-17 23:57:19,514 INFO [refresh_grounding_cache] [1320/1826] vizwiz_VizWiz_val_00001416_1416
2026-08-17 23:57:25,370 INFO [refresh_grounding_cache] [1321/1826] vizwiz_VizWiz_val_00001418_1418
2026-08-17 23:57:29,619 INFO [refresh_grounding_cache] [1322/1826] vizwiz_VizWiz_val_00001419_1419
2026-08-17 23:57:31,885 INFO [refresh_grounding_cache] [1323/1826] vizwiz_VizWiz_val_00001425_1425
2026-08-17 23:57:36,200 INFO [refresh_grounding_cache] [1324/1826] vizwiz_VizWiz_val_00001428_1428
2026-08-17 23:57:39,749 INFO [refresh_grounding_cache] [1325/1826] vizwiz_VizWiz_val_00001433_1433
2026-08-17 23:57:44,156 INFO [refresh_grounding_cache] [1326/1826] vizwiz_VizWiz_val_00001434_1434
2026-08-17 23:57:47,538 INFO [refresh_grounding_cache] [1327/1826] vizwiz_VizWiz_val_00001438_1438
2026-08-17 23:57:53,528 INFO [refresh_grounding_cache] [1328/1826] vizwiz_VizWiz_val_00001441_1441
2026-08-17 23:57:58,543 INFO [refresh_grounding_cache] [1329/1826] vizwiz_VizWiz_val_00001444_1444
2026-08-17 23:58:02,450 INFO [refresh_grounding_cache] [1330/1826] vizwiz_VizWiz_val_00001450_1450
2026-08-17 23:58:06,407 INFO [refresh_grounding_cache] [1331/1826] vizwiz_VizWiz_val_00001464_1464
2026-08-17 23:58:09,673 INFO [refresh_grounding_cache] [1332/1826] vizwiz_VizWiz_val_00001466_1466
2026-08-17 23:58:12,455 INFO [refresh_grounding_cache] [1333/1826] vizwiz_VizWiz_val_00001473_1473
2026-08-17 23:58:16,720 INFO [refresh_grounding_cache] [1334/1826] vizwiz_VizWiz_val_00001476_1476
2026-08-17 23:58:20,152 INFO [refresh_grounding_cache] [1335/1826] vizwiz_VizWiz_val_00001477_1477
2026-08-17 23:58:24,276 INFO [refresh_grounding_cache] [1336/1826] vizwiz_VizWiz_val_00001478_1478
2026-08-17 23:58:27,942 INFO [refresh_grounding_cache] [1337/1826] vizwiz_VizWiz_val_00001492_1492
2026-08-17 23:58:34,373 INFO [refresh_grounding_cache] [1338/1826] vizwiz_VizWiz_val_00001493_1493
2026-08-17 23:58:39,139 INFO [refresh_grounding_cache] [1339/1826] vizwiz_VizWiz_val_00001497_1497
2026-08-17 23:58:42,296 INFO [refresh_grounding_cache] [1340/1826] vizwiz_VizWiz_val_00001505_1505
2026-08-17 23:58:47,152 INFO [refresh_grounding_cache] [1341/1826] vizwiz_VizWiz_val_00001508_1508
2026-08-17 23:58:50,185 INFO [refresh_grounding_cache] [1342/1826] vizwiz_VizWiz_val_00001512_1512
2026-08-17 23:58:53,284 INFO [refresh_grounding_cache] [1343/1826] vizwiz_VizWiz_val_00001513_1513
2026-08-17 23:58:57,257 INFO [refresh_grounding_cache] [1344/1826] vizwiz_VizWiz_val_00001514_1514
2026-08-17 23:59:02,047 INFO [refresh_grounding_cache] [1345/1826] vizwiz_VizWiz_val_00001517_1517
2026-08-17 23:59:06,313 INFO [refresh_grounding_cache] [1346/1826] vizwiz_VizWiz_val_00001520_1520
2026-08-17 23:59:10,995 INFO [refresh_grounding_cache] [1347/1826] vizwiz_VizWiz_val_00001524_1524
2026-08-17 23:59:14,927 INFO [refresh_grounding_cache] [1348/1826] vizwiz_VizWiz_val_00001525_1525
2026-08-17 23:59:18,300 INFO [refresh_grounding_cache] [1349/1826] vizwiz_VizWiz_val_00001529_1529
2026-08-17 23:59:21,616 INFO [refresh_grounding_cache] [1350/1826] vizwiz_VizWiz_val_00001535_1535
2026-08-17 23:59:27,939 INFO [refresh_grounding_cache] [1351/1826] vizwiz_VizWiz_val_00001538_1538
2026-08-17 23:59:30,580 INFO [refresh_grounding_cache] [1352/1826] vizwiz_VizWiz_val_00001541_1541
2026-08-17 23:59:33,562 INFO [refresh_grounding_cache] [1353/1826] vizwiz_VizWiz_val_00001548_1548
2026-08-17 23:59:36,236 INFO [refresh_grounding_cache] [1354/1826] vizwiz_VizWiz_val_00001557_1557
2026-08-17 23:59:40,976 INFO [refresh_grounding_cache] [1355/1826] vizwiz_VizWiz_val_00001561_1561
2026-08-17 23:59:46,899 INFO [refresh_grounding_cache] [1356/1826] vizwiz_VizWiz_val_00001566_1566
2026-08-17 23:59:50,757 INFO [refresh_grounding_cache] [1357/1826] vizwiz_VizWiz_val_00001569_1569
2026-08-17 23:59:53,489 INFO [refresh_grounding_cache] [1358/1826] vizwiz_VizWiz_val_00001570_1570
2026-08-17 23:59:57,554 INFO [refresh_grounding_cache] [1359/1826] vizwiz_VizWiz_val_00001572_1572
2026-08-18 00:00:01,736 INFO [refresh_grounding_cache] [1360/1826] vizwiz_VizWiz_val_00001574_1574
2026-08-18 00:00:06,251 INFO [refresh_grounding_cache] [1361/1826] vizwiz_VizWiz_val_00001575_1575
2026-08-18 00:00:12,215 INFO [refresh_grounding_cache] [1362/1826] vizwiz_VizWiz_val_00001580_1580
2026-08-18 00:00:15,606 INFO [refresh_grounding_cache] [1363/1826] vizwiz_VizWiz_val_00001588_1588
2026-08-18 00:00:19,355 INFO [refresh_grounding_cache] [1364/1826] vizwiz_VizWiz_val_00001589_1589
2026-08-18 00:00:25,170 INFO [refresh_grounding_cache] [1365/1826] vizwiz_VizWiz_val_00001590_1590
2026-08-18 00:00:27,785 INFO [refresh_grounding_cache] [1366/1826] vizwiz_VizWiz_val_00001591_1591
2026-08-18 00:00:30,826 INFO [refresh_grounding_cache] [1367/1826] vizwiz_VizWiz_val_00001593_1593
2026-08-18 00:00:34,158 INFO [refresh_grounding_cache] [1368/1826] vizwiz_VizWiz_val_00001597_1597
2026-08-18 00:00:37,449 INFO [refresh_grounding_cache] [1369/1826] vizwiz_VizWiz_val_00001600_1600
2026-08-18 00:00:40,923 INFO [refresh_grounding_cache] [1370/1826] vizwiz_VizWiz_val_00001602_1602
2026-08-18 00:00:45,721 INFO [refresh_grounding_cache] [1371/1826] vizwiz_VizWiz_val_00001604_1604
2026-08-18 00:00:49,020 INFO [refresh_grounding_cache] [1372/1826] vizwiz_VizWiz_val_00001606_1606
2026-08-18 00:00:51,811 INFO [refresh_grounding_cache] [1373/1826] vizwiz_VizWiz_val_00001607_1607
2026-08-18 00:00:55,635 INFO [refresh_grounding_cache] [1374/1826] vizwiz_VizWiz_val_00001608_1608
2026-08-18 00:01:00,117 INFO [refresh_grounding_cache] [1375/1826] vizwiz_VizWiz_val_00001609_1609
2026-08-18 00:01:03,057 INFO [refresh_grounding_cache] [1376/1826] vizwiz_VizWiz_val_00001610_1610
2026-08-18 00:01:06,423 INFO [refresh_grounding_cache] [1377/1826] vizwiz_VizWiz_val_00001618_1618
2026-08-18 00:01:08,622 INFO [refresh_grounding_cache] [1378/1826] vizwiz_VizWiz_val_00001619_1619
2026-08-18 00:01:13,887 INFO [refresh_grounding_cache] [1379/1826] vizwiz_VizWiz_val_00001624_1624
2026-08-18 00:01:17,361 INFO [refresh_grounding_cache] [1380/1826] vizwiz_VizWiz_val_00001627_1627
2026-08-18 00:01:20,452 INFO [refresh_grounding_cache] [1381/1826] vizwiz_VizWiz_val_00001629_1629
2026-08-18 00:01:24,992 INFO [refresh_grounding_cache] [1382/1826] vizwiz_VizWiz_val_00001631_1631
2026-08-18 00:01:29,857 INFO [refresh_grounding_cache] [1383/1826] vizwiz_VizWiz_val_00001633_1633
2026-08-18 00:01:36,472 INFO [refresh_grounding_cache] [1384/1826] vizwiz_VizWiz_val_00001635_1635
2026-08-18 00:01:39,754 INFO [refresh_grounding_cache] [1385/1826] vizwiz_VizWiz_val_00001638_1638
2026-08-18 00:01:44,336 INFO [refresh_grounding_cache] [1386/1826] vizwiz_VizWiz_val_00001639_1639
2026-08-18 00:01:48,193 INFO [refresh_grounding_cache] [1387/1826] vizwiz_VizWiz_val_00001647_1647
2026-08-18 00:01:51,850 INFO [refresh_grounding_cache] [1388/1826] vizwiz_VizWiz_val_00001649_1649
2026-08-18 00:01:55,924 INFO [refresh_grounding_cache] [1389/1826] vizwiz_VizWiz_val_00001651_1651
2026-08-18 00:01:58,914 INFO [refresh_grounding_cache] [1390/1826] vizwiz_VizWiz_val_00001652_1652
2026-08-18 00:02:02,413 INFO [refresh_grounding_cache] [1391/1826] vizwiz_VizWiz_val_00001653_1653
2026-08-18 00:02:05,845 INFO [refresh_grounding_cache] [1392/1826] vizwiz_VizWiz_val_00001654_1654
2026-08-18 00:02:10,052 INFO [refresh_grounding_cache] [1393/1826] vizwiz_VizWiz_val_00001656_1656
2026-08-18 00:02:14,343 INFO [refresh_grounding_cache] [1394/1826] vizwiz_VizWiz_val_00001657_1657
2026-08-18 00:02:18,200 INFO [refresh_grounding_cache] [1395/1826] vizwiz_VizWiz_val_00001659_1659
2026-08-18 00:02:21,732 INFO [refresh_grounding_cache] [1396/1826] vizwiz_VizWiz_val_00001663_1663
2026-08-18 00:02:25,006 INFO [refresh_grounding_cache] [1397/1826] vizwiz_VizWiz_val_00001664_1664
2026-08-18 00:02:29,363 INFO [refresh_grounding_cache] [1398/1826] vizwiz_VizWiz_val_00001671_1671
2026-08-18 00:02:34,361 INFO [refresh_grounding_cache] [1399/1826] vizwiz_VizWiz_val_00001674_1674
2026-08-18 00:02:37,885 INFO [refresh_grounding_cache] [1400/1826] vizwiz_VizWiz_val_00001678_1678
2026-08-18 00:02:40,926 INFO [refresh_grounding_cache] [1401/1826] vizwiz_VizWiz_val_00001681_1681
2026-08-18 00:02:44,724 INFO [refresh_grounding_cache] [1402/1826] vizwiz_VizWiz_val_00001683_1683
2026-08-18 00:02:48,482 INFO [refresh_grounding_cache] [1403/1826] vizwiz_VizWiz_val_00001684_1684
2026-08-18 00:02:54,996 INFO [refresh_grounding_cache] [1404/1826] vizwiz_VizWiz_val_00001685_1685
2026-08-18 00:03:00,153 INFO [refresh_grounding_cache] [1405/1826] vizwiz_VizWiz_val_00001695_1695
2026-08-18 00:03:03,277 INFO [refresh_grounding_cache] [1406/1826] vizwiz_VizWiz_val_00001699_1699
2026-08-18 00:03:06,101 INFO [refresh_grounding_cache] [1407/1826] vizwiz_VizWiz_val_00001700_1700
2026-08-18 00:03:10,941 INFO [refresh_grounding_cache] [1408/1826] vizwiz_VizWiz_val_00001702_1702
2026-08-18 00:03:16,639 INFO [refresh_grounding_cache] [1409/1826] vizwiz_VizWiz_val_00001704_1704
2026-08-18 00:03:20,113 INFO [refresh_grounding_cache] [1410/1826] vizwiz_VizWiz_val_00001705_1705
2026-08-18 00:03:25,403 INFO [refresh_grounding_cache] [1411/1826] vizwiz_VizWiz_val_00001707_1707
2026-08-18 00:03:29,710 INFO [refresh_grounding_cache] [1412/1826] vizwiz_VizWiz_val_00001709_1709
2026-08-18 00:03:34,209 INFO [refresh_grounding_cache] [1413/1826] vizwiz_VizWiz_val_00001711_1711
2026-08-18 00:03:36,841 INFO [refresh_grounding_cache] [1414/1826] vizwiz_VizWiz_val_00001720_1720
2026-08-18 00:03:39,732 INFO [refresh_grounding_cache] [1415/1826] vizwiz_VizWiz_val_00001721_1721
2026-08-18 00:03:42,673 INFO [refresh_grounding_cache] [1416/1826] vizwiz_VizWiz_val_00001725_1725
2026-08-18 00:03:45,539 INFO [refresh_grounding_cache] [1417/1826] vizwiz_VizWiz_val_00001726_1726
2026-08-18 00:03:56,685 INFO [refresh_grounding_cache] [1418/1826] vizwiz_VizWiz_val_00001738_1738
2026-08-18 00:04:00,883 INFO [refresh_grounding_cache] [1419/1826] vizwiz_VizWiz_val_00001739_1739
2026-08-18 00:04:03,891 INFO [refresh_grounding_cache] [1420/1826] vizwiz_VizWiz_val_00001744_1744
2026-08-18 00:04:09,231 INFO [refresh_grounding_cache] [1421/1826] vizwiz_VizWiz_val_00001752_1752
2026-08-18 00:04:14,021 INFO [refresh_grounding_cache] [1422/1826] vizwiz_VizWiz_val_00001756_1756
2026-08-18 00:04:17,595 INFO [refresh_grounding_cache] [1423/1826] vizwiz_VizWiz_val_00001757_1757
2026-08-18 00:04:20,227 INFO [refresh_grounding_cache] [1424/1826] vizwiz_VizWiz_val_00001761_1761
2026-08-18 00:04:24,826 INFO [refresh_grounding_cache] [1425/1826] vizwiz_VizWiz_val_00001766_1766
2026-08-18 00:04:29,249 INFO [refresh_grounding_cache] [1426/1826] vizwiz_VizWiz_val_00001771_1771
2026-08-18 00:04:33,248 INFO [refresh_grounding_cache] [1427/1826] vizwiz_VizWiz_val_00001776_1776
2026-08-18 00:04:36,963 INFO [refresh_grounding_cache] [1428/1826] vizwiz_VizWiz_val_00001782_1782
2026-08-18 00:04:40,662 INFO [refresh_grounding_cache] [1429/1826] vizwiz_VizWiz_val_00001783_1783
2026-08-18 00:04:43,645 INFO [refresh_grounding_cache] [1430/1826] vizwiz_VizWiz_val_00001788_1788
2026-08-18 00:04:47,110 INFO [refresh_grounding_cache] [1431/1826] vizwiz_VizWiz_val_00001791_1791
2026-08-18 00:04:52,325 INFO [refresh_grounding_cache] [1432/1826] vizwiz_VizWiz_val_00001798_1798
2026-08-18 00:04:56,207 INFO [refresh_grounding_cache] [1433/1826] vizwiz_VizWiz_val_00001802_1802
2026-08-18 00:04:59,839 INFO [refresh_grounding_cache] [1434/1826] vizwiz_VizWiz_val_00001806_1806
2026-08-18 00:05:02,813 INFO [refresh_grounding_cache] [1435/1826] vizwiz_VizWiz_val_00001810_1810
2026-08-18 00:05:05,979 INFO [refresh_grounding_cache] [1436/1826] vizwiz_VizWiz_val_00001813_1813
2026-08-18 00:05:10,161 INFO [refresh_grounding_cache] [1437/1826] vizwiz_VizWiz_val_00001814_1814
2026-08-18 00:05:14,002 INFO [refresh_grounding_cache] [1438/1826] vizwiz_VizWiz_val_00001815_1815
2026-08-18 00:05:19,508 INFO [refresh_grounding_cache] [1439/1826] vizwiz_VizWiz_val_00001816_1816
2026-08-18 00:05:23,207 INFO [refresh_grounding_cache] [1440/1826] vizwiz_VizWiz_val_00001817_1817
2026-08-18 00:05:27,947 INFO [refresh_grounding_cache] [1441/1826] vizwiz_VizWiz_val_00001819_1819
2026-08-18 00:05:31,379 INFO [refresh_grounding_cache] [1442/1826] vizwiz_VizWiz_val_00001823_1823
2026-08-18 00:05:34,028 INFO [refresh_grounding_cache] [1443/1826] vizwiz_VizWiz_val_00001826_1826
2026-08-18 00:05:37,377 INFO [refresh_grounding_cache] [1444/1826] vizwiz_VizWiz_val_00001833_1833
2026-08-18 00:05:41,451 INFO [refresh_grounding_cache] [1445/1826] vizwiz_VizWiz_val_00001842_1842
2026-08-18 00:05:44,792 INFO [refresh_grounding_cache] [1446/1826] vizwiz_VizWiz_val_00001843_1843
2026-08-18 00:05:48,699 INFO [refresh_grounding_cache] [1447/1826] vizwiz_VizWiz_val_00001846_1846
2026-08-18 00:05:52,881 INFO [refresh_grounding_cache] [1448/1826] vizwiz_VizWiz_val_00001847_1847
2026-08-18 00:05:57,129 INFO [refresh_grounding_cache] [1449/1826] vizwiz_VizWiz_val_00001849_1849
2026-08-18 00:06:00,261 INFO [refresh_grounding_cache] [1450/1826] vizwiz_VizWiz_val_00001850_1850
2026-08-18 00:06:05,535 INFO [refresh_grounding_cache] [1451/1826] vizwiz_VizWiz_val_00001853_1853
2026-08-18 00:06:09,050 INFO [refresh_grounding_cache] [1452/1826] vizwiz_VizWiz_val_00001854_1854
2026-08-18 00:06:12,616 INFO [refresh_grounding_cache] [1453/1826] vizwiz_VizWiz_val_00001856_1856
2026-08-18 00:06:18,556 INFO [refresh_grounding_cache] [1454/1826] vizwiz_VizWiz_val_00001859_1859
2026-08-18 00:06:23,021 INFO [refresh_grounding_cache] [1455/1826] vizwiz_VizWiz_val_00001867_1867
2026-08-18 00:06:26,286 INFO [refresh_grounding_cache] [1456/1826] vizwiz_VizWiz_val_00001868_1868
2026-08-18 00:06:30,335 INFO [refresh_grounding_cache] [1457/1826] vizwiz_VizWiz_val_00001873_1873
2026-08-18 00:06:33,442 INFO [refresh_grounding_cache] [1458/1826] vizwiz_VizWiz_val_00001874_1874
2026-08-18 00:06:37,574 INFO [refresh_grounding_cache] [1459/1826] vizwiz_VizWiz_val_00001876_1876
2026-08-18 00:06:43,173 INFO [refresh_grounding_cache] [1460/1826] vizwiz_VizWiz_val_00001881_1881
2026-08-18 00:06:46,855 INFO [refresh_grounding_cache] [1461/1826] vizwiz_VizWiz_val_00001882_1882
2026-08-18 00:06:51,686 INFO [refresh_grounding_cache] [1462/1826] vizwiz_VizWiz_val_00001884_1884
2026-08-18 00:06:54,619 INFO [refresh_grounding_cache] [1463/1826] vizwiz_VizWiz_val_00001888_1888
2026-08-18 00:06:59,842 INFO [refresh_grounding_cache] [1464/1826] vizwiz_VizWiz_val_00001895_1895
2026-08-18 00:07:03,599 INFO [refresh_grounding_cache] [1465/1826] vizwiz_VizWiz_val_00001896_1896
2026-08-18 00:07:06,373 INFO [refresh_grounding_cache] [1466/1826] vizwiz_VizWiz_val_00001897_1897
2026-08-18 00:07:09,897 INFO [refresh_grounding_cache] [1467/1826] vizwiz_VizWiz_val_00001898_1898
2026-08-18 00:07:15,454 INFO [refresh_grounding_cache] [1468/1826] vizwiz_VizWiz_val_00001901_1901
2026-08-18 00:07:20,735 INFO [refresh_grounding_cache] [1469/1826] vizwiz_VizWiz_val_00001904_1904
2026-08-18 00:07:24,651 INFO [refresh_grounding_cache] [1470/1826] vizwiz_VizWiz_val_00001913_1913
2026-08-18 00:07:34,281 INFO [refresh_grounding_cache] [1471/1826] vizwiz_VizWiz_val_00001914_1914
2026-08-18 00:07:37,522 INFO [refresh_grounding_cache] [1472/1826] vizwiz_VizWiz_val_00001915_1915
2026-08-18 00:07:41,695 INFO [refresh_grounding_cache] [1473/1826] vizwiz_VizWiz_val_00001918_1918
2026-08-18 00:07:47,160 INFO [refresh_grounding_cache] [1474/1826] vizwiz_VizWiz_val_00001920_1920
2026-08-18 00:07:50,059 INFO [refresh_grounding_cache] [1475/1826] vizwiz_VizWiz_val_00001921_1921
2026-08-18 00:07:52,700 INFO [refresh_grounding_cache] [1476/1826] vizwiz_VizWiz_val_00001932_1932
2026-08-18 00:07:59,056 INFO [refresh_grounding_cache] [1477/1826] vizwiz_VizWiz_val_00001933_1933
2026-08-18 00:08:03,055 INFO [refresh_grounding_cache] [1478/1826] vizwiz_VizWiz_val_00001937_1937
2026-08-18 00:08:07,787 INFO [refresh_grounding_cache] [1479/1826] vizwiz_VizWiz_val_00001945_1945
2026-08-18 00:08:13,027 INFO [refresh_grounding_cache] [1480/1826] vizwiz_VizWiz_val_00001955_1955
2026-08-18 00:08:17,225 INFO [refresh_grounding_cache] [1481/1826] vizwiz_VizWiz_val_00001959_1959
2026-08-18 00:08:21,033 INFO [refresh_grounding_cache] [1482/1826] vizwiz_VizWiz_val_00001960_1960
2026-08-18 00:08:23,382 INFO [refresh_grounding_cache] [1483/1826] vizwiz_VizWiz_val_00001962_1962
2026-08-18 00:08:28,222 INFO [refresh_grounding_cache] [1484/1826] vizwiz_VizWiz_val_00001964_1964
2026-08-18 00:08:32,721 INFO [refresh_grounding_cache] [1485/1826] vizwiz_VizWiz_val_00001966_1966
2026-08-18 00:08:36,370 INFO [refresh_grounding_cache] [1486/1826] vizwiz_VizWiz_val_00001968_1968
2026-08-18 00:08:39,935 INFO [refresh_grounding_cache] [1487/1826] vizwiz_VizWiz_val_00001972_1972
2026-08-18 00:08:43,750 INFO [refresh_grounding_cache] [1488/1826] vizwiz_VizWiz_val_00001977_1977
2026-08-18 00:08:48,524 INFO [refresh_grounding_cache] [1489/1826] vizwiz_VizWiz_val_00001983_1983
2026-08-18 00:08:53,289 INFO [refresh_grounding_cache] [1490/1826] vizwiz_VizWiz_val_00001988_1988
2026-08-18 00:08:57,888 INFO [refresh_grounding_cache] [1491/1826] vizwiz_VizWiz_val_00001993_1993
2026-08-18 00:09:01,311 INFO [refresh_grounding_cache] [1492/1826] vizwiz_VizWiz_val_00002004_2004
2026-08-18 00:09:05,235 INFO [refresh_grounding_cache] [1493/1826] vizwiz_VizWiz_val_00002005_2005
2026-08-18 00:09:07,943 INFO [refresh_grounding_cache] [1494/1826] vizwiz_VizWiz_val_00002009_2009
2026-08-18 00:09:11,158 INFO [refresh_grounding_cache] [1495/1826] vizwiz_VizWiz_val_00002011_2011
2026-08-18 00:09:14,057 INFO [refresh_grounding_cache] [1496/1826] vizwiz_VizWiz_val_00002013_2013
2026-08-18 00:09:20,322 INFO [refresh_grounding_cache] [1497/1826] vizwiz_VizWiz_val_00002014_2014
2026-08-18 00:09:23,304 INFO [refresh_grounding_cache] [1498/1826] vizwiz_VizWiz_val_00002015_2015
2026-08-18 00:09:27,270 INFO [refresh_grounding_cache] [1499/1826] vizwiz_VizWiz_val_00002018_2018
2026-08-18 00:09:31,535 INFO [refresh_grounding_cache] [1500/1826] vizwiz_VizWiz_val_00002025_2025
2026-08-18 00:09:34,426 INFO [refresh_grounding_cache] [1501/1826] vizwiz_VizWiz_val_00002038_2038
2026-08-18 00:09:40,491 INFO [refresh_grounding_cache] [1502/1826] vizwiz_VizWiz_val_00002040_2040
2026-08-18 00:09:43,823 INFO [refresh_grounding_cache] [1503/1826] vizwiz_VizWiz_val_00002041_2041
2026-08-18 00:09:47,189 INFO [refresh_grounding_cache] [1504/1826] vizwiz_VizWiz_val_00002043_2043
2026-08-18 00:09:50,554 INFO [refresh_grounding_cache] [1505/1826] vizwiz_VizWiz_val_00002044_2044
2026-08-18 00:09:53,911 INFO [refresh_grounding_cache] [1506/1826] vizwiz_VizWiz_val_00002045_2045
2026-08-18 00:09:56,460 INFO [refresh_grounding_cache] [1507/1826] vizwiz_VizWiz_val_00002052_2052
2026-08-18 00:09:59,268 INFO [refresh_grounding_cache] [1508/1826] vizwiz_VizWiz_val_00002053_2053
2026-08-18 00:10:02,950 INFO [refresh_grounding_cache] [1509/1826] vizwiz_VizWiz_val_00002058_2058
2026-08-18 00:10:06,499 INFO [refresh_grounding_cache] [1510/1826] vizwiz_VizWiz_val_00002071_2071
2026-08-18 00:10:09,773 INFO [refresh_grounding_cache] [1511/1826] vizwiz_VizWiz_val_00002076_2076
2026-08-18 00:10:13,505 INFO [refresh_grounding_cache] [1512/1826] vizwiz_VizWiz_val_00002078_2078
2026-08-18 00:10:17,545 INFO [refresh_grounding_cache] [1513/1826] vizwiz_VizWiz_val_00002080_2080
2026-08-18 00:10:21,811 INFO [refresh_grounding_cache] [1514/1826] vizwiz_VizWiz_val_00002086_2086
2026-08-18 00:10:26,634 INFO [refresh_grounding_cache] [1515/1826] vizwiz_VizWiz_val_00002088_2088
2026-08-18 00:10:31,049 INFO [refresh_grounding_cache] [1516/1826] vizwiz_VizWiz_val_00002106_2106
2026-08-18 00:10:34,590 INFO [refresh_grounding_cache] [1517/1826] vizwiz_VizWiz_val_00002112_2112
2026-08-18 00:10:38,114 INFO [refresh_grounding_cache] [1518/1826] vizwiz_VizWiz_val_00002113_2113
2026-08-18 00:10:40,621 INFO [refresh_grounding_cache] [1519/1826] vizwiz_VizWiz_val_00002115_2115
2026-08-18 00:10:45,911 INFO [refresh_grounding_cache] [1520/1826] vizwiz_VizWiz_val_00002117_2117
2026-08-18 00:10:49,293 INFO [refresh_grounding_cache] [1521/1826] vizwiz_VizWiz_val_00002120_2120
2026-08-18 00:10:52,259 INFO [refresh_grounding_cache] [1522/1826] vizwiz_VizWiz_val_00002121_2121
2026-08-18 00:10:55,450 INFO [refresh_grounding_cache] [1523/1826] vizwiz_VizWiz_val_00002128_2128
2026-08-18 00:11:00,465 INFO [refresh_grounding_cache] [1524/1826] vizwiz_VizWiz_val_00002130_2130
2026-08-18 00:11:04,947 INFO [refresh_grounding_cache] [1525/1826] vizwiz_VizWiz_val_00002133_2133
2026-08-18 00:11:11,586 INFO [refresh_grounding_cache] [1526/1826] vizwiz_VizWiz_val_00002138_2138
2026-08-18 00:11:14,535 INFO [refresh_grounding_cache] [1527/1826] vizwiz_VizWiz_val_00002139_2139
2026-08-18 00:11:17,293 INFO [refresh_grounding_cache] [1528/1826] vizwiz_VizWiz_val_00002141_2141
2026-08-18 00:11:22,049 INFO [refresh_grounding_cache] [1529/1826] vizwiz_VizWiz_val_00002143_2143
2026-08-18 00:11:25,248 INFO [refresh_grounding_cache] [1530/1826] vizwiz_VizWiz_val_00002145_2145
2026-08-18 00:11:29,155 INFO [refresh_grounding_cache] [1531/1826] vizwiz_VizWiz_val_00002146_2146
2026-08-18 00:11:32,063 INFO [refresh_grounding_cache] [1532/1826] vizwiz_VizWiz_val_00002148_2148
2026-08-18 00:11:36,528 INFO [refresh_grounding_cache] [1533/1826] vizwiz_VizWiz_val_00002155_2155
2026-08-18 00:11:40,893 INFO [refresh_grounding_cache] [1534/1826] vizwiz_VizWiz_val_00002156_2156
2026-08-18 00:11:44,542 INFO [refresh_grounding_cache] [1535/1826] vizwiz_VizWiz_val_00002159_2159
2026-08-18 00:11:48,441 INFO [refresh_grounding_cache] [1536/1826] vizwiz_VizWiz_val_00002163_2163
2026-08-18 00:11:53,706 INFO [refresh_grounding_cache] [1537/1826] vizwiz_VizWiz_val_00002164_2164
2026-08-18 00:11:56,805 INFO [refresh_grounding_cache] [1538/1826] vizwiz_VizWiz_val_00002166_2166
2026-08-18 00:12:00,287 INFO [refresh_grounding_cache] [1539/1826] vizwiz_VizWiz_val_00002171_2171
2026-08-18 00:12:03,253 INFO [refresh_grounding_cache] [1540/1826] vizwiz_VizWiz_val_00002181_2181
2026-08-18 00:12:06,268 INFO [refresh_grounding_cache] [1541/1826] vizwiz_VizWiz_val_00002184_2184
2026-08-18 00:12:09,567 INFO [refresh_grounding_cache] [1542/1826] vizwiz_VizWiz_val_00002189_2189
2026-08-18 00:12:14,058 INFO [refresh_grounding_cache] [1543/1826] vizwiz_VizWiz_val_00002191_2191
2026-08-18 00:12:18,448 INFO [refresh_grounding_cache] [1544/1826] vizwiz_VizWiz_val_00002196_2196
2026-08-18 00:12:22,896 INFO [refresh_grounding_cache] [1545/1826] vizwiz_VizWiz_val_00002198_2198
2026-08-18 00:12:27,128 INFO [refresh_grounding_cache] [1546/1826] vizwiz_VizWiz_val_00002210_2210
2026-08-18 00:12:30,036 INFO [refresh_grounding_cache] [1547/1826] vizwiz_VizWiz_val_00002211_2211
2026-08-18 00:12:33,560 INFO [refresh_grounding_cache] [1548/1826] vizwiz_VizWiz_val_00002213_2213
2026-08-18 00:12:35,992 INFO [refresh_grounding_cache] [1549/1826] vizwiz_VizWiz_val_00002214_2214
2026-08-18 00:12:44,156 INFO [refresh_grounding_cache] [1550/1826] vizwiz_VizWiz_val_00002216_2216
2026-08-18 00:12:47,655 INFO [refresh_grounding_cache] [1551/1826] vizwiz_VizWiz_val_00002217_2217
2026-08-18 00:12:51,737 INFO [refresh_grounding_cache] [1552/1826] vizwiz_VizWiz_val_00002218_2218
2026-08-18 00:12:54,636 INFO [refresh_grounding_cache] [1553/1826] vizwiz_VizWiz_val_00002223_2223
2026-08-18 00:12:58,177 INFO [refresh_grounding_cache] [1554/1826] vizwiz_VizWiz_val_00002225_2225
2026-08-18 00:13:03,542 INFO [refresh_grounding_cache] [1555/1826] vizwiz_VizWiz_val_00002226_2226
2026-08-18 00:13:08,390 INFO [refresh_grounding_cache] [1556/1826] vizwiz_VizWiz_val_00002241_2241
2026-08-18 00:13:11,823 INFO [refresh_grounding_cache] [1557/1826] vizwiz_VizWiz_val_00002243_2243
2026-08-18 00:13:15,197 INFO [refresh_grounding_cache] [1558/1826] vizwiz_VizWiz_val_00002249_2249
2026-08-18 00:13:19,812 INFO [refresh_grounding_cache] [1559/1826] vizwiz_VizWiz_val_00002255_2255
2026-08-18 00:13:24,110 INFO [refresh_grounding_cache] [1560/1826] vizwiz_VizWiz_val_00002259_2259
2026-08-18 00:13:26,884 INFO [refresh_grounding_cache] [1561/1826] vizwiz_VizWiz_val_00002262_2262
2026-08-18 00:13:31,950 INFO [refresh_grounding_cache] [1562/1826] vizwiz_VizWiz_val_00002268_2268
2026-08-18 00:13:36,082 INFO [refresh_grounding_cache] [1563/1826] vizwiz_VizWiz_val_00002274_2274
2026-08-18 00:13:39,947 INFO [refresh_grounding_cache] [1564/1826] vizwiz_VizWiz_val_00002282_2282
2026-08-18 00:13:43,904 INFO [refresh_grounding_cache] [1565/1826] vizwiz_VizWiz_val_00002286_2286
2026-08-18 00:13:49,627 INFO [refresh_grounding_cache] [1566/1826] vizwiz_VizWiz_val_00002291_2291
2026-08-18 00:13:52,310 INFO [refresh_grounding_cache] [1567/1826] vizwiz_VizWiz_val_00002293_2293
2026-08-18 00:13:56,600 INFO [refresh_grounding_cache] [1568/1826] vizwiz_VizWiz_val_00002294_2294
2026-08-18 00:14:06,447 INFO [refresh_grounding_cache] [1569/1826] vizwiz_VizWiz_val_00002296_2296
2026-08-18 00:14:09,321 INFO [refresh_grounding_cache] [1570/1826] vizwiz_VizWiz_val_00002303_2303
2026-08-18 00:14:14,069 INFO [refresh_grounding_cache] [1571/1826] vizwiz_VizWiz_val_00002305_2305
2026-08-18 00:14:17,651 INFO [refresh_grounding_cache] [1572/1826] vizwiz_VizWiz_val_00002306_2306
2026-08-18 00:14:22,508 INFO [refresh_grounding_cache] [1573/1826] vizwiz_VizWiz_val_00002307_2307
2026-08-18 00:14:26,082 INFO [refresh_grounding_cache] [1574/1826] vizwiz_VizWiz_val_00002310_2310
2026-08-18 00:14:30,697 INFO [refresh_grounding_cache] [1575/1826] vizwiz_VizWiz_val_00002317_2317
2026-08-18 00:14:34,504 INFO [refresh_grounding_cache] [1576/1826] vizwiz_VizWiz_val_00002321_2321
2026-08-18 00:14:38,511 INFO [refresh_grounding_cache] [1577/1826] vizwiz_VizWiz_val_00002327_2327
2026-08-18 00:14:41,169 INFO [refresh_grounding_cache] [1578/1826] vizwiz_VizWiz_val_00002329_2329
2026-08-18 00:14:43,485 INFO [refresh_grounding_cache] [1579/1826] vizwiz_VizWiz_val_00002331_2331
2026-08-18 00:14:46,484 INFO [refresh_grounding_cache] [1580/1826] vizwiz_VizWiz_val_00002335_2335
2026-08-18 00:14:51,341 INFO [refresh_grounding_cache] [1581/1826] vizwiz_VizWiz_val_00002336_2336
2026-08-18 00:14:55,273 INFO [refresh_grounding_cache] [1582/1826] vizwiz_VizWiz_val_00002339_2339
2026-08-18 00:15:00,954 INFO [refresh_grounding_cache] [1583/1826] vizwiz_VizWiz_val_00002340_2340
2026-08-18 00:15:05,311 INFO [refresh_grounding_cache] [1584/1826] vizwiz_VizWiz_val_00002348_2348
2026-08-18 00:15:09,385 INFO [refresh_grounding_cache] [1585/1826] vizwiz_VizWiz_val_00002359_2359
2026-08-18 00:15:12,892 INFO [refresh_grounding_cache] [1586/1826] vizwiz_VizWiz_val_00002360_2360
2026-08-18 00:15:16,949 INFO [refresh_grounding_cache] [1587/1826] vizwiz_VizWiz_val_00002361_2361
2026-08-18 00:15:21,872 INFO [refresh_grounding_cache] [1588/1826] vizwiz_VizWiz_val_00002362_2362
2026-08-18 00:15:25,229 INFO [refresh_grounding_cache] [1589/1826] vizwiz_VizWiz_val_00002367_2367
2026-08-18 00:15:29,228 INFO [refresh_grounding_cache] [1590/1826] vizwiz_VizWiz_val_00002370_2370
2026-08-18 00:15:32,935 INFO [refresh_grounding_cache] [1591/1826] vizwiz_VizWiz_val_00002376_2376
2026-08-18 00:15:37,192 INFO [refresh_grounding_cache] [1592/1826] vizwiz_VizWiz_val_00002382_2382
2026-08-18 00:15:41,599 INFO [refresh_grounding_cache] [1593/1826] vizwiz_VizWiz_val_00002383_2383
2026-08-18 00:15:44,931 INFO [refresh_grounding_cache] [1594/1826] vizwiz_VizWiz_val_00002387_2387
2026-08-18 00:15:51,313 INFO [refresh_grounding_cache] [1595/1826] vizwiz_VizWiz_val_00002391_2391
2026-08-18 00:15:56,744 INFO [refresh_grounding_cache] [1596/1826] vizwiz_VizWiz_val_00002395_2395
2026-08-18 00:16:00,118 INFO [refresh_grounding_cache] [1597/1826] vizwiz_VizWiz_val_00002396_2396
2026-08-18 00:16:05,658 INFO [refresh_grounding_cache] [1598/1826] vizwiz_VizWiz_val_00002398_2398
2026-08-18 00:16:08,932 INFO [refresh_grounding_cache] [1599/1826] vizwiz_VizWiz_val_00002403_2403
2026-08-18 00:16:13,114 INFO [refresh_grounding_cache] [1600/1826] vizwiz_VizWiz_val_00002404_2404
2026-08-18 00:16:17,846 INFO [refresh_grounding_cache] [1601/1826] vizwiz_VizWiz_val_00002406_2406
2026-08-18 00:16:23,361 INFO [refresh_grounding_cache] [1602/1826] vizwiz_VizWiz_val_00002410_2410
2026-08-18 00:16:28,884 INFO [refresh_grounding_cache] [1603/1826] vizwiz_VizWiz_val_00002412_2412
2026-08-18 00:16:34,191 INFO [refresh_grounding_cache] [1604/1826] vizwiz_VizWiz_val_00002417_2417
2026-08-18 00:16:38,681 INFO [refresh_grounding_cache] [1605/1826] vizwiz_VizWiz_val_00002419_2419
2026-08-18 00:16:43,571 INFO [refresh_grounding_cache] [1606/1826] vizwiz_VizWiz_val_00002423_2423
2026-08-18 00:16:48,428 INFO [refresh_grounding_cache] [1607/1826] vizwiz_VizWiz_val_00002429_2429
2026-08-18 00:16:53,101 INFO [refresh_grounding_cache] [1608/1826] vizwiz_VizWiz_val_00002433_2433
2026-08-18 00:16:57,117 INFO [refresh_grounding_cache] [1609/1826] vizwiz_VizWiz_val_00002435_2435
2026-08-18 00:17:05,680 INFO [refresh_grounding_cache] [1610/1826] vizwiz_VizWiz_val_00002449_2449
2026-08-18 00:17:10,220 INFO [refresh_grounding_cache] [1611/1826] vizwiz_VizWiz_val_00002451_2451
2026-08-18 00:17:13,728 INFO [refresh_grounding_cache] [1612/1826] vizwiz_VizWiz_val_00002460_2460
2026-08-18 00:17:17,810 INFO [refresh_grounding_cache] [1613/1826] vizwiz_VizWiz_val_00002461_2461
2026-08-18 00:17:22,675 INFO [refresh_grounding_cache] [1614/1826] vizwiz_VizWiz_val_00002465_2465
2026-08-18 00:17:25,832 INFO [refresh_grounding_cache] [1615/1826] vizwiz_VizWiz_val_00002467_2467
2026-08-18 00:17:28,614 INFO [refresh_grounding_cache] [1616/1826] vizwiz_VizWiz_val_00002471_2471
2026-08-18 00:17:32,122 INFO [refresh_grounding_cache] [1617/1826] vizwiz_VizWiz_val_00002474_2474
2026-08-18 00:17:36,162 INFO [refresh_grounding_cache] [1618/1826] vizwiz_VizWiz_val_00002481_2481
2026-08-18 00:17:40,794 INFO [refresh_grounding_cache] [1619/1826] vizwiz_VizWiz_val_00002490_2490
2026-08-18 00:17:43,585 INFO [refresh_grounding_cache] [1620/1826] vizwiz_VizWiz_val_00002492_2492
2026-08-18 00:17:48,708 INFO [refresh_grounding_cache] [1621/1826] vizwiz_VizWiz_val_00002493_2493
2026-08-18 00:17:52,332 INFO [refresh_grounding_cache] [1622/1826] vizwiz_VizWiz_val_00002494_2494
2026-08-18 00:17:55,606 INFO [refresh_grounding_cache] [1623/1826] vizwiz_VizWiz_val_00002497_2497
2026-08-18 00:18:01,337 INFO [refresh_grounding_cache] [1624/1826] vizwiz_VizWiz_val_00002498_2498
2026-08-18 00:18:06,627 INFO [refresh_grounding_cache] [1625/1826] vizwiz_VizWiz_val_00002500_2500
2026-08-18 00:18:10,701 INFO [refresh_grounding_cache] [1626/1826] vizwiz_VizWiz_val_00002503_2503
2026-08-18 00:18:14,941 INFO [refresh_grounding_cache] [1627/1826] vizwiz_VizWiz_val_00002506_2506
2026-08-18 00:18:18,332 INFO [refresh_grounding_cache] [1628/1826] vizwiz_VizWiz_val_00002508_2508
2026-08-18 00:18:21,831 INFO [refresh_grounding_cache] [1629/1826] vizwiz_VizWiz_val_00002510_2510
2026-08-18 00:18:25,563 INFO [refresh_grounding_cache] [1630/1826] vizwiz_VizWiz_val_00002525_2525
2026-08-18 00:18:30,253 INFO [refresh_grounding_cache] [1631/1826] vizwiz_VizWiz_val_00002533_2533
2026-08-18 00:18:33,927 INFO [refresh_grounding_cache] [1632/1826] vizwiz_VizWiz_val_00002534_2534
2026-08-18 00:18:40,400 INFO [refresh_grounding_cache] [1633/1826] vizwiz_VizWiz_val_00002541_2541
2026-08-18 00:18:43,424 INFO [refresh_grounding_cache] [1634/1826] vizwiz_VizWiz_val_00002543_2543
2026-08-18 00:18:47,015 INFO [refresh_grounding_cache] [1635/1826] vizwiz_VizWiz_val_00002547_2547
2026-08-18 00:18:50,963 INFO [refresh_grounding_cache] [1636/1826] vizwiz_VizWiz_val_00002556_2556
2026-08-18 00:18:55,362 INFO [refresh_grounding_cache] [1637/1826] vizwiz_VizWiz_val_00002557_2557
2026-08-18 00:19:02,168 INFO [refresh_grounding_cache] [1638/1826] vizwiz_VizWiz_val_00002568_2568
2026-08-18 00:19:05,958 INFO [refresh_grounding_cache] [1639/1826] vizwiz_VizWiz_val_00002573_2573
2026-08-18 00:19:09,432 INFO [refresh_grounding_cache] [1640/1826] vizwiz_VizWiz_val_00002576_2576
2026-08-18 00:19:12,215 INFO [refresh_grounding_cache] [1641/1826] vizwiz_VizWiz_val_00002580_2580
2026-08-18 00:19:15,347 INFO [refresh_grounding_cache] [1642/1826] vizwiz_VizWiz_val_00002581_2581
2026-08-18 00:19:18,521 INFO [refresh_grounding_cache] [1643/1826] vizwiz_VizWiz_val_00002586_2586
2026-08-18 00:19:28,409 INFO [refresh_grounding_cache] [1644/1826] vizwiz_VizWiz_val_00002589_2589
2026-08-18 00:19:32,067 INFO [refresh_grounding_cache] [1645/1826] vizwiz_VizWiz_val_00002599_2599
2026-08-18 00:19:37,073 INFO [refresh_grounding_cache] [1646/1826] vizwiz_VizWiz_val_00002600_2600
2026-08-18 00:19:41,005 INFO [refresh_grounding_cache] [1647/1826] vizwiz_VizWiz_val_00002614_2614
2026-08-18 00:19:45,912 INFO [refresh_grounding_cache] [1648/1826] vizwiz_VizWiz_val_00002619_2619
2026-08-18 00:19:49,911 INFO [refresh_grounding_cache] [1649/1826] vizwiz_VizWiz_val_00002624_2624
2026-08-18 00:20:20,296 ERROR [refresh_grounding_cache] Grounding refresh failed for vizwiz_VizWiz_val_00002624_2624: Missing FINAL_ANSWER tag and unable to resolve valid final answer
Traceback (most recent call last):
  File "/home/aman/ProActive/scripts/refresh_grounding_cache.py", line 403, in main
    raise ValueError(observation.invalid_reason or "invalid grounding refresh")
ValueError: Missing FINAL_ANSWER tag and unable to resolve valid final answer
2026-08-18 00:20:20,296 INFO [refresh_grounding_cache] [1650/1826] vizwiz_VizWiz_val_00002631_2631
2026-08-18 00:20:24,124 INFO [refresh_grounding_cache] [1651/1826] vizwiz_VizWiz_val_00002632_2632
2026-08-18 00:20:27,540 INFO [refresh_grounding_cache] [1652/1826] vizwiz_VizWiz_val_00002633_2633
2026-08-18 00:20:33,038 INFO [refresh_grounding_cache] [1653/1826] vizwiz_VizWiz_val_00002636_2636
2026-08-18 00:20:39,127 INFO [refresh_grounding_cache] [1654/1826] vizwiz_VizWiz_val_00002638_2638
2026-08-18 00:20:42,793 INFO [refresh_grounding_cache] [1655/1826] vizwiz_VizWiz_val_00002642_2642
2026-08-18 00:20:45,717 INFO [refresh_grounding_cache] [1656/1826] vizwiz_VizWiz_val_00002645_2645
2026-08-18 00:20:49,891 INFO [refresh_grounding_cache] [1657/1826] vizwiz_VizWiz_val_00002647_2647
2026-08-18 00:20:55,539 INFO [refresh_grounding_cache] [1658/1826] vizwiz_VizWiz_val_00002648_2648
2026-08-18 00:20:59,304 INFO [refresh_grounding_cache] [1659/1826] vizwiz_VizWiz_val_00002650_2650
2026-08-18 00:21:02,737 INFO [refresh_grounding_cache] [1660/1826] vizwiz_VizWiz_val_00002654_2654
2026-08-18 00:21:06,327 INFO [refresh_grounding_cache] [1661/1826] vizwiz_VizWiz_val_00002655_2655
2026-08-18 00:21:11,400 INFO [refresh_grounding_cache] [1662/1826] vizwiz_VizWiz_val_00002659_2659
2026-08-18 00:21:14,325 INFO [refresh_grounding_cache] [1663/1826] vizwiz_VizWiz_val_00002664_2664
2026-08-18 00:21:19,156 INFO [refresh_grounding_cache] [1664/1826] vizwiz_VizWiz_val_00002676_2676
2026-08-18 00:21:22,447 INFO [refresh_grounding_cache] [1665/1826] vizwiz_VizWiz_val_00002679_2679
2026-08-18 00:21:25,746 INFO [refresh_grounding_cache] [1666/1826] vizwiz_VizWiz_val_00002680_2680
2026-08-18 00:21:29,045 INFO [refresh_grounding_cache] [1667/1826] vizwiz_VizWiz_val_00002684_2684
2026-08-18 00:21:33,610 INFO [refresh_grounding_cache] [1668/1826] vizwiz_VizWiz_val_00002694_2694
2026-08-18 00:21:41,924 INFO [refresh_grounding_cache] [1669/1826] vizwiz_VizWiz_val_00002705_2705
2026-08-18 00:21:45,414 INFO [refresh_grounding_cache] [1670/1826] vizwiz_VizWiz_val_00002711_2711
2026-08-18 00:21:48,772 INFO [refresh_grounding_cache] [1671/1826] vizwiz_VizWiz_val_00002712_2712
2026-08-18 00:21:54,020 INFO [refresh_grounding_cache] [1672/1826] vizwiz_VizWiz_val_00002717_2717
2026-08-18 00:21:59,560 INFO [refresh_grounding_cache] [1673/1826] vizwiz_VizWiz_val_00002725_2725
2026-08-18 00:22:03,683 INFO [refresh_grounding_cache] [1674/1826] vizwiz_VizWiz_val_00002732_2732
2026-08-18 00:22:06,657 INFO [refresh_grounding_cache] [1675/1826] vizwiz_VizWiz_val_00002733_2733
2026-08-18 00:22:13,280 INFO [refresh_grounding_cache] [1676/1826] vizwiz_VizWiz_val_00002736_2736
2026-08-18 00:22:18,195 INFO [refresh_grounding_cache] [1677/1826] vizwiz_VizWiz_val_00002738_2738
2026-08-18 00:22:21,994 INFO [refresh_grounding_cache] [1678/1826] vizwiz_VizWiz_val_00002740_2740
2026-08-18 00:22:24,893 INFO [refresh_grounding_cache] [1679/1826] vizwiz_VizWiz_val_00002741_2741
2026-08-18 00:22:28,992 INFO [refresh_grounding_cache] [1680/1826] vizwiz_VizWiz_val_00002743_2743
2026-08-18 00:22:31,524 INFO [refresh_grounding_cache] [1681/1826] vizwiz_VizWiz_val_00002755_2755
2026-08-18 00:22:34,615 INFO [refresh_grounding_cache] [1682/1826] vizwiz_VizWiz_val_00002765_2765
2026-08-18 00:22:37,681 INFO [refresh_grounding_cache] [1683/1826] vizwiz_VizWiz_val_00002769_2769
2026-08-18 00:22:44,320 INFO [refresh_grounding_cache] [1684/1826] vizwiz_VizWiz_val_00002770_2770
2026-08-18 00:22:48,852 INFO [refresh_grounding_cache] [1685/1826] vizwiz_VizWiz_val_00002771_2771
2026-08-18 00:22:51,851 INFO [refresh_grounding_cache] [1686/1826] vizwiz_VizWiz_val_00002778_2778
2026-08-18 00:22:57,541 INFO [refresh_grounding_cache] [1687/1826] vizwiz_VizWiz_val_00002780_2780
2026-08-18 00:23:01,948 INFO [refresh_grounding_cache] [1688/1826] vizwiz_VizWiz_val_00002782_2782
2026-08-18 00:23:06,088 INFO [refresh_grounding_cache] [1689/1826] vizwiz_VizWiz_val_00002785_2785
2026-08-18 00:23:09,546 INFO [refresh_grounding_cache] [1690/1826] vizwiz_VizWiz_val_00002792_2792
2026-08-18 00:23:12,936 INFO [refresh_grounding_cache] [1691/1826] vizwiz_VizWiz_val_00002795_2795
2026-08-18 00:23:21,033 INFO [refresh_grounding_cache] [1692/1826] vizwiz_VizWiz_val_00002799_2799
2026-08-18 00:23:25,874 INFO [refresh_grounding_cache] [1693/1826] vizwiz_VizWiz_val_00002802_2802
2026-08-18 00:23:29,389 INFO [refresh_grounding_cache] [1694/1826] vizwiz_VizWiz_val_00002806_2806
2026-08-18 00:23:32,588 INFO [refresh_grounding_cache] [1695/1826] vizwiz_VizWiz_val_00002811_2811
2026-08-18 00:23:37,045 INFO [refresh_grounding_cache] [1696/1826] vizwiz_VizWiz_val_00002815_2815
2026-08-18 00:23:40,802 INFO [refresh_grounding_cache] [1697/1826] vizwiz_VizWiz_val_00002816_2816
2026-08-18 00:23:44,967 INFO [refresh_grounding_cache] [1698/1826] vizwiz_VizWiz_val_00002817_2817
2026-08-18 00:23:48,858 INFO [refresh_grounding_cache] [1699/1826] vizwiz_VizWiz_val_00002822_2822
2026-08-18 00:23:52,898 INFO [refresh_grounding_cache] [1700/1826] vizwiz_VizWiz_val_00002830_2830
2026-08-18 00:23:56,522 INFO [refresh_grounding_cache] [1701/1826] vizwiz_VizWiz_val_00002832_2832
2026-08-18 00:24:01,654 INFO [refresh_grounding_cache] [1702/1826] vizwiz_VizWiz_val_00002833_2833
2026-08-18 00:24:06,836 INFO [refresh_grounding_cache] [1703/1826] vizwiz_VizWiz_val_00002835_2835
2026-08-18 00:24:11,176 INFO [refresh_grounding_cache] [1704/1826] vizwiz_VizWiz_val_00002836_2836
2026-08-18 00:24:16,666 INFO [refresh_grounding_cache] [1705/1826] vizwiz_VizWiz_val_00002846_2846
2026-08-18 00:24:20,681 INFO [refresh_grounding_cache] [1706/1826] vizwiz_VizWiz_val_00002847_2847
2026-08-18 00:24:23,414 INFO [refresh_grounding_cache] [1707/1826] vizwiz_VizWiz_val_00002852_2852
2026-08-18 00:24:27,796 INFO [refresh_grounding_cache] [1708/1826] vizwiz_VizWiz_val_00002853_2853
2026-08-18 00:24:32,102 INFO [refresh_grounding_cache] [1709/1826] vizwiz_VizWiz_val_00002862_2862
2026-08-18 00:24:35,410 INFO [refresh_grounding_cache] [1710/1826] vizwiz_VizWiz_val_00002865_2865
2026-08-18 00:24:41,658 INFO [refresh_grounding_cache] [1711/1826] vizwiz_VizWiz_val_00002870_2870
2026-08-18 00:24:45,690 INFO [refresh_grounding_cache] [1712/1826] vizwiz_VizWiz_val_00002876_2876
2026-08-18 00:24:49,122 INFO [refresh_grounding_cache] [1713/1826] vizwiz_VizWiz_val_00002884_2884
2026-08-18 00:24:53,637 INFO [refresh_grounding_cache] [1714/1826] vizwiz_VizWiz_val_00002886_2886
2026-08-18 00:24:57,586 INFO [refresh_grounding_cache] [1715/1826] vizwiz_VizWiz_val_00002890_2890
2026-08-18 00:25:02,568 INFO [refresh_grounding_cache] [1716/1826] vizwiz_VizWiz_val_00002892_2892
2026-08-18 00:25:05,483 INFO [refresh_grounding_cache] [1717/1826] vizwiz_VizWiz_val_00002896_2896
2026-08-18 00:25:09,665 INFO [refresh_grounding_cache] [1718/1826] vizwiz_VizWiz_val_00002902_2902
2026-08-18 00:25:14,897 INFO [refresh_grounding_cache] [1719/1826] vizwiz_VizWiz_val_00002922_2922
2026-08-18 00:25:18,088 INFO [refresh_grounding_cache] [1720/1826] vizwiz_VizWiz_val_00002924_2924
2026-08-18 00:25:22,553 INFO [refresh_grounding_cache] [1721/1826] vizwiz_VizWiz_val_00002929_2929
2026-08-18 00:25:28,051 INFO [refresh_grounding_cache] [1722/1826] vizwiz_VizWiz_val_00002937_2937
2026-08-18 00:25:31,858 INFO [refresh_grounding_cache] [1723/1826] vizwiz_VizWiz_val_00002941_2941
2026-08-18 00:25:37,848 INFO [refresh_grounding_cache] [1724/1826] vizwiz_VizWiz_val_00002946_2946
2026-08-18 00:25:41,447 INFO [refresh_grounding_cache] [1725/1826] vizwiz_VizWiz_val_00002948_2948
2026-08-18 00:25:47,911 INFO [refresh_grounding_cache] [1726/1826] vizwiz_VizWiz_val_00002950_2950
2026-08-18 00:25:50,311 INFO [refresh_grounding_cache] [1727/1826] vizwiz_VizWiz_val_00002955_2955
2026-08-18 00:25:54,226 INFO [refresh_grounding_cache] [1728/1826] vizwiz_VizWiz_val_00002956_2956
2026-08-18 00:25:58,258 INFO [refresh_grounding_cache] [1729/1826] vizwiz_VizWiz_val_00002957_2957
2026-08-18 00:26:02,965 INFO [refresh_grounding_cache] [1730/1826] vizwiz_VizWiz_val_00002961_2961
2026-08-18 00:26:06,430 INFO [refresh_grounding_cache] [1731/1826] vizwiz_VizWiz_val_00002962_2962
2026-08-18 00:26:09,621 INFO [refresh_grounding_cache] [1732/1826] vizwiz_VizWiz_val_00002964_2964
2026-08-18 00:26:13,278 INFO [refresh_grounding_cache] [1733/1826] vizwiz_VizWiz_val_00002973_2973
2026-08-18 00:26:17,852 INFO [refresh_grounding_cache] [1734/1826] vizwiz_VizWiz_val_00002975_2975
2026-08-18 00:26:21,842 INFO [refresh_grounding_cache] [1735/1826] vizwiz_VizWiz_val_00002979_2979
2026-08-18 00:26:26,465 INFO [refresh_grounding_cache] [1736/1826] vizwiz_VizWiz_val_00002980_2980
2026-08-18 00:26:29,281 INFO [refresh_grounding_cache] [1737/1826] vizwiz_VizWiz_val_00002990_2990
2026-08-18 00:26:32,372 INFO [refresh_grounding_cache] [1738/1826] vizwiz_VizWiz_val_00002991_2991
2026-08-18 00:26:37,004 INFO [refresh_grounding_cache] [1739/1826] vizwiz_VizWiz_val_00002997_2997
2026-08-18 00:26:42,485 INFO [refresh_grounding_cache] [1740/1826] vizwiz_VizWiz_val_00002998_2998
2026-08-18 00:26:47,658 INFO [refresh_grounding_cache] [1741/1826] vsr_2_2
2026-08-18 00:26:51,399 INFO [refresh_grounding_cache] [1742/1826] vsr_7_7
2026-08-18 00:26:54,781 INFO [refresh_grounding_cache] [1743/1826] vsr_28_28
2026-08-18 00:26:59,396 INFO [refresh_grounding_cache] [1744/1826] vsr_34_34
2026-08-18 00:27:02,212 INFO [refresh_grounding_cache] [1745/1826] vsr_37_37
2026-08-18 00:27:07,119 INFO [refresh_grounding_cache] [1746/1826] vsr_42_42
2026-08-18 00:27:10,501 INFO [refresh_grounding_cache] [1747/1826] vsr_43_43
2026-08-18 00:27:15,016 INFO [refresh_grounding_cache] [1748/1826] vsr_46_46
2026-08-18 00:27:18,115 INFO [refresh_grounding_cache] [1749/1826] vsr_48_48
2026-08-18 00:27:23,289 INFO [refresh_grounding_cache] [1750/1826] vsr_52_52
2026-08-18 00:27:27,104 INFO [refresh_grounding_cache] [1751/1826] vsr_61_61
2026-08-18 00:27:31,211 INFO [refresh_grounding_cache] [1752/1826] vsr_62_62
2026-08-18 00:27:34,193 INFO [refresh_grounding_cache] [1753/1826] vsr_66_66
2026-08-18 00:27:38,759 INFO [refresh_grounding_cache] [1754/1826] vsr_67_67
2026-08-18 00:27:43,041 INFO [refresh_grounding_cache] [1755/1826] vsr_69_69
2026-08-18 00:27:46,639 INFO [refresh_grounding_cache] [1756/1826] vsr_75_75
2026-08-18 00:27:49,613 INFO [refresh_grounding_cache] [1757/1826] vsr_77_77
2026-08-18 00:27:52,746 INFO [refresh_grounding_cache] [1758/1826] vsr_79_79
2026-08-18 00:27:57,153 INFO [refresh_grounding_cache] [1759/1826] vsr_80_80
2026-08-18 00:28:03,793 INFO [refresh_grounding_cache] [1760/1826] vsr_81_81
2026-08-18 00:28:07,791 INFO [refresh_grounding_cache] [1761/1826] vsr_89_89
2026-08-18 00:28:10,407 INFO [refresh_grounding_cache] [1762/1826] vsr_90_90
2026-08-18 00:28:14,647 INFO [refresh_grounding_cache] [1763/1826] vsr_91_91
2026-08-18 00:28:17,996 INFO [refresh_grounding_cache] [1764/1826] vsr_92_92
2026-08-18 00:28:21,062 INFO [refresh_grounding_cache] [1765/1826] vsr_102_102
2026-08-18 00:28:25,985 INFO [refresh_grounding_cache] [1766/1826] vsr_103_103
2026-08-18 00:28:30,250 INFO [refresh_grounding_cache] [1767/1826] vsr_105_105
2026-08-18 00:28:33,358 INFO [refresh_grounding_cache] [1768/1826] vsr_109_109
2026-08-18 00:28:38,773 INFO [refresh_grounding_cache] [1769/1826] vsr_118_118
2026-08-18 00:28:42,272 INFO [refresh_grounding_cache] [1770/1826] vsr_121_121
2026-08-18 00:28:47,270 INFO [refresh_grounding_cache] [1771/1826] vsr_122_122
2026-08-18 00:28:51,752 INFO [refresh_grounding_cache] [1772/1826] vsr_127_127
2026-08-18 00:28:54,635 INFO [refresh_grounding_cache] [1773/1826] vsr_131_131
2026-08-18 00:29:01,766 INFO [refresh_grounding_cache] [1774/1826] vsr_134_134
2026-08-18 00:29:07,172 INFO [refresh_grounding_cache] [1775/1826] vsr_139_139
2026-08-18 00:29:11,687 INFO [refresh_grounding_cache] [1776/1826] vsr_145_145
2026-08-18 00:29:15,553 INFO [refresh_grounding_cache] [1777/1826] vsr_147_147
2026-08-18 00:29:18,802 INFO [refresh_grounding_cache] [1778/1826] vsr_149_149
2026-08-18 00:29:21,709 INFO [refresh_grounding_cache] [1779/1826] vsr_153_153
2026-08-18 00:29:24,267 INFO [refresh_grounding_cache] [1780/1826] vsr_156_156
2026-08-18 00:29:27,416 INFO [refresh_grounding_cache] [1781/1826] vsr_158_158
2026-08-18 00:29:32,306 INFO [refresh_grounding_cache] [1782/1826] vsr_163_163
2026-08-18 00:29:37,396 INFO [refresh_grounding_cache] [1783/1826] vsr_165_165
2026-08-18 00:29:41,161 INFO [refresh_grounding_cache] [1784/1826] vsr_167_167
2026-08-18 00:29:45,960 INFO [refresh_grounding_cache] [1785/1826] vsr_169_169
2026-08-18 00:29:50,342 INFO [refresh_grounding_cache] [1786/1826] vsr_173_173
2026-08-18 00:29:58,364 INFO [refresh_grounding_cache] [1787/1826] vsr_175_175
2026-08-18 00:30:02,779 INFO [refresh_grounding_cache] [1788/1826] vsr_183_183
2026-08-18 00:30:06,686 INFO [refresh_grounding_cache] [1789/1826] vsr_185_185
2026-08-18 00:30:11,401 INFO [refresh_grounding_cache] [1790/1826] vsr_193_193
2026-08-18 00:30:16,408 INFO [refresh_grounding_cache] [1791/1826] vsr_195_195
2026-08-18 00:30:19,382 INFO [refresh_grounding_cache] [1792/1826] vsr_197_197
2026-08-18 00:30:24,222 INFO [refresh_grounding_cache] [1793/1826] vsr_200_200
2026-08-18 00:30:27,346 INFO [refresh_grounding_cache] [1794/1826] vsr_201_201
2026-08-18 00:30:34,344 INFO [refresh_grounding_cache] [1795/1826] vsr_208_208
2026-08-18 00:30:39,234 INFO [refresh_grounding_cache] [1796/1826] vsr_209_209
2026-08-18 00:30:42,591 INFO [refresh_grounding_cache] [1797/1826] vsr_210_210
2026-08-18 00:30:45,165 INFO [refresh_grounding_cache] [1798/1826] vsr_212_212
2026-08-18 00:30:48,931 INFO [refresh_grounding_cache] [1799/1826] vsr_213_213
2026-08-18 00:30:52,088 INFO [refresh_grounding_cache] [1800/1826] vsr_217_217
2026-08-18 00:30:55,654 INFO [refresh_grounding_cache] [1801/1826] vsr_226_226
2026-08-18 00:31:01,118 INFO [refresh_grounding_cache] [1802/1826] vsr_236_236
2026-08-18 00:31:04,184 INFO [refresh_grounding_cache] [1803/1826] vsr_239_239
2026-08-18 00:31:10,524 INFO [refresh_grounding_cache] [1804/1826] vsr_248_248
2026-08-18 00:31:13,681 INFO [refresh_grounding_cache] [1805/1826] vsr_251_251
2026-08-18 00:31:21,412 INFO [refresh_grounding_cache] [1806/1826] vsr_252_252
2026-08-18 00:31:24,902 INFO [refresh_grounding_cache] [1807/1826] vsr_254_254
2026-08-18 00:31:28,751 INFO [refresh_grounding_cache] [1808/1826] vsr_258_258
2026-08-18 00:31:33,391 INFO [refresh_grounding_cache] [1809/1826] vsr_264_264
2026-08-18 00:31:36,432 INFO [refresh_grounding_cache] [1810/1826] vsr_265_265
2026-08-18 00:31:39,856 INFO [refresh_grounding_cache] [1811/1826] vsr_267_267
2026-08-18 00:31:48,095 INFO [refresh_grounding_cache] [1812/1826] vsr_294_294
2026-08-18 00:31:54,085 INFO [refresh_grounding_cache] [1813/1826] vsr_295_295
2026-08-18 00:31:57,792 INFO [refresh_grounding_cache] [1814/1826] vsr_302_302
2026-08-18 00:32:02,515 INFO [refresh_grounding_cache] [1815/1826] vsr_304_304
2026-08-18 00:32:05,023 INFO [refresh_grounding_cache] [1816/1826] vsr_305_305
2026-08-18 00:32:07,805 INFO [refresh_grounding_cache] [1817/1826] vsr_306_306
2026-08-18 00:32:12,720 INFO [refresh_grounding_cache] [1818/1826] vsr_307_307
2026-08-18 00:32:16,994 INFO [refresh_grounding_cache] [1819/1826] vsr_312_312
2026-08-18 00:32:21,326 INFO [refresh_grounding_cache] [1820/1826] vsr_313_313
2026-08-18 00:32:26,399 INFO [refresh_grounding_cache] [1821/1826] vsr_323_323
2026-08-18 00:32:29,215 INFO [refresh_grounding_cache] [1822/1826] vsr_327_327
2026-08-18 00:32:34,472 INFO [refresh_grounding_cache] [1823/1826] vsr_328_328
2026-08-18 00:32:37,262 INFO [refresh_grounding_cache] [1824/1826] vsr_329_329
2026-08-18 00:32:42,036 INFO [refresh_grounding_cache] [1825/1826] vsr_333_333
2026-08-18 00:32:46,802 INFO [refresh_grounding_cache] [1826/1826] vsr_338_338
2026-08-18 00:32:51,027 INFO [refresh_grounding_cache] Refresh finished in 8572.2s with 6 failures
