Physical GPU 1 accepted in shared mode: 9898 MiB free, utilization 0%.
Existing compute processes on GPU 1 are left untouched:
GPU-ddc1c20b-e243-491e-f321-15cc383d5765, 1439280, 18974
GPU-ddc1c20b-e243-491e-f321-15cc383d5765, 1439808, 19780
Previously recorded conservative GPU seconds: 18426
Approved GPU seconds remaining: 10374
Materializing approval-bound configs and feature manifests.
{
  "format_version": "week8_ablation_config_bundle_v1",
  "status": "APPROVED",
  "week8_config_sha256": "59748c18da7375db6140f05d6c5ec2670c6ce19eeb25b5931e94868ffe7d9cf6",
  "base_diag_config_sha256": "0293d3bdbcd91299f7f4ec0e501917e2d40bfcc40b2a33d5591f0ac0330f3d74",
  "base_policy_config_sha256": "33e88aa1bbc4dbaa47309015be7e6e188523dcdf5416cf64d1703aa4c442c9eb",
  "ablations": [
    "no_budget_embedding",
    "no_answer_flip",
    "no_confidence_shift",
    "no_semantic_match",
    "no_relation_probe",
    "no_signature_regression",
    "shared_vs_independent_heads"
  ],
  "artifacts": [
    {
      "path": "outputs/week8_data/ablation_configs/no_budget_embedding_diag.yaml",
      "sha256": "db49257f77a2e5e6b39c2ea7ea27f06714d3cb6b6458455ca3e2d3452c9af00b"
    },
    {
      "path": "outputs/week8_data/ablation_configs/no_budget_embedding_policy.yaml",
      "sha256": "23ea1ace96a7c7bbcc65edb853575319f0c61a96d457fd25d666861b7f0b6ebc"
    },
    {
      "path": "outputs/week8_data/ablation_configs/no_answer_flip_diag.yaml",
      "sha256": "fbdbea18d6f76e344772a5d68ba6d67dca78397a1eec7b153ad2b9c1783357d5"
    },
    {
      "path": "outputs/week8_data/ablation_configs/no_answer_flip_policy.yaml",
      "sha256": "0bbb0d0629d34962ccc8450e8797674af2950efb8add1211aef133b2975cb9cb"
    },
    {
      "path": "outputs/week8_data/ablation_configs/no_confidence_shift_diag.yaml",
      "sha256": "9ab87a57416ae24e1466dab6b8d38c1ee9d828219b17f28d64de99f4b252ef2a"
    },
    {
      "path": "outputs/week8_data/ablation_configs/no_confidence_shift_policy.yaml",
      "sha256": "91e88172a663223bb54cda2e3422945b0a3d66f139e83886819fd68c18448e88"
    },
    {
      "path": "outputs/week8_data/ablation_configs/no_semantic_match_diag.yaml",
      "sha256": "0faeb26065320ae2308462e480c3ac64e50c1f2937205babb1bb2d24def55f76"
    },
    {
      "path": "outputs/week8_data/ablation_configs/no_semantic_match_policy.yaml",
      "sha256": "0bf6c600963d1002b722e72e84e95315e8554248f5e1ffaad1b79d86c9f090a8"
    },
    {
      "path": "outputs/week8_data/ablation_configs/no_relation_probe_diag.yaml",
      "sha256": "40a0b8bbfe15091afadd165a90bf19eabeee6d40092120cf7568335fe4971e21"
    },
    {
      "path": "outputs/week8_data/ablation_configs/no_relation_probe_policy.yaml",
      "sha256": "6bca10d636ecc049defad77ca60a03391ab20fce0e76ef4ed0f1b17c652b67ce"
    },
    {
      "path": "outputs/week8_data/ablation_configs/no_signature_regression_diag.yaml",
      "sha256": "58262427a826d57bc490099d38663e68309e9a6d3bba9d13b4c2f75f1e181ac6"
    },
    {
      "path": "outputs/week8_data/ablation_configs/no_signature_regression_policy.yaml",
      "sha256": "727feb86a929eda47a5f6009c3872b659bacd931cab2e8ec5e81e33e76a6a78f"
    },
    {
      "path": "outputs/week8_data/ablation_configs/shared_vs_independent_heads_diag.yaml",
      "sha256": "4240f23d700bd50a1ccc30aea2391143b820254edc186882a64d145bb637f133"
    },
    {
      "path": "outputs/week8_data/ablation_configs/shared_vs_independent_heads_policy.yaml",
      "sha256": "9aa3b19f12e0752cfbbaa17800ca45e70d4c6e13bf35b3b32e58594956fe6ea5"
    }
  ],
  "calibration_used": false,
  "test_used": false,
  "report_sha256": "d06d49b55e0074de8aceab3f1211fd2f9b8e338dfcea0fc56fe9822a21157390"
}
{
  "ablation_id": "no_answer_flip",
  "config_path": "configs/experiments/diag_bakeoff.yaml",
  "config_sha256": "0293d3bdbcd91299f7f4ec0e501917e2d40bfcc40b2a33d5591f0ac0330f3d74",
  "files": [
    {
      "path": "states_gemma4_e4b_all_all_shard00-of-04__cal.pt",
      "row_count": 5311,
      "sha256": "3df1e24d82b0f45d78e109c9d32081ef972e57180d1c4021f4e542e6dc194562",
      "source_path": "outputs/week5_data/states_gemma4_e4b_all_all_shard00-of-04__cal.pt",
      "source_sha256": "f3dfbfef0955cf2eeb053ee2d0a330046e783f23c8eea20dd8a5627947abf0db",
      "split": "cal"
    },
    {
      "path": "states_gemma4_e4b_all_all_shard00-of-04__test.pt",
      "row_count": 4900,
      "sha256": "0059e7e124801c845cc397b072b1011bf658ed7d0c8e4d25969e1060080bdb9d",
      "source_path": "outputs/week5_data/states_gemma4_e4b_all_all_shard00-of-04__test.pt",
      "source_sha256": "37b38fabebf5f3c2899dd6f2fb88f74d92bd9a2cce30c9dd2ed3f876c8e76b45",
      "split": "test"
    },
    {
      "path": "states_gemma4_e4b_all_all_shard00-of-04__train.pt",
      "row_count": 34037,
      "sha256": "b48f739b8ea96a237f073ee4462a204d6d27b67b6481b26e9ca6b484a4cc09f7",
      "source_path": "outputs/week5_data/states_gemma4_e4b_all_all_shard00-of-04__train.pt",
      "source_sha256": "486d9b0432227b6e3688f822fb2ce64b1f9edbddc33f0fb9822a58c0ed47bd82",
      "split": "train"
    },
    {
      "path": "states_gemma4_e4b_all_all_shard00-of-04__val.pt",
      "row_count": 4667,
      "sha256": "c1e9f23269fe1ee571c29dd65d20ce1778e98e2d3096e18c90c739980479d4b5",
      "source_path": "outputs/week5_data/states_gemma4_e4b_all_all_shard00-of-04__val.pt",
      "source_sha256": "cdbe0ff562c040eeb88cc868e207ffd3534f9ab5d1f71f03fef55ace34e3e1d3",
      "split": "val"
    },
    {
      "path": "states_gemma4_e4b_all_all_shard01-of-04__cal.pt",
      "row_count": 5419,
      "sha256": "25f69c98309c952b90b99922b339eeb09019cdc7d9031e75ae58ceb71930d83c",
      "source_path": "outputs/week5_data/states_gemma4_e4b_all_all_shard01-of-04__cal.pt",
      "source_sha256": "0efb68f34788505707e087cf1a402dfa1df40084c904ac922e0480cc6bf42979",
      "split": "cal"
    },
    {
      "path": "states_gemma4_e4b_all_all_shard01-of-04__test.pt",
      "row_count": 5103,
      "sha256": "91a850ebd55d916d094398369ed1a5598013839b9dce67de621d11c1c77d11c7",
      "source_path": "outputs/week5_data/states_gemma4_e4b_all_all_shard01-of-04__test.pt",
      "source_sha256": "7dc9ffe47ad038a8902d560a16660e72bca2bc2d423483746f1fe2feac68611a",
      "split": "test"
    },
    {
      "path": "states_gemma4_e4b_all_all_shard01-of-04__train.pt",
      "row_count": 32284,
      "sha256": "e43cafdb32ad2ce3c399145887fcaa0e98d520f557b1efa1a6ad211ae2daa575",
      "source_path": "outputs/week5_data/states_gemma4_e4b_all_all_shard01-of-04__train.pt",
      "source_sha256": "e3fac6ba49cbdadfc0c6d2add23684e82de86155f0e6b1da9d29c386401cc830",
      "split": "train"
    },
    {
      "path": "states_gemma4_e4b_all_all_shard01-of-04__val.pt",
      "row_count": 4812,
      "sha256": "242ba73255181cf93323689001937062fefeac49293a70e34f07626940e8bda4",
      "source_path": "outputs/week5_data/states_gemma4_e4b_all_all_shard01-of-04__val.pt",
      "source_sha256": "b25598a17bee8b5780d12ecc5f86225fbc3a092375351415bb5f50a5cd12be16",
      "split": "val"
    },
    {
      "path": "states_gemma4_e4b_all_all_shard02-of-04__cal.pt",
      "row_count": 4622,
      "sha256": "d09e955fafd5ce97b7178b7e295d9cd35ceb359c25d4b7de2ccb078acf1379d2",
      "source_path": "outputs/week5_data/states_gemma4_e4b_all_all_shard02-of-04__cal.pt",
      "source_sha256": "cdf40588264f50e06465bd14d9640672e83693d4cd6abc9d9aa812169d2c87cc",
      "split": "cal"
    },
    {
      "path": "states_gemma4_e4b_all_all_shard02-of-04__test.pt",
      "row_count": 5744,
      "sha256": "447e18f944e76164ef1e70c050e95d5f4cc84de41efb19161985f8953c11adf7",
      "source_path": "outputs/week5_data/states_gemma4_e4b_all_all_shard02-of-04__test.pt",
      "source_sha256": "c80140b8c168a6ae3542303bf7bf1f87548099532703804425e619ffbe53cd64",
      "split": "test"
    },
    {
      "path": "states_gemma4_e4b_all_all_shard02-of-04__train.pt",
      "row_count": 33956,
      "sha256": "a7d94f0d7eb09fbe05c4a4adf4cdb6c1cf5b48f33994188b26377ab4dcf95611",
      "source_path": "outputs/week5_data/states_gemma4_e4b_all_all_shard02-of-04__train.pt",
      "source_sha256": "e15b6ce75be2cd77f730c7aedfd59cad07e52533e5f7def0a897d4104e15f37a",
      "split": "train"
    },
    {
      "path": "states_gemma4_e4b_all_all_shard02-of-04__val.pt",
      "row_count": 4338,
      "sha256": "bfa6c45e37bdfadadb3eb769b65a0b62e61b62f6dc412945eb6e78b17cb90815",
      "source_path": "outputs/week5_data/states_gemma4_e4b_all_all_shard02-of-04__val.pt",
      "source_sha256": "2b652077028d7535d54564a833f8969d654bfa6e9a9e90ba41f2d553ff48bbeb",
      "split": "val"
    },
    {
      "path": "states_gemma4_e4b_all_all_shard03-of-04__cal.pt",
      "row_count": 4650,
      "sha256": "54ef583d151caf753e1139d4fc5a3ee2e324235d54fddeb5bfba6440038dde04",
      "source_path": "outputs/week5_data/states_gemma4_e4b_all_all_shard03-of-04__cal.pt",
      "source_sha256": "05ef5bca55cfbd8ba4704a91903a3944158db9e585daf53039c4c7a8172b6771",
      "split": "cal"
    },
    {
      "path": "states_gemma4_e4b_all_all_shard03-of-04__test.pt",
      "row_count": 5006,
      "sha256": "acb88d557290ce1b032ef3f14bd756df3f4f11df9e087f10092d8c46822649f7",
      "source_path": "outputs/week5_data/states_gemma4_e4b_all_all_shard03-of-04__test.pt",
      "source_sha256": "1f74bdfcb041a3e363d1ef33a1b9fe6f1372e3425405dc734e768db2c3c02a5a",
      "split": "test"
    },
    {
      "path": "states_gemma4_e4b_all_all_shard03-of-04__train.pt",
      "row_count": 34570,
      "sha256": "aa513e88fe15786163dd02f34bd881d30aeea4512a734e8821dd8642e91eab1f",
      "source_path": "outputs/week5_data/states_gemma4_e4b_all_all_shard03-of-04__train.pt",
      "source_sha256": "b61855edc76e7a9bc818a68070694fc3650ab8c2c498c466a7bf858cd6a6f1c9",
      "split": "train"
    },
    {
      "path": "states_gemma4_e4b_all_all_shard03-of-04__val.pt",
      "row_count": 4867,
      "sha256": "eda5a7227846bb600afcba44fc8553f4e77e38d95dcc64c15a0bfbf0afb2ec36",
      "source_path": "outputs/week5_data/states_gemma4_e4b_all_all_shard03-of-04__val.pt",
      "source_sha256": "7a74dcdb52a30854893fe891bbefc4fa34ad9bac305b64422fbb64e7d18832e1",
      "split": "val"
    },
    {
      "path": "states_qwen3_vl_8b_all_all_shard00-of-04__cal.pt",
      "row_count": 4772,
      "sha256": "2d539ddb26bb61b67474cea61b8702a4c9dc0a365ce0276e15548768d757b9e7",
      "source_path": "outputs/week5_data/states_qwen3_vl_8b_all_all_shard00-of-04__cal.pt",
      "source_sha256": "d6e0e45d2fdf3a7e272aa8e0dd8978847e5f836939f7d5e9cca4bc89b109b055",
      "split": "cal"
    },
    {
      "path": "states_qwen3_vl_8b_all_all_shard00-of-04__test.pt",
      "row_count": 4770,
      "sha256": "685f6fe6927186bf7463234a9240b593324faed7dfe147562015401210aa81f7",
      "source_path": "outputs/week5_data/states_qwen3_vl_8b_all_all_shard00-of-04__test.pt",
      "source_sha256": "4965166bb666fa4fd868b8ad33237fa7ca0ec05517c44c89e68011aaf58b6b91",
      "split": "test"
    },
    {
      "path": "states_qwen3_vl_8b_all_all_shard00-of-04__train.pt",
      "row_count": 34756,
      "sha256": "11409090fbf1ef4d05eead491760da972c13e5fb1ab778435c4dce25c40f9a91",
      "source_path": "outputs/week5_data/states_qwen3_vl_8b_all_all_shard00-of-04__train.pt",
      "source_sha256": "603201187159dc67e9e5e95a8b69475d79cebf45fb74be93a035e3f584ef4e19",
      "split": "train"
    },
    {
      "path": "states_qwen3_vl_8b_all_all_shard00-of-04__val.pt",
      "row_count": 4299,
      "sha256": "d58dd151ce24dd8a5c8a0b864409724aa3a1880bcfa58e400f94801eb65f5ecb",
      "source_path": "outputs/week5_data/states_qwen3_vl_8b_all_all_shard00-of-04__val.pt",
      "source_sha256": "253431d08fe7ca0445d666f41562833f9d5ae3bf4936213af143e25422c449ff",
      "split": "val"
    },
    {
      "path": "states_qwen3_vl_8b_all_all_shard01-of-04__cal.pt",
      "row_count": 4907,
      "sha256": "9d129bf74323c55aac9b92aa0cfff1d186a63442d569080290bbe8c0489f3acd",
      "source_path": "outputs/week5_data/states_qwen3_vl_8b_all_all_shard01-of-04__cal.pt",
      "source_sha256": "d13fe388bb9db83d9f7075f7584bb10efe9a13be84305dbce4fbc85108c3f00b",
      "split": "cal"
    },
    {
      "path": "states_qwen3_vl_8b_all_all_shard01-of-04__test.pt",
      "row_count": 4865,
      "sha256": "4f2e3dc6f02971297f84e92555140c987fa09e18879cd3a3e252ad64dcedd2ff",
      "source_path": "outputs/week5_data/states_qwen3_vl_8b_all_all_shard01-of-04__test.pt",
      "source_sha256": "4c7b48820f865a324f037971f7689305e66182a867692434b0b0f546ad82cd08",
      "split": "test"
    },
    {
      "path": "states_qwen3_vl_8b_all_all_shard01-of-04__train.pt",
      "row_count": 33931,
      "sha256": "597081b6d1f36ce024e6302b84f0efc2bf833f18bf7b257ece7429b61eebf142",
      "source_path": "outputs/week5_data/states_qwen3_vl_8b_all_all_shard01-of-04__train.pt",
      "source_sha256": "3ea0f37bcf6f2ff9d7c46f0d0dbcd6479a3534c4584c72c832aa951f821612b0",
      "split": "train"
    },
    {
      "path": "states_qwen3_vl_8b_all_all_shard01-of-04__val.pt",
      "row_count": 4746,
      "sha256": "67ce3fab79ca6cdac6d6f4a7a9fc8886969cdb26765a325e4b39ec5bb5e7d95f",
      "source_path": "outputs/week5_data/states_qwen3_vl_8b_all_all_shard01-of-04__val.pt",
      "source_sha256": "660b618a3b80d9b845c5bc3dd891cc9411bb4f1910534f9cf1d7532b3db8f1a5",
      "split": "val"
    },
    {
      "path": "states_qwen3_vl_8b_all_all_shard02-of-04__cal.pt",
      "row_count": 4991,
      "sha256": "409c3a679c5ccc6ffcceb15a4d27b1269dfbdc428b0fe5a2c81d094811a305f2",
      "source_path": "outputs/week5_data/states_qwen3_vl_8b_all_all_shard02-of-04__cal.pt",
      "source_sha256": "8a62b4b84611eaff4a9f6379557689b5c5513df9a879fe94162f3f59aaa9ad48",
      "split": "cal"
    },
    {
      "path": "states_qwen3_vl_8b_all_all_shard02-of-04__test.pt",
      "row_count": 5082,
      "sha256": "94aa4a806a9bea976ae4e80bc3391a665bf844da1bce66f8271339824dbdd1d7",
      "source_path": "outputs/week5_data/states_qwen3_vl_8b_all_all_shard02-of-04__test.pt",
      "source_sha256": "aac27adc632460a051b2c0773ed1a4174bdd48bdcfeb1d49e21fe7ab759fdf61",
      "split": "test"
    },
    {
      "path": "states_qwen3_vl_8b_all_all_shard02-of-04__train.pt",
      "row_count": 33265,
      "sha256": "e5e96292b2bc81ca137ebcd7a0cf2b59d247f6dd44421c0a411e774239429625",
      "source_path": "outputs/week5_data/states_qwen3_vl_8b_all_all_shard02-of-04__train.pt",
      "source_sha256": "6793b40fd487e7938b9306ef957ddd4d5cf1df7cee8c2d84f9f6beb4183a6f13",
      "split": "train"
    },
    {
      "path": "states_qwen3_vl_8b_all_all_shard02-of-04__val.pt",
      "row_count": 4636,
      "sha256": "66f1763382a6b85a4b2a9272abfbe7820044a8b80f63887096c72b16e5297258",
      "source_path": "outputs/week5_data/states_qwen3_vl_8b_all_all_shard02-of-04__val.pt",
      "source_sha256": "73ab8801807e63be726cbd07f63ab175e9425997d41973a5d78d5e3bef1f7172",
      "split": "val"
    },
    {
      "path": "states_qwen3_vl_8b_all_all_shard03-of-04__cal.pt",
      "row_count": 5332,
      "sha256": "859fc09fcf86ec82d8992b95d14e25f4c3d903c8b86211b5392a1632da94ce69",
      "source_path": "outputs/week5_data/states_qwen3_vl_8b_all_all_shard03-of-04__cal.pt",
      "source_sha256": "acba70e49d72854b8038e138e1560955b1b2f9c5dd5db30421b5c127cf0983e7",
      "split": "cal"
    },
    {
      "path": "states_qwen3_vl_8b_all_all_shard03-of-04__test.pt",
      "row_count": 5999,
      "sha256": "34193f9bbb1c4ed517653eec412debe28c3a2e457113f3e441e181d6c62efafb",
      "source_path": "outputs/week5_data/states_qwen3_vl_8b_all_all_shard03-of-04__test.pt",
      "source_sha256": "af395203b35761547eb40445ef3512cd1a945326a1a3dff08a67b0df8fb226b2",
      "split": "test"
    },
    {
      "path": "states_qwen3_vl_8b_all_all_shard03-of-04__train.pt",
      "row_count": 32983,
      "sha256": "716f20b093b213f55ac02ac9d7a0351a93641e8be159119a72d482030c1c7327",
      "source_path": "outputs/week5_data/states_qwen3_vl_8b_all_all_shard03-of-04__train.pt",
      "source_sha256": "73aa47ca9be05db8df802fb4314356ccdbd9f9a9bcdfaf923071105f80a5c57f",
      "split": "train"
    },
    {
      "path": "states_qwen3_vl_8b_all_all_shard03-of-04__val.pt",
      "row_count": 5003,
      "sha256": "7d1fe5c4b0494465fbc984696f8ea9ac0195bb6174b32f9f083e99a7d1edde81",
      "source_path": "outputs/week5_data/states_qwen3_vl_8b_all_all_shard03-of-04__val.pt",
      "source_sha256": "bd84a7e75e2200928bcbe30288b913fa5ac27d27a1d2c0c79646ba5c07d2488d",
      "split": "val"
    }
  ],
  "format_version": "week5_vector_manifest_v1",
  "group_count": 7291,
  "limit": null,
  "manifest_sha256": "df86389dc542823cb302b671f5d7ceccb58d10f628f25fe0a45f9a3b850255f8",
  "model_identity_used_as_input": false,
  "seed": 42,
  "source_files": [
    {
      "path": "outputs/states_v1/states_gemma4_e4b_all_all_shard00-of-04.jsonl",
      "row_count": 48915,
      "sha256": "850469e36436d128523c2fa3d876cbea336ea1ce33408808946ccbc726a458fa"
    },
    {
      "path": "outputs/states_v1/states_gemma4_e4b_all_all_shard01-of-04.jsonl",
      "row_count": 47618,
      "sha256": "6756594128f0dc3b056852c3b904aecff933a3ac3f85276227b97625d12cc7fb"
    },
    {
      "path": "outputs/states_v1/states_gemma4_e4b_all_all_shard02-of-04.jsonl",
      "row_count": 48660,
      "sha256": "1b4cfc03de358f299d1356fe5731a4146ff389d453cf6d726c8c084a9568d90d"
    },
    {
      "path": "outputs/states_v1/states_gemma4_e4b_all_all_shard03-of-04.jsonl",
      "row_count": 49093,
      "sha256": "fdfe59204e8bb5797b03713d7ebe69fdd436471b87c697565035953d4d8e0edf"
    },
    {
      "path": "outputs/states_v1/states_qwen3_vl_8b_all_all_shard00-of-04.jsonl",
      "row_count": 48597,
      "sha256": "c24221c1c55402e59d736456dc46a215921c095aab5fb7b54d39d116254cefed"
    },
    {
      "path": "outputs/states_v1/states_qwen3_vl_8b_all_all_shard01-of-04.jsonl",
      "row_count": 48449,
      "sha256": "fa112c4a9dfb642454d2d1f9f210f914ae375ff4e1d2cd68ce14286fc7e8d35a"
    },
    {
      "path": "outputs/states_v1/states_qwen3_vl_8b_all_all_shard02-of-04.jsonl",
      "row_count": 47974,
      "sha256": "a282447d4b679ad0a4a3d3b95065ad9265e1922a77e78c3c9b9b00f418e78de6"
    },
    {
      "path": "outputs/states_v1/states_qwen3_vl_8b_all_all_shard03-of-04.jsonl",
      "row_count": 49317,
      "sha256": "fb3947cceb2cbb9a3276546d3ec70b28c9e510d7f50df9eff09bc1f6dd6b0b8f"
    }
  ],
  "source_row_count": 388623,
  "source_state_manifest_path": "outputs/week4_reports/final/state_manifest.json",
  "source_state_manifest_sha256": "cf0172e7377ff41df4d5d18bbed8bb713aaef5482a3e24a0fd28ec85a542f1a4",
  "source_vector_manifest": "outputs/week5_data/vectorized_manifest.json",
  "source_vector_manifest_sha256": "1fac2c343e57ca8b6702c4e6a282a7b86a48042a6d133ba84612b5b1c50201ae",
  "split_counts": {
    "cal": 40004,
    "test": 41469,
    "train": 269782,
    "val": 37368
  },
  "status": "COMPLETE"
}
{
  "ablation_id": "no_confidence_shift",
  "config_path": "configs/experiments/diag_bakeoff.yaml",
  "config_sha256": "0293d3bdbcd91299f7f4ec0e501917e2d40bfcc40b2a33d5591f0ac0330f3d74",
  "files": [
    {
      "path": "states_gemma4_e4b_all_all_shard00-of-04__cal.pt",
      "row_count": 5311,
      "sha256": "c8138aa99eabff4c6295b6d3b7279593c7f425c8f0e2424c25872f3ffc229f0b",
      "source_path": "outputs/week5_data/states_gemma4_e4b_all_all_shard00-of-04__cal.pt",
      "source_sha256": "f3dfbfef0955cf2eeb053ee2d0a330046e783f23c8eea20dd8a5627947abf0db",
      "split": "cal"
    },
    {
      "path": "states_gemma4_e4b_all_all_shard00-of-04__test.pt",
      "row_count": 4900,
      "sha256": "f3b9ed10bcfa8b4ed09b4b56b05d24f55b10d670bc80b6ab7e5011c8dd642958",
      "source_path": "outputs/week5_data/states_gemma4_e4b_all_all_shard00-of-04__test.pt",
      "source_sha256": "37b38fabebf5f3c2899dd6f2fb88f74d92bd9a2cce30c9dd2ed3f876c8e76b45",
      "split": "test"
    },
    {
      "path": "states_gemma4_e4b_all_all_shard00-of-04__train.pt",
      "row_count": 34037,
      "sha256": "e7d63cf5129b519e7c4a70403c432f30b506dd0d1993f028b6548531d9c3821b",
      "source_path": "outputs/week5_data/states_gemma4_e4b_all_all_shard00-of-04__train.pt",
      "source_sha256": "486d9b0432227b6e3688f822fb2ce64b1f9edbddc33f0fb9822a58c0ed47bd82",
      "split": "train"
    },
    {
      "path": "states_gemma4_e4b_all_all_shard00-of-04__val.pt",
      "row_count": 4667,
      "sha256": "0a5cdc489ff5f8c1f365900512b276602987d442eae01a268dd580bf162fb5d0",
      "source_path": "outputs/week5_data/states_gemma4_e4b_all_all_shard00-of-04__val.pt",
      "source_sha256": "cdbe0ff562c040eeb88cc868e207ffd3534f9ab5d1f71f03fef55ace34e3e1d3",
      "split": "val"
    },
    {
      "path": "states_gemma4_e4b_all_all_shard01-of-04__cal.pt",
      "row_count": 5419,
      "sha256": "e5e14197113faf599312522cc4b9894ecc28a55d360d096edf3ca6e749372909",
      "source_path": "outputs/week5_data/states_gemma4_e4b_all_all_shard01-of-04__cal.pt",
      "source_sha256": "0efb68f34788505707e087cf1a402dfa1df40084c904ac922e0480cc6bf42979",
      "split": "cal"
    },
    {
      "path": "states_gemma4_e4b_all_all_shard01-of-04__test.pt",
      "row_count": 5103,
      "sha256": "b068f6c4afd3790541e63ad3f2d104f496754858dd34dc32dbf470b734b3a201",
      "source_path": "outputs/week5_data/states_gemma4_e4b_all_all_shard01-of-04__test.pt",
      "source_sha256": "7dc9ffe47ad038a8902d560a16660e72bca2bc2d423483746f1fe2feac68611a",
      "split": "test"
    },
    {
      "path": "states_gemma4_e4b_all_all_shard01-of-04__train.pt",
      "row_count": 32284,
      "sha256": "ce088e73b92e9e427101552dc3373c879babb93dab1a678cac90ac1b804f94d8",
      "source_path": "outputs/week5_data/states_gemma4_e4b_all_all_shard01-of-04__train.pt",
      "source_sha256": "e3fac6ba49cbdadfc0c6d2add23684e82de86155f0e6b1da9d29c386401cc830",
      "split": "train"
    },
    {
      "path": "states_gemma4_e4b_all_all_shard01-of-04__val.pt",
      "row_count": 4812,
      "sha256": "fad013a5731a55f42267bc526ad5859ca6bf65b15fbb80550d4e7eca4fd3265b",
      "source_path": "outputs/week5_data/states_gemma4_e4b_all_all_shard01-of-04__val.pt",
      "source_sha256": "b25598a17bee8b5780d12ecc5f86225fbc3a092375351415bb5f50a5cd12be16",
      "split": "val"
    },
    {
      "path": "states_gemma4_e4b_all_all_shard02-of-04__cal.pt",
      "row_count": 4622,
      "sha256": "52e04ed374d26e7c062f854a6b02ddc8eef22b465635debf90afba4025e8d4d5",
      "source_path": "outputs/week5_data/states_gemma4_e4b_all_all_shard02-of-04__cal.pt",
      "source_sha256": "cdf40588264f50e06465bd14d9640672e83693d4cd6abc9d9aa812169d2c87cc",
      "split": "cal"
    },
    {
      "path": "states_gemma4_e4b_all_all_shard02-of-04__test.pt",
      "row_count": 5744,
      "sha256": "8e2ebcb17c712d49ad3c418e4385185e008eeb8d212492dc6f588b07c2662dae",
      "source_path": "outputs/week5_data/states_gemma4_e4b_all_all_shard02-of-04__test.pt",
      "source_sha256": "c80140b8c168a6ae3542303bf7bf1f87548099532703804425e619ffbe53cd64",
      "split": "test"
    },
    {
      "path": "states_gemma4_e4b_all_all_shard02-of-04__train.pt",
      "row_count": 33956,
      "sha256": "8f59a8f631c778e3b62137afa6526080b3dd79de40b0f9203e25478453a2996d",
      "source_path": "outputs/week5_data/states_gemma4_e4b_all_all_shard02-of-04__train.pt",
      "source_sha256": "e15b6ce75be2cd77f730c7aedfd59cad07e52533e5f7def0a897d4104e15f37a",
      "split": "train"
    },
    {
      "path": "states_gemma4_e4b_all_all_shard02-of-04__val.pt",
      "row_count": 4338,
      "sha256": "a1479978a321539f8b897ca4dcd2b1a4dd1e89b6aa35494ebb0e41f3171e0219",
      "source_path": "outputs/week5_data/states_gemma4_e4b_all_all_shard02-of-04__val.pt",
      "source_sha256": "2b652077028d7535d54564a833f8969d654bfa6e9a9e90ba41f2d553ff48bbeb",
      "split": "val"
    },
    {
      "path": "states_gemma4_e4b_all_all_shard03-of-04__cal.pt",
      "row_count": 4650,
      "sha256": "d76f5a2486227a4d43c6b8dc830c209e3d4f654ad75d1a674948fca7786b8834",
      "source_path": "outputs/week5_data/states_gemma4_e4b_all_all_shard03-of-04__cal.pt",
      "source_sha256": "05ef5bca55cfbd8ba4704a91903a3944158db9e585daf53039c4c7a8172b6771",
      "split": "cal"
    },
    {
      "path": "states_gemma4_e4b_all_all_shard03-of-04__test.pt",
      "row_count": 5006,
      "sha256": "a2c9880afdbb5cec22b61605b7a3b571874580ac881359027cab4eba81e059f2",
      "source_path": "outputs/week5_data/states_gemma4_e4b_all_all_shard03-of-04__test.pt",
      "source_sha256": "1f74bdfcb041a3e363d1ef33a1b9fe6f1372e3425405dc734e768db2c3c02a5a",
      "split": "test"
    },
    {
      "path": "states_gemma4_e4b_all_all_shard03-of-04__train.pt",
      "row_count": 34570,
      "sha256": "0f1187ce83099a6cf04475509a6507e980f3b7511d40f517f19f21cb72ca2c64",
      "source_path": "outputs/week5_data/states_gemma4_e4b_all_all_shard03-of-04__train.pt",
      "source_sha256": "b61855edc76e7a9bc818a68070694fc3650ab8c2c498c466a7bf858cd6a6f1c9",
      "split": "train"
    },
    {
      "path": "states_gemma4_e4b_all_all_shard03-of-04__val.pt",
      "row_count": 4867,
      "sha256": "34a1ea69b88b9153c21e0b4379f88123fa0556cb424aed07d2baf301859792a8",
      "source_path": "outputs/week5_data/states_gemma4_e4b_all_all_shard03-of-04__val.pt",
      "source_sha256": "7a74dcdb52a30854893fe891bbefc4fa34ad9bac305b64422fbb64e7d18832e1",
      "split": "val"
    },
    {
      "path": "states_qwen3_vl_8b_all_all_shard00-of-04__cal.pt",
      "row_count": 4772,
      "sha256": "ff6c5997d1bb00036c3e6a2155f0f1fa256a72fc48c2b3e192cd8105f6bb66d0",
      "source_path": "outputs/week5_data/states_qwen3_vl_8b_all_all_shard00-of-04__cal.pt",
      "source_sha256": "d6e0e45d2fdf3a7e272aa8e0dd8978847e5f836939f7d5e9cca4bc89b109b055",
      "split": "cal"
    },
    {
      "path": "states_qwen3_vl_8b_all_all_shard00-of-04__test.pt",
      "row_count": 4770,
      "sha256": "072981a66d74e07cb4cc9fb7e58f56f36e73b9655f7a19e8726428d02dbd385d",
      "source_path": "outputs/week5_data/states_qwen3_vl_8b_all_all_shard00-of-04__test.pt",
      "source_sha256": "4965166bb666fa4fd868b8ad33237fa7ca0ec05517c44c89e68011aaf58b6b91",
      "split": "test"
    },
    {
      "path": "states_qwen3_vl_8b_all_all_shard00-of-04__train.pt",
      "row_count": 34756,
      "sha256": "64408d5354bce91dcf56c8a88ced6b4384d75f14ea93b1fadb143c89eaa5289f",
      "source_path": "outputs/week5_data/states_qwen3_vl_8b_all_all_shard00-of-04__train.pt",
      "source_sha256": "603201187159dc67e9e5e95a8b69475d79cebf45fb74be93a035e3f584ef4e19",
      "split": "train"
    },
    {
      "path": "states_qwen3_vl_8b_all_all_shard00-of-04__val.pt",
      "row_count": 4299,
      "sha256": "4c32a5f41d05c0d7887763410f9bf3431d834079a92d9ad8e8ada329dc8e96ab",
      "source_path": "outputs/week5_data/states_qwen3_vl_8b_all_all_shard00-of-04__val.pt",
      "source_sha256": "253431d08fe7ca0445d666f41562833f9d5ae3bf4936213af143e25422c449ff",
      "split": "val"
    },
    {
      "path": "states_qwen3_vl_8b_all_all_shard01-of-04__cal.pt",
      "row_count": 4907,
      "sha256": "14cd48fe9441c81da6fce3f9ac87709b358bd152e6f0a9fc5f9d52d021a5b30c",
      "source_path": "outputs/week5_data/states_qwen3_vl_8b_all_all_shard01-of-04__cal.pt",
      "source_sha256": "d13fe388bb9db83d9f7075f7584bb10efe9a13be84305dbce4fbc85108c3f00b",
      "split": "cal"
    },
    {
      "path": "states_qwen3_vl_8b_all_all_shard01-of-04__test.pt",
      "row_count": 4865,
      "sha256": "18c16b1eab65013e608649c127812ebac184860b3e81325f1c70f9c79e0d2c52",
      "source_path": "outputs/week5_data/states_qwen3_vl_8b_all_all_shard01-of-04__test.pt",
      "source_sha256": "4c7b48820f865a324f037971f7689305e66182a867692434b0b0f546ad82cd08",
      "split": "test"
    },
    {
      "path": "states_qwen3_vl_8b_all_all_shard01-of-04__train.pt",
      "row_count": 33931,
      "sha256": "c4489743a86b17f2951923a954144c0d85216bc1d7a896b33ad9107558dad3ea",
      "source_path": "outputs/week5_data/states_qwen3_vl_8b_all_all_shard01-of-04__train.pt",
      "source_sha256": "3ea0f37bcf6f2ff9d7c46f0d0dbcd6479a3534c4584c72c832aa951f821612b0",
      "split": "train"
    },
    {
      "path": "states_qwen3_vl_8b_all_all_shard01-of-04__val.pt",
      "row_count": 4746,
      "sha256": "ba1339ab983358afb9f42083d7e089cacaea9b3bfa17a23fca68743dfeeeeb70",
      "source_path": "outputs/week5_data/states_qwen3_vl_8b_all_all_shard01-of-04__val.pt",
      "source_sha256": "660b618a3b80d9b845c5bc3dd891cc9411bb4f1910534f9cf1d7532b3db8f1a5",
      "split": "val"
    },
    {
      "path": "states_qwen3_vl_8b_all_all_shard02-of-04__cal.pt",
      "row_count": 4991,
      "sha256": "7f9e83184bb2ccf1def865cbf7cab4a7407caef023f73e3a89eb23ef4d47ab1d",
      "source_path": "outputs/week5_data/states_qwen3_vl_8b_all_all_shard02-of-04__cal.pt",
      "source_sha256": "8a62b4b84611eaff4a9f6379557689b5c5513df9a879fe94162f3f59aaa9ad48",
      "split": "cal"
    },
    {
      "path": "states_qwen3_vl_8b_all_all_shard02-of-04__test.pt",
      "row_count": 5082,
      "sha256": "2796586aa63be4ab120115cdab62d813d7f1c43cd8612d7569c72563e9ec5c2c",
      "source_path": "outputs/week5_data/states_qwen3_vl_8b_all_all_shard02-of-04__test.pt",
      "source_sha256": "aac27adc632460a051b2c0773ed1a4174bdd48bdcfeb1d49e21fe7ab759fdf61",
      "split": "test"
    },
    {
      "path": "states_qwen3_vl_8b_all_all_shard02-of-04__train.pt",
      "row_count": 33265,
      "sha256": "3e24a19dd166c6e284784979f8c3fc3481e5cf093b95f49e09ab4980ee90b836",
      "source_path": "outputs/week5_data/states_qwen3_vl_8b_all_all_shard02-of-04__train.pt",
      "source_sha256": "6793b40fd487e7938b9306ef957ddd4d5cf1df7cee8c2d84f9f6beb4183a6f13",
      "split": "train"
    },
    {
      "path": "states_qwen3_vl_8b_all_all_shard02-of-04__val.pt",
      "row_count": 4636,
      "sha256": "5c7d7de1bb9169262d14ed88840e2610b93dae22ff250b75029d6df4ea61234b",
      "source_path": "outputs/week5_data/states_qwen3_vl_8b_all_all_shard02-of-04__val.pt",
      "source_sha256": "73ab8801807e63be726cbd07f63ab175e9425997d41973a5d78d5e3bef1f7172",
      "split": "val"
    },
    {
      "path": "states_qwen3_vl_8b_all_all_shard03-of-04__cal.pt",
      "row_count": 5332,
      "sha256": "fa94a1f99dab51e8cab6706013106404e6b5a04d2644490fd67d97aa52a96ba2",
      "source_path": "outputs/week5_data/states_qwen3_vl_8b_all_all_shard03-of-04__cal.pt",
      "source_sha256": "acba70e49d72854b8038e138e1560955b1b2f9c5dd5db30421b5c127cf0983e7",
      "split": "cal"
    },
    {
      "path": "states_qwen3_vl_8b_all_all_shard03-of-04__test.pt",
      "row_count": 5999,
      "sha256": "383dd37ea9a2269675b36dd89402c0a187641ea5165bd2c50c2b0f6993ee4a4d",
      "source_path": "outputs/week5_data/states_qwen3_vl_8b_all_all_shard03-of-04__test.pt",
      "source_sha256": "af395203b35761547eb40445ef3512cd1a945326a1a3dff08a67b0df8fb226b2",
      "split": "test"
    },
    {
      "path": "states_qwen3_vl_8b_all_all_shard03-of-04__train.pt",
      "row_count": 32983,
      "sha256": "b4eca0b9c7bb2341556c122940421a8d5cab79a0a84b196f7a98236db7c3b21e",
      "source_path": "outputs/week5_data/states_qwen3_vl_8b_all_all_shard03-of-04__train.pt",
      "source_sha256": "73aa47ca9be05db8df802fb4314356ccdbd9f9a9bcdfaf923071105f80a5c57f",
      "split": "train"
    },
    {
      "path": "states_qwen3_vl_8b_all_all_shard03-of-04__val.pt",
      "row_count": 5003,
      "sha256": "3acec7aa80bf278806eca23f5d64fac52eaa8b3868fb6506c8e33e31d39508bb",
      "source_path": "outputs/week5_data/states_qwen3_vl_8b_all_all_shard03-of-04__val.pt",
      "source_sha256": "bd84a7e75e2200928bcbe30288b913fa5ac27d27a1d2c0c79646ba5c07d2488d",
      "split": "val"
    }
  ],
  "format_version": "week5_vector_manifest_v1",
  "group_count": 7291,
  "limit": null,
  "manifest_sha256": "80083f889cd5c921b601c883b562d8adef4facd4f15aa06c7717a6031f3fe9b3",
  "model_identity_used_as_input": false,
  "seed": 42,
  "source_files": [
    {
      "path": "outputs/states_v1/states_gemma4_e4b_all_all_shard00-of-04.jsonl",
      "row_count": 48915,
      "sha256": "850469e36436d128523c2fa3d876cbea336ea1ce33408808946ccbc726a458fa"
    },
    {
      "path": "outputs/states_v1/states_gemma4_e4b_all_all_shard01-of-04.jsonl",
      "row_count": 47618,
      "sha256": "6756594128f0dc3b056852c3b904aecff933a3ac3f85276227b97625d12cc7fb"
    },
    {
      "path": "outputs/states_v1/states_gemma4_e4b_all_all_shard02-of-04.jsonl",
      "row_count": 48660,
      "sha256": "1b4cfc03de358f299d1356fe5731a4146ff389d453cf6d726c8c084a9568d90d"
    },
    {
      "path": "outputs/states_v1/states_gemma4_e4b_all_all_shard03-of-04.jsonl",
      "row_count": 49093,
      "sha256": "fdfe59204e8bb5797b03713d7ebe69fdd436471b87c697565035953d4d8e0edf"
    },
    {
      "path": "outputs/states_v1/states_qwen3_vl_8b_all_all_shard00-of-04.jsonl",
      "row_count": 48597,
      "sha256": "c24221c1c55402e59d736456dc46a215921c095aab5fb7b54d39d116254cefed"
    },
    {
      "path": "outputs/states_v1/states_qwen3_vl_8b_all_all_shard01-of-04.jsonl",
      "row_count": 48449,
      "sha256": "fa112c4a9dfb642454d2d1f9f210f914ae375ff4e1d2cd68ce14286fc7e8d35a"
    },
    {
      "path": "outputs/states_v1/states_qwen3_vl_8b_all_all_shard02-of-04.jsonl",
      "row_count": 47974,
      "sha256": "a282447d4b679ad0a4a3d3b95065ad9265e1922a77e78c3c9b9b00f418e78de6"
    },
    {
      "path": "outputs/states_v1/states_qwen3_vl_8b_all_all_shard03-of-04.jsonl",
      "row_count": 49317,
      "sha256": "fb3947cceb2cbb9a3276546d3ec70b28c9e510d7f50df9eff09bc1f6dd6b0b8f"
    }
  ],
  "source_row_count": 388623,
  "source_state_manifest_path": "outputs/week4_reports/final/state_manifest.json",
  "source_state_manifest_sha256": "cf0172e7377ff41df4d5d18bbed8bb713aaef5482a3e24a0fd28ec85a542f1a4",
  "source_vector_manifest": "outputs/week5_data/vectorized_manifest.json",
  "source_vector_manifest_sha256": "1fac2c343e57ca8b6702c4e6a282a7b86a48042a6d133ba84612b5b1c50201ae",
  "split_counts": {
    "cal": 40004,
    "test": 41469,
    "train": 269782,
    "val": 37368
  },
  "status": "COMPLETE"
}
{
  "ablation_id": "no_semantic_match",
  "config_path": "configs/experiments/diag_bakeoff.yaml",
  "config_sha256": "0293d3bdbcd91299f7f4ec0e501917e2d40bfcc40b2a33d5591f0ac0330f3d74",
  "files": [
    {
      "path": "states_gemma4_e4b_all_all_shard00-of-04__cal.pt",
      "row_count": 5311,
      "sha256": "ddca6d4364c61695aa0e6b33c217d17ae50040fb176e1903a2a623ce027970c8",
      "source_path": "outputs/week5_data/states_gemma4_e4b_all_all_shard00-of-04__cal.pt",
      "source_sha256": "f3dfbfef0955cf2eeb053ee2d0a330046e783f23c8eea20dd8a5627947abf0db",
      "split": "cal"
    },
    {
      "path": "states_gemma4_e4b_all_all_shard00-of-04__test.pt",
      "row_count": 4900,
      "sha256": "ad803b301448ded3cd3c2f717fa2ff5284be947862e97ce9d06536974b6b9451",
      "source_path": "outputs/week5_data/states_gemma4_e4b_all_all_shard00-of-04__test.pt",
      "source_sha256": "37b38fabebf5f3c2899dd6f2fb88f74d92bd9a2cce30c9dd2ed3f876c8e76b45",
      "split": "test"
    },
    {
      "path": "states_gemma4_e4b_all_all_shard00-of-04__train.pt",
      "row_count": 34037,
      "sha256": "70c4e8014081a274b76be00bc87133db0e8fc90cda0db99214fb559e36566991",
      "source_path": "outputs/week5_data/states_gemma4_e4b_all_all_shard00-of-04__train.pt",
      "source_sha256": "486d9b0432227b6e3688f822fb2ce64b1f9edbddc33f0fb9822a58c0ed47bd82",
      "split": "train"
    },
    {
      "path": "states_gemma4_e4b_all_all_shard00-of-04__val.pt",
      "row_count": 4667,
      "sha256": "ae40a0af5268eb451100753aa12c15daddb3a73922067d5ed425739f2614f329",
      "source_path": "outputs/week5_data/states_gemma4_e4b_all_all_shard00-of-04__val.pt",
      "source_sha256": "cdbe0ff562c040eeb88cc868e207ffd3534f9ab5d1f71f03fef55ace34e3e1d3",
      "split": "val"
    },
    {
      "path": "states_gemma4_e4b_all_all_shard01-of-04__cal.pt",
      "row_count": 5419,
      "sha256": "cc6f8cc747c8b2f8a08875b6e12a0219a37a45e261290eaaaff1c1307dc52168",
      "source_path": "outputs/week5_data/states_gemma4_e4b_all_all_shard01-of-04__cal.pt",
      "source_sha256": "0efb68f34788505707e087cf1a402dfa1df40084c904ac922e0480cc6bf42979",
      "split": "cal"
    },
    {
      "path": "states_gemma4_e4b_all_all_shard01-of-04__test.pt",
      "row_count": 5103,
      "sha256": "f1ee86f43daf51c0d3cd7edffc0cb123ef5412b8b72481e105dc2e83536b2dfb",
      "source_path": "outputs/week5_data/states_gemma4_e4b_all_all_shard01-of-04__test.pt",
      "source_sha256": "7dc9ffe47ad038a8902d560a16660e72bca2bc2d423483746f1fe2feac68611a",
      "split": "test"
    },
    {
      "path": "states_gemma4_e4b_all_all_shard01-of-04__train.pt",
      "row_count": 32284,
      "sha256": "3ce8c892b6fa0e0699c8822d4271e33f6860048d169e768e517209300730b5ce",
      "source_path": "outputs/week5_data/states_gemma4_e4b_all_all_shard01-of-04__train.pt",
      "source_sha256": "e3fac6ba49cbdadfc0c6d2add23684e82de86155f0e6b1da9d29c386401cc830",
      "split": "train"
    },
    {
      "path": "states_gemma4_e4b_all_all_shard01-of-04__val.pt",
      "row_count": 4812,
      "sha256": "317cb5ce851fc8842d64dd3c96610787fa3820a00df1fc01e12195c267787b49",
      "source_path": "outputs/week5_data/states_gemma4_e4b_all_all_shard01-of-04__val.pt",
      "source_sha256": "b25598a17bee8b5780d12ecc5f86225fbc3a092375351415bb5f50a5cd12be16",
      "split": "val"
    },
    {
      "path": "states_gemma4_e4b_all_all_shard02-of-04__cal.pt",
      "row_count": 4622,
      "sha256": "d64e07483ad0eea30843135b9422437931dff13633de9f5f6b3b98c5d658788c",
      "source_path": "outputs/week5_data/states_gemma4_e4b_all_all_shard02-of-04__cal.pt",
      "source_sha256": "cdf40588264f50e06465bd14d9640672e83693d4cd6abc9d9aa812169d2c87cc",
      "split": "cal"
    },
    {
      "path": "states_gemma4_e4b_all_all_shard02-of-04__test.pt",
      "row_count": 5744,
      "sha256": "550a50d0eee2d35dc50a33206ba4965438e1e49e6c541b9f796c5438d6785637",
      "source_path": "outputs/week5_data/states_gemma4_e4b_all_all_shard02-of-04__test.pt",
      "source_sha256": "c80140b8c168a6ae3542303bf7bf1f87548099532703804425e619ffbe53cd64",
      "split": "test"
    },
    {
      "path": "states_gemma4_e4b_all_all_shard02-of-04__train.pt",
      "row_count": 33956,
      "sha256": "309286e97be43ac16770ef3ab867f1d928d0144e82d8275dd082f775f245453a",
      "source_path": "outputs/week5_data/states_gemma4_e4b_all_all_shard02-of-04__train.pt",
      "source_sha256": "e15b6ce75be2cd77f730c7aedfd59cad07e52533e5f7def0a897d4104e15f37a",
      "split": "train"
    },
    {
      "path": "states_gemma4_e4b_all_all_shard02-of-04__val.pt",
      "row_count": 4338,
      "sha256": "fb9c5898ac2c0bff8ecb68c2983d4f8187ca65eeb0fd514d46edb0c25935f154",
      "source_path": "outputs/week5_data/states_gemma4_e4b_all_all_shard02-of-04__val.pt",
      "source_sha256": "2b652077028d7535d54564a833f8969d654bfa6e9a9e90ba41f2d553ff48bbeb",
      "split": "val"
    },
    {
      "path": "states_gemma4_e4b_all_all_shard03-of-04__cal.pt",
      "row_count": 4650,
      "sha256": "6005afc4729c3932cb4d31f6067bb7cb4935f1857e63871dc16793f0220e52e1",
      "source_path": "outputs/week5_data/states_gemma4_e4b_all_all_shard03-of-04__cal.pt",
      "source_sha256": "05ef5bca55cfbd8ba4704a91903a3944158db9e585daf53039c4c7a8172b6771",
      "split": "cal"
    },
    {
      "path": "states_gemma4_e4b_all_all_shard03-of-04__test.pt",
      "row_count": 5006,
      "sha256": "75b1f6c897d2621531a7d77e6673d057ebd19ed9ae120aee8ac08c6a6a5e44fe",
      "source_path": "outputs/week5_data/states_gemma4_e4b_all_all_shard03-of-04__test.pt",
      "source_sha256": "1f74bdfcb041a3e363d1ef33a1b9fe6f1372e3425405dc734e768db2c3c02a5a",
      "split": "test"
    },
    {
      "path": "states_gemma4_e4b_all_all_shard03-of-04__train.pt",
      "row_count": 34570,
      "sha256": "3634061e2ab1355696dc966dbf23054ed2087e5ede6e0bea6090271d09c2266a",
      "source_path": "outputs/week5_data/states_gemma4_e4b_all_all_shard03-of-04__train.pt",
      "source_sha256": "b61855edc76e7a9bc818a68070694fc3650ab8c2c498c466a7bf858cd6a6f1c9",
      "split": "train"
    },
    {
      "path": "states_gemma4_e4b_all_all_shard03-of-04__val.pt",
      "row_count": 4867,
      "sha256": "b51abe0d47d96d30e0fe80df9d0f325dd93d75f8c3bea7c2d2490559c8e4bb26",
      "source_path": "outputs/week5_data/states_gemma4_e4b_all_all_shard03-of-04__val.pt",
      "source_sha256": "7a74dcdb52a30854893fe891bbefc4fa34ad9bac305b64422fbb64e7d18832e1",
      "split": "val"
    },
    {
      "path": "states_qwen3_vl_8b_all_all_shard00-of-04__cal.pt",
      "row_count": 4772,
      "sha256": "eccde1aa3ad821e8aa67b1ec604bfca30390c513fe05c40214ce4078321aa025",
      "source_path": "outputs/week5_data/states_qwen3_vl_8b_all_all_shard00-of-04__cal.pt",
      "source_sha256": "d6e0e45d2fdf3a7e272aa8e0dd8978847e5f836939f7d5e9cca4bc89b109b055",
      "split": "cal"
    },
    {
      "path": "states_qwen3_vl_8b_all_all_shard00-of-04__test.pt",
      "row_count": 4770,
      "sha256": "b32173ce5aad41a7feb570db677037468493abc00be9dc7cc6b7e0bb66203db6",
      "source_path": "outputs/week5_data/states_qwen3_vl_8b_all_all_shard00-of-04__test.pt",
      "source_sha256": "4965166bb666fa4fd868b8ad33237fa7ca0ec05517c44c89e68011aaf58b6b91",
      "split": "test"
    },
    {
      "path": "states_qwen3_vl_8b_all_all_shard00-of-04__train.pt",
      "row_count": 34756,
      "sha256": "b32349859d2bd9d356eed824228d6235f44fa6aa806675346bd0eb185d6ed28b",
      "source_path": "outputs/week5_data/states_qwen3_vl_8b_all_all_shard00-of-04__train.pt",
      "source_sha256": "603201187159dc67e9e5e95a8b69475d79cebf45fb74be93a035e3f584ef4e19",
      "split": "train"
    },
    {
      "path": "states_qwen3_vl_8b_all_all_shard00-of-04__val.pt",
      "row_count": 4299,
      "sha256": "f321b5665928cd41a94eca5005be0d42ef003950340925940267348dc4dfbe4e",
      "source_path": "outputs/week5_data/states_qwen3_vl_8b_all_all_shard00-of-04__val.pt",
      "source_sha256": "253431d08fe7ca0445d666f41562833f9d5ae3bf4936213af143e25422c449ff",
      "split": "val"
    },
    {
      "path": "states_qwen3_vl_8b_all_all_shard01-of-04__cal.pt",
      "row_count": 4907,
      "sha256": "7134ef902e588f5766621761255ad6c22d93a039d878ab406600a71e104befd8",
      "source_path": "outputs/week5_data/states_qwen3_vl_8b_all_all_shard01-of-04__cal.pt",
      "source_sha256": "d13fe388bb9db83d9f7075f7584bb10efe9a13be84305dbce4fbc85108c3f00b",
      "split": "cal"
    },
    {
      "path": "states_qwen3_vl_8b_all_all_shard01-of-04__test.pt",
      "row_count": 4865,
      "sha256": "03d0b89d61e0e52e763d18117ab10b09b8e64c210b4b98e065aae3dcdbb836fb",
      "source_path": "outputs/week5_data/states_qwen3_vl_8b_all_all_shard01-of-04__test.pt",
      "source_sha256": "4c7b48820f865a324f037971f7689305e66182a867692434b0b0f546ad82cd08",
      "split": "test"
    },
    {
      "path": "states_qwen3_vl_8b_all_all_shard01-of-04__train.pt",
      "row_count": 33931,
      "sha256": "c96162f5074b3a2ee00dd104fe51143868dfee3f3da10916f94094476a9276ed",
      "source_path": "outputs/week5_data/states_qwen3_vl_8b_all_all_shard01-of-04__train.pt",
      "source_sha256": "3ea0f37bcf6f2ff9d7c46f0d0dbcd6479a3534c4584c72c832aa951f821612b0",
      "split": "train"
    },
    {
      "path": "states_qwen3_vl_8b_all_all_shard01-of-04__val.pt",
      "row_count": 4746,
      "sha256": "d54c0e667871dfbda43c05496cd92a2442e3be53b82793aa4a6a215fd002e93d",
      "source_path": "outputs/week5_data/states_qwen3_vl_8b_all_all_shard01-of-04__val.pt",
      "source_sha256": "660b618a3b80d9b845c5bc3dd891cc9411bb4f1910534f9cf1d7532b3db8f1a5",
      "split": "val"
    },
    {
      "path": "states_qwen3_vl_8b_all_all_shard02-of-04__cal.pt",
      "row_count": 4991,
      "sha256": "bee24fcce78d6dd2be738edd0ad6e1913e7bf0e43f99f068e976f55fb2ef2f02",
      "source_path": "outputs/week5_data/states_qwen3_vl_8b_all_all_shard02-of-04__cal.pt",
      "source_sha256": "8a62b4b84611eaff4a9f6379557689b5c5513df9a879fe94162f3f59aaa9ad48",
      "split": "cal"
    },
    {
      "path": "states_qwen3_vl_8b_all_all_shard02-of-04__test.pt",
      "row_count": 5082,
      "sha256": "eeeeadab75c73c8dfd0bcd063e6038fbad73333ec450dde88bc83a00efdea815",
      "source_path": "outputs/week5_data/states_qwen3_vl_8b_all_all_shard02-of-04__test.pt",
      "source_sha256": "aac27adc632460a051b2c0773ed1a4174bdd48bdcfeb1d49e21fe7ab759fdf61",
      "split": "test"
    },
    {
      "path": "states_qwen3_vl_8b_all_all_shard02-of-04__train.pt",
      "row_count": 33265,
      "sha256": "a9b26a783f1f4cf9c07aceeb99284499a822381df6aa05c5e526e9ec2f81f3a1",
      "source_path": "outputs/week5_data/states_qwen3_vl_8b_all_all_shard02-of-04__train.pt",
      "source_sha256": "6793b40fd487e7938b9306ef957ddd4d5cf1df7cee8c2d84f9f6beb4183a6f13",
      "split": "train"
    },
    {
      "path": "states_qwen3_vl_8b_all_all_shard02-of-04__val.pt",
      "row_count": 4636,
      "sha256": "3990d355b43290356b6dbb08ad99ea6640fa917fa7abc645a83c824a128f18a6",
      "source_path": "outputs/week5_data/states_qwen3_vl_8b_all_all_shard02-of-04__val.pt",
      "source_sha256": "73ab8801807e63be726cbd07f63ab175e9425997d41973a5d78d5e3bef1f7172",
      "split": "val"
    },
    {
      "path": "states_qwen3_vl_8b_all_all_shard03-of-04__cal.pt",
      "row_count": 5332,
      "sha256": "8ccbf5226644f78abd0529cfcc8cbb9de63dbe2a6694f0840b3d81e79cf41fd2",
      "source_path": "outputs/week5_data/states_qwen3_vl_8b_all_all_shard03-of-04__cal.pt",
      "source_sha256": "acba70e49d72854b8038e138e1560955b1b2f9c5dd5db30421b5c127cf0983e7",
      "split": "cal"
    },
    {
      "path": "states_qwen3_vl_8b_all_all_shard03-of-04__test.pt",
      "row_count": 5999,
      "sha256": "3b9fd8132d39775bcd2244e2b83f247b0051570d70f25fb8841e1914515d23b1",
      "source_path": "outputs/week5_data/states_qwen3_vl_8b_all_all_shard03-of-04__test.pt",
      "source_sha256": "af395203b35761547eb40445ef3512cd1a945326a1a3dff08a67b0df8fb226b2",
      "split": "test"
    },
    {
      "path": "states_qwen3_vl_8b_all_all_shard03-of-04__train.pt",
      "row_count": 32983,
      "sha256": "695888a1cb8154237d3e874b9daf4d074a00874d5b962363092a4fab4f788734",
      "source_path": "outputs/week5_data/states_qwen3_vl_8b_all_all_shard03-of-04__train.pt",
      "source_sha256": "73aa47ca9be05db8df802fb4314356ccdbd9f9a9bcdfaf923071105f80a5c57f",
      "split": "train"
    },
    {
      "path": "states_qwen3_vl_8b_all_all_shard03-of-04__val.pt",
      "row_count": 5003,
      "sha256": "5db64251e21ec2e1a42d9a0fe09ec7efd0bddb98f67498de64fbf3975ff36642",
      "source_path": "outputs/week5_data/states_qwen3_vl_8b_all_all_shard03-of-04__val.pt",
      "source_sha256": "bd84a7e75e2200928bcbe30288b913fa5ac27d27a1d2c0c79646ba5c07d2488d",
      "split": "val"
    }
  ],
  "format_version": "week5_vector_manifest_v1",
  "group_count": 7291,
  "limit": null,
  "manifest_sha256": "e8e6069ce3ec377fbfc6338e70496e12a7951cf5013f66929a9732776e8f43d9",
  "model_identity_used_as_input": false,
  "seed": 42,
  "source_files": [
    {
      "path": "outputs/states_v1/states_gemma4_e4b_all_all_shard00-of-04.jsonl",
      "row_count": 48915,
      "sha256": "850469e36436d128523c2fa3d876cbea336ea1ce33408808946ccbc726a458fa"
    },
    {
      "path": "outputs/states_v1/states_gemma4_e4b_all_all_shard01-of-04.jsonl",
      "row_count": 47618,
      "sha256": "6756594128f0dc3b056852c3b904aecff933a3ac3f85276227b97625d12cc7fb"
    },
    {
      "path": "outputs/states_v1/states_gemma4_e4b_all_all_shard02-of-04.jsonl",
      "row_count": 48660,
      "sha256": "1b4cfc03de358f299d1356fe5731a4146ff389d453cf6d726c8c084a9568d90d"
    },
    {
      "path": "outputs/states_v1/states_gemma4_e4b_all_all_shard03-of-04.jsonl",
      "row_count": 49093,
      "sha256": "fdfe59204e8bb5797b03713d7ebe69fdd436471b87c697565035953d4d8e0edf"
    },
    {
      "path": "outputs/states_v1/states_qwen3_vl_8b_all_all_shard00-of-04.jsonl",
      "row_count": 48597,
      "sha256": "c24221c1c55402e59d736456dc46a215921c095aab5fb7b54d39d116254cefed"
    },
    {
      "path": "outputs/states_v1/states_qwen3_vl_8b_all_all_shard01-of-04.jsonl",
      "row_count": 48449,
      "sha256": "fa112c4a9dfb642454d2d1f9f210f914ae375ff4e1d2cd68ce14286fc7e8d35a"
    },
    {
      "path": "outputs/states_v1/states_qwen3_vl_8b_all_all_shard02-of-04.jsonl",
      "row_count": 47974,
      "sha256": "a282447d4b679ad0a4a3d3b95065ad9265e1922a77e78c3c9b9b00f418e78de6"
    },
    {
      "path": "outputs/states_v1/states_qwen3_vl_8b_all_all_shard03-of-04.jsonl",
      "row_count": 49317,
      "sha256": "fb3947cceb2cbb9a3276546d3ec70b28c9e510d7f50df9eff09bc1f6dd6b0b8f"
    }
  ],
  "source_row_count": 388623,
  "source_state_manifest_path": "outputs/week4_reports/final/state_manifest.json",
  "source_state_manifest_sha256": "cf0172e7377ff41df4d5d18bbed8bb713aaef5482a3e24a0fd28ec85a542f1a4",
  "source_vector_manifest": "outputs/week5_data/vectorized_manifest.json",
  "source_vector_manifest_sha256": "1fac2c343e57ca8b6702c4e6a282a7b86a48042a6d133ba84612b5b1c50201ae",
  "split_counts": {
    "cal": 40004,
    "test": 41469,
    "train": 269782,
    "val": 37368
  },
  "status": "COMPLETE"
}
{
  "ablation_id": "no_relation_probe",
  "config_path": "configs/experiments/diag_bakeoff.yaml",
  "config_sha256": "0293d3bdbcd91299f7f4ec0e501917e2d40bfcc40b2a33d5591f0ac0330f3d74",
  "files": [
    {
      "path": "states_gemma4_e4b_all_all_shard00-of-04__cal.pt",
      "row_count": 5280,
      "sha256": "797cdef124b9fc853b04081f6610f44cc86467d5c9904326c763cc666429f250",
      "source_path": "outputs/week5_data/states_gemma4_e4b_all_all_shard00-of-04__cal.pt",
      "source_sha256": "f3dfbfef0955cf2eeb053ee2d0a330046e783f23c8eea20dd8a5627947abf0db",
      "split": "cal"
    },
    {
      "path": "states_gemma4_e4b_all_all_shard00-of-04__test.pt",
      "row_count": 4900,
      "sha256": "7342867d0944247bd8563bd25a171aee5598fa8d7870ae5591a3264a9e932206",
      "source_path": "outputs/week5_data/states_gemma4_e4b_all_all_shard00-of-04__test.pt",
      "source_sha256": "37b38fabebf5f3c2899dd6f2fb88f74d92bd9a2cce30c9dd2ed3f876c8e76b45",
      "split": "test"
    },
    {
      "path": "states_gemma4_e4b_all_all_shard00-of-04__train.pt",
      "row_count": 33804,
      "sha256": "f21834ae28a12b5a6918c5170b7bdfa0a772ae57ef4317cc78346b68a9e9e49b",
      "source_path": "outputs/week5_data/states_gemma4_e4b_all_all_shard00-of-04__train.pt",
      "source_sha256": "486d9b0432227b6e3688f822fb2ce64b1f9edbddc33f0fb9822a58c0ed47bd82",
      "split": "train"
    },
    {
      "path": "states_gemma4_e4b_all_all_shard00-of-04__val.pt",
      "row_count": 4630,
      "sha256": "e09b451866350ec44b2b08655a5818e4f10c22514c95d95a2a7a43cc7c9b70e9",
      "source_path": "outputs/week5_data/states_gemma4_e4b_all_all_shard00-of-04__val.pt",
      "source_sha256": "cdbe0ff562c040eeb88cc868e207ffd3534f9ab5d1f71f03fef55ace34e3e1d3",
      "split": "val"
    },
    {
      "path": "states_gemma4_e4b_all_all_shard01-of-04__cal.pt",
      "row_count": 5409,
      "sha256": "2992c14bb83e18562404a9c86d22003bb56d419d1e01a92bb7f70191c770ee7b",
      "source_path": "outputs/week5_data/states_gemma4_e4b_all_all_shard01-of-04__cal.pt",
      "source_sha256": "0efb68f34788505707e087cf1a402dfa1df40084c904ac922e0480cc6bf42979",
      "split": "cal"
    },
    {
      "path": "states_gemma4_e4b_all_all_shard01-of-04__test.pt",
      "row_count": 5048,
      "sha256": "b88a6947beeaa167b68d513d85f27dedb55a0d643b557d681ac34f5de41db1bf",
      "source_path": "outputs/week5_data/states_gemma4_e4b_all_all_shard01-of-04__test.pt",
      "source_sha256": "7dc9ffe47ad038a8902d560a16660e72bca2bc2d423483746f1fe2feac68611a",
      "split": "test"
    },
    {
      "path": "states_gemma4_e4b_all_all_shard01-of-04__train.pt",
      "row_count": 32082,
      "sha256": "9e07e1bb60175f087ace512bdc3a5a07a6e084d354f524d1198e59987c3ad1b1",
      "source_path": "outputs/week5_data/states_gemma4_e4b_all_all_shard01-of-04__train.pt",
      "source_sha256": "e3fac6ba49cbdadfc0c6d2add23684e82de86155f0e6b1da9d29c386401cc830",
      "split": "train"
    },
    {
      "path": "states_gemma4_e4b_all_all_shard01-of-04__val.pt",
      "row_count": 4775,
      "sha256": "19bc8bfb37f4b568633a9df2f6980556941a88b5ae3d21237d744b6f2c2262de",
      "source_path": "outputs/week5_data/states_gemma4_e4b_all_all_shard01-of-04__val.pt",
      "source_sha256": "b25598a17bee8b5780d12ecc5f86225fbc3a092375351415bb5f50a5cd12be16",
      "split": "val"
    },
    {
      "path": "states_gemma4_e4b_all_all_shard02-of-04__cal.pt",
      "row_count": 4560,
      "sha256": "7e81b2d87066f22aa0fcb5434952a618f262daf016b0429e979e46200f6cbb78",
      "source_path": "outputs/week5_data/states_gemma4_e4b_all_all_shard02-of-04__cal.pt",
      "source_sha256": "cdf40588264f50e06465bd14d9640672e83693d4cd6abc9d9aa812169d2c87cc",
      "split": "cal"
    },
    {
      "path": "states_gemma4_e4b_all_all_shard02-of-04__test.pt",
      "row_count": 5730,
      "sha256": "2ed861454cf52c3bcb52b0087738eedf708d5e25ce7fb4ae5b2c38aaa69a4981",
      "source_path": "outputs/week5_data/states_gemma4_e4b_all_all_shard02-of-04__test.pt",
      "source_sha256": "c80140b8c168a6ae3542303bf7bf1f87548099532703804425e619ffbe53cd64",
      "split": "test"
    },
    {
      "path": "states_gemma4_e4b_all_all_shard02-of-04__train.pt",
      "row_count": 33735,
      "sha256": "23f7a7650c984c8bec76b2f258960de8320d2267ddc3ea1045caeb4ec2d51bb2",
      "source_path": "outputs/week5_data/states_gemma4_e4b_all_all_shard02-of-04__train.pt",
      "source_sha256": "e15b6ce75be2cd77f730c7aedfd59cad07e52533e5f7def0a897d4104e15f37a",
      "split": "train"
    },
    {
      "path": "states_gemma4_e4b_all_all_shard02-of-04__val.pt",
      "row_count": 4315,
      "sha256": "16e82b6dd2411340d1c66f5e36bf310218076619cd7c947ca7f49d38a06b5d3c",
      "source_path": "outputs/week5_data/states_gemma4_e4b_all_all_shard02-of-04__val.pt",
      "source_sha256": "2b652077028d7535d54564a833f8969d654bfa6e9a9e90ba41f2d553ff48bbeb",
      "split": "val"
    },
    {
      "path": "states_gemma4_e4b_all_all_shard03-of-04__cal.pt",
      "row_count": 4601,
      "sha256": "d4131579f627b1e76303222e29d80ab3ebae2d20d51b62889168164ce79c03a9",
      "source_path": "outputs/week5_data/states_gemma4_e4b_all_all_shard03-of-04__cal.pt",
      "source_sha256": "05ef5bca55cfbd8ba4704a91903a3944158db9e585daf53039c4c7a8172b6771",
      "split": "cal"
    },
    {
      "path": "states_gemma4_e4b_all_all_shard03-of-04__test.pt",
      "row_count": 4958,
      "sha256": "f4688930af1323e00c3496af2b9050b752040636b53164b1079ee9d6ed81d1a5",
      "source_path": "outputs/week5_data/states_gemma4_e4b_all_all_shard03-of-04__test.pt",
      "source_sha256": "1f74bdfcb041a3e363d1ef33a1b9fe6f1372e3425405dc734e768db2c3c02a5a",
      "split": "test"
    },
    {
      "path": "states_gemma4_e4b_all_all_shard03-of-04__train.pt",
      "row_count": 34284,
      "sha256": "5eb083ddc8ed8ce1b3d5e422e13ed80f05ca22c142a1f18620505bba5ce39ea1",
      "source_path": "outputs/week5_data/states_gemma4_e4b_all_all_shard03-of-04__train.pt",
      "source_sha256": "b61855edc76e7a9bc818a68070694fc3650ab8c2c498c466a7bf858cd6a6f1c9",
      "split": "train"
    },
    {
      "path": "states_gemma4_e4b_all_all_shard03-of-04__val.pt",
      "row_count": 4867,
      "sha256": "f8b1da66f0c343c82c4355db5c0bbb150892b62521c14585b2928f4ae1cc504a",
      "source_path": "outputs/week5_data/states_gemma4_e4b_all_all_shard03-of-04__val.pt",
      "source_sha256": "7a74dcdb52a30854893fe891bbefc4fa34ad9bac305b64422fbb64e7d18832e1",
      "split": "val"
    },
    {
      "path": "states_qwen3_vl_8b_all_all_shard00-of-04__cal.pt",
      "row_count": 4742,
      "sha256": "a36418e69f140b8dc7701661eb90084f88ccf2a8caf7d11bed0f841339271bec",
      "source_path": "outputs/week5_data/states_qwen3_vl_8b_all_all_shard00-of-04__cal.pt",
      "source_sha256": "d6e0e45d2fdf3a7e272aa8e0dd8978847e5f836939f7d5e9cca4bc89b109b055",
      "split": "cal"
    },
    {
      "path": "states_qwen3_vl_8b_all_all_shard00-of-04__test.pt",
      "row_count": 4761,
      "sha256": "c835991d4351fd8f1b2dc9ce94457f507e0a53202fb88e5c3637191b5bd61aa9",
      "source_path": "outputs/week5_data/states_qwen3_vl_8b_all_all_shard00-of-04__test.pt",
      "source_sha256": "4965166bb666fa4fd868b8ad33237fa7ca0ec05517c44c89e68011aaf58b6b91",
      "split": "test"
    },
    {
      "path": "states_qwen3_vl_8b_all_all_shard00-of-04__train.pt",
      "row_count": 34466,
      "sha256": "02c4508600624bfe27d1e1051466549bf549a4f9f563f32ed249e8103466c770",
      "source_path": "outputs/week5_data/states_qwen3_vl_8b_all_all_shard00-of-04__train.pt",
      "source_sha256": "603201187159dc67e9e5e95a8b69475d79cebf45fb74be93a035e3f584ef4e19",
      "split": "train"
    },
    {
      "path": "states_qwen3_vl_8b_all_all_shard00-of-04__val.pt",
      "row_count": 4287,
      "sha256": "2105bc6f2706541e155970cd39208d0bf24b623df78f30bed0b61352881a2e41",
      "source_path": "outputs/week5_data/states_qwen3_vl_8b_all_all_shard00-of-04__val.pt",
      "source_sha256": "253431d08fe7ca0445d666f41562833f9d5ae3bf4936213af143e25422c449ff",
      "split": "val"
    },
    {
      "path": "states_qwen3_vl_8b_all_all_shard01-of-04__cal.pt",
      "row_count": 4882,
      "sha256": "edc6571bdc2906790f4ddd5021d149d97c5cb2e4f2bf730b1659a39a37ae718f",
      "source_path": "outputs/week5_data/states_qwen3_vl_8b_all_all_shard01-of-04__cal.pt",
      "source_sha256": "d13fe388bb9db83d9f7075f7584bb10efe9a13be84305dbce4fbc85108c3f00b",
      "split": "cal"
    },
    {
      "path": "states_qwen3_vl_8b_all_all_shard01-of-04__test.pt",
      "row_count": 4840,
      "sha256": "c9396703196efa0cde3073470eb78281bf2529690d6f0d27b0d1d2df5b31da90",
      "source_path": "outputs/week5_data/states_qwen3_vl_8b_all_all_shard01-of-04__test.pt",
      "source_sha256": "4c7b48820f865a324f037971f7689305e66182a867692434b0b0f546ad82cd08",
      "split": "test"
    },
    {
      "path": "states_qwen3_vl_8b_all_all_shard01-of-04__train.pt",
      "row_count": 33763,
      "sha256": "8b0584e61a359915c9c8f12fd2bb64e993208460584e21a2d31f8f6048216589",
      "source_path": "outputs/week5_data/states_qwen3_vl_8b_all_all_shard01-of-04__train.pt",
      "source_sha256": "3ea0f37bcf6f2ff9d7c46f0d0dbcd6479a3534c4584c72c832aa951f821612b0",
      "split": "train"
    },
    {
      "path": "states_qwen3_vl_8b_all_all_shard01-of-04__val.pt",
      "row_count": 4734,
      "sha256": "b1e616a7469c29b92fe44ec555110dd5c2ef7d9a42f7149d844d55964c12a661",
      "source_path": "outputs/week5_data/states_qwen3_vl_8b_all_all_shard01-of-04__val.pt",
      "source_sha256": "660b618a3b80d9b845c5bc3dd891cc9411bb4f1910534f9cf1d7532b3db8f1a5",
      "split": "val"
    },
    {
      "path": "states_qwen3_vl_8b_all_all_shard02-of-04__cal.pt",
      "row_count": 4966,
      "sha256": "6759e61af69483b1e3a21d0d34409a327678639ebfd02eac7a095fe9339cd613",
      "source_path": "outputs/week5_data/states_qwen3_vl_8b_all_all_shard02-of-04__cal.pt",
      "source_sha256": "8a62b4b84611eaff4a9f6379557689b5c5513df9a879fe94162f3f59aaa9ad48",
      "split": "cal"
    },
    {
      "path": "states_qwen3_vl_8b_all_all_shard02-of-04__test.pt",
      "row_count": 5033,
      "sha256": "c94e7a98315c23bf5030522d1a9681a01f422facda84c223fa1b3b580b4428d8",
      "source_path": "outputs/week5_data/states_qwen3_vl_8b_all_all_shard02-of-04__test.pt",
      "source_sha256": "aac27adc632460a051b2c0773ed1a4174bdd48bdcfeb1d49e21fe7ab759fdf61",
      "split": "test"
    },
    {
      "path": "states_qwen3_vl_8b_all_all_shard02-of-04__train.pt",
      "row_count": 33056,
      "sha256": "9c17d10c4815d6dffb697873eec59be87959724dfa50dcbf61366545b221de7d",
      "source_path": "outputs/week5_data/states_qwen3_vl_8b_all_all_shard02-of-04__train.pt",
      "source_sha256": "6793b40fd487e7938b9306ef957ddd4d5cf1df7cee8c2d84f9f6beb4183a6f13",
      "split": "train"
    },
    {
      "path": "states_qwen3_vl_8b_all_all_shard02-of-04__val.pt",
      "row_count": 4615,
      "sha256": "fe5753070fe6d535a0c4af61799c494dcc709508f852742fe8939a13172b83e0",
      "source_path": "outputs/week5_data/states_qwen3_vl_8b_all_all_shard02-of-04__val.pt",
      "source_sha256": "73ab8801807e63be726cbd07f63ab175e9425997d41973a5d78d5e3bef1f7172",
      "split": "val"
    },
    {
      "path": "states_qwen3_vl_8b_all_all_shard03-of-04__cal.pt",
      "row_count": 5264,
      "sha256": "3ba589dcb1dc2f41dd42851a356f86d791137670b345ed56d0e20a61a7ae5cb0",
      "source_path": "outputs/week5_data/states_qwen3_vl_8b_all_all_shard03-of-04__cal.pt",
      "source_sha256": "acba70e49d72854b8038e138e1560955b1b2f9c5dd5db30421b5c127cf0983e7",
      "split": "cal"
    },
    {
      "path": "states_qwen3_vl_8b_all_all_shard03-of-04__test.pt",
      "row_count": 5965,
      "sha256": "d72f1757b07b6accf847357b6c7c5dbb531344a98728858b300ef361599b6ebf",
      "source_path": "outputs/week5_data/states_qwen3_vl_8b_all_all_shard03-of-04__test.pt",
      "source_sha256": "af395203b35761547eb40445ef3512cd1a945326a1a3dff08a67b0df8fb226b2",
      "split": "test"
    },
    {
      "path": "states_qwen3_vl_8b_all_all_shard03-of-04__train.pt",
      "row_count": 32736,
      "sha256": "4ed03d5396fe3b19dff21805c8a268c2bd61dcf22680d5c7a9990aca60945e81",
      "source_path": "outputs/week5_data/states_qwen3_vl_8b_all_all_shard03-of-04__train.pt",
      "source_sha256": "73aa47ca9be05db8df802fb4314356ccdbd9f9a9bcdfaf923071105f80a5c57f",
      "split": "train"
    },
    {
      "path": "states_qwen3_vl_8b_all_all_shard03-of-04__val.pt",
      "row_count": 4955,
      "sha256": "48e6285473bfc7cfde4d959792fb856c976be7372c1d8f68ec3ce91f4ec967d9",
      "source_path": "outputs/week5_data/states_qwen3_vl_8b_all_all_shard03-of-04__val.pt",
      "source_sha256": "bd84a7e75e2200928bcbe30288b913fa5ac27d27a1d2c0c79646ba5c07d2488d",
      "split": "val"
    }
  ],
  "format_version": "week5_vector_manifest_v1",
  "group_count": 7291,
  "limit": null,
  "manifest_sha256": "4e476df66af41927a7c340c2eecedbb7e0849d81e50d8ed633fc8e0b677ee41c",
  "model_identity_used_as_input": false,
  "seed": 42,
  "source_files": [
    {
      "path": "outputs/states_v1/states_gemma4_e4b_all_all_shard00-of-04.jsonl",
      "row_count": 48915,
      "sha256": "850469e36436d128523c2fa3d876cbea336ea1ce33408808946ccbc726a458fa"
    },
    {
      "path": "outputs/states_v1/states_gemma4_e4b_all_all_shard01-of-04.jsonl",
      "row_count": 47618,
      "sha256": "6756594128f0dc3b056852c3b904aecff933a3ac3f85276227b97625d12cc7fb"
    },
    {
      "path": "outputs/states_v1/states_gemma4_e4b_all_all_shard02-of-04.jsonl",
      "row_count": 48660,
      "sha256": "1b4cfc03de358f299d1356fe5731a4146ff389d453cf6d726c8c084a9568d90d"
    },
    {
      "path": "outputs/states_v1/states_gemma4_e4b_all_all_shard03-of-04.jsonl",
      "row_count": 49093,
      "sha256": "fdfe59204e8bb5797b03713d7ebe69fdd436471b87c697565035953d4d8e0edf"
    },
    {
      "path": "outputs/states_v1/states_qwen3_vl_8b_all_all_shard00-of-04.jsonl",
      "row_count": 48597,
      "sha256": "c24221c1c55402e59d736456dc46a215921c095aab5fb7b54d39d116254cefed"
    },
    {
      "path": "outputs/states_v1/states_qwen3_vl_8b_all_all_shard01-of-04.jsonl",
      "row_count": 48449,
      "sha256": "fa112c4a9dfb642454d2d1f9f210f914ae375ff4e1d2cd68ce14286fc7e8d35a"
    },
    {
      "path": "outputs/states_v1/states_qwen3_vl_8b_all_all_shard02-of-04.jsonl",
      "row_count": 47974,
      "sha256": "a282447d4b679ad0a4a3d3b95065ad9265e1922a77e78c3c9b9b00f418e78de6"
    },
    {
      "path": "outputs/states_v1/states_qwen3_vl_8b_all_all_shard03-of-04.jsonl",
      "row_count": 49317,
      "sha256": "fb3947cceb2cbb9a3276546d3ec70b28c9e510d7f50df9eff09bc1f6dd6b0b8f"
    }
  ],
  "source_row_count": 386043,
  "source_state_manifest_path": "outputs/week4_reports/final/state_manifest.json",
  "source_state_manifest_sha256": "cf0172e7377ff41df4d5d18bbed8bb713aaef5482a3e24a0fd28ec85a542f1a4",
  "source_vector_manifest": "outputs/week5_data/vectorized_manifest.json",
  "source_vector_manifest_sha256": "1fac2c343e57ca8b6702c4e6a282a7b86a48042a6d133ba84612b5b1c50201ae",
  "split_counts": {
    "cal": 39704,
    "test": 41235,
    "train": 267926,
    "val": 37178
  },
  "status": "COMPLETE"
}
===== reference validation frontier =====
Timeout 707s; worker ceiling remaining 707s
{
  "format_version": "week8_ablation_frontier_v1",
  "status": "COMPLETE",
  "ablation_id": "reference",
  "evaluation_split": "val",
  "calibration_used": false,
  "test_used": false,
  "heldout_shift_used": false,
  "post_test_tuning_used": false,
  "seed": 42,
  "week8_config_sha256": "59748c18da7375db6140f05d6c5ec2670c6ce19eeb25b5931e94868ffe7d9cf6",
  "manifest_sha256": "1fac2c343e57ca8b6702c4e6a282a7b86a48042a6d133ba84612b5b1c50201ae",
  "diagnostic_checkpoint_sha256": "2e680eb8ff7859b0420577f0ffb3b06810e6f863deac25b87d7fb3170bf2fb06",
  "policy_checkpoint_sha256": "fea21bc3b3d6d44ff29ca3179362550759b21bf2a910f7df8eef8177d9321789",
  "aps_sha256": "af5b015ee18198370f38a40a34a907b8ab64d4d1bed2afe7e2e693c4d9e9138c",
  "freeze_manifest_sha256": "735b6b270eb177c8f0f08250104624d9fa8060f97095fc2f9adacc27873bd2ed",
  "budgets": [
    1,
    2,
    3,
    4,
    7
  ],
  "coverages": [
    0.9,
    0.95
  ],
  "base_model_instances": 1404,
  "teacher_files": [
    {
      "path": "outputs/teacher_core_contract_v1_recovered/teacher_gemma4_e4b_all_all_shard00-of-04.jsonl",
      "sha256": "46593391081546c310991894934b1436ecfcf1f07956104d59e9e8f4495e1948",
      "selected_rows": 175
    },
    {
      "path": "outputs/teacher_core_contract_v1_recovered/teacher_gemma4_e4b_all_all_shard01-of-04.jsonl",
      "sha256": "3c7d3ca72753bd49d8f344dd9e468877e75567132de20a81ce20467d52e096a9",
      "selected_rows": 180
    },
    {
      "path": "outputs/teacher_core_contract_v1_recovered/teacher_gemma4_e4b_all_all_shard02-of-04.jsonl",
      "sha256": "bff419cdd17e66ccd9eea1a83e248d5f58e16143d662ebd3ba33625b953018ec",
      "selected_rows": 163
    },
    {
      "path": "outputs/teacher_core_contract_v1_recovered/teacher_gemma4_e4b_all_all_shard03-of-04.jsonl",
      "sha256": "9538751d71a3f8a133be26c2de6d4a4b505b3c780a20ee10a15cd24cd0d8a84e",
      "selected_rows": 184
    },
    {
      "path": "outputs/teacher_core_contract_v1_recovered/teacher_qwen3_vl_8b_all_all_shard00-of-04.jsonl",
      "sha256": "53cc79788e76a9ddcf8df20812e5ca0ca7aa918dad85d249107f3b46003c5be4",
      "selected_rows": 162
    },
    {
      "path": "outputs/teacher_core_contract_v1_recovered/teacher_qwen3_vl_8b_all_all_shard01-of-04.jsonl",
      "sha256": "5bcb3927cfca370cce87c95df969dde3f24c26cd901c9733b63bb17180717c65",
      "selected_rows": 179
    },
    {
      "path": "outputs/teacher_core_contract_v1_recovered/teacher_qwen3_vl_8b_all_all_shard02-of-04.jsonl",
      "sha256": "0ae1afb49f1cf578282a62fafea38ffad93bc7d3220929469d31150e2f9c8711",
      "selected_rows": 174
    },
    {
      "path": "outputs/teacher_core_contract_v1_recovered/teacher_qwen3_vl_8b_all_all_shard03-of-04.jsonl",
      "sha256": "4dc9b657f4ea35d7e74e352157f25aee5bd1b2c9c99e13d33755f8f65d55031f",
      "selected_rows": 187
    }
  ],
  "global_aps_fit_split": "val",
  "global_aps_evaluation_split": "val",
  "global_aps_thresholds": {
    "0.9": 0.9999997615814209,
    "0.95": 1.0
  },
  "summaries": {
    "proactive|1|0.9": {
      "row_count": 1404,
      "mean_acquisition_cost": 1.0,
      "diagnostic": {
        "record_count": 1404,
        "source_bit_micro_f1": 0.8958762886597939,
        "source_bit_macro_f1": 0.8980805284361609,
        "source_bit_hamming_loss": 0.09591642924976258,
        "source_bit_auroc": {
          "visual": 0.9427483170555346,
          "language": 0.9802383401920438,
          "alignment": 0.9847133890343767
        },
        "six_way_macro_f1": 0.5796350383562641,
        "six_way_balanced_accuracy": 0.6739622024358333,
        "six_way_confusion_matrix": [
          [
            99,
            0,
            5,
            3,
            27,
            53
          ],
          [
            6,
            371,
            2,
            8,
            5,
            0
          ],
          [
            1,
            0,
            31,
            3,
            9,
            0
          ],
          [
            45,
            53,
            83,
            406,
            8,
            0
          ],
          [
            4,
            0,
            2,
            0,
            5,
            1
          ],
          [
            27,
            0,
            2,
            0,
            12,
            133
          ]
        ],
        "six_way_labels": [
          "visual",
          "language-prior",
          "alignment",
          "mixed",
          "unclear",
          "no-failure"
        ],
        "signature_mse": 0.026441967862160222
      },
      "prediction_sets": {
        "coverage": 0.8625356125356125,
        "average_set_size": 2.5947293447293447,
        "singleton_rate": 0.2336182336182336,
        "empty_set_rate": 0.09615384615384616
      },
      "action_counts": {
        "blur": 306,
        "stop": 1404,
        "grounding": 138,
        "blank": 948,
        "crop": 10,
        "brightness": 2
      }
    },
    "proactive|1|0.95": {
      "row_count": 1404,
      "mean_acquisition_cost": 1.0,
      "diagnostic": {
        "record_count": 1404,
        "source_bit_micro_f1": 0.8958762886597939,
        "source_bit_macro_f1": 0.8980805284361609,
        "source_bit_hamming_loss": 0.09591642924976258,
        "source_bit_auroc": {
          "visual": 0.9427483170555346,
          "language": 0.9802383401920438,
          "alignment": 0.9847133890343767
        },
        "six_way_macro_f1": 0.5796350383562641,
        "six_way_balanced_accuracy": 0.6739622024358333,
        "six_way_confusion_matrix": [
          [
            99,
            0,
            5,
            3,
            27,
            53
          ],
          [
            6,
            371,
            2,
            8,
            5,
            0
          ],
          [
            1,
            0,
            31,
            3,
            9,
            0
          ],
          [
            45,
            53,
            83,
            406,
            8,
            0
          ],
          [
            4,
            0,
            2,
            0,
            5,
            1
          ],
          [
            27,
            0,
            2,
            0,
            12,
            133
          ]
        ],
        "six_way_labels": [
          "visual",
          "language-prior",
          "alignment",
          "mixed",
          "unclear",
          "no-failure"
        ],
        "signature_mse": 0.026441967862160222
      },
      "prediction_sets": {
        "coverage": 0.9131054131054132,
        "average_set_size": 3.0035612535612537,
        "singleton_rate": 0.12179487179487179,
        "empty_set_rate": 0.07193732193732194
      },
      "action_counts": {
        "blur": 306,
        "stop": 1404,
        "grounding": 138,
        "blank": 948,
        "crop": 10,
        "brightness": 2
      }
    },
    "proactive|2|0.9": {
      "row_count": 1404,
      "mean_acquisition_cost": 1.9985754985754987,
      "diagnostic": {
        "record_count": 1404,
        "source_bit_micro_f1": 0.9478036175710595,
        "source_bit_macro_f1": 0.9499154310679478,
        "source_bit_hamming_loss": 0.04795821462488129,
        "source_bit_auroc": {
          "visual": 0.9738835534824983,
          "language": 0.9948396368149455,
          "alignment": 0.9946439705698965
        },
        "six_way_macro_f1": 0.7072583008311978,
        "six_way_balanced_accuracy": 0.7994048298525261,
        "six_way_confusion_matrix": [
          [
            148,
            0,
            1,
            0,
            19,
            19
          ],
          [
            2,
            382,
            0,
            5,
            0,
            3
          ],
          [
            0,
            0,
            40,
            2,
            2,
            0
          ],
          [
            17,
            39,
            46,
            486,
            4,
            3
          ],
          [
            1,
            0,
            0,
            0,
            6,
            5
          ],
          [
            5,
            1,
            2,
            0,
            26,
            140
          ]
        ],
        "six_way_labels": [
          "visual",
          "language-prior",
          "alignment",
          "mixed",
          "unclear",
          "no-failure"
        ],
        "signature_mse": 0.012319435684964916
      },
      "prediction_sets": {
        "coverage": 0.8376068376068376,
        "average_set_size": 2.1253561253561255,
        "singleton_rate": 0.25997150997151,
        "empty_set_rate": 0.1388888888888889
      },
      "action_counts": {
        "blur": 1108,
        "blank": 1127,
        "stop": 1404,
        "grounding": 386,
        "brightness": 54,
        "crop": 104,
        "noise": 25,
        "relation": 2
      }
    },
    "proactive|2|0.95": {
      "row_count": 1404,
      "mean_acquisition_cost": 1.9985754985754987,
      "diagnostic": {
        "record_count": 1404,
        "source_bit_micro_f1": 0.9478036175710595,
        "source_bit_macro_f1": 0.9499154310679478,
        "source_bit_hamming_loss": 0.04795821462488129,
        "source_bit_auroc": {
          "visual": 0.9738835534824983,
          "language": 0.9948396368149455,
          "alignment": 0.9946439705698965
        },
        "six_way_macro_f1": 0.7072583008311978,
        "six_way_balanced_accuracy": 0.7994048298525261,
        "six_way_confusion_matrix": [
          [
            148,
            0,
            1,
            0,
            19,
            19
          ],
          [
            2,
            382,
            0,
            5,
            0,
            3
          ],
          [
            0,
            0,
            40,
            2,
            2,
            0
          ],
          [
            17,
            39,
            46,
            486,
            4,
            3
          ],
          [
            1,
            0,
            0,
            0,
            6,
            5
          ],
          [
            5,
            1,
            2,
            0,
            26,
            140
          ]
        ],
        "six_way_labels": [
          "visual",
          "language-prior",
          "alignment",
          "mixed",
          "unclear",
          "no-failure"
        ],
        "signature_mse": 0.012319435684964916
      },
      "prediction_sets": {
        "coverage": 0.9031339031339032,
        "average_set_size": 2.690883190883191,
        "singleton_rate": 0.14957264957264957,
        "empty_set_rate": 0.0933048433048433
      },
      "action_counts": {
        "blur": 1108,
        "blank": 1127,
        "stop": 1404,
        "grounding": 386,
        "brightness": 54,
        "crop": 104,
        "noise": 25,
        "relation": 2
      }
    },
    "proactive|3|0.9": {
      "row_count": 1404,
      "mean_acquisition_cost": 2.990740740740741,
      "diagnostic": {
        "record_count": 1404,
        "source_bit_micro_f1": 0.9715457574980774,
        "source_bit_macro_f1": 0.9728952816288109,
        "source_bit_hamming_loss": 0.026353276353276354,
        "source_bit_auroc": {
          "visual": 0.9869051135032743,
          "language": 0.9988283036122542,
          "alignment": 0.99652076318743
        },
        "six_way_macro_f1": 0.7828513904403923,
        "six_way_balanced_accuracy": 0.8492194683516039,
        "six_way_confusion_matrix": [
          [
            167,
            0,
            0,
            0,
            6,
            14
          ],
          [
            0,
            390,
            0,
            1,
            0,
            1
          ],
          [
            0,
            0,
            42,
            1,
            0,
            1
          ],
          [
            10,
            27,
            26,
            530,
            0,
            2
          ],
          [
            0,
            0,
            0,
            0,
            6,
            6
          ],
          [
            4,
            0,
            0,
            0,
            20,
            150
          ]
        ],
        "six_way_labels": [
          "visual",
          "language-prior",
          "alignment",
          "mixed",
          "unclear",
          "no-failure"
        ],
        "signature_mse": 0.00793287238537311
      },
      "prediction_sets": {
        "coverage": 0.8133903133903134,
        "average_set_size": 1.9024216524216524,
        "singleton_rate": 0.28561253561253563,
        "empty_set_rate": 0.16809116809116809
      },
      "action_counts": {
        "blur": 1211,
        "blank": 1279,
        "crop": 795,
        "stop": 1404,
        "grounding": 737,
        "brightness": 110,
        "noise": 62,
        "relation": 5
      }
    },
    "proactive|3|0.95": {
      "row_count": 1404,
      "mean_acquisition_cost": 2.990740740740741,
      "diagnostic": {
        "record_count": 1404,
        "source_bit_micro_f1": 0.9715457574980774,
        "source_bit_macro_f1": 0.9728952816288109,
        "source_bit_hamming_loss": 0.026353276353276354,
        "source_bit_auroc": {
          "visual": 0.9869051135032743,
          "language": 0.9988283036122542,
          "alignment": 0.99652076318743
        },
        "six_way_macro_f1": 0.7828513904403923,
        "six_way_balanced_accuracy": 0.8492194683516039,
        "six_way_confusion_matrix": [
          [
            167,
            0,
            0,
            0,
            6,
            14
          ],
          [
            0,
            390,
            0,
            1,
            0,
            1
          ],
          [
            0,
            0,
            42,
            1,
            0,
            1
          ],
          [
            10,
            27,
            26,
            530,
            0,
            2
          ],
          [
            0,
            0,
            0,
            0,
            6,
            6
          ],
          [
            4,
            0,
            0,
            0,
            20,
            150
          ]
        ],
        "six_way_labels": [
          "visual",
          "language-prior",
          "alignment",
          "mixed",
          "unclear",
          "no-failure"
        ],
        "signature_mse": 0.00793287238537311
      },
      "prediction_sets": {
        "coverage": 0.8974358974358975,
        "average_set_size": 2.7037037037037037,
        "singleton_rate": 0.13105413105413105,
        "empty_set_rate": 0.099002849002849
      },
      "action_counts": {
        "blur": 1211,
        "blank": 1279,
        "crop": 795,
        "stop": 1404,
        "grounding": 737,
        "brightness": 110,
        "noise": 62,
        "relation": 5
      }
    },
    "proactive|4|0.9": {
      "row_count": 1404,
      "mean_acquisition_cost": 3.8732193732193734,
      "diagnostic": {
        "record_count": 1404,
        "source_bit_micro_f1": 0.9834647672348003,
        "source_bit_macro_f1": 0.9844592704689524,
        "source_bit_hamming_loss": 0.015432098765432098,
        "source_bit_auroc": {
          "visual": 0.9918953875609782,
          "language": 0.999728509373571,
          "alignment": 0.9982042648709316
        },
        "six_way_macro_f1": 0.806465341614078,
        "six_way_balanced_accuracy": 0.8550848448052157,
        "six_way_confusion_matrix": [
          [
            178,
            0,
            0,
            0,
            2,
            7
          ],
          [
            0,
            390,
            0,
            1,
            0,
            1
          ],
          [
            0,
            0,
            43,
            1,
            0,
            0
          ],
          [
            5,
            21,
            17,
            552,
            0,
            0
          ],
          [
            0,
            0,
            0,
            0,
            5,
            7
          ],
          [
            0,
            0,
            0,
            0,
            24,
            150
          ]
        ],
        "six_way_labels": [
          "visual",
          "language-prior",
          "alignment",
          "mixed",
          "unclear",
          "no-failure"
        ],
        "signature_mse": 0.006083197278886923
      },
      "prediction_sets": {
        "coverage": 0.8069800569800569,
        "average_set_size": 1.8183760683760684,
        "singleton_rate": 0.30128205128205127,
        "empty_set_rate": 0.1794871794871795
      },
      "action_counts": {
        "blur": 1310,
        "blank": 1352,
        "crop": 1110,
        "grounding": 920,
        "stop": 1404,
        "brightness": 638,
        "noise": 104,
        "relation": 4
      }
    },
    "proactive|4|0.95": {
      "row_count": 1404,
      "mean_acquisition_cost": 3.8732193732193734,
      "diagnostic": {
        "record_count": 1404,
        "source_bit_micro_f1": 0.9834647672348003,
        "source_bit_macro_f1": 0.9844592704689524,
        "source_bit_hamming_loss": 0.015432098765432098,
        "source_bit_auroc": {
          "visual": 0.9918953875609782,
          "language": 0.999728509373571,
          "alignment": 0.9982042648709316
        },
        "six_way_macro_f1": 0.806465341614078,
        "six_way_balanced_accuracy": 0.8550848448052157,
        "six_way_confusion_matrix": [
          [
            178,
            0,
            0,
            0,
            2,
            7
          ],
          [
            0,
            390,
            0,
            1,
            0,
            1
          ],
          [
            0,
            0,
            43,
            1,
            0,
            0
          ],
          [
            5,
            21,
            17,
            552,
            0,
            0
          ],
          [
            0,
            0,
            0,
            0,
            5,
            7
          ],
          [
            0,
            0,
            0,
            0,
            24,
            150
          ]
        ],
        "six_way_labels": [
          "visual",
          "language-prior",
          "alignment",
          "mixed",
          "unclear",
          "no-failure"
        ],
        "signature_mse": 0.006083197278886923
      },
      "prediction_sets": {
        "coverage": 0.8881766381766382,
        "average_set_size": 2.777065527065527,
        "singleton_rate": 0.14957264957264957,
        "empty_set_rate": 0.10826210826210826
      },
      "action_counts": {
        "blur": 1310,
        "blank": 1352,
        "crop": 1110,
        "grounding": 920,
        "stop": 1404,
        "brightness": 638,
        "noise": 104,
        "relation": 4
      }
    },
    "proactive|7|0.9": {
      "row_count": 1404,
      "mean_acquisition_cost": 5.061253561253562,
      "diagnostic": {
        "record_count": 1404,
        "source_bit_micro_f1": 0.9947196379180286,
        "source_bit_macro_f1": 0.9948442755506527,
        "source_bit_hamming_loss": 0.004985754985754986,
        "source_bit_auroc": {
          "visual": 0.9988369606175719,
          "language": 0.9999244725324972,
          "alignment": 0.9997589059317454
        },
        "six_way_macro_f1": 0.8492960754465312,
        "six_way_balanced_accuracy": 0.88630541035641,
        "six_way_confusion_matrix": [
          [
            186,
            0,
            0,
            0,
            0,
            1
          ],
          [
            0,
            390,
            0,
            2,
            0,
            0
          ],
          [
            0,
            0,
            43,
            1,
            0,
            0
          ],
          [
            1,
            2,
            7,
            585,
            0,
            0
          ],
          [
            0,
            0,
            0,
            0,
            6,
            6
          ],
          [
            0,
            0,
            0,
            0,
            23,
            151
          ]
        ],
        "six_way_labels": [
          "visual",
          "language-prior",
          "alignment",
          "mixed",
          "unclear",
          "no-failure"
        ],
        "signature_mse": 0.005551941150731287
      },
      "prediction_sets": {
        "coverage": 0.8162393162393162,
        "average_set_size": 1.7542735042735043,
        "singleton_rate": 0.33618233618233617,
        "empty_set_rate": 0.17806267806267806
      },
      "action_counts": {
        "blur": 1320,
        "blank": 1383,
        "grounding": 1140,
        "brightness": 1125,
        "stop": 1404,
        "crop": 1183,
        "noise": 941,
        "relation": 14
      }
    },
    "proactive|7|0.95": {
      "row_count": 1404,
      "mean_acquisition_cost": 5.061253561253562,
      "diagnostic": {
        "record_count": 1404,
        "source_bit_micro_f1": 0.9947196379180286,
        "source_bit_macro_f1": 0.9948442755506527,
        "source_bit_hamming_loss": 0.004985754985754986,
        "source_bit_auroc": {
          "visual": 0.9988369606175719,
          "language": 0.9999244725324972,
          "alignment": 0.9997589059317454
        },
        "six_way_macro_f1": 0.8492960754465312,
        "six_way_balanced_accuracy": 0.88630541035641,
        "six_way_confusion_matrix": [
          [
            186,
            0,
            0,
            0,
            0,
            1
          ],
          [
            0,
            390,
            0,
            2,
            0,
            0
          ],
          [
            0,
            0,
            43,
            1,
            0,
            0
          ],
          [
            1,
            2,
            7,
            585,
            0,
            0
          ],
          [
            0,
            0,
            0,
            0,
            6,
            6
          ],
          [
            0,
            0,
            0,
            0,
            23,
            151
          ]
        ],
        "six_way_labels": [
          "visual",
          "language-prior",
          "alignment",
          "mixed",
          "unclear",
          "no-failure"
        ],
        "signature_mse": 0.005551941150731287
      },
      "prediction_sets": {
        "coverage": 0.8867521367521367,
        "average_set_size": 3.572649572649573,
        "singleton_rate": 0.11253561253561253,
        "empty_set_rate": 0.1111111111111111
      },
      "action_counts": {
        "blur": 1320,
        "blank": 1383,
        "grounding": 1140,
        "brightness": 1125,
        "stop": 1404,
        "crop": 1183,
        "noise": 941,
        "relation": 14
      }
    },
    "proactive_no_stop|1|0.9": {
      "row_count": 1404,
      "mean_acquisition_cost": 1.0,
      "diagnostic": {
        "record_count": 1404,
        "source_bit_micro_f1": 0.8958762886597939,
        "source_bit_macro_f1": 0.8980805284361609,
        "source_bit_hamming_loss": 0.09591642924976258,
        "source_bit_auroc": {
          "visual": 0.9427483170555346,
          "language": 0.9802383401920438,
          "alignment": 0.9847133890343767
        },
        "six_way_macro_f1": 0.5796350383562641,
        "six_way_balanced_accuracy": 0.6739622024358333,
        "six_way_confusion_matrix": [
          [
            99,
            0,
            5,
            3,
            27,
            53
          ],
          [
            6,
            371,
            2,
            8,
            5,
            0
          ],
          [
            1,
            0,
            31,
            3,
            9,
            0
          ],
          [
            45,
            53,
            83,
            406,
            8,
            0
          ],
          [
            4,
            0,
            2,
            0,
            5,
            1
          ],
          [
            27,
            0,
            2,
            0,
            12,
            133
          ]
        ],
        "six_way_labels": [
          "visual",
          "language-prior",
          "alignment",
          "mixed",
          "unclear",
          "no-failure"
        ],
        "signature_mse": 0.026441967862160222
      },
      "prediction_sets": {
        "coverage": 0.8625356125356125,
        "average_set_size": 2.5947293447293447,
        "singleton_rate": 0.2336182336182336,
        "empty_set_rate": 0.09615384615384616
      },
      "action_counts": {
        "blur": 306,
        "stop": 1404,
        "grounding": 138,
        "blank": 948,
        "crop": 10,
        "brightness": 2
      }
    },
    "proactive_no_stop|1|0.95": {
      "row_count": 1404,
      "mean_acquisition_cost": 1.0,
      "diagnostic": {
        "record_count": 1404,
        "source_bit_micro_f1": 0.8958762886597939,
        "source_bit_macro_f1": 0.8980805284361609,
        "source_bit_hamming_loss": 0.09591642924976258,
        "source_bit_auroc": {
          "visual": 0.9427483170555346,
          "language": 0.9802383401920438,
          "alignment": 0.9847133890343767
        },
        "six_way_macro_f1": 0.5796350383562641,
        "six_way_balanced_accuracy": 0.6739622024358333,
        "six_way_confusion_matrix": [
          [
            99,
            0,
            5,
            3,
            27,
            53
          ],
          [
            6,
            371,
            2,
            8,
            5,
            0
          ],
          [
            1,
            0,
            31,
            3,
            9,
            0
          ],
          [
            45,
            53,
            83,
            406,
            8,
            0
          ],
          [
            4,
            0,
            2,
            0,
            5,
            1
          ],
          [
            27,
            0,
            2,
            0,
            12,
            133
          ]
        ],
        "six_way_labels": [
          "visual",
          "language-prior",
          "alignment",
          "mixed",
          "unclear",
          "no-failure"
        ],
        "signature_mse": 0.026441967862160222
      },
      "prediction_sets": {
        "coverage": 0.9131054131054132,
        "average_set_size": 3.0035612535612537,
        "singleton_rate": 0.12179487179487179,
        "empty_set_rate": 0.07193732193732194
      },
      "action_counts": {
        "blur": 306,
        "stop": 1404,
        "grounding": 138,
        "blank": 948,
        "crop": 10,
        "brightness": 2
      }
    },
    "proactive_no_stop|2|0.9": {
      "row_count": 1404,
      "mean_acquisition_cost": 2.0,
      "diagnostic": {
        "record_count": 1404,
        "source_bit_micro_f1": 0.9478036175710595,
        "source_bit_macro_f1": 0.9499154310679478,
        "source_bit_hamming_loss": 0.04795821462488129,
        "source_bit_auroc": {
          "visual": 0.9738835534824983,
          "language": 0.9948212652687961,
          "alignment": 0.9946439705698965
        },
        "six_way_macro_f1": 0.7072583008311978,
        "six_way_balanced_accuracy": 0.7994048298525261,
        "six_way_confusion_matrix": [
          [
            148,
            0,
            1,
            0,
            19,
            19
          ],
          [
            2,
            382,
            0,
            5,
            0,
            3
          ],
          [
            0,
            0,
            40,
            2,
            2,
            0
          ],
          [
            17,
            39,
            46,
            486,
            4,
            3
          ],
          [
            1,
            0,
            0,
            0,
            6,
            5
          ],
          [
            5,
            1,
            2,
            0,
            26,
            140
          ]
        ],
        "six_way_labels": [
          "visual",
          "language-prior",
          "alignment",
          "mixed",
          "unclear",
          "no-failure"
        ],
        "signature_mse": 0.012334156190892521
      },
      "prediction_sets": {
        "coverage": 0.8376068376068376,
        "average_set_size": 2.1253561253561255,
        "singleton_rate": 0.25997150997151,
        "empty_set_rate": 0.1388888888888889
      },
      "action_counts": {
        "blur": 1108,
        "blank": 1127,
        "stop": 1404,
        "grounding": 387,
        "brightness": 54,
        "crop": 104,
        "noise": 26,
        "relation": 2
      }
    },
    "proactive_no_stop|2|0.95": {
      "row_count": 1404,
      "mean_acquisition_cost": 2.0,
      "diagnostic": {
        "record_count": 1404,
        "source_bit_micro_f1": 0.9478036175710595,
        "source_bit_macro_f1": 0.9499154310679478,
        "source_bit_hamming_loss": 0.04795821462488129,
        "source_bit_auroc": {
          "visual": 0.9738835534824983,
          "language": 0.9948212652687961,
          "alignment": 0.9946439705698965
        },
        "six_way_macro_f1": 0.7072583008311978,
        "six_way_balanced_accuracy": 0.7994048298525261,
        "six_way_confusion_matrix": [
          [
            148,
            0,
            1,
            0,
            19,
            19
          ],
          [
            2,
            382,
            0,
            5,
            0,
            3
          ],
          [
            0,
            0,
            40,
            2,
            2,
            0
          ],
          [
            17,
            39,
            46,
            486,
            4,
            3
          ],
          [
            1,
            0,
            0,
            0,
            6,
            5
          ],
          [
            5,
            1,
            2,
            0,
            26,
            140
          ]
        ],
        "six_way_labels": [
          "visual",
          "language-prior",
          "alignment",
          "mixed",
          "unclear",
          "no-failure"
        ],
        "signature_mse": 0.012334156190892521
      },
      "prediction_sets": {
        "coverage": 0.9031339031339032,
        "average_set_size": 2.690883190883191,
        "singleton_rate": 0.14957264957264957,
        "empty_set_rate": 0.0933048433048433
      },
      "action_counts": {
        "blur": 1108,
        "blank": 1127,
        "stop": 1404,
        "grounding": 387,
        "brightness": 54,
        "crop": 104,
        "noise": 26,
        "relation": 2
      }
    },
    "proactive_no_stop|3|0.9": {
      "row_count": 1404,
      "mean_acquisition_cost": 3.0,
      "diagnostic": {
        "record_count": 1404,
        "source_bit_micro_f1": 0.9715457574980774,
        "source_bit_macro_f1": 0.9728952816288109,
        "source_bit_hamming_loss": 0.026353276353276354,
        "source_bit_auroc": {
          "visual": 0.9869051135032743,
          "language": 0.9988180971977267,
          "alignment": 0.9965207631874298
        },
        "six_way_macro_f1": 0.7828513904403923,
        "six_way_balanced_accuracy": 0.8492194683516039,
        "six_way_confusion_matrix": [
          [
            167,
            0,
            0,
            0,
            6,
            14
          ],
          [
            0,
            390,
            0,
            1,
            0,
            1
          ],
          [
            0,
            0,
            42,
            1,
            0,
            1
          ],
          [
            10,
            27,
            26,
            530,
            0,
            2
          ],
          [
            0,
            0,
            0,
            0,
            6,
            6
          ],
          [
            4,
            0,
            0,
            0,
            20,
            150
          ]
        ],
        "six_way_labels": [
          "visual",
          "language-prior",
          "alignment",
          "mixed",
          "unclear",
          "no-failure"
        ],
        "signature_mse": 0.0079453869640096
      },
      "prediction_sets": {
        "coverage": 0.8133903133903134,
        "average_set_size": 1.9024216524216524,
        "singleton_rate": 0.28561253561253563,
        "empty_set_rate": 0.16809116809116809
      },
      "action_counts": {
        "blur": 1213,
        "blank": 1279,
        "crop": 797,
        "stop": 1404,
        "grounding": 738,
        "brightness": 112,
        "noise": 68,
        "relation": 5
      }
    },
    "proactive_no_stop|3|0.95": {
      "row_count": 1404,
      "mean_acquisition_cost": 3.0,
      "diagnostic": {
        "record_count": 1404,
        "source_bit_micro_f1": 0.9715457574980774,
        "source_bit_macro_f1": 0.9728952816288109,
        "source_bit_hamming_loss": 0.026353276353276354,
        "source_bit_auroc": {
          "visual": 0.9869051135032743,
          "language": 0.9988180971977267,
          "alignment": 0.9965207631874298
        },
        "six_way_macro_f1": 0.7828513904403923,
        "six_way_balanced_accuracy": 0.8492194683516039,
        "six_way_confusion_matrix": [
          [
            167,
            0,
            0,
            0,
            6,
            14
          ],
          [
            0,
            390,
            0,
            1,
            0,
            1
          ],
          [
            0,
            0,
            42,
            1,
            0,
            1
          ],
          [
            10,
            27,
            26,
            530,
            0,
            2
          ],
          [
            0,
            0,
            0,
            0,
            6,
            6
          ],
          [
            4,
            0,
            0,
            0,
            20,
            150
          ]
        ],
        "six_way_labels": [
          "visual",
          "language-prior",
          "alignment",
          "mixed",
          "unclear",
          "no-failure"
        ],
        "signature_mse": 0.0079453869640096
      },
      "prediction_sets": {
        "coverage": 0.8967236467236467,
        "average_set_size": 2.700854700854701,
        "singleton_rate": 0.1339031339031339,
        "empty_set_rate": 0.099002849002849
      },
      "action_counts": {
        "blur": 1213,
        "blank": 1279,
        "crop": 797,
        "stop": 1404,
        "grounding": 738,
        "brightness": 112,
        "noise": 68,
        "relation": 5
      }
    },
    "proactive_no_stop|4|0.9": {
      "row_count": 1404,
      "mean_acquisition_cost": 4.0,
      "diagnostic": {
        "record_count": 1404,
        "source_bit_micro_f1": 0.9837150127226463,
        "source_bit_macro_f1": 0.9847150766109296,
        "source_bit_hamming_loss": 0.015194681861348529,
        "source_bit_auroc": {
          "visual": 0.9918953875609782,
          "language": 0.9996958488470834,
          "alignment": 0.9982042648709316
        },
        "six_way_macro_f1": 0.806465341614078,
        "six_way_balanced_accuracy": 0.8550848448052157,
        "six_way_confusion_matrix": [
          [
            178,
            0,
            0,
            0,
            2,
            7
          ],
          [
            0,
            390,
            0,
            1,
            0,
            1
          ],
          [
            0,
            0,
            43,
            1,
            0,
            0
          ],
          [
            5,
            21,
            17,
            552,
            0,
            0
          ],
          [
            0,
            0,
            0,
            0,
            5,
            7
          ],
          [
            0,
            0,
            0,
            0,
            24,
            150
          ]
        ],
        "six_way_labels": [
          "visual",
          "language-prior",
          "alignment",
          "mixed",
          "unclear",
          "no-failure"
        ],
        "signature_mse": 0.0061584464990171416
      },
      "prediction_sets": {
        "coverage": 0.8247863247863247,
        "average_set_size": 1.8361823361823362,
        "singleton_rate": 0.3190883190883191,
        "empty_set_rate": 0.16168091168091167
      },
      "action_counts": {
        "blur": 1326,
        "blank": 1354,
        "crop": 1196,
        "grounding": 928,
        "stop": 1404,
        "brightness": 684,
        "noise": 124,
        "relation": 4
      }
    },
    "proactive_no_stop|4|0.95": {
      "row_count": 1404,
      "mean_acquisition_cost": 4.0,
      "diagnostic": {
        "record_count": 1404,
        "source_bit_micro_f1": 0.9837150127226463,
        "source_bit_macro_f1": 0.9847150766109296,
        "source_bit_hamming_loss": 0.015194681861348529,
        "source_bit_auroc": {
          "visual": 0.9918953875609782,
          "language": 0.9996958488470834,
          "alignment": 0.9982042648709316
        },
        "six_way_macro_f1": 0.806465341614078,
        "six_way_balanced_accuracy": 0.8550848448052157,
        "six_way_confusion_matrix": [
          [
            178,
            0,
            0,
            0,
            2,
            7
          ],
          [
            0,
            390,
            0,
            1,
            0,
            1
          ],
          [
            0,
            0,
            43,
            1,
            0,
            0
          ],
          [
            5,
            21,
            17,
            552,
            0,
            0
          ],
          [
            0,
            0,
            0,
            0,
            5,
            7
          ],
          [
            0,
            0,
            0,
            0,
            24,
            150
          ]
        ],
        "six_way_labels": [
          "visual",
          "language-prior",
          "alignment",
          "mixed",
          "unclear",
          "no-failure"
        ],
        "signature_mse": 0.0061584464990171416
      },
      "prediction_sets": {
        "coverage": 0.8881766381766382,
        "average_set_size": 2.735042735042735,
        "singleton_rate": 0.19373219373219372,
        "empty_set_rate": 0.10826210826210826
      },
      "action_counts": {
        "blur": 1326,
        "blank": 1354,
        "crop": 1196,
        "grounding": 928,
        "stop": 1404,
        "brightness": 684,
        "noise": 124,
        "relation": 4
      }
    },
    "proactive_no_stop|7|0.9": {
      "row_count": 1404,
      "mean_acquisition_cost": 6.011396011396012,
      "diagnostic": {
        "record_count": 1404,
        "source_bit_micro_f1": 0.9969849246231156,
        "source_bit_macro_f1": 0.9970492589980061,
        "source_bit_hamming_loss": 0.002849002849002849,
        "source_bit_auroc": {
          "visual": 0.9999490788361459,
          "language": 0.9999918348683781,
          "alignment": 0.9997464355489047
        },
        "six_way_macro_f1": 0.8582522796095753,
        "six_way_balanced_accuracy": 0.8888773482224656,
        "six_way_confusion_matrix": [
          [
            187,
            0,
            0,
            0,
            0,
            0
          ],
          [
            0,
            390,
            0,
            2,
            0,
            0
          ],
          [
            0,
            0,
            43,
            1,
            0,
            0
          ],
          [
            1,
            0,
            3,
            591,
            0,
            0
          ],
          [
            0,
            0,
            0,
            0,
            6,
            6
          ],
          [
            0,
            0,
            0,
            0,
            23,
            151
          ]
        ],
        "six_way_labels": [
          "visual",
          "language-prior",
          "alignment",
          "mixed",
          "unclear",
          "no-failure"
        ],
        "signature_mse": 0.004559100802819239
      },
      "prediction_sets": {
        "coverage": 0.8703703703703703,
        "average_set_size": 1.814102564102564,
        "singleton_rate": 0.3789173789173789,
        "empty_set_rate": 0.1267806267806268
      },
      "action_counts": {
        "blur": 1404,
        "blank": 1404,
        "grounding": 1404,
        "brightness": 1404,
        "crop": 1404,
        "noise": 1404,
        "stop": 1404,
        "relation": 16
      }
    },
    "proactive_no_stop|7|0.95": {
      "row_count": 1404,
      "mean_acquisition_cost": 6.011396011396012,
      "diagnostic": {
        "record_count": 1404,
        "source_bit_micro_f1": 0.9969849246231156,
        "source_bit_macro_f1": 0.9970492589980061,
        "source_bit_hamming_loss": 0.002849002849002849,
        "source_bit_auroc": {
          "visual": 0.9999490788361459,
          "language": 0.9999918348683781,
          "alignment": 0.9997464355489047
        },
        "six_way_macro_f1": 0.8582522796095753,
        "six_way_balanced_accuracy": 0.8888773482224656,
        "six_way_confusion_matrix": [
          [
            187,
            0,
            0,
            0,
            0,
            0
          ],
          [
            0,
            390,
            0,
            2,
            0,
            0
          ],
          [
            0,
            0,
            43,
            1,
            0,
            0
          ],
          [
            1,
            0,
            3,
            591,
            0,
            0
          ],
          [
            0,
            0,
            0,
            0,
            6,
            6
          ],
          [
            0,
            0,
            0,
            0,
            23,
            151
          ]
        ],
        "six_way_labels": [
          "visual",
          "language-prior",
          "alignment",
          "mixed",
          "unclear",
          "no-failure"
        ],
        "signature_mse": 0.004559100802819239
      },
      "prediction_sets": {
        "coverage": 0.8974358974358975,
        "average_set_size": 3.5263532763532766,
        "singleton_rate": 0.17592592592592593,
        "empty_set_rate": 0.10113960113960115
      },
      "action_counts": {
        "blur": 1404,
        "blank": 1404,
        "grounding": 1404,
        "brightness": 1404,
        "crop": 1404,
        "noise": 1404,
        "stop": 1404,
        "relation": 16
      }
    },
    "proactive_global_aps|1|0.9": {
      "row_count": 1404,
      "mean_acquisition_cost": 1.0,
      "diagnostic": {
        "record_count": 1404,
        "source_bit_micro_f1": 0.8958762886597939,
        "source_bit_macro_f1": 0.8980805284361609,
        "source_bit_hamming_loss": 0.09591642924976258,
        "source_bit_auroc": {
          "visual": 0.9427483170555346,
          "language": 0.9802383401920438,
          "alignment": 0.9847133890343767
        },
        "six_way_macro_f1": 0.5796350383562641,
        "six_way_balanced_accuracy": 0.6739622024358333,
        "six_way_confusion_matrix": [
          [
            99,
            0,
            5,
            3,
            27,
            53
          ],
          [
            6,
            371,
            2,
            8,
            5,
            0
          ],
          [
            1,
            0,
            31,
            3,
            9,
            0
          ],
          [
            45,
            53,
            83,
            406,
            8,
            0
          ],
          [
            4,
            0,
            2,
            0,
            5,
            1
          ],
          [
            27,
            0,
            2,
            0,
            12,
            133
          ]
        ],
        "six_way_labels": [
          "visual",
          "language-prior",
          "alignment",
          "mixed",
          "unclear",
          "no-failure"
        ],
        "signature_mse": 0.026441967862160222
      },
      "prediction_sets": {
        "coverage": 0.9615384615384616,
        "average_set_size": 3.4074074074074074,
        "singleton_rate": 0.1103988603988604,
        "empty_set_rate": 0.0292022792022792
      },
      "action_counts": {
        "blur": 306,
        "stop": 1404,
        "grounding": 138,
        "blank": 948,
        "crop": 10,
        "brightness": 2
      }
    },
    "proactive_global_aps|1|0.95": {
      "row_count": 1404,
      "mean_acquisition_cost": 1.0,
      "diagnostic": {
        "record_count": 1404,
        "source_bit_micro_f1": 0.8958762886597939,
        "source_bit_macro_f1": 0.8980805284361609,
        "source_bit_hamming_loss": 0.09591642924976258,
        "source_bit_auroc": {
          "visual": 0.9427483170555346,
          "language": 0.9802383401920438,
          "alignment": 0.9847133890343767
        },
        "six_way_macro_f1": 0.5796350383562641,
        "six_way_balanced_accuracy": 0.6739622024358333,
        "six_way_confusion_matrix": [
          [
            99,
            0,
            5,
            3,
            27,
            53
          ],
          [
            6,
            371,
            2,
            8,
            5,
            0
          ],
          [
            1,
            0,
            31,
            3,
            9,
            0
          ],
          [
            45,
            53,
            83,
            406,
            8,
            0
          ],
          [
            4,
            0,
            2,
            0,
            5,
            1
          ],
          [
            27,
            0,
            2,
            0,
            12,
            133
          ]
        ],
        "six_way_labels": [
          "visual",
          "language-prior",
          "alignment",
          "mixed",
          "unclear",
          "no-failure"
        ],
        "signature_mse": 0.026441967862160222
      },
      "prediction_sets": {
        "coverage": 0.9971509971509972,
        "average_set_size": 4.898860398860399,
        "singleton_rate": 0.04415954415954416,
        "empty_set_rate": 0.0
      },
      "action_counts": {
        "blur": 306,
        "stop": 1404,
        "grounding": 138,
        "blank": 948,
        "crop": 10,
        "brightness": 2
      }
    },
    "proactive_global_aps|2|0.9": {
      "row_count": 1404,
      "mean_acquisition_cost": 1.9985754985754987,
      "diagnostic": {
        "record_count": 1404,
        "source_bit_micro_f1": 0.9478036175710595,
        "source_bit_macro_f1": 0.9499154310679478,
        "source_bit_hamming_loss": 0.04795821462488129,
        "source_bit_auroc": {
          "visual": 0.9738835534824983,
          "language": 0.9948396368149455,
          "alignment": 0.9946439705698965
        },
        "six_way_macro_f1": 0.7072583008311978,
        "six_way_balanced_accuracy": 0.7994048298525261,
        "six_way_confusion_matrix": [
          [
            148,
            0,
            1,
            0,
            19,
            19
          ],
          [
            2,
            382,
            0,
            5,
            0,
            3
          ],
          [
            0,
            0,
            40,
            2,
            2,
            0
          ],
          [
            17,
            39,
            46,
            486,
            4,
            3
          ],
          [
            1,
            0,
            0,
            0,
            6,
            5
          ],
          [
            5,
            1,
            2,
            0,
            26,
            140
          ]
        ],
        "six_way_labels": [
          "visual",
          "language-prior",
          "alignment",
          "mixed",
          "unclear",
          "no-failure"
        ],
        "signature_mse": 0.012319435684964916
      },
      "prediction_sets": {
        "coverage": 0.9109686609686609,
        "average_set_size": 2.7784900284900287,
        "singleton_rate": 0.13176638176638178,
        "empty_set_rate": 0.08547008547008547
      },
      "action_counts": {
        "blur": 1108,
        "blank": 1127,
        "stop": 1404,
        "grounding": 386,
        "brightness": 54,
        "crop": 104,
        "noise": 25,
        "relation": 2
      }
    },
    "proactive_global_aps|2|0.95": {
      "row_count": 1404,
      "mean_acquisition_cost": 1.9985754985754987,
      "diagnostic": {
        "record_count": 1404,
        "source_bit_micro_f1": 0.9478036175710595,
        "source_bit_macro_f1": 0.9499154310679478,
        "source_bit_hamming_loss": 0.04795821462488129,
        "source_bit_auroc": {
          "visual": 0.9738835534824983,
          "language": 0.9948396368149455,
          "alignment": 0.9946439705698965
        },
        "six_way_macro_f1": 0.7072583008311978,
        "six_way_balanced_accuracy": 0.7994048298525261,
        "six_way_confusion_matrix": [
          [
            148,
            0,
            1,
            0,
            19,
            19
          ],
          [
            2,
            382,
            0,
            5,
            0,
            3
          ],
          [
            0,
            0,
            40,
            2,
            2,
            0
          ],
          [
            17,
            39,
            46,
            486,
            4,
            3
          ],
          [
            1,
            0,
            0,
            0,
            6,
            5
          ],
          [
            5,
            1,
            2,
            0,
            26,
            140
          ]
        ],
        "six_way_labels": [
          "visual",
          "language-prior",
          "alignment",
          "mixed",
          "unclear",
          "no-failure"
        ],
        "signature_mse": 0.012319435684964916
      },
      "prediction_sets": {
        "coverage": 0.9985754985754985,
        "average_set_size": 4.489316239316239,
        "singleton_rate": 0.09757834757834757,
        "empty_set_rate": 0.0
      },
      "action_counts": {
        "blur": 1108,
        "blank": 1127,
        "stop": 1404,
        "grounding": 386,
        "brightness": 54,
        "crop": 104,
        "noise": 25,
        "relation": 2
      }
    },
    "proactive_global_aps|3|0.9": {
      "row_count": 1404,
      "mean_acquisition_cost": 2.990740740740741,
      "diagnostic": {
        "record_count": 1404,
        "source_bit_micro_f1": 0.9715457574980774,
        "source_bit_macro_f1": 0.9728952816288109,
        "source_bit_hamming_loss": 0.026353276353276354,
        "source_bit_auroc": {
          "visual": 0.9869051135032743,
          "language": 0.9988283036122542,
          "alignment": 0.99652076318743
        },
        "six_way_macro_f1": 0.7828513904403923,
        "six_way_balanced_accuracy": 0.8492194683516039,
        "six_way_confusion_matrix": [
          [
            167,
            0,
            0,
            0,
            6,
            14
          ],
          [
            0,
            390,
            0,
            1,
            0,
            1
          ],
          [
            0,
            0,
            42,
            1,
            0,
            1
          ],
          [
            10,
            27,
            26,
            530,
            0,
            2
          ],
          [
            0,
            0,
            0,
            0,
            6,
            6
          ],
          [
            4,
            0,
            0,
            0,
            20,
            150
          ]
        ],
        "six_way_labels": [
          "visual",
          "language-prior",
          "alignment",
          "mixed",
          "unclear",
          "no-failure"
        ],
        "signature_mse": 0.00793287238537311
      },
      "prediction_sets": {
        "coverage": 0.8881766381766382,
        "average_set_size": 2.4608262108262107,
        "singleton_rate": 0.16381766381766383,
        "empty_set_rate": 0.10754985754985755
      },
      "action_counts": {
        "blur": 1211,
        "blank": 1279,
        "crop": 795,
        "stop": 1404,
        "grounding": 737,
        "brightness": 110,
        "noise": 62,
        "relation": 5
      }
    },
    "proactive_global_aps|3|0.95": {
      "row_count": 1404,
      "mean_acquisition_cost": 2.990740740740741,
      "diagnostic": {
        "record_count": 1404,
        "source_bit_micro_f1": 0.9715457574980774,
        "source_bit_macro_f1": 0.9728952816288109,
        "source_bit_hamming_loss": 0.026353276353276354,
        "source_bit_auroc": {
          "visual": 0.9869051135032743,
          "language": 0.9988283036122542,
          "alignment": 0.99652076318743
        },
        "six_way_macro_f1": 0.7828513904403923,
        "six_way_balanced_accuracy": 0.8492194683516039,
        "six_way_confusion_matrix": [
          [
            167,
            0,
            0,
            0,
            6,
            14
          ],
          [
            0,
            390,
            0,
            1,
            0,
            1
          ],
          [
            0,
            0,
            42,
            1,
            0,
            1
          ],
          [
            10,
            27,
            26,
            530,
            0,
            2
          ],
          [
            0,
            0,
            0,
            0,
            6,
            6
          ],
          [
            4,
            0,
            0,
            0,
            20,
            150
          ]
        ],
        "six_way_labels": [
          "visual",
          "language-prior",
          "alignment",
          "mixed",
          "unclear",
          "no-failure"
        ],
        "signature_mse": 0.00793287238537311
      },
      "prediction_sets": {
        "coverage": 0.9992877492877493,
        "average_set_size": 4.312678062678063,
        "singleton_rate": 0.12464387464387465,
        "empty_set_rate": 0.0
      },
      "action_counts": {
        "blur": 1211,
        "blank": 1279,
        "crop": 795,
        "stop": 1404,
        "grounding": 737,
        "brightness": 110,
        "noise": 62,
        "relation": 5
      }
    },
    "proactive_global_aps|4|0.9": {
      "row_count": 1404,
      "mean_acquisition_cost": 3.8732193732193734,
      "diagnostic": {
        "record_count": 1404,
        "source_bit_micro_f1": 0.9834647672348003,
        "source_bit_macro_f1": 0.9844592704689524,
        "source_bit_hamming_loss": 0.015432098765432098,
        "source_bit_auroc": {
          "visual": 0.9918953875609782,
          "language": 0.999728509373571,
          "alignment": 0.9982042648709316
        },
        "six_way_macro_f1": 0.806465341614078,
        "six_way_balanced_accuracy": 0.8550848448052157,
        "six_way_confusion_matrix": [
          [
            178,
            0,
            0,
            0,
            2,
            7
          ],
          [
            0,
            390,
            0,
            1,
            0,
            1
          ],
          [
            0,
            0,
            43,
            1,
            0,
            0
          ],
          [
            5,
            21,
            17,
            552,
            0,
            0
          ],
          [
            0,
            0,
            0,
            0,
            5,
            7
          ],
          [
            0,
            0,
            0,
            0,
            24,
            150
          ]
        ],
        "six_way_labels": [
          "visual",
          "language-prior",
          "alignment",
          "mixed",
          "unclear",
          "no-failure"
        ],
        "signature_mse": 0.006083197278886923
      },
      "prediction_sets": {
        "coverage": 0.8703703703703703,
        "average_set_size": 2.257122507122507,
        "singleton_rate": 0.2378917378917379,
        "empty_set_rate": 0.1225071225071225
      },
      "action_counts": {
        "blur": 1310,
        "blank": 1352,
        "crop": 1110,
        "grounding": 920,
        "stop": 1404,
        "brightness": 638,
        "noise": 104,
        "relation": 4
      }
    },
    "proactive_global_aps|4|0.95": {
      "row_count": 1404,
      "mean_acquisition_cost": 3.8732193732193734,
      "diagnostic": {
        "record_count": 1404,
        "source_bit_micro_f1": 0.9834647672348003,
        "source_bit_macro_f1": 0.9844592704689524,
        "source_bit_hamming_loss": 0.015432098765432098,
        "source_bit_auroc": {
          "visual": 0.9918953875609782,
          "language": 0.999728509373571,
          "alignment": 0.9982042648709316
        },
        "six_way_macro_f1": 0.806465341614078,
        "six_way_balanced_accuracy": 0.8550848448052157,
        "six_way_confusion_matrix": [
          [
            178,
            0,
            0,
            0,
            2,
            7
          ],
          [
            0,
            390,
            0,
            1,
            0,
            1
          ],
          [
            0,
            0,
            43,
            1,
            0,
            0
          ],
          [
            5,
            21,
            17,
            552,
            0,
            0
          ],
          [
            0,
            0,
            0,
            0,
            5,
            7
          ],
          [
            0,
            0,
            0,
            0,
            24,
            150
          ]
        ],
        "six_way_labels": [
          "visual",
          "language-prior",
          "alignment",
          "mixed",
          "unclear",
          "no-failure"
        ],
        "signature_mse": 0.006083197278886923
      },
      "prediction_sets": {
        "coverage": 1.0,
        "average_set_size": 4.1581196581196584,
        "singleton_rate": 0.15313390313390313,
        "empty_set_rate": 0.0
      },
      "action_counts": {
        "blur": 1310,
        "blank": 1352,
        "crop": 1110,
        "grounding": 920,
        "stop": 1404,
        "brightness": 638,
        "noise": 104,
        "relation": 4
      }
    },
    "proactive_global_aps|7|0.9": {
      "row_count": 1404,
      "mean_acquisition_cost": 5.061253561253562,
      "diagnostic": {
        "record_count": 1404,
        "source_bit_micro_f1": 0.9947196379180286,
        "source_bit_macro_f1": 0.9948442755506527,
        "source_bit_hamming_loss": 0.004985754985754986,
        "source_bit_auroc": {
          "visual": 0.9988369606175719,
          "language": 0.9999244725324972,
          "alignment": 0.9997589059317454
        },
        "six_way_macro_f1": 0.8492960754465312,
        "six_way_balanced_accuracy": 0.88630541035641,
        "six_way_confusion_matrix": [
          [
            186,
            0,
            0,
            0,
            0,
            1
          ],
          [
            0,
            390,
            0,
            2,
            0,
            0
          ],
          [
            0,
            0,
            43,
            1,
            0,
            0
          ],
          [
            1,
            2,
            7,
            585,
            0,
            0
          ],
          [
            0,
            0,
            0,
            0,
            6,
            6
          ],
          [
            0,
            0,
            0,
            0,
            23,
            151
          ]
        ],
        "six_way_labels": [
          "visual",
          "language-prior",
          "alignment",
          "mixed",
          "unclear",
          "no-failure"
        ],
        "signature_mse": 0.005551941150731287
      },
      "prediction_sets": {
        "coverage": 0.8703703703703703,
        "average_set_size": 2.0982905982905984,
        "singleton_rate": 0.3126780626780627,
        "empty_set_rate": 0.1267806267806268
      },
      "action_counts": {
        "blur": 1320,
        "blank": 1383,
        "grounding": 1140,
        "brightness": 1125,
        "stop": 1404,
        "crop": 1183,
        "noise": 941,
        "relation": 14
      }
    },
    "proactive_global_aps|7|0.95": {
      "row_count": 1404,
      "mean_acquisition_cost": 5.061253561253562,
      "diagnostic": {
        "record_count": 1404,
        "source_bit_micro_f1": 0.9947196379180286,
        "source_bit_macro_f1": 0.9948442755506527,
        "source_bit_hamming_loss": 0.004985754985754986,
        "source_bit_auroc": {
          "visual": 0.9988369606175719,
          "language": 0.9999244725324972,
          "alignment": 0.9997589059317454
        },
        "six_way_macro_f1": 0.8492960754465312,
        "six_way_balanced_accuracy": 0.88630541035641,
        "six_way_confusion_matrix": [
          [
            186,
            0,
            0,
            0,
            0,
            1
          ],
          [
            0,
            390,
            0,
            2,
            0,
            0
          ],
          [
            0,
            0,
            43,
            1,
            0,
            0
          ],
          [
            1,
            2,
            7,
            585,
            0,
            0
          ],
          [
            0,
            0,
            0,
            0,
            6,
            6
          ],
          [
            0,
            0,
            0,
            0,
            23,
            151
          ]
        ],
        "six_way_labels": [
          "visual",
          "language-prior",
          "alignment",
          "mixed",
          "unclear",
          "no-failure"
        ],
        "signature_mse": 0.005551941150731287
      },
      "prediction_sets": {
        "coverage": 0.9985754985754985,
        "average_set_size": 4.0747863247863245,
        "singleton_rate": 0.18732193732193733,
        "empty_set_rate": 0.0
      },
      "action_counts": {
        "blur": 1320,
        "blank": 1383,
        "grounding": 1140,
        "brightness": 1125,
        "stop": 1404,
        "crop": 1183,
        "noise": 941,
        "relation": 14
      }
    }
  },
  "csv_path": "outputs/week8_ablations/reference/frontier_validation.csv",
  "csv_sha256": "2a34cc3de15199d3e89b573f1a8ecb67ce203d0a6525945af0b834f1ea9ff069",
  "trajectory_path": "outputs/week8_ablations/reference/trajectories_validation.jsonl",
  "trajectory_sha256": "7872a3f4af0087e67b955511baba5f44e2565466034e92f672b80a7ec21d7d2f",
  "report_sha256": "a771b044fcb815ccba6a4450ef549d6ef60c08f57a1195b291dda4a5223e31e0"
}
	Command being timed: "timeout --signal=TERM --kill-after=5m 707s env CUDA_VISIBLE_DEVICES=1 python scripts/eval_week8_ablation.py --week8_config configs/experiments/week8_evaluation.yaml --ablation_id reference --manifest_path outputs/week5_data/vectorized_manifest.json --diagnostic_checkpoint outputs/week5_checkpoints/diag_deep_sets_standard_seed42.best.pt --policy_checkpoint outputs/week6_checkpoints/policy_deep_sets_standard_lambda0_seed42.best.pt --aps_report outputs/week5_reports/temporary_aps_deep_sets_standard_seed42.json --freeze_manifest outputs/week7_frozen/main_stack_freeze.json --teacher_path outputs/teacher_core_contract_v1_recovered --output_dir outputs/week8_ablations/reference --budgets 1 2 3 4 7 --coverages 0.90 0.95 --seed 42 --device cuda:0 --resume"
	User time (seconds): 100.34
	System time (seconds): 6.33
	Percent of CPU this job got: 113%
	Elapsed (wall clock) time (h:mm:ss or m:ss): 1:34.15
	Average shared text size (kbytes): 0
	Average unshared data size (kbytes): 0
	Average stack size (kbytes): 0
	Average total size (kbytes): 0
	Maximum resident set size (kbytes): 1127964
	Average resident set size (kbytes): 0
	Major (requiring I/O) page faults: 0
	Minor (reclaiming a frame) page faults: 216417
	Voluntary context switches: 1627
	Involuntary context switches: 46000
	Swaps: 0
	File system inputs: 0
	File system outputs: 76072
	Socket messages sent: 0
	Socket messages received: 0
	Signals delivered: 0
	Page size (bytes): 4096
	Exit status: 0
reference validation frontier exit code: 0
===== no-VOI validation frontier =====
Timeout 613s; worker ceiling remaining 613s
{
  "format_version": "week8_ablation_frontier_v1",
  "status": "COMPLETE",
  "ablation_id": "no_voi_training",
  "evaluation_split": "val",
  "calibration_used": false,
  "test_used": false,
  "heldout_shift_used": false,
  "post_test_tuning_used": false,
  "seed": 42,
  "week8_config_sha256": "59748c18da7375db6140f05d6c5ec2670c6ce19eeb25b5931e94868ffe7d9cf6",
  "manifest_sha256": "1fac2c343e57ca8b6702c4e6a282a7b86a48042a6d133ba84612b5b1c50201ae",
  "diagnostic_checkpoint_sha256": "2e680eb8ff7859b0420577f0ffb3b06810e6f863deac25b87d7fb3170bf2fb06",
  "policy_checkpoint_sha256": "df3ac9b95e4ea4f7b2d79a420c994f882663a8509ed8865fd2d19644ce2eda3f",
  "aps_sha256": "af5b015ee18198370f38a40a34a907b8ab64d4d1bed2afe7e2e693c4d9e9138c",
  "freeze_manifest_sha256": "735b6b270eb177c8f0f08250104624d9fa8060f97095fc2f9adacc27873bd2ed",
  "budgets": [
    1,
    2,
    3,
    4,
    7
  ],
  "coverages": [
    0.9,
    0.95
  ],
  "base_model_instances": 1404,
  "teacher_files": [
    {
      "path": "outputs/teacher_core_contract_v1_recovered/teacher_gemma4_e4b_all_all_shard00-of-04.jsonl",
      "sha256": "46593391081546c310991894934b1436ecfcf1f07956104d59e9e8f4495e1948",
      "selected_rows": 175
    },
    {
      "path": "outputs/teacher_core_contract_v1_recovered/teacher_gemma4_e4b_all_all_shard01-of-04.jsonl",
      "sha256": "3c7d3ca72753bd49d8f344dd9e468877e75567132de20a81ce20467d52e096a9",
      "selected_rows": 180
    },
    {
      "path": "outputs/teacher_core_contract_v1_recovered/teacher_gemma4_e4b_all_all_shard02-of-04.jsonl",
      "sha256": "bff419cdd17e66ccd9eea1a83e248d5f58e16143d662ebd3ba33625b953018ec",
      "selected_rows": 163
    },
    {
      "path": "outputs/teacher_core_contract_v1_recovered/teacher_gemma4_e4b_all_all_shard03-of-04.jsonl",
      "sha256": "9538751d71a3f8a133be26c2de6d4a4b505b3c780a20ee10a15cd24cd0d8a84e",
      "selected_rows": 184
    },
    {
      "path": "outputs/teacher_core_contract_v1_recovered/teacher_qwen3_vl_8b_all_all_shard00-of-04.jsonl",
      "sha256": "53cc79788e76a9ddcf8df20812e5ca0ca7aa918dad85d249107f3b46003c5be4",
      "selected_rows": 162
    },
    {
      "path": "outputs/teacher_core_contract_v1_recovered/teacher_qwen3_vl_8b_all_all_shard01-of-04.jsonl",
      "sha256": "5bcb3927cfca370cce87c95df969dde3f24c26cd901c9733b63bb17180717c65",
      "selected_rows": 179
    },
    {
      "path": "outputs/teacher_core_contract_v1_recovered/teacher_qwen3_vl_8b_all_all_shard02-of-04.jsonl",
      "sha256": "0ae1afb49f1cf578282a62fafea38ffad93bc7d3220929469d31150e2f9c8711",
      "selected_rows": 174
    },
    {
      "path": "outputs/teacher_core_contract_v1_recovered/teacher_qwen3_vl_8b_all_all_shard03-of-04.jsonl",
      "sha256": "4dc9b657f4ea35d7e74e352157f25aee5bd1b2c9c99e13d33755f8f65d55031f",
      "selected_rows": 187
    }
  ],
  "global_aps_fit_split": "val",
  "global_aps_evaluation_split": "val",
  "global_aps_thresholds": {
    "0.9": 0.9999996423721313,
    "0.95": 1.0
  },
  "summaries": {
    "proactive|1|0.9": {
      "row_count": 1404,
      "mean_acquisition_cost": 1.0,
      "diagnostic": {
        "record_count": 1404,
        "source_bit_micro_f1": 0.8919896640826873,
        "source_bit_macro_f1": 0.894489951672881,
        "source_bit_hamming_loss": 0.09924026590693258,
        "source_bit_auroc": {
          "visual": 0.9404385330631116,
          "language": 0.9684540139787053,
          "alignment": 0.988094941181361
        },
        "six_way_macro_f1": 0.5856245136897642,
        "six_way_balanced_accuracy": 0.6800341766800765,
        "six_way_confusion_matrix": [
          [
            97,
            0,
            3,
            1,
            34,
            52
          ],
          [
            4,
            372,
            2,
            13,
            1,
            0
          ],
          [
            1,
            0,
            32,
            2,
            9,
            0
          ],
          [
            20,
            54,
            95,
            419,
            7,
            0
          ],
          [
            5,
            0,
            1,
            0,
            5,
            1
          ],
          [
            29,
            0,
            1,
            0,
            11,
            133
          ]
        ],
        "six_way_labels": [
          "visual",
          "language-prior",
          "alignment",
          "mixed",
          "unclear",
          "no-failure"
        ],
        "signature_mse": 0.03150416187846943
      },
      "prediction_sets": {
        "coverage": 0.8717948717948718,
        "average_set_size": 2.6666666666666665,
        "singleton_rate": 0.19515669515669515,
        "empty_set_rate": 0.10612535612535613
      },
      "action_counts": {
        "brightness": 51,
        "stop": 1404,
        "grounding": 209,
        "blank": 845,
        "blur": 278,
        "crop": 21
      }
    },
    "proactive|1|0.95": {
      "row_count": 1404,
      "mean_acquisition_cost": 1.0,
      "diagnostic": {
        "record_count": 1404,
        "source_bit_micro_f1": 0.8919896640826873,
        "source_bit_macro_f1": 0.894489951672881,
        "source_bit_hamming_loss": 0.09924026590693258,
        "source_bit_auroc": {
          "visual": 0.9404385330631116,
          "language": 0.9684540139787053,
          "alignment": 0.988094941181361
        },
        "six_way_macro_f1": 0.5856245136897642,
        "six_way_balanced_accuracy": 0.6800341766800765,
        "six_way_confusion_matrix": [
          [
            97,
            0,
            3,
            1,
            34,
            52
          ],
          [
            4,
            372,
            2,
            13,
            1,
            0
          ],
          [
            1,
            0,
            32,
            2,
            9,
            0
          ],
          [
            20,
            54,
            95,
            419,
            7,
            0
          ],
          [
            5,
            0,
            1,
            0,
            5,
            1
          ],
          [
            29,
            0,
            1,
            0,
            11,
            133
          ]
        ],
        "six_way_labels": [
          "visual",
          "language-prior",
          "alignment",
          "mixed",
          "unclear",
          "no-failure"
        ],
        "signature_mse": 0.03150416187846943
      },
      "prediction_sets": {
        "coverage": 0.9430199430199431,
        "average_set_size": 3.1018518518518516,
        "singleton_rate": 0.11467236467236468,
        "empty_set_rate": 0.054843304843304845
      },
      "action_counts": {
        "brightness": 51,
        "stop": 1404,
        "grounding": 209,
        "blank": 845,
        "blur": 278,
        "crop": 21
      }
    },
    "proactive|2|0.9": {
      "row_count": 1404,
      "mean_acquisition_cost": 1.995014245014245,
      "diagnostic": {
        "record_count": 1404,
        "source_bit_micro_f1": 0.9346524342619109,
        "source_bit_macro_f1": 0.9368216143902206,
        "source_bit_hamming_loss": 0.059591642924976256,
        "source_bit_auroc": {
          "visual": 0.9728060616553452,
          "language": 0.9865520282186948,
          "alignment": 0.9953298416261379
        },
        "six_way_macro_f1": 0.7111841966690968,
        "six_way_balanced_accuracy": 0.801808319984211,
        "six_way_confusion_matrix": [
          [
            148,
            0,
            2,
            0,
            19,
            18
          ],
          [
            2,
            382,
            0,
            5,
            0,
            3
          ],
          [
            0,
            0,
            40,
            1,
            3,
            0
          ],
          [
            15,
            32,
            44,
            498,
            4,
            2
          ],
          [
            3,
            0,
            0,
            0,
            6,
            3
          ],
          [
            6,
            0,
            3,
            0,
            26,
            139
          ]
        ],
        "six_way_labels": [
          "visual",
          "language-prior",
          "alignment",
          "mixed",
          "unclear",
          "no-failure"
        ],
        "signature_mse": 0.020217757630052846
      },
      "prediction_sets": {
        "coverage": 0.8368945868945868,
        "average_set_size": 2.1972934472934473,
        "singleton_rate": 0.2101139601139601,
        "empty_set_rate": 0.146011396011396
      },
      "action_counts": {
        "brightness": 77,
        "grounding": 529,
        "stop": 1404,
        "blur": 1088,
        "blank": 1022,
        "crop": 79,
        "noise": 2,
        "relation": 4
      }
    },
    "proactive|2|0.95": {
      "row_count": 1404,
      "mean_acquisition_cost": 1.995014245014245,
      "diagnostic": {
        "record_count": 1404,
        "source_bit_micro_f1": 0.9346524342619109,
        "source_bit_macro_f1": 0.9368216143902206,
        "source_bit_hamming_loss": 0.059591642924976256,
        "source_bit_auroc": {
          "visual": 0.9728060616553452,
          "language": 0.9865520282186948,
          "alignment": 0.9953298416261379
        },
        "six_way_macro_f1": 0.7111841966690968,
        "six_way_balanced_accuracy": 0.801808319984211,
        "six_way_confusion_matrix": [
          [
            148,
            0,
            2,
            0,
            19,
            18
          ],
          [
            2,
            382,
            0,
            5,
            0,
            3
          ],
          [
            0,
            0,
            40,
            1,
            3,
            0
          ],
          [
            15,
            32,
            44,
            498,
            4,
            2
          ],
          [
            3,
            0,
            0,
            0,
            6,
            3
          ],
          [
            6,
            0,
            3,
            0,
            26,
            139
          ]
        ],
        "six_way_labels": [
          "visual",
          "language-prior",
          "alignment",
          "mixed",
          "unclear",
          "no-failure"
        ],
        "signature_mse": 0.020217757630052846
      },
      "prediction_sets": {
        "coverage": 0.9166666666666666,
        "average_set_size": 2.7884615384615383,
        "singleton_rate": 0.12108262108262108,
        "empty_set_rate": 0.08048433048433049
      },
      "action_counts": {
        "brightness": 77,
        "grounding": 529,
        "stop": 1404,
        "blur": 1088,
        "blank": 1022,
        "crop": 79,
        "noise": 2,
        "relation": 4
      }
    },
    "proactive|3|0.9": {
      "row_count": 1404,
      "mean_acquisition_cost": 2.885327635327635,
      "diagnostic": {
        "record_count": 1404,
        "source_bit_micro_f1": 0.9629248197734295,
        "source_bit_macro_f1": 0.9647179978065611,
        "source_bit_hamming_loss": 0.03418803418803419,
        "source_bit_auroc": {
          "visual": 0.9838029962012811,
          "language": 0.9937087660853093,
          "alignment": 0.9986220226960968
        },
        "six_way_macro_f1": 0.7831345085150364,
        "six_way_balanced_accuracy": 0.8447770382970324,
        "six_way_confusion_matrix": [
          [
            165,
            0,
            0,
            0,
            6,
            16
          ],
          [
            0,
            387,
            0,
            4,
            0,
            1
          ],
          [
            0,
            0,
            41,
            1,
            2,
            0
          ],
          [
            2,
            26,
            24,
            542,
            0,
            1
          ],
          [
            1,
            0,
            0,
            0,
            6,
            5
          ],
          [
            4,
            0,
            0,
            0,
            21,
            149
          ]
        ],
        "six_way_labels": [
          "visual",
          "language-prior",
          "alignment",
          "mixed",
          "unclear",
          "no-failure"
        ],
        "signature_mse": 0.013689346822876054
      },
      "prediction_sets": {
        "coverage": 0.8233618233618234,
        "average_set_size": 2.004985754985755,
        "singleton_rate": 0.23148148148148148,
        "empty_set_rate": 0.16666666666666666
      },
      "action_counts": {
        "brightness": 305,
        "grounding": 866,
        "stop": 1404,
        "blur": 1234,
        "blank": 1165,
        "crop": 449,
        "noise": 27,
        "relation": 5
      }
    },
    "proactive|3|0.95": {
      "row_count": 1404,
      "mean_acquisition_cost": 2.885327635327635,
      "diagnostic": {
        "record_count": 1404,
        "source_bit_micro_f1": 0.9629248197734295,
        "source_bit_macro_f1": 0.9647179978065611,
        "source_bit_hamming_loss": 0.03418803418803419,
        "source_bit_auroc": {
          "visual": 0.9838029962012811,
          "language": 0.9937087660853093,
          "alignment": 0.9986220226960968
        },
        "six_way_macro_f1": 0.7831345085150364,
        "six_way_balanced_accuracy": 0.8447770382970324,
        "six_way_confusion_matrix": [
          [
            165,
            0,
            0,
            0,
            6,
            16
          ],
          [
            0,
            387,
            0,
            4,
            0,
            1
          ],
          [
            0,
            0,
            41,
            1,
            2,
            0
          ],
          [
            2,
            26,
            24,
            542,
            0,
            1
          ],
          [
            1,
            0,
            0,
            0,
            6,
            5
          ],
          [
            4,
            0,
            0,
            0,
            21,
            149
          ]
        ],
        "six_way_labels": [
          "visual",
          "language-prior",
          "alignment",
          "mixed",
          "unclear",
          "no-failure"
        ],
        "signature_mse": 0.013689346822876054
      },
      "prediction_sets": {
        "coverage": 0.9166666666666666,
        "average_set_size": 2.7955840455840457,
        "singleton_rate": 0.12037037037037036,
        "empty_set_rate": 0.08262108262108261
      },
      "action_counts": {
        "brightness": 305,
        "grounding": 866,
        "stop": 1404,
        "blur": 1234,
        "blank": 1165,
        "crop": 449,
        "noise": 27,
        "relation": 5
      }
    },
    "proactive|4|0.9": {
      "row_count": 1404,
      "mean_acquisition_cost": 3.5676638176638176,
      "diagnostic": {
        "record_count": 1404,
        "source_bit_micro_f1": 0.9783107935697882,
        "source_bit_macro_f1": 0.9792948942558998,
        "source_bit_hamming_loss": 0.020180436847103515,
        "source_bit_auroc": {
          "visual": 0.9917385503763074,
          "language": 0.9969217453785355,
          "alignment": 0.9987550401130648
        },
        "six_way_macro_f1": 0.8133666213912862,
        "six_way_balanced_accuracy": 0.8546583105551521,
        "six_way_confusion_matrix": [
          [
            178,
            0,
            0,
            0,
            3,
            6
          ],
          [
            0,
            390,
            0,
            1,
            0,
            1
          ],
          [
            0,
            0,
            42,
            1,
            1,
            0
          ],
          [
            0,
            18,
            13,
            564,
            0,
            0
          ],
          [
            0,
            0,
            0,
            0,
            5,
            7
          ],
          [
            0,
            0,
            0,
            0,
            24,
            150
          ]
        ],
        "six_way_labels": [
          "visual",
          "language-prior",
          "alignment",
          "mixed",
          "unclear",
          "no-failure"
        ],
        "signature_mse": 0.010073327099226467
      },
      "prediction_sets": {
        "coverage": 0.8212250712250713,
        "average_set_size": 1.8746438746438747,
        "singleton_rate": 0.27706552706552706,
        "empty_set_rate": 0.17022792022792022
      },
      "action_counts": {
        "brightness": 317,
        "grounding": 973,
        "blank": 1230,
        "stop": 1404,
        "blur": 1295,
        "crop": 1130,
        "noise": 59,
        "relation": 5
      }
    },
    "proactive|4|0.95": {
      "row_count": 1404,
      "mean_acquisition_cost": 3.5676638176638176,
      "diagnostic": {
        "record_count": 1404,
        "source_bit_micro_f1": 0.9783107935697882,
        "source_bit_macro_f1": 0.9792948942558998,
        "source_bit_hamming_loss": 0.020180436847103515,
        "source_bit_auroc": {
          "visual": 0.9917385503763074,
          "language": 0.9969217453785355,
          "alignment": 0.9987550401130648
        },
        "six_way_macro_f1": 0.8133666213912862,
        "six_way_balanced_accuracy": 0.8546583105551521,
        "six_way_confusion_matrix": [
          [
            178,
            0,
            0,
            0,
            3,
            6
          ],
          [
            0,
            390,
            0,
            1,
            0,
            1
          ],
          [
            0,
            0,
            42,
            1,
            1,
            0
          ],
          [
            0,
            18,
            13,
            564,
            0,
            0
          ],
          [
            0,
            0,
            0,
            0,
            5,
            7
          ],
          [
            0,
            0,
            0,
            0,
            24,
            150
          ]
        ],
        "six_way_labels": [
          "visual",
          "language-prior",
          "alignment",
          "mixed",
          "unclear",
          "no-failure"
        ],
        "signature_mse": 0.010073327099226467
      },
      "prediction_sets": {
        "coverage": 0.9002849002849003,
        "average_set_size": 2.814814814814815,
        "singleton_rate": 0.13319088319088318,
        "empty_set_rate": 0.099002849002849
      },
      "action_counts": {
        "brightness": 317,
        "grounding": 973,
        "blank": 1230,
        "stop": 1404,
        "blur": 1295,
        "crop": 1130,
        "noise": 59,
        "relation": 5
      }
    },
    "proactive|7|0.9": {
      "row_count": 1404,
      "mean_acquisition_cost": 4.513532763532764,
      "diagnostic": {
        "record_count": 1404,
        "source_bit_micro_f1": 0.9886047100531781,
        "source_bit_macro_f1": 0.9883650739069744,
        "source_bit_hamming_loss": 0.010683760683760684,
        "source_bit_auroc": {
          "visual": 0.9995641148374088,
          "language": 0.9970278920896205,
          "alignment": 0.9994762439206883
        },
        "six_way_macro_f1": 0.8494494776287543,
        "six_way_balanced_accuracy": 0.8740971937364289,
        "six_way_confusion_matrix": [
          [
            186,
            0,
            0,
            0,
            1,
            0
          ],
          [
            0,
            390,
            0,
            2,
            0,
            0
          ],
          [
            0,
            0,
            43,
            1,
            0,
            0
          ],
          [
            0,
            1,
            3,
            591,
            0,
            0
          ],
          [
            0,
            0,
            0,
            0,
            5,
            7
          ],
          [
            0,
            0,
            0,
            0,
            23,
            151
          ]
        ],
        "six_way_labels": [
          "visual",
          "language-prior",
          "alignment",
          "mixed",
          "unclear",
          "no-failure"
        ],
        "signature_mse": 0.011884531845882168
      },
      "prediction_sets": {
        "coverage": 0.8368945868945868,
        "average_set_size": 1.8561253561253561,
        "singleton_rate": 0.29273504273504275,
        "empty_set_rate": 0.16168091168091167
      },
      "action_counts": {
        "brightness": 985,
        "grounding": 1113,
        "blank": 1227,
        "stop": 1404,
        "blur": 1287,
        "crop": 1150,
        "noise": 564,
        "relation": 11
      }
    },
    "proactive|7|0.95": {
      "row_count": 1404,
      "mean_acquisition_cost": 4.513532763532764,
      "diagnostic": {
        "record_count": 1404,
        "source_bit_micro_f1": 0.9886047100531781,
        "source_bit_macro_f1": 0.9883650739069744,
        "source_bit_hamming_loss": 0.010683760683760684,
        "source_bit_auroc": {
          "visual": 0.9995641148374088,
          "language": 0.9970278920896205,
          "alignment": 0.9994762439206883
        },
        "six_way_macro_f1": 0.8494494776287543,
        "six_way_balanced_accuracy": 0.8740971937364289,
        "six_way_confusion_matrix": [
          [
            186,
            0,
            0,
            0,
            1,
            0
          ],
          [
            0,
            390,
            0,
            2,
            0,
            0
          ],
          [
            0,
            0,
            43,
            1,
            0,
            0
          ],
          [
            0,
            1,
            3,
            591,
            0,
            0
          ],
          [
            0,
            0,
            0,
            0,
            5,
            7
          ],
          [
            0,
            0,
            0,
            0,
            23,
            151
          ]
        ],
        "six_way_labels": [
          "visual",
          "language-prior",
          "alignment",
          "mixed",
          "unclear",
          "no-failure"
        ],
        "signature_mse": 0.011884531845882168
      },
      "prediction_sets": {
        "coverage": 0.8995726495726496,
        "average_set_size": 3.74002849002849,
        "singleton_rate": 0.0754985754985755,
        "empty_set_rate": 0.09971509971509972
      },
      "action_counts": {
        "brightness": 985,
        "grounding": 1113,
        "blank": 1227,
        "stop": 1404,
        "blur": 1287,
        "crop": 1150,
        "noise": 564,
        "relation": 11
      }
    },
    "proactive_no_stop|1|0.9": {
      "row_count": 1404,
      "mean_acquisition_cost": 1.0,
      "diagnostic": {
        "record_count": 1404,
        "source_bit_micro_f1": 0.8919896640826873,
        "source_bit_macro_f1": 0.894489951672881,
        "source_bit_hamming_loss": 0.09924026590693258,
        "source_bit_auroc": {
          "visual": 0.9404385330631116,
          "language": 0.9684540139787053,
          "alignment": 0.988094941181361
        },
        "six_way_macro_f1": 0.5856245136897642,
        "six_way_balanced_accuracy": 0.6800341766800765,
        "six_way_confusion_matrix": [
          [
            97,
            0,
            3,
            1,
            34,
            52
          ],
          [
            4,
            372,
            2,
            13,
            1,
            0
          ],
          [
            1,
            0,
            32,
            2,
            9,
            0
          ],
          [
            20,
            54,
            95,
            419,
            7,
            0
          ],
          [
            5,
            0,
            1,
            0,
            5,
            1
          ],
          [
            29,
            0,
            1,
            0,
            11,
            133
          ]
        ],
        "six_way_labels": [
          "visual",
          "language-prior",
          "alignment",
          "mixed",
          "unclear",
          "no-failure"
        ],
        "signature_mse": 0.03150416187846943
      },
      "prediction_sets": {
        "coverage": 0.8717948717948718,
        "average_set_size": 2.6666666666666665,
        "singleton_rate": 0.19515669515669515,
        "empty_set_rate": 0.10612535612535613
      },
      "action_counts": {
        "brightness": 51,
        "stop": 1404,
        "grounding": 209,
        "blank": 845,
        "blur": 278,
        "crop": 21
      }
    },
    "proactive_no_stop|1|0.95": {
      "row_count": 1404,
      "mean_acquisition_cost": 1.0,
      "diagnostic": {
        "record_count": 1404,
        "source_bit_micro_f1": 0.8919896640826873,
        "source_bit_macro_f1": 0.894489951672881,
        "source_bit_hamming_loss": 0.09924026590693258,
        "source_bit_auroc": {
          "visual": 0.9404385330631116,
          "language": 0.9684540139787053,
          "alignment": 0.988094941181361
        },
        "six_way_macro_f1": 0.5856245136897642,
        "six_way_balanced_accuracy": 0.6800341766800765,
        "six_way_confusion_matrix": [
          [
            97,
            0,
            3,
            1,
            34,
            52
          ],
          [
            4,
            372,
            2,
            13,
            1,
            0
          ],
          [
            1,
            0,
            32,
            2,
            9,
            0
          ],
          [
            20,
            54,
            95,
            419,
            7,
            0
          ],
          [
            5,
            0,
            1,
            0,
            5,
            1
          ],
          [
            29,
            0,
            1,
            0,
            11,
            133
          ]
        ],
        "six_way_labels": [
          "visual",
          "language-prior",
          "alignment",
          "mixed",
          "unclear",
          "no-failure"
        ],
        "signature_mse": 0.03150416187846943
      },
      "prediction_sets": {
        "coverage": 0.9430199430199431,
        "average_set_size": 3.1018518518518516,
        "singleton_rate": 0.11467236467236468,
        "empty_set_rate": 0.054843304843304845
      },
      "action_counts": {
        "brightness": 51,
        "stop": 1404,
        "grounding": 209,
        "blank": 845,
        "blur": 278,
        "crop": 21
      }
    },
    "proactive_no_stop|2|0.9": {
      "row_count": 1404,
      "mean_acquisition_cost": 2.0,
      "diagnostic": {
        "record_count": 1404,
        "source_bit_micro_f1": 0.9346524342619109,
        "source_bit_macro_f1": 0.9368216143902206,
        "source_bit_hamming_loss": 0.059591642924976256,
        "source_bit_auroc": {
          "visual": 0.9728101353484535,
          "language": 0.9868316839767457,
          "alignment": 0.9953298416261379
        },
        "six_way_macro_f1": 0.7111841966690968,
        "six_way_balanced_accuracy": 0.801808319984211,
        "six_way_confusion_matrix": [
          [
            148,
            0,
            2,
            0,
            19,
            18
          ],
          [
            2,
            382,
            0,
            5,
            0,
            3
          ],
          [
            0,
            0,
            40,
            1,
            3,
            0
          ],
          [
            15,
            32,
            44,
            498,
            4,
            2
          ],
          [
            3,
            0,
            0,
            0,
            6,
            3
          ],
          [
            6,
            0,
            3,
            0,
            26,
            139
          ]
        ],
        "six_way_labels": [
          "visual",
          "language-prior",
          "alignment",
          "mixed",
          "unclear",
          "no-failure"
        ],
        "signature_mse": 0.02015797004236532
      },
      "prediction_sets": {
        "coverage": 0.8368945868945868,
        "average_set_size": 2.1958689458689458,
        "singleton_rate": 0.21153846153846154,
        "empty_set_rate": 0.146011396011396
      },
      "action_counts": {
        "brightness": 79,
        "grounding": 531,
        "stop": 1404,
        "blur": 1088,
        "blank": 1024,
        "crop": 80,
        "noise": 2,
        "relation": 4
      }
    },
    "proactive_no_stop|2|0.95": {
      "row_count": 1404,
      "mean_acquisition_cost": 2.0,
      "diagnostic": {
        "record_count": 1404,
        "source_bit_micro_f1": 0.9346524342619109,
        "source_bit_macro_f1": 0.9368216143902206,
        "source_bit_hamming_loss": 0.059591642924976256,
        "source_bit_auroc": {
          "visual": 0.9728101353484535,
          "language": 0.9868316839767457,
          "alignment": 0.9953298416261379
        },
        "six_way_macro_f1": 0.7111841966690968,
        "six_way_balanced_accuracy": 0.801808319984211,
        "six_way_confusion_matrix": [
          [
            148,
            0,
            2,
            0,
            19,
            18
          ],
          [
            2,
            382,
            0,
            5,
            0,
            3
          ],
          [
            0,
            0,
            40,
            1,
            3,
            0
          ],
          [
            15,
            32,
            44,
            498,
            4,
            2
          ],
          [
            3,
            0,
            0,
            0,
            6,
            3
          ],
          [
            6,
            0,
            3,
            0,
            26,
            139
          ]
        ],
        "six_way_labels": [
          "visual",
          "language-prior",
          "alignment",
          "mixed",
          "unclear",
          "no-failure"
        ],
        "signature_mse": 0.02015797004236532
      },
      "prediction_sets": {
        "coverage": 0.9173789173789174,
        "average_set_size": 2.7877492877492878,
        "singleton_rate": 0.12321937321937322,
        "empty_set_rate": 0.07977207977207977
      },
      "action_counts": {
        "brightness": 79,
        "grounding": 531,
        "stop": 1404,
        "blur": 1088,
        "blank": 1024,
        "crop": 80,
        "noise": 2,
        "relation": 4
      }
    },
    "proactive_no_stop|3|0.9": {
      "row_count": 1404,
      "mean_acquisition_cost": 3.0,
      "diagnostic": {
        "record_count": 1404,
        "source_bit_micro_f1": 0.9681724845995893,
        "source_bit_macro_f1": 0.9701198288936675,
        "source_bit_hamming_loss": 0.029439696106362774,
        "source_bit_auroc": {
          "visual": 0.9838702121375686,
          "language": 0.9973320432425371,
          "alignment": 0.9986843746103005
        },
        "six_way_macro_f1": 0.7838414326229307,
        "six_way_balanced_accuracy": 0.8457724364562962,
        "six_way_confusion_matrix": [
          [
            165,
            0,
            0,
            0,
            6,
            16
          ],
          [
            0,
            390,
            0,
            1,
            0,
            1
          ],
          [
            0,
            0,
            41,
            1,
            2,
            0
          ],
          [
            2,
            27,
            24,
            541,
            0,
            1
          ],
          [
            1,
            0,
            0,
            0,
            6,
            5
          ],
          [
            4,
            0,
            0,
            0,
            21,
            149
          ]
        ],
        "six_way_labels": [
          "visual",
          "language-prior",
          "alignment",
          "mixed",
          "unclear",
          "no-failure"
        ],
        "signature_mse": 0.010657413956591474
      },
      "prediction_sets": {
        "coverage": 0.8226495726495726,
        "average_set_size": 1.9907407407407407,
        "singleton_rate": 0.23148148148148148,
        "empty_set_rate": 0.16737891737891739
      },
      "action_counts": {
        "brightness": 328,
        "grounding": 880,
        "blank": 1231,
        "stop": 1404,
        "blur": 1237,
        "crop": 497,
        "noise": 34,
        "relation": 5
      }
    },
    "proactive_no_stop|3|0.95": {
      "row_count": 1404,
      "mean_acquisition_cost": 3.0,
      "diagnostic": {
        "record_count": 1404,
        "source_bit_micro_f1": 0.9681724845995893,
        "source_bit_macro_f1": 0.9701198288936675,
        "source_bit_hamming_loss": 0.029439696106362774,
        "source_bit_auroc": {
          "visual": 0.9838702121375686,
          "language": 0.9973320432425371,
          "alignment": 0.9986843746103005
        },
        "six_way_macro_f1": 0.7838414326229307,
        "six_way_balanced_accuracy": 0.8457724364562962,
        "six_way_confusion_matrix": [
          [
            165,
            0,
            0,
            0,
            6,
            16
          ],
          [
            0,
            390,
            0,
            1,
            0,
            1
          ],
          [
            0,
            0,
            41,
            1,
            2,
            0
          ],
          [
            2,
            27,
            24,
            541,
            0,
            1
          ],
          [
            1,
            0,
            0,
            0,
            6,
            5
          ],
          [
            4,
            0,
            0,
            0,
            21,
            149
          ]
        ],
        "six_way_labels": [
          "visual",
          "language-prior",
          "alignment",
          "mixed",
          "unclear",
          "no-failure"
        ],
        "signature_mse": 0.010657413956591474
      },
      "prediction_sets": {
        "coverage": 0.9088319088319088,
        "average_set_size": 2.762108262108262,
        "singleton_rate": 0.1267806267806268,
        "empty_set_rate": 0.09045584045584046
      },
      "action_counts": {
        "brightness": 328,
        "grounding": 880,
        "blank": 1231,
        "stop": 1404,
        "blur": 1237,
        "crop": 497,
        "noise": 34,
        "relation": 5
      }
    },
    "proactive_no_stop|4|0.9": {
      "row_count": 1404,
      "mean_acquisition_cost": 4.0,
      "diagnostic": {
        "record_count": 1404,
        "source_bit_micro_f1": 0.9834983498349835,
        "source_bit_macro_f1": 0.9845519159835098,
        "source_bit_hamming_loss": 0.015432098765432098,
        "source_bit_auroc": {
          "visual": 0.9917385503763075,
          "language": 0.9997285093735712,
          "alignment": 0.9985513571933324
        },
        "six_way_macro_f1": 0.8133666213912862,
        "six_way_balanced_accuracy": 0.8546583105551521,
        "six_way_confusion_matrix": [
          [
            178,
            0,
            0,
            0,
            3,
            6
          ],
          [
            0,
            390,
            0,
            1,
            0,
            1
          ],
          [
            0,
            0,
            42,
            1,
            1,
            0
          ],
          [
            0,
            18,
            13,
            564,
            0,
            0
          ],
          [
            0,
            0,
            0,
            0,
            5,
            7
          ],
          [
            0,
            0,
            0,
            0,
            24,
            150
          ]
        ],
        "six_way_labels": [
          "visual",
          "language-prior",
          "alignment",
          "mixed",
          "unclear",
          "no-failure"
        ],
        "signature_mse": 0.005335231765038373
      },
      "prediction_sets": {
        "coverage": 0.8304843304843305,
        "average_set_size": 1.8596866096866096,
        "singleton_rate": 0.31054131054131057,
        "empty_set_rate": 0.16096866096866097
      },
      "action_counts": {
        "brightness": 601,
        "grounding": 974,
        "blank": 1349,
        "blur": 1311,
        "stop": 1404,
        "crop": 1252,
        "noise": 123,
        "relation": 6
      }
    },
    "proactive_no_stop|4|0.95": {
      "row_count": 1404,
      "mean_acquisition_cost": 4.0,
      "diagnostic": {
        "record_count": 1404,
        "source_bit_micro_f1": 0.9834983498349835,
        "source_bit_macro_f1": 0.9845519159835098,
        "source_bit_hamming_loss": 0.015432098765432098,
        "source_bit_auroc": {
          "visual": 0.9917385503763075,
          "language": 0.9997285093735712,
          "alignment": 0.9985513571933324
        },
        "six_way_macro_f1": 0.8133666213912862,
        "six_way_balanced_accuracy": 0.8546583105551521,
        "six_way_confusion_matrix": [
          [
            178,
            0,
            0,
            0,
            3,
            6
          ],
          [
            0,
            390,
            0,
            1,
            0,
            1
          ],
          [
            0,
            0,
            42,
            1,
            1,
            0
          ],
          [
            0,
            18,
            13,
            564,
            0,
            0
          ],
          [
            0,
            0,
            0,
            0,
            5,
            7
          ],
          [
            0,
            0,
            0,
            0,
            24,
            150
          ]
        ],
        "six_way_labels": [
          "visual",
          "language-prior",
          "alignment",
          "mixed",
          "unclear",
          "no-failure"
        ],
        "signature_mse": 0.005335231765038373
      },
      "prediction_sets": {
        "coverage": 0.8938746438746439,
        "average_set_size": 2.782051282051282,
        "singleton_rate": 0.18233618233618235,
        "empty_set_rate": 0.10541310541310542
      },
      "action_counts": {
        "brightness": 601,
        "grounding": 974,
        "blank": 1349,
        "blur": 1311,
        "stop": 1404,
        "crop": 1252,
        "noise": 123,
        "relation": 6
      }
    },
    "proactive_no_stop|7|0.9": {
      "row_count": 1404,
      "mean_acquisition_cost": 6.011396011396012,
      "diagnostic": {
        "record_count": 1404,
        "source_bit_micro_f1": 0.9969849246231156,
        "source_bit_macro_f1": 0.9970492589980061,
        "source_bit_hamming_loss": 0.002849002849002849,
        "source_bit_auroc": {
          "visual": 0.9999490788361459,
          "language": 0.9999918348683781,
          "alignment": 0.9997464355489047
        },
        "six_way_macro_f1": 0.8582522796095753,
        "six_way_balanced_accuracy": 0.8888773482224656,
        "six_way_confusion_matrix": [
          [
            187,
            0,
            0,
            0,
            0,
            0
          ],
          [
            0,
            390,
            0,
            2,
            0,
            0
          ],
          [
            0,
            0,
            43,
            1,
            0,
            0
          ],
          [
            1,
            0,
            3,
            591,
            0,
            0
          ],
          [
            0,
            0,
            0,
            0,
            6,
            6
          ],
          [
            0,
            0,
            0,
            0,
            23,
            151
          ]
        ],
        "six_way_labels": [
          "visual",
          "language-prior",
          "alignment",
          "mixed",
          "unclear",
          "no-failure"
        ],
        "signature_mse": 0.004559100802819239
      },
      "prediction_sets": {
        "coverage": 0.8703703703703703,
        "average_set_size": 1.814102564102564,
        "singleton_rate": 0.3789173789173789,
        "empty_set_rate": 0.1267806267806268
      },
      "action_counts": {
        "brightness": 1404,
        "grounding": 1404,
        "blank": 1404,
        "blur": 1404,
        "crop": 1404,
        "noise": 1404,
        "stop": 1404,
        "relation": 16
      }
    },
    "proactive_no_stop|7|0.95": {
      "row_count": 1404,
      "mean_acquisition_cost": 6.011396011396012,
      "diagnostic": {
        "record_count": 1404,
        "source_bit_micro_f1": 0.9969849246231156,
        "source_bit_macro_f1": 0.9970492589980061,
        "source_bit_hamming_loss": 0.002849002849002849,
        "source_bit_auroc": {
          "visual": 0.9999490788361459,
          "language": 0.9999918348683781,
          "alignment": 0.9997464355489047
        },
        "six_way_macro_f1": 0.8582522796095753,
        "six_way_balanced_accuracy": 0.8888773482224656,
        "six_way_confusion_matrix": [
          [
            187,
            0,
            0,
            0,
            0,
            0
          ],
          [
            0,
            390,
            0,
            2,
            0,
            0
          ],
          [
            0,
            0,
            43,
            1,
            0,
            0
          ],
          [
            1,
            0,
            3,
            591,
            0,
            0
          ],
          [
            0,
            0,
            0,
            0,
            6,
            6
          ],
          [
            0,
            0,
            0,
            0,
            23,
            151
          ]
        ],
        "six_way_labels": [
          "visual",
          "language-prior",
          "alignment",
          "mixed",
          "unclear",
          "no-failure"
        ],
        "signature_mse": 0.004559100802819239
      },
      "prediction_sets": {
        "coverage": 0.8974358974358975,
        "average_set_size": 3.5263532763532766,
        "singleton_rate": 0.17592592592592593,
        "empty_set_rate": 0.10113960113960115
      },
      "action_counts": {
        "brightness": 1404,
        "grounding": 1404,
        "blank": 1404,
        "blur": 1404,
        "crop": 1404,
        "noise": 1404,
        "stop": 1404,
        "relation": 16
      }
    },
    "proactive_global_aps|1|0.9": {
      "row_count": 1404,
      "mean_acquisition_cost": 1.0,
      "diagnostic": {
        "record_count": 1404,
        "source_bit_micro_f1": 0.8919896640826873,
        "source_bit_macro_f1": 0.894489951672881,
        "source_bit_hamming_loss": 0.09924026590693258,
        "source_bit_auroc": {
          "visual": 0.9404385330631116,
          "language": 0.9684540139787053,
          "alignment": 0.988094941181361
        },
        "six_way_macro_f1": 0.5856245136897642,
        "six_way_balanced_accuracy": 0.6800341766800765,
        "six_way_confusion_matrix": [
          [
            97,
            0,
            3,
            1,
            34,
            52
          ],
          [
            4,
            372,
            2,
            13,
            1,
            0
          ],
          [
            1,
            0,
            32,
            2,
            9,
            0
          ],
          [
            20,
            54,
            95,
            419,
            7,
            0
          ],
          [
            5,
            0,
            1,
            0,
            5,
            1
          ],
          [
            29,
            0,
            1,
            0,
            11,
            133
          ]
        ],
        "six_way_labels": [
          "visual",
          "language-prior",
          "alignment",
          "mixed",
          "unclear",
          "no-failure"
        ],
        "signature_mse": 0.03150416187846943
      },
      "prediction_sets": {
        "coverage": 0.9793447293447294,
        "average_set_size": 3.438746438746439,
        "singleton_rate": 0.11324786324786325,
        "empty_set_rate": 0.019230769230769232
      },
      "action_counts": {
        "brightness": 51,
        "stop": 1404,
        "grounding": 209,
        "blank": 845,
        "blur": 278,
        "crop": 21
      }
    },
    "proactive_global_aps|1|0.95": {
      "row_count": 1404,
      "mean_acquisition_cost": 1.0,
      "diagnostic": {
        "record_count": 1404,
        "source_bit_micro_f1": 0.8919896640826873,
        "source_bit_macro_f1": 0.894489951672881,
        "source_bit_hamming_loss": 0.09924026590693258,
        "source_bit_auroc": {
          "visual": 0.9404385330631116,
          "language": 0.9684540139787053,
          "alignment": 0.988094941181361
        },
        "six_way_macro_f1": 0.5856245136897642,
        "six_way_balanced_accuracy": 0.6800341766800765,
        "six_way_confusion_matrix": [
          [
            97,
            0,
            3,
            1,
            34,
            52
          ],
          [
            4,
            372,
            2,
            13,
            1,
            0
          ],
          [
            1,
            0,
            32,
            2,
            9,
            0
          ],
          [
            20,
            54,
            95,
            419,
            7,
            0
          ],
          [
            5,
            0,
            1,
            0,
            5,
            1
          ],
          [
            29,
            0,
            1,
            0,
            11,
            133
          ]
        ],
        "six_way_labels": [
          "visual",
          "language-prior",
          "alignment",
          "mixed",
          "unclear",
          "no-failure"
        ],
        "signature_mse": 0.03150416187846943
      },
      "prediction_sets": {
        "coverage": 1.0,
        "average_set_size": 4.957264957264957,
        "singleton_rate": 0.020655270655270654,
        "empty_set_rate": 0.0
      },
      "action_counts": {
        "brightness": 51,
        "stop": 1404,
        "grounding": 209,
        "blank": 845,
        "blur": 278,
        "crop": 21
      }
    },
    "proactive_global_aps|2|0.9": {
      "row_count": 1404,
      "mean_acquisition_cost": 1.995014245014245,
      "diagnostic": {
        "record_count": 1404,
        "source_bit_micro_f1": 0.9346524342619109,
        "source_bit_macro_f1": 0.9368216143902206,
        "source_bit_hamming_loss": 0.059591642924976256,
        "source_bit_auroc": {
          "visual": 0.9728060616553452,
          "language": 0.9865520282186948,
          "alignment": 0.9953298416261379
        },
        "six_way_macro_f1": 0.7111841966690968,
        "six_way_balanced_accuracy": 0.801808319984211,
        "six_way_confusion_matrix": [
          [
            148,
            0,
            2,
            0,
            19,
            18
          ],
          [
            2,
            382,
            0,
            5,
            0,
            3
          ],
          [
            0,
            0,
            40,
            1,
            3,
            0
          ],
          [
            15,
            32,
            44,
            498,
            4,
            2
          ],
          [
            3,
            0,
            0,
            0,
            6,
            3
          ],
          [
            6,
            0,
            3,
            0,
            26,
            139
          ]
        ],
        "six_way_labels": [
          "visual",
          "language-prior",
          "alignment",
          "mixed",
          "unclear",
          "no-failure"
        ],
        "signature_mse": 0.020217757630052846
      },
      "prediction_sets": {
        "coverage": 0.9166666666666666,
        "average_set_size": 2.7884615384615383,
        "singleton_rate": 0.12108262108262108,
        "empty_set_rate": 0.08048433048433049
      },
      "action_counts": {
        "brightness": 77,
        "grounding": 529,
        "stop": 1404,
        "blur": 1088,
        "blank": 1022,
        "crop": 79,
        "noise": 2,
        "relation": 4
      }
    },
    "proactive_global_aps|2|0.95": {
      "row_count": 1404,
      "mean_acquisition_cost": 1.995014245014245,
      "diagnostic": {
        "record_count": 1404,
        "source_bit_micro_f1": 0.9346524342619109,
        "source_bit_macro_f1": 0.9368216143902206,
        "source_bit_hamming_loss": 0.059591642924976256,
        "source_bit_auroc": {
          "visual": 0.9728060616553452,
          "language": 0.9865520282186948,
          "alignment": 0.9953298416261379
        },
        "six_way_macro_f1": 0.7111841966690968,
        "six_way_balanced_accuracy": 0.801808319984211,
        "six_way_confusion_matrix": [
          [
            148,
            0,
            2,
            0,
            19,
            18
          ],
          [
            2,
            382,
            0,
            5,
            0,
            3
          ],
          [
            0,
            0,
            40,
            1,
            3,
            0
          ],
          [
            15,
            32,
            44,
            498,
            4,
            2
          ],
          [
            3,
            0,
            0,
            0,
            6,
            3
          ],
          [
            6,
            0,
            3,
            0,
            26,
            139
          ]
        ],
        "six_way_labels": [
          "visual",
          "language-prior",
          "alignment",
          "mixed",
          "unclear",
          "no-failure"
        ],
        "signature_mse": 0.020217757630052846
      },
      "prediction_sets": {
        "coverage": 1.0,
        "average_set_size": 4.585470085470085,
        "singleton_rate": 0.06837606837606838,
        "empty_set_rate": 0.0
      },
      "action_counts": {
        "brightness": 77,
        "grounding": 529,
        "stop": 1404,
        "blur": 1088,
        "blank": 1022,
        "crop": 79,
        "noise": 2,
        "relation": 4
      }
    },
    "proactive_global_aps|3|0.9": {
      "row_count": 1404,
      "mean_acquisition_cost": 2.885327635327635,
      "diagnostic": {
        "record_count": 1404,
        "source_bit_micro_f1": 0.9629248197734295,
        "source_bit_macro_f1": 0.9647179978065611,
        "source_bit_hamming_loss": 0.03418803418803419,
        "source_bit_auroc": {
          "visual": 0.9838029962012811,
          "language": 0.9937087660853093,
          "alignment": 0.9986220226960968
        },
        "six_way_macro_f1": 0.7831345085150364,
        "six_way_balanced_accuracy": 0.8447770382970324,
        "six_way_confusion_matrix": [
          [
            165,
            0,
            0,
            0,
            6,
            16
          ],
          [
            0,
            387,
            0,
            4,
            0,
            1
          ],
          [
            0,
            0,
            41,
            1,
            2,
            0
          ],
          [
            2,
            26,
            24,
            542,
            0,
            1
          ],
          [
            1,
            0,
            0,
            0,
            6,
            5
          ],
          [
            4,
            0,
            0,
            0,
            21,
            149
          ]
        ],
        "six_way_labels": [
          "visual",
          "language-prior",
          "alignment",
          "mixed",
          "unclear",
          "no-failure"
        ],
        "signature_mse": 0.013689346822876054
      },
      "prediction_sets": {
        "coverage": 0.8839031339031339,
        "average_set_size": 2.450854700854701,
        "singleton_rate": 0.14316239316239315,
        "empty_set_rate": 0.11467236467236468
      },
      "action_counts": {
        "brightness": 305,
        "grounding": 866,
        "stop": 1404,
        "blur": 1234,
        "blank": 1165,
        "crop": 449,
        "noise": 27,
        "relation": 5
      }
    },
    "proactive_global_aps|3|0.95": {
      "row_count": 1404,
      "mean_acquisition_cost": 2.885327635327635,
      "diagnostic": {
        "record_count": 1404,
        "source_bit_micro_f1": 0.9629248197734295,
        "source_bit_macro_f1": 0.9647179978065611,
        "source_bit_hamming_loss": 0.03418803418803419,
        "source_bit_auroc": {
          "visual": 0.9838029962012811,
          "language": 0.9937087660853093,
          "alignment": 0.9986220226960968
        },
        "six_way_macro_f1": 0.7831345085150364,
        "six_way_balanced_accuracy": 0.8447770382970324,
        "six_way_confusion_matrix": [
          [
            165,
            0,
            0,
            0,
            6,
            16
          ],
          [
            0,
            387,
            0,
            4,
            0,
            1
          ],
          [
            0,
            0,
            41,
            1,
            2,
            0
          ],
          [
            2,
            26,
            24,
            542,
            0,
            1
          ],
          [
            1,
            0,
            0,
            0,
            6,
            5
          ],
          [
            4,
            0,
            0,
            0,
            21,
            149
          ]
        ],
        "six_way_labels": [
          "visual",
          "language-prior",
          "alignment",
          "mixed",
          "unclear",
          "no-failure"
        ],
        "signature_mse": 0.013689346822876054
      },
      "prediction_sets": {
        "coverage": 0.9992877492877493,
        "average_set_size": 4.414529914529915,
        "singleton_rate": 0.10185185185185185,
        "empty_set_rate": 0.0
      },
      "action_counts": {
        "brightness": 305,
        "grounding": 866,
        "stop": 1404,
        "blur": 1234,
        "blank": 1165,
        "crop": 449,
        "noise": 27,
        "relation": 5
      }
    },
    "proactive_global_aps|4|0.9": {
      "row_count": 1404,
      "mean_acquisition_cost": 3.5676638176638176,
      "diagnostic": {
        "record_count": 1404,
        "source_bit_micro_f1": 0.9783107935697882,
        "source_bit_macro_f1": 0.9792948942558998,
        "source_bit_hamming_loss": 0.020180436847103515,
        "source_bit_auroc": {
          "visual": 0.9917385503763074,
          "language": 0.9969217453785355,
          "alignment": 0.9987550401130648
        },
        "six_way_macro_f1": 0.8133666213912862,
        "six_way_balanced_accuracy": 0.8546583105551521,
        "six_way_confusion_matrix": [
          [
            178,
            0,
            0,
            0,
            3,
            6
          ],
          [
            0,
            390,
            0,
            1,
            0,
            1
          ],
          [
            0,
            0,
            42,
            1,
            1,
            0
          ],
          [
            0,
            18,
            13,
            564,
            0,
            0
          ],
          [
            0,
            0,
            0,
            0,
            5,
            7
          ],
          [
            0,
            0,
            0,
            0,
            24,
            150
          ]
        ],
        "six_way_labels": [
          "visual",
          "language-prior",
          "alignment",
          "mixed",
          "unclear",
          "no-failure"
        ],
        "signature_mse": 0.010073327099226467
      },
      "prediction_sets": {
        "coverage": 0.8646723646723646,
        "average_set_size": 2.207977207977208,
        "singleton_rate": 0.2094017094017094,
        "empty_set_rate": 0.13247863247863248
      },
      "action_counts": {
        "brightness": 317,
        "grounding": 973,
        "blank": 1230,
        "stop": 1404,
        "blur": 1295,
        "crop": 1130,
        "noise": 59,
        "relation": 5
      }
    },
    "proactive_global_aps|4|0.95": {
      "row_count": 1404,
      "mean_acquisition_cost": 3.5676638176638176,
      "diagnostic": {
        "record_count": 1404,
        "source_bit_micro_f1": 0.9783107935697882,
        "source_bit_macro_f1": 0.9792948942558998,
        "source_bit_hamming_loss": 0.020180436847103515,
        "source_bit_auroc": {
          "visual": 0.9917385503763074,
          "language": 0.9969217453785355,
          "alignment": 0.9987550401130648
        },
        "six_way_macro_f1": 0.8133666213912862,
        "six_way_balanced_accuracy": 0.8546583105551521,
        "six_way_confusion_matrix": [
          [
            178,
            0,
            0,
            0,
            3,
            6
          ],
          [
            0,
            390,
            0,
            1,
            0,
            1
          ],
          [
            0,
            0,
            42,
            1,
            1,
            0
          ],
          [
            0,
            18,
            13,
            564,
            0,
            0
          ],
          [
            0,
            0,
            0,
            0,
            5,
            7
          ],
          [
            0,
            0,
            0,
            0,
            24,
            150
          ]
        ],
        "six_way_labels": [
          "visual",
          "language-prior",
          "alignment",
          "mixed",
          "unclear",
          "no-failure"
        ],
        "signature_mse": 0.010073327099226467
      },
      "prediction_sets": {
        "coverage": 1.0,
        "average_set_size": 4.1915954415954415,
        "singleton_rate": 0.13247863247863248,
        "empty_set_rate": 0.0
      },
      "action_counts": {
        "brightness": 317,
        "grounding": 973,
        "blank": 1230,
        "stop": 1404,
        "blur": 1295,
        "crop": 1130,
        "noise": 59,
        "relation": 5
      }
    },
    "proactive_global_aps|7|0.9": {
      "row_count": 1404,
      "mean_acquisition_cost": 4.513532763532764,
      "diagnostic": {
        "record_count": 1404,
        "source_bit_micro_f1": 0.9886047100531781,
        "source_bit_macro_f1": 0.9883650739069744,
        "source_bit_hamming_loss": 0.010683760683760684,
        "source_bit_auroc": {
          "visual": 0.9995641148374088,
          "language": 0.9970278920896205,
          "alignment": 0.9994762439206883
        },
        "six_way_macro_f1": 0.8494494776287543,
        "six_way_balanced_accuracy": 0.8740971937364289,
        "six_way_confusion_matrix": [
          [
            186,
            0,
            0,
            0,
            1,
            0
          ],
          [
            0,
            390,
            0,
            2,
            0,
            0
          ],
          [
            0,
            0,
            43,
            1,
            0,
            0
          ],
          [
            0,
            1,
            3,
            591,
            0,
            0
          ],
          [
            0,
            0,
            0,
            0,
            5,
            7
          ],
          [
            0,
            0,
            0,
            0,
            23,
            151
          ]
        ],
        "six_way_labels": [
          "visual",
          "language-prior",
          "alignment",
          "mixed",
          "unclear",
          "no-failure"
        ],
        "signature_mse": 0.011884531845882168
      },
      "prediction_sets": {
        "coverage": 0.8660968660968661,
        "average_set_size": 2.1381766381766383,
        "singleton_rate": 0.24857549857549857,
        "empty_set_rate": 0.13319088319088318
      },
      "action_counts": {
        "brightness": 985,
        "grounding": 1113,
        "blank": 1227,
        "stop": 1404,
        "blur": 1287,
        "crop": 1150,
        "noise": 564,
        "relation": 11
      }
    },
    "proactive_global_aps|7|0.95": {
      "row_count": 1404,
      "mean_acquisition_cost": 4.513532763532764,
      "diagnostic": {
        "record_count": 1404,
        "source_bit_micro_f1": 0.9886047100531781,
        "source_bit_macro_f1": 0.9883650739069744,
        "source_bit_hamming_loss": 0.010683760683760684,
        "source_bit_auroc": {
          "visual": 0.9995641148374088,
          "language": 0.9970278920896205,
          "alignment": 0.9994762439206883
        },
        "six_way_macro_f1": 0.8494494776287543,
        "six_way_balanced_accuracy": 0.8740971937364289,
        "six_way_confusion_matrix": [
          [
            186,
            0,
            0,
            0,
            1,
            0
          ],
          [
            0,
            390,
            0,
            2,
            0,
            0
          ],
          [
            0,
            0,
            43,
            1,
            0,
            0
          ],
          [
            0,
            1,
            3,
            591,
            0,
            0
          ],
          [
            0,
            0,
            0,
            0,
            5,
            7
          ],
          [
            0,
            0,
            0,
            0,
            23,
            151
          ]
        ],
        "six_way_labels": [
          "visual",
          "language-prior",
          "alignment",
          "mixed",
          "unclear",
          "no-failure"
        ],
        "signature_mse": 0.011884531845882168
      },
      "prediction_sets": {
        "coverage": 0.9992877492877493,
        "average_set_size": 4.188034188034188,
        "singleton_rate": 0.15954415954415954,
        "empty_set_rate": 0.0
      },
      "action_counts": {
        "brightness": 985,
        "grounding": 1113,
        "blank": 1227,
        "stop": 1404,
        "blur": 1287,
        "crop": 1150,
        "noise": 564,
        "relation": 11
      }
    }
  },
  "csv_path": "outputs/week8_ablations/no_voi_training/frontier/frontier_validation.csv",
  "csv_sha256": "4586b6924876f709fb650049eb42be49f989897af17d4e85bc5728f0da0349e5",
  "trajectory_path": "outputs/week8_ablations/no_voi_training/frontier/trajectories_validation.jsonl",
  "trajectory_sha256": "a38374e41ad0dbf65fc5f48eb1c126e30eecfef727aabba72ce2a9cc36af574a",
  "report_sha256": "ddcb251d5a267421a51e2a47570b5fecf58eb4d6cd7b5ec402576a2f624503c6"
}
	Command being timed: "timeout --signal=TERM --kill-after=5m 613s env CUDA_VISIBLE_DEVICES=1 python scripts/eval_week8_ablation.py --week8_config configs/experiments/week8_evaluation.yaml --ablation_id no_voi_training --manifest_path outputs/week5_data/vectorized_manifest.json --diagnostic_checkpoint outputs/week5_checkpoints/diag_deep_sets_standard_seed42.best.pt --policy_checkpoint outputs/week6_checkpoints/uncertainty_deep_sets_standard_lambda0_seed42.best.pt --aps_report outputs/week5_reports/temporary_aps_deep_sets_standard_seed42.json --freeze_manifest outputs/week7_frozen/main_stack_freeze.json --teacher_path outputs/teacher_core_contract_v1_recovered --output_dir outputs/week8_ablations/no_voi_training/frontier --budgets 1 2 3 4 7 --coverages 0.90 0.95 --seed 42 --device cuda:0 --resume"
	User time (seconds): 98.63
	System time (seconds): 6.54
	Percent of CPU this job got: 113%
	Elapsed (wall clock) time (h:mm:ss or m:ss): 1:33.00
	Average shared text size (kbytes): 0
	Average unshared data size (kbytes): 0
	Average stack size (kbytes): 0
	Average total size (kbytes): 0
	Maximum resident set size (kbytes): 1103808
	Average resident set size (kbytes): 0
	Major (requiring I/O) page faults: 0
	Minor (reclaiming a frame) page faults: 211708
	Voluntary context switches: 1631
	Involuntary context switches: 46173
	Swaps: 0
	File system inputs: 0
	File system outputs: 76048
	Socket messages sent: 0
	Socket messages received: 0
	Signals delivered: 0
	Page size (bytes): 4096
	Exit status: 0
no-VOI validation frontier exit code: 0
===== validation latency measurement =====
Timeout 520s; worker ceiling remaining 520s
{
  "format_version": "week8_latency_v1",
  "is_valid": true,
  "condition": "proactive",
  "evaluation_split": "val",
  "budget": 7,
  "target_coverage": 0.9,
  "warmup_examples": 10,
  "measured_examples": 100,
  "cuda_synchronized": true,
  "hardware": {
    "device": "cuda:0",
    "name": "NVIDIA RTX A6000",
    "total_memory_bytes": 51033931776,
    "compute_capability": "8.6",
    "torch_version": "2.6.0+cu124",
    "cuda_version": "12.4",
    "python_version": "3.11.15"
  },
  "controller_latency_ms": {
    "mean": 1.33452941,
    "median": 1.3332395,
    "p95": 1.362741
  },
  "controller_timed_components": [
    "diagnostic_state_encoder",
    "action_conditioned_voi_head"
  ],
  "generation_latency_source": "cached_per_forward_pass_measurements",
  "generation_latency_note": "Probe/clean times were recorded during the cached MLLM generations; the controller overhead was remeasured on the hardware above.",
  "normalized_latency_mean": 15.393336592350245,
  "total_generation_latency_ms_mean": 6643.293032646179,
  "freeze_manifest_sha256": "735b6b270eb177c8f0f08250104624d9fa8060f97095fc2f9adacc27873bd2ed",
  "trajectory_sha256": "7872a3f4af0087e67b955511baba5f44e2565466034e92f672b80a7ec21d7d2f",
  "csv_path": "outputs/week8_ablations/pass_count_vs_latency/latency.csv",
  "csv_sha256": "ba187d4fef2f5f37ad29b2a02d0d595912330273524f9e42b4d1ea1ecffd5058",
  "report_sha256": "d7019a7087b09bd0f657938c5cc9868c97cf7825c6e636e271e1b83ca27aa17e"
}
	Command being timed: "timeout --signal=TERM --kill-after=5m 520s env CUDA_VISIBLE_DEVICES=1 python scripts/measure_latency.py --config configs/experiments/week8_evaluation.yaml --split val --trajectory_path outputs/week8_ablations/reference/trajectories_validation.jsonl --teacher_path outputs/teacher_core_contract_v1_recovered --freeze_manifest outputs/week7_frozen/main_stack_freeze.json --vector_manifest outputs/week5_data/vectorized_manifest.json --output_dir outputs/week8_ablations/pass_count_vs_latency --condition proactive --budget 7 --target_coverage 0.90 --device cuda:0 --overwrite"
	User time (seconds): 3.67
	System time (seconds): 6.02
	Percent of CPU this job got: 278%
	Elapsed (wall clock) time (h:mm:ss or m:ss): 0:03.48
	Average shared text size (kbytes): 0
	Average unshared data size (kbytes): 0
	Average stack size (kbytes): 0
	Average total size (kbytes): 0
	Maximum resident set size (kbytes): 1236984
	Average resident set size (kbytes): 0
	Major (requiring I/O) page faults: 0
	Minor (reclaiming a frame) page faults: 243547
	Voluntary context switches: 316
	Involuntary context switches: 96357
	Swaps: 0
	File system inputs: 120
	File system outputs: 40
	Socket messages sent: 0
	Socket messages received: 0
	Signals delivered: 0
	Page size (bytes): 4096
	Exit status: 0
validation latency measurement exit code: 0
{
  "format_version": "week8_ablation_evidence_v1",
  "status": "COMPLETE",
  "ablation_id": "deep_sets_vs_gru",
  "evaluation_split": "val",
  "post_test_tuning_used": false,
  "reference_condition": "proactive",
  "comparison_condition": "proactive",
  "reference_csv": "outputs/week6_frontiers/deep_lambda0_seed42/frontier_validation.csv",
  "reference_csv_sha256": "1e05366fb900466b0066c1c635e965f9a00987ed330b685bd43a098567b35032",
  "comparison_csv": "outputs/week6_architecture_frontiers/gru_random/frontier_validation.csv",
  "comparison_csv_sha256": "cfc1d0013e59c649fa2c9fa8b49615d806c54eed21f50c2d6c4d3070fa12c1ce",
  "rows": [
    {
      "maximum_budget": 1,
      "target_coverage": 0.9,
      "row_count": 1404,
      "reference_source_bit_macro_f1": 0.8980805284361609,
      "comparison_source_bit_macro_f1": 0.8921784177814555,
      "reference_minus_comparison_source_bit_macro_f1": 0.0059021106547054725,
      "reference_six_way_macro_f1": 0.5796350383562641,
      "comparison_six_way_macro_f1": 0.5595693596121704,
      "reference_minus_comparison_six_way_macro_f1": 0.020065678744093707,
      "reference_coverage": 0.8625356125356125,
      "comparison_coverage": 0.8547008547008547,
      "reference_minus_comparison_coverage": 0.007834757834757844,
      "reference_average_set_size": 2.5947293447293447,
      "comparison_average_set_size": 2.2215099715099713,
      "reference_minus_comparison_average_set_size": 0.3732193732193734,
      "reference_mean_acquisition_cost": 1.0,
      "comparison_mean_acquisition_cost": 1.0,
      "reference_minus_comparison_mean_acquisition_cost": 0.0
    },
    {
      "maximum_budget": 2,
      "target_coverage": 0.9,
      "row_count": 1404,
      "reference_source_bit_macro_f1": 0.9499154310679478,
      "comparison_source_bit_macro_f1": 0.9442830388421716,
      "reference_minus_comparison_source_bit_macro_f1": 0.005632392225776273,
      "reference_six_way_macro_f1": 0.7072583008311978,
      "comparison_six_way_macro_f1": 0.7166851933312576,
      "reference_minus_comparison_six_way_macro_f1": -0.009426892500059791,
      "reference_coverage": 0.8376068376068376,
      "comparison_coverage": 0.8212250712250713,
      "reference_minus_comparison_coverage": 0.01638176638176636,
      "reference_average_set_size": 2.1253561253561255,
      "comparison_average_set_size": 1.7585470085470085,
      "reference_minus_comparison_average_set_size": 0.366809116809117,
      "reference_mean_acquisition_cost": 1.9985754985754987,
      "comparison_mean_acquisition_cost": 1.9935897435897436,
      "reference_minus_comparison_mean_acquisition_cost": 0.004985754985755042
    },
    {
      "maximum_budget": 4,
      "target_coverage": 0.9,
      "row_count": 1404,
      "reference_source_bit_macro_f1": 0.9844592704689524,
      "comparison_source_bit_macro_f1": 0.9835800542807612,
      "reference_minus_comparison_source_bit_macro_f1": 0.0008792161881912008,
      "reference_six_way_macro_f1": 0.806465341614078,
      "comparison_six_way_macro_f1": 0.8185374818776999,
      "reference_minus_comparison_six_way_macro_f1": -0.012072140263621911,
      "reference_coverage": 0.8069800569800569,
      "comparison_coverage": 0.8497150997150997,
      "reference_minus_comparison_coverage": -0.042735042735042805,
      "reference_average_set_size": 1.8183760683760684,
      "comparison_average_set_size": 1.7058404558404558,
      "reference_minus_comparison_average_set_size": 0.1125356125356125,
      "reference_mean_acquisition_cost": 3.8732193732193734,
      "comparison_mean_acquisition_cost": 3.7243589743589745,
      "reference_minus_comparison_mean_acquisition_cost": 0.14886039886039892
    }
  ],
  "report_sha256": "c1ba024c655e4116fa51f0bdf975d67076a06d5c1fffdca001fea90c5e2d4f69"
}
{
  "format_version": "week8_ablation_evidence_v1",
  "status": "COMPLETE",
  "ablation_id": "deep_sets_vs_masked_slot_mlp",
  "evaluation_split": "val",
  "post_test_tuning_used": false,
  "reference_condition": "proactive",
  "comparison_condition": "proactive",
  "reference_csv": "outputs/week6_frontiers/deep_lambda0_seed42/frontier_validation.csv",
  "reference_csv_sha256": "1e05366fb900466b0066c1c635e965f9a00987ed330b685bd43a098567b35032",
  "comparison_csv": "outputs/week6_architecture_frontiers/masked_slot/frontier_validation.csv",
  "comparison_csv_sha256": "49044934b6755984d7099aac82e66ffdcf5c30debb208ff702ad3991337ff81c",
  "rows": [
    {
      "maximum_budget": 1,
      "target_coverage": 0.9,
      "row_count": 1404,
      "reference_source_bit_macro_f1": 0.8980805284361609,
      "comparison_source_bit_macro_f1": 0.908714745845844,
      "reference_minus_comparison_source_bit_macro_f1": -0.010634217409683067,
      "reference_six_way_macro_f1": 0.5796350383562641,
      "comparison_six_way_macro_f1": 0.5579606991079835,
      "reference_minus_comparison_six_way_macro_f1": 0.02167433924828055,
      "reference_coverage": 0.8625356125356125,
      "comparison_coverage": 0.7955840455840456,
      "reference_minus_comparison_coverage": 0.0669515669515669,
      "reference_average_set_size": 2.5947293447293447,
      "comparison_average_set_size": 1.9914529914529915,
      "reference_minus_comparison_average_set_size": 0.6032763532763532,
      "reference_mean_acquisition_cost": 1.0,
      "comparison_mean_acquisition_cost": 1.0,
      "reference_minus_comparison_mean_acquisition_cost": 0.0
    },
    {
      "maximum_budget": 2,
      "target_coverage": 0.9,
      "row_count": 1404,
      "reference_source_bit_macro_f1": 0.9499154310679478,
      "comparison_source_bit_macro_f1": 0.9480625619893971,
      "reference_minus_comparison_source_bit_macro_f1": 0.0018528690785507562,
      "reference_six_way_macro_f1": 0.7072583008311978,
      "comparison_six_way_macro_f1": 0.6903532855521352,
      "reference_minus_comparison_six_way_macro_f1": 0.01690501527906263,
      "reference_coverage": 0.8376068376068376,
      "comparison_coverage": 0.7877492877492878,
      "reference_minus_comparison_coverage": 0.049857549857549865,
      "reference_average_set_size": 2.1253561253561255,
      "comparison_average_set_size": 1.455128205128205,
      "reference_minus_comparison_average_set_size": 0.6702279202279204,
      "reference_mean_acquisition_cost": 1.9985754985754987,
      "comparison_mean_acquisition_cost": 2.0,
      "reference_minus_comparison_mean_acquisition_cost": -0.0014245014245013454
    },
    {
      "maximum_budget": 4,
      "target_coverage": 0.9,
      "row_count": 1404,
      "reference_source_bit_macro_f1": 0.9844592704689524,
      "comparison_source_bit_macro_f1": 0.9789692051214689,
      "reference_minus_comparison_source_bit_macro_f1": 0.00549006534748353,
      "reference_six_way_macro_f1": 0.806465341614078,
      "comparison_six_way_macro_f1": 0.7823644408700786,
      "reference_minus_comparison_six_way_macro_f1": 0.0241009007439994,
      "reference_coverage": 0.8069800569800569,
      "comparison_coverage": 0.7913105413105413,
      "reference_minus_comparison_coverage": 0.015669515669515577,
      "reference_average_set_size": 1.8183760683760684,
      "comparison_average_set_size": 1.4907407407407407,
      "reference_minus_comparison_average_set_size": 0.32763532763532766,
      "reference_mean_acquisition_cost": 3.8732193732193734,
      "comparison_mean_acquisition_cost": 3.8304843304843303,
      "reference_minus_comparison_mean_acquisition_cost": 0.04273504273504303
    }
  ],
  "report_sha256": "e947d96f5919e9d4c5a23ef37d9f3813067fb2394f1e63a5a59c2491f97db342"
}
{
  "format_version": "week8_ablation_evidence_v1",
  "status": "COMPLETE",
  "ablation_id": "no_stop_action",
  "evaluation_split": "val",
  "post_test_tuning_used": false,
  "reference_condition": "proactive",
  "comparison_condition": "proactive_no_stop",
  "reference_csv": "outputs/week8_ablations/reference/frontier_validation.csv",
  "reference_csv_sha256": "2a34cc3de15199d3e89b573f1a8ecb67ce203d0a6525945af0b834f1ea9ff069",
  "comparison_csv": "outputs/week8_ablations/reference/frontier_validation.csv",
  "comparison_csv_sha256": "2a34cc3de15199d3e89b573f1a8ecb67ce203d0a6525945af0b834f1ea9ff069",
  "rows": [
    {
      "maximum_budget": 1,
      "target_coverage": 0.9,
      "row_count": 1404,
      "reference_source_bit_macro_f1": 0.8980805284361609,
      "comparison_source_bit_macro_f1": 0.8980805284361609,
      "reference_minus_comparison_source_bit_macro_f1": 0.0,
      "reference_six_way_macro_f1": 0.5796350383562641,
      "comparison_six_way_macro_f1": 0.5796350383562641,
      "reference_minus_comparison_six_way_macro_f1": 0.0,
      "reference_coverage": 0.8625356125356125,
      "comparison_coverage": 0.8625356125356125,
      "reference_minus_comparison_coverage": 0.0,
      "reference_average_set_size": 2.5947293447293447,
      "comparison_average_set_size": 2.5947293447293447,
      "reference_minus_comparison_average_set_size": 0.0,
      "reference_mean_acquisition_cost": 1.0,
      "comparison_mean_acquisition_cost": 1.0,
      "reference_minus_comparison_mean_acquisition_cost": 0.0
    },
    {
      "maximum_budget": 1,
      "target_coverage": 0.95,
      "row_count": 1404,
      "reference_source_bit_macro_f1": 0.8980805284361609,
      "comparison_source_bit_macro_f1": 0.8980805284361609,
      "reference_minus_comparison_source_bit_macro_f1": 0.0,
      "reference_six_way_macro_f1": 0.5796350383562641,
      "comparison_six_way_macro_f1": 0.5796350383562641,
      "reference_minus_comparison_six_way_macro_f1": 0.0,
      "reference_coverage": 0.9131054131054132,
      "comparison_coverage": 0.9131054131054132,
      "reference_minus_comparison_coverage": 0.0,
      "reference_average_set_size": 3.0035612535612537,
      "comparison_average_set_size": 3.0035612535612537,
      "reference_minus_comparison_average_set_size": 0.0,
      "reference_mean_acquisition_cost": 1.0,
      "comparison_mean_acquisition_cost": 1.0,
      "reference_minus_comparison_mean_acquisition_cost": 0.0
    },
    {
      "maximum_budget": 2,
      "target_coverage": 0.9,
      "row_count": 1404,
      "reference_source_bit_macro_f1": 0.9499154310679478,
      "comparison_source_bit_macro_f1": 0.9499154310679478,
      "reference_minus_comparison_source_bit_macro_f1": 0.0,
      "reference_six_way_macro_f1": 0.7072583008311978,
      "comparison_six_way_macro_f1": 0.7072583008311978,
      "reference_minus_comparison_six_way_macro_f1": 0.0,
      "reference_coverage": 0.8376068376068376,
      "comparison_coverage": 0.8376068376068376,
      "reference_minus_comparison_coverage": 0.0,
      "reference_average_set_size": 2.1253561253561255,
      "comparison_average_set_size": 2.1253561253561255,
      "reference_minus_comparison_average_set_size": 0.0,
      "reference_mean_acquisition_cost": 1.9985754985754987,
      "comparison_mean_acquisition_cost": 2.0,
      "reference_minus_comparison_mean_acquisition_cost": -0.0014245014245013454
    },
    {
      "maximum_budget": 2,
      "target_coverage": 0.95,
      "row_count": 1404,
      "reference_source_bit_macro_f1": 0.9499154310679478,
      "comparison_source_bit_macro_f1": 0.9499154310679478,
      "reference_minus_comparison_source_bit_macro_f1": 0.0,
      "reference_six_way_macro_f1": 0.7072583008311978,
      "comparison_six_way_macro_f1": 0.7072583008311978,
      "reference_minus_comparison_six_way_macro_f1": 0.0,
      "reference_coverage": 0.9031339031339032,
      "comparison_coverage": 0.9031339031339032,
      "reference_minus_comparison_coverage": 0.0,
      "reference_average_set_size": 2.690883190883191,
      "comparison_average_set_size": 2.690883190883191,
      "reference_minus_comparison_average_set_size": 0.0,
      "reference_mean_acquisition_cost": 1.9985754985754987,
      "comparison_mean_acquisition_cost": 2.0,
      "reference_minus_comparison_mean_acquisition_cost": -0.0014245014245013454
    },
    {
      "maximum_budget": 3,
      "target_coverage": 0.9,
      "row_count": 1404,
      "reference_source_bit_macro_f1": 0.9728952816288109,
      "comparison_source_bit_macro_f1": 0.9728952816288109,
      "reference_minus_comparison_source_bit_macro_f1": 0.0,
      "reference_six_way_macro_f1": 0.7828513904403923,
      "comparison_six_way_macro_f1": 0.7828513904403923,
      "reference_minus_comparison_six_way_macro_f1": 0.0,
      "reference_coverage": 0.8133903133903134,
      "comparison_coverage": 0.8133903133903134,
      "reference_minus_comparison_coverage": 0.0,
      "reference_average_set_size": 1.9024216524216524,
      "comparison_average_set_size": 1.9024216524216524,
      "reference_minus_comparison_average_set_size": 0.0,
      "reference_mean_acquisition_cost": 2.990740740740741,
      "comparison_mean_acquisition_cost": 3.0,
      "reference_minus_comparison_mean_acquisition_cost": -0.009259259259259078
    },
    {
      "maximum_budget": 3,
      "target_coverage": 0.95,
      "row_count": 1404,
      "reference_source_bit_macro_f1": 0.9728952816288109,
      "comparison_source_bit_macro_f1": 0.9728952816288109,
      "reference_minus_comparison_source_bit_macro_f1": 0.0,
      "reference_six_way_macro_f1": 0.7828513904403923,
      "comparison_six_way_macro_f1": 0.7828513904403923,
      "reference_minus_comparison_six_way_macro_f1": 0.0,
      "reference_coverage": 0.8974358974358975,
      "comparison_coverage": 0.8967236467236467,
      "reference_minus_comparison_coverage": 0.0007122507122507837,
      "reference_average_set_size": 2.7037037037037037,
      "comparison_average_set_size": 2.700854700854701,
      "reference_minus_comparison_average_set_size": 0.002849002849002691,
      "reference_mean_acquisition_cost": 2.990740740740741,
      "comparison_mean_acquisition_cost": 3.0,
      "reference_minus_comparison_mean_acquisition_cost": -0.009259259259259078
    },
    {
      "maximum_budget": 4,
      "target_coverage": 0.9,
      "row_count": 1404,
      "reference_source_bit_macro_f1": 0.9844592704689524,
      "comparison_source_bit_macro_f1": 0.9847150766109296,
      "reference_minus_comparison_source_bit_macro_f1": -0.0002558061419771773,
      "reference_six_way_macro_f1": 0.806465341614078,
      "comparison_six_way_macro_f1": 0.806465341614078,
      "reference_minus_comparison_six_way_macro_f1": 0.0,
      "reference_coverage": 0.8069800569800569,
      "comparison_coverage": 0.8247863247863247,
      "reference_minus_comparison_coverage": -0.017806267806267817,
      "reference_average_set_size": 1.8183760683760684,
      "comparison_average_set_size": 1.8361823361823362,
      "reference_minus_comparison_average_set_size": -0.017806267806267817,
      "reference_mean_acquisition_cost": 3.8732193732193734,
      "comparison_mean_acquisition_cost": 4.0,
      "reference_minus_comparison_mean_acquisition_cost": -0.12678062678062663
    },
    {
      "maximum_budget": 4,
      "target_coverage": 0.95,
      "row_count": 1404,
      "reference_source_bit_macro_f1": 0.9844592704689524,
      "comparison_source_bit_macro_f1": 0.9847150766109296,
      "reference_minus_comparison_source_bit_macro_f1": -0.0002558061419771773,
      "reference_six_way_macro_f1": 0.806465341614078,
      "comparison_six_way_macro_f1": 0.806465341614078,
      "reference_minus_comparison_six_way_macro_f1": 0.0,
      "reference_coverage": 0.8881766381766382,
      "comparison_coverage": 0.8881766381766382,
      "reference_minus_comparison_coverage": 0.0,
      "reference_average_set_size": 2.777065527065527,
      "comparison_average_set_size": 2.735042735042735,
      "reference_minus_comparison_average_set_size": 0.04202279202279202,
      "reference_mean_acquisition_cost": 3.8732193732193734,
      "comparison_mean_acquisition_cost": 4.0,
      "reference_minus_comparison_mean_acquisition_cost": -0.12678062678062663
    },
    {
      "maximum_budget": 7,
      "target_coverage": 0.9,
      "row_count": 1404,
      "reference_source_bit_macro_f1": 0.9948442755506527,
      "comparison_source_bit_macro_f1": 0.9970492589980061,
      "reference_minus_comparison_source_bit_macro_f1": -0.0022049834473534258,
      "reference_six_way_macro_f1": 0.8492960754465312,
      "comparison_six_way_macro_f1": 0.8582522796095753,
      "reference_minus_comparison_six_way_macro_f1": -0.008956204163044101,
      "reference_coverage": 0.8162393162393162,
      "comparison_coverage": 0.8703703703703703,
      "reference_minus_comparison_coverage": -0.054131054131054124,
      "reference_average_set_size": 1.7542735042735043,
      "comparison_average_set_size": 1.814102564102564,
      "reference_minus_comparison_average_set_size": -0.05982905982905984,
      "reference_mean_acquisition_cost": 5.061253561253562,
      "comparison_mean_acquisition_cost": 6.011396011396012,
      "reference_minus_comparison_mean_acquisition_cost": -0.95014245014245
    },
    {
      "maximum_budget": 7,
      "target_coverage": 0.95,
      "row_count": 1404,
      "reference_source_bit_macro_f1": 0.9948442755506527,
      "comparison_source_bit_macro_f1": 0.9970492589980061,
      "reference_minus_comparison_source_bit_macro_f1": -0.0022049834473534258,
      "reference_six_way_macro_f1": 0.8492960754465312,
      "comparison_six_way_macro_f1": 0.8582522796095753,
      "reference_minus_comparison_six_way_macro_f1": -0.008956204163044101,
      "reference_coverage": 0.8867521367521367,
      "comparison_coverage": 0.8974358974358975,
      "reference_minus_comparison_coverage": -0.010683760683760757,
      "reference_average_set_size": 3.572649572649573,
      "comparison_average_set_size": 3.5263532763532766,
      "reference_minus_comparison_average_set_size": 0.04629629629629628,
      "reference_mean_acquisition_cost": 5.061253561253562,
      "comparison_mean_acquisition_cost": 6.011396011396012,
      "reference_minus_comparison_mean_acquisition_cost": -0.95014245014245
    }
  ],
  "report_sha256": "4b95f24427c5a7cc54c4ad064f879cdd9a99ecfbd9d21016f62543319b98a904"
}
{
  "format_version": "week8_ablation_evidence_v1",
  "status": "COMPLETE",
  "ablation_id": "no_voi_training",
  "evaluation_split": "val",
  "post_test_tuning_used": false,
  "reference_condition": "proactive",
  "comparison_condition": "proactive",
  "reference_csv": "outputs/week8_ablations/reference/frontier_validation.csv",
  "reference_csv_sha256": "2a34cc3de15199d3e89b573f1a8ecb67ce203d0a6525945af0b834f1ea9ff069",
  "comparison_csv": "outputs/week8_ablations/no_voi_training/frontier/frontier_validation.csv",
  "comparison_csv_sha256": "4586b6924876f709fb650049eb42be49f989897af17d4e85bc5728f0da0349e5",
  "rows": [
    {
      "maximum_budget": 1,
      "target_coverage": 0.9,
      "row_count": 1404,
      "reference_source_bit_macro_f1": 0.8980805284361609,
      "comparison_source_bit_macro_f1": 0.894489951672881,
      "reference_minus_comparison_source_bit_macro_f1": 0.0035905767632798957,
      "reference_six_way_macro_f1": 0.5796350383562641,
      "comparison_six_way_macro_f1": 0.5856245136897642,
      "reference_minus_comparison_six_way_macro_f1": -0.005989475333500138,
      "reference_coverage": 0.8625356125356125,
      "comparison_coverage": 0.8717948717948718,
      "reference_minus_comparison_coverage": -0.0092592592592593,
      "reference_average_set_size": 2.5947293447293447,
      "comparison_average_set_size": 2.6666666666666665,
      "reference_minus_comparison_average_set_size": -0.07193732193732183,
      "reference_mean_acquisition_cost": 1.0,
      "comparison_mean_acquisition_cost": 1.0,
      "reference_minus_comparison_mean_acquisition_cost": 0.0
    },
    {
      "maximum_budget": 1,
      "target_coverage": 0.95,
      "row_count": 1404,
      "reference_source_bit_macro_f1": 0.8980805284361609,
      "comparison_source_bit_macro_f1": 0.894489951672881,
      "reference_minus_comparison_source_bit_macro_f1": 0.0035905767632798957,
      "reference_six_way_macro_f1": 0.5796350383562641,
      "comparison_six_way_macro_f1": 0.5856245136897642,
      "reference_minus_comparison_six_way_macro_f1": -0.005989475333500138,
      "reference_coverage": 0.9131054131054132,
      "comparison_coverage": 0.9430199430199431,
      "reference_minus_comparison_coverage": -0.02991452991452992,
      "reference_average_set_size": 3.0035612535612537,
      "comparison_average_set_size": 3.1018518518518516,
      "reference_minus_comparison_average_set_size": -0.09829059829059794,
      "reference_mean_acquisition_cost": 1.0,
      "comparison_mean_acquisition_cost": 1.0,
      "reference_minus_comparison_mean_acquisition_cost": 0.0
    },
    {
      "maximum_budget": 2,
      "target_coverage": 0.9,
      "row_count": 1404,
      "reference_source_bit_macro_f1": 0.9499154310679478,
      "comparison_source_bit_macro_f1": 0.9368216143902206,
      "reference_minus_comparison_source_bit_macro_f1": 0.013093816677727244,
      "reference_six_way_macro_f1": 0.7072583008311978,
      "comparison_six_way_macro_f1": 0.7111841966690968,
      "reference_minus_comparison_six_way_macro_f1": -0.0039258958378990405,
      "reference_coverage": 0.8376068376068376,
      "comparison_coverage": 0.8368945868945868,
      "reference_minus_comparison_coverage": 0.0007122507122507837,
      "reference_average_set_size": 2.1253561253561255,
      "comparison_average_set_size": 2.1972934472934473,
      "reference_minus_comparison_average_set_size": -0.07193732193732183,
      "reference_mean_acquisition_cost": 1.9985754985754987,
      "comparison_mean_acquisition_cost": 1.995014245014245,
      "reference_minus_comparison_mean_acquisition_cost": 0.0035612535612536966
    },
    {
      "maximum_budget": 2,
      "target_coverage": 0.95,
      "row_count": 1404,
      "reference_source_bit_macro_f1": 0.9499154310679478,
      "comparison_source_bit_macro_f1": 0.9368216143902206,
      "reference_minus_comparison_source_bit_macro_f1": 0.013093816677727244,
      "reference_six_way_macro_f1": 0.7072583008311978,
      "comparison_six_way_macro_f1": 0.7111841966690968,
      "reference_minus_comparison_six_way_macro_f1": -0.0039258958378990405,
      "reference_coverage": 0.9031339031339032,
      "comparison_coverage": 0.9166666666666666,
      "reference_minus_comparison_coverage": -0.013532763532763448,
      "reference_average_set_size": 2.690883190883191,
      "comparison_average_set_size": 2.7884615384615383,
      "reference_minus_comparison_average_set_size": -0.09757834757834738,
      "reference_mean_acquisition_cost": 1.9985754985754987,
      "comparison_mean_acquisition_cost": 1.995014245014245,
      "reference_minus_comparison_mean_acquisition_cost": 0.0035612535612536966
    },
    {
      "maximum_budget": 3,
      "target_coverage": 0.9,
      "row_count": 1404,
      "reference_source_bit_macro_f1": 0.9728952816288109,
      "comparison_source_bit_macro_f1": 0.9647179978065611,
      "reference_minus_comparison_source_bit_macro_f1": 0.008177283822249803,
      "reference_six_way_macro_f1": 0.7828513904403923,
      "comparison_six_way_macro_f1": 0.7831345085150364,
      "reference_minus_comparison_six_way_macro_f1": -0.00028311807464409533,
      "reference_coverage": 0.8133903133903134,
      "comparison_coverage": 0.8233618233618234,
      "reference_minus_comparison_coverage": -0.009971509971509973,
      "reference_average_set_size": 1.9024216524216524,
      "comparison_average_set_size": 2.004985754985755,
      "reference_minus_comparison_average_set_size": -0.10256410256410242,
      "reference_mean_acquisition_cost": 2.990740740740741,
      "comparison_mean_acquisition_cost": 2.885327635327635,
      "reference_minus_comparison_mean_acquisition_cost": 0.10541310541310578
    },
    {
      "maximum_budget": 3,
      "target_coverage": 0.95,
      "row_count": 1404,
      "reference_source_bit_macro_f1": 0.9728952816288109,
      "comparison_source_bit_macro_f1": 0.9647179978065611,
      "reference_minus_comparison_source_bit_macro_f1": 0.008177283822249803,
      "reference_six_way_macro_f1": 0.7828513904403923,
      "comparison_six_way_macro_f1": 0.7831345085150364,
      "reference_minus_comparison_six_way_macro_f1": -0.00028311807464409533,
      "reference_coverage": 0.8974358974358975,
      "comparison_coverage": 0.9166666666666666,
      "reference_minus_comparison_coverage": -0.019230769230769162,
      "reference_average_set_size": 2.7037037037037037,
      "comparison_average_set_size": 2.7955840455840457,
      "reference_minus_comparison_average_set_size": -0.091880341880342,
      "reference_mean_acquisition_cost": 2.990740740740741,
      "comparison_mean_acquisition_cost": 2.885327635327635,
      "reference_minus_comparison_mean_acquisition_cost": 0.10541310541310578
    },
    {
      "maximum_budget": 4,
      "target_coverage": 0.9,
      "row_count": 1404,
      "reference_source_bit_macro_f1": 0.9844592704689524,
      "comparison_source_bit_macro_f1": 0.9792948942558998,
      "reference_minus_comparison_source_bit_macro_f1": 0.005164376213052657,
      "reference_six_way_macro_f1": 0.806465341614078,
      "comparison_six_way_macro_f1": 0.8133666213912862,
      "reference_minus_comparison_six_way_macro_f1": -0.006901279777208225,
      "reference_coverage": 0.8069800569800569,
      "comparison_coverage": 0.8212250712250713,
      "reference_minus_comparison_coverage": -0.014245014245014342,
      "reference_average_set_size": 1.8183760683760684,
      "comparison_average_set_size": 1.8746438746438747,
      "reference_minus_comparison_average_set_size": -0.056267806267806364,
      "reference_mean_acquisition_cost": 3.8732193732193734,
      "comparison_mean_acquisition_cost": 3.5676638176638176,
      "reference_minus_comparison_mean_acquisition_cost": 0.3055555555555558
    },
    {
      "maximum_budget": 4,
      "target_coverage": 0.95,
      "row_count": 1404,
      "reference_source_bit_macro_f1": 0.9844592704689524,
      "comparison_source_bit_macro_f1": 0.9792948942558998,
      "reference_minus_comparison_source_bit_macro_f1": 0.005164376213052657,
      "reference_six_way_macro_f1": 0.806465341614078,
      "comparison_six_way_macro_f1": 0.8133666213912862,
      "reference_minus_comparison_six_way_macro_f1": -0.006901279777208225,
      "reference_coverage": 0.8881766381766382,
      "comparison_coverage": 0.9002849002849003,
      "reference_minus_comparison_coverage": -0.012108262108262102,
      "reference_average_set_size": 2.777065527065527,
      "comparison_average_set_size": 2.814814814814815,
      "reference_minus_comparison_average_set_size": -0.03774928774928776,
      "reference_mean_acquisition_cost": 3.8732193732193734,
      "comparison_mean_acquisition_cost": 3.5676638176638176,
      "reference_minus_comparison_mean_acquisition_cost": 0.3055555555555558
    },
    {
      "maximum_budget": 7,
      "target_coverage": 0.9,
      "row_count": 1404,
      "reference_source_bit_macro_f1": 0.9948442755506527,
      "comparison_source_bit_macro_f1": 0.9883650739069744,
      "reference_minus_comparison_source_bit_macro_f1": 0.006479201643678323,
      "reference_six_way_macro_f1": 0.8492960754465312,
      "comparison_six_way_macro_f1": 0.8494494776287543,
      "reference_minus_comparison_six_way_macro_f1": -0.00015340218222315016,
      "reference_coverage": 0.8162393162393162,
      "comparison_coverage": 0.8368945868945868,
      "reference_minus_comparison_coverage": -0.02065527065527062,
      "reference_average_set_size": 1.7542735042735043,
      "comparison_average_set_size": 1.8561253561253561,
      "reference_minus_comparison_average_set_size": -0.10185185185185186,
      "reference_mean_acquisition_cost": 5.061253561253562,
      "comparison_mean_acquisition_cost": 4.513532763532764,
      "reference_minus_comparison_mean_acquisition_cost": 0.5477207977207978
    },
    {
      "maximum_budget": 7,
      "target_coverage": 0.95,
      "row_count": 1404,
      "reference_source_bit_macro_f1": 0.9948442755506527,
      "comparison_source_bit_macro_f1": 0.9883650739069744,
      "reference_minus_comparison_source_bit_macro_f1": 0.006479201643678323,
      "reference_six_way_macro_f1": 0.8492960754465312,
      "comparison_six_way_macro_f1": 0.8494494776287543,
      "reference_minus_comparison_six_way_macro_f1": -0.00015340218222315016,
      "reference_coverage": 0.8867521367521367,
      "comparison_coverage": 0.8995726495726496,
      "reference_minus_comparison_coverage": -0.012820512820512886,
      "reference_average_set_size": 3.572649572649573,
      "comparison_average_set_size": 3.74002849002849,
      "reference_minus_comparison_average_set_size": -0.16737891737891708,
      "reference_mean_acquisition_cost": 5.061253561253562,
      "comparison_mean_acquisition_cost": 4.513532763532764,
      "reference_minus_comparison_mean_acquisition_cost": 0.5477207977207978
    }
  ],
  "report_sha256": "090c11d0a84398ad49a7e2601e78feeecca6a961260326174e0cf43a54870af5"
}
{
  "format_version": "week8_ablation_evidence_v1",
  "status": "COMPLETE",
  "ablation_id": "global_vs_per_budget_aps",
  "evaluation_split": "val",
  "post_test_tuning_used": false,
  "reference_condition": "proactive",
  "comparison_condition": "proactive_global_aps",
  "reference_csv": "outputs/week8_ablations/reference/frontier_validation.csv",
  "reference_csv_sha256": "2a34cc3de15199d3e89b573f1a8ecb67ce203d0a6525945af0b834f1ea9ff069",
  "comparison_csv": "outputs/week8_ablations/reference/frontier_validation.csv",
  "comparison_csv_sha256": "2a34cc3de15199d3e89b573f1a8ecb67ce203d0a6525945af0b834f1ea9ff069",
  "rows": [
    {
      "maximum_budget": 1,
      "target_coverage": 0.9,
      "row_count": 1404,
      "reference_source_bit_macro_f1": 0.8980805284361609,
      "comparison_source_bit_macro_f1": 0.8980805284361609,
      "reference_minus_comparison_source_bit_macro_f1": 0.0,
      "reference_six_way_macro_f1": 0.5796350383562641,
      "comparison_six_way_macro_f1": 0.5796350383562641,
      "reference_minus_comparison_six_way_macro_f1": 0.0,
      "reference_coverage": 0.8625356125356125,
      "comparison_coverage": 0.9615384615384616,
      "reference_minus_comparison_coverage": -0.09900284900284906,
      "reference_average_set_size": 2.5947293447293447,
      "comparison_average_set_size": 3.4074074074074074,
      "reference_minus_comparison_average_set_size": -0.8126780626780628,
      "reference_mean_acquisition_cost": 1.0,
      "comparison_mean_acquisition_cost": 1.0,
      "reference_minus_comparison_mean_acquisition_cost": 0.0
    },
    {
      "maximum_budget": 1,
      "target_coverage": 0.95,
      "row_count": 1404,
      "reference_source_bit_macro_f1": 0.8980805284361609,
      "comparison_source_bit_macro_f1": 0.8980805284361609,
      "reference_minus_comparison_source_bit_macro_f1": 0.0,
      "reference_six_way_macro_f1": 0.5796350383562641,
      "comparison_six_way_macro_f1": 0.5796350383562641,
      "reference_minus_comparison_six_way_macro_f1": 0.0,
      "reference_coverage": 0.9131054131054132,
      "comparison_coverage": 0.9971509971509972,
      "reference_minus_comparison_coverage": -0.08404558404558404,
      "reference_average_set_size": 3.0035612535612537,
      "comparison_average_set_size": 4.898860398860399,
      "reference_minus_comparison_average_set_size": -1.8952991452991452,
      "reference_mean_acquisition_cost": 1.0,
      "comparison_mean_acquisition_cost": 1.0,
      "reference_minus_comparison_mean_acquisition_cost": 0.0
    },
    {
      "maximum_budget": 2,
      "target_coverage": 0.9,
      "row_count": 1404,
      "reference_source_bit_macro_f1": 0.9499154310679478,
      "comparison_source_bit_macro_f1": 0.9499154310679478,
      "reference_minus_comparison_source_bit_macro_f1": 0.0,
      "reference_six_way_macro_f1": 0.7072583008311978,
      "comparison_six_way_macro_f1": 0.7072583008311978,
      "reference_minus_comparison_six_way_macro_f1": 0.0,
      "reference_coverage": 0.8376068376068376,
      "comparison_coverage": 0.9109686609686609,
      "reference_minus_comparison_coverage": -0.07336182336182329,
      "reference_average_set_size": 2.1253561253561255,
      "comparison_average_set_size": 2.7784900284900287,
      "reference_minus_comparison_average_set_size": -0.6531339031339032,
      "reference_mean_acquisition_cost": 1.9985754985754987,
      "comparison_mean_acquisition_cost": 1.9985754985754987,
      "reference_minus_comparison_mean_acquisition_cost": 0.0
    },
    {
      "maximum_budget": 2,
      "target_coverage": 0.95,
      "row_count": 1404,
      "reference_source_bit_macro_f1": 0.9499154310679478,
      "comparison_source_bit_macro_f1": 0.9499154310679478,
      "reference_minus_comparison_source_bit_macro_f1": 0.0,
      "reference_six_way_macro_f1": 0.7072583008311978,
      "comparison_six_way_macro_f1": 0.7072583008311978,
      "reference_minus_comparison_six_way_macro_f1": 0.0,
      "reference_coverage": 0.9031339031339032,
      "comparison_coverage": 0.9985754985754985,
      "reference_minus_comparison_coverage": -0.09544159544159536,
      "reference_average_set_size": 2.690883190883191,
      "comparison_average_set_size": 4.489316239316239,
      "reference_minus_comparison_average_set_size": -1.7984330484330484,
      "reference_mean_acquisition_cost": 1.9985754985754987,
      "comparison_mean_acquisition_cost": 1.9985754985754987,
      "reference_minus_comparison_mean_acquisition_cost": 0.0
    },
    {
      "maximum_budget": 3,
      "target_coverage": 0.9,
      "row_count": 1404,
      "reference_source_bit_macro_f1": 0.9728952816288109,
      "comparison_source_bit_macro_f1": 0.9728952816288109,
      "reference_minus_comparison_source_bit_macro_f1": 0.0,
      "reference_six_way_macro_f1": 0.7828513904403923,
      "comparison_six_way_macro_f1": 0.7828513904403923,
      "reference_minus_comparison_six_way_macro_f1": 0.0,
      "reference_coverage": 0.8133903133903134,
      "comparison_coverage": 0.8881766381766382,
      "reference_minus_comparison_coverage": -0.07478632478632474,
      "reference_average_set_size": 1.9024216524216524,
      "comparison_average_set_size": 2.4608262108262107,
      "reference_minus_comparison_average_set_size": -0.5584045584045583,
      "reference_mean_acquisition_cost": 2.990740740740741,
      "comparison_mean_acquisition_cost": 2.990740740740741,
      "reference_minus_comparison_mean_acquisition_cost": 0.0
    },
    {
      "maximum_budget": 3,
      "target_coverage": 0.95,
      "row_count": 1404,
      "reference_source_bit_macro_f1": 0.9728952816288109,
      "comparison_source_bit_macro_f1": 0.9728952816288109,
      "reference_minus_comparison_source_bit_macro_f1": 0.0,
      "reference_six_way_macro_f1": 0.7828513904403923,
      "comparison_six_way_macro_f1": 0.7828513904403923,
      "reference_minus_comparison_six_way_macro_f1": 0.0,
      "reference_coverage": 0.8974358974358975,
      "comparison_coverage": 0.9992877492877493,
      "reference_minus_comparison_coverage": -0.10185185185185186,
      "reference_average_set_size": 2.7037037037037037,
      "comparison_average_set_size": 4.312678062678063,
      "reference_minus_comparison_average_set_size": -1.608974358974359,
      "reference_mean_acquisition_cost": 2.990740740740741,
      "comparison_mean_acquisition_cost": 2.990740740740741,
      "reference_minus_comparison_mean_acquisition_cost": 0.0
    },
    {
      "maximum_budget": 4,
      "target_coverage": 0.9,
      "row_count": 1404,
      "reference_source_bit_macro_f1": 0.9844592704689524,
      "comparison_source_bit_macro_f1": 0.9844592704689524,
      "reference_minus_comparison_source_bit_macro_f1": 0.0,
      "reference_six_way_macro_f1": 0.806465341614078,
      "comparison_six_way_macro_f1": 0.806465341614078,
      "reference_minus_comparison_six_way_macro_f1": 0.0,
      "reference_coverage": 0.8069800569800569,
      "comparison_coverage": 0.8703703703703703,
      "reference_minus_comparison_coverage": -0.06339031339031342,
      "reference_average_set_size": 1.8183760683760684,
      "comparison_average_set_size": 2.257122507122507,
      "reference_minus_comparison_average_set_size": -0.4387464387464386,
      "reference_mean_acquisition_cost": 3.8732193732193734,
      "comparison_mean_acquisition_cost": 3.8732193732193734,
      "reference_minus_comparison_mean_acquisition_cost": 0.0
    },
    {
      "maximum_budget": 4,
      "target_coverage": 0.95,
      "row_count": 1404,
      "reference_source_bit_macro_f1": 0.9844592704689524,
      "comparison_source_bit_macro_f1": 0.9844592704689524,
      "reference_minus_comparison_source_bit_macro_f1": 0.0,
      "reference_six_way_macro_f1": 0.806465341614078,
      "comparison_six_way_macro_f1": 0.806465341614078,
      "reference_minus_comparison_six_way_macro_f1": 0.0,
      "reference_coverage": 0.8881766381766382,
      "comparison_coverage": 1.0,
      "reference_minus_comparison_coverage": -0.11182336182336183,
      "reference_average_set_size": 2.777065527065527,
      "comparison_average_set_size": 4.1581196581196584,
      "reference_minus_comparison_average_set_size": -1.3810541310541313,
      "reference_mean_acquisition_cost": 3.8732193732193734,
      "comparison_mean_acquisition_cost": 3.8732193732193734,
      "reference_minus_comparison_mean_acquisition_cost": 0.0
    },
    {
      "maximum_budget": 7,
      "target_coverage": 0.9,
      "row_count": 1404,
      "reference_source_bit_macro_f1": 0.9948442755506527,
      "comparison_source_bit_macro_f1": 0.9948442755506527,
      "reference_minus_comparison_source_bit_macro_f1": 0.0,
      "reference_six_way_macro_f1": 0.8492960754465312,
      "comparison_six_way_macro_f1": 0.8492960754465312,
      "reference_minus_comparison_six_way_macro_f1": 0.0,
      "reference_coverage": 0.8162393162393162,
      "comparison_coverage": 0.8703703703703703,
      "reference_minus_comparison_coverage": -0.054131054131054124,
      "reference_average_set_size": 1.7542735042735043,
      "comparison_average_set_size": 2.0982905982905984,
      "reference_minus_comparison_average_set_size": -0.3440170940170941,
      "reference_mean_acquisition_cost": 5.061253561253562,
      "comparison_mean_acquisition_cost": 5.061253561253562,
      "reference_minus_comparison_mean_acquisition_cost": 0.0
    },
    {
      "maximum_budget": 7,
      "target_coverage": 0.95,
      "row_count": 1404,
      "reference_source_bit_macro_f1": 0.9948442755506527,
      "comparison_source_bit_macro_f1": 0.9948442755506527,
      "reference_minus_comparison_source_bit_macro_f1": 0.0,
      "reference_six_way_macro_f1": 0.8492960754465312,
      "comparison_six_way_macro_f1": 0.8492960754465312,
      "reference_minus_comparison_six_way_macro_f1": 0.0,
      "reference_coverage": 0.8867521367521367,
      "comparison_coverage": 0.9985754985754985,
      "reference_minus_comparison_coverage": -0.11182336182336183,
      "reference_average_set_size": 3.572649572649573,
      "comparison_average_set_size": 4.0747863247863245,
      "reference_minus_comparison_average_set_size": -0.5021367521367517,
      "reference_mean_acquisition_cost": 5.061253561253562,
      "comparison_mean_acquisition_cost": 5.061253561253562,
      "reference_minus_comparison_mean_acquisition_cost": 0.0
    }
  ],
  "report_sha256": "ece9acb9186a4c1acc78a14a27c66a0eff4c3c3d7ff6fbf71ee86acaf60c1a11"
}
{
  "format_version": "week8_ablation_evidence_v1",
  "status": "COMPLETE",
  "ablation_id": "no_budget_embedding",
  "evaluation_split": "val",
  "post_test_tuning_used": false,
  "reference_condition": "proactive",
  "comparison_condition": "proactive",
  "reference_csv": "outputs/week8_ablations/reference/frontier_validation.csv",
  "reference_csv_sha256": "2a34cc3de15199d3e89b573f1a8ecb67ce203d0a6525945af0b834f1ea9ff069",
  "comparison_csv": "outputs/week8_ablations/no_budget_embedding/frontier/frontier_validation.csv",
  "comparison_csv_sha256": "3215535e17ca1987ffa2af00199dacaa81420c7f9589eb795912ed42ee2e35d3",
  "rows": [
    {
      "maximum_budget": 1,
      "target_coverage": 0.9,
      "row_count": 1404,
      "reference_source_bit_macro_f1": 0.8980805284361609,
      "comparison_source_bit_macro_f1": 0.8926292978230412,
      "reference_minus_comparison_source_bit_macro_f1": 0.005451230613119695,
      "reference_six_way_macro_f1": 0.5796350383562641,
      "comparison_six_way_macro_f1": 0.5867622329380962,
      "reference_minus_comparison_six_way_macro_f1": -0.007127194581832086,
      "reference_coverage": 0.8625356125356125,
      "comparison_coverage": 0.8696581196581197,
      "reference_minus_comparison_coverage": -0.007122507122507171,
      "reference_average_set_size": 2.5947293447293447,
      "comparison_average_set_size": 2.368945868945869,
      "reference_minus_comparison_average_set_size": 0.22578347578347557,
      "reference_mean_acquisition_cost": 1.0,
      "comparison_mean_acquisition_cost": 1.0,
      "reference_minus_comparison_mean_acquisition_cost": 0.0
    },
    {
      "maximum_budget": 1,
      "target_coverage": 0.95,
      "row_count": 1404,
      "reference_source_bit_macro_f1": 0.8980805284361609,
      "comparison_source_bit_macro_f1": 0.8926292978230412,
      "reference_minus_comparison_source_bit_macro_f1": 0.005451230613119695,
      "reference_six_way_macro_f1": 0.5796350383562641,
      "comparison_six_way_macro_f1": 0.5867622329380962,
      "reference_minus_comparison_six_way_macro_f1": -0.007127194581832086,
      "reference_coverage": 0.9131054131054132,
      "comparison_coverage": 0.9401709401709402,
      "reference_minus_comparison_coverage": -0.027065527065527006,
      "reference_average_set_size": 3.0035612535612537,
      "comparison_average_set_size": 2.8874643874643873,
      "reference_minus_comparison_average_set_size": 0.11609686609686642,
      "reference_mean_acquisition_cost": 1.0,
      "comparison_mean_acquisition_cost": 1.0,
      "reference_minus_comparison_mean_acquisition_cost": 0.0
    },
    {
      "maximum_budget": 2,
      "target_coverage": 0.9,
      "row_count": 1404,
      "reference_source_bit_macro_f1": 0.9499154310679478,
      "comparison_source_bit_macro_f1": 0.9456656426385832,
      "reference_minus_comparison_source_bit_macro_f1": 0.0042497884293646315,
      "reference_six_way_macro_f1": 0.7072583008311978,
      "comparison_six_way_macro_f1": 0.6993137138582896,
      "reference_minus_comparison_six_way_macro_f1": 0.00794458697290823,
      "reference_coverage": 0.8376068376068376,
      "comparison_coverage": 0.8411680911680912,
      "reference_minus_comparison_coverage": -0.0035612535612535856,
      "reference_average_set_size": 2.1253561253561255,
      "comparison_average_set_size": 1.789173789173789,
      "reference_minus_comparison_average_set_size": 0.3361823361823364,
      "reference_mean_acquisition_cost": 1.9985754985754987,
      "comparison_mean_acquisition_cost": 2.0,
      "reference_minus_comparison_mean_acquisition_cost": -0.0014245014245013454
    },
    {
      "maximum_budget": 2,
      "target_coverage": 0.95,
      "row_count": 1404,
      "reference_source_bit_macro_f1": 0.9499154310679478,
      "comparison_source_bit_macro_f1": 0.9456656426385832,
      "reference_minus_comparison_source_bit_macro_f1": 0.0042497884293646315,
      "reference_six_way_macro_f1": 0.7072583008311978,
      "comparison_six_way_macro_f1": 0.6993137138582896,
      "reference_minus_comparison_six_way_macro_f1": 0.00794458697290823,
      "reference_coverage": 0.9031339031339032,
      "comparison_coverage": 0.9309116809116809,
      "reference_minus_comparison_coverage": -0.02777777777777768,
      "reference_average_set_size": 2.690883190883191,
      "comparison_average_set_size": 2.495014245014245,
      "reference_minus_comparison_average_set_size": 0.19586894586894577,
      "reference_mean_acquisition_cost": 1.9985754985754987,
      "comparison_mean_acquisition_cost": 2.0,
      "reference_minus_comparison_mean_acquisition_cost": -0.0014245014245013454
    },
    {
      "maximum_budget": 3,
      "target_coverage": 0.9,
      "row_count": 1404,
      "reference_source_bit_macro_f1": 0.9728952816288109,
      "comparison_source_bit_macro_f1": 0.9668861558286913,
      "reference_minus_comparison_source_bit_macro_f1": 0.006009125800119586,
      "reference_six_way_macro_f1": 0.7828513904403923,
      "comparison_six_way_macro_f1": 0.7537171915373732,
      "reference_minus_comparison_six_way_macro_f1": 0.02913419890301916,
      "reference_coverage": 0.8133903133903134,
      "comparison_coverage": 0.8304843304843305,
      "reference_minus_comparison_coverage": -0.017094017094017033,
      "reference_average_set_size": 1.9024216524216524,
      "comparison_average_set_size": 1.670940170940171,
      "reference_minus_comparison_average_set_size": 0.2314814814814814,
      "reference_mean_acquisition_cost": 2.990740740740741,
      "comparison_mean_acquisition_cost": 2.948005698005698,
      "reference_minus_comparison_mean_acquisition_cost": 0.04273504273504303
    },
    {
      "maximum_budget": 3,
      "target_coverage": 0.95,
      "row_count": 1404,
      "reference_source_bit_macro_f1": 0.9728952816288109,
      "comparison_source_bit_macro_f1": 0.9668861558286913,
      "reference_minus_comparison_source_bit_macro_f1": 0.006009125800119586,
      "reference_six_way_macro_f1": 0.7828513904403923,
      "comparison_six_way_macro_f1": 0.7537171915373732,
      "reference_minus_comparison_six_way_macro_f1": 0.02913419890301916,
      "reference_coverage": 0.8974358974358975,
      "comparison_coverage": 0.9038461538461539,
      "reference_minus_comparison_coverage": -0.0064102564102563875,
      "reference_average_set_size": 2.7037037037037037,
      "comparison_average_set_size": 2.5883190883190883,
      "reference_minus_comparison_average_set_size": 0.11538461538461542,
      "reference_mean_acquisition_cost": 2.990740740740741,
      "comparison_mean_acquisition_cost": 2.948005698005698,
      "reference_minus_comparison_mean_acquisition_cost": 0.04273504273504303
    },
    {
      "maximum_budget": 4,
      "target_coverage": 0.9,
      "row_count": 1404,
      "reference_source_bit_macro_f1": 0.9844592704689524,
      "comparison_source_bit_macro_f1": 0.9809301173365478,
      "reference_minus_comparison_source_bit_macro_f1": 0.00352915313240465,
      "reference_six_way_macro_f1": 0.806465341614078,
      "comparison_six_way_macro_f1": 0.807510265850353,
      "reference_minus_comparison_six_way_macro_f1": -0.0010449242362750022,
      "reference_coverage": 0.8069800569800569,
      "comparison_coverage": 0.8190883190883191,
      "reference_minus_comparison_coverage": -0.012108262108262213,
      "reference_average_set_size": 1.8183760683760684,
      "comparison_average_set_size": 1.6673789173789173,
      "reference_minus_comparison_average_set_size": 0.15099715099715105,
      "reference_mean_acquisition_cost": 3.8732193732193734,
      "comparison_mean_acquisition_cost": 3.844017094017094,
      "reference_minus_comparison_mean_acquisition_cost": 0.029202279202279247
    },
    {
      "maximum_budget": 4,
      "target_coverage": 0.95,
      "row_count": 1404,
      "reference_source_bit_macro_f1": 0.9844592704689524,
      "comparison_source_bit_macro_f1": 0.9809301173365478,
      "reference_minus_comparison_source_bit_macro_f1": 0.00352915313240465,
      "reference_six_way_macro_f1": 0.806465341614078,
      "comparison_six_way_macro_f1": 0.807510265850353,
      "reference_minus_comparison_six_way_macro_f1": -0.0010449242362750022,
      "reference_coverage": 0.8881766381766382,
      "comparison_coverage": 0.9038461538461539,
      "reference_minus_comparison_coverage": -0.015669515669515688,
      "reference_average_set_size": 2.777065527065527,
      "comparison_average_set_size": 2.7222222222222223,
      "reference_minus_comparison_average_set_size": 0.054843304843304796,
      "reference_mean_acquisition_cost": 3.8732193732193734,
      "comparison_mean_acquisition_cost": 3.844017094017094,
      "reference_minus_comparison_mean_acquisition_cost": 0.029202279202279247
    },
    {
      "maximum_budget": 7,
      "target_coverage": 0.9,
      "row_count": 1404,
      "reference_source_bit_macro_f1": 0.9948442755506527,
      "comparison_source_bit_macro_f1": 0.9931442945490553,
      "reference_minus_comparison_source_bit_macro_f1": 0.001699981001597406,
      "reference_six_way_macro_f1": 0.8492960754465312,
      "comparison_six_way_macro_f1": 0.8446869889495462,
      "reference_minus_comparison_six_way_macro_f1": 0.004609086496984993,
      "reference_coverage": 0.8162393162393162,
      "comparison_coverage": 0.8183760683760684,
      "reference_minus_comparison_coverage": -0.002136752136752129,
      "reference_average_set_size": 1.7542735042735043,
      "comparison_average_set_size": 1.816951566951567,
      "reference_minus_comparison_average_set_size": -0.06267806267806275,
      "reference_mean_acquisition_cost": 5.061253561253562,
      "comparison_mean_acquisition_cost": 4.854700854700854,
      "reference_minus_comparison_mean_acquisition_cost": 0.2065527065527073
    },
    {
      "maximum_budget": 7,
      "target_coverage": 0.95,
      "row_count": 1404,
      "reference_source_bit_macro_f1": 0.9948442755506527,
      "comparison_source_bit_macro_f1": 0.9931442945490553,
      "reference_minus_comparison_source_bit_macro_f1": 0.001699981001597406,
      "reference_six_way_macro_f1": 0.8492960754465312,
      "comparison_six_way_macro_f1": 0.8446869889495462,
      "reference_minus_comparison_six_way_macro_f1": 0.004609086496984993,
      "reference_coverage": 0.8867521367521367,
      "comparison_coverage": 0.9002849002849003,
      "reference_minus_comparison_coverage": -0.013532763532763559,
      "reference_average_set_size": 3.572649572649573,
      "comparison_average_set_size": 2.826210826210826,
      "reference_minus_comparison_average_set_size": 0.7464387464387467,
      "reference_mean_acquisition_cost": 5.061253561253562,
      "comparison_mean_acquisition_cost": 4.854700854700854,
      "reference_minus_comparison_mean_acquisition_cost": 0.2065527065527073
    }
  ],
  "report_sha256": "6e979fe261cb2bb3a7b901739bffd603d1cc4ce95a07e85d9eba35fcf71d3cac"
}
{
  "format_version": "week8_ablation_evidence_v1",
  "status": "COMPLETE",
  "ablation_id": "loss_only_voi",
  "evaluation_split": "val",
  "post_test_tuning_used": false,
  "reference_condition": "proactive",
  "comparison_condition": "proactive",
  "reference_csv": "outputs/week8_ablations/reference/frontier_validation.csv",
  "reference_csv_sha256": "2a34cc3de15199d3e89b573f1a8ecb67ce203d0a6525945af0b834f1ea9ff069",
  "comparison_csv": "outputs/week8_ablations/loss_only_voi/frontier/frontier_validation.csv",
  "comparison_csv_sha256": "d59c4640a89d0883c54efc4b11fbe6928f5162940d40fca0ff40d373b4dd7b08",
  "rows": [
    {
      "maximum_budget": 1,
      "target_coverage": 0.9,
      "row_count": 1404,
      "reference_source_bit_macro_f1": 0.8980805284361609,
      "comparison_source_bit_macro_f1": 0.9199017985224686,
      "reference_minus_comparison_source_bit_macro_f1": -0.02182127008630763,
      "reference_six_way_macro_f1": 0.5796350383562641,
      "comparison_six_way_macro_f1": 0.5926558814386408,
      "reference_minus_comparison_six_way_macro_f1": -0.01302084308237672,
      "reference_coverage": 0.8625356125356125,
      "comparison_coverage": 0.9088319088319088,
      "reference_minus_comparison_coverage": -0.04629629629629628,
      "reference_average_set_size": 2.5947293447293447,
      "comparison_average_set_size": 2.780626780626781,
      "reference_minus_comparison_average_set_size": -0.18589743589743613,
      "reference_mean_acquisition_cost": 1.0,
      "comparison_mean_acquisition_cost": 1.0,
      "reference_minus_comparison_mean_acquisition_cost": 0.0
    },
    {
      "maximum_budget": 1,
      "target_coverage": 0.95,
      "row_count": 1404,
      "reference_source_bit_macro_f1": 0.8980805284361609,
      "comparison_source_bit_macro_f1": 0.9199017985224686,
      "reference_minus_comparison_source_bit_macro_f1": -0.02182127008630763,
      "reference_six_way_macro_f1": 0.5796350383562641,
      "comparison_six_way_macro_f1": 0.5926558814386408,
      "reference_minus_comparison_six_way_macro_f1": -0.01302084308237672,
      "reference_coverage": 0.9131054131054132,
      "comparison_coverage": 0.9373219373219374,
      "reference_minus_comparison_coverage": -0.024216524216524205,
      "reference_average_set_size": 3.0035612535612537,
      "comparison_average_set_size": 3.1666666666666665,
      "reference_minus_comparison_average_set_size": -0.16310541310541282,
      "reference_mean_acquisition_cost": 1.0,
      "comparison_mean_acquisition_cost": 1.0,
      "reference_minus_comparison_mean_acquisition_cost": 0.0
    },
    {
      "maximum_budget": 2,
      "target_coverage": 0.9,
      "row_count": 1404,
      "reference_source_bit_macro_f1": 0.9499154310679478,
      "comparison_source_bit_macro_f1": 0.9573536197440079,
      "reference_minus_comparison_source_bit_macro_f1": -0.0074381886760600535,
      "reference_six_way_macro_f1": 0.7072583008311978,
      "comparison_six_way_macro_f1": 0.7192143980891457,
      "reference_minus_comparison_six_way_macro_f1": -0.011956097257947884,
      "reference_coverage": 0.8376068376068376,
      "comparison_coverage": 0.8881766381766382,
      "reference_minus_comparison_coverage": -0.05056980056980054,
      "reference_average_set_size": 2.1253561253561255,
      "comparison_average_set_size": 2.2856125356125356,
      "reference_minus_comparison_average_set_size": -0.16025641025641013,
      "reference_mean_acquisition_cost": 1.9985754985754987,
      "comparison_mean_acquisition_cost": 2.0,
      "reference_minus_comparison_mean_acquisition_cost": -0.0014245014245013454
    },
    {
      "maximum_budget": 2,
      "target_coverage": 0.95,
      "row_count": 1404,
      "reference_source_bit_macro_f1": 0.9499154310679478,
      "comparison_source_bit_macro_f1": 0.9573536197440079,
      "reference_minus_comparison_source_bit_macro_f1": -0.0074381886760600535,
      "reference_six_way_macro_f1": 0.7072583008311978,
      "comparison_six_way_macro_f1": 0.7192143980891457,
      "reference_minus_comparison_six_way_macro_f1": -0.011956097257947884,
      "reference_coverage": 0.9031339031339032,
      "comparison_coverage": 0.9145299145299145,
      "reference_minus_comparison_coverage": -0.011396011396011319,
      "reference_average_set_size": 2.690883190883191,
      "comparison_average_set_size": 2.7891737891737893,
      "reference_minus_comparison_average_set_size": -0.09829059829059839,
      "reference_mean_acquisition_cost": 1.9985754985754987,
      "comparison_mean_acquisition_cost": 2.0,
      "reference_minus_comparison_mean_acquisition_cost": -0.0014245014245013454
    },
    {
      "maximum_budget": 3,
      "target_coverage": 0.9,
      "row_count": 1404,
      "reference_source_bit_macro_f1": 0.9728952816288109,
      "comparison_source_bit_macro_f1": 0.9753572979982271,
      "reference_minus_comparison_source_bit_macro_f1": -0.002462016369416231,
      "reference_six_way_macro_f1": 0.7828513904403923,
      "comparison_six_way_macro_f1": 0.7866491282567138,
      "reference_minus_comparison_six_way_macro_f1": -0.0037977378163215336,
      "reference_coverage": 0.8133903133903134,
      "comparison_coverage": 0.8561253561253561,
      "reference_minus_comparison_coverage": -0.042735042735042694,
      "reference_average_set_size": 1.9024216524216524,
      "comparison_average_set_size": 2.0448717948717947,
      "reference_minus_comparison_average_set_size": -0.14245014245014231,
      "reference_mean_acquisition_cost": 2.990740740740741,
      "comparison_mean_acquisition_cost": 2.9074074074074074,
      "reference_minus_comparison_mean_acquisition_cost": 0.08333333333333348
    },
    {
      "maximum_budget": 3,
      "target_coverage": 0.95,
      "row_count": 1404,
      "reference_source_bit_macro_f1": 0.9728952816288109,
      "comparison_source_bit_macro_f1": 0.9753572979982271,
      "reference_minus_comparison_source_bit_macro_f1": -0.002462016369416231,
      "reference_six_way_macro_f1": 0.7828513904403923,
      "comparison_six_way_macro_f1": 0.7866491282567138,
      "reference_minus_comparison_six_way_macro_f1": -0.0037977378163215336,
      "reference_coverage": 0.8974358974358975,
      "comparison_coverage": 0.9009971509971509,
      "reference_minus_comparison_coverage": -0.0035612535612534746,
      "reference_average_set_size": 2.7037037037037037,
      "comparison_average_set_size": 2.786324786324786,
      "reference_minus_comparison_average_set_size": -0.08262108262108248,
      "reference_mean_acquisition_cost": 2.990740740740741,
      "comparison_mean_acquisition_cost": 2.9074074074074074,
      "reference_minus_comparison_mean_acquisition_cost": 0.08333333333333348
    },
    {
      "maximum_budget": 4,
      "target_coverage": 0.9,
      "row_count": 1404,
      "reference_source_bit_macro_f1": 0.9844592704689524,
      "comparison_source_bit_macro_f1": 0.9864079114267331,
      "reference_minus_comparison_source_bit_macro_f1": -0.0019486409577806896,
      "reference_six_way_macro_f1": 0.806465341614078,
      "comparison_six_way_macro_f1": 0.8151972830913645,
      "reference_minus_comparison_six_way_macro_f1": -0.008731941477286509,
      "reference_coverage": 0.8069800569800569,
      "comparison_coverage": 0.8411680911680912,
      "reference_minus_comparison_coverage": -0.03418803418803429,
      "reference_average_set_size": 1.8183760683760684,
      "comparison_average_set_size": 1.9223646723646723,
      "reference_minus_comparison_average_set_size": -0.10398860398860399,
      "reference_mean_acquisition_cost": 3.8732193732193734,
      "comparison_mean_acquisition_cost": 3.635327635327635,
      "reference_minus_comparison_mean_acquisition_cost": 0.23789173789173823
    },
    {
      "maximum_budget": 4,
      "target_coverage": 0.95,
      "row_count": 1404,
      "reference_source_bit_macro_f1": 0.9844592704689524,
      "comparison_source_bit_macro_f1": 0.9864079114267331,
      "reference_minus_comparison_source_bit_macro_f1": -0.0019486409577806896,
      "reference_six_way_macro_f1": 0.806465341614078,
      "comparison_six_way_macro_f1": 0.8151972830913645,
      "reference_minus_comparison_six_way_macro_f1": -0.008731941477286509,
      "reference_coverage": 0.8881766381766382,
      "comparison_coverage": 0.8931623931623932,
      "reference_minus_comparison_coverage": -0.004985754985755042,
      "reference_average_set_size": 2.777065527065527,
      "comparison_average_set_size": 2.8497150997150995,
      "reference_minus_comparison_average_set_size": -0.07264957264957239,
      "reference_mean_acquisition_cost": 3.8732193732193734,
      "comparison_mean_acquisition_cost": 3.635327635327635,
      "reference_minus_comparison_mean_acquisition_cost": 0.23789173789173823
    },
    {
      "maximum_budget": 7,
      "target_coverage": 0.9,
      "row_count": 1404,
      "reference_source_bit_macro_f1": 0.9948442755506527,
      "comparison_source_bit_macro_f1": 0.9970253667755539,
      "reference_minus_comparison_source_bit_macro_f1": -0.002181091224901177,
      "reference_six_way_macro_f1": 0.8492960754465312,
      "comparison_six_way_macro_f1": 0.857898849718045,
      "reference_minus_comparison_six_way_macro_f1": -0.008602774271513791,
      "reference_coverage": 0.8162393162393162,
      "comparison_coverage": 0.8568376068376068,
      "reference_minus_comparison_coverage": -0.040598290598290565,
      "reference_average_set_size": 1.7542735042735043,
      "comparison_average_set_size": 1.9024216524216524,
      "reference_minus_comparison_average_set_size": -0.14814814814814814,
      "reference_mean_acquisition_cost": 5.061253561253562,
      "comparison_mean_acquisition_cost": 4.4408831908831905,
      "reference_minus_comparison_mean_acquisition_cost": 0.6203703703703711
    },
    {
      "maximum_budget": 7,
      "target_coverage": 0.95,
      "row_count": 1404,
      "reference_source_bit_macro_f1": 0.9948442755506527,
      "comparison_source_bit_macro_f1": 0.9970253667755539,
      "reference_minus_comparison_source_bit_macro_f1": -0.002181091224901177,
      "reference_six_way_macro_f1": 0.8492960754465312,
      "comparison_six_way_macro_f1": 0.857898849718045,
      "reference_minus_comparison_six_way_macro_f1": -0.008602774271513791,
      "reference_coverage": 0.8867521367521367,
      "comparison_coverage": 0.8903133903133903,
      "reference_minus_comparison_coverage": -0.0035612535612535856,
      "reference_average_set_size": 3.572649572649573,
      "comparison_average_set_size": 3.7286324786324787,
      "reference_minus_comparison_average_set_size": -0.15598290598290587,
      "reference_mean_acquisition_cost": 5.061253561253562,
      "comparison_mean_acquisition_cost": 4.4408831908831905,
      "reference_minus_comparison_mean_acquisition_cost": 0.6203703703703711
    }
  ],
  "report_sha256": "89e2bbbee978261711dae42541c8921cdbf753ad672118bbadfc3ed6ffaaa370"
}
{
  "format_version": "week8_ablation_evidence_v1",
  "status": "COMPLETE",
  "ablation_id": "no_answer_flip",
  "evaluation_split": "val",
  "post_test_tuning_used": false,
  "reference_condition": "proactive",
  "comparison_condition": "proactive",
  "reference_csv": "outputs/week8_ablations/reference/frontier_validation.csv",
  "reference_csv_sha256": "2a34cc3de15199d3e89b573f1a8ecb67ce203d0a6525945af0b834f1ea9ff069",
  "comparison_csv": "outputs/week8_ablations/no_answer_flip/frontier/frontier_validation.csv",
  "comparison_csv_sha256": "0852b6d5182874b07aa646e8c29a6f35ad24cc4bd4453608f6d0aabe4f0ffcd4",
  "rows": [
    {
      "maximum_budget": 1,
      "target_coverage": 0.9,
      "row_count": 1404,
      "reference_source_bit_macro_f1": 0.8980805284361609,
      "comparison_source_bit_macro_f1": 0.9006121019151592,
      "reference_minus_comparison_source_bit_macro_f1": -0.002531573478998239,
      "reference_six_way_macro_f1": 0.5796350383562641,
      "comparison_six_way_macro_f1": 0.5617759792750561,
      "reference_minus_comparison_six_way_macro_f1": 0.017859059081207995,
      "reference_coverage": 0.8625356125356125,
      "comparison_coverage": 0.8675213675213675,
      "reference_minus_comparison_coverage": -0.004985754985755042,
      "reference_average_set_size": 2.5947293447293447,
      "comparison_average_set_size": 2.3162393162393164,
      "reference_minus_comparison_average_set_size": 0.27849002849002824,
      "reference_mean_acquisition_cost": 1.0,
      "comparison_mean_acquisition_cost": 1.0,
      "reference_minus_comparison_mean_acquisition_cost": 0.0
    },
    {
      "maximum_budget": 1,
      "target_coverage": 0.95,
      "row_count": 1404,
      "reference_source_bit_macro_f1": 0.8980805284361609,
      "comparison_source_bit_macro_f1": 0.9006121019151592,
      "reference_minus_comparison_source_bit_macro_f1": -0.002531573478998239,
      "reference_six_way_macro_f1": 0.5796350383562641,
      "comparison_six_way_macro_f1": 0.5617759792750561,
      "reference_minus_comparison_six_way_macro_f1": 0.017859059081207995,
      "reference_coverage": 0.9131054131054132,
      "comparison_coverage": 0.9508547008547008,
      "reference_minus_comparison_coverage": -0.03774928774928765,
      "reference_average_set_size": 3.0035612535612537,
      "comparison_average_set_size": 2.633903133903134,
      "reference_minus_comparison_average_set_size": 0.3696581196581197,
      "reference_mean_acquisition_cost": 1.0,
      "comparison_mean_acquisition_cost": 1.0,
      "reference_minus_comparison_mean_acquisition_cost": 0.0
    },
    {
      "maximum_budget": 2,
      "target_coverage": 0.9,
      "row_count": 1404,
      "reference_source_bit_macro_f1": 0.9499154310679478,
      "comparison_source_bit_macro_f1": 0.9516946635926952,
      "reference_minus_comparison_source_bit_macro_f1": -0.0017792325247473206,
      "reference_six_way_macro_f1": 0.7072583008311978,
      "comparison_six_way_macro_f1": 0.6975916746394025,
      "reference_minus_comparison_six_way_macro_f1": 0.009666626191795258,
      "reference_coverage": 0.8376068376068376,
      "comparison_coverage": 0.8504273504273504,
      "reference_minus_comparison_coverage": -0.012820512820512775,
      "reference_average_set_size": 2.1253561253561255,
      "comparison_average_set_size": 1.8034188034188035,
      "reference_minus_comparison_average_set_size": 0.32193732193732205,
      "reference_mean_acquisition_cost": 1.9985754985754987,
      "comparison_mean_acquisition_cost": 1.9957264957264957,
      "reference_minus_comparison_mean_acquisition_cost": 0.002849002849002913
    },
    {
      "maximum_budget": 2,
      "target_coverage": 0.95,
      "row_count": 1404,
      "reference_source_bit_macro_f1": 0.9499154310679478,
      "comparison_source_bit_macro_f1": 0.9516946635926952,
      "reference_minus_comparison_source_bit_macro_f1": -0.0017792325247473206,
      "reference_six_way_macro_f1": 0.7072583008311978,
      "comparison_six_way_macro_f1": 0.6975916746394025,
      "reference_minus_comparison_six_way_macro_f1": 0.009666626191795258,
      "reference_coverage": 0.9031339031339032,
      "comparison_coverage": 0.8938746438746439,
      "reference_minus_comparison_coverage": 0.0092592592592593,
      "reference_average_set_size": 2.690883190883191,
      "comparison_average_set_size": 2.1374643874643873,
      "reference_minus_comparison_average_set_size": 0.5534188034188037,
      "reference_mean_acquisition_cost": 1.9985754985754987,
      "comparison_mean_acquisition_cost": 1.9957264957264957,
      "reference_minus_comparison_mean_acquisition_cost": 0.002849002849002913
    },
    {
      "maximum_budget": 3,
      "target_coverage": 0.9,
      "row_count": 1404,
      "reference_source_bit_macro_f1": 0.9728952816288109,
      "comparison_source_bit_macro_f1": 0.9729662514456477,
      "reference_minus_comparison_source_bit_macro_f1": -7.096981683685222e-05,
      "reference_six_way_macro_f1": 0.7828513904403923,
      "comparison_six_way_macro_f1": 0.7558700462379621,
      "reference_minus_comparison_six_way_macro_f1": 0.026981344202430257,
      "reference_coverage": 0.8133903133903134,
      "comparison_coverage": 0.8618233618233618,
      "reference_minus_comparison_coverage": -0.04843304843304841,
      "reference_average_set_size": 1.9024216524216524,
      "comparison_average_set_size": 1.6958689458689458,
      "reference_minus_comparison_average_set_size": 0.20655270655270663,
      "reference_mean_acquisition_cost": 2.990740740740741,
      "comparison_mean_acquisition_cost": 2.8803418803418803,
      "reference_minus_comparison_mean_acquisition_cost": 0.1103988603988606
    },
    {
      "maximum_budget": 3,
      "target_coverage": 0.95,
      "row_count": 1404,
      "reference_source_bit_macro_f1": 0.9728952816288109,
      "comparison_source_bit_macro_f1": 0.9729662514456477,
      "reference_minus_comparison_source_bit_macro_f1": -7.096981683685222e-05,
      "reference_six_way_macro_f1": 0.7828513904403923,
      "comparison_six_way_macro_f1": 0.7558700462379621,
      "reference_minus_comparison_six_way_macro_f1": 0.026981344202430257,
      "reference_coverage": 0.8974358974358975,
      "comparison_coverage": 0.8981481481481481,
      "reference_minus_comparison_coverage": -0.0007122507122506727,
      "reference_average_set_size": 2.7037037037037037,
      "comparison_average_set_size": 2.3447293447293447,
      "reference_minus_comparison_average_set_size": 0.35897435897435903,
      "reference_mean_acquisition_cost": 2.990740740740741,
      "comparison_mean_acquisition_cost": 2.8803418803418803,
      "reference_minus_comparison_mean_acquisition_cost": 0.1103988603988606
    },
    {
      "maximum_budget": 4,
      "target_coverage": 0.9,
      "row_count": 1404,
      "reference_source_bit_macro_f1": 0.9844592704689524,
      "comparison_source_bit_macro_f1": 0.98055427865718,
      "reference_minus_comparison_source_bit_macro_f1": 0.003904991811772396,
      "reference_six_way_macro_f1": 0.806465341614078,
      "comparison_six_way_macro_f1": 0.7962233910415285,
      "reference_minus_comparison_six_way_macro_f1": 0.010241950572549507,
      "reference_coverage": 0.8069800569800569,
      "comparison_coverage": 0.8547008547008547,
      "reference_minus_comparison_coverage": -0.047720797720797736,
      "reference_average_set_size": 1.8183760683760684,
      "comparison_average_set_size": 1.6225071225071226,
      "reference_minus_comparison_average_set_size": 0.19586894586894577,
      "reference_mean_acquisition_cost": 3.8732193732193734,
      "comparison_mean_acquisition_cost": 3.5185185185185186,
      "reference_minus_comparison_mean_acquisition_cost": 0.3547008547008548
    },
    {
      "maximum_budget": 4,
      "target_coverage": 0.95,
      "row_count": 1404,
      "reference_source_bit_macro_f1": 0.9844592704689524,
      "comparison_source_bit_macro_f1": 0.98055427865718,
      "reference_minus_comparison_source_bit_macro_f1": 0.003904991811772396,
      "reference_six_way_macro_f1": 0.806465341614078,
      "comparison_six_way_macro_f1": 0.7962233910415285,
      "reference_minus_comparison_six_way_macro_f1": 0.010241950572549507,
      "reference_coverage": 0.8881766381766382,
      "comparison_coverage": 0.905982905982906,
      "reference_minus_comparison_coverage": -0.017806267806267817,
      "reference_average_set_size": 2.777065527065527,
      "comparison_average_set_size": 2.6452991452991452,
      "reference_minus_comparison_average_set_size": 0.1317663817663819,
      "reference_mean_acquisition_cost": 3.8732193732193734,
      "comparison_mean_acquisition_cost": 3.5185185185185186,
      "reference_minus_comparison_mean_acquisition_cost": 0.3547008547008548
    },
    {
      "maximum_budget": 7,
      "target_coverage": 0.9,
      "row_count": 1404,
      "reference_source_bit_macro_f1": 0.9948442755506527,
      "comparison_source_bit_macro_f1": 0.9931182596552309,
      "reference_minus_comparison_source_bit_macro_f1": 0.001726015895421762,
      "reference_six_way_macro_f1": 0.8492960754465312,
      "comparison_six_way_macro_f1": 0.846269046363418,
      "reference_minus_comparison_six_way_macro_f1": 0.003027029083113142,
      "reference_coverage": 0.8162393162393162,
      "comparison_coverage": 0.863960113960114,
      "reference_minus_comparison_coverage": -0.047720797720797736,
      "reference_average_set_size": 1.7542735042735043,
      "comparison_average_set_size": 1.6168091168091168,
      "reference_minus_comparison_average_set_size": 0.1374643874643875,
      "reference_mean_acquisition_cost": 5.061253561253562,
      "comparison_mean_acquisition_cost": 4.203703703703703,
      "reference_minus_comparison_mean_acquisition_cost": 0.8575498575498584
    },
    {
      "maximum_budget": 7,
      "target_coverage": 0.95,
      "row_count": 1404,
      "reference_source_bit_macro_f1": 0.9948442755506527,
      "comparison_source_bit_macro_f1": 0.9931182596552309,
      "reference_minus_comparison_source_bit_macro_f1": 0.001726015895421762,
      "reference_six_way_macro_f1": 0.8492960754465312,
      "comparison_six_way_macro_f1": 0.846269046363418,
      "reference_minus_comparison_six_way_macro_f1": 0.003027029083113142,
      "reference_coverage": 0.8867521367521367,
      "comparison_coverage": 0.9180911680911681,
      "reference_minus_comparison_coverage": -0.031339031339031376,
      "reference_average_set_size": 3.572649572649573,
      "comparison_average_set_size": 2.688746438746439,
      "reference_minus_comparison_average_set_size": 0.883903133903134,
      "reference_mean_acquisition_cost": 5.061253561253562,
      "comparison_mean_acquisition_cost": 4.203703703703703,
      "reference_minus_comparison_mean_acquisition_cost": 0.8575498575498584
    }
  ],
  "report_sha256": "0a3bda6ad50dbdf31efedd668db2947304999dd50846cad49bb5b5edd993fc42"
}
{
  "format_version": "week8_ablation_evidence_v1",
  "status": "COMPLETE",
  "ablation_id": "no_confidence_shift",
  "evaluation_split": "val",
  "post_test_tuning_used": false,
  "reference_condition": "proactive",
  "comparison_condition": "proactive",
  "reference_csv": "outputs/week8_ablations/reference/frontier_validation.csv",
  "reference_csv_sha256": "2a34cc3de15199d3e89b573f1a8ecb67ce203d0a6525945af0b834f1ea9ff069",
  "comparison_csv": "outputs/week8_ablations/no_confidence_shift/frontier/frontier_validation.csv",
  "comparison_csv_sha256": "e339a05dc29745dff09b5b4f78dcdf3ad4a4da2281f6f8df0b11790fc4a7b3e5",
  "rows": [
    {
      "maximum_budget": 1,
      "target_coverage": 0.9,
      "row_count": 1404,
      "reference_source_bit_macro_f1": 0.8980805284361609,
      "comparison_source_bit_macro_f1": 0.9008351216187295,
      "reference_minus_comparison_source_bit_macro_f1": -0.0027545931825685432,
      "reference_six_way_macro_f1": 0.5796350383562641,
      "comparison_six_way_macro_f1": 0.5828313659090273,
      "reference_minus_comparison_six_way_macro_f1": -0.003196327552763223,
      "reference_coverage": 0.8625356125356125,
      "comparison_coverage": 0.8603988603988604,
      "reference_minus_comparison_coverage": 0.002136752136752129,
      "reference_average_set_size": 2.5947293447293447,
      "comparison_average_set_size": 2.4266381766381766,
      "reference_minus_comparison_average_set_size": 0.16809116809116809,
      "reference_mean_acquisition_cost": 1.0,
      "comparison_mean_acquisition_cost": 1.0,
      "reference_minus_comparison_mean_acquisition_cost": 0.0
    },
    {
      "maximum_budget": 1,
      "target_coverage": 0.95,
      "row_count": 1404,
      "reference_source_bit_macro_f1": 0.8980805284361609,
      "comparison_source_bit_macro_f1": 0.9008351216187295,
      "reference_minus_comparison_source_bit_macro_f1": -0.0027545931825685432,
      "reference_six_way_macro_f1": 0.5796350383562641,
      "comparison_six_way_macro_f1": 0.5828313659090273,
      "reference_minus_comparison_six_way_macro_f1": -0.003196327552763223,
      "reference_coverage": 0.9131054131054132,
      "comparison_coverage": 0.9131054131054132,
      "reference_minus_comparison_coverage": 0.0,
      "reference_average_set_size": 3.0035612535612537,
      "comparison_average_set_size": 2.7037037037037037,
      "reference_minus_comparison_average_set_size": 0.29985754985755,
      "reference_mean_acquisition_cost": 1.0,
      "comparison_mean_acquisition_cost": 1.0,
      "reference_minus_comparison_mean_acquisition_cost": 0.0
    },
    {
      "maximum_budget": 2,
      "target_coverage": 0.9,
      "row_count": 1404,
      "reference_source_bit_macro_f1": 0.9499154310679478,
      "comparison_source_bit_macro_f1": 0.9471800156157392,
      "reference_minus_comparison_source_bit_macro_f1": 0.002735415452208678,
      "reference_six_way_macro_f1": 0.7072583008311978,
      "comparison_six_way_macro_f1": 0.700180436681014,
      "reference_minus_comparison_six_way_macro_f1": 0.007077864150183744,
      "reference_coverage": 0.8376068376068376,
      "comparison_coverage": 0.834045584045584,
      "reference_minus_comparison_coverage": 0.0035612535612535856,
      "reference_average_set_size": 2.1253561253561255,
      "comparison_average_set_size": 2.017094017094017,
      "reference_minus_comparison_average_set_size": 0.10826210826210847,
      "reference_mean_acquisition_cost": 1.9985754985754987,
      "comparison_mean_acquisition_cost": 1.997150997150997,
      "reference_minus_comparison_mean_acquisition_cost": 0.0014245014245015675
    },
    {
      "maximum_budget": 2,
      "target_coverage": 0.95,
      "row_count": 1404,
      "reference_source_bit_macro_f1": 0.9499154310679478,
      "comparison_source_bit_macro_f1": 0.9471800156157392,
      "reference_minus_comparison_source_bit_macro_f1": 0.002735415452208678,
      "reference_six_way_macro_f1": 0.7072583008311978,
      "comparison_six_way_macro_f1": 0.700180436681014,
      "reference_minus_comparison_six_way_macro_f1": 0.007077864150183744,
      "reference_coverage": 0.9031339031339032,
      "comparison_coverage": 0.9002849002849003,
      "reference_minus_comparison_coverage": 0.002849002849002913,
      "reference_average_set_size": 2.690883190883191,
      "comparison_average_set_size": 2.3304843304843303,
      "reference_minus_comparison_average_set_size": 0.3603988603988606,
      "reference_mean_acquisition_cost": 1.9985754985754987,
      "comparison_mean_acquisition_cost": 1.997150997150997,
      "reference_minus_comparison_mean_acquisition_cost": 0.0014245014245015675
    },
    {
      "maximum_budget": 3,
      "target_coverage": 0.9,
      "row_count": 1404,
      "reference_source_bit_macro_f1": 0.9728952816288109,
      "comparison_source_bit_macro_f1": 0.974018437365633,
      "reference_minus_comparison_source_bit_macro_f1": -0.0011231557368220901,
      "reference_six_way_macro_f1": 0.7828513904403923,
      "comparison_six_way_macro_f1": 0.7650574265856108,
      "reference_minus_comparison_six_way_macro_f1": 0.01779396385478149,
      "reference_coverage": 0.8133903133903134,
      "comparison_coverage": 0.8297720797720798,
      "reference_minus_comparison_coverage": -0.01638176638176636,
      "reference_average_set_size": 1.9024216524216524,
      "comparison_average_set_size": 1.8468660968660968,
      "reference_minus_comparison_average_set_size": 0.05555555555555558,
      "reference_mean_acquisition_cost": 2.990740740740741,
      "comparison_mean_acquisition_cost": 2.9366096866096867,
      "reference_minus_comparison_mean_acquisition_cost": 0.054131054131054235
    },
    {
      "maximum_budget": 3,
      "target_coverage": 0.95,
      "row_count": 1404,
      "reference_source_bit_macro_f1": 0.9728952816288109,
      "comparison_source_bit_macro_f1": 0.974018437365633,
      "reference_minus_comparison_source_bit_macro_f1": -0.0011231557368220901,
      "reference_six_way_macro_f1": 0.7828513904403923,
      "comparison_six_way_macro_f1": 0.7650574265856108,
      "reference_minus_comparison_six_way_macro_f1": 0.01779396385478149,
      "reference_coverage": 0.8974358974358975,
      "comparison_coverage": 0.8981481481481481,
      "reference_minus_comparison_coverage": -0.0007122507122506727,
      "reference_average_set_size": 2.7037037037037037,
      "comparison_average_set_size": 2.6232193732193734,
      "reference_minus_comparison_average_set_size": 0.08048433048433035,
      "reference_mean_acquisition_cost": 2.990740740740741,
      "comparison_mean_acquisition_cost": 2.9366096866096867,
      "reference_minus_comparison_mean_acquisition_cost": 0.054131054131054235
    },
    {
      "maximum_budget": 4,
      "target_coverage": 0.9,
      "row_count": 1404,
      "reference_source_bit_macro_f1": 0.9844592704689524,
      "comparison_source_bit_macro_f1": 0.9859999896686239,
      "reference_minus_comparison_source_bit_macro_f1": -0.0015407191996714698,
      "reference_six_way_macro_f1": 0.806465341614078,
      "comparison_six_way_macro_f1": 0.8227939776716092,
      "reference_minus_comparison_six_way_macro_f1": -0.01632863605753121,
      "reference_coverage": 0.8069800569800569,
      "comparison_coverage": 0.8247863247863247,
      "reference_minus_comparison_coverage": -0.017806267806267817,
      "reference_average_set_size": 1.8183760683760684,
      "comparison_average_set_size": 1.7735042735042734,
      "reference_minus_comparison_average_set_size": 0.044871794871794934,
      "reference_mean_acquisition_cost": 3.8732193732193734,
      "comparison_mean_acquisition_cost": 3.801282051282051,
      "reference_minus_comparison_mean_acquisition_cost": 0.07193732193732227
    },
    {
      "maximum_budget": 4,
      "target_coverage": 0.95,
      "row_count": 1404,
      "reference_source_bit_macro_f1": 0.9844592704689524,
      "comparison_source_bit_macro_f1": 0.9859999896686239,
      "reference_minus_comparison_source_bit_macro_f1": -0.0015407191996714698,
      "reference_six_way_macro_f1": 0.806465341614078,
      "comparison_six_way_macro_f1": 0.8227939776716092,
      "reference_minus_comparison_six_way_macro_f1": -0.01632863605753121,
      "reference_coverage": 0.8881766381766382,
      "comparison_coverage": 0.9002849002849003,
      "reference_minus_comparison_coverage": -0.012108262108262102,
      "reference_average_set_size": 2.777065527065527,
      "comparison_average_set_size": 3.0235042735042734,
      "reference_minus_comparison_average_set_size": -0.2464387464387463,
      "reference_mean_acquisition_cost": 3.8732193732193734,
      "comparison_mean_acquisition_cost": 3.801282051282051,
      "reference_minus_comparison_mean_acquisition_cost": 0.07193732193732227
    },
    {
      "maximum_budget": 7,
      "target_coverage": 0.9,
      "row_count": 1404,
      "reference_source_bit_macro_f1": 0.9948442755506527,
      "comparison_source_bit_macro_f1": 0.9927426779676836,
      "reference_minus_comparison_source_bit_macro_f1": 0.002101597582969128,
      "reference_six_way_macro_f1": 0.8492960754465312,
      "comparison_six_way_macro_f1": 0.8406694505121423,
      "reference_minus_comparison_six_way_macro_f1": 0.008626624934388927,
      "reference_coverage": 0.8162393162393162,
      "comparison_coverage": 0.8361823361823362,
      "reference_minus_comparison_coverage": -0.019943019943019946,
      "reference_average_set_size": 1.7542735042735043,
      "comparison_average_set_size": 2.1445868945868947,
      "reference_minus_comparison_average_set_size": -0.3903133903133904,
      "reference_mean_acquisition_cost": 5.061253561253562,
      "comparison_mean_acquisition_cost": 4.814814814814815,
      "reference_minus_comparison_mean_acquisition_cost": 0.24643874643874675
    },
    {
      "maximum_budget": 7,
      "target_coverage": 0.95,
      "row_count": 1404,
      "reference_source_bit_macro_f1": 0.9948442755506527,
      "comparison_source_bit_macro_f1": 0.9927426779676836,
      "reference_minus_comparison_source_bit_macro_f1": 0.002101597582969128,
      "reference_six_way_macro_f1": 0.8492960754465312,
      "comparison_six_way_macro_f1": 0.8406694505121423,
      "reference_minus_comparison_six_way_macro_f1": 0.008626624934388927,
      "reference_coverage": 0.8867521367521367,
      "comparison_coverage": 0.8952991452991453,
      "reference_minus_comparison_coverage": -0.008547008547008628,
      "reference_average_set_size": 3.572649572649573,
      "comparison_average_set_size": 3.6517094017094016,
      "reference_minus_comparison_average_set_size": -0.07905982905982878,
      "reference_mean_acquisition_cost": 5.061253561253562,
      "comparison_mean_acquisition_cost": 4.814814814814815,
      "reference_minus_comparison_mean_acquisition_cost": 0.24643874643874675
    }
  ],
  "report_sha256": "baae09be60e8f46e3dec068a7be2a4e3d22e144afaeb720613e361d20f6db1c4"
}
{
  "format_version": "week8_ablation_evidence_v1",
  "status": "COMPLETE",
  "ablation_id": "no_semantic_match",
  "evaluation_split": "val",
  "post_test_tuning_used": false,
  "reference_condition": "proactive",
  "comparison_condition": "proactive",
  "reference_csv": "outputs/week8_ablations/reference/frontier_validation.csv",
  "reference_csv_sha256": "2a34cc3de15199d3e89b573f1a8ecb67ce203d0a6525945af0b834f1ea9ff069",
  "comparison_csv": "outputs/week8_ablations/no_semantic_match/frontier/frontier_validation.csv",
  "comparison_csv_sha256": "81f74a9f885e6aef2441718578f1ab20464531c614b7543df4ef7c2155687c50",
  "rows": [
    {
      "maximum_budget": 1,
      "target_coverage": 0.9,
      "row_count": 1404,
      "reference_source_bit_macro_f1": 0.8980805284361609,
      "comparison_source_bit_macro_f1": 0.876314029869583,
      "reference_minus_comparison_source_bit_macro_f1": 0.021766498566577974,
      "reference_six_way_macro_f1": 0.5796350383562641,
      "comparison_six_way_macro_f1": 0.5386346224614278,
      "reference_minus_comparison_six_way_macro_f1": 0.04100041589483627,
      "reference_coverage": 0.8625356125356125,
      "comparison_coverage": 0.8226495726495726,
      "reference_minus_comparison_coverage": 0.03988603988603989,
      "reference_average_set_size": 2.5947293447293447,
      "comparison_average_set_size": 2.284188034188034,
      "reference_minus_comparison_average_set_size": 0.3105413105413106,
      "reference_mean_acquisition_cost": 1.0,
      "comparison_mean_acquisition_cost": 1.0,
      "reference_minus_comparison_mean_acquisition_cost": 0.0
    },
    {
      "maximum_budget": 1,
      "target_coverage": 0.95,
      "row_count": 1404,
      "reference_source_bit_macro_f1": 0.8980805284361609,
      "comparison_source_bit_macro_f1": 0.876314029869583,
      "reference_minus_comparison_source_bit_macro_f1": 0.021766498566577974,
      "reference_six_way_macro_f1": 0.5796350383562641,
      "comparison_six_way_macro_f1": 0.5386346224614278,
      "reference_minus_comparison_six_way_macro_f1": 0.04100041589483627,
      "reference_coverage": 0.9131054131054132,
      "comparison_coverage": 0.9266381766381766,
      "reference_minus_comparison_coverage": -0.013532763532763448,
      "reference_average_set_size": 3.0035612535612537,
      "comparison_average_set_size": 2.53988603988604,
      "reference_minus_comparison_average_set_size": 0.4636752136752138,
      "reference_mean_acquisition_cost": 1.0,
      "comparison_mean_acquisition_cost": 1.0,
      "reference_minus_comparison_mean_acquisition_cost": 0.0
    },
    {
      "maximum_budget": 2,
      "target_coverage": 0.9,
      "row_count": 1404,
      "reference_source_bit_macro_f1": 0.9499154310679478,
      "comparison_source_bit_macro_f1": 0.9132620928191626,
      "reference_minus_comparison_source_bit_macro_f1": 0.03665333824878525,
      "reference_six_way_macro_f1": 0.7072583008311978,
      "comparison_six_way_macro_f1": 0.7024804898967383,
      "reference_minus_comparison_six_way_macro_f1": 0.004777810934459503,
      "reference_coverage": 0.8376068376068376,
      "comparison_coverage": 0.8027065527065527,
      "reference_minus_comparison_coverage": 0.03490028490028496,
      "reference_average_set_size": 2.1253561253561255,
      "comparison_average_set_size": 1.774928774928775,
      "reference_minus_comparison_average_set_size": 0.3504273504273505,
      "reference_mean_acquisition_cost": 1.9985754985754987,
      "comparison_mean_acquisition_cost": 1.9978632478632479,
      "reference_minus_comparison_mean_acquisition_cost": 0.0007122507122507837
    },
    {
      "maximum_budget": 2,
      "target_coverage": 0.95,
      "row_count": 1404,
      "reference_source_bit_macro_f1": 0.9499154310679478,
      "comparison_source_bit_macro_f1": 0.9132620928191626,
      "reference_minus_comparison_source_bit_macro_f1": 0.03665333824878525,
      "reference_six_way_macro_f1": 0.7072583008311978,
      "comparison_six_way_macro_f1": 0.7024804898967383,
      "reference_minus_comparison_six_way_macro_f1": 0.004777810934459503,
      "reference_coverage": 0.9031339031339032,
      "comparison_coverage": 0.8803418803418803,
      "reference_minus_comparison_coverage": 0.02279202279202286,
      "reference_average_set_size": 2.690883190883191,
      "comparison_average_set_size": 1.9650997150997151,
      "reference_minus_comparison_average_set_size": 0.7257834757834758,
      "reference_mean_acquisition_cost": 1.9985754985754987,
      "comparison_mean_acquisition_cost": 1.9978632478632479,
      "reference_minus_comparison_mean_acquisition_cost": 0.0007122507122507837
    },
    {
      "maximum_budget": 3,
      "target_coverage": 0.9,
      "row_count": 1404,
      "reference_source_bit_macro_f1": 0.9728952816288109,
      "comparison_source_bit_macro_f1": 0.9336629266448014,
      "reference_minus_comparison_source_bit_macro_f1": 0.039232354984009454,
      "reference_six_way_macro_f1": 0.7828513904403923,
      "comparison_six_way_macro_f1": 0.7522626143552998,
      "reference_minus_comparison_six_way_macro_f1": 0.030588776085092473,
      "reference_coverage": 0.8133903133903134,
      "comparison_coverage": 0.7913105413105413,
      "reference_minus_comparison_coverage": 0.022079772079772075,
      "reference_average_set_size": 1.9024216524216524,
      "comparison_average_set_size": 1.6787749287749287,
      "reference_minus_comparison_average_set_size": 0.22364672364672367,
      "reference_mean_acquisition_cost": 2.990740740740741,
      "comparison_mean_acquisition_cost": 2.9038461538461537,
      "reference_minus_comparison_mean_acquisition_cost": 0.08689458689458718
    },
    {
      "maximum_budget": 3,
      "target_coverage": 0.95,
      "row_count": 1404,
      "reference_source_bit_macro_f1": 0.9728952816288109,
      "comparison_source_bit_macro_f1": 0.9336629266448014,
      "reference_minus_comparison_source_bit_macro_f1": 0.039232354984009454,
      "reference_six_way_macro_f1": 0.7828513904403923,
      "comparison_six_way_macro_f1": 0.7522626143552998,
      "reference_minus_comparison_six_way_macro_f1": 0.030588776085092473,
      "reference_coverage": 0.8974358974358975,
      "comparison_coverage": 0.8725071225071225,
      "reference_minus_comparison_coverage": 0.024928774928774988,
      "reference_average_set_size": 2.7037037037037037,
      "comparison_average_set_size": 1.8653846153846154,
      "reference_minus_comparison_average_set_size": 0.8383190883190883,
      "reference_mean_acquisition_cost": 2.990740740740741,
      "comparison_mean_acquisition_cost": 2.9038461538461537,
      "reference_minus_comparison_mean_acquisition_cost": 0.08689458689458718
    },
    {
      "maximum_budget": 4,
      "target_coverage": 0.9,
      "row_count": 1404,
      "reference_source_bit_macro_f1": 0.9844592704689524,
      "comparison_source_bit_macro_f1": 0.9463940979169679,
      "reference_minus_comparison_source_bit_macro_f1": 0.038065172551984494,
      "reference_six_way_macro_f1": 0.806465341614078,
      "comparison_six_way_macro_f1": 0.7996748272530022,
      "reference_minus_comparison_six_way_macro_f1": 0.006790514361075806,
      "reference_coverage": 0.8069800569800569,
      "comparison_coverage": 0.7962962962962963,
      "reference_minus_comparison_coverage": 0.010683760683760646,
      "reference_average_set_size": 1.8183760683760684,
      "comparison_average_set_size": 1.6025641025641026,
      "reference_minus_comparison_average_set_size": 0.2158119658119657,
      "reference_mean_acquisition_cost": 3.8732193732193734,
      "comparison_mean_acquisition_cost": 3.70014245014245,
      "reference_minus_comparison_mean_acquisition_cost": 0.17307692307692335
    },
    {
      "maximum_budget": 4,
      "target_coverage": 0.95,
      "row_count": 1404,
      "reference_source_bit_macro_f1": 0.9844592704689524,
      "comparison_source_bit_macro_f1": 0.9463940979169679,
      "reference_minus_comparison_source_bit_macro_f1": 0.038065172551984494,
      "reference_six_way_macro_f1": 0.806465341614078,
      "comparison_six_way_macro_f1": 0.7996748272530022,
      "reference_minus_comparison_six_way_macro_f1": 0.006790514361075806,
      "reference_coverage": 0.8881766381766382,
      "comparison_coverage": 0.9009971509971509,
      "reference_minus_comparison_coverage": -0.012820512820512775,
      "reference_average_set_size": 2.777065527065527,
      "comparison_average_set_size": 2.047008547008547,
      "reference_minus_comparison_average_set_size": 0.7300569800569803,
      "reference_mean_acquisition_cost": 3.8732193732193734,
      "comparison_mean_acquisition_cost": 3.70014245014245,
      "reference_minus_comparison_mean_acquisition_cost": 0.17307692307692335
    },
    {
      "maximum_budget": 7,
      "target_coverage": 0.9,
      "row_count": 1404,
      "reference_source_bit_macro_f1": 0.9948442755506527,
      "comparison_source_bit_macro_f1": 0.9535902415203387,
      "reference_minus_comparison_source_bit_macro_f1": 0.041254034030314024,
      "reference_six_way_macro_f1": 0.8492960754465312,
      "comparison_six_way_macro_f1": 0.8226872107215372,
      "reference_minus_comparison_six_way_macro_f1": 0.02660886472499402,
      "reference_coverage": 0.8162393162393162,
      "comparison_coverage": 0.8034188034188035,
      "reference_minus_comparison_coverage": 0.012820512820512775,
      "reference_average_set_size": 1.7542735042735043,
      "comparison_average_set_size": 1.5462962962962963,
      "reference_minus_comparison_average_set_size": 0.20797720797720798,
      "reference_mean_acquisition_cost": 5.061253561253562,
      "comparison_mean_acquisition_cost": 4.817663817663818,
      "reference_minus_comparison_mean_acquisition_cost": 0.2435897435897436
    },
    {
      "maximum_budget": 7,
      "target_coverage": 0.95,
      "row_count": 1404,
      "reference_source_bit_macro_f1": 0.9948442755506527,
      "comparison_source_bit_macro_f1": 0.9535902415203387,
      "reference_minus_comparison_source_bit_macro_f1": 0.041254034030314024,
      "reference_six_way_macro_f1": 0.8492960754465312,
      "comparison_six_way_macro_f1": 0.8226872107215372,
      "reference_minus_comparison_six_way_macro_f1": 0.02660886472499402,
      "reference_coverage": 0.8867521367521367,
      "comparison_coverage": 0.9195156695156695,
      "reference_minus_comparison_coverage": -0.03276353276353283,
      "reference_average_set_size": 3.572649572649573,
      "comparison_average_set_size": 2.0235042735042734,
      "reference_minus_comparison_average_set_size": 1.5491452991452994,
      "reference_mean_acquisition_cost": 5.061253561253562,
      "comparison_mean_acquisition_cost": 4.817663817663818,
      "reference_minus_comparison_mean_acquisition_cost": 0.2435897435897436
    }
  ],
  "report_sha256": "728cb4b00c5c7b5333ba8445cf9f4c0fb036458f9aeb0b6c99b1bae8a05ad2cc"
}
{
  "format_version": "week8_ablation_evidence_v1",
  "status": "COMPLETE",
  "ablation_id": "no_relation_probe",
  "evaluation_split": "val",
  "post_test_tuning_used": false,
  "reference_condition": "proactive",
  "comparison_condition": "proactive",
  "reference_csv": "outputs/week8_ablations/reference/frontier_validation.csv",
  "reference_csv_sha256": "2a34cc3de15199d3e89b573f1a8ecb67ce203d0a6525945af0b834f1ea9ff069",
  "comparison_csv": "outputs/week8_ablations/no_relation_probe/frontier/frontier_validation.csv",
  "comparison_csv_sha256": "c6454f81a763cf86361d9fa3c6c614bd997adc2ccba96ae307d7aa8d96bdde7e",
  "rows": [
    {
      "maximum_budget": 1,
      "target_coverage": 0.9,
      "row_count": 1404,
      "reference_source_bit_macro_f1": 0.8980805284361609,
      "comparison_source_bit_macro_f1": 0.8929431332786611,
      "reference_minus_comparison_source_bit_macro_f1": 0.00513739515749978,
      "reference_six_way_macro_f1": 0.5796350383562641,
      "comparison_six_way_macro_f1": 0.5588231452298791,
      "reference_minus_comparison_six_way_macro_f1": 0.020811893126384984,
      "reference_coverage": 0.8625356125356125,
      "comparison_coverage": 0.8703703703703703,
      "reference_minus_comparison_coverage": -0.007834757834757844,
      "reference_average_set_size": 2.5947293447293447,
      "comparison_average_set_size": 2.5975783475783474,
      "reference_minus_comparison_average_set_size": -0.002849002849002691,
      "reference_mean_acquisition_cost": 1.0,
      "comparison_mean_acquisition_cost": 1.0,
      "reference_minus_comparison_mean_acquisition_cost": 0.0
    },
    {
      "maximum_budget": 1,
      "target_coverage": 0.95,
      "row_count": 1404,
      "reference_source_bit_macro_f1": 0.8980805284361609,
      "comparison_source_bit_macro_f1": 0.8929431332786611,
      "reference_minus_comparison_source_bit_macro_f1": 0.00513739515749978,
      "reference_six_way_macro_f1": 0.5796350383562641,
      "comparison_six_way_macro_f1": 0.5588231452298791,
      "reference_minus_comparison_six_way_macro_f1": 0.020811893126384984,
      "reference_coverage": 0.9131054131054132,
      "comparison_coverage": 0.9259259259259259,
      "reference_minus_comparison_coverage": -0.012820512820512775,
      "reference_average_set_size": 3.0035612535612537,
      "comparison_average_set_size": 3.4537037037037037,
      "reference_minus_comparison_average_set_size": -0.45014245014245,
      "reference_mean_acquisition_cost": 1.0,
      "comparison_mean_acquisition_cost": 1.0,
      "reference_minus_comparison_mean_acquisition_cost": 0.0
    },
    {
      "maximum_budget": 2,
      "target_coverage": 0.9,
      "row_count": 1404,
      "reference_source_bit_macro_f1": 0.9499154310679478,
      "comparison_source_bit_macro_f1": 0.9479331114021209,
      "reference_minus_comparison_source_bit_macro_f1": 0.0019823196658269593,
      "reference_six_way_macro_f1": 0.7072583008311978,
      "comparison_six_way_macro_f1": 0.6983371876375258,
      "reference_minus_comparison_six_way_macro_f1": 0.008921113193671948,
      "reference_coverage": 0.8376068376068376,
      "comparison_coverage": 0.8504273504273504,
      "reference_minus_comparison_coverage": -0.012820512820512775,
      "reference_average_set_size": 2.1253561253561255,
      "comparison_average_set_size": 2.3034188034188032,
      "reference_minus_comparison_average_set_size": -0.17806267806267773,
      "reference_mean_acquisition_cost": 1.9985754985754987,
      "comparison_mean_acquisition_cost": 1.9957264957264957,
      "reference_minus_comparison_mean_acquisition_cost": 0.002849002849002913
    },
    {
      "maximum_budget": 2,
      "target_coverage": 0.95,
      "row_count": 1404,
      "reference_source_bit_macro_f1": 0.9499154310679478,
      "comparison_source_bit_macro_f1": 0.9479331114021209,
      "reference_minus_comparison_source_bit_macro_f1": 0.0019823196658269593,
      "reference_six_way_macro_f1": 0.7072583008311978,
      "comparison_six_way_macro_f1": 0.6983371876375258,
      "reference_minus_comparison_six_way_macro_f1": 0.008921113193671948,
      "reference_coverage": 0.9031339031339032,
      "comparison_coverage": 0.9102564102564102,
      "reference_minus_comparison_coverage": -0.00712250712250706,
      "reference_average_set_size": 2.690883190883191,
      "comparison_average_set_size": 3.2300569800569803,
      "reference_minus_comparison_average_set_size": -0.5391737891737893,
      "reference_mean_acquisition_cost": 1.9985754985754987,
      "comparison_mean_acquisition_cost": 1.9957264957264957,
      "reference_minus_comparison_mean_acquisition_cost": 0.002849002849002913
    },
    {
      "maximum_budget": 3,
      "target_coverage": 0.9,
      "row_count": 1404,
      "reference_source_bit_macro_f1": 0.9728952816288109,
      "comparison_source_bit_macro_f1": 0.9720581653397411,
      "reference_minus_comparison_source_bit_macro_f1": 0.0008371162890697947,
      "reference_six_way_macro_f1": 0.7828513904403923,
      "comparison_six_way_macro_f1": 0.7629104337673919,
      "reference_minus_comparison_six_way_macro_f1": 0.019940956673000443,
      "reference_coverage": 0.8133903133903134,
      "comparison_coverage": 0.8475783475783476,
      "reference_minus_comparison_coverage": -0.03418803418803418,
      "reference_average_set_size": 1.9024216524216524,
      "comparison_average_set_size": 2.2934472934472936,
      "reference_minus_comparison_average_set_size": -0.3910256410256412,
      "reference_mean_acquisition_cost": 2.990740740740741,
      "comparison_mean_acquisition_cost": 2.9337606837606836,
      "reference_minus_comparison_mean_acquisition_cost": 0.05698005698005737
    },
    {
      "maximum_budget": 3,
      "target_coverage": 0.95,
      "row_count": 1404,
      "reference_source_bit_macro_f1": 0.9728952816288109,
      "comparison_source_bit_macro_f1": 0.9720581653397411,
      "reference_minus_comparison_source_bit_macro_f1": 0.0008371162890697947,
      "reference_six_way_macro_f1": 0.7828513904403923,
      "comparison_six_way_macro_f1": 0.7629104337673919,
      "reference_minus_comparison_six_way_macro_f1": 0.019940956673000443,
      "reference_coverage": 0.8974358974358975,
      "comparison_coverage": 0.8931623931623932,
      "reference_minus_comparison_coverage": 0.004273504273504258,
      "reference_average_set_size": 2.7037037037037037,
      "comparison_average_set_size": 3.0163817663817665,
      "reference_minus_comparison_average_set_size": -0.31267806267806275,
      "reference_mean_acquisition_cost": 2.990740740740741,
      "comparison_mean_acquisition_cost": 2.9337606837606836,
      "reference_minus_comparison_mean_acquisition_cost": 0.05698005698005737
    },
    {
      "maximum_budget": 4,
      "target_coverage": 0.9,
      "row_count": 1404,
      "reference_source_bit_macro_f1": 0.9844592704689524,
      "comparison_source_bit_macro_f1": 0.9854292564169107,
      "reference_minus_comparison_source_bit_macro_f1": -0.000969985947958274,
      "reference_six_way_macro_f1": 0.806465341614078,
      "comparison_six_way_macro_f1": 0.8095983086079546,
      "reference_minus_comparison_six_way_macro_f1": -0.0031329669938765514,
      "reference_coverage": 0.8069800569800569,
      "comparison_coverage": 0.8226495726495726,
      "reference_minus_comparison_coverage": -0.015669515669515688,
      "reference_average_set_size": 1.8183760683760684,
      "comparison_average_set_size": 2.242877492877493,
      "reference_minus_comparison_average_set_size": -0.4245014245014247,
      "reference_mean_acquisition_cost": 3.8732193732193734,
      "comparison_mean_acquisition_cost": 3.7414529914529915,
      "reference_minus_comparison_mean_acquisition_cost": 0.1317663817663819
    },
    {
      "maximum_budget": 4,
      "target_coverage": 0.95,
      "row_count": 1404,
      "reference_source_bit_macro_f1": 0.9844592704689524,
      "comparison_source_bit_macro_f1": 0.9854292564169107,
      "reference_minus_comparison_source_bit_macro_f1": -0.000969985947958274,
      "reference_six_way_macro_f1": 0.806465341614078,
      "comparison_six_way_macro_f1": 0.8095983086079546,
      "reference_minus_comparison_six_way_macro_f1": -0.0031329669938765514,
      "reference_coverage": 0.8881766381766382,
      "comparison_coverage": 1.0,
      "reference_minus_comparison_coverage": -0.11182336182336183,
      "reference_average_set_size": 2.777065527065527,
      "comparison_average_set_size": 4.267806267806268,
      "reference_minus_comparison_average_set_size": -1.490740740740741,
      "reference_mean_acquisition_cost": 3.8732193732193734,
      "comparison_mean_acquisition_cost": 3.7414529914529915,
      "reference_minus_comparison_mean_acquisition_cost": 0.1317663817663819
    },
    {
      "maximum_budget": 7,
      "target_coverage": 0.9,
      "row_count": 1404,
      "reference_source_bit_macro_f1": 0.9948442755506527,
      "comparison_source_bit_macro_f1": 0.9941653613553895,
      "reference_minus_comparison_source_bit_macro_f1": 0.0006789141952632249,
      "reference_six_way_macro_f1": 0.8492960754465312,
      "comparison_six_way_macro_f1": 0.8381157034657342,
      "reference_minus_comparison_six_way_macro_f1": 0.011180371980797021,
      "reference_coverage": 0.8162393162393162,
      "comparison_coverage": 0.8425925925925926,
      "reference_minus_comparison_coverage": -0.026353276353276334,
      "reference_average_set_size": 1.7542735042735043,
      "comparison_average_set_size": 2.3824786324786325,
      "reference_minus_comparison_average_set_size": -0.6282051282051282,
      "reference_mean_acquisition_cost": 5.061253561253562,
      "comparison_mean_acquisition_cost": 4.863247863247863,
      "reference_minus_comparison_mean_acquisition_cost": 0.19800569800569878
    },
    {
      "maximum_budget": 7,
      "target_coverage": 0.95,
      "row_count": 1404,
      "reference_source_bit_macro_f1": 0.9948442755506527,
      "comparison_source_bit_macro_f1": 0.9941653613553895,
      "reference_minus_comparison_source_bit_macro_f1": 0.0006789141952632249,
      "reference_six_way_macro_f1": 0.8492960754465312,
      "comparison_six_way_macro_f1": 0.8381157034657342,
      "reference_minus_comparison_six_way_macro_f1": 0.011180371980797021,
      "reference_coverage": 0.8867521367521367,
      "comparison_coverage": 1.0,
      "reference_minus_comparison_coverage": -0.11324786324786329,
      "reference_average_set_size": 3.572649572649573,
      "comparison_average_set_size": 4.118233618233618,
      "reference_minus_comparison_average_set_size": -0.5455840455840453,
      "reference_mean_acquisition_cost": 5.061253561253562,
      "comparison_mean_acquisition_cost": 4.863247863247863,
      "reference_minus_comparison_mean_acquisition_cost": 0.19800569800569878
    }
  ],
  "report_sha256": "af0d2f7d0b5d92e8834002c50e34b1f8064fb2435e0f58933ce4b8c85190ad6d"
}
{
  "format_version": "week8_ablation_evidence_v1",
  "status": "COMPLETE",
  "ablation_id": "no_signature_regression",
  "evaluation_split": "val",
  "post_test_tuning_used": false,
  "reference_condition": "proactive",
  "comparison_condition": "proactive",
  "reference_csv": "outputs/week8_ablations/reference/frontier_validation.csv",
  "reference_csv_sha256": "2a34cc3de15199d3e89b573f1a8ecb67ce203d0a6525945af0b834f1ea9ff069",
  "comparison_csv": "outputs/week8_ablations/no_signature_regression/frontier/frontier_validation.csv",
  "comparison_csv_sha256": "f2409cec747fc72638116197fd8530415258d4ba984b7c5204358c47b55687ce",
  "rows": [
    {
      "maximum_budget": 1,
      "target_coverage": 0.9,
      "row_count": 1404,
      "reference_source_bit_macro_f1": 0.8980805284361609,
      "comparison_source_bit_macro_f1": 0.8819073805974914,
      "reference_minus_comparison_source_bit_macro_f1": 0.01617314783866952,
      "reference_six_way_macro_f1": 0.5796350383562641,
      "comparison_six_way_macro_f1": 0.5399446560980782,
      "reference_minus_comparison_six_way_macro_f1": 0.039690382258185886,
      "reference_coverage": 0.8625356125356125,
      "comparison_coverage": 0.8682336182336182,
      "reference_minus_comparison_coverage": -0.005698005698005715,
      "reference_average_set_size": 2.5947293447293447,
      "comparison_average_set_size": 2.8055555555555554,
      "reference_minus_comparison_average_set_size": -0.21082621082621067,
      "reference_mean_acquisition_cost": 1.0,
      "comparison_mean_acquisition_cost": 1.0,
      "reference_minus_comparison_mean_acquisition_cost": 0.0
    },
    {
      "maximum_budget": 1,
      "target_coverage": 0.95,
      "row_count": 1404,
      "reference_source_bit_macro_f1": 0.8980805284361609,
      "comparison_source_bit_macro_f1": 0.8819073805974914,
      "reference_minus_comparison_source_bit_macro_f1": 0.01617314783866952,
      "reference_six_way_macro_f1": 0.5796350383562641,
      "comparison_six_way_macro_f1": 0.5399446560980782,
      "reference_minus_comparison_six_way_macro_f1": 0.039690382258185886,
      "reference_coverage": 0.9131054131054132,
      "comparison_coverage": 0.957977207977208,
      "reference_minus_comparison_coverage": -0.04487179487179482,
      "reference_average_set_size": 3.0035612535612537,
      "comparison_average_set_size": 3.8205128205128207,
      "reference_minus_comparison_average_set_size": -0.816951566951567,
      "reference_mean_acquisition_cost": 1.0,
      "comparison_mean_acquisition_cost": 1.0,
      "reference_minus_comparison_mean_acquisition_cost": 0.0
    },
    {
      "maximum_budget": 2,
      "target_coverage": 0.9,
      "row_count": 1404,
      "reference_source_bit_macro_f1": 0.9499154310679478,
      "comparison_source_bit_macro_f1": 0.9480710136557553,
      "reference_minus_comparison_source_bit_macro_f1": 0.001844417412192545,
      "reference_six_way_macro_f1": 0.7072583008311978,
      "comparison_six_way_macro_f1": 0.704354798034163,
      "reference_minus_comparison_six_way_macro_f1": 0.0029035027970347738,
      "reference_coverage": 0.8376068376068376,
      "comparison_coverage": 0.8511396011396012,
      "reference_minus_comparison_coverage": -0.013532763532763559,
      "reference_average_set_size": 2.1253561253561255,
      "comparison_average_set_size": 2.6403133903133904,
      "reference_minus_comparison_average_set_size": -0.5149572649572649,
      "reference_mean_acquisition_cost": 1.9985754985754987,
      "comparison_mean_acquisition_cost": 1.9992877492877492,
      "reference_minus_comparison_mean_acquisition_cost": -0.0007122507122505617
    },
    {
      "maximum_budget": 2,
      "target_coverage": 0.95,
      "row_count": 1404,
      "reference_source_bit_macro_f1": 0.9499154310679478,
      "comparison_source_bit_macro_f1": 0.9480710136557553,
      "reference_minus_comparison_source_bit_macro_f1": 0.001844417412192545,
      "reference_six_way_macro_f1": 0.7072583008311978,
      "comparison_six_way_macro_f1": 0.704354798034163,
      "reference_minus_comparison_six_way_macro_f1": 0.0029035027970347738,
      "reference_coverage": 0.9031339031339032,
      "comparison_coverage": 0.9045584045584045,
      "reference_minus_comparison_coverage": -0.0014245014245013454,
      "reference_average_set_size": 2.690883190883191,
      "comparison_average_set_size": 3.2321937321937324,
      "reference_minus_comparison_average_set_size": -0.5413105413105415,
      "reference_mean_acquisition_cost": 1.9985754985754987,
      "comparison_mean_acquisition_cost": 1.9992877492877492,
      "reference_minus_comparison_mean_acquisition_cost": -0.0007122507122505617
    },
    {
      "maximum_budget": 3,
      "target_coverage": 0.9,
      "row_count": 1404,
      "reference_source_bit_macro_f1": 0.9728952816288109,
      "comparison_source_bit_macro_f1": 0.9702737342000244,
      "reference_minus_comparison_source_bit_macro_f1": 0.002621547428786508,
      "reference_six_way_macro_f1": 0.7828513904403923,
      "comparison_six_way_macro_f1": 0.7743091069141969,
      "reference_minus_comparison_six_way_macro_f1": 0.00854228352619546,
      "reference_coverage": 0.8133903133903134,
      "comparison_coverage": 0.8425925925925926,
      "reference_minus_comparison_coverage": -0.029202279202279136,
      "reference_average_set_size": 1.9024216524216524,
      "comparison_average_set_size": 2.4245014245014245,
      "reference_minus_comparison_average_set_size": -0.5220797720797721,
      "reference_mean_acquisition_cost": 2.990740740740741,
      "comparison_mean_acquisition_cost": 2.6118233618233617,
      "reference_minus_comparison_mean_acquisition_cost": 0.3789173789173792
    },
    {
      "maximum_budget": 3,
      "target_coverage": 0.95,
      "row_count": 1404,
      "reference_source_bit_macro_f1": 0.9728952816288109,
      "comparison_source_bit_macro_f1": 0.9702737342000244,
      "reference_minus_comparison_source_bit_macro_f1": 0.002621547428786508,
      "reference_six_way_macro_f1": 0.7828513904403923,
      "comparison_six_way_macro_f1": 0.7743091069141969,
      "reference_minus_comparison_six_way_macro_f1": 0.00854228352619546,
      "reference_coverage": 0.8974358974358975,
      "comparison_coverage": 0.9038461538461539,
      "reference_minus_comparison_coverage": -0.0064102564102563875,
      "reference_average_set_size": 2.7037037037037037,
      "comparison_average_set_size": 3.782763532763533,
      "reference_minus_comparison_average_set_size": -1.0790598290598292,
      "reference_mean_acquisition_cost": 2.990740740740741,
      "comparison_mean_acquisition_cost": 2.6118233618233617,
      "reference_minus_comparison_mean_acquisition_cost": 0.3789173789173792
    },
    {
      "maximum_budget": 4,
      "target_coverage": 0.9,
      "row_count": 1404,
      "reference_source_bit_macro_f1": 0.9844592704689524,
      "comparison_source_bit_macro_f1": 0.9826157454186438,
      "reference_minus_comparison_source_bit_macro_f1": 0.0018435250503086031,
      "reference_six_way_macro_f1": 0.806465341614078,
      "comparison_six_way_macro_f1": 0.8045135025521497,
      "reference_minus_comparison_six_way_macro_f1": 0.0019518390619283066,
      "reference_coverage": 0.8069800569800569,
      "comparison_coverage": 0.8390313390313391,
      "reference_minus_comparison_coverage": -0.03205128205128216,
      "reference_average_set_size": 1.8183760683760684,
      "comparison_average_set_size": 2.3653846153846154,
      "reference_minus_comparison_average_set_size": -0.5470085470085471,
      "reference_mean_acquisition_cost": 3.8732193732193734,
      "comparison_mean_acquisition_cost": 3.4743589743589745,
      "reference_minus_comparison_mean_acquisition_cost": 0.3988603988603989
    },
    {
      "maximum_budget": 4,
      "target_coverage": 0.95,
      "row_count": 1404,
      "reference_source_bit_macro_f1": 0.9844592704689524,
      "comparison_source_bit_macro_f1": 0.9826157454186438,
      "reference_minus_comparison_source_bit_macro_f1": 0.0018435250503086031,
      "reference_six_way_macro_f1": 0.806465341614078,
      "comparison_six_way_macro_f1": 0.8045135025521497,
      "reference_minus_comparison_six_way_macro_f1": 0.0019518390619283066,
      "reference_coverage": 0.8881766381766382,
      "comparison_coverage": 0.9992877492877493,
      "reference_minus_comparison_coverage": -0.11111111111111116,
      "reference_average_set_size": 2.777065527065527,
      "comparison_average_set_size": 4.355413105413105,
      "reference_minus_comparison_average_set_size": -1.5783475783475782,
      "reference_mean_acquisition_cost": 3.8732193732193734,
      "comparison_mean_acquisition_cost": 3.4743589743589745,
      "reference_minus_comparison_mean_acquisition_cost": 0.3988603988603989
    },
    {
      "maximum_budget": 7,
      "target_coverage": 0.9,
      "row_count": 1404,
      "reference_source_bit_macro_f1": 0.9948442755506527,
      "comparison_source_bit_macro_f1": 0.9927307260640594,
      "reference_minus_comparison_source_bit_macro_f1": 0.002113549486593258,
      "reference_six_way_macro_f1": 0.8492960754465312,
      "comparison_six_way_macro_f1": 0.8397470443491297,
      "reference_minus_comparison_six_way_macro_f1": 0.009549031097401461,
      "reference_coverage": 0.8162393162393162,
      "comparison_coverage": 0.8425925925925926,
      "reference_minus_comparison_coverage": -0.026353276353276334,
      "reference_average_set_size": 1.7542735042735043,
      "comparison_average_set_size": 2.450854700854701,
      "reference_minus_comparison_average_set_size": -0.6965811965811968,
      "reference_mean_acquisition_cost": 5.061253561253562,
      "comparison_mean_acquisition_cost": 4.045584045584046,
      "reference_minus_comparison_mean_acquisition_cost": 1.015669515669516
    },
    {
      "maximum_budget": 7,
      "target_coverage": 0.95,
      "row_count": 1404,
      "reference_source_bit_macro_f1": 0.9948442755506527,
      "comparison_source_bit_macro_f1": 0.9927307260640594,
      "reference_minus_comparison_source_bit_macro_f1": 0.002113549486593258,
      "reference_six_way_macro_f1": 0.8492960754465312,
      "comparison_six_way_macro_f1": 0.8397470443491297,
      "reference_minus_comparison_six_way_macro_f1": 0.009549031097401461,
      "reference_coverage": 0.8867521367521367,
      "comparison_coverage": 1.0,
      "reference_minus_comparison_coverage": -0.11324786324786329,
      "reference_average_set_size": 3.572649572649573,
      "comparison_average_set_size": 4.264245014245014,
      "reference_minus_comparison_average_set_size": -0.6915954415954411,
      "reference_mean_acquisition_cost": 5.061253561253562,
      "comparison_mean_acquisition_cost": 4.045584045584046,
      "reference_minus_comparison_mean_acquisition_cost": 1.015669515669516
    }
  ],
  "report_sha256": "fb80a1d7a79b05b4e6606de225a36d92c657c30bfdf83bb5629d1e2cca65f7e0"
}
{
  "format_version": "week8_ablation_evidence_v1",
  "status": "COMPLETE",
  "ablation_id": "shared_vs_independent_heads",
  "evaluation_split": "val",
  "post_test_tuning_used": false,
  "reference_condition": "proactive",
  "comparison_condition": "proactive",
  "reference_csv": "outputs/week8_ablations/reference/frontier_validation.csv",
  "reference_csv_sha256": "2a34cc3de15199d3e89b573f1a8ecb67ce203d0a6525945af0b834f1ea9ff069",
  "comparison_csv": "outputs/week8_ablations/shared_vs_independent_heads/frontier/frontier_validation.csv",
  "comparison_csv_sha256": "ad080a815fbb51c2657582dc55af371b54a424070416412ce42ec08219b9f72d",
  "rows": [
    {
      "maximum_budget": 1,
      "target_coverage": 0.9,
      "row_count": 1404,
      "reference_source_bit_macro_f1": 0.8980805284361609,
      "comparison_source_bit_macro_f1": 0.8927588044343832,
      "reference_minus_comparison_source_bit_macro_f1": 0.005321724001777772,
      "reference_six_way_macro_f1": 0.5796350383562641,
      "comparison_six_way_macro_f1": 0.537842459145396,
      "reference_minus_comparison_six_way_macro_f1": 0.0417925792108681,
      "reference_coverage": 0.8625356125356125,
      "comparison_coverage": 0.8525641025641025,
      "reference_minus_comparison_coverage": 0.009971509971509973,
      "reference_average_set_size": 2.5947293447293447,
      "comparison_average_set_size": 2.3233618233618234,
      "reference_minus_comparison_average_set_size": 0.2713675213675213,
      "reference_mean_acquisition_cost": 1.0,
      "comparison_mean_acquisition_cost": 0.9992877492877493,
      "reference_minus_comparison_mean_acquisition_cost": 0.0007122507122506727
    },
    {
      "maximum_budget": 1,
      "target_coverage": 0.95,
      "row_count": 1404,
      "reference_source_bit_macro_f1": 0.8980805284361609,
      "comparison_source_bit_macro_f1": 0.8927588044343832,
      "reference_minus_comparison_source_bit_macro_f1": 0.005321724001777772,
      "reference_six_way_macro_f1": 0.5796350383562641,
      "comparison_six_way_macro_f1": 0.537842459145396,
      "reference_minus_comparison_six_way_macro_f1": 0.0417925792108681,
      "reference_coverage": 0.9131054131054132,
      "comparison_coverage": 0.9558404558404558,
      "reference_minus_comparison_coverage": -0.042735042735042694,
      "reference_average_set_size": 3.0035612535612537,
      "comparison_average_set_size": 2.719373219373219,
      "reference_minus_comparison_average_set_size": 0.2841880341880345,
      "reference_mean_acquisition_cost": 1.0,
      "comparison_mean_acquisition_cost": 0.9992877492877493,
      "reference_minus_comparison_mean_acquisition_cost": 0.0007122507122506727
    },
    {
      "maximum_budget": 2,
      "target_coverage": 0.9,
      "row_count": 1404,
      "reference_source_bit_macro_f1": 0.9499154310679478,
      "comparison_source_bit_macro_f1": 0.9497141272967632,
      "reference_minus_comparison_source_bit_macro_f1": 0.0002013037711846577,
      "reference_six_way_macro_f1": 0.7072583008311978,
      "comparison_six_way_macro_f1": 0.7097646721576484,
      "reference_minus_comparison_six_way_macro_f1": -0.002506371326450596,
      "reference_coverage": 0.8376068376068376,
      "comparison_coverage": 0.8198005698005698,
      "reference_minus_comparison_coverage": 0.017806267806267817,
      "reference_average_set_size": 2.1253561253561255,
      "comparison_average_set_size": 1.7378917378917378,
      "reference_minus_comparison_average_set_size": 0.3874643874643877,
      "reference_mean_acquisition_cost": 1.9985754985754987,
      "comparison_mean_acquisition_cost": 1.9985754985754987,
      "reference_minus_comparison_mean_acquisition_cost": 0.0
    },
    {
      "maximum_budget": 2,
      "target_coverage": 0.95,
      "row_count": 1404,
      "reference_source_bit_macro_f1": 0.9499154310679478,
      "comparison_source_bit_macro_f1": 0.9497141272967632,
      "reference_minus_comparison_source_bit_macro_f1": 0.0002013037711846577,
      "reference_six_way_macro_f1": 0.7072583008311978,
      "comparison_six_way_macro_f1": 0.7097646721576484,
      "reference_minus_comparison_six_way_macro_f1": -0.002506371326450596,
      "reference_coverage": 0.9031339031339032,
      "comparison_coverage": 0.9173789173789174,
      "reference_minus_comparison_coverage": -0.014245014245014231,
      "reference_average_set_size": 2.690883190883191,
      "comparison_average_set_size": 2.4344729344729346,
      "reference_minus_comparison_average_set_size": 0.2564102564102564,
      "reference_mean_acquisition_cost": 1.9985754985754987,
      "comparison_mean_acquisition_cost": 1.9985754985754987,
      "reference_minus_comparison_mean_acquisition_cost": 0.0
    },
    {
      "maximum_budget": 3,
      "target_coverage": 0.9,
      "row_count": 1404,
      "reference_source_bit_macro_f1": 0.9728952816288109,
      "comparison_source_bit_macro_f1": 0.9765530063196204,
      "reference_minus_comparison_source_bit_macro_f1": -0.003657724690809494,
      "reference_six_way_macro_f1": 0.7828513904403923,
      "comparison_six_way_macro_f1": 0.7854494617107814,
      "reference_minus_comparison_six_way_macro_f1": -0.002598071270389135,
      "reference_coverage": 0.8133903133903134,
      "comparison_coverage": 0.8034188034188035,
      "reference_minus_comparison_coverage": 0.009971509971509973,
      "reference_average_set_size": 1.9024216524216524,
      "comparison_average_set_size": 1.6146723646723646,
      "reference_minus_comparison_average_set_size": 0.28774928774928776,
      "reference_mean_acquisition_cost": 2.990740740740741,
      "comparison_mean_acquisition_cost": 2.988603988603989,
      "reference_minus_comparison_mean_acquisition_cost": 0.002136752136752129
    },
    {
      "maximum_budget": 3,
      "target_coverage": 0.95,
      "row_count": 1404,
      "reference_source_bit_macro_f1": 0.9728952816288109,
      "comparison_source_bit_macro_f1": 0.9765530063196204,
      "reference_minus_comparison_source_bit_macro_f1": -0.003657724690809494,
      "reference_six_way_macro_f1": 0.7828513904403923,
      "comparison_six_way_macro_f1": 0.7854494617107814,
      "reference_minus_comparison_six_way_macro_f1": -0.002598071270389135,
      "reference_coverage": 0.8974358974358975,
      "comparison_coverage": 0.9024216524216524,
      "reference_minus_comparison_coverage": -0.004985754985754931,
      "reference_average_set_size": 2.7037037037037037,
      "comparison_average_set_size": 2.358974358974359,
      "reference_minus_comparison_average_set_size": 0.3447293447293447,
      "reference_mean_acquisition_cost": 2.990740740740741,
      "comparison_mean_acquisition_cost": 2.988603988603989,
      "reference_minus_comparison_mean_acquisition_cost": 0.002136752136752129
    },
    {
      "maximum_budget": 4,
      "target_coverage": 0.9,
      "row_count": 1404,
      "reference_source_bit_macro_f1": 0.9844592704689524,
      "comparison_source_bit_macro_f1": 0.9860576040081209,
      "reference_minus_comparison_source_bit_macro_f1": -0.001598333539168495,
      "reference_six_way_macro_f1": 0.806465341614078,
      "comparison_six_way_macro_f1": 0.8122918582864759,
      "reference_minus_comparison_six_way_macro_f1": -0.005826516672397863,
      "reference_coverage": 0.8069800569800569,
      "comparison_coverage": 0.8084045584045584,
      "reference_minus_comparison_coverage": -0.0014245014245014564,
      "reference_average_set_size": 1.8183760683760684,
      "comparison_average_set_size": 1.566951566951567,
      "reference_minus_comparison_average_set_size": 0.25142450142450135,
      "reference_mean_acquisition_cost": 3.8732193732193734,
      "comparison_mean_acquisition_cost": 3.8176638176638176,
      "reference_minus_comparison_mean_acquisition_cost": 0.0555555555555558
    },
    {
      "maximum_budget": 4,
      "target_coverage": 0.95,
      "row_count": 1404,
      "reference_source_bit_macro_f1": 0.9844592704689524,
      "comparison_source_bit_macro_f1": 0.9860576040081209,
      "reference_minus_comparison_source_bit_macro_f1": -0.001598333539168495,
      "reference_six_way_macro_f1": 0.806465341614078,
      "comparison_six_way_macro_f1": 0.8122918582864759,
      "reference_minus_comparison_six_way_macro_f1": -0.005826516672397863,
      "reference_coverage": 0.8881766381766382,
      "comparison_coverage": 0.9116809116809117,
      "reference_minus_comparison_coverage": -0.023504273504273532,
      "reference_average_set_size": 2.777065527065527,
      "comparison_average_set_size": 2.4800569800569803,
      "reference_minus_comparison_average_set_size": 0.29700854700854684,
      "reference_mean_acquisition_cost": 3.8732193732193734,
      "comparison_mean_acquisition_cost": 3.8176638176638176,
      "reference_minus_comparison_mean_acquisition_cost": 0.0555555555555558
    },
    {
      "maximum_budget": 7,
      "target_coverage": 0.9,
      "row_count": 1404,
      "reference_source_bit_macro_f1": 0.9948442755506527,
      "comparison_source_bit_macro_f1": 0.9926697884149056,
      "reference_minus_comparison_source_bit_macro_f1": 0.002174487135747083,
      "reference_six_way_macro_f1": 0.8492960754465312,
      "comparison_six_way_macro_f1": 0.8497348435039216,
      "reference_minus_comparison_six_way_macro_f1": -0.00043876805739040403,
      "reference_coverage": 0.8162393162393162,
      "comparison_coverage": 0.8269230769230769,
      "reference_minus_comparison_coverage": -0.010683760683760646,
      "reference_average_set_size": 1.7542735042735043,
      "comparison_average_set_size": 1.7492877492877492,
      "reference_minus_comparison_average_set_size": 0.004985754985755042,
      "reference_mean_acquisition_cost": 5.061253561253562,
      "comparison_mean_acquisition_cost": 4.7898860398860394,
      "reference_minus_comparison_mean_acquisition_cost": 0.2713675213675222
    },
    {
      "maximum_budget": 7,
      "target_coverage": 0.95,
      "row_count": 1404,
      "reference_source_bit_macro_f1": 0.9948442755506527,
      "comparison_source_bit_macro_f1": 0.9926697884149056,
      "reference_minus_comparison_source_bit_macro_f1": 0.002174487135747083,
      "reference_six_way_macro_f1": 0.8492960754465312,
      "comparison_six_way_macro_f1": 0.8497348435039216,
      "reference_minus_comparison_six_way_macro_f1": -0.00043876805739040403,
      "reference_coverage": 0.8867521367521367,
      "comparison_coverage": 0.9009971509971509,
      "reference_minus_comparison_coverage": -0.014245014245014231,
      "reference_average_set_size": 3.572649572649573,
      "comparison_average_set_size": 2.4245014245014245,
      "reference_minus_comparison_average_set_size": 1.1481481481481484,
      "reference_mean_acquisition_cost": 5.061253561253562,
      "comparison_mean_acquisition_cost": 4.7898860398860394,
      "reference_minus_comparison_mean_acquisition_cost": 0.2713675213675222
    }
  ],
  "report_sha256": "66ba04a62eaef7c3d116cc0a11514d3b03ae9124304a685f78ab826e25de9163"
}
{
  "format_version": "week8_ablation_evidence_v1",
  "status": "COMPLETE",
  "ablation_id": "pass_count_vs_latency",
  "evaluation_split": "val",
  "post_test_tuning_used": false,
  "artifacts": [
    {
      "role": "reference",
      "path": "outputs/week8_ablations/pass_count_vs_latency/latency_report.json",
      "sha256": "da0b244ba6252b6efaa222328d507afa98892ec343f8576df89bd23b4688f05f"
    }
  ],
  "rows": [
    {
      "maximum_budget": 7,
      "target_coverage": 0.9,
      "measured_examples": 100,
      "controller_latency_ms_mean": 1.33452941,
      "total_generation_latency_ms_mean": 6643.293032646179,
      "normalized_latency_mean": 15.393336592350245
    }
  ],
  "report_sha256": "b3141507801d9fc426fe64eb0e458ae269e933e13af8256019d5d6ff4293888b"
}
{
  "format_version": "week8_ablation_evidence_v1",
  "status": "COMPLETE",
  "ablation_id": "gru_canonical_vs_permutation_augmentation",
  "evaluation_split": "val",
  "post_test_tuning_used": false,
  "artifacts": [
    {
      "role": "reference",
      "path": "outputs/week5_reports/permutation_week5_gru_canonical_seed42.json",
      "sha256": "66fa66800b1f22b4321784f93efcf76213e54b9afbfaf44c2b02adcb647bc5bb"
    },
    {
      "role": "comparison",
      "path": "outputs/week5_reports/permutation_week5_gru_random_permutation_seed42.json",
      "sha256": "83a51f3805833a37a5b009cc20a48a542308e4a7933b8d7b1f66ae4e38fd331a"
    }
  ],
  "rows": [
    {
      "metric": "bit_l1_drift",
      "canonical_mean": 0.025850859281380603,
      "augmented_mean": 0.013428197810394858,
      "canonical_minus_augmented_mean": 0.012422661470985745,
      "canonical_max": 0.16040160693228245,
      "augmented_max": 0.3777058173995465
    },
    {
      "metric": "hidden_relative_l2_drift",
      "canonical_mean": 0.0768359756541459,
      "augmented_mean": 0.04246403047746334,
      "canonical_minus_augmented_mean": 0.034371945176682565,
      "canonical_max": 0.2054513199429648,
      "augmented_max": 0.2522284981725526
    },
    {
      "metric": "js_drift",
      "canonical_mean": 0.0005861230718615937,
      "augmented_mean": 0.0007286613531623699,
      "canonical_minus_augmented_mean": -0.00014253828130077618,
      "canonical_max": 0.01191950291827495,
      "augmented_max": 0.053683257733071185
    },
    {
      "metric": "set_disagreement",
      "canonical_mean": 0.08521851851851853,
      "augmented_mean": 0.07216296296296297,
      "canonical_minus_augmented_mean": 0.013055555555555556,
      "canonical_max": 1.0,
      "augmented_max": 1.0
    }
  ],
  "report_sha256": "e1b347a1d060d43763be1944f587a13047edefae6e0c481e165f2b1d047f7095"
}
Mandatory Week 8 ablation evidence missing: deep_sets_vs_gru, deep_sets_vs_masked_slot_mlp, global_vs_per_budget_aps, loss_only_voi, no_answer_flip, no_budget_embedding, no_confidence_shift, no_relation_probe, no_semantic_match, no_signature_regression, no_stop_action, no_voi_training, pass_count_vs_latency, shared_vs_independent_heads
