{
  "format_version": "proactive_frontier_v1",
  "phase": "shift",
  "split": "shift",
  "config_sha256": "10c5b4775f911ae62b5f2e25c331c5adda9a15ee3576f8e853ac0a982b0cd960",
  "manifest_sha256": "961c22cadca91d331fca7f90dae7de569cc4e401103cfcf04a73a146170e120a",
  "diagnostic_checkpoint_sha256": "2e680eb8ff7859b0420577f0ffb3b06810e6f863deac25b87d7fb3170bf2fb06",
  "encoder_name": "deep_sets",
  "gru_condition": "standard",
  "clean_checkpoint_sha256": "b31d7fbdc996b7d7a56811b42960e192ee5e9a83f5da79b6802c1ca718abdea2",
  "clean_checkpoint_path": "outputs/week5_checkpoints/diag_clean_mlp_standard_seed42.best.pt",
  "policy_checkpoint_sha256": "fea21bc3b3d6d44ff29ca3179362550759b21bf2a910f7df8eef8177d9321789",
  "policy_checkpoint_path": "outputs/week6_checkpoints/policy_deep_sets_standard_lambda0_seed42.best.pt",
  "uncertainty_checkpoint_sha256": "df3ac9b95e4ea4f7b2d79a420c994f882663a8509ed8865fd2d19644ce2eda3f",
  "uncertainty_checkpoint_path": "outputs/week6_checkpoints/uncertainty_deep_sets_standard_lambda0_seed42.best.pt",
  "scalar_checkpoint_sha256": "4034b1a49e613de87f5b106b52fbe96628d608ccaca2d2bcb03c86a9555de660",
  "scalar_checkpoint_path": "outputs/week6_checkpoints/baseline_scalar_seed42.best.pt",
  "distilled_checkpoint_sha256": "4d8f01d29680b6303cf62d55191045b58d42f1de8128a702b0b6adf7adfc7775",
  "distilled_checkpoint_path": "outputs/week6_checkpoints/baseline_distilled_seed42.best.pt",
  "clean_aps_sha256": "1bee13b719fb41d8e4fe6316cf7d433632d6e507715ab8ba7311e0d440e6b4c6",
  "scalar_aps_sha256": "0b3ceb5e254b702f7f46514117a4bc44d18f0b101179a7767c121066aa13e1bf",
  "distilled_aps_sha256": "5697458b8ed8a539154a1de48a0a0f4dd0915f090988adfee608394b0a875134",
  "aps_sha256": "cc60c08220c09bc12fa7606764d8dabc3330d91e36add8d19c3323a1112e97a0",
  "freeze_manifest_sha256": "735b6b270eb177c8f0f08250104624d9fa8060f97095fc2f9adacc27873bd2ed",
  "evaluation_budgets": [
    1,
    2,
    3,
    4,
    7
  ],
  "limit": null,
  "oracle_subset_included": true,
  "oracle_next_included": true,
  "target_domain_calibration_used": false,
  "coverage_claim": "empirical_shift_only",
  "is_valid": true,
  "coverages": [
    0.9,
    0.95
  ],
  "budgets": [
    1,
    2,
    3,
    4,
    7
  ],
  "base_model_instances": 2400,
  "completion_indicators": {
    "proactive_beats_random_any_budget": true,
    "proactive_beats_fixed_any_budget": true
  },
  "summaries": {
    "blank_first|1|0.9": {
      "row_count": 2400,
      "mean_acquisition_cost": 1.0,
      "diagnostic": {
        "record_count": 2400,
        "source_bit_micro_f1": 0.7157847733869167,
        "source_bit_macro_f1": 0.6933483554646468,
        "source_bit_hamming_loss": 0.17680555555555555,
        "source_bit_auroc": {
          "visual": 0.725730998308995,
          "language": 0.9999871441092418,
          "alignment": 0.8727975885538641
        },
        "six_way_macro_f1": 0.38543676872319654,
        "six_way_balanced_accuracy": 0.46426014816058286,
        "six_way_confusion_matrix": [
          [
            103,
            1,
            91,
            0,
            193,
            38
          ],
          [
            0,
            528,
            0,
            79,
            3,
            0
          ],
          [
            8,
            0,
            55,
            16,
            16,
            2
          ],
          [
            28,
            94,
            83,
            211,
            20,
            5
          ],
          [
            11,
            0,
            28,
            0,
            49,
            13
          ],
          [
            117,
            2,
            140,
            0,
            359,
            107
          ]
        ],
        "six_way_labels": [
          "visual",
          "language-prior",
          "alignment",
          "mixed",
          "unclear",
          "no-failure"
        ],
        "signature_mse": 0.014878784455983127
      },
      "prediction_sets": {
        "coverage": 0.99,
        "average_set_size": 4.011666666666667,
        "singleton_rate": 0.042916666666666665,
        "empty_set_rate": 0.0004166666666666667
      },
      "action_counts": {
        "blank": 2400,
        "stop": 2400
      }
    },
    "blank_first|1|0.95": {
      "row_count": 2400,
      "mean_acquisition_cost": 1.0,
      "diagnostic": {
        "record_count": 2400,
        "source_bit_micro_f1": 0.7157847733869167,
        "source_bit_macro_f1": 0.6933483554646468,
        "source_bit_hamming_loss": 0.17680555555555555,
        "source_bit_auroc": {
          "visual": 0.725730998308995,
          "language": 0.9999871441092418,
          "alignment": 0.8727975885538641
        },
        "six_way_macro_f1": 0.38543676872319654,
        "six_way_balanced_accuracy": 0.46426014816058286,
        "six_way_confusion_matrix": [
          [
            103,
            1,
            91,
            0,
            193,
            38
          ],
          [
            0,
            528,
            0,
            79,
            3,
            0
          ],
          [
            8,
            0,
            55,
            16,
            16,
            2
          ],
          [
            28,
            94,
            83,
            211,
            20,
            5
          ],
          [
            11,
            0,
            28,
            0,
            49,
            13
          ],
          [
            117,
            2,
            140,
            0,
            359,
            107
          ]
        ],
        "six_way_labels": [
          "visual",
          "language-prior",
          "alignment",
          "mixed",
          "unclear",
          "no-failure"
        ],
        "signature_mse": 0.014878784455983127
      },
      "prediction_sets": {
        "coverage": 0.9958333333333333,
        "average_set_size": 4.324166666666667,
        "singleton_rate": 0.013333333333333334,
        "empty_set_rate": 0.0
      },
      "action_counts": {
        "blank": 2400,
        "stop": 2400
      }
    },
    "blank_first|2|0.9": {
      "row_count": 2400,
      "mean_acquisition_cost": 2.0,
      "diagnostic": {
        "record_count": 2400,
        "source_bit_micro_f1": 0.8233884495566739,
        "source_bit_macro_f1": 0.8415138169558946,
        "source_bit_hamming_loss": 0.10236111111111111,
        "source_bit_auroc": {
          "visual": 0.7214091023614834,
          "language": 0.9999848754226375,
          "alignment": 0.9979348104508197
        },
        "six_way_macro_f1": 0.4848169843956837,
        "six_way_balanced_accuracy": 0.5726717108288488,
        "six_way_confusion_matrix": [
          [
            159,
            1,
            0,
            0,
            221,
            45
          ],
          [
            0,
            591,
            0,
            17,
            2,
            0
          ],
          [
            0,
            0,
            82,
            15,
            0,
            0
          ],
          [
            3,
            84,
            143,
            211,
            0,
            0
          ],
          [
            26,
            0,
            0,
            0,
            58,
            17
          ],
          [
            144,
            3,
            1,
            0,
            435,
            142
          ]
        ],
        "six_way_labels": [
          "visual",
          "language-prior",
          "alignment",
          "mixed",
          "unclear",
          "no-failure"
        ],
        "signature_mse": 0.003606056125810045
      },
      "prediction_sets": {
        "coverage": 0.9941666666666666,
        "average_set_size": 3.83125,
        "singleton_rate": 0.042916666666666665,
        "empty_set_rate": 0.0
      },
      "action_counts": {
        "blank": 2400,
        "grounding": 2400,
        "stop": 2400
      }
    },
    "blank_first|2|0.95": {
      "row_count": 2400,
      "mean_acquisition_cost": 2.0,
      "diagnostic": {
        "record_count": 2400,
        "source_bit_micro_f1": 0.8233884495566739,
        "source_bit_macro_f1": 0.8415138169558946,
        "source_bit_hamming_loss": 0.10236111111111111,
        "source_bit_auroc": {
          "visual": 0.7214091023614834,
          "language": 0.9999848754226375,
          "alignment": 0.9979348104508197
        },
        "six_way_macro_f1": 0.4848169843956837,
        "six_way_balanced_accuracy": 0.5726717108288488,
        "six_way_confusion_matrix": [
          [
            159,
            1,
            0,
            0,
            221,
            45
          ],
          [
            0,
            591,
            0,
            17,
            2,
            0
          ],
          [
            0,
            0,
            82,
            15,
            0,
            0
          ],
          [
            3,
            84,
            143,
            211,
            0,
            0
          ],
          [
            26,
            0,
            0,
            0,
            58,
            17
          ],
          [
            144,
            3,
            1,
            0,
            435,
            142
          ]
        ],
        "six_way_labels": [
          "visual",
          "language-prior",
          "alignment",
          "mixed",
          "unclear",
          "no-failure"
        ],
        "signature_mse": 0.003606056125810045
      },
      "prediction_sets": {
        "coverage": 0.9991666666666666,
        "average_set_size": 5.187083333333334,
        "singleton_rate": 0.002916666666666667,
        "empty_set_rate": 0.0
      },
      "action_counts": {
        "blank": 2400,
        "grounding": 2400,
        "stop": 2400
      }
    },
    "blank_first|3|0.9": {
      "row_count": 2400,
      "mean_acquisition_cost": 3.0,
      "diagnostic": {
        "record_count": 2400,
        "source_bit_micro_f1": 0.930460333006856,
        "source_bit_macro_f1": 0.9348807034078676,
        "source_bit_hamming_loss": 0.03944444444444444,
        "source_bit_auroc": {
          "visual": 0.9090131118045733,
          "language": 0.9999780693628242,
          "alignment": 0.9979714029566745
        },
        "six_way_macro_f1": 0.6670449993609356,
        "six_way_balanced_accuracy": 0.7330820734125285,
        "six_way_confusion_matrix": [
          [
            322,
            1,
            0,
            0,
            76,
            27
          ],
          [
            0,
            599,
            0,
            8,
            3,
            0
          ],
          [
            1,
            0,
            90,
            6,
            0,
            0
          ],
          [
            4,
            46,
            46,
            345,
            0,
            0
          ],
          [
            6,
            0,
            0,
            0,
            68,
            27
          ],
          [
            16,
            3,
            2,
            0,
            503,
            201
          ]
        ],
        "six_way_labels": [
          "visual",
          "language-prior",
          "alignment",
          "mixed",
          "unclear",
          "no-failure"
        ],
        "signature_mse": 0.004793683680287428
      },
      "prediction_sets": {
        "coverage": 0.9816666666666667,
        "average_set_size": 3.4483333333333333,
        "singleton_rate": 0.06625,
        "empty_set_rate": 0.014166666666666666
      },
      "action_counts": {
        "blank": 2400,
        "grounding": 2400,
        "blur": 2400,
        "stop": 2400
      }
    },
    "blank_first|3|0.95": {
      "row_count": 2400,
      "mean_acquisition_cost": 3.0,
      "diagnostic": {
        "record_count": 2400,
        "source_bit_micro_f1": 0.930460333006856,
        "source_bit_macro_f1": 0.9348807034078676,
        "source_bit_hamming_loss": 0.03944444444444444,
        "source_bit_auroc": {
          "visual": 0.9090131118045733,
          "language": 0.9999780693628242,
          "alignment": 0.9979714029566745
        },
        "six_way_macro_f1": 0.6670449993609356,
        "six_way_balanced_accuracy": 0.7330820734125285,
        "six_way_confusion_matrix": [
          [
            322,
            1,
            0,
            0,
            76,
            27
          ],
          [
            0,
            599,
            0,
            8,
            3,
            0
          ],
          [
            1,
            0,
            90,
            6,
            0,
            0
          ],
          [
            4,
            46,
            46,
            345,
            0,
            0
          ],
          [
            6,
            0,
            0,
            0,
            68,
            27
          ],
          [
            16,
            3,
            2,
            0,
            503,
            201
          ]
        ],
        "six_way_labels": [
          "visual",
          "language-prior",
          "alignment",
          "mixed",
          "unclear",
          "no-failure"
        ],
        "signature_mse": 0.004793683680287428
      },
      "prediction_sets": {
        "coverage": 0.9995833333333334,
        "average_set_size": 4.835,
        "singleton_rate": 0.0275,
        "empty_set_rate": 0.0
      },
      "action_counts": {
        "blank": 2400,
        "grounding": 2400,
        "blur": 2400,
        "stop": 2400
      }
    },
    "blank_first|4|0.9": {
      "row_count": 2400,
      "mean_acquisition_cost": 4.0,
      "diagnostic": {
        "record_count": 2400,
        "source_bit_micro_f1": 0.9645909645909646,
        "source_bit_macro_f1": 0.9668596563694608,
        "source_bit_hamming_loss": 0.02013888888888889,
        "source_bit_auroc": {
          "visual": 0.9422653306068741,
          "language": 0.9999765569050879,
          "alignment": 0.9975265753073771
        },
        "six_way_macro_f1": 0.7330634300240249,
        "six_way_balanced_accuracy": 0.7802935626862627,
        "six_way_confusion_matrix": [
          [
            365,
            1,
            0,
            0,
            39,
            21
          ],
          [
            0,
            603,
            0,
            4,
            3,
            0
          ],
          [
            0,
            0,
            92,
            5,
            0,
            0
          ],
          [
            4,
            25,
            17,
            395,
            0,
            0
          ],
          [
            0,
            0,
            0,
            0,
            64,
            37
          ],
          [
            1,
            3,
            2,
            0,
            459,
            260
          ]
        ],
        "six_way_labels": [
          "visual",
          "language-prior",
          "alignment",
          "mixed",
          "unclear",
          "no-failure"
        ],
        "signature_mse": 0.0047839959418790505
      },
      "prediction_sets": {
        "coverage": 0.97875,
        "average_set_size": 4.044583333333334,
        "singleton_rate": 0.06958333333333333,
        "empty_set_rate": 0.019583333333333335
      },
      "action_counts": {
        "blank": 2400,
        "grounding": 2400,
        "blur": 2400,
        "crop": 2400,
        "stop": 2400
      }
    },
    "blank_first|4|0.95": {
      "row_count": 2400,
      "mean_acquisition_cost": 4.0,
      "diagnostic": {
        "record_count": 2400,
        "source_bit_micro_f1": 0.9645909645909646,
        "source_bit_macro_f1": 0.9668596563694608,
        "source_bit_hamming_loss": 0.02013888888888889,
        "source_bit_auroc": {
          "visual": 0.9422653306068741,
          "language": 0.9999765569050879,
          "alignment": 0.9975265753073771
        },
        "six_way_macro_f1": 0.7330634300240249,
        "six_way_balanced_accuracy": 0.7802935626862627,
        "six_way_confusion_matrix": [
          [
            365,
            1,
            0,
            0,
            39,
            21
          ],
          [
            0,
            603,
            0,
            4,
            3,
            0
          ],
          [
            0,
            0,
            92,
            5,
            0,
            0
          ],
          [
            4,
            25,
            17,
            395,
            0,
            0
          ],
          [
            0,
            0,
            0,
            0,
            64,
            37
          ],
          [
            1,
            3,
            2,
            0,
            459,
            260
          ]
        ],
        "six_way_labels": [
          "visual",
          "language-prior",
          "alignment",
          "mixed",
          "unclear",
          "no-failure"
        ],
        "signature_mse": 0.0047839959418790505
      },
      "prediction_sets": {
        "coverage": 0.99875,
        "average_set_size": 4.598333333333334,
        "singleton_rate": 0.06041666666666667,
        "empty_set_rate": 0.0
      },
      "action_counts": {
        "blank": 2400,
        "grounding": 2400,
        "blur": 2400,
        "crop": 2400,
        "stop": 2400
      }
    },
    "blank_first|7|0.9": {
      "row_count": 2400,
      "mean_acquisition_cost": 6.0,
      "diagnostic": {
        "record_count": 2400,
        "source_bit_micro_f1": 0.9945146673026473,
        "source_bit_macro_f1": 0.9945310972449599,
        "source_bit_hamming_loss": 0.0031944444444444446,
        "source_bit_auroc": {
          "visual": 0.9993085124448015,
          "language": 0.9999637010143297,
          "alignment": 0.9980514490632317
        },
        "six_way_macro_f1": 0.7697286824384438,
        "six_way_balanced_accuracy": 0.8116203816452868,
        "six_way_confusion_matrix": [
          [
            424,
            0,
            0,
            1,
            1,
            0
          ],
          [
            0,
            607,
            0,
            0,
            3,
            0
          ],
          [
            0,
            0,
            91,
            6,
            0,
            0
          ],
          [
            6,
            0,
            1,
            434,
            0,
            0
          ],
          [
            0,
            0,
            0,
            0,
            61,
            40
          ],
          [
            0,
            2,
            2,
            0,
            465,
            256
          ]
        ],
        "six_way_labels": [
          "visual",
          "language-prior",
          "alignment",
          "mixed",
          "unclear",
          "no-failure"
        ],
        "signature_mse": 0.005613017769843391
      },
      "prediction_sets": {
        "coverage": 0.99875,
        "average_set_size": 4.515416666666667,
        "singleton_rate": 0.11125,
        "empty_set_rate": 0.0
      },
      "action_counts": {
        "blank": 2400,
        "grounding": 2400,
        "blur": 2400,
        "crop": 2400,
        "brightness": 2400,
        "noise": 2400,
        "stop": 2400
      }
    },
    "blank_first|7|0.95": {
      "row_count": 2400,
      "mean_acquisition_cost": 6.0,
      "diagnostic": {
        "record_count": 2400,
        "source_bit_micro_f1": 0.9945146673026473,
        "source_bit_macro_f1": 0.9945310972449599,
        "source_bit_hamming_loss": 0.0031944444444444446,
        "source_bit_auroc": {
          "visual": 0.9993085124448015,
          "language": 0.9999637010143297,
          "alignment": 0.9980514490632317
        },
        "six_way_macro_f1": 0.7697286824384438,
        "six_way_balanced_accuracy": 0.8116203816452868,
        "six_way_confusion_matrix": [
          [
            424,
            0,
            0,
            1,
            1,
            0
          ],
          [
            0,
            607,
            0,
            0,
            3,
            0
          ],
          [
            0,
            0,
            91,
            6,
            0,
            0
          ],
          [
            6,
            0,
            1,
            434,
            0,
            0
          ],
          [
            0,
            0,
            0,
            0,
            61,
            40
          ],
          [
            0,
            2,
            2,
            0,
            465,
            256
          ]
        ],
        "six_way_labels": [
          "visual",
          "language-prior",
          "alignment",
          "mixed",
          "unclear",
          "no-failure"
        ],
        "signature_mse": 0.005613017769843391
      },
      "prediction_sets": {
        "coverage": 0.99875,
        "average_set_size": 4.515416666666667,
        "singleton_rate": 0.11125,
        "empty_set_rate": 0.0
      },
      "action_counts": {
        "blank": 2400,
        "grounding": 2400,
        "blur": 2400,
        "crop": 2400,
        "brightness": 2400,
        "noise": 2400,
        "stop": 2400
      }
    },
    "clean_only_learned|1|0.9": {
      "row_count": 2400,
      "mean_acquisition_cost": 0.0,
      "diagnostic": {
        "record_count": 2400,
        "source_bit_micro_f1": 0.5275229357798165,
        "source_bit_macro_f1": 0.5657329633299907,
        "source_bit_hamming_loss": 0.31472222222222224,
        "source_bit_auroc": {
          "visual": 0.6930154623093867,
          "language": 0.540266162312427,
          "alignment": 0.9087400056718384
        },
        "six_way_macro_f1": 0.21930182056995154,
        "six_way_balanced_accuracy": 0.27180200130453697,
        "six_way_confusion_matrix": [
          [
            15,
            0,
            58,
            0,
            200,
            153
          ],
          [
            18,
            0,
            22,
            0,
            233,
            337
          ],
          [
            2,
            0,
            17,
            56,
            17,
            5
          ],
          [
            19,
            0,
            55,
            200,
            117,
            50
          ],
          [
            2,
            0,
            14,
            0,
            39,
            46
          ],
          [
            23,
            0,
            29,
            0,
            252,
            421
          ]
        ],
        "six_way_labels": [
          "visual",
          "language-prior",
          "alignment",
          "mixed",
          "unclear",
          "no-failure"
        ],
        "signature_mse": 0.09708202317388165
      },
      "prediction_sets": {
        "coverage": 0.9033333333333333,
        "average_set_size": 4.756666666666667,
        "singleton_rate": 0.010416666666666666,
        "empty_set_rate": 0.0
      },
      "action_counts": {
        "stop": 2400
      }
    },
    "clean_only_learned|1|0.95": {
      "row_count": 2400,
      "mean_acquisition_cost": 0.0,
      "diagnostic": {
        "record_count": 2400,
        "source_bit_micro_f1": 0.5275229357798165,
        "source_bit_macro_f1": 0.5657329633299907,
        "source_bit_hamming_loss": 0.31472222222222224,
        "source_bit_auroc": {
          "visual": 0.6930154623093867,
          "language": 0.540266162312427,
          "alignment": 0.9087400056718384
        },
        "six_way_macro_f1": 0.21930182056995154,
        "six_way_balanced_accuracy": 0.27180200130453697,
        "six_way_confusion_matrix": [
          [
            15,
            0,
            58,
            0,
            200,
            153
          ],
          [
            18,
            0,
            22,
            0,
            233,
            337
          ],
          [
            2,
            0,
            17,
            56,
            17,
            5
          ],
          [
            19,
            0,
            55,
            200,
            117,
            50
          ],
          [
            2,
            0,
            14,
            0,
            39,
            46
          ],
          [
            23,
            0,
            29,
            0,
            252,
            421
          ]
        ],
        "six_way_labels": [
          "visual",
          "language-prior",
          "alignment",
          "mixed",
          "unclear",
          "no-failure"
        ],
        "signature_mse": 0.09708202317388165
      },
      "prediction_sets": {
        "coverage": 0.9045833333333333,
        "average_set_size": 4.786666666666667,
        "singleton_rate": 0.004166666666666667,
        "empty_set_rate": 0.0
      },
      "action_counts": {
        "stop": 2400
      }
    },
    "clean_only_learned|2|0.9": {
      "row_count": 2400,
      "mean_acquisition_cost": 0.0,
      "diagnostic": {
        "record_count": 2400,
        "source_bit_micro_f1": 0.5275229357798165,
        "source_bit_macro_f1": 0.5657329633299907,
        "source_bit_hamming_loss": 0.31472222222222224,
        "source_bit_auroc": {
          "visual": 0.6930154623093867,
          "language": 0.540266162312427,
          "alignment": 0.9087400056718384
        },
        "six_way_macro_f1": 0.21930182056995154,
        "six_way_balanced_accuracy": 0.27180200130453697,
        "six_way_confusion_matrix": [
          [
            15,
            0,
            58,
            0,
            200,
            153
          ],
          [
            18,
            0,
            22,
            0,
            233,
            337
          ],
          [
            2,
            0,
            17,
            56,
            17,
            5
          ],
          [
            19,
            0,
            55,
            200,
            117,
            50
          ],
          [
            2,
            0,
            14,
            0,
            39,
            46
          ],
          [
            23,
            0,
            29,
            0,
            252,
            421
          ]
        ],
        "six_way_labels": [
          "visual",
          "language-prior",
          "alignment",
          "mixed",
          "unclear",
          "no-failure"
        ],
        "signature_mse": 0.09708202317388165
      },
      "prediction_sets": {
        "coverage": 0.9033333333333333,
        "average_set_size": 4.756666666666667,
        "singleton_rate": 0.010416666666666666,
        "empty_set_rate": 0.0
      },
      "action_counts": {
        "stop": 2400
      }
    },
    "clean_only_learned|2|0.95": {
      "row_count": 2400,
      "mean_acquisition_cost": 0.0,
      "diagnostic": {
        "record_count": 2400,
        "source_bit_micro_f1": 0.5275229357798165,
        "source_bit_macro_f1": 0.5657329633299907,
        "source_bit_hamming_loss": 0.31472222222222224,
        "source_bit_auroc": {
          "visual": 0.6930154623093867,
          "language": 0.540266162312427,
          "alignment": 0.9087400056718384
        },
        "six_way_macro_f1": 0.21930182056995154,
        "six_way_balanced_accuracy": 0.27180200130453697,
        "six_way_confusion_matrix": [
          [
            15,
            0,
            58,
            0,
            200,
            153
          ],
          [
            18,
            0,
            22,
            0,
            233,
            337
          ],
          [
            2,
            0,
            17,
            56,
            17,
            5
          ],
          [
            19,
            0,
            55,
            200,
            117,
            50
          ],
          [
            2,
            0,
            14,
            0,
            39,
            46
          ],
          [
            23,
            0,
            29,
            0,
            252,
            421
          ]
        ],
        "six_way_labels": [
          "visual",
          "language-prior",
          "alignment",
          "mixed",
          "unclear",
          "no-failure"
        ],
        "signature_mse": 0.09708202317388165
      },
      "prediction_sets": {
        "coverage": 0.9045833333333333,
        "average_set_size": 4.786666666666667,
        "singleton_rate": 0.004166666666666667,
        "empty_set_rate": 0.0
      },
      "action_counts": {
        "stop": 2400
      }
    },
    "clean_only_learned|3|0.9": {
      "row_count": 2400,
      "mean_acquisition_cost": 0.0,
      "diagnostic": {
        "record_count": 2400,
        "source_bit_micro_f1": 0.5275229357798165,
        "source_bit_macro_f1": 0.5657329633299907,
        "source_bit_hamming_loss": 0.31472222222222224,
        "source_bit_auroc": {
          "visual": 0.6930154623093867,
          "language": 0.540266162312427,
          "alignment": 0.9087400056718384
        },
        "six_way_macro_f1": 0.21930182056995154,
        "six_way_balanced_accuracy": 0.27180200130453697,
        "six_way_confusion_matrix": [
          [
            15,
            0,
            58,
            0,
            200,
            153
          ],
          [
            18,
            0,
            22,
            0,
            233,
            337
          ],
          [
            2,
            0,
            17,
            56,
            17,
            5
          ],
          [
            19,
            0,
            55,
            200,
            117,
            50
          ],
          [
            2,
            0,
            14,
            0,
            39,
            46
          ],
          [
            23,
            0,
            29,
            0,
            252,
            421
          ]
        ],
        "six_way_labels": [
          "visual",
          "language-prior",
          "alignment",
          "mixed",
          "unclear",
          "no-failure"
        ],
        "signature_mse": 0.09708202317388165
      },
      "prediction_sets": {
        "coverage": 0.9033333333333333,
        "average_set_size": 4.756666666666667,
        "singleton_rate": 0.010416666666666666,
        "empty_set_rate": 0.0
      },
      "action_counts": {
        "stop": 2400
      }
    },
    "clean_only_learned|3|0.95": {
      "row_count": 2400,
      "mean_acquisition_cost": 0.0,
      "diagnostic": {
        "record_count": 2400,
        "source_bit_micro_f1": 0.5275229357798165,
        "source_bit_macro_f1": 0.5657329633299907,
        "source_bit_hamming_loss": 0.31472222222222224,
        "source_bit_auroc": {
          "visual": 0.6930154623093867,
          "language": 0.540266162312427,
          "alignment": 0.9087400056718384
        },
        "six_way_macro_f1": 0.21930182056995154,
        "six_way_balanced_accuracy": 0.27180200130453697,
        "six_way_confusion_matrix": [
          [
            15,
            0,
            58,
            0,
            200,
            153
          ],
          [
            18,
            0,
            22,
            0,
            233,
            337
          ],
          [
            2,
            0,
            17,
            56,
            17,
            5
          ],
          [
            19,
            0,
            55,
            200,
            117,
            50
          ],
          [
            2,
            0,
            14,
            0,
            39,
            46
          ],
          [
            23,
            0,
            29,
            0,
            252,
            421
          ]
        ],
        "six_way_labels": [
          "visual",
          "language-prior",
          "alignment",
          "mixed",
          "unclear",
          "no-failure"
        ],
        "signature_mse": 0.09708202317388165
      },
      "prediction_sets": {
        "coverage": 0.9045833333333333,
        "average_set_size": 4.786666666666667,
        "singleton_rate": 0.004166666666666667,
        "empty_set_rate": 0.0
      },
      "action_counts": {
        "stop": 2400
      }
    },
    "clean_only_learned|4|0.9": {
      "row_count": 2400,
      "mean_acquisition_cost": 0.0,
      "diagnostic": {
        "record_count": 2400,
        "source_bit_micro_f1": 0.5275229357798165,
        "source_bit_macro_f1": 0.5657329633299907,
        "source_bit_hamming_loss": 0.31472222222222224,
        "source_bit_auroc": {
          "visual": 0.6930154623093867,
          "language": 0.540266162312427,
          "alignment": 0.9087400056718384
        },
        "six_way_macro_f1": 0.21930182056995154,
        "six_way_balanced_accuracy": 0.27180200130453697,
        "six_way_confusion_matrix": [
          [
            15,
            0,
            58,
            0,
            200,
            153
          ],
          [
            18,
            0,
            22,
            0,
            233,
            337
          ],
          [
            2,
            0,
            17,
            56,
            17,
            5
          ],
          [
            19,
            0,
            55,
            200,
            117,
            50
          ],
          [
            2,
            0,
            14,
            0,
            39,
            46
          ],
          [
            23,
            0,
            29,
            0,
            252,
            421
          ]
        ],
        "six_way_labels": [
          "visual",
          "language-prior",
          "alignment",
          "mixed",
          "unclear",
          "no-failure"
        ],
        "signature_mse": 0.09708202317388165
      },
      "prediction_sets": {
        "coverage": 0.9033333333333333,
        "average_set_size": 4.756666666666667,
        "singleton_rate": 0.010416666666666666,
        "empty_set_rate": 0.0
      },
      "action_counts": {
        "stop": 2400
      }
    },
    "clean_only_learned|4|0.95": {
      "row_count": 2400,
      "mean_acquisition_cost": 0.0,
      "diagnostic": {
        "record_count": 2400,
        "source_bit_micro_f1": 0.5275229357798165,
        "source_bit_macro_f1": 0.5657329633299907,
        "source_bit_hamming_loss": 0.31472222222222224,
        "source_bit_auroc": {
          "visual": 0.6930154623093867,
          "language": 0.540266162312427,
          "alignment": 0.9087400056718384
        },
        "six_way_macro_f1": 0.21930182056995154,
        "six_way_balanced_accuracy": 0.27180200130453697,
        "six_way_confusion_matrix": [
          [
            15,
            0,
            58,
            0,
            200,
            153
          ],
          [
            18,
            0,
            22,
            0,
            233,
            337
          ],
          [
            2,
            0,
            17,
            56,
            17,
            5
          ],
          [
            19,
            0,
            55,
            200,
            117,
            50
          ],
          [
            2,
            0,
            14,
            0,
            39,
            46
          ],
          [
            23,
            0,
            29,
            0,
            252,
            421
          ]
        ],
        "six_way_labels": [
          "visual",
          "language-prior",
          "alignment",
          "mixed",
          "unclear",
          "no-failure"
        ],
        "signature_mse": 0.09708202317388165
      },
      "prediction_sets": {
        "coverage": 0.9045833333333333,
        "average_set_size": 4.786666666666667,
        "singleton_rate": 0.004166666666666667,
        "empty_set_rate": 0.0
      },
      "action_counts": {
        "stop": 2400
      }
    },
    "clean_only_learned|7|0.9": {
      "row_count": 2400,
      "mean_acquisition_cost": 0.0,
      "diagnostic": {
        "record_count": 2400,
        "source_bit_micro_f1": 0.5275229357798165,
        "source_bit_macro_f1": 0.5657329633299907,
        "source_bit_hamming_loss": 0.31472222222222224,
        "source_bit_auroc": {
          "visual": 0.6930154623093867,
          "language": 0.540266162312427,
          "alignment": 0.9087400056718384
        },
        "six_way_macro_f1": 0.21930182056995154,
        "six_way_balanced_accuracy": 0.27180200130453697,
        "six_way_confusion_matrix": [
          [
            15,
            0,
            58,
            0,
            200,
            153
          ],
          [
            18,
            0,
            22,
            0,
            233,
            337
          ],
          [
            2,
            0,
            17,
            56,
            17,
            5
          ],
          [
            19,
            0,
            55,
            200,
            117,
            50
          ],
          [
            2,
            0,
            14,
            0,
            39,
            46
          ],
          [
            23,
            0,
            29,
            0,
            252,
            421
          ]
        ],
        "six_way_labels": [
          "visual",
          "language-prior",
          "alignment",
          "mixed",
          "unclear",
          "no-failure"
        ],
        "signature_mse": 0.09708202317388165
      },
      "prediction_sets": {
        "coverage": 0.9033333333333333,
        "average_set_size": 4.756666666666667,
        "singleton_rate": 0.010416666666666666,
        "empty_set_rate": 0.0
      },
      "action_counts": {
        "stop": 2400
      }
    },
    "clean_only_learned|7|0.95": {
      "row_count": 2400,
      "mean_acquisition_cost": 0.0,
      "diagnostic": {
        "record_count": 2400,
        "source_bit_micro_f1": 0.5275229357798165,
        "source_bit_macro_f1": 0.5657329633299907,
        "source_bit_hamming_loss": 0.31472222222222224,
        "source_bit_auroc": {
          "visual": 0.6930154623093867,
          "language": 0.540266162312427,
          "alignment": 0.9087400056718384
        },
        "six_way_macro_f1": 0.21930182056995154,
        "six_way_balanced_accuracy": 0.27180200130453697,
        "six_way_confusion_matrix": [
          [
            15,
            0,
            58,
            0,
            200,
            153
          ],
          [
            18,
            0,
            22,
            0,
            233,
            337
          ],
          [
            2,
            0,
            17,
            56,
            17,
            5
          ],
          [
            19,
            0,
            55,
            200,
            117,
            50
          ],
          [
            2,
            0,
            14,
            0,
            39,
            46
          ],
          [
            23,
            0,
            29,
            0,
            252,
            421
          ]
        ],
        "six_way_labels": [
          "visual",
          "language-prior",
          "alignment",
          "mixed",
          "unclear",
          "no-failure"
        ],
        "signature_mse": 0.09708202317388165
      },
      "prediction_sets": {
        "coverage": 0.9045833333333333,
        "average_set_size": 4.786666666666667,
        "singleton_rate": 0.004166666666666667,
        "empty_set_rate": 0.0
      },
      "action_counts": {
        "stop": 2400
      }
    },
    "diagnostic_no_acquisition|1|0.9": {
      "row_count": 2400,
      "mean_acquisition_cost": 0.0,
      "diagnostic": {
        "record_count": 2400,
        "source_bit_micro_f1": 0.5296154547111354,
        "source_bit_macro_f1": 0.539452914166428,
        "source_bit_hamming_loss": 0.35847222222222225,
        "source_bit_auroc": {
          "visual": 0.6557359504814348,
          "language": 0.4867890597882106,
          "alignment": 0.908780028725117
        },
        "six_way_macro_f1": 0.21717530134363447,
        "six_way_balanced_accuracy": 0.26433280369116546,
        "six_way_confusion_matrix": [
          [
            47,
            25,
            70,
            0,
            231,
            53
          ],
          [
            64,
            33,
            42,
            0,
            277,
            194
          ],
          [
            3,
            1,
            16,
            55,
            20,
            2
          ],
          [
            32,
            6,
            74,
            188,
            120,
            21
          ],
          [
            3,
            7,
            18,
            0,
            56,
            17
          ],
          [
            51,
            54,
            44,
            0,
            376,
            200
          ]
        ],
        "six_way_labels": [
          "visual",
          "language-prior",
          "alignment",
          "mixed",
          "unclear",
          "no-failure"
        ],
        "signature_mse": 0.10369889096180582
      },
      "prediction_sets": {
        "coverage": 0.90375,
        "average_set_size": 4.710416666666666,
        "singleton_rate": 0.00375,
        "empty_set_rate": 0.0
      },
      "action_counts": {
        "stop": 2400
      }
    },
    "diagnostic_no_acquisition|1|0.95": {
      "row_count": 2400,
      "mean_acquisition_cost": 0.0,
      "diagnostic": {
        "record_count": 2400,
        "source_bit_micro_f1": 0.5296154547111354,
        "source_bit_macro_f1": 0.539452914166428,
        "source_bit_hamming_loss": 0.35847222222222225,
        "source_bit_auroc": {
          "visual": 0.6557359504814348,
          "language": 0.4867890597882106,
          "alignment": 0.908780028725117
        },
        "six_way_macro_f1": 0.21717530134363447,
        "six_way_balanced_accuracy": 0.26433280369116546,
        "six_way_confusion_matrix": [
          [
            47,
            25,
            70,
            0,
            231,
            53
          ],
          [
            64,
            33,
            42,
            0,
            277,
            194
          ],
          [
            3,
            1,
            16,
            55,
            20,
            2
          ],
          [
            32,
            6,
            74,
            188,
            120,
            21
          ],
          [
            3,
            7,
            18,
            0,
            56,
            17
          ],
          [
            51,
            54,
            44,
            0,
            376,
            200
          ]
        ],
        "six_way_labels": [
          "visual",
          "language-prior",
          "alignment",
          "mixed",
          "unclear",
          "no-failure"
        ],
        "signature_mse": 0.10369889096180582
      },
      "prediction_sets": {
        "coverage": 0.90375,
        "average_set_size": 4.7491666666666665,
        "singleton_rate": 0.0008333333333333334,
        "empty_set_rate": 0.0
      },
      "action_counts": {
        "stop": 2400
      }
    },
    "diagnostic_no_acquisition|2|0.9": {
      "row_count": 2400,
      "mean_acquisition_cost": 0.0,
      "diagnostic": {
        "record_count": 2400,
        "source_bit_micro_f1": 0.5300146412884333,
        "source_bit_macro_f1": 0.5408937701575284,
        "source_bit_hamming_loss": 0.3566666666666667,
        "source_bit_auroc": {
          "visual": 0.6569289738419459,
          "language": 0.4825935020278277,
          "alignment": 0.9088326304522835
        },
        "six_way_macro_f1": 0.21239298428052367,
        "six_way_balanced_accuracy": 0.2635882886240141,
        "six_way_confusion_matrix": [
          [
            35,
            23,
            55,
            0,
            258,
            55
          ],
          [
            38,
            31,
            29,
            0,
            316,
            196
          ],
          [
            2,
            1,
            16,
            54,
            22,
            2
          ],
          [
            27,
            6,
            68,
            180,
            139,
            21
          ],
          [
            4,
            6,
            13,
            0,
            60,
            18
          ],
          [
            34,
            50,
            23,
            0,
            414,
            204
          ]
        ],
        "six_way_labels": [
          "visual",
          "language-prior",
          "alignment",
          "mixed",
          "unclear",
          "no-failure"
        ],
        "signature_mse": 0.10396689247338972
      },
      "prediction_sets": {
        "coverage": 0.905,
        "average_set_size": 4.7404166666666665,
        "singleton_rate": 0.0020833333333333333,
        "empty_set_rate": 0.0
      },
      "action_counts": {
        "stop": 2400
      }
    },
    "diagnostic_no_acquisition|2|0.95": {
      "row_count": 2400,
      "mean_acquisition_cost": 0.0,
      "diagnostic": {
        "record_count": 2400,
        "source_bit_micro_f1": 0.5300146412884333,
        "source_bit_macro_f1": 0.5408937701575284,
        "source_bit_hamming_loss": 0.3566666666666667,
        "source_bit_auroc": {
          "visual": 0.6569289738419459,
          "language": 0.4825935020278277,
          "alignment": 0.9088326304522835
        },
        "six_way_macro_f1": 0.21239298428052367,
        "six_way_balanced_accuracy": 0.2635882886240141,
        "six_way_confusion_matrix": [
          [
            35,
            23,
            55,
            0,
            258,
            55
          ],
          [
            38,
            31,
            29,
            0,
            316,
            196
          ],
          [
            2,
            1,
            16,
            54,
            22,
            2
          ],
          [
            27,
            6,
            68,
            180,
            139,
            21
          ],
          [
            4,
            6,
            13,
            0,
            60,
            18
          ],
          [
            34,
            50,
            23,
            0,
            414,
            204
          ]
        ],
        "six_way_labels": [
          "visual",
          "language-prior",
          "alignment",
          "mixed",
          "unclear",
          "no-failure"
        ],
        "signature_mse": 0.10396689247338972
      },
      "prediction_sets": {
        "coverage": 0.95875,
        "average_set_size": 5.4591666666666665,
        "singleton_rate": 0.0,
        "empty_set_rate": 0.0
      },
      "action_counts": {
        "stop": 2400
      }
    },
    "diagnostic_no_acquisition|3|0.9": {
      "row_count": 2400,
      "mean_acquisition_cost": 0.0,
      "diagnostic": {
        "record_count": 2400,
        "source_bit_micro_f1": 0.5319265053665636,
        "source_bit_macro_f1": 0.5416425150777832,
        "source_bit_hamming_loss": 0.35736111111111113,
        "source_bit_auroc": {
          "visual": 0.6572298953251335,
          "language": 0.48554090404136274,
          "alignment": 0.9090327457186769
        },
        "six_way_macro_f1": 0.21811498232958657,
        "six_way_balanced_accuracy": 0.2638070270220387,
        "six_way_confusion_matrix": [
          [
            48,
            27,
            64,
            0,
            237,
            50
          ],
          [
            57,
            42,
            35,
            0,
            291,
            185
          ],
          [
            3,
            1,
            16,
            55,
            20,
            2
          ],
          [
            36,
            9,
            69,
            182,
            127,
            18
          ],
          [
            5,
            8,
            16,
            0,
            57,
            15
          ],
          [
            49,
            66,
            34,
            0,
            388,
            188
          ]
        ],
        "six_way_labels": [
          "visual",
          "language-prior",
          "alignment",
          "mixed",
          "unclear",
          "no-failure"
        ],
        "signature_mse": 0.10403173742807632
      },
      "prediction_sets": {
        "coverage": 0.9020833333333333,
        "average_set_size": 4.80625,
        "singleton_rate": 0.0004166666666666667,
        "empty_set_rate": 0.0
      },
      "action_counts": {
        "stop": 2400
      }
    },
    "diagnostic_no_acquisition|3|0.95": {
      "row_count": 2400,
      "mean_acquisition_cost": 0.0,
      "diagnostic": {
        "record_count": 2400,
        "source_bit_micro_f1": 0.5319265053665636,
        "source_bit_macro_f1": 0.5416425150777832,
        "source_bit_hamming_loss": 0.35736111111111113,
        "source_bit_auroc": {
          "visual": 0.6572298953251335,
          "language": 0.48554090404136274,
          "alignment": 0.9090327457186769
        },
        "six_way_macro_f1": 0.21811498232958657,
        "six_way_balanced_accuracy": 0.2638070270220387,
        "six_way_confusion_matrix": [
          [
            48,
            27,
            64,
            0,
            237,
            50
          ],
          [
            57,
            42,
            35,
            0,
            291,
            185
          ],
          [
            3,
            1,
            16,
            55,
            20,
            2
          ],
          [
            36,
            9,
            69,
            182,
            127,
            18
          ],
          [
            5,
            8,
            16,
            0,
            57,
            15
          ],
          [
            49,
            66,
            34,
            0,
            388,
            188
          ]
        ],
        "six_way_labels": [
          "visual",
          "language-prior",
          "alignment",
          "mixed",
          "unclear",
          "no-failure"
        ],
        "signature_mse": 0.10403173742807632
      },
      "prediction_sets": {
        "coverage": 0.955,
        "average_set_size": 5.43875,
        "singleton_rate": 0.0,
        "empty_set_rate": 0.0
      },
      "action_counts": {
        "stop": 2400
      }
    },
    "diagnostic_no_acquisition|4|0.9": {
      "row_count": 2400,
      "mean_acquisition_cost": 0.0,
      "diagnostic": {
        "record_count": 2400,
        "source_bit_micro_f1": 0.530242665700833,
        "source_bit_macro_f1": 0.5382448587374614,
        "source_bit_hamming_loss": 0.36027777777777775,
        "source_bit_auroc": {
          "visual": 0.6561754854037284,
          "language": 0.4864529160563269,
          "alignment": 0.9095233140002927
        },
        "six_way_macro_f1": 0.21375214785059413,
        "six_way_balanced_accuracy": 0.2636015567265293,
        "six_way_confusion_matrix": [
          [
            35,
            28,
            50,
            0,
            265,
            48
          ],
          [
            35,
            42,
            24,
            0,
            324,
            185
          ],
          [
            2,
            1,
            14,
            55,
            23,
            2
          ],
          [
            24,
            9,
            63,
            184,
            143,
            18
          ],
          [
            3,
            8,
            13,
            0,
            62,
            15
          ],
          [
            31,
            68,
            22,
            0,
            419,
            185
          ]
        ],
        "six_way_labels": [
          "visual",
          "language-prior",
          "alignment",
          "mixed",
          "unclear",
          "no-failure"
        ],
        "signature_mse": 0.10400731578192941
      },
      "prediction_sets": {
        "coverage": 0.9233333333333333,
        "average_set_size": 5.135833333333333,
        "singleton_rate": 0.0,
        "empty_set_rate": 0.0
      },
      "action_counts": {
        "stop": 2400
      }
    },
    "diagnostic_no_acquisition|4|0.95": {
      "row_count": 2400,
      "mean_acquisition_cost": 0.0,
      "diagnostic": {
        "record_count": 2400,
        "source_bit_micro_f1": 0.530242665700833,
        "source_bit_macro_f1": 0.5382448587374614,
        "source_bit_hamming_loss": 0.36027777777777775,
        "source_bit_auroc": {
          "visual": 0.6561754854037284,
          "language": 0.4864529160563269,
          "alignment": 0.9095233140002927
        },
        "six_way_macro_f1": 0.21375214785059413,
        "six_way_balanced_accuracy": 0.2636015567265293,
        "six_way_confusion_matrix": [
          [
            35,
            28,
            50,
            0,
            265,
            48
          ],
          [
            35,
            42,
            24,
            0,
            324,
            185
          ],
          [
            2,
            1,
            14,
            55,
            23,
            2
          ],
          [
            24,
            9,
            63,
            184,
            143,
            18
          ],
          [
            3,
            8,
            13,
            0,
            62,
            15
          ],
          [
            31,
            68,
            22,
            0,
            419,
            185
          ]
        ],
        "six_way_labels": [
          "visual",
          "language-prior",
          "alignment",
          "mixed",
          "unclear",
          "no-failure"
        ],
        "signature_mse": 0.10400731578192941
      },
      "prediction_sets": {
        "coverage": 0.9516666666666667,
        "average_set_size": 5.442083333333334,
        "singleton_rate": 0.0,
        "empty_set_rate": 0.0
      },
      "action_counts": {
        "stop": 2400
      }
    },
    "diagnostic_no_acquisition|7|0.9": {
      "row_count": 2400,
      "mean_acquisition_cost": 0.0,
      "diagnostic": {
        "record_count": 2400,
        "source_bit_micro_f1": 0.526836416926177,
        "source_bit_macro_f1": 0.5368492180203114,
        "source_bit_hamming_loss": 0.35875,
        "source_bit_auroc": {
          "visual": 0.6583241911649136,
          "language": 0.48742882941064813,
          "alignment": 0.9088863756952575
        },
        "six_way_macro_f1": 0.20868995933810353,
        "six_way_balanced_accuracy": 0.26679809270167093,
        "six_way_confusion_matrix": [
          [
            28,
            29,
            71,
            0,
            248,
            50
          ],
          [
            25,
            42,
            44,
            0,
            314,
            185
          ],
          [
            2,
            1,
            27,
            45,
            20,
            2
          ],
          [
            16,
            10,
            104,
            160,
            133,
            18
          ],
          [
            1,
            8,
            19,
            0,
            57,
            16
          ],
          [
            27,
            68,
            48,
            0,
            393,
            189
          ]
        ],
        "six_way_labels": [
          "visual",
          "language-prior",
          "alignment",
          "mixed",
          "unclear",
          "no-failure"
        ],
        "signature_mse": 0.10354277491533484
      },
      "prediction_sets": {
        "coverage": 0.9491666666666667,
        "average_set_size": 5.470416666666667,
        "singleton_rate": 0.0,
        "empty_set_rate": 0.0
      },
      "action_counts": {
        "stop": 2400
      }
    },
    "diagnostic_no_acquisition|7|0.95": {
      "row_count": 2400,
      "mean_acquisition_cost": 0.0,
      "diagnostic": {
        "record_count": 2400,
        "source_bit_micro_f1": 0.526836416926177,
        "source_bit_macro_f1": 0.5368492180203114,
        "source_bit_hamming_loss": 0.35875,
        "source_bit_auroc": {
          "visual": 0.6583241911649136,
          "language": 0.48742882941064813,
          "alignment": 0.9088863756952575
        },
        "six_way_macro_f1": 0.20868995933810353,
        "six_way_balanced_accuracy": 0.26679809270167093,
        "six_way_confusion_matrix": [
          [
            28,
            29,
            71,
            0,
            248,
            50
          ],
          [
            25,
            42,
            44,
            0,
            314,
            185
          ],
          [
            2,
            1,
            27,
            45,
            20,
            2
          ],
          [
            16,
            10,
            104,
            160,
            133,
            18
          ],
          [
            1,
            8,
            19,
            0,
            57,
            16
          ],
          [
            27,
            68,
            48,
            0,
            393,
            189
          ]
        ],
        "six_way_labels": [
          "visual",
          "language-prior",
          "alignment",
          "mixed",
          "unclear",
          "no-failure"
        ],
        "signature_mse": 0.10354277491533484
      },
      "prediction_sets": {
        "coverage": 0.9491666666666667,
        "average_set_size": 5.470416666666667,
        "singleton_rate": 0.0,
        "empty_set_rate": 0.0
      },
      "action_counts": {
        "stop": 2400
      }
    },
    "full_teacher|7|0.9": {
      "row_count": 2400,
      "mean_acquisition_cost": 6.0,
      "diagnostic": {
        "record_count": 2400,
        "source_bit_micro_f1": 0.9945146673026473,
        "source_bit_macro_f1": 0.9945310972449599,
        "source_bit_hamming_loss": 0.0031944444444444446,
        "source_bit_auroc": {
          "visual": 0.9993085124448015,
          "language": 0.9999637010143297,
          "alignment": 0.9980514490632317
        },
        "six_way_macro_f1": 0.7697286824384438,
        "six_way_balanced_accuracy": 0.8116203816452868,
        "six_way_confusion_matrix": [
          [
            424,
            0,
            0,
            1,
            1,
            0
          ],
          [
            0,
            607,
            0,
            0,
            3,
            0
          ],
          [
            0,
            0,
            91,
            6,
            0,
            0
          ],
          [
            6,
            0,
            1,
            434,
            0,
            0
          ],
          [
            0,
            0,
            0,
            0,
            61,
            40
          ],
          [
            0,
            2,
            2,
            0,
            465,
            256
          ]
        ],
        "six_way_labels": [
          "visual",
          "language-prior",
          "alignment",
          "mixed",
          "unclear",
          "no-failure"
        ],
        "signature_mse": 0.005613017769843391
      },
      "prediction_sets": {
        "coverage": 0.99875,
        "average_set_size": 4.515416666666667,
        "singleton_rate": 0.11125,
        "empty_set_rate": 0.0
      },
      "action_counts": {
        "blank": 2400,
        "grounding": 2400,
        "blur": 2400,
        "crop": 2400,
        "brightness": 2400,
        "noise": 2400,
        "stop": 2400
      }
    },
    "full_teacher|7|0.95": {
      "row_count": 2400,
      "mean_acquisition_cost": 6.0,
      "diagnostic": {
        "record_count": 2400,
        "source_bit_micro_f1": 0.9945146673026473,
        "source_bit_macro_f1": 0.9945310972449599,
        "source_bit_hamming_loss": 0.0031944444444444446,
        "source_bit_auroc": {
          "visual": 0.9993085124448015,
          "language": 0.9999637010143297,
          "alignment": 0.9980514490632317
        },
        "six_way_macro_f1": 0.7697286824384438,
        "six_way_balanced_accuracy": 0.8116203816452868,
        "six_way_confusion_matrix": [
          [
            424,
            0,
            0,
            1,
            1,
            0
          ],
          [
            0,
            607,
            0,
            0,
            3,
            0
          ],
          [
            0,
            0,
            91,
            6,
            0,
            0
          ],
          [
            6,
            0,
            1,
            434,
            0,
            0
          ],
          [
            0,
            0,
            0,
            0,
            61,
            40
          ],
          [
            0,
            2,
            2,
            0,
            465,
            256
          ]
        ],
        "six_way_labels": [
          "visual",
          "language-prior",
          "alignment",
          "mixed",
          "unclear",
          "no-failure"
        ],
        "signature_mse": 0.005613017769843391
      },
      "prediction_sets": {
        "coverage": 0.99875,
        "average_set_size": 4.515416666666667,
        "singleton_rate": 0.11125,
        "empty_set_rate": 0.0
      },
      "action_counts": {
        "blank": 2400,
        "grounding": 2400,
        "blur": 2400,
        "crop": 2400,
        "brightness": 2400,
        "noise": 2400,
        "stop": 2400
      }
    },
    "grounding_first|1|0.9": {
      "row_count": 2400,
      "mean_acquisition_cost": 1.0,
      "diagnostic": {
        "record_count": 2400,
        "source_bit_micro_f1": 0.584060932565484,
        "source_bit_macro_f1": 0.6610558756594717,
        "source_bit_hamming_loss": 0.3109722222222222,
        "source_bit_auroc": {
          "visual": 0.6543541601012866,
          "language": 0.4881453562632009,
          "alignment": 0.9979005049765808
        },
        "six_way_macro_f1": 0.28114625553069034,
        "six_way_balanced_accuracy": 0.3210659495418613,
        "six_way_confusion_matrix": [
          [
            167,
            46,
            0,
            0,
            161,
            52
          ],
          [
            159,
            50,
            0,
            0,
            207,
            194
          ],
          [
            0,
            0,
            41,
            56,
            0,
            0
          ],
          [
            35,
            5,
            166,
            184,
            38,
            13
          ],
          [
            32,
            18,
            0,
            0,
            34,
            17
          ],
          [
            165,
            80,
            1,
            2,
            277,
            200
          ]
        ],
        "six_way_labels": [
          "visual",
          "language-prior",
          "alignment",
          "mixed",
          "unclear",
          "no-failure"
        ],
        "signature_mse": 0.09848685840928074
      },
      "prediction_sets": {
        "coverage": 0.9866666666666667,
        "average_set_size": 4.55125,
        "singleton_rate": 0.05708333333333333,
        "empty_set_rate": 0.0
      },
      "action_counts": {
        "grounding": 2400,
        "stop": 2400
      }
    },
    "grounding_first|1|0.95": {
      "row_count": 2400,
      "mean_acquisition_cost": 1.0,
      "diagnostic": {
        "record_count": 2400,
        "source_bit_micro_f1": 0.584060932565484,
        "source_bit_macro_f1": 0.6610558756594717,
        "source_bit_hamming_loss": 0.3109722222222222,
        "source_bit_auroc": {
          "visual": 0.6543541601012866,
          "language": 0.4881453562632009,
          "alignment": 0.9979005049765808
        },
        "six_way_macro_f1": 0.28114625553069034,
        "six_way_balanced_accuracy": 0.3210659495418613,
        "six_way_confusion_matrix": [
          [
            167,
            46,
            0,
            0,
            161,
            52
          ],
          [
            159,
            50,
            0,
            0,
            207,
            194
          ],
          [
            0,
            0,
            41,
            56,
            0,
            0
          ],
          [
            35,
            5,
            166,
            184,
            38,
            13
          ],
          [
            32,
            18,
            0,
            0,
            34,
            17
          ],
          [
            165,
            80,
            1,
            2,
            277,
            200
          ]
        ],
        "six_way_labels": [
          "visual",
          "language-prior",
          "alignment",
          "mixed",
          "unclear",
          "no-failure"
        ],
        "signature_mse": 0.09848685840928074
      },
      "prediction_sets": {
        "coverage": 0.9979166666666667,
        "average_set_size": 4.6225,
        "singleton_rate": 0.016666666666666666,
        "empty_set_rate": 0.0
      },
      "action_counts": {
        "grounding": 2400,
        "stop": 2400
      }
    },
    "grounding_first|2|0.9": {
      "row_count": 2400,
      "mean_acquisition_cost": 2.0,
      "diagnostic": {
        "record_count": 2400,
        "source_bit_micro_f1": 0.8233884495566739,
        "source_bit_macro_f1": 0.8415138169558946,
        "source_bit_hamming_loss": 0.10236111111111111,
        "source_bit_auroc": {
          "visual": 0.7214091023614834,
          "language": 0.9999848754226375,
          "alignment": 0.9979348104508197
        },
        "six_way_macro_f1": 0.4848169843956837,
        "six_way_balanced_accuracy": 0.5726717108288488,
        "six_way_confusion_matrix": [
          [
            159,
            1,
            0,
            0,
            221,
            45
          ],
          [
            0,
            591,
            0,
            17,
            2,
            0
          ],
          [
            0,
            0,
            82,
            15,
            0,
            0
          ],
          [
            3,
            84,
            143,
            211,
            0,
            0
          ],
          [
            26,
            0,
            0,
            0,
            58,
            17
          ],
          [
            144,
            3,
            1,
            0,
            435,
            142
          ]
        ],
        "six_way_labels": [
          "visual",
          "language-prior",
          "alignment",
          "mixed",
          "unclear",
          "no-failure"
        ],
        "signature_mse": 0.003606056125810045
      },
      "prediction_sets": {
        "coverage": 0.9941666666666666,
        "average_set_size": 3.83125,
        "singleton_rate": 0.042916666666666665,
        "empty_set_rate": 0.0
      },
      "action_counts": {
        "grounding": 2400,
        "blank": 2400,
        "stop": 2400
      }
    },
    "grounding_first|2|0.95": {
      "row_count": 2400,
      "mean_acquisition_cost": 2.0,
      "diagnostic": {
        "record_count": 2400,
        "source_bit_micro_f1": 0.8233884495566739,
        "source_bit_macro_f1": 0.8415138169558946,
        "source_bit_hamming_loss": 0.10236111111111111,
        "source_bit_auroc": {
          "visual": 0.7214091023614834,
          "language": 0.9999848754226375,
          "alignment": 0.9979348104508197
        },
        "six_way_macro_f1": 0.4848169843956837,
        "six_way_balanced_accuracy": 0.5726717108288488,
        "six_way_confusion_matrix": [
          [
            159,
            1,
            0,
            0,
            221,
            45
          ],
          [
            0,
            591,
            0,
            17,
            2,
            0
          ],
          [
            0,
            0,
            82,
            15,
            0,
            0
          ],
          [
            3,
            84,
            143,
            211,
            0,
            0
          ],
          [
            26,
            0,
            0,
            0,
            58,
            17
          ],
          [
            144,
            3,
            1,
            0,
            435,
            142
          ]
        ],
        "six_way_labels": [
          "visual",
          "language-prior",
          "alignment",
          "mixed",
          "unclear",
          "no-failure"
        ],
        "signature_mse": 0.003606056125810045
      },
      "prediction_sets": {
        "coverage": 0.9991666666666666,
        "average_set_size": 5.187083333333334,
        "singleton_rate": 0.002916666666666667,
        "empty_set_rate": 0.0
      },
      "action_counts": {
        "grounding": 2400,
        "blank": 2400,
        "stop": 2400
      }
    },
    "grounding_first|3|0.9": {
      "row_count": 2400,
      "mean_acquisition_cost": 3.0,
      "diagnostic": {
        "record_count": 2400,
        "source_bit_micro_f1": 0.930460333006856,
        "source_bit_macro_f1": 0.9348807034078676,
        "source_bit_hamming_loss": 0.03944444444444444,
        "source_bit_auroc": {
          "visual": 0.9090131118045733,
          "language": 0.9999780693628242,
          "alignment": 0.9979714029566745
        },
        "six_way_macro_f1": 0.6670449993609356,
        "six_way_balanced_accuracy": 0.7330820734125285,
        "six_way_confusion_matrix": [
          [
            322,
            1,
            0,
            0,
            76,
            27
          ],
          [
            0,
            599,
            0,
            8,
            3,
            0
          ],
          [
            1,
            0,
            90,
            6,
            0,
            0
          ],
          [
            4,
            46,
            46,
            345,
            0,
            0
          ],
          [
            6,
            0,
            0,
            0,
            68,
            27
          ],
          [
            16,
            3,
            2,
            0,
            503,
            201
          ]
        ],
        "six_way_labels": [
          "visual",
          "language-prior",
          "alignment",
          "mixed",
          "unclear",
          "no-failure"
        ],
        "signature_mse": 0.004793683680287428
      },
      "prediction_sets": {
        "coverage": 0.9816666666666667,
        "average_set_size": 3.4483333333333333,
        "singleton_rate": 0.06625,
        "empty_set_rate": 0.014166666666666666
      },
      "action_counts": {
        "grounding": 2400,
        "blank": 2400,
        "blur": 2400,
        "stop": 2400
      }
    },
    "grounding_first|3|0.95": {
      "row_count": 2400,
      "mean_acquisition_cost": 3.0,
      "diagnostic": {
        "record_count": 2400,
        "source_bit_micro_f1": 0.930460333006856,
        "source_bit_macro_f1": 0.9348807034078676,
        "source_bit_hamming_loss": 0.03944444444444444,
        "source_bit_auroc": {
          "visual": 0.9090131118045733,
          "language": 0.9999780693628242,
          "alignment": 0.9979714029566745
        },
        "six_way_macro_f1": 0.6670449993609356,
        "six_way_balanced_accuracy": 0.7330820734125285,
        "six_way_confusion_matrix": [
          [
            322,
            1,
            0,
            0,
            76,
            27
          ],
          [
            0,
            599,
            0,
            8,
            3,
            0
          ],
          [
            1,
            0,
            90,
            6,
            0,
            0
          ],
          [
            4,
            46,
            46,
            345,
            0,
            0
          ],
          [
            6,
            0,
            0,
            0,
            68,
            27
          ],
          [
            16,
            3,
            2,
            0,
            503,
            201
          ]
        ],
        "six_way_labels": [
          "visual",
          "language-prior",
          "alignment",
          "mixed",
          "unclear",
          "no-failure"
        ],
        "signature_mse": 0.004793683680287428
      },
      "prediction_sets": {
        "coverage": 0.9995833333333334,
        "average_set_size": 4.835,
        "singleton_rate": 0.0275,
        "empty_set_rate": 0.0
      },
      "action_counts": {
        "grounding": 2400,
        "blank": 2400,
        "blur": 2400,
        "stop": 2400
      }
    },
    "grounding_first|4|0.9": {
      "row_count": 2400,
      "mean_acquisition_cost": 4.0,
      "diagnostic": {
        "record_count": 2400,
        "source_bit_micro_f1": 0.9645909645909646,
        "source_bit_macro_f1": 0.9668596563694608,
        "source_bit_hamming_loss": 0.02013888888888889,
        "source_bit_auroc": {
          "visual": 0.9422653306068741,
          "language": 0.9999765569050879,
          "alignment": 0.9975265753073771
        },
        "six_way_macro_f1": 0.7330634300240249,
        "six_way_balanced_accuracy": 0.7802935626862627,
        "six_way_confusion_matrix": [
          [
            365,
            1,
            0,
            0,
            39,
            21
          ],
          [
            0,
            603,
            0,
            4,
            3,
            0
          ],
          [
            0,
            0,
            92,
            5,
            0,
            0
          ],
          [
            4,
            25,
            17,
            395,
            0,
            0
          ],
          [
            0,
            0,
            0,
            0,
            64,
            37
          ],
          [
            1,
            3,
            2,
            0,
            459,
            260
          ]
        ],
        "six_way_labels": [
          "visual",
          "language-prior",
          "alignment",
          "mixed",
          "unclear",
          "no-failure"
        ],
        "signature_mse": 0.0047839959418790505
      },
      "prediction_sets": {
        "coverage": 0.97875,
        "average_set_size": 4.044583333333334,
        "singleton_rate": 0.06958333333333333,
        "empty_set_rate": 0.019583333333333335
      },
      "action_counts": {
        "grounding": 2400,
        "blank": 2400,
        "blur": 2400,
        "crop": 2400,
        "stop": 2400
      }
    },
    "grounding_first|4|0.95": {
      "row_count": 2400,
      "mean_acquisition_cost": 4.0,
      "diagnostic": {
        "record_count": 2400,
        "source_bit_micro_f1": 0.9645909645909646,
        "source_bit_macro_f1": 0.9668596563694608,
        "source_bit_hamming_loss": 0.02013888888888889,
        "source_bit_auroc": {
          "visual": 0.9422653306068741,
          "language": 0.9999765569050879,
          "alignment": 0.9975265753073771
        },
        "six_way_macro_f1": 0.7330634300240249,
        "six_way_balanced_accuracy": 0.7802935626862627,
        "six_way_confusion_matrix": [
          [
            365,
            1,
            0,
            0,
            39,
            21
          ],
          [
            0,
            603,
            0,
            4,
            3,
            0
          ],
          [
            0,
            0,
            92,
            5,
            0,
            0
          ],
          [
            4,
            25,
            17,
            395,
            0,
            0
          ],
          [
            0,
            0,
            0,
            0,
            64,
            37
          ],
          [
            1,
            3,
            2,
            0,
            459,
            260
          ]
        ],
        "six_way_labels": [
          "visual",
          "language-prior",
          "alignment",
          "mixed",
          "unclear",
          "no-failure"
        ],
        "signature_mse": 0.0047839959418790505
      },
      "prediction_sets": {
        "coverage": 0.99875,
        "average_set_size": 4.598333333333334,
        "singleton_rate": 0.06041666666666667,
        "empty_set_rate": 0.0
      },
      "action_counts": {
        "grounding": 2400,
        "blank": 2400,
        "blur": 2400,
        "crop": 2400,
        "stop": 2400
      }
    },
    "grounding_first|7|0.9": {
      "row_count": 2400,
      "mean_acquisition_cost": 6.0,
      "diagnostic": {
        "record_count": 2400,
        "source_bit_micro_f1": 0.9945146673026473,
        "source_bit_macro_f1": 0.9945310972449599,
        "source_bit_hamming_loss": 0.0031944444444444446,
        "source_bit_auroc": {
          "visual": 0.9993085124448015,
          "language": 0.9999637010143297,
          "alignment": 0.9980514490632317
        },
        "six_way_macro_f1": 0.7697286824384438,
        "six_way_balanced_accuracy": 0.8116203816452868,
        "six_way_confusion_matrix": [
          [
            424,
            0,
            0,
            1,
            1,
            0
          ],
          [
            0,
            607,
            0,
            0,
            3,
            0
          ],
          [
            0,
            0,
            91,
            6,
            0,
            0
          ],
          [
            6,
            0,
            1,
            434,
            0,
            0
          ],
          [
            0,
            0,
            0,
            0,
            61,
            40
          ],
          [
            0,
            2,
            2,
            0,
            465,
            256
          ]
        ],
        "six_way_labels": [
          "visual",
          "language-prior",
          "alignment",
          "mixed",
          "unclear",
          "no-failure"
        ],
        "signature_mse": 0.005613017769843391
      },
      "prediction_sets": {
        "coverage": 0.99875,
        "average_set_size": 4.515416666666667,
        "singleton_rate": 0.11125,
        "empty_set_rate": 0.0
      },
      "action_counts": {
        "grounding": 2400,
        "blank": 2400,
        "blur": 2400,
        "crop": 2400,
        "brightness": 2400,
        "noise": 2400,
        "stop": 2400
      }
    },
    "grounding_first|7|0.95": {
      "row_count": 2400,
      "mean_acquisition_cost": 6.0,
      "diagnostic": {
        "record_count": 2400,
        "source_bit_micro_f1": 0.9945146673026473,
        "source_bit_macro_f1": 0.9945310972449599,
        "source_bit_hamming_loss": 0.0031944444444444446,
        "source_bit_auroc": {
          "visual": 0.9993085124448015,
          "language": 0.9999637010143297,
          "alignment": 0.9980514490632317
        },
        "six_way_macro_f1": 0.7697286824384438,
        "six_way_balanced_accuracy": 0.8116203816452868,
        "six_way_confusion_matrix": [
          [
            424,
            0,
            0,
            1,
            1,
            0
          ],
          [
            0,
            607,
            0,
            0,
            3,
            0
          ],
          [
            0,
            0,
            91,
            6,
            0,
            0
          ],
          [
            6,
            0,
            1,
            434,
            0,
            0
          ],
          [
            0,
            0,
            0,
            0,
            61,
            40
          ],
          [
            0,
            2,
            2,
            0,
            465,
            256
          ]
        ],
        "six_way_labels": [
          "visual",
          "language-prior",
          "alignment",
          "mixed",
          "unclear",
          "no-failure"
        ],
        "signature_mse": 0.005613017769843391
      },
      "prediction_sets": {
        "coverage": 0.99875,
        "average_set_size": 4.515416666666667,
        "singleton_rate": 0.11125,
        "empty_set_rate": 0.0
      },
      "action_counts": {
        "grounding": 2400,
        "blank": 2400,
        "blur": 2400,
        "crop": 2400,
        "brightness": 2400,
        "noise": 2400,
        "stop": 2400
      }
    },
    "one_pass_distilled|1|0.9": {
      "row_count": 2400,
      "mean_acquisition_cost": 0.0,
      "diagnostic": {
        "record_count": 2400,
        "source_bit_micro_f1": 0.5360911777121148,
        "source_bit_macro_f1": 0.5795072096247913,
        "source_bit_hamming_loss": 0.30527777777777776,
        "source_bit_auroc": {
          "visual": 0.6929818949523383,
          "language": 0.5350285211717616,
          "alignment": 0.9134421426741803
        },
        "six_way_macro_f1": 0.14625181094921727,
        "six_way_balanced_accuracy": 0.24693257995365725,
        "six_way_confusion_matrix": [
          [
            0,
            172,
            0,
            254,
            0,
            0
          ],
          [
            0,
            374,
            0,
            236,
            0,
            0
          ],
          [
            0,
            6,
            0,
            91,
            0,
            0
          ],
          [
            0,
            58,
            0,
            383,
            0,
            0
          ],
          [
            0,
            52,
            0,
            49,
            0,
            0
          ],
          [
            0,
            463,
            0,
            262,
            0,
            0
          ]
        ],
        "six_way_labels": [
          "visual",
          "language-prior",
          "alignment",
          "mixed",
          "unclear",
          "no-failure"
        ],
        "signature_mse": 0.10057043965530507
      },
      "prediction_sets": {
        "coverage": 0.925,
        "average_set_size": 4.705416666666666,
        "singleton_rate": 0.025,
        "empty_set_rate": 0.0004166666666666667
      },
      "action_counts": {
        "stop": 2400
      }
    },
    "one_pass_distilled|1|0.95": {
      "row_count": 2400,
      "mean_acquisition_cost": 0.0,
      "diagnostic": {
        "record_count": 2400,
        "source_bit_micro_f1": 0.5360911777121148,
        "source_bit_macro_f1": 0.5795072096247913,
        "source_bit_hamming_loss": 0.30527777777777776,
        "source_bit_auroc": {
          "visual": 0.6929818949523383,
          "language": 0.5350285211717616,
          "alignment": 0.9134421426741803
        },
        "six_way_macro_f1": 0.14625181094921727,
        "six_way_balanced_accuracy": 0.24693257995365725,
        "six_way_confusion_matrix": [
          [
            0,
            172,
            0,
            254,
            0,
            0
          ],
          [
            0,
            374,
            0,
            236,
            0,
            0
          ],
          [
            0,
            6,
            0,
            91,
            0,
            0
          ],
          [
            0,
            58,
            0,
            383,
            0,
            0
          ],
          [
            0,
            52,
            0,
            49,
            0,
            0
          ],
          [
            0,
            463,
            0,
            262,
            0,
            0
          ]
        ],
        "six_way_labels": [
          "visual",
          "language-prior",
          "alignment",
          "mixed",
          "unclear",
          "no-failure"
        ],
        "signature_mse": 0.10057043965530507
      },
      "prediction_sets": {
        "coverage": 0.92625,
        "average_set_size": 4.718333333333334,
        "singleton_rate": 0.019166666666666665,
        "empty_set_rate": 0.0004166666666666667
      },
      "action_counts": {
        "stop": 2400
      }
    },
    "one_pass_distilled|2|0.9": {
      "row_count": 2400,
      "mean_acquisition_cost": 0.0,
      "diagnostic": {
        "record_count": 2400,
        "source_bit_micro_f1": 0.5360911777121148,
        "source_bit_macro_f1": 0.5795072096247913,
        "source_bit_hamming_loss": 0.30527777777777776,
        "source_bit_auroc": {
          "visual": 0.6929818949523383,
          "language": 0.5350285211717616,
          "alignment": 0.9134421426741803
        },
        "six_way_macro_f1": 0.14625181094921727,
        "six_way_balanced_accuracy": 0.24693257995365725,
        "six_way_confusion_matrix": [
          [
            0,
            172,
            0,
            254,
            0,
            0
          ],
          [
            0,
            374,
            0,
            236,
            0,
            0
          ],
          [
            0,
            6,
            0,
            91,
            0,
            0
          ],
          [
            0,
            58,
            0,
            383,
            0,
            0
          ],
          [
            0,
            52,
            0,
            49,
            0,
            0
          ],
          [
            0,
            463,
            0,
            262,
            0,
            0
          ]
        ],
        "six_way_labels": [
          "visual",
          "language-prior",
          "alignment",
          "mixed",
          "unclear",
          "no-failure"
        ],
        "signature_mse": 0.10057043965530507
      },
      "prediction_sets": {
        "coverage": 0.925,
        "average_set_size": 4.705416666666666,
        "singleton_rate": 0.025,
        "empty_set_rate": 0.0004166666666666667
      },
      "action_counts": {
        "stop": 2400
      }
    },
    "one_pass_distilled|2|0.95": {
      "row_count": 2400,
      "mean_acquisition_cost": 0.0,
      "diagnostic": {
        "record_count": 2400,
        "source_bit_micro_f1": 0.5360911777121148,
        "source_bit_macro_f1": 0.5795072096247913,
        "source_bit_hamming_loss": 0.30527777777777776,
        "source_bit_auroc": {
          "visual": 0.6929818949523383,
          "language": 0.5350285211717616,
          "alignment": 0.9134421426741803
        },
        "six_way_macro_f1": 0.14625181094921727,
        "six_way_balanced_accuracy": 0.24693257995365725,
        "six_way_confusion_matrix": [
          [
            0,
            172,
            0,
            254,
            0,
            0
          ],
          [
            0,
            374,
            0,
            236,
            0,
            0
          ],
          [
            0,
            6,
            0,
            91,
            0,
            0
          ],
          [
            0,
            58,
            0,
            383,
            0,
            0
          ],
          [
            0,
            52,
            0,
            49,
            0,
            0
          ],
          [
            0,
            463,
            0,
            262,
            0,
            0
          ]
        ],
        "six_way_labels": [
          "visual",
          "language-prior",
          "alignment",
          "mixed",
          "unclear",
          "no-failure"
        ],
        "signature_mse": 0.10057043965530507
      },
      "prediction_sets": {
        "coverage": 0.92625,
        "average_set_size": 4.718333333333334,
        "singleton_rate": 0.019166666666666665,
        "empty_set_rate": 0.0004166666666666667
      },
      "action_counts": {
        "stop": 2400
      }
    },
    "one_pass_distilled|3|0.9": {
      "row_count": 2400,
      "mean_acquisition_cost": 0.0,
      "diagnostic": {
        "record_count": 2400,
        "source_bit_micro_f1": 0.5360911777121148,
        "source_bit_macro_f1": 0.5795072096247913,
        "source_bit_hamming_loss": 0.30527777777777776,
        "source_bit_auroc": {
          "visual": 0.6929818949523383,
          "language": 0.5350285211717616,
          "alignment": 0.9134421426741803
        },
        "six_way_macro_f1": 0.14625181094921727,
        "six_way_balanced_accuracy": 0.24693257995365725,
        "six_way_confusion_matrix": [
          [
            0,
            172,
            0,
            254,
            0,
            0
          ],
          [
            0,
            374,
            0,
            236,
            0,
            0
          ],
          [
            0,
            6,
            0,
            91,
            0,
            0
          ],
          [
            0,
            58,
            0,
            383,
            0,
            0
          ],
          [
            0,
            52,
            0,
            49,
            0,
            0
          ],
          [
            0,
            463,
            0,
            262,
            0,
            0
          ]
        ],
        "six_way_labels": [
          "visual",
          "language-prior",
          "alignment",
          "mixed",
          "unclear",
          "no-failure"
        ],
        "signature_mse": 0.10057043965530507
      },
      "prediction_sets": {
        "coverage": 0.925,
        "average_set_size": 4.705416666666666,
        "singleton_rate": 0.025,
        "empty_set_rate": 0.0004166666666666667
      },
      "action_counts": {
        "stop": 2400
      }
    },
    "one_pass_distilled|3|0.95": {
      "row_count": 2400,
      "mean_acquisition_cost": 0.0,
      "diagnostic": {
        "record_count": 2400,
        "source_bit_micro_f1": 0.5360911777121148,
        "source_bit_macro_f1": 0.5795072096247913,
        "source_bit_hamming_loss": 0.30527777777777776,
        "source_bit_auroc": {
          "visual": 0.6929818949523383,
          "language": 0.5350285211717616,
          "alignment": 0.9134421426741803
        },
        "six_way_macro_f1": 0.14625181094921727,
        "six_way_balanced_accuracy": 0.24693257995365725,
        "six_way_confusion_matrix": [
          [
            0,
            172,
            0,
            254,
            0,
            0
          ],
          [
            0,
            374,
            0,
            236,
            0,
            0
          ],
          [
            0,
            6,
            0,
            91,
            0,
            0
          ],
          [
            0,
            58,
            0,
            383,
            0,
            0
          ],
          [
            0,
            52,
            0,
            49,
            0,
            0
          ],
          [
            0,
            463,
            0,
            262,
            0,
            0
          ]
        ],
        "six_way_labels": [
          "visual",
          "language-prior",
          "alignment",
          "mixed",
          "unclear",
          "no-failure"
        ],
        "signature_mse": 0.10057043965530507
      },
      "prediction_sets": {
        "coverage": 0.92625,
        "average_set_size": 4.718333333333334,
        "singleton_rate": 0.019166666666666665,
        "empty_set_rate": 0.0004166666666666667
      },
      "action_counts": {
        "stop": 2400
      }
    },
    "one_pass_distilled|4|0.9": {
      "row_count": 2400,
      "mean_acquisition_cost": 0.0,
      "diagnostic": {
        "record_count": 2400,
        "source_bit_micro_f1": 0.5360911777121148,
        "source_bit_macro_f1": 0.5795072096247913,
        "source_bit_hamming_loss": 0.30527777777777776,
        "source_bit_auroc": {
          "visual": 0.6929818949523383,
          "language": 0.5350285211717616,
          "alignment": 0.9134421426741803
        },
        "six_way_macro_f1": 0.14625181094921727,
        "six_way_balanced_accuracy": 0.24693257995365725,
        "six_way_confusion_matrix": [
          [
            0,
            172,
            0,
            254,
            0,
            0
          ],
          [
            0,
            374,
            0,
            236,
            0,
            0
          ],
          [
            0,
            6,
            0,
            91,
            0,
            0
          ],
          [
            0,
            58,
            0,
            383,
            0,
            0
          ],
          [
            0,
            52,
            0,
            49,
            0,
            0
          ],
          [
            0,
            463,
            0,
            262,
            0,
            0
          ]
        ],
        "six_way_labels": [
          "visual",
          "language-prior",
          "alignment",
          "mixed",
          "unclear",
          "no-failure"
        ],
        "signature_mse": 0.10057043965530507
      },
      "prediction_sets": {
        "coverage": 0.925,
        "average_set_size": 4.705416666666666,
        "singleton_rate": 0.025,
        "empty_set_rate": 0.0004166666666666667
      },
      "action_counts": {
        "stop": 2400
      }
    },
    "one_pass_distilled|4|0.95": {
      "row_count": 2400,
      "mean_acquisition_cost": 0.0,
      "diagnostic": {
        "record_count": 2400,
        "source_bit_micro_f1": 0.5360911777121148,
        "source_bit_macro_f1": 0.5795072096247913,
        "source_bit_hamming_loss": 0.30527777777777776,
        "source_bit_auroc": {
          "visual": 0.6929818949523383,
          "language": 0.5350285211717616,
          "alignment": 0.9134421426741803
        },
        "six_way_macro_f1": 0.14625181094921727,
        "six_way_balanced_accuracy": 0.24693257995365725,
        "six_way_confusion_matrix": [
          [
            0,
            172,
            0,
            254,
            0,
            0
          ],
          [
            0,
            374,
            0,
            236,
            0,
            0
          ],
          [
            0,
            6,
            0,
            91,
            0,
            0
          ],
          [
            0,
            58,
            0,
            383,
            0,
            0
          ],
          [
            0,
            52,
            0,
            49,
            0,
            0
          ],
          [
            0,
            463,
            0,
            262,
            0,
            0
          ]
        ],
        "six_way_labels": [
          "visual",
          "language-prior",
          "alignment",
          "mixed",
          "unclear",
          "no-failure"
        ],
        "signature_mse": 0.10057043965530507
      },
      "prediction_sets": {
        "coverage": 0.92625,
        "average_set_size": 4.718333333333334,
        "singleton_rate": 0.019166666666666665,
        "empty_set_rate": 0.0004166666666666667
      },
      "action_counts": {
        "stop": 2400
      }
    },
    "one_pass_distilled|7|0.9": {
      "row_count": 2400,
      "mean_acquisition_cost": 0.0,
      "diagnostic": {
        "record_count": 2400,
        "source_bit_micro_f1": 0.5360911777121148,
        "source_bit_macro_f1": 0.5795072096247913,
        "source_bit_hamming_loss": 0.30527777777777776,
        "source_bit_auroc": {
          "visual": 0.6929818949523383,
          "language": 0.5350285211717616,
          "alignment": 0.9134421426741803
        },
        "six_way_macro_f1": 0.14625181094921727,
        "six_way_balanced_accuracy": 0.24693257995365725,
        "six_way_confusion_matrix": [
          [
            0,
            172,
            0,
            254,
            0,
            0
          ],
          [
            0,
            374,
            0,
            236,
            0,
            0
          ],
          [
            0,
            6,
            0,
            91,
            0,
            0
          ],
          [
            0,
            58,
            0,
            383,
            0,
            0
          ],
          [
            0,
            52,
            0,
            49,
            0,
            0
          ],
          [
            0,
            463,
            0,
            262,
            0,
            0
          ]
        ],
        "six_way_labels": [
          "visual",
          "language-prior",
          "alignment",
          "mixed",
          "unclear",
          "no-failure"
        ],
        "signature_mse": 0.10057043965530507
      },
      "prediction_sets": {
        "coverage": 0.925,
        "average_set_size": 4.705416666666666,
        "singleton_rate": 0.025,
        "empty_set_rate": 0.0004166666666666667
      },
      "action_counts": {
        "stop": 2400
      }
    },
    "one_pass_distilled|7|0.95": {
      "row_count": 2400,
      "mean_acquisition_cost": 0.0,
      "diagnostic": {
        "record_count": 2400,
        "source_bit_micro_f1": 0.5360911777121148,
        "source_bit_macro_f1": 0.5795072096247913,
        "source_bit_hamming_loss": 0.30527777777777776,
        "source_bit_auroc": {
          "visual": 0.6929818949523383,
          "language": 0.5350285211717616,
          "alignment": 0.9134421426741803
        },
        "six_way_macro_f1": 0.14625181094921727,
        "six_way_balanced_accuracy": 0.24693257995365725,
        "six_way_confusion_matrix": [
          [
            0,
            172,
            0,
            254,
            0,
            0
          ],
          [
            0,
            374,
            0,
            236,
            0,
            0
          ],
          [
            0,
            6,
            0,
            91,
            0,
            0
          ],
          [
            0,
            58,
            0,
            383,
            0,
            0
          ],
          [
            0,
            52,
            0,
            49,
            0,
            0
          ],
          [
            0,
            463,
            0,
            262,
            0,
            0
          ]
        ],
        "six_way_labels": [
          "visual",
          "language-prior",
          "alignment",
          "mixed",
          "unclear",
          "no-failure"
        ],
        "signature_mse": 0.10057043965530507
      },
      "prediction_sets": {
        "coverage": 0.92625,
        "average_set_size": 4.718333333333334,
        "singleton_rate": 0.019166666666666665,
        "empty_set_rate": 0.0004166666666666667
      },
      "action_counts": {
        "stop": 2400
      }
    },
    "oracle_best_subset|1|0.9": {
      "row_count": 2400,
      "mean_acquisition_cost": 0.9979166666666667,
      "diagnostic": {
        "record_count": 2400,
        "source_bit_micro_f1": 0.7646576465764657,
        "source_bit_macro_f1": 0.7603243562107166,
        "source_bit_hamming_loss": 0.15944444444444444,
        "source_bit_auroc": {
          "visual": 0.9662588825150401,
          "language": 0.9385344738272969,
          "alignment": 0.9462993541422716
        },
        "six_way_macro_f1": 0.5774651025133805,
        "six_way_balanced_accuracy": 0.6676266663949542,
        "six_way_confusion_matrix": [
          [
            373,
            0,
            0,
            52,
            1,
            0
          ],
          [
            0,
            532,
            0,
            77,
            1,
            0
          ],
          [
            0,
            0,
            75,
            22,
            0,
            0
          ],
          [
            117,
            40,
            32,
            252,
            0,
            0
          ],
          [
            8,
            1,
            18,
            0,
            63,
            11
          ],
          [
            145,
            51,
            35,
            1,
            283,
            210
          ]
        ],
        "six_way_labels": [
          "visual",
          "language-prior",
          "alignment",
          "mixed",
          "unclear",
          "no-failure"
        ],
        "signature_mse": 0.04711558335027741
      },
      "prediction_sets": {
        "coverage": 0.915,
        "average_set_size": 3.1841666666666666,
        "singleton_rate": 0.19125,
        "empty_set_rate": 0.029166666666666667
      },
      "action_counts": {
        "blank": 1101,
        "stop": 2400,
        "grounding": 412,
        "brightness": 153,
        "blur": 569,
        "crop": 117,
        "noise": 43
      }
    },
    "oracle_best_subset|1|0.95": {
      "row_count": 2400,
      "mean_acquisition_cost": 0.9979166666666667,
      "diagnostic": {
        "record_count": 2400,
        "source_bit_micro_f1": 0.7646576465764657,
        "source_bit_macro_f1": 0.7603243562107166,
        "source_bit_hamming_loss": 0.15944444444444444,
        "source_bit_auroc": {
          "visual": 0.9662588825150401,
          "language": 0.9385344738272969,
          "alignment": 0.9462993541422716
        },
        "six_way_macro_f1": 0.5774651025133805,
        "six_way_balanced_accuracy": 0.6676266663949542,
        "six_way_confusion_matrix": [
          [
            373,
            0,
            0,
            52,
            1,
            0
          ],
          [
            0,
            532,
            0,
            77,
            1,
            0
          ],
          [
            0,
            0,
            75,
            22,
            0,
            0
          ],
          [
            117,
            40,
            32,
            252,
            0,
            0
          ],
          [
            8,
            1,
            18,
            0,
            63,
            11
          ],
          [
            145,
            51,
            35,
            1,
            283,
            210
          ]
        ],
        "six_way_labels": [
          "visual",
          "language-prior",
          "alignment",
          "mixed",
          "unclear",
          "no-failure"
        ],
        "signature_mse": 0.04711558335027741
      },
      "prediction_sets": {
        "coverage": 0.9820833333333333,
        "average_set_size": 3.745,
        "singleton_rate": 0.08666666666666667,
        "empty_set_rate": 0.004166666666666667
      },
      "action_counts": {
        "blank": 1101,
        "stop": 2400,
        "grounding": 412,
        "brightness": 153,
        "blur": 569,
        "crop": 117,
        "noise": 43
      }
    },
    "oracle_best_subset|2|0.9": {
      "row_count": 2400,
      "mean_acquisition_cost": 1.9795833333333333,
      "diagnostic": {
        "record_count": 2400,
        "source_bit_micro_f1": 0.8935226264418811,
        "source_bit_macro_f1": 0.8975450996491198,
        "source_bit_hamming_loss": 0.06666666666666667,
        "source_bit_auroc": {
          "visual": 0.9981036417818028,
          "language": 0.9848792037817493,
          "alignment": 0.9972075343969554
        },
        "six_way_macro_f1": 0.7139157143313315,
        "six_way_balanced_accuracy": 0.8011974214115849,
        "six_way_confusion_matrix": [
          [
            414,
            0,
            0,
            11,
            1,
            0
          ],
          [
            0,
            587,
            0,
            23,
            0,
            0
          ],
          [
            0,
            0,
            90,
            7,
            0,
            0
          ],
          [
            62,
            1,
            7,
            371,
            0,
            0
          ],
          [
            4,
            1,
            7,
            0,
            75,
            14
          ],
          [
            26,
            43,
            30,
            0,
            364,
            262
          ]
        ],
        "six_way_labels": [
          "visual",
          "language-prior",
          "alignment",
          "mixed",
          "unclear",
          "no-failure"
        ],
        "signature_mse": 0.025199735466531353
      },
      "prediction_sets": {
        "coverage": 0.9125,
        "average_set_size": 2.78375,
        "singleton_rate": 0.29041666666666666,
        "empty_set_rate": 0.0475
      },
      "action_counts": {
        "blank": 1568,
        "grounding": 1093,
        "stop": 2400,
        "blur": 1020,
        "brightness": 327,
        "crop": 553,
        "noise": 190
      }
    },
    "oracle_best_subset|2|0.95": {
      "row_count": 2400,
      "mean_acquisition_cost": 1.9795833333333333,
      "diagnostic": {
        "record_count": 2400,
        "source_bit_micro_f1": 0.8935226264418811,
        "source_bit_macro_f1": 0.8975450996491198,
        "source_bit_hamming_loss": 0.06666666666666667,
        "source_bit_auroc": {
          "visual": 0.9981036417818028,
          "language": 0.9848792037817493,
          "alignment": 0.9972075343969554
        },
        "six_way_macro_f1": 0.7139157143313315,
        "six_way_balanced_accuracy": 0.8011974214115849,
        "six_way_confusion_matrix": [
          [
            414,
            0,
            0,
            11,
            1,
            0
          ],
          [
            0,
            587,
            0,
            23,
            0,
            0
          ],
          [
            0,
            0,
            90,
            7,
            0,
            0
          ],
          [
            62,
            1,
            7,
            371,
            0,
            0
          ],
          [
            4,
            1,
            7,
            0,
            75,
            14
          ],
          [
            26,
            43,
            30,
            0,
            364,
            262
          ]
        ],
        "six_way_labels": [
          "visual",
          "language-prior",
          "alignment",
          "mixed",
          "unclear",
          "no-failure"
        ],
        "signature_mse": 0.025199735466531353
      },
      "prediction_sets": {
        "coverage": 0.99625,
        "average_set_size": 4.75125,
        "singleton_rate": 0.05375,
        "empty_set_rate": 0.0
      },
      "action_counts": {
        "blank": 1568,
        "grounding": 1093,
        "stop": 2400,
        "blur": 1020,
        "brightness": 327,
        "crop": 553,
        "noise": 190
      }
    },
    "oracle_best_subset|3|0.9": {
      "row_count": 2400,
      "mean_acquisition_cost": 2.9404166666666667,
      "diagnostic": {
        "record_count": 2400,
        "source_bit_micro_f1": 0.9525133194347927,
        "source_bit_macro_f1": 0.9537512083259249,
        "source_bit_hamming_loss": 0.02847222222222222,
        "source_bit_auroc": {
          "visual": 0.9997097410890514,
          "language": 0.9967693902753506,
          "alignment": 0.9980594536738875
        },
        "six_way_macro_f1": 0.7439570319795074,
        "six_way_balanced_accuracy": 0.8228197708028421,
        "six_way_confusion_matrix": [
          [
            424,
            0,
            0,
            1,
            1,
            0
          ],
          [
            0,
            602,
            0,
            8,
            0,
            0
          ],
          [
            0,
            0,
            92,
            5,
            0,
            0
          ],
          [
            35,
            1,
            23,
            382,
            0,
            0
          ],
          [
            3,
            1,
            4,
            0,
            76,
            17
          ],
          [
            12,
            8,
            9,
            0,
            415,
            281
          ]
        ],
        "six_way_labels": [
          "visual",
          "language-prior",
          "alignment",
          "mixed",
          "unclear",
          "no-failure"
        ],
        "signature_mse": 0.013576802312109665
      },
      "prediction_sets": {
        "coverage": 0.91875,
        "average_set_size": 2.8008333333333333,
        "singleton_rate": 0.26416666666666666,
        "empty_set_rate": 0.052083333333333336
      },
      "action_counts": {
        "blank": 1952,
        "crop": 1127,
        "grounding": 1641,
        "stop": 2400,
        "blur": 1526,
        "noise": 285,
        "brightness": 526
      }
    },
    "oracle_best_subset|3|0.95": {
      "row_count": 2400,
      "mean_acquisition_cost": 2.9404166666666667,
      "diagnostic": {
        "record_count": 2400,
        "source_bit_micro_f1": 0.9525133194347927,
        "source_bit_macro_f1": 0.9537512083259249,
        "source_bit_hamming_loss": 0.02847222222222222,
        "source_bit_auroc": {
          "visual": 0.9997097410890514,
          "language": 0.9967693902753506,
          "alignment": 0.9980594536738875
        },
        "six_way_macro_f1": 0.7439570319795074,
        "six_way_balanced_accuracy": 0.8228197708028421,
        "six_way_confusion_matrix": [
          [
            424,
            0,
            0,
            1,
            1,
            0
          ],
          [
            0,
            602,
            0,
            8,
            0,
            0
          ],
          [
            0,
            0,
            92,
            5,
            0,
            0
          ],
          [
            35,
            1,
            23,
            382,
            0,
            0
          ],
          [
            3,
            1,
            4,
            0,
            76,
            17
          ],
          [
            12,
            8,
            9,
            0,
            415,
            281
          ]
        ],
        "six_way_labels": [
          "visual",
          "language-prior",
          "alignment",
          "mixed",
          "unclear",
          "no-failure"
        ],
        "signature_mse": 0.013576802312109665
      },
      "prediction_sets": {
        "coverage": 0.9979166666666667,
        "average_set_size": 4.367916666666667,
        "singleton_rate": 0.08708333333333333,
        "empty_set_rate": 0.0
      },
      "action_counts": {
        "blank": 1952,
        "crop": 1127,
        "grounding": 1641,
        "stop": 2400,
        "blur": 1526,
        "noise": 285,
        "brightness": 526
      }
    },
    "oracle_best_subset|4|0.9": {
      "row_count": 2400,
      "mean_acquisition_cost": 3.7929166666666667,
      "diagnostic": {
        "record_count": 2400,
        "source_bit_micro_f1": 0.9682094436652642,
        "source_bit_macro_f1": 0.9701962707941648,
        "source_bit_hamming_loss": 0.01888888888888889,
        "source_bit_auroc": {
          "visual": 0.9996584027782714,
          "language": 0.9985926580764108,
          "alignment": 0.9985843274297425
        },
        "six_way_macro_f1": 0.7732787782276901,
        "six_way_balanced_accuracy": 0.8392636960978838,
        "six_way_confusion_matrix": [
          [
            424,
            0,
            0,
            1,
            1,
            0
          ],
          [
            0,
            605,
            0,
            4,
            1,
            0
          ],
          [
            0,
            0,
            89,
            8,
            0,
            0
          ],
          [
            22,
            0,
            9,
            410,
            0,
            0
          ],
          [
            2,
            1,
            2,
            0,
            78,
            18
          ],
          [
            8,
            4,
            6,
            0,
            396,
            311
          ]
        ],
        "six_way_labels": [
          "visual",
          "language-prior",
          "alignment",
          "mixed",
          "unclear",
          "no-failure"
        ],
        "signature_mse": 0.010912254968658044
      },
      "prediction_sets": {
        "coverage": 0.9433333333333334,
        "average_set_size": 2.935416666666667,
        "singleton_rate": 0.23416666666666666,
        "empty_set_rate": 0.041666666666666664
      },
      "action_counts": {
        "blank": 2122,
        "crop": 1590,
        "brightness": 1086,
        "grounding": 1895,
        "stop": 2400,
        "blur": 1738,
        "noise": 672
      }
    },
    "oracle_best_subset|4|0.95": {
      "row_count": 2400,
      "mean_acquisition_cost": 3.7929166666666667,
      "diagnostic": {
        "record_count": 2400,
        "source_bit_micro_f1": 0.9682094436652642,
        "source_bit_macro_f1": 0.9701962707941648,
        "source_bit_hamming_loss": 0.01888888888888889,
        "source_bit_auroc": {
          "visual": 0.9996584027782714,
          "language": 0.9985926580764108,
          "alignment": 0.9985843274297425
        },
        "six_way_macro_f1": 0.7732787782276901,
        "six_way_balanced_accuracy": 0.8392636960978838,
        "six_way_confusion_matrix": [
          [
            424,
            0,
            0,
            1,
            1,
            0
          ],
          [
            0,
            605,
            0,
            4,
            1,
            0
          ],
          [
            0,
            0,
            89,
            8,
            0,
            0
          ],
          [
            22,
            0,
            9,
            410,
            0,
            0
          ],
          [
            2,
            1,
            2,
            0,
            78,
            18
          ],
          [
            8,
            4,
            6,
            0,
            396,
            311
          ]
        ],
        "six_way_labels": [
          "visual",
          "language-prior",
          "alignment",
          "mixed",
          "unclear",
          "no-failure"
        ],
        "signature_mse": 0.010912254968658044
      },
      "prediction_sets": {
        "coverage": 0.9929166666666667,
        "average_set_size": 3.59875,
        "singleton_rate": 0.16875,
        "empty_set_rate": 0.0
      },
      "action_counts": {
        "blank": 2122,
        "crop": 1590,
        "brightness": 1086,
        "grounding": 1895,
        "stop": 2400,
        "blur": 1738,
        "noise": 672
      }
    },
    "oracle_best_subset|7|0.9": {
      "row_count": 2400,
      "mean_acquisition_cost": 4.6375,
      "diagnostic": {
        "record_count": 2400,
        "source_bit_micro_f1": 0.9700794763908368,
        "source_bit_macro_f1": 0.971743384824292,
        "source_bit_hamming_loss": 0.017777777777777778,
        "source_bit_auroc": {
          "visual": 0.9997871434653043,
          "language": 0.9992664579979142,
          "alignment": 0.9998513429449649
        },
        "six_way_macro_f1": 0.7697490548447784,
        "six_way_balanced_accuracy": 0.8296433900166426,
        "six_way_confusion_matrix": [
          [
            424,
            0,
            0,
            1,
            1,
            0
          ],
          [
            0,
            608,
            0,
            2,
            0,
            0
          ],
          [
            0,
            0,
            82,
            15,
            0,
            0
          ],
          [
            17,
            0,
            3,
            421,
            0,
            0
          ],
          [
            4,
            1,
            3,
            0,
            77,
            16
          ],
          [
            10,
            0,
            8,
            0,
            400,
            307
          ]
        ],
        "six_way_labels": [
          "visual",
          "language-prior",
          "alignment",
          "mixed",
          "unclear",
          "no-failure"
        ],
        "signature_mse": 0.009407143417866621
      },
      "prediction_sets": {
        "coverage": 0.9895833333333334,
        "average_set_size": 2.9879166666666666,
        "singleton_rate": 0.25583333333333336,
        "empty_set_rate": 0.0
      },
      "action_counts": {
        "blank": 2203,
        "blur": 1934,
        "crop": 1826,
        "noise": 1429,
        "grounding": 2118,
        "stop": 2400,
        "brightness": 1620
      }
    },
    "oracle_best_subset|7|0.95": {
      "row_count": 2400,
      "mean_acquisition_cost": 4.6375,
      "diagnostic": {
        "record_count": 2400,
        "source_bit_micro_f1": 0.9700794763908368,
        "source_bit_macro_f1": 0.971743384824292,
        "source_bit_hamming_loss": 0.017777777777777778,
        "source_bit_auroc": {
          "visual": 0.9997871434653043,
          "language": 0.9992664579979142,
          "alignment": 0.9998513429449649
        },
        "six_way_macro_f1": 0.7697490548447784,
        "six_way_balanced_accuracy": 0.8296433900166426,
        "six_way_confusion_matrix": [
          [
            424,
            0,
            0,
            1,
            1,
            0
          ],
          [
            0,
            608,
            0,
            2,
            0,
            0
          ],
          [
            0,
            0,
            82,
            15,
            0,
            0
          ],
          [
            17,
            0,
            3,
            421,
            0,
            0
          ],
          [
            4,
            1,
            3,
            0,
            77,
            16
          ],
          [
            10,
            0,
            8,
            0,
            400,
            307
          ]
        ],
        "six_way_labels": [
          "visual",
          "language-prior",
          "alignment",
          "mixed",
          "unclear",
          "no-failure"
        ],
        "signature_mse": 0.009407143417866621
      },
      "prediction_sets": {
        "coverage": 0.9895833333333334,
        "average_set_size": 2.9879166666666666,
        "singleton_rate": 0.25583333333333336,
        "empty_set_rate": 0.0
      },
      "action_counts": {
        "blank": 2203,
        "blur": 1934,
        "crop": 1826,
        "noise": 1429,
        "grounding": 2118,
        "stop": 2400,
        "brightness": 1620
      }
    },
    "oracle_next|1|0.9": {
      "row_count": 2400,
      "mean_acquisition_cost": 0.9979166666666667,
      "diagnostic": {
        "record_count": 2400,
        "source_bit_micro_f1": 0.7649712879409352,
        "source_bit_macro_f1": 0.7608257651879354,
        "source_bit_hamming_loss": 0.15916666666666668,
        "source_bit_auroc": {
          "visual": 0.9662675705368645,
          "language": 0.938272062410056,
          "alignment": 0.946566936841335
        },
        "six_way_macro_f1": 0.5780108583214113,
        "six_way_balanced_accuracy": 0.6676266663949542,
        "six_way_confusion_matrix": [
          [
            373,
            0,
            0,
            52,
            1,
            0
          ],
          [
            0,
            532,
            0,
            77,
            1,
            0
          ],
          [
            0,
            0,
            75,
            22,
            0,
            0
          ],
          [
            117,
            40,
            32,
            252,
            0,
            0
          ],
          [
            10,
            1,
            16,
            0,
            63,
            11
          ],
          [
            145,
            51,
            35,
            1,
            283,
            210
          ]
        ],
        "six_way_labels": [
          "visual",
          "language-prior",
          "alignment",
          "mixed",
          "unclear",
          "no-failure"
        ],
        "signature_mse": 0.047157320522100914
      },
      "prediction_sets": {
        "coverage": 0.9154166666666667,
        "average_set_size": 3.18625,
        "singleton_rate": 0.19,
        "empty_set_rate": 0.029166666666666667
      },
      "action_counts": {
        "blank": 1101,
        "stop": 2400,
        "grounding": 414,
        "brightness": 154,
        "blur": 567,
        "crop": 116,
        "noise": 43
      }
    },
    "oracle_next|1|0.95": {
      "row_count": 2400,
      "mean_acquisition_cost": 0.9979166666666667,
      "diagnostic": {
        "record_count": 2400,
        "source_bit_micro_f1": 0.7649712879409352,
        "source_bit_macro_f1": 0.7608257651879354,
        "source_bit_hamming_loss": 0.15916666666666668,
        "source_bit_auroc": {
          "visual": 0.9662675705368645,
          "language": 0.938272062410056,
          "alignment": 0.946566936841335
        },
        "six_way_macro_f1": 0.5780108583214113,
        "six_way_balanced_accuracy": 0.6676266663949542,
        "six_way_confusion_matrix": [
          [
            373,
            0,
            0,
            52,
            1,
            0
          ],
          [
            0,
            532,
            0,
            77,
            1,
            0
          ],
          [
            0,
            0,
            75,
            22,
            0,
            0
          ],
          [
            117,
            40,
            32,
            252,
            0,
            0
          ],
          [
            10,
            1,
            16,
            0,
            63,
            11
          ],
          [
            145,
            51,
            35,
            1,
            283,
            210
          ]
        ],
        "six_way_labels": [
          "visual",
          "language-prior",
          "alignment",
          "mixed",
          "unclear",
          "no-failure"
        ],
        "signature_mse": 0.047157320522100914
      },
      "prediction_sets": {
        "coverage": 0.9816666666666667,
        "average_set_size": 3.7408333333333332,
        "singleton_rate": 0.0875,
        "empty_set_rate": 0.004166666666666667
      },
      "action_counts": {
        "blank": 1101,
        "stop": 2400,
        "grounding": 414,
        "brightness": 154,
        "blur": 567,
        "crop": 116,
        "noise": 43
      }
    },
    "oracle_next|2|0.9": {
      "row_count": 2400,
      "mean_acquisition_cost": 1.9708333333333334,
      "diagnostic": {
        "record_count": 2400,
        "source_bit_micro_f1": 0.881824161368121,
        "source_bit_macro_f1": 0.8878189226837598,
        "source_bit_hamming_loss": 0.07486111111111111,
        "source_bit_auroc": {
          "visual": 0.9952231676369607,
          "language": 0.9829946814423705,
          "alignment": 0.9964173649736534
        },
        "six_way_macro_f1": 0.73235770794119,
        "six_way_balanced_accuracy": 0.8039027743816233,
        "six_way_confusion_matrix": [
          [
            409,
            0,
            0,
            16,
            1,
            0
          ],
          [
            0,
            586,
            0,
            24,
            0,
            0
          ],
          [
            0,
            0,
            90,
            7,
            0,
            0
          ],
          [
            63,
            5,
            0,
            373,
            0,
            0
          ],
          [
            7,
            2,
            2,
            0,
            76,
            14
          ],
          [
            31,
            69,
            11,
            0,
            341,
            273
          ]
        ],
        "six_way_labels": [
          "visual",
          "language-prior",
          "alignment",
          "mixed",
          "unclear",
          "no-failure"
        ],
        "signature_mse": 0.02872103450067806
      },
      "prediction_sets": {
        "coverage": 0.9175,
        "average_set_size": 2.8220833333333335,
        "singleton_rate": 0.28708333333333336,
        "empty_set_rate": 0.04125
      },
      "action_counts": {
        "blank": 1512,
        "crop": 567,
        "stop": 2400,
        "blur": 999,
        "grounding": 1116,
        "brightness": 339,
        "noise": 197
      }
    },
    "oracle_next|2|0.95": {
      "row_count": 2400,
      "mean_acquisition_cost": 1.9708333333333334,
      "diagnostic": {
        "record_count": 2400,
        "source_bit_micro_f1": 0.881824161368121,
        "source_bit_macro_f1": 0.8878189226837598,
        "source_bit_hamming_loss": 0.07486111111111111,
        "source_bit_auroc": {
          "visual": 0.9952231676369607,
          "language": 0.9829946814423705,
          "alignment": 0.9964173649736534
        },
        "six_way_macro_f1": 0.73235770794119,
        "six_way_balanced_accuracy": 0.8039027743816233,
        "six_way_confusion_matrix": [
          [
            409,
            0,
            0,
            16,
            1,
            0
          ],
          [
            0,
            586,
            0,
            24,
            0,
            0
          ],
          [
            0,
            0,
            90,
            7,
            0,
            0
          ],
          [
            63,
            5,
            0,
            373,
            0,
            0
          ],
          [
            7,
            2,
            2,
            0,
            76,
            14
          ],
          [
            31,
            69,
            11,
            0,
            341,
            273
          ]
        ],
        "six_way_labels": [
          "visual",
          "language-prior",
          "alignment",
          "mixed",
          "unclear",
          "no-failure"
        ],
        "signature_mse": 0.02872103450067806
      },
      "prediction_sets": {
        "coverage": 0.9958333333333333,
        "average_set_size": 4.761666666666667,
        "singleton_rate": 0.050833333333333335,
        "empty_set_rate": 0.0
      },
      "action_counts": {
        "blank": 1512,
        "crop": 567,
        "stop": 2400,
        "blur": 999,
        "grounding": 1116,
        "brightness": 339,
        "noise": 197
      }
    },
    "oracle_next|3|0.9": {
      "row_count": 2400,
      "mean_acquisition_cost": 2.88625,
      "diagnostic": {
        "record_count": 2400,
        "source_bit_micro_f1": 0.9272563987427032,
        "source_bit_macro_f1": 0.9332680923319177,
        "source_bit_hamming_loss": 0.045,
        "source_bit_auroc": {
          "visual": 0.9998594120104792,
          "language": 0.9966060448398345,
          "alignment": 0.9982115412763466
        },
        "six_way_macro_f1": 0.7718768912149606,
        "six_way_balanced_accuracy": 0.8345355684904344,
        "six_way_confusion_matrix": [
          [
            423,
            0,
            0,
            2,
            1,
            0
          ],
          [
            0,
            604,
            0,
            6,
            0,
            0
          ],
          [
            0,
            0,
            85,
            12,
            0,
            0
          ],
          [
            26,
            0,
            0,
            415,
            0,
            0
          ],
          [
            5,
            2,
            2,
            0,
            78,
            14
          ],
          [
            45,
            26,
            6,
            0,
            333,
            315
          ]
        ],
        "six_way_labels": [
          "visual",
          "language-prior",
          "alignment",
          "mixed",
          "unclear",
          "no-failure"
        ],
        "signature_mse": 0.0175327669089108
      },
      "prediction_sets": {
        "coverage": 0.9429166666666666,
        "average_set_size": 2.890833333333333,
        "singleton_rate": 0.24458333333333335,
        "empty_set_rate": 0.042916666666666665
      },
      "action_counts": {
        "blank": 1856,
        "grounding": 1587,
        "crop": 1206,
        "stop": 2400,
        "blur": 1384,
        "brightness": 562,
        "noise": 332
      }
    },
    "oracle_next|3|0.95": {
      "row_count": 2400,
      "mean_acquisition_cost": 2.88625,
      "diagnostic": {
        "record_count": 2400,
        "source_bit_micro_f1": 0.9272563987427032,
        "source_bit_macro_f1": 0.9332680923319177,
        "source_bit_hamming_loss": 0.045,
        "source_bit_auroc": {
          "visual": 0.9998594120104792,
          "language": 0.9966060448398345,
          "alignment": 0.9982115412763466
        },
        "six_way_macro_f1": 0.7718768912149606,
        "six_way_balanced_accuracy": 0.8345355684904344,
        "six_way_confusion_matrix": [
          [
            423,
            0,
            0,
            2,
            1,
            0
          ],
          [
            0,
            604,
            0,
            6,
            0,
            0
          ],
          [
            0,
            0,
            85,
            12,
            0,
            0
          ],
          [
            26,
            0,
            0,
            415,
            0,
            0
          ],
          [
            5,
            2,
            2,
            0,
            78,
            14
          ],
          [
            45,
            26,
            6,
            0,
            333,
            315
          ]
        ],
        "six_way_labels": [
          "visual",
          "language-prior",
          "alignment",
          "mixed",
          "unclear",
          "no-failure"
        ],
        "signature_mse": 0.0175327669089108
      },
      "prediction_sets": {
        "coverage": 0.9995833333333334,
        "average_set_size": 4.427083333333333,
        "singleton_rate": 0.09166666666666666,
        "empty_set_rate": 0.0
      },
      "action_counts": {
        "blank": 1856,
        "grounding": 1587,
        "crop": 1206,
        "stop": 2400,
        "blur": 1384,
        "brightness": 562,
        "noise": 332
      }
    },
    "oracle_next|4|0.9": {
      "row_count": 2400,
      "mean_acquisition_cost": 3.4916666666666667,
      "diagnostic": {
        "record_count": 2400,
        "source_bit_micro_f1": 0.9287003610108303,
        "source_bit_macro_f1": 0.9343608355978231,
        "source_bit_hamming_loss": 0.04388888888888889,
        "source_bit_auroc": {
          "visual": 0.9956528298071812,
          "language": 0.9970771754246792,
          "alignment": 0.9980388703893442
        },
        "six_way_macro_f1": 0.7746237118863372,
        "six_way_balanced_accuracy": 0.8389172302074467,
        "six_way_confusion_matrix": [
          [
            411,
            3,
            1,
            4,
            7,
            0
          ],
          [
            0,
            600,
            1,
            6,
            1,
            2
          ],
          [
            0,
            0,
            87,
            10,
            0,
            0
          ],
          [
            13,
            4,
            4,
            418,
            1,
            1
          ],
          [
            5,
            1,
            1,
            0,
            80,
            14
          ],
          [
            19,
            34,
            5,
            0,
            342,
            325
          ]
        ],
        "six_way_labels": [
          "visual",
          "language-prior",
          "alignment",
          "mixed",
          "unclear",
          "no-failure"
        ],
        "signature_mse": 0.018367477334820175
      },
      "prediction_sets": {
        "coverage": 0.9575,
        "average_set_size": 3.12625,
        "singleton_rate": 0.19916666666666666,
        "empty_set_rate": 0.034166666666666665
      },
      "action_counts": {
        "blank": 1897,
        "grounding": 1744,
        "blur": 1575,
        "crop": 1388,
        "stop": 2400,
        "noise": 762,
        "brightness": 1014
      }
    },
    "oracle_next|4|0.95": {
      "row_count": 2400,
      "mean_acquisition_cost": 3.4916666666666667,
      "diagnostic": {
        "record_count": 2400,
        "source_bit_micro_f1": 0.9287003610108303,
        "source_bit_macro_f1": 0.9343608355978231,
        "source_bit_hamming_loss": 0.04388888888888889,
        "source_bit_auroc": {
          "visual": 0.9956528298071812,
          "language": 0.9970771754246792,
          "alignment": 0.9980388703893442
        },
        "six_way_macro_f1": 0.7746237118863372,
        "six_way_balanced_accuracy": 0.8389172302074467,
        "six_way_confusion_matrix": [
          [
            411,
            3,
            1,
            4,
            7,
            0
          ],
          [
            0,
            600,
            1,
            6,
            1,
            2
          ],
          [
            0,
            0,
            87,
            10,
            0,
            0
          ],
          [
            13,
            4,
            4,
            418,
            1,
            1
          ],
          [
            5,
            1,
            1,
            0,
            80,
            14
          ],
          [
            19,
            34,
            5,
            0,
            342,
            325
          ]
        ],
        "six_way_labels": [
          "visual",
          "language-prior",
          "alignment",
          "mixed",
          "unclear",
          "no-failure"
        ],
        "signature_mse": 0.018367477334820175
      },
      "prediction_sets": {
        "coverage": 0.9958333333333333,
        "average_set_size": 3.8404166666666666,
        "singleton_rate": 0.15083333333333335,
        "empty_set_rate": 0.0
      },
      "action_counts": {
        "blank": 1897,
        "grounding": 1744,
        "blur": 1575,
        "crop": 1388,
        "stop": 2400,
        "noise": 762,
        "brightness": 1014
      }
    },
    "oracle_next|7|0.9": {
      "row_count": 2400,
      "mean_acquisition_cost": 3.11375,
      "diagnostic": {
        "record_count": 2400,
        "source_bit_micro_f1": 0.8606271777003485,
        "source_bit_macro_f1": 0.8715541333814943,
        "source_bit_hamming_loss": 0.08888888888888889,
        "source_bit_auroc": {
          "visual": 0.9810064046517248,
          "language": 0.9813423213655075,
          "alignment": 0.9944373673521663
        },
        "six_way_macro_f1": 0.6871594899610908,
        "six_way_balanced_accuracy": 0.7657671885606158,
        "six_way_confusion_matrix": [
          [
            366,
            6,
            7,
            12,
            25,
            10
          ],
          [
            3,
            561,
            6,
            13,
            9,
            18
          ],
          [
            0,
            0,
            81,
            15,
            1,
            0
          ],
          [
            40,
            10,
            22,
            361,
            2,
            6
          ],
          [
            4,
            1,
            5,
            0,
            76,
            15
          ],
          [
            27,
            49,
            20,
            1,
            331,
            297
          ]
        ],
        "six_way_labels": [
          "visual",
          "language-prior",
          "alignment",
          "mixed",
          "unclear",
          "no-failure"
        ],
        "signature_mse": 0.03051698204853229
      },
      "prediction_sets": {
        "coverage": 0.97375,
        "average_set_size": 3.4170833333333333,
        "singleton_rate": 0.18291666666666667,
        "empty_set_rate": 0.0
      },
      "action_counts": {
        "blur": 1366,
        "crop": 1194,
        "blank": 1549,
        "stop": 2400,
        "noise": 902,
        "grounding": 1415,
        "brightness": 1047
      }
    },
    "oracle_next|7|0.95": {
      "row_count": 2400,
      "mean_acquisition_cost": 3.11375,
      "diagnostic": {
        "record_count": 2400,
        "source_bit_micro_f1": 0.8606271777003485,
        "source_bit_macro_f1": 0.8715541333814943,
        "source_bit_hamming_loss": 0.08888888888888889,
        "source_bit_auroc": {
          "visual": 0.9810064046517248,
          "language": 0.9813423213655075,
          "alignment": 0.9944373673521663
        },
        "six_way_macro_f1": 0.6871594899610908,
        "six_way_balanced_accuracy": 0.7657671885606158,
        "six_way_confusion_matrix": [
          [
            366,
            6,
            7,
            12,
            25,
            10
          ],
          [
            3,
            561,
            6,
            13,
            9,
            18
          ],
          [
            0,
            0,
            81,
            15,
            1,
            0
          ],
          [
            40,
            10,
            22,
            361,
            2,
            6
          ],
          [
            4,
            1,
            5,
            0,
            76,
            15
          ],
          [
            27,
            49,
            20,
            1,
            331,
            297
          ]
        ],
        "six_way_labels": [
          "visual",
          "language-prior",
          "alignment",
          "mixed",
          "unclear",
          "no-failure"
        ],
        "signature_mse": 0.03051698204853229
      },
      "prediction_sets": {
        "coverage": 0.97375,
        "average_set_size": 3.4170833333333333,
        "singleton_rate": 0.18291666666666667,
        "empty_set_rate": 0.0
      },
      "action_counts": {
        "blur": 1366,
        "crop": 1194,
        "blank": 1549,
        "stop": 2400,
        "noise": 902,
        "grounding": 1415,
        "brightness": 1047
      }
    },
    "proactive|1|0.9": {
      "row_count": 2400,
      "mean_acquisition_cost": 1.0,
      "diagnostic": {
        "record_count": 2400,
        "source_bit_micro_f1": 0.6855486173059768,
        "source_bit_macro_f1": 0.6658520995960339,
        "source_bit_hamming_loss": 0.19583333333333333,
        "source_bit_auroc": {
          "visual": 0.7372663218311823,
          "language": 0.9761946714601495,
          "alignment": 0.8977879830210773
        },
        "six_way_macro_f1": 0.37415966056406363,
        "six_way_balanced_accuracy": 0.4461046744978443,
        "six_way_confusion_matrix": [
          [
            135,
            5,
            63,
            5,
            179,
            39
          ],
          [
            37,
            516,
            5,
            18,
            34,
            0
          ],
          [
            5,
            0,
            55,
            24,
            11,
            2
          ],
          [
            52,
            85,
            121,
            151,
            27,
            5
          ],
          [
            16,
            2,
            23,
            1,
            46,
            13
          ],
          [
            123,
            3,
            124,
            0,
            367,
            108
          ]
        ],
        "six_way_labels": [
          "visual",
          "language-prior",
          "alignment",
          "mixed",
          "unclear",
          "no-failure"
        ],
        "signature_mse": 0.03700692571646377
      },
      "prediction_sets": {
        "coverage": 0.9466666666666667,
        "average_set_size": 3.9466666666666668,
        "singleton_rate": 0.06458333333333334,
        "empty_set_rate": 0.013333333333333334
      },
      "action_counts": {
        "blank": 1817,
        "stop": 2400,
        "grounding": 232,
        "blur": 323,
        "crop": 28
      }
    },
    "proactive|1|0.95": {
      "row_count": 2400,
      "mean_acquisition_cost": 1.0,
      "diagnostic": {
        "record_count": 2400,
        "source_bit_micro_f1": 0.6855486173059768,
        "source_bit_macro_f1": 0.6658520995960339,
        "source_bit_hamming_loss": 0.19583333333333333,
        "source_bit_auroc": {
          "visual": 0.7372663218311823,
          "language": 0.9761946714601495,
          "alignment": 0.8977879830210773
        },
        "six_way_macro_f1": 0.37415966056406363,
        "six_way_balanced_accuracy": 0.4461046744978443,
        "six_way_confusion_matrix": [
          [
            135,
            5,
            63,
            5,
            179,
            39
          ],
          [
            37,
            516,
            5,
            18,
            34,
            0
          ],
          [
            5,
            0,
            55,
            24,
            11,
            2
          ],
          [
            52,
            85,
            121,
            151,
            27,
            5
          ],
          [
            16,
            2,
            23,
            1,
            46,
            13
          ],
          [
            123,
            3,
            124,
            0,
            367,
            108
          ]
        ],
        "six_way_labels": [
          "visual",
          "language-prior",
          "alignment",
          "mixed",
          "unclear",
          "no-failure"
        ],
        "signature_mse": 0.03700692571646377
      },
      "prediction_sets": {
        "coverage": 0.9779166666666667,
        "average_set_size": 4.275833333333333,
        "singleton_rate": 0.0275,
        "empty_set_rate": 0.002916666666666667
      },
      "action_counts": {
        "blank": 1817,
        "stop": 2400,
        "grounding": 232,
        "blur": 323,
        "crop": 28
      }
    },
    "proactive|2|0.9": {
      "row_count": 2400,
      "mean_acquisition_cost": 1.9908333333333332,
      "diagnostic": {
        "record_count": 2400,
        "source_bit_micro_f1": 0.8260211800302572,
        "source_bit_macro_f1": 0.8191021265955643,
        "source_bit_hamming_loss": 0.09583333333333334,
        "source_bit_auroc": {
          "visual": 0.8263947631763724,
          "language": 0.9951903843986961,
          "alignment": 0.9631890826258782
        },
        "six_way_macro_f1": 0.48906339401222226,
        "six_way_balanced_accuracy": 0.5780119603850276,
        "six_way_confusion_matrix": [
          [
            184,
            1,
            7,
            3,
            213,
            18
          ],
          [
            13,
            550,
            0,
            37,
            3,
            7
          ],
          [
            0,
            0,
            72,
            14,
            8,
            3
          ],
          [
            29,
            74,
            101,
            226,
            7,
            4
          ],
          [
            8,
            0,
            4,
            0,
            72,
            17
          ],
          [
            27,
            3,
            31,
            1,
            542,
            121
          ]
        ],
        "six_way_labels": [
          "visual",
          "language-prior",
          "alignment",
          "mixed",
          "unclear",
          "no-failure"
        ],
        "signature_mse": 0.014998117036211869
      },
      "prediction_sets": {
        "coverage": 0.9666666666666667,
        "average_set_size": 3.6733333333333333,
        "singleton_rate": 0.07833333333333334,
        "empty_set_rate": 0.011666666666666667
      },
      "action_counts": {
        "blank": 2142,
        "blur": 1173,
        "stop": 2400,
        "grounding": 1161,
        "noise": 36,
        "brightness": 33,
        "crop": 233
      }
    },
    "proactive|2|0.95": {
      "row_count": 2400,
      "mean_acquisition_cost": 1.9908333333333332,
      "diagnostic": {
        "record_count": 2400,
        "source_bit_micro_f1": 0.8260211800302572,
        "source_bit_macro_f1": 0.8191021265955643,
        "source_bit_hamming_loss": 0.09583333333333334,
        "source_bit_auroc": {
          "visual": 0.8263947631763724,
          "language": 0.9951903843986961,
          "alignment": 0.9631890826258782
        },
        "six_way_macro_f1": 0.48906339401222226,
        "six_way_balanced_accuracy": 0.5780119603850276,
        "six_way_confusion_matrix": [
          [
            184,
            1,
            7,
            3,
            213,
            18
          ],
          [
            13,
            550,
            0,
            37,
            3,
            7
          ],
          [
            0,
            0,
            72,
            14,
            8,
            3
          ],
          [
            29,
            74,
            101,
            226,
            7,
            4
          ],
          [
            8,
            0,
            4,
            0,
            72,
            17
          ],
          [
            27,
            3,
            31,
            1,
            542,
            121
          ]
        ],
        "six_way_labels": [
          "visual",
          "language-prior",
          "alignment",
          "mixed",
          "unclear",
          "no-failure"
        ],
        "signature_mse": 0.014998117036211869
      },
      "prediction_sets": {
        "coverage": 0.9979166666666667,
        "average_set_size": 5.087916666666667,
        "singleton_rate": 0.011666666666666667,
        "empty_set_rate": 0.0
      },
      "action_counts": {
        "blank": 2142,
        "blur": 1173,
        "stop": 2400,
        "grounding": 1161,
        "noise": 36,
        "brightness": 33,
        "crop": 233
      }
    },
    "proactive|3|0.9": {
      "row_count": 2400,
      "mean_acquisition_cost": 2.986666666666667,
      "diagnostic": {
        "record_count": 2400,
        "source_bit_micro_f1": 0.916234247590808,
        "source_bit_macro_f1": 0.9184379993726685,
        "source_bit_hamming_loss": 0.04708333333333333,
        "source_bit_auroc": {
          "visual": 0.9119157009140588,
          "language": 0.9983846951376752,
          "alignment": 0.9791525633050351
        },
        "six_way_macro_f1": 0.6379170014594523,
        "six_way_balanced_accuracy": 0.7058095678491935,
        "six_way_confusion_matrix": [
          [
            329,
            1,
            0,
            0,
            69,
            27
          ],
          [
            1,
            593,
            0,
            6,
            4,
            6
          ],
          [
            0,
            0,
            82,
            9,
            2,
            4
          ],
          [
            22,
            56,
            61,
            299,
            1,
            2
          ],
          [
            7,
            0,
            2,
            0,
            68,
            24
          ],
          [
            7,
            3,
            8,
            0,
            494,
            213
          ]
        ],
        "six_way_labels": [
          "visual",
          "language-prior",
          "alignment",
          "mixed",
          "unclear",
          "no-failure"
        ],
        "signature_mse": 0.010385864862638306
      },
      "prediction_sets": {
        "coverage": 0.9729166666666667,
        "average_set_size": 3.4275,
        "singleton_rate": 0.09208333333333334,
        "empty_set_rate": 0.015
      },
      "action_counts": {
        "blank": 2268,
        "blur": 2035,
        "crop": 964,
        "stop": 2400,
        "grounding": 1727,
        "noise": 45,
        "brightness": 129
      }
    },
    "proactive|3|0.95": {
      "row_count": 2400,
      "mean_acquisition_cost": 2.986666666666667,
      "diagnostic": {
        "record_count": 2400,
        "source_bit_micro_f1": 0.916234247590808,
        "source_bit_macro_f1": 0.9184379993726685,
        "source_bit_hamming_loss": 0.04708333333333333,
        "source_bit_auroc": {
          "visual": 0.9119157009140588,
          "language": 0.9983846951376752,
          "alignment": 0.9791525633050351
        },
        "six_way_macro_f1": 0.6379170014594523,
        "six_way_balanced_accuracy": 0.7058095678491935,
        "six_way_confusion_matrix": [
          [
            329,
            1,
            0,
            0,
            69,
            27
          ],
          [
            1,
            593,
            0,
            6,
            4,
            6
          ],
          [
            0,
            0,
            82,
            9,
            2,
            4
          ],
          [
            22,
            56,
            61,
            299,
            1,
            2
          ],
          [
            7,
            0,
            2,
            0,
            68,
            24
          ],
          [
            7,
            3,
            8,
            0,
            494,
            213
          ]
        ],
        "six_way_labels": [
          "visual",
          "language-prior",
          "alignment",
          "mixed",
          "unclear",
          "no-failure"
        ],
        "signature_mse": 0.010385864862638306
      },
      "prediction_sets": {
        "coverage": 0.9979166666666667,
        "average_set_size": 4.837083333333333,
        "singleton_rate": 0.034166666666666665,
        "empty_set_rate": 0.0
      },
      "action_counts": {
        "blank": 2268,
        "blur": 2035,
        "crop": 964,
        "stop": 2400,
        "grounding": 1727,
        "noise": 45,
        "brightness": 129
      }
    },
    "proactive|4|0.9": {
      "row_count": 2400,
      "mean_acquisition_cost": 3.9704166666666665,
      "diagnostic": {
        "record_count": 2400,
        "source_bit_micro_f1": 0.9602535966837357,
        "source_bit_macro_f1": 0.9625353395321646,
        "source_bit_hamming_loss": 0.02263888888888889,
        "source_bit_auroc": {
          "visual": 0.9555264111914359,
          "language": 0.9995523125100673,
          "alignment": 0.9922664025907495
        },
        "six_way_macro_f1": 0.7193148580566034,
        "six_way_balanced_accuracy": 0.7713076344848497,
        "six_way_confusion_matrix": [
          [
            369,
            1,
            0,
            0,
            40,
            16
          ],
          [
            0,
            603,
            0,
            4,
            3,
            0
          ],
          [
            0,
            0,
            90,
            5,
            0,
            2
          ],
          [
            10,
            25,
            28,
            378,
            0,
            0
          ],
          [
            0,
            0,
            0,
            0,
            64,
            37
          ],
          [
            1,
            3,
            2,
            0,
            462,
            257
          ]
        ],
        "six_way_labels": [
          "visual",
          "language-prior",
          "alignment",
          "mixed",
          "unclear",
          "no-failure"
        ],
        "signature_mse": 0.007435286828815595
      },
      "prediction_sets": {
        "coverage": 0.9808333333333333,
        "average_set_size": 4.102083333333334,
        "singleton_rate": 0.07083333333333333,
        "empty_set_rate": 0.016666666666666666
      },
      "action_counts": {
        "blank": 2342,
        "grounding": 2069,
        "blur": 2348,
        "crop": 2039,
        "stop": 2400,
        "brightness": 601,
        "noise": 130
      }
    },
    "proactive|4|0.95": {
      "row_count": 2400,
      "mean_acquisition_cost": 3.9704166666666665,
      "diagnostic": {
        "record_count": 2400,
        "source_bit_micro_f1": 0.9602535966837357,
        "source_bit_macro_f1": 0.9625353395321646,
        "source_bit_hamming_loss": 0.02263888888888889,
        "source_bit_auroc": {
          "visual": 0.9555264111914359,
          "language": 0.9995523125100673,
          "alignment": 0.9922664025907495
        },
        "six_way_macro_f1": 0.7193148580566034,
        "six_way_balanced_accuracy": 0.7713076344848497,
        "six_way_confusion_matrix": [
          [
            369,
            1,
            0,
            0,
            40,
            16
          ],
          [
            0,
            603,
            0,
            4,
            3,
            0
          ],
          [
            0,
            0,
            90,
            5,
            0,
            2
          ],
          [
            10,
            25,
            28,
            378,
            0,
            0
          ],
          [
            0,
            0,
            0,
            0,
            64,
            37
          ],
          [
            1,
            3,
            2,
            0,
            462,
            257
          ]
        ],
        "six_way_labels": [
          "visual",
          "language-prior",
          "alignment",
          "mixed",
          "unclear",
          "no-failure"
        ],
        "signature_mse": 0.007435286828815595
      },
      "prediction_sets": {
        "coverage": 0.9983333333333333,
        "average_set_size": 4.6275,
        "singleton_rate": 0.05625,
        "empty_set_rate": 0.0
      },
      "action_counts": {
        "blank": 2342,
        "grounding": 2069,
        "blur": 2348,
        "crop": 2039,
        "stop": 2400,
        "brightness": 601,
        "noise": 130
      }
    },
    "proactive|7|0.9": {
      "row_count": 2400,
      "mean_acquisition_cost": 5.5775,
      "diagnostic": {
        "record_count": 2400,
        "source_bit_micro_f1": 0.9875598086124402,
        "source_bit_macro_f1": 0.9882439872026612,
        "source_bit_hamming_loss": 0.007222222222222222,
        "source_bit_auroc": {
          "visual": 0.9957349711044292,
          "language": 0.9992309152411122,
          "alignment": 0.9966312024297423
        },
        "six_way_macro_f1": 0.7456325201087722,
        "six_way_balanced_accuracy": 0.7998513547857166,
        "six_way_confusion_matrix": [
          [
            420,
            0,
            0,
            1,
            4,
            1
          ],
          [
            0,
            607,
            0,
            0,
            3,
            0
          ],
          [
            0,
            0,
            91,
            6,
            0,
            0
          ],
          [
            8,
            2,
            24,
            407,
            0,
            0
          ],
          [
            0,
            0,
            0,
            0,
            61,
            40
          ],
          [
            0,
            2,
            2,
            0,
            465,
            256
          ]
        ],
        "six_way_labels": [
          "visual",
          "language-prior",
          "alignment",
          "mixed",
          "unclear",
          "no-failure"
        ],
        "signature_mse": 0.008384422980369644
      },
      "prediction_sets": {
        "coverage": 0.99875,
        "average_set_size": 4.543333333333333,
        "singleton_rate": 0.095,
        "empty_set_rate": 0.0
      },
      "action_counts": {
        "blank": 2318,
        "grounding": 2280,
        "blur": 2385,
        "crop": 2281,
        "brightness": 2191,
        "noise": 1931,
        "stop": 2400
      }
    },
    "proactive|7|0.95": {
      "row_count": 2400,
      "mean_acquisition_cost": 5.5775,
      "diagnostic": {
        "record_count": 2400,
        "source_bit_micro_f1": 0.9875598086124402,
        "source_bit_macro_f1": 0.9882439872026612,
        "source_bit_hamming_loss": 0.007222222222222222,
        "source_bit_auroc": {
          "visual": 0.9957349711044292,
          "language": 0.9992309152411122,
          "alignment": 0.9966312024297423
        },
        "six_way_macro_f1": 0.7456325201087722,
        "six_way_balanced_accuracy": 0.7998513547857166,
        "six_way_confusion_matrix": [
          [
            420,
            0,
            0,
            1,
            4,
            1
          ],
          [
            0,
            607,
            0,
            0,
            3,
            0
          ],
          [
            0,
            0,
            91,
            6,
            0,
            0
          ],
          [
            8,
            2,
            24,
            407,
            0,
            0
          ],
          [
            0,
            0,
            0,
            0,
            61,
            40
          ],
          [
            0,
            2,
            2,
            0,
            465,
            256
          ]
        ],
        "six_way_labels": [
          "visual",
          "language-prior",
          "alignment",
          "mixed",
          "unclear",
          "no-failure"
        ],
        "signature_mse": 0.008384422980369644
      },
      "prediction_sets": {
        "coverage": 0.99875,
        "average_set_size": 4.543333333333333,
        "singleton_rate": 0.095,
        "empty_set_rate": 0.0
      },
      "action_counts": {
        "blank": 2318,
        "grounding": 2280,
        "blur": 2385,
        "crop": 2281,
        "brightness": 2191,
        "noise": 1931,
        "stop": 2400
      }
    },
    "proactive_no_stop|1|0.9": {
      "row_count": 2400,
      "mean_acquisition_cost": 1.0,
      "diagnostic": {
        "record_count": 2400,
        "source_bit_micro_f1": 0.6855486173059768,
        "source_bit_macro_f1": 0.6658520995960339,
        "source_bit_hamming_loss": 0.19583333333333333,
        "source_bit_auroc": {
          "visual": 0.7372663218311823,
          "language": 0.9761946714601495,
          "alignment": 0.8977879830210773
        },
        "six_way_macro_f1": 0.37415966056406363,
        "six_way_balanced_accuracy": 0.4461046744978443,
        "six_way_confusion_matrix": [
          [
            135,
            5,
            63,
            5,
            179,
            39
          ],
          [
            37,
            516,
            5,
            18,
            34,
            0
          ],
          [
            5,
            0,
            55,
            24,
            11,
            2
          ],
          [
            52,
            85,
            121,
            151,
            27,
            5
          ],
          [
            16,
            2,
            23,
            1,
            46,
            13
          ],
          [
            123,
            3,
            124,
            0,
            367,
            108
          ]
        ],
        "six_way_labels": [
          "visual",
          "language-prior",
          "alignment",
          "mixed",
          "unclear",
          "no-failure"
        ],
        "signature_mse": 0.03700692571646377
      },
      "prediction_sets": {
        "coverage": 0.9466666666666667,
        "average_set_size": 3.9466666666666668,
        "singleton_rate": 0.06458333333333334,
        "empty_set_rate": 0.013333333333333334
      },
      "action_counts": {
        "blank": 1817,
        "stop": 2400,
        "grounding": 232,
        "blur": 323,
        "crop": 28
      }
    },
    "proactive_no_stop|1|0.95": {
      "row_count": 2400,
      "mean_acquisition_cost": 1.0,
      "diagnostic": {
        "record_count": 2400,
        "source_bit_micro_f1": 0.6855486173059768,
        "source_bit_macro_f1": 0.6658520995960339,
        "source_bit_hamming_loss": 0.19583333333333333,
        "source_bit_auroc": {
          "visual": 0.7372663218311823,
          "language": 0.9761946714601495,
          "alignment": 0.8977879830210773
        },
        "six_way_macro_f1": 0.37415966056406363,
        "six_way_balanced_accuracy": 0.4461046744978443,
        "six_way_confusion_matrix": [
          [
            135,
            5,
            63,
            5,
            179,
            39
          ],
          [
            37,
            516,
            5,
            18,
            34,
            0
          ],
          [
            5,
            0,
            55,
            24,
            11,
            2
          ],
          [
            52,
            85,
            121,
            151,
            27,
            5
          ],
          [
            16,
            2,
            23,
            1,
            46,
            13
          ],
          [
            123,
            3,
            124,
            0,
            367,
            108
          ]
        ],
        "six_way_labels": [
          "visual",
          "language-prior",
          "alignment",
          "mixed",
          "unclear",
          "no-failure"
        ],
        "signature_mse": 0.03700692571646377
      },
      "prediction_sets": {
        "coverage": 0.9779166666666667,
        "average_set_size": 4.275833333333333,
        "singleton_rate": 0.0275,
        "empty_set_rate": 0.002916666666666667
      },
      "action_counts": {
        "blank": 1817,
        "stop": 2400,
        "grounding": 232,
        "blur": 323,
        "crop": 28
      }
    },
    "proactive_no_stop|2|0.9": {
      "row_count": 2400,
      "mean_acquisition_cost": 2.0,
      "diagnostic": {
        "record_count": 2400,
        "source_bit_micro_f1": 0.8258129568943786,
        "source_bit_macro_f1": 0.8189163441146903,
        "source_bit_hamming_loss": 0.09597222222222222,
        "source_bit_auroc": {
          "visual": 0.8263931835360407,
          "language": 0.9951102241386742,
          "alignment": 0.9632485454478922
        },
        "six_way_macro_f1": 0.48906339401222226,
        "six_way_balanced_accuracy": 0.5780119603850276,
        "six_way_confusion_matrix": [
          [
            184,
            1,
            7,
            3,
            213,
            18
          ],
          [
            13,
            550,
            0,
            37,
            3,
            7
          ],
          [
            0,
            0,
            72,
            14,
            8,
            3
          ],
          [
            29,
            74,
            101,
            226,
            7,
            4
          ],
          [
            8,
            0,
            4,
            0,
            72,
            17
          ],
          [
            27,
            3,
            31,
            1,
            542,
            121
          ]
        ],
        "six_way_labels": [
          "visual",
          "language-prior",
          "alignment",
          "mixed",
          "unclear",
          "no-failure"
        ],
        "signature_mse": 0.01498180830264717
      },
      "prediction_sets": {
        "coverage": 0.9658333333333333,
        "average_set_size": 3.6725,
        "singleton_rate": 0.07791666666666666,
        "empty_set_rate": 0.0125
      },
      "action_counts": {
        "blank": 2142,
        "blur": 1173,
        "stop": 2400,
        "grounding": 1176,
        "noise": 43,
        "brightness": 33,
        "crop": 233
      }
    },
    "proactive_no_stop|2|0.95": {
      "row_count": 2400,
      "mean_acquisition_cost": 2.0,
      "diagnostic": {
        "record_count": 2400,
        "source_bit_micro_f1": 0.8258129568943786,
        "source_bit_macro_f1": 0.8189163441146903,
        "source_bit_hamming_loss": 0.09597222222222222,
        "source_bit_auroc": {
          "visual": 0.8263931835360407,
          "language": 0.9951102241386742,
          "alignment": 0.9632485454478922
        },
        "six_way_macro_f1": 0.48906339401222226,
        "six_way_balanced_accuracy": 0.5780119603850276,
        "six_way_confusion_matrix": [
          [
            184,
            1,
            7,
            3,
            213,
            18
          ],
          [
            13,
            550,
            0,
            37,
            3,
            7
          ],
          [
            0,
            0,
            72,
            14,
            8,
            3
          ],
          [
            29,
            74,
            101,
            226,
            7,
            4
          ],
          [
            8,
            0,
            4,
            0,
            72,
            17
          ],
          [
            27,
            3,
            31,
            1,
            542,
            121
          ]
        ],
        "six_way_labels": [
          "visual",
          "language-prior",
          "alignment",
          "mixed",
          "unclear",
          "no-failure"
        ],
        "signature_mse": 0.01498180830264717
      },
      "prediction_sets": {
        "coverage": 0.9979166666666667,
        "average_set_size": 5.09375,
        "singleton_rate": 0.010833333333333334,
        "empty_set_rate": 0.0
      },
      "action_counts": {
        "blank": 2142,
        "blur": 1173,
        "stop": 2400,
        "grounding": 1176,
        "noise": 43,
        "brightness": 33,
        "crop": 233
      }
    },
    "proactive_no_stop|3|0.9": {
      "row_count": 2400,
      "mean_acquisition_cost": 3.0,
      "diagnostic": {
        "record_count": 2400,
        "source_bit_micro_f1": 0.916501976284585,
        "source_bit_macro_f1": 0.9186389693604667,
        "source_bit_hamming_loss": 0.04694444444444444,
        "source_bit_auroc": {
          "visual": 0.9119026688813224,
          "language": 0.998430068869763,
          "alignment": 0.9791617114314989
        },
        "six_way_macro_f1": 0.6379170014594523,
        "six_way_balanced_accuracy": 0.7058095678491935,
        "six_way_confusion_matrix": [
          [
            329,
            1,
            0,
            0,
            69,
            27
          ],
          [
            1,
            593,
            0,
            6,
            4,
            6
          ],
          [
            0,
            0,
            82,
            9,
            2,
            4
          ],
          [
            22,
            56,
            61,
            299,
            1,
            2
          ],
          [
            7,
            0,
            2,
            0,
            68,
            24
          ],
          [
            7,
            3,
            8,
            0,
            494,
            213
          ]
        ],
        "six_way_labels": [
          "visual",
          "language-prior",
          "alignment",
          "mixed",
          "unclear",
          "no-failure"
        ],
        "signature_mse": 0.010234686336032733
      },
      "prediction_sets": {
        "coverage": 0.9720833333333333,
        "average_set_size": 3.4275,
        "singleton_rate": 0.09041666666666667,
        "empty_set_rate": 0.015833333333333335
      },
      "action_counts": {
        "blank": 2271,
        "blur": 2037,
        "crop": 965,
        "stop": 2400,
        "grounding": 1738,
        "noise": 56,
        "brightness": 133
      }
    },
    "proactive_no_stop|3|0.95": {
      "row_count": 2400,
      "mean_acquisition_cost": 3.0,
      "diagnostic": {
        "record_count": 2400,
        "source_bit_micro_f1": 0.916501976284585,
        "source_bit_macro_f1": 0.9186389693604667,
        "source_bit_hamming_loss": 0.04694444444444444,
        "source_bit_auroc": {
          "visual": 0.9119026688813224,
          "language": 0.998430068869763,
          "alignment": 0.9791617114314989
        },
        "six_way_macro_f1": 0.6379170014594523,
        "six_way_balanced_accuracy": 0.7058095678491935,
        "six_way_confusion_matrix": [
          [
            329,
            1,
            0,
            0,
            69,
            27
          ],
          [
            1,
            593,
            0,
            6,
            4,
            6
          ],
          [
            0,
            0,
            82,
            9,
            2,
            4
          ],
          [
            22,
            56,
            61,
            299,
            1,
            2
          ],
          [
            7,
            0,
            2,
            0,
            68,
            24
          ],
          [
            7,
            3,
            8,
            0,
            494,
            213
          ]
        ],
        "six_way_labels": [
          "visual",
          "language-prior",
          "alignment",
          "mixed",
          "unclear",
          "no-failure"
        ],
        "signature_mse": 0.010234686336032733
      },
      "prediction_sets": {
        "coverage": 0.9975,
        "average_set_size": 4.8375,
        "singleton_rate": 0.035416666666666666,
        "empty_set_rate": 0.0
      },
      "action_counts": {
        "blank": 2271,
        "blur": 2037,
        "crop": 965,
        "stop": 2400,
        "grounding": 1738,
        "noise": 56,
        "brightness": 133
      }
    },
    "proactive_no_stop|4|0.9": {
      "row_count": 2400,
      "mean_acquisition_cost": 4.0,
      "diagnostic": {
        "record_count": 2400,
        "source_bit_micro_f1": 0.9602535966837357,
        "source_bit_macro_f1": 0.9625353395321646,
        "source_bit_hamming_loss": 0.02263888888888889,
        "source_bit_auroc": {
          "visual": 0.9555327297527627,
          "language": 0.9995462626791222,
          "alignment": 0.9922606850117096
        },
        "six_way_macro_f1": 0.7193148580566034,
        "six_way_balanced_accuracy": 0.7713076344848497,
        "six_way_confusion_matrix": [
          [
            369,
            1,
            0,
            0,
            40,
            16
          ],
          [
            0,
            603,
            0,
            4,
            3,
            0
          ],
          [
            0,
            0,
            90,
            5,
            0,
            2
          ],
          [
            10,
            25,
            28,
            378,
            0,
            0
          ],
          [
            0,
            0,
            0,
            0,
            64,
            37
          ],
          [
            1,
            3,
            2,
            0,
            462,
            257
          ]
        ],
        "six_way_labels": [
          "visual",
          "language-prior",
          "alignment",
          "mixed",
          "unclear",
          "no-failure"
        ],
        "signature_mse": 0.0074603431156045515
      },
      "prediction_sets": {
        "coverage": 0.9808333333333333,
        "average_set_size": 4.089583333333334,
        "singleton_rate": 0.07458333333333333,
        "empty_set_rate": 0.016666666666666666
      },
      "action_counts": {
        "blank": 2345,
        "grounding": 2072,
        "blur": 2350,
        "crop": 2052,
        "stop": 2400,
        "brightness": 631,
        "noise": 150
      }
    },
    "proactive_no_stop|4|0.95": {
      "row_count": 2400,
      "mean_acquisition_cost": 4.0,
      "diagnostic": {
        "record_count": 2400,
        "source_bit_micro_f1": 0.9602535966837357,
        "source_bit_macro_f1": 0.9625353395321646,
        "source_bit_hamming_loss": 0.02263888888888889,
        "source_bit_auroc": {
          "visual": 0.9555327297527627,
          "language": 0.9995462626791222,
          "alignment": 0.9922606850117096
        },
        "six_way_macro_f1": 0.7193148580566034,
        "six_way_balanced_accuracy": 0.7713076344848497,
        "six_way_confusion_matrix": [
          [
            369,
            1,
            0,
            0,
            40,
            16
          ],
          [
            0,
            603,
            0,
            4,
            3,
            0
          ],
          [
            0,
            0,
            90,
            5,
            0,
            2
          ],
          [
            10,
            25,
            28,
            378,
            0,
            0
          ],
          [
            0,
            0,
            0,
            0,
            64,
            37
          ],
          [
            1,
            3,
            2,
            0,
            462,
            257
          ]
        ],
        "six_way_labels": [
          "visual",
          "language-prior",
          "alignment",
          "mixed",
          "unclear",
          "no-failure"
        ],
        "signature_mse": 0.0074603431156045515
      },
      "prediction_sets": {
        "coverage": 0.9983333333333333,
        "average_set_size": 4.608333333333333,
        "singleton_rate": 0.059166666666666666,
        "empty_set_rate": 0.0
      },
      "action_counts": {
        "blank": 2345,
        "grounding": 2072,
        "blur": 2350,
        "crop": 2052,
        "stop": 2400,
        "brightness": 631,
        "noise": 150
      }
    },
    "proactive_no_stop|7|0.9": {
      "row_count": 2400,
      "mean_acquisition_cost": 6.0,
      "diagnostic": {
        "record_count": 2400,
        "source_bit_micro_f1": 0.9945146673026473,
        "source_bit_macro_f1": 0.9945310972449599,
        "source_bit_hamming_loss": 0.0031944444444444446,
        "source_bit_auroc": {
          "visual": 0.9993085124448015,
          "language": 0.9999637010143297,
          "alignment": 0.9980514490632317
        },
        "six_way_macro_f1": 0.7697286824384438,
        "six_way_balanced_accuracy": 0.8116203816452868,
        "six_way_confusion_matrix": [
          [
            424,
            0,
            0,
            1,
            1,
            0
          ],
          [
            0,
            607,
            0,
            0,
            3,
            0
          ],
          [
            0,
            0,
            91,
            6,
            0,
            0
          ],
          [
            6,
            0,
            1,
            434,
            0,
            0
          ],
          [
            0,
            0,
            0,
            0,
            61,
            40
          ],
          [
            0,
            2,
            2,
            0,
            465,
            256
          ]
        ],
        "six_way_labels": [
          "visual",
          "language-prior",
          "alignment",
          "mixed",
          "unclear",
          "no-failure"
        ],
        "signature_mse": 0.005613017769843391
      },
      "prediction_sets": {
        "coverage": 0.99875,
        "average_set_size": 4.515416666666667,
        "singleton_rate": 0.11125,
        "empty_set_rate": 0.0
      },
      "action_counts": {
        "blank": 2400,
        "grounding": 2400,
        "blur": 2400,
        "crop": 2400,
        "brightness": 2400,
        "noise": 2400,
        "stop": 2400
      }
    },
    "proactive_no_stop|7|0.95": {
      "row_count": 2400,
      "mean_acquisition_cost": 6.0,
      "diagnostic": {
        "record_count": 2400,
        "source_bit_micro_f1": 0.9945146673026473,
        "source_bit_macro_f1": 0.9945310972449599,
        "source_bit_hamming_loss": 0.0031944444444444446,
        "source_bit_auroc": {
          "visual": 0.9993085124448015,
          "language": 0.9999637010143297,
          "alignment": 0.9980514490632317
        },
        "six_way_macro_f1": 0.7697286824384438,
        "six_way_balanced_accuracy": 0.8116203816452868,
        "six_way_confusion_matrix": [
          [
            424,
            0,
            0,
            1,
            1,
            0
          ],
          [
            0,
            607,
            0,
            0,
            3,
            0
          ],
          [
            0,
            0,
            91,
            6,
            0,
            0
          ],
          [
            6,
            0,
            1,
            434,
            0,
            0
          ],
          [
            0,
            0,
            0,
            0,
            61,
            40
          ],
          [
            0,
            2,
            2,
            0,
            465,
            256
          ]
        ],
        "six_way_labels": [
          "visual",
          "language-prior",
          "alignment",
          "mixed",
          "unclear",
          "no-failure"
        ],
        "signature_mse": 0.005613017769843391
      },
      "prediction_sets": {
        "coverage": 0.99875,
        "average_set_size": 4.515416666666667,
        "singleton_rate": 0.11125,
        "empty_set_rate": 0.0
      },
      "action_counts": {
        "blank": 2400,
        "grounding": 2400,
        "blur": 2400,
        "crop": 2400,
        "brightness": 2400,
        "noise": 2400,
        "stop": 2400
      }
    },
    "random|1|0.9": {
      "row_count": 2400,
      "mean_acquisition_cost": 1.0,
      "diagnostic": {
        "record_count": 2400,
        "source_bit_micro_f1": 0.6084066471163245,
        "source_bit_macro_f1": 0.6200596357025572,
        "source_bit_hamming_loss": 0.27819444444444447,
        "source_bit_auroc": {
          "visual": 0.7728461406622326,
          "language": 0.7110653676671322,
          "alignment": 0.9290053928205504
        },
        "six_way_macro_f1": 0.3196429806689546,
        "six_way_balanced_accuracy": 0.36285829526748065,
        "six_way_confusion_matrix": [
          [
            155,
            29,
            44,
            18,
            141,
            39
          ],
          [
            41,
            227,
            44,
            13,
            175,
            110
          ],
          [
            2,
            3,
            43,
            32,
            15,
            2
          ],
          [
            63,
            31,
            121,
            163,
            53,
            10
          ],
          [
            9,
            14,
            20,
            0,
            42,
            16
          ],
          [
            68,
            131,
            70,
            0,
            302,
            154
          ]
        ],
        "six_way_labels": [
          "visual",
          "language-prior",
          "alignment",
          "mixed",
          "unclear",
          "no-failure"
        ],
        "signature_mse": 0.08797215065574314
      },
      "prediction_sets": {
        "coverage": 0.92625,
        "average_set_size": 4.326666666666667,
        "singleton_rate": 0.065,
        "empty_set_rate": 0.00625
      },
      "action_counts": {
        "grounding": 414,
        "stop": 2400,
        "blank": 450,
        "crop": 398,
        "brightness": 390,
        "blur": 396,
        "noise": 352
      }
    },
    "random|1|0.95": {
      "row_count": 2400,
      "mean_acquisition_cost": 1.0,
      "diagnostic": {
        "record_count": 2400,
        "source_bit_micro_f1": 0.6084066471163245,
        "source_bit_macro_f1": 0.6200596357025572,
        "source_bit_hamming_loss": 0.27819444444444447,
        "source_bit_auroc": {
          "visual": 0.7728461406622326,
          "language": 0.7110653676671322,
          "alignment": 0.9290053928205504
        },
        "six_way_macro_f1": 0.3196429806689546,
        "six_way_balanced_accuracy": 0.36285829526748065,
        "six_way_confusion_matrix": [
          [
            155,
            29,
            44,
            18,
            141,
            39
          ],
          [
            41,
            227,
            44,
            13,
            175,
            110
          ],
          [
            2,
            3,
            43,
            32,
            15,
            2
          ],
          [
            63,
            31,
            121,
            163,
            53,
            10
          ],
          [
            9,
            14,
            20,
            0,
            42,
            16
          ],
          [
            68,
            131,
            70,
            0,
            302,
            154
          ]
        ],
        "six_way_labels": [
          "visual",
          "language-prior",
          "alignment",
          "mixed",
          "unclear",
          "no-failure"
        ],
        "signature_mse": 0.08797215065574314
      },
      "prediction_sets": {
        "coverage": 0.9470833333333334,
        "average_set_size": 4.492083333333333,
        "singleton_rate": 0.02875,
        "empty_set_rate": 0.0008333333333333334
      },
      "action_counts": {
        "grounding": 414,
        "stop": 2400,
        "blank": 450,
        "crop": 398,
        "brightness": 390,
        "blur": 396,
        "noise": 352
      }
    },
    "random|2|0.9": {
      "row_count": 2400,
      "mean_acquisition_cost": 2.0,
      "diagnostic": {
        "record_count": 2400,
        "source_bit_micro_f1": 0.6911491644316072,
        "source_bit_macro_f1": 0.7002023149453208,
        "source_bit_hamming_loss": 0.20791666666666667,
        "source_bit_auroc": {
          "visual": 0.8469715530470867,
          "language": 0.8315553132262161,
          "alignment": 0.9514783372365339
        },
        "six_way_macro_f1": 0.39994682414860144,
        "six_way_balanced_accuracy": 0.45809646042929303,
        "six_way_confusion_matrix": [
          [
            218,
            26,
            32,
            19,
            99,
            32
          ],
          [
            27,
            371,
            26,
            20,
            94,
            72
          ],
          [
            2,
            2,
            62,
            18,
            10,
            3
          ],
          [
            57,
            34,
            107,
            207,
            27,
            9
          ],
          [
            9,
            24,
            22,
            0,
            34,
            12
          ],
          [
            50,
            191,
            72,
            3,
            276,
            133
          ]
        ],
        "six_way_labels": [
          "visual",
          "language-prior",
          "alignment",
          "mixed",
          "unclear",
          "no-failure"
        ],
        "signature_mse": 0.07290768843263941
      },
      "prediction_sets": {
        "coverage": 0.94125,
        "average_set_size": 4.05375,
        "singleton_rate": 0.08458333333333333,
        "empty_set_rate": 0.011666666666666667
      },
      "action_counts": {
        "grounding": 860,
        "blur": 774,
        "stop": 2400,
        "blank": 840,
        "brightness": 784,
        "crop": 796,
        "noise": 746
      }
    },
    "random|2|0.95": {
      "row_count": 2400,
      "mean_acquisition_cost": 2.0,
      "diagnostic": {
        "record_count": 2400,
        "source_bit_micro_f1": 0.6911491644316072,
        "source_bit_macro_f1": 0.7002023149453208,
        "source_bit_hamming_loss": 0.20791666666666667,
        "source_bit_auroc": {
          "visual": 0.8469715530470867,
          "language": 0.8315553132262161,
          "alignment": 0.9514783372365339
        },
        "six_way_macro_f1": 0.39994682414860144,
        "six_way_balanced_accuracy": 0.45809646042929303,
        "six_way_confusion_matrix": [
          [
            218,
            26,
            32,
            19,
            99,
            32
          ],
          [
            27,
            371,
            26,
            20,
            94,
            72
          ],
          [
            2,
            2,
            62,
            18,
            10,
            3
          ],
          [
            57,
            34,
            107,
            207,
            27,
            9
          ],
          [
            9,
            24,
            22,
            0,
            34,
            12
          ],
          [
            50,
            191,
            72,
            3,
            276,
            133
          ]
        ],
        "six_way_labels": [
          "visual",
          "language-prior",
          "alignment",
          "mixed",
          "unclear",
          "no-failure"
        ],
        "signature_mse": 0.07290768843263941
      },
      "prediction_sets": {
        "coverage": 0.9858333333333333,
        "average_set_size": 5.207083333333333,
        "singleton_rate": 0.017916666666666668,
        "empty_set_rate": 0.0
      },
      "action_counts": {
        "grounding": 860,
        "blur": 774,
        "stop": 2400,
        "blank": 840,
        "brightness": 784,
        "crop": 796,
        "noise": 746
      }
    },
    "random|3|0.9": {
      "row_count": 2400,
      "mean_acquisition_cost": 3.0,
      "diagnostic": {
        "record_count": 2400,
        "source_bit_micro_f1": 0.7653194263363755,
        "source_bit_macro_f1": 0.7710920119470642,
        "source_bit_hamming_loss": 0.15,
        "source_bit_auroc": {
          "visual": 0.9083638796282475,
          "language": 0.9060631405731157,
          "alignment": 0.9667088242827869
        },
        "six_way_macro_f1": 0.48639063202092964,
        "six_way_balanced_accuracy": 0.5579637861727084,
        "six_way_confusion_matrix": [
          [
            281,
            21,
            17,
            18,
            68,
            21
          ],
          [
            7,
            476,
            6,
            15,
            50,
            56
          ],
          [
            1,
            2,
            74,
            9,
            8,
            3
          ],
          [
            57,
            36,
            85,
            244,
            13,
            6
          ],
          [
            5,
            30,
            12,
            0,
            39,
            15
          ],
          [
            40,
            204,
            60,
            0,
            272,
            149
          ]
        ],
        "six_way_labels": [
          "visual",
          "language-prior",
          "alignment",
          "mixed",
          "unclear",
          "no-failure"
        ],
        "signature_mse": 0.05752366305105091
      },
      "prediction_sets": {
        "coverage": 0.9641666666666666,
        "average_set_size": 3.8775,
        "singleton_rate": 0.09833333333333333,
        "empty_set_rate": 0.0125
      },
      "action_counts": {
        "grounding": 1256,
        "blur": 1206,
        "blank": 1212,
        "stop": 2400,
        "brightness": 1204,
        "crop": 1164,
        "noise": 1158
      }
    },
    "random|3|0.95": {
      "row_count": 2400,
      "mean_acquisition_cost": 3.0,
      "diagnostic": {
        "record_count": 2400,
        "source_bit_micro_f1": 0.7653194263363755,
        "source_bit_macro_f1": 0.7710920119470642,
        "source_bit_hamming_loss": 0.15,
        "source_bit_auroc": {
          "visual": 0.9083638796282475,
          "language": 0.9060631405731157,
          "alignment": 0.9667088242827869
        },
        "six_way_macro_f1": 0.48639063202092964,
        "six_way_balanced_accuracy": 0.5579637861727084,
        "six_way_confusion_matrix": [
          [
            281,
            21,
            17,
            18,
            68,
            21
          ],
          [
            7,
            476,
            6,
            15,
            50,
            56
          ],
          [
            1,
            2,
            74,
            9,
            8,
            3
          ],
          [
            57,
            36,
            85,
            244,
            13,
            6
          ],
          [
            5,
            30,
            12,
            0,
            39,
            15
          ],
          [
            40,
            204,
            60,
            0,
            272,
            149
          ]
        ],
        "six_way_labels": [
          "visual",
          "language-prior",
          "alignment",
          "mixed",
          "unclear",
          "no-failure"
        ],
        "signature_mse": 0.05752366305105091
      },
      "prediction_sets": {
        "coverage": 0.9908333333333333,
        "average_set_size": 4.989583333333333,
        "singleton_rate": 0.04041666666666666,
        "empty_set_rate": 0.0
      },
      "action_counts": {
        "grounding": 1256,
        "blur": 1206,
        "blank": 1212,
        "stop": 2400,
        "brightness": 1204,
        "crop": 1164,
        "noise": 1158
      }
    },
    "random|4|0.9": {
      "row_count": 2400,
      "mean_acquisition_cost": 4.0,
      "diagnostic": {
        "record_count": 2400,
        "source_bit_micro_f1": 0.8395396073121192,
        "source_bit_macro_f1": 0.8447447966168024,
        "source_bit_hamming_loss": 0.09875,
        "source_bit_auroc": {
          "visual": 0.9445723953113115,
          "language": 0.956575069705396,
          "alignment": 0.9827397723946135
        },
        "six_way_macro_f1": 0.5743964801979201,
        "six_way_balanced_accuracy": 0.6434789568633265,
        "six_way_confusion_matrix": [
          [
            324,
            13,
            6,
            11,
            51,
            21
          ],
          [
            2,
            534,
            2,
            11,
            29,
            32
          ],
          [
            0,
            0,
            79,
            10,
            5,
            3
          ],
          [
            39,
            25,
            56,
            313,
            4,
            4
          ],
          [
            0,
            25,
            7,
            0,
            45,
            24
          ],
          [
            25,
            152,
            49,
            0,
            314,
            185
          ]
        ],
        "six_way_labels": [
          "visual",
          "language-prior",
          "alignment",
          "mixed",
          "unclear",
          "no-failure"
        ],
        "signature_mse": 0.04112656786352046
      },
      "prediction_sets": {
        "coverage": 0.9795833333333334,
        "average_set_size": 4.2725,
        "singleton_rate": 0.07791666666666666,
        "empty_set_rate": 0.0125
      },
      "action_counts": {
        "grounding": 1644,
        "blur": 1566,
        "blank": 1594,
        "brightness": 1618,
        "stop": 2400,
        "noise": 1598,
        "crop": 1580
      }
    },
    "random|4|0.95": {
      "row_count": 2400,
      "mean_acquisition_cost": 4.0,
      "diagnostic": {
        "record_count": 2400,
        "source_bit_micro_f1": 0.8395396073121192,
        "source_bit_macro_f1": 0.8447447966168024,
        "source_bit_hamming_loss": 0.09875,
        "source_bit_auroc": {
          "visual": 0.9445723953113115,
          "language": 0.956575069705396,
          "alignment": 0.9827397723946135
        },
        "six_way_macro_f1": 0.5743964801979201,
        "six_way_balanced_accuracy": 0.6434789568633265,
        "six_way_confusion_matrix": [
          [
            324,
            13,
            6,
            11,
            51,
            21
          ],
          [
            2,
            534,
            2,
            11,
            29,
            32
          ],
          [
            0,
            0,
            79,
            10,
            5,
            3
          ],
          [
            39,
            25,
            56,
            313,
            4,
            4
          ],
          [
            0,
            25,
            7,
            0,
            45,
            24
          ],
          [
            25,
            152,
            49,
            0,
            314,
            185
          ]
        ],
        "six_way_labels": [
          "visual",
          "language-prior",
          "alignment",
          "mixed",
          "unclear",
          "no-failure"
        ],
        "signature_mse": 0.04112656786352046
      },
      "prediction_sets": {
        "coverage": 0.9933333333333333,
        "average_set_size": 4.839166666666666,
        "singleton_rate": 0.059166666666666666,
        "empty_set_rate": 0.0
      },
      "action_counts": {
        "grounding": 1644,
        "blur": 1566,
        "blank": 1594,
        "brightness": 1618,
        "stop": 2400,
        "noise": 1598,
        "crop": 1580
      }
    },
    "random|7|0.9": {
      "row_count": 2400,
      "mean_acquisition_cost": 6.0,
      "diagnostic": {
        "record_count": 2400,
        "source_bit_micro_f1": 0.9945146673026473,
        "source_bit_macro_f1": 0.9945310972449599,
        "source_bit_hamming_loss": 0.0031944444444444446,
        "source_bit_auroc": {
          "visual": 0.9993085124448015,
          "language": 0.9999637010143297,
          "alignment": 0.9980514490632317
        },
        "six_way_macro_f1": 0.7697286824384438,
        "six_way_balanced_accuracy": 0.8116203816452868,
        "six_way_confusion_matrix": [
          [
            424,
            0,
            0,
            1,
            1,
            0
          ],
          [
            0,
            607,
            0,
            0,
            3,
            0
          ],
          [
            0,
            0,
            91,
            6,
            0,
            0
          ],
          [
            6,
            0,
            1,
            434,
            0,
            0
          ],
          [
            0,
            0,
            0,
            0,
            61,
            40
          ],
          [
            0,
            2,
            2,
            0,
            465,
            256
          ]
        ],
        "six_way_labels": [
          "visual",
          "language-prior",
          "alignment",
          "mixed",
          "unclear",
          "no-failure"
        ],
        "signature_mse": 0.005613017769843391
      },
      "prediction_sets": {
        "coverage": 0.99875,
        "average_set_size": 4.515416666666667,
        "singleton_rate": 0.11125,
        "empty_set_rate": 0.0
      },
      "action_counts": {
        "grounding": 2400,
        "blur": 2400,
        "blank": 2400,
        "brightness": 2400,
        "noise": 2400,
        "crop": 2400,
        "stop": 2400
      }
    },
    "random|7|0.95": {
      "row_count": 2400,
      "mean_acquisition_cost": 6.0,
      "diagnostic": {
        "record_count": 2400,
        "source_bit_micro_f1": 0.9945146673026473,
        "source_bit_macro_f1": 0.9945310972449599,
        "source_bit_hamming_loss": 0.0031944444444444446,
        "source_bit_auroc": {
          "visual": 0.9993085124448015,
          "language": 0.9999637010143297,
          "alignment": 0.9980514490632317
        },
        "six_way_macro_f1": 0.7697286824384438,
        "six_way_balanced_accuracy": 0.8116203816452868,
        "six_way_confusion_matrix": [
          [
            424,
            0,
            0,
            1,
            1,
            0
          ],
          [
            0,
            607,
            0,
            0,
            3,
            0
          ],
          [
            0,
            0,
            91,
            6,
            0,
            0
          ],
          [
            6,
            0,
            1,
            434,
            0,
            0
          ],
          [
            0,
            0,
            0,
            0,
            61,
            40
          ],
          [
            0,
            2,
            2,
            0,
            465,
            256
          ]
        ],
        "six_way_labels": [
          "visual",
          "language-prior",
          "alignment",
          "mixed",
          "unclear",
          "no-failure"
        ],
        "signature_mse": 0.005613017769843391
      },
      "prediction_sets": {
        "coverage": 0.99875,
        "average_set_size": 4.515416666666667,
        "singleton_rate": 0.11125,
        "empty_set_rate": 0.0
      },
      "action_counts": {
        "grounding": 2400,
        "blur": 2400,
        "blank": 2400,
        "brightness": 2400,
        "noise": 2400,
        "crop": 2400,
        "stop": 2400
      }
    },
    "relation_first|1|0.9": {
      "row_count": 2400,
      "mean_acquisition_cost": 1.0,
      "diagnostic": {
        "record_count": 2400,
        "source_bit_micro_f1": 0.584060932565484,
        "source_bit_macro_f1": 0.6610558756594717,
        "source_bit_hamming_loss": 0.3109722222222222,
        "source_bit_auroc": {
          "visual": 0.6543541601012866,
          "language": 0.4881453562632009,
          "alignment": 0.9979005049765808
        },
        "six_way_macro_f1": 0.28114625553069034,
        "six_way_balanced_accuracy": 0.3210659495418613,
        "six_way_confusion_matrix": [
          [
            167,
            46,
            0,
            0,
            161,
            52
          ],
          [
            159,
            50,
            0,
            0,
            207,
            194
          ],
          [
            0,
            0,
            41,
            56,
            0,
            0
          ],
          [
            35,
            5,
            166,
            184,
            38,
            13
          ],
          [
            32,
            18,
            0,
            0,
            34,
            17
          ],
          [
            165,
            80,
            1,
            2,
            277,
            200
          ]
        ],
        "six_way_labels": [
          "visual",
          "language-prior",
          "alignment",
          "mixed",
          "unclear",
          "no-failure"
        ],
        "signature_mse": 0.09848685840928074
      },
      "prediction_sets": {
        "coverage": 0.9866666666666667,
        "average_set_size": 4.55125,
        "singleton_rate": 0.05708333333333333,
        "empty_set_rate": 0.0
      },
      "action_counts": {
        "grounding": 2400,
        "stop": 2400
      }
    },
    "relation_first|1|0.95": {
      "row_count": 2400,
      "mean_acquisition_cost": 1.0,
      "diagnostic": {
        "record_count": 2400,
        "source_bit_micro_f1": 0.584060932565484,
        "source_bit_macro_f1": 0.6610558756594717,
        "source_bit_hamming_loss": 0.3109722222222222,
        "source_bit_auroc": {
          "visual": 0.6543541601012866,
          "language": 0.4881453562632009,
          "alignment": 0.9979005049765808
        },
        "six_way_macro_f1": 0.28114625553069034,
        "six_way_balanced_accuracy": 0.3210659495418613,
        "six_way_confusion_matrix": [
          [
            167,
            46,
            0,
            0,
            161,
            52
          ],
          [
            159,
            50,
            0,
            0,
            207,
            194
          ],
          [
            0,
            0,
            41,
            56,
            0,
            0
          ],
          [
            35,
            5,
            166,
            184,
            38,
            13
          ],
          [
            32,
            18,
            0,
            0,
            34,
            17
          ],
          [
            165,
            80,
            1,
            2,
            277,
            200
          ]
        ],
        "six_way_labels": [
          "visual",
          "language-prior",
          "alignment",
          "mixed",
          "unclear",
          "no-failure"
        ],
        "signature_mse": 0.09848685840928074
      },
      "prediction_sets": {
        "coverage": 0.9979166666666667,
        "average_set_size": 4.6225,
        "singleton_rate": 0.016666666666666666,
        "empty_set_rate": 0.0
      },
      "action_counts": {
        "grounding": 2400,
        "stop": 2400
      }
    },
    "relation_first|2|0.9": {
      "row_count": 2400,
      "mean_acquisition_cost": 2.0,
      "diagnostic": {
        "record_count": 2400,
        "source_bit_micro_f1": 0.8233884495566739,
        "source_bit_macro_f1": 0.8415138169558946,
        "source_bit_hamming_loss": 0.10236111111111111,
        "source_bit_auroc": {
          "visual": 0.7214091023614834,
          "language": 0.9999848754226375,
          "alignment": 0.9979348104508197
        },
        "six_way_macro_f1": 0.4848169843956837,
        "six_way_balanced_accuracy": 0.5726717108288488,
        "six_way_confusion_matrix": [
          [
            159,
            1,
            0,
            0,
            221,
            45
          ],
          [
            0,
            591,
            0,
            17,
            2,
            0
          ],
          [
            0,
            0,
            82,
            15,
            0,
            0
          ],
          [
            3,
            84,
            143,
            211,
            0,
            0
          ],
          [
            26,
            0,
            0,
            0,
            58,
            17
          ],
          [
            144,
            3,
            1,
            0,
            435,
            142
          ]
        ],
        "six_way_labels": [
          "visual",
          "language-prior",
          "alignment",
          "mixed",
          "unclear",
          "no-failure"
        ],
        "signature_mse": 0.003606056125810045
      },
      "prediction_sets": {
        "coverage": 0.9941666666666666,
        "average_set_size": 3.83125,
        "singleton_rate": 0.042916666666666665,
        "empty_set_rate": 0.0
      },
      "action_counts": {
        "grounding": 2400,
        "blank": 2400,
        "stop": 2400
      }
    },
    "relation_first|2|0.95": {
      "row_count": 2400,
      "mean_acquisition_cost": 2.0,
      "diagnostic": {
        "record_count": 2400,
        "source_bit_micro_f1": 0.8233884495566739,
        "source_bit_macro_f1": 0.8415138169558946,
        "source_bit_hamming_loss": 0.10236111111111111,
        "source_bit_auroc": {
          "visual": 0.7214091023614834,
          "language": 0.9999848754226375,
          "alignment": 0.9979348104508197
        },
        "six_way_macro_f1": 0.4848169843956837,
        "six_way_balanced_accuracy": 0.5726717108288488,
        "six_way_confusion_matrix": [
          [
            159,
            1,
            0,
            0,
            221,
            45
          ],
          [
            0,
            591,
            0,
            17,
            2,
            0
          ],
          [
            0,
            0,
            82,
            15,
            0,
            0
          ],
          [
            3,
            84,
            143,
            211,
            0,
            0
          ],
          [
            26,
            0,
            0,
            0,
            58,
            17
          ],
          [
            144,
            3,
            1,
            0,
            435,
            142
          ]
        ],
        "six_way_labels": [
          "visual",
          "language-prior",
          "alignment",
          "mixed",
          "unclear",
          "no-failure"
        ],
        "signature_mse": 0.003606056125810045
      },
      "prediction_sets": {
        "coverage": 0.9991666666666666,
        "average_set_size": 5.187083333333334,
        "singleton_rate": 0.002916666666666667,
        "empty_set_rate": 0.0
      },
      "action_counts": {
        "grounding": 2400,
        "blank": 2400,
        "stop": 2400
      }
    },
    "relation_first|3|0.9": {
      "row_count": 2400,
      "mean_acquisition_cost": 3.0,
      "diagnostic": {
        "record_count": 2400,
        "source_bit_micro_f1": 0.930460333006856,
        "source_bit_macro_f1": 0.9348807034078676,
        "source_bit_hamming_loss": 0.03944444444444444,
        "source_bit_auroc": {
          "visual": 0.9090131118045733,
          "language": 0.9999780693628242,
          "alignment": 0.9979714029566745
        },
        "six_way_macro_f1": 0.6670449993609356,
        "six_way_balanced_accuracy": 0.7330820734125285,
        "six_way_confusion_matrix": [
          [
            322,
            1,
            0,
            0,
            76,
            27
          ],
          [
            0,
            599,
            0,
            8,
            3,
            0
          ],
          [
            1,
            0,
            90,
            6,
            0,
            0
          ],
          [
            4,
            46,
            46,
            345,
            0,
            0
          ],
          [
            6,
            0,
            0,
            0,
            68,
            27
          ],
          [
            16,
            3,
            2,
            0,
            503,
            201
          ]
        ],
        "six_way_labels": [
          "visual",
          "language-prior",
          "alignment",
          "mixed",
          "unclear",
          "no-failure"
        ],
        "signature_mse": 0.004793683680287428
      },
      "prediction_sets": {
        "coverage": 0.9816666666666667,
        "average_set_size": 3.4483333333333333,
        "singleton_rate": 0.06625,
        "empty_set_rate": 0.014166666666666666
      },
      "action_counts": {
        "grounding": 2400,
        "blank": 2400,
        "blur": 2400,
        "stop": 2400
      }
    },
    "relation_first|3|0.95": {
      "row_count": 2400,
      "mean_acquisition_cost": 3.0,
      "diagnostic": {
        "record_count": 2400,
        "source_bit_micro_f1": 0.930460333006856,
        "source_bit_macro_f1": 0.9348807034078676,
        "source_bit_hamming_loss": 0.03944444444444444,
        "source_bit_auroc": {
          "visual": 0.9090131118045733,
          "language": 0.9999780693628242,
          "alignment": 0.9979714029566745
        },
        "six_way_macro_f1": 0.6670449993609356,
        "six_way_balanced_accuracy": 0.7330820734125285,
        "six_way_confusion_matrix": [
          [
            322,
            1,
            0,
            0,
            76,
            27
          ],
          [
            0,
            599,
            0,
            8,
            3,
            0
          ],
          [
            1,
            0,
            90,
            6,
            0,
            0
          ],
          [
            4,
            46,
            46,
            345,
            0,
            0
          ],
          [
            6,
            0,
            0,
            0,
            68,
            27
          ],
          [
            16,
            3,
            2,
            0,
            503,
            201
          ]
        ],
        "six_way_labels": [
          "visual",
          "language-prior",
          "alignment",
          "mixed",
          "unclear",
          "no-failure"
        ],
        "signature_mse": 0.004793683680287428
      },
      "prediction_sets": {
        "coverage": 0.9995833333333334,
        "average_set_size": 4.835,
        "singleton_rate": 0.0275,
        "empty_set_rate": 0.0
      },
      "action_counts": {
        "grounding": 2400,
        "blank": 2400,
        "blur": 2400,
        "stop": 2400
      }
    },
    "relation_first|4|0.9": {
      "row_count": 2400,
      "mean_acquisition_cost": 4.0,
      "diagnostic": {
        "record_count": 2400,
        "source_bit_micro_f1": 0.9645909645909646,
        "source_bit_macro_f1": 0.9668596563694608,
        "source_bit_hamming_loss": 0.02013888888888889,
        "source_bit_auroc": {
          "visual": 0.9422653306068741,
          "language": 0.9999765569050879,
          "alignment": 0.9975265753073771
        },
        "six_way_macro_f1": 0.7330634300240249,
        "six_way_balanced_accuracy": 0.7802935626862627,
        "six_way_confusion_matrix": [
          [
            365,
            1,
            0,
            0,
            39,
            21
          ],
          [
            0,
            603,
            0,
            4,
            3,
            0
          ],
          [
            0,
            0,
            92,
            5,
            0,
            0
          ],
          [
            4,
            25,
            17,
            395,
            0,
            0
          ],
          [
            0,
            0,
            0,
            0,
            64,
            37
          ],
          [
            1,
            3,
            2,
            0,
            459,
            260
          ]
        ],
        "six_way_labels": [
          "visual",
          "language-prior",
          "alignment",
          "mixed",
          "unclear",
          "no-failure"
        ],
        "signature_mse": 0.0047839959418790505
      },
      "prediction_sets": {
        "coverage": 0.97875,
        "average_set_size": 4.044583333333334,
        "singleton_rate": 0.06958333333333333,
        "empty_set_rate": 0.019583333333333335
      },
      "action_counts": {
        "grounding": 2400,
        "blank": 2400,
        "blur": 2400,
        "crop": 2400,
        "stop": 2400
      }
    },
    "relation_first|4|0.95": {
      "row_count": 2400,
      "mean_acquisition_cost": 4.0,
      "diagnostic": {
        "record_count": 2400,
        "source_bit_micro_f1": 0.9645909645909646,
        "source_bit_macro_f1": 0.9668596563694608,
        "source_bit_hamming_loss": 0.02013888888888889,
        "source_bit_auroc": {
          "visual": 0.9422653306068741,
          "language": 0.9999765569050879,
          "alignment": 0.9975265753073771
        },
        "six_way_macro_f1": 0.7330634300240249,
        "six_way_balanced_accuracy": 0.7802935626862627,
        "six_way_confusion_matrix": [
          [
            365,
            1,
            0,
            0,
            39,
            21
          ],
          [
            0,
            603,
            0,
            4,
            3,
            0
          ],
          [
            0,
            0,
            92,
            5,
            0,
            0
          ],
          [
            4,
            25,
            17,
            395,
            0,
            0
          ],
          [
            0,
            0,
            0,
            0,
            64,
            37
          ],
          [
            1,
            3,
            2,
            0,
            459,
            260
          ]
        ],
        "six_way_labels": [
          "visual",
          "language-prior",
          "alignment",
          "mixed",
          "unclear",
          "no-failure"
        ],
        "signature_mse": 0.0047839959418790505
      },
      "prediction_sets": {
        "coverage": 0.99875,
        "average_set_size": 4.598333333333334,
        "singleton_rate": 0.06041666666666667,
        "empty_set_rate": 0.0
      },
      "action_counts": {
        "grounding": 2400,
        "blank": 2400,
        "blur": 2400,
        "crop": 2400,
        "stop": 2400
      }
    },
    "relation_first|7|0.9": {
      "row_count": 2400,
      "mean_acquisition_cost": 6.0,
      "diagnostic": {
        "record_count": 2400,
        "source_bit_micro_f1": 0.9945146673026473,
        "source_bit_macro_f1": 0.9945310972449599,
        "source_bit_hamming_loss": 0.0031944444444444446,
        "source_bit_auroc": {
          "visual": 0.9993085124448015,
          "language": 0.9999637010143297,
          "alignment": 0.9980514490632317
        },
        "six_way_macro_f1": 0.7697286824384438,
        "six_way_balanced_accuracy": 0.8116203816452868,
        "six_way_confusion_matrix": [
          [
            424,
            0,
            0,
            1,
            1,
            0
          ],
          [
            0,
            607,
            0,
            0,
            3,
            0
          ],
          [
            0,
            0,
            91,
            6,
            0,
            0
          ],
          [
            6,
            0,
            1,
            434,
            0,
            0
          ],
          [
            0,
            0,
            0,
            0,
            61,
            40
          ],
          [
            0,
            2,
            2,
            0,
            465,
            256
          ]
        ],
        "six_way_labels": [
          "visual",
          "language-prior",
          "alignment",
          "mixed",
          "unclear",
          "no-failure"
        ],
        "signature_mse": 0.005613017769843391
      },
      "prediction_sets": {
        "coverage": 0.99875,
        "average_set_size": 4.515416666666667,
        "singleton_rate": 0.11125,
        "empty_set_rate": 0.0
      },
      "action_counts": {
        "grounding": 2400,
        "blank": 2400,
        "blur": 2400,
        "crop": 2400,
        "brightness": 2400,
        "noise": 2400,
        "stop": 2400
      }
    },
    "relation_first|7|0.95": {
      "row_count": 2400,
      "mean_acquisition_cost": 6.0,
      "diagnostic": {
        "record_count": 2400,
        "source_bit_micro_f1": 0.9945146673026473,
        "source_bit_macro_f1": 0.9945310972449599,
        "source_bit_hamming_loss": 0.0031944444444444446,
        "source_bit_auroc": {
          "visual": 0.9993085124448015,
          "language": 0.9999637010143297,
          "alignment": 0.9980514490632317
        },
        "six_way_macro_f1": 0.7697286824384438,
        "six_way_balanced_accuracy": 0.8116203816452868,
        "six_way_confusion_matrix": [
          [
            424,
            0,
            0,
            1,
            1,
            0
          ],
          [
            0,
            607,
            0,
            0,
            3,
            0
          ],
          [
            0,
            0,
            91,
            6,
            0,
            0
          ],
          [
            6,
            0,
            1,
            434,
            0,
            0
          ],
          [
            0,
            0,
            0,
            0,
            61,
            40
          ],
          [
            0,
            2,
            2,
            0,
            465,
            256
          ]
        ],
        "six_way_labels": [
          "visual",
          "language-prior",
          "alignment",
          "mixed",
          "unclear",
          "no-failure"
        ],
        "signature_mse": 0.005613017769843391
      },
      "prediction_sets": {
        "coverage": 0.99875,
        "average_set_size": 4.515416666666667,
        "singleton_rate": 0.11125,
        "empty_set_rate": 0.0
      },
      "action_counts": {
        "grounding": 2400,
        "blank": 2400,
        "blur": 2400,
        "crop": 2400,
        "brightness": 2400,
        "noise": 2400,
        "stop": 2400
      }
    },
    "scalar_confidence|1|0.9": {
      "row_count": 2400,
      "mean_acquisition_cost": 0.0,
      "diagnostic": {
        "record_count": 2400,
        "source_bit_micro_f1": 0.5056662758890191,
        "source_bit_macro_f1": 0.5269192708991529,
        "source_bit_hamming_loss": 0.35138888888888886,
        "source_bit_auroc": {
          "visual": 0.688971583060253,
          "language": 0.5211297908044081,
          "alignment": 0.9085524690793325
        },
        "six_way_macro_f1": 0.21433429904104986,
        "six_way_balanced_accuracy": 0.29035647827934197,
        "six_way_confusion_matrix": [
          [
            0,
            0,
            71,
            46,
            114,
            195
          ],
          [
            0,
            0,
            60,
            57,
            96,
            397
          ],
          [
            0,
            0,
            10,
            66,
            13,
            8
          ],
          [
            0,
            0,
            57,
            282,
            40,
            62
          ],
          [
            0,
            0,
            10,
            5,
            32,
            54
          ],
          [
            0,
            0,
            48,
            47,
            135,
            495
          ]
        ],
        "six_way_labels": [
          "visual",
          "language-prior",
          "alignment",
          "mixed",
          "unclear",
          "no-failure"
        ],
        "signature_mse": 0.09606100578249809
      },
      "prediction_sets": {
        "coverage": 0.8666666666666667,
        "average_set_size": 3.8029166666666665,
        "singleton_rate": 0.05,
        "empty_set_rate": 0.0004166666666666667
      },
      "action_counts": {
        "stop": 2400
      }
    },
    "scalar_confidence|1|0.95": {
      "row_count": 2400,
      "mean_acquisition_cost": 0.0,
      "diagnostic": {
        "record_count": 2400,
        "source_bit_micro_f1": 0.5056662758890191,
        "source_bit_macro_f1": 0.5269192708991529,
        "source_bit_hamming_loss": 0.35138888888888886,
        "source_bit_auroc": {
          "visual": 0.688971583060253,
          "language": 0.5211297908044081,
          "alignment": 0.9085524690793325
        },
        "six_way_macro_f1": 0.21433429904104986,
        "six_way_balanced_accuracy": 0.29035647827934197,
        "six_way_confusion_matrix": [
          [
            0,
            0,
            71,
            46,
            114,
            195
          ],
          [
            0,
            0,
            60,
            57,
            96,
            397
          ],
          [
            0,
            0,
            10,
            66,
            13,
            8
          ],
          [
            0,
            0,
            57,
            282,
            40,
            62
          ],
          [
            0,
            0,
            10,
            5,
            32,
            54
          ],
          [
            0,
            0,
            48,
            47,
            135,
            495
          ]
        ],
        "six_way_labels": [
          "visual",
          "language-prior",
          "alignment",
          "mixed",
          "unclear",
          "no-failure"
        ],
        "signature_mse": 0.09606100578249809
      },
      "prediction_sets": {
        "coverage": 0.9391666666666667,
        "average_set_size": 5.317083333333334,
        "singleton_rate": 0.0,
        "empty_set_rate": 0.0
      },
      "action_counts": {
        "stop": 2400
      }
    },
    "scalar_confidence|2|0.9": {
      "row_count": 2400,
      "mean_acquisition_cost": 0.0,
      "diagnostic": {
        "record_count": 2400,
        "source_bit_micro_f1": 0.5056662758890191,
        "source_bit_macro_f1": 0.5269192708991529,
        "source_bit_hamming_loss": 0.35138888888888886,
        "source_bit_auroc": {
          "visual": 0.688971583060253,
          "language": 0.5211297908044081,
          "alignment": 0.9085524690793325
        },
        "six_way_macro_f1": 0.21433429904104986,
        "six_way_balanced_accuracy": 0.29035647827934197,
        "six_way_confusion_matrix": [
          [
            0,
            0,
            71,
            46,
            114,
            195
          ],
          [
            0,
            0,
            60,
            57,
            96,
            397
          ],
          [
            0,
            0,
            10,
            66,
            13,
            8
          ],
          [
            0,
            0,
            57,
            282,
            40,
            62
          ],
          [
            0,
            0,
            10,
            5,
            32,
            54
          ],
          [
            0,
            0,
            48,
            47,
            135,
            495
          ]
        ],
        "six_way_labels": [
          "visual",
          "language-prior",
          "alignment",
          "mixed",
          "unclear",
          "no-failure"
        ],
        "signature_mse": 0.09606100578249809
      },
      "prediction_sets": {
        "coverage": 0.8666666666666667,
        "average_set_size": 3.8029166666666665,
        "singleton_rate": 0.05,
        "empty_set_rate": 0.0004166666666666667
      },
      "action_counts": {
        "stop": 2400
      }
    },
    "scalar_confidence|2|0.95": {
      "row_count": 2400,
      "mean_acquisition_cost": 0.0,
      "diagnostic": {
        "record_count": 2400,
        "source_bit_micro_f1": 0.5056662758890191,
        "source_bit_macro_f1": 0.5269192708991529,
        "source_bit_hamming_loss": 0.35138888888888886,
        "source_bit_auroc": {
          "visual": 0.688971583060253,
          "language": 0.5211297908044081,
          "alignment": 0.9085524690793325
        },
        "six_way_macro_f1": 0.21433429904104986,
        "six_way_balanced_accuracy": 0.29035647827934197,
        "six_way_confusion_matrix": [
          [
            0,
            0,
            71,
            46,
            114,
            195
          ],
          [
            0,
            0,
            60,
            57,
            96,
            397
          ],
          [
            0,
            0,
            10,
            66,
            13,
            8
          ],
          [
            0,
            0,
            57,
            282,
            40,
            62
          ],
          [
            0,
            0,
            10,
            5,
            32,
            54
          ],
          [
            0,
            0,
            48,
            47,
            135,
            495
          ]
        ],
        "six_way_labels": [
          "visual",
          "language-prior",
          "alignment",
          "mixed",
          "unclear",
          "no-failure"
        ],
        "signature_mse": 0.09606100578249809
      },
      "prediction_sets": {
        "coverage": 0.9391666666666667,
        "average_set_size": 5.317083333333334,
        "singleton_rate": 0.0,
        "empty_set_rate": 0.0
      },
      "action_counts": {
        "stop": 2400
      }
    },
    "scalar_confidence|3|0.9": {
      "row_count": 2400,
      "mean_acquisition_cost": 0.0,
      "diagnostic": {
        "record_count": 2400,
        "source_bit_micro_f1": 0.5056662758890191,
        "source_bit_macro_f1": 0.5269192708991529,
        "source_bit_hamming_loss": 0.35138888888888886,
        "source_bit_auroc": {
          "visual": 0.688971583060253,
          "language": 0.5211297908044081,
          "alignment": 0.9085524690793325
        },
        "six_way_macro_f1": 0.21433429904104986,
        "six_way_balanced_accuracy": 0.29035647827934197,
        "six_way_confusion_matrix": [
          [
            0,
            0,
            71,
            46,
            114,
            195
          ],
          [
            0,
            0,
            60,
            57,
            96,
            397
          ],
          [
            0,
            0,
            10,
            66,
            13,
            8
          ],
          [
            0,
            0,
            57,
            282,
            40,
            62
          ],
          [
            0,
            0,
            10,
            5,
            32,
            54
          ],
          [
            0,
            0,
            48,
            47,
            135,
            495
          ]
        ],
        "six_way_labels": [
          "visual",
          "language-prior",
          "alignment",
          "mixed",
          "unclear",
          "no-failure"
        ],
        "signature_mse": 0.09606100578249809
      },
      "prediction_sets": {
        "coverage": 0.8666666666666667,
        "average_set_size": 3.8029166666666665,
        "singleton_rate": 0.05,
        "empty_set_rate": 0.0004166666666666667
      },
      "action_counts": {
        "stop": 2400
      }
    },
    "scalar_confidence|3|0.95": {
      "row_count": 2400,
      "mean_acquisition_cost": 0.0,
      "diagnostic": {
        "record_count": 2400,
        "source_bit_micro_f1": 0.5056662758890191,
        "source_bit_macro_f1": 0.5269192708991529,
        "source_bit_hamming_loss": 0.35138888888888886,
        "source_bit_auroc": {
          "visual": 0.688971583060253,
          "language": 0.5211297908044081,
          "alignment": 0.9085524690793325
        },
        "six_way_macro_f1": 0.21433429904104986,
        "six_way_balanced_accuracy": 0.29035647827934197,
        "six_way_confusion_matrix": [
          [
            0,
            0,
            71,
            46,
            114,
            195
          ],
          [
            0,
            0,
            60,
            57,
            96,
            397
          ],
          [
            0,
            0,
            10,
            66,
            13,
            8
          ],
          [
            0,
            0,
            57,
            282,
            40,
            62
          ],
          [
            0,
            0,
            10,
            5,
            32,
            54
          ],
          [
            0,
            0,
            48,
            47,
            135,
            495
          ]
        ],
        "six_way_labels": [
          "visual",
          "language-prior",
          "alignment",
          "mixed",
          "unclear",
          "no-failure"
        ],
        "signature_mse": 0.09606100578249809
      },
      "prediction_sets": {
        "coverage": 0.9391666666666667,
        "average_set_size": 5.317083333333334,
        "singleton_rate": 0.0,
        "empty_set_rate": 0.0
      },
      "action_counts": {
        "stop": 2400
      }
    },
    "scalar_confidence|4|0.9": {
      "row_count": 2400,
      "mean_acquisition_cost": 0.0,
      "diagnostic": {
        "record_count": 2400,
        "source_bit_micro_f1": 0.5056662758890191,
        "source_bit_macro_f1": 0.5269192708991529,
        "source_bit_hamming_loss": 0.35138888888888886,
        "source_bit_auroc": {
          "visual": 0.688971583060253,
          "language": 0.5211297908044081,
          "alignment": 0.9085524690793325
        },
        "six_way_macro_f1": 0.21433429904104986,
        "six_way_balanced_accuracy": 0.29035647827934197,
        "six_way_confusion_matrix": [
          [
            0,
            0,
            71,
            46,
            114,
            195
          ],
          [
            0,
            0,
            60,
            57,
            96,
            397
          ],
          [
            0,
            0,
            10,
            66,
            13,
            8
          ],
          [
            0,
            0,
            57,
            282,
            40,
            62
          ],
          [
            0,
            0,
            10,
            5,
            32,
            54
          ],
          [
            0,
            0,
            48,
            47,
            135,
            495
          ]
        ],
        "six_way_labels": [
          "visual",
          "language-prior",
          "alignment",
          "mixed",
          "unclear",
          "no-failure"
        ],
        "signature_mse": 0.09606100578249809
      },
      "prediction_sets": {
        "coverage": 0.8666666666666667,
        "average_set_size": 3.8029166666666665,
        "singleton_rate": 0.05,
        "empty_set_rate": 0.0004166666666666667
      },
      "action_counts": {
        "stop": 2400
      }
    },
    "scalar_confidence|4|0.95": {
      "row_count": 2400,
      "mean_acquisition_cost": 0.0,
      "diagnostic": {
        "record_count": 2400,
        "source_bit_micro_f1": 0.5056662758890191,
        "source_bit_macro_f1": 0.5269192708991529,
        "source_bit_hamming_loss": 0.35138888888888886,
        "source_bit_auroc": {
          "visual": 0.688971583060253,
          "language": 0.5211297908044081,
          "alignment": 0.9085524690793325
        },
        "six_way_macro_f1": 0.21433429904104986,
        "six_way_balanced_accuracy": 0.29035647827934197,
        "six_way_confusion_matrix": [
          [
            0,
            0,
            71,
            46,
            114,
            195
          ],
          [
            0,
            0,
            60,
            57,
            96,
            397
          ],
          [
            0,
            0,
            10,
            66,
            13,
            8
          ],
          [
            0,
            0,
            57,
            282,
            40,
            62
          ],
          [
            0,
            0,
            10,
            5,
            32,
            54
          ],
          [
            0,
            0,
            48,
            47,
            135,
            495
          ]
        ],
        "six_way_labels": [
          "visual",
          "language-prior",
          "alignment",
          "mixed",
          "unclear",
          "no-failure"
        ],
        "signature_mse": 0.09606100578249809
      },
      "prediction_sets": {
        "coverage": 0.9391666666666667,
        "average_set_size": 5.317083333333334,
        "singleton_rate": 0.0,
        "empty_set_rate": 0.0
      },
      "action_counts": {
        "stop": 2400
      }
    },
    "scalar_confidence|7|0.9": {
      "row_count": 2400,
      "mean_acquisition_cost": 0.0,
      "diagnostic": {
        "record_count": 2400,
        "source_bit_micro_f1": 0.5056662758890191,
        "source_bit_macro_f1": 0.5269192708991529,
        "source_bit_hamming_loss": 0.35138888888888886,
        "source_bit_auroc": {
          "visual": 0.688971583060253,
          "language": 0.5211297908044081,
          "alignment": 0.9085524690793325
        },
        "six_way_macro_f1": 0.21433429904104986,
        "six_way_balanced_accuracy": 0.29035647827934197,
        "six_way_confusion_matrix": [
          [
            0,
            0,
            71,
            46,
            114,
            195
          ],
          [
            0,
            0,
            60,
            57,
            96,
            397
          ],
          [
            0,
            0,
            10,
            66,
            13,
            8
          ],
          [
            0,
            0,
            57,
            282,
            40,
            62
          ],
          [
            0,
            0,
            10,
            5,
            32,
            54
          ],
          [
            0,
            0,
            48,
            47,
            135,
            495
          ]
        ],
        "six_way_labels": [
          "visual",
          "language-prior",
          "alignment",
          "mixed",
          "unclear",
          "no-failure"
        ],
        "signature_mse": 0.09606100578249809
      },
      "prediction_sets": {
        "coverage": 0.8666666666666667,
        "average_set_size": 3.8029166666666665,
        "singleton_rate": 0.05,
        "empty_set_rate": 0.0004166666666666667
      },
      "action_counts": {
        "stop": 2400
      }
    },
    "scalar_confidence|7|0.95": {
      "row_count": 2400,
      "mean_acquisition_cost": 0.0,
      "diagnostic": {
        "record_count": 2400,
        "source_bit_micro_f1": 0.5056662758890191,
        "source_bit_macro_f1": 0.5269192708991529,
        "source_bit_hamming_loss": 0.35138888888888886,
        "source_bit_auroc": {
          "visual": 0.688971583060253,
          "language": 0.5211297908044081,
          "alignment": 0.9085524690793325
        },
        "six_way_macro_f1": 0.21433429904104986,
        "six_way_balanced_accuracy": 0.29035647827934197,
        "six_way_confusion_matrix": [
          [
            0,
            0,
            71,
            46,
            114,
            195
          ],
          [
            0,
            0,
            60,
            57,
            96,
            397
          ],
          [
            0,
            0,
            10,
            66,
            13,
            8
          ],
          [
            0,
            0,
            57,
            282,
            40,
            62
          ],
          [
            0,
            0,
            10,
            5,
            32,
            54
          ],
          [
            0,
            0,
            48,
            47,
            135,
            495
          ]
        ],
        "six_way_labels": [
          "visual",
          "language-prior",
          "alignment",
          "mixed",
          "unclear",
          "no-failure"
        ],
        "signature_mse": 0.09606100578249809
      },
      "prediction_sets": {
        "coverage": 0.9391666666666667,
        "average_set_size": 5.317083333333334,
        "singleton_rate": 0.0,
        "empty_set_rate": 0.0
      },
      "action_counts": {
        "stop": 2400
      }
    },
    "uncertainty_greedy|1|0.9": {
      "row_count": 2400,
      "mean_acquisition_cost": 1.0,
      "diagnostic": {
        "record_count": 2400,
        "source_bit_micro_f1": 0.6971608832807571,
        "source_bit_macro_f1": 0.6772833032432163,
        "source_bit_hamming_loss": 0.18666666666666668,
        "source_bit_auroc": {
          "visual": 0.7315448645497906,
          "language": 0.9897288995130642,
          "alignment": 0.8900932651492974
        },
        "six_way_macro_f1": 0.3868392522341584,
        "six_way_balanced_accuracy": 0.46702037052706885,
        "six_way_confusion_matrix": [
          [
            114,
            1,
            73,
            6,
            194,
            38
          ],
          [
            17,
            527,
            1,
            58,
            7,
            0
          ],
          [
            8,
            0,
            58,
            17,
            12,
            2
          ],
          [
            33,
            90,
            95,
            194,
            24,
            5
          ],
          [
            12,
            0,
            27,
            0,
            49,
            13
          ],
          [
            121,
            2,
            135,
            0,
            360,
            107
          ]
        ],
        "six_way_labels": [
          "visual",
          "language-prior",
          "alignment",
          "mixed",
          "unclear",
          "no-failure"
        ],
        "signature_mse": 0.02928148951698168
      },
      "prediction_sets": {
        "coverage": 0.9704166666666667,
        "average_set_size": 3.984166666666667,
        "singleton_rate": 0.04625,
        "empty_set_rate": 0.01375
      },
      "action_counts": {
        "blank": 2010,
        "stop": 2400,
        "grounding": 122,
        "brightness": 80,
        "blur": 184,
        "crop": 4
      }
    },
    "uncertainty_greedy|1|0.95": {
      "row_count": 2400,
      "mean_acquisition_cost": 1.0,
      "diagnostic": {
        "record_count": 2400,
        "source_bit_micro_f1": 0.6971608832807571,
        "source_bit_macro_f1": 0.6772833032432163,
        "source_bit_hamming_loss": 0.18666666666666668,
        "source_bit_auroc": {
          "visual": 0.7315448645497906,
          "language": 0.9897288995130642,
          "alignment": 0.8900932651492974
        },
        "six_way_macro_f1": 0.3868392522341584,
        "six_way_balanced_accuracy": 0.46702037052706885,
        "six_way_confusion_matrix": [
          [
            114,
            1,
            73,
            6,
            194,
            38
          ],
          [
            17,
            527,
            1,
            58,
            7,
            0
          ],
          [
            8,
            0,
            58,
            17,
            12,
            2
          ],
          [
            33,
            90,
            95,
            194,
            24,
            5
          ],
          [
            12,
            0,
            27,
            0,
            49,
            13
          ],
          [
            121,
            2,
            135,
            0,
            360,
            107
          ]
        ],
        "six_way_labels": [
          "visual",
          "language-prior",
          "alignment",
          "mixed",
          "unclear",
          "no-failure"
        ],
        "signature_mse": 0.02928148951698168
      },
      "prediction_sets": {
        "coverage": 0.995,
        "average_set_size": 4.3,
        "singleton_rate": 0.024583333333333332,
        "empty_set_rate": 0.0020833333333333333
      },
      "action_counts": {
        "blank": 2010,
        "stop": 2400,
        "grounding": 122,
        "brightness": 80,
        "blur": 184,
        "crop": 4
      }
    },
    "uncertainty_greedy|2|0.9": {
      "row_count": 2400,
      "mean_acquisition_cost": 1.99375,
      "diagnostic": {
        "record_count": 2400,
        "source_bit_micro_f1": 0.8295884877556172,
        "source_bit_macro_f1": 0.8195937982693037,
        "source_bit_hamming_loss": 0.09375,
        "source_bit_auroc": {
          "visual": 0.8328211349557819,
          "language": 0.9970491949565584,
          "alignment": 0.9625704405737705
        },
        "six_way_macro_f1": 0.5149573367329132,
        "six_way_balanced_accuracy": 0.5997643213963112,
        "six_way_confusion_matrix": [
          [
            194,
            1,
            5,
            1,
            205,
            20
          ],
          [
            8,
            553,
            0,
            41,
            3,
            5
          ],
          [
            0,
            0,
            76,
            11,
            7,
            3
          ],
          [
            33,
            68,
            74,
            256,
            6,
            4
          ],
          [
            9,
            0,
            4,
            0,
            71,
            17
          ],
          [
            26,
            3,
            32,
            0,
            541,
            123
          ]
        ],
        "six_way_labels": [
          "visual",
          "language-prior",
          "alignment",
          "mixed",
          "unclear",
          "no-failure"
        ],
        "signature_mse": 0.013374808542633778
      },
      "prediction_sets": {
        "coverage": 0.9729166666666667,
        "average_set_size": 3.71375,
        "singleton_rate": 0.06458333333333334,
        "empty_set_rate": 0.01625
      },
      "action_counts": {
        "blank": 2192,
        "grounding": 1135,
        "stop": 2400,
        "blur": 1212,
        "crop": 89,
        "brightness": 143,
        "noise": 14
      }
    },
    "uncertainty_greedy|2|0.95": {
      "row_count": 2400,
      "mean_acquisition_cost": 1.99375,
      "diagnostic": {
        "record_count": 2400,
        "source_bit_micro_f1": 0.8295884877556172,
        "source_bit_macro_f1": 0.8195937982693037,
        "source_bit_hamming_loss": 0.09375,
        "source_bit_auroc": {
          "visual": 0.8328211349557819,
          "language": 0.9970491949565584,
          "alignment": 0.9625704405737705
        },
        "six_way_macro_f1": 0.5149573367329132,
        "six_way_balanced_accuracy": 0.5997643213963112,
        "six_way_confusion_matrix": [
          [
            194,
            1,
            5,
            1,
            205,
            20
          ],
          [
            8,
            553,
            0,
            41,
            3,
            5
          ],
          [
            0,
            0,
            76,
            11,
            7,
            3
          ],
          [
            33,
            68,
            74,
            256,
            6,
            4
          ],
          [
            9,
            0,
            4,
            0,
            71,
            17
          ],
          [
            26,
            3,
            32,
            0,
            541,
            123
          ]
        ],
        "six_way_labels": [
          "visual",
          "language-prior",
          "alignment",
          "mixed",
          "unclear",
          "no-failure"
        ],
        "signature_mse": 0.013374808542633778
      },
      "prediction_sets": {
        "coverage": 0.99875,
        "average_set_size": 5.144166666666667,
        "singleton_rate": 0.009583333333333333,
        "empty_set_rate": 0.0
      },
      "action_counts": {
        "blank": 2192,
        "grounding": 1135,
        "stop": 2400,
        "blur": 1212,
        "crop": 89,
        "brightness": 143,
        "noise": 14
      }
    },
    "uncertainty_greedy|3|0.9": {
      "row_count": 2400,
      "mean_acquisition_cost": 2.9570833333333333,
      "diagnostic": {
        "record_count": 2400,
        "source_bit_micro_f1": 0.9168316831683169,
        "source_bit_macro_f1": 0.9148340381577801,
        "source_bit_hamming_loss": 0.04666666666666667,
        "source_bit_auroc": {
          "visual": 0.9122292595198999,
          "language": 0.9994403906375842,
          "alignment": 0.9826322819086651
        },
        "six_way_macro_f1": 0.6537223092461116,
        "six_way_balanced_accuracy": 0.7111787210663266,
        "six_way_confusion_matrix": [
          [
            300,
            1,
            0,
            0,
            100,
            25
          ],
          [
            1,
            578,
            0,
            27,
            3,
            1
          ],
          [
            0,
            0,
            83,
            7,
            2,
            5
          ],
          [
            7,
            45,
            31,
            356,
            0,
            2
          ],
          [
            5,
            0,
            1,
            0,
            70,
            25
          ],
          [
            16,
            3,
            3,
            0,
            515,
            188
          ]
        ],
        "six_way_labels": [
          "visual",
          "language-prior",
          "alignment",
          "mixed",
          "unclear",
          "no-failure"
        ],
        "signature_mse": 0.007975314244633016
      },
      "prediction_sets": {
        "coverage": 0.98,
        "average_set_size": 3.497916666666667,
        "singleton_rate": 0.07375,
        "empty_set_rate": 0.015
      },
      "action_counts": {
        "blank": 2304,
        "grounding": 1720,
        "blur": 1992,
        "stop": 2400,
        "crop": 777,
        "brightness": 240,
        "noise": 64
      }
    },
    "uncertainty_greedy|3|0.95": {
      "row_count": 2400,
      "mean_acquisition_cost": 2.9570833333333333,
      "diagnostic": {
        "record_count": 2400,
        "source_bit_micro_f1": 0.9168316831683169,
        "source_bit_macro_f1": 0.9148340381577801,
        "source_bit_hamming_loss": 0.04666666666666667,
        "source_bit_auroc": {
          "visual": 0.9122292595198999,
          "language": 0.9994403906375842,
          "alignment": 0.9826322819086651
        },
        "six_way_macro_f1": 0.6537223092461116,
        "six_way_balanced_accuracy": 0.7111787210663266,
        "six_way_confusion_matrix": [
          [
            300,
            1,
            0,
            0,
            100,
            25
          ],
          [
            1,
            578,
            0,
            27,
            3,
            1
          ],
          [
            0,
            0,
            83,
            7,
            2,
            5
          ],
          [
            7,
            45,
            31,
            356,
            0,
            2
          ],
          [
            5,
            0,
            1,
            0,
            70,
            25
          ],
          [
            16,
            3,
            3,
            0,
            515,
            188
          ]
        ],
        "six_way_labels": [
          "visual",
          "language-prior",
          "alignment",
          "mixed",
          "unclear",
          "no-failure"
        ],
        "signature_mse": 0.007975314244633016
      },
      "prediction_sets": {
        "coverage": 0.99875,
        "average_set_size": 4.884166666666666,
        "singleton_rate": 0.025833333333333333,
        "empty_set_rate": 0.0
      },
      "action_counts": {
        "blank": 2304,
        "grounding": 1720,
        "blur": 1992,
        "stop": 2400,
        "crop": 777,
        "brightness": 240,
        "noise": 64
      }
    },
    "uncertainty_greedy|4|0.9": {
      "row_count": 2400,
      "mean_acquisition_cost": 3.8475,
      "diagnostic": {
        "record_count": 2400,
        "source_bit_micro_f1": 0.9604907975460123,
        "source_bit_macro_f1": 0.9612168462890773,
        "source_bit_hamming_loss": 0.02236111111111111,
        "source_bit_auroc": {
          "visual": 0.9513687978384202,
          "language": 0.9996748215867043,
          "alignment": 0.9910851507611241
        },
        "six_way_macro_f1": 0.7336431721141743,
        "six_way_balanced_accuracy": 0.7776372781009709,
        "six_way_confusion_matrix": [
          [
            368,
            1,
            0,
            0,
            44,
            13
          ],
          [
            0,
            603,
            0,
            4,
            3,
            0
          ],
          [
            0,
            0,
            90,
            5,
            0,
            2
          ],
          [
            4,
            29,
            11,
            397,
            0,
            0
          ],
          [
            0,
            0,
            1,
            0,
            64,
            36
          ],
          [
            1,
            3,
            3,
            0,
            463,
            255
          ]
        ],
        "six_way_labels": [
          "visual",
          "language-prior",
          "alignment",
          "mixed",
          "unclear",
          "no-failure"
        ],
        "signature_mse": 0.006807787554383834
      },
      "prediction_sets": {
        "coverage": 0.9804166666666667,
        "average_set_size": 4.082916666666667,
        "singleton_rate": 0.06708333333333333,
        "empty_set_rate": 0.017083333333333332
      },
      "action_counts": {
        "blank": 2324,
        "grounding": 2021,
        "blur": 2297,
        "crop": 2032,
        "stop": 2400,
        "brightness": 446,
        "noise": 114
      }
    },
    "uncertainty_greedy|4|0.95": {
      "row_count": 2400,
      "mean_acquisition_cost": 3.8475,
      "diagnostic": {
        "record_count": 2400,
        "source_bit_micro_f1": 0.9604907975460123,
        "source_bit_macro_f1": 0.9612168462890773,
        "source_bit_hamming_loss": 0.02236111111111111,
        "source_bit_auroc": {
          "visual": 0.9513687978384202,
          "language": 0.9996748215867043,
          "alignment": 0.9910851507611241
        },
        "six_way_macro_f1": 0.7336431721141743,
        "six_way_balanced_accuracy": 0.7776372781009709,
        "six_way_confusion_matrix": [
          [
            368,
            1,
            0,
            0,
            44,
            13
          ],
          [
            0,
            603,
            0,
            4,
            3,
            0
          ],
          [
            0,
            0,
            90,
            5,
            0,
            2
          ],
          [
            4,
            29,
            11,
            397,
            0,
            0
          ],
          [
            0,
            0,
            1,
            0,
            64,
            36
          ],
          [
            1,
            3,
            3,
            0,
            463,
            255
          ]
        ],
        "six_way_labels": [
          "visual",
          "language-prior",
          "alignment",
          "mixed",
          "unclear",
          "no-failure"
        ],
        "signature_mse": 0.006807787554383834
      },
      "prediction_sets": {
        "coverage": 0.99875,
        "average_set_size": 4.65125,
        "singleton_rate": 0.052083333333333336,
        "empty_set_rate": 0.0
      },
      "action_counts": {
        "blank": 2324,
        "grounding": 2021,
        "blur": 2297,
        "crop": 2032,
        "stop": 2400,
        "brightness": 446,
        "noise": 114
      }
    },
    "uncertainty_greedy|7|0.9": {
      "row_count": 2400,
      "mean_acquisition_cost": 4.78,
      "diagnostic": {
        "record_count": 2400,
        "source_bit_micro_f1": 0.9763170613823103,
        "source_bit_macro_f1": 0.9760840105313277,
        "source_bit_hamming_loss": 0.01361111111111111,
        "source_bit_auroc": {
          "visual": 0.9810249654256221,
          "language": 0.9994245098313533,
          "alignment": 0.9953436036299765
        },
        "six_way_macro_f1": 0.7550874320922994,
        "six_way_balanced_accuracy": 0.7952154820717423,
        "six_way_confusion_matrix": [
          [
            390,
            1,
            0,
            0,
            35,
            0
          ],
          [
            0,
            600,
            0,
            7,
            3,
            0
          ],
          [
            0,
            0,
            91,
            6,
            0,
            0
          ],
          [
            3,
            2,
            1,
            435,
            0,
            0
          ],
          [
            0,
            0,
            1,
            0,
            62,
            38
          ],
          [
            0,
            2,
            2,
            0,
            479,
            242
          ]
        ],
        "six_way_labels": [
          "visual",
          "language-prior",
          "alignment",
          "mixed",
          "unclear",
          "no-failure"
        ],
        "signature_mse": 0.00811075511515151
      },
      "prediction_sets": {
        "coverage": 0.9995833333333334,
        "average_set_size": 4.644583333333333,
        "singleton_rate": 0.07208333333333333,
        "empty_set_rate": 0.0
      },
      "action_counts": {
        "blank": 2311,
        "grounding": 2141,
        "blur": 2297,
        "crop": 2105,
        "brightness": 1586,
        "noise": 1032,
        "stop": 2400
      }
    },
    "uncertainty_greedy|7|0.95": {
      "row_count": 2400,
      "mean_acquisition_cost": 4.78,
      "diagnostic": {
        "record_count": 2400,
        "source_bit_micro_f1": 0.9763170613823103,
        "source_bit_macro_f1": 0.9760840105313277,
        "source_bit_hamming_loss": 0.01361111111111111,
        "source_bit_auroc": {
          "visual": 0.9810249654256221,
          "language": 0.9994245098313533,
          "alignment": 0.9953436036299765
        },
        "six_way_macro_f1": 0.7550874320922994,
        "six_way_balanced_accuracy": 0.7952154820717423,
        "six_way_confusion_matrix": [
          [
            390,
            1,
            0,
            0,
            35,
            0
          ],
          [
            0,
            600,
            0,
            7,
            3,
            0
          ],
          [
            0,
            0,
            91,
            6,
            0,
            0
          ],
          [
            3,
            2,
            1,
            435,
            0,
            0
          ],
          [
            0,
            0,
            1,
            0,
            62,
            38
          ],
          [
            0,
            2,
            2,
            0,
            479,
            242
          ]
        ],
        "six_way_labels": [
          "visual",
          "language-prior",
          "alignment",
          "mixed",
          "unclear",
          "no-failure"
        ],
        "signature_mse": 0.00811075511515151
      },
      "prediction_sets": {
        "coverage": 0.9995833333333334,
        "average_set_size": 4.644583333333333,
        "singleton_rate": 0.07208333333333333,
        "empty_set_rate": 0.0
      },
      "action_counts": {
        "blank": 2311,
        "grounding": 2141,
        "blur": 2297,
        "crop": 2105,
        "brightness": 1586,
        "noise": 1032,
        "stop": 2400
      }
    },
    "visual_first|1|0.9": {
      "row_count": 2400,
      "mean_acquisition_cost": 1.0,
      "diagnostic": {
        "record_count": 2400,
        "source_bit_micro_f1": 0.6494275562574023,
        "source_bit_macro_f1": 0.6640874267606941,
        "source_bit_hamming_loss": 0.24666666666666667,
        "source_bit_auroc": {
          "visual": 0.9105497069372275,
          "language": 0.629858108777473,
          "alignment": 0.8974243449941451
        },
        "six_way_macro_f1": 0.36660513555726215,
        "six_way_balanced_accuracy": 0.43622255819245,
        "six_way_confusion_matrix": [
          [
            277,
            44,
            29,
            44,
            29,
            3
          ],
          [
            17,
            410,
            45,
            1,
            112,
            25
          ],
          [
            0,
            8,
            60,
            15,
            12,
            2
          ],
          [
            97,
            34,
            91,
            170,
            47,
            2
          ],
          [
            1,
            44,
            21,
            1,
            22,
            12
          ],
          [
            6,
            443,
            81,
            0,
            142,
            53
          ]
        ],
        "six_way_labels": [
          "visual",
          "language-prior",
          "alignment",
          "mixed",
          "unclear",
          "no-failure"
        ],
        "signature_mse": 0.1149063258310482
      },
      "prediction_sets": {
        "coverage": 0.8854166666666666,
        "average_set_size": 4.06125,
        "singleton_rate": 0.13541666666666666,
        "empty_set_rate": 0.017083333333333332
      },
      "action_counts": {
        "blur": 2400,
        "stop": 2400
      }
    },
    "visual_first|1|0.95": {
      "row_count": 2400,
      "mean_acquisition_cost": 1.0,
      "diagnostic": {
        "record_count": 2400,
        "source_bit_micro_f1": 0.6494275562574023,
        "source_bit_macro_f1": 0.6640874267606941,
        "source_bit_hamming_loss": 0.24666666666666667,
        "source_bit_auroc": {
          "visual": 0.9105497069372275,
          "language": 0.629858108777473,
          "alignment": 0.8974243449941451
        },
        "six_way_macro_f1": 0.36660513555726215,
        "six_way_balanced_accuracy": 0.43622255819245,
        "six_way_confusion_matrix": [
          [
            277,
            44,
            29,
            44,
            29,
            3
          ],
          [
            17,
            410,
            45,
            1,
            112,
            25
          ],
          [
            0,
            8,
            60,
            15,
            12,
            2
          ],
          [
            97,
            34,
            91,
            170,
            47,
            2
          ],
          [
            1,
            44,
            21,
            1,
            22,
            12
          ],
          [
            6,
            443,
            81,
            0,
            142,
            53
          ]
        ],
        "six_way_labels": [
          "visual",
          "language-prior",
          "alignment",
          "mixed",
          "unclear",
          "no-failure"
        ],
        "signature_mse": 0.1149063258310482
      },
      "prediction_sets": {
        "coverage": 0.93,
        "average_set_size": 4.274583333333333,
        "singleton_rate": 0.06958333333333333,
        "empty_set_rate": 0.0033333333333333335
      },
      "action_counts": {
        "blur": 2400,
        "stop": 2400
      }
    },
    "visual_first|2|0.9": {
      "row_count": 2400,
      "mean_acquisition_cost": 2.0,
      "diagnostic": {
        "record_count": 2400,
        "source_bit_micro_f1": 0.6859076433121019,
        "source_bit_macro_f1": 0.7068087682492666,
        "source_bit_hamming_loss": 0.21916666666666668,
        "source_bit_auroc": {
          "visual": 0.9440211008355508,
          "language": 0.6348979960691223,
          "alignment": 0.896028112192623
        },
        "six_way_macro_f1": 0.390696929867499,
        "six_way_balanced_accuracy": 0.4646308037195778,
        "six_way_confusion_matrix": [
          [
            292,
            28,
            12,
            74,
            17,
            3
          ],
          [
            1,
            420,
            64,
            2,
            101,
            22
          ],
          [
            0,
            7,
            69,
            9,
            9,
            3
          ],
          [
            114,
            29,
            72,
            201,
            22,
            3
          ],
          [
            0,
            51,
            24,
            0,
            16,
            10
          ],
          [
            0,
            448,
            82,
            1,
            130,
            64
          ]
        ],
        "six_way_labels": [
          "visual",
          "language-prior",
          "alignment",
          "mixed",
          "unclear",
          "no-failure"
        ],
        "signature_mse": 0.11704924485487418
      },
      "prediction_sets": {
        "coverage": 0.9095833333333333,
        "average_set_size": 3.892916666666667,
        "singleton_rate": 0.18666666666666668,
        "empty_set_rate": 0.012916666666666667
      },
      "action_counts": {
        "blur": 2400,
        "crop": 2400,
        "stop": 2400
      }
    },
    "visual_first|2|0.95": {
      "row_count": 2400,
      "mean_acquisition_cost": 2.0,
      "diagnostic": {
        "record_count": 2400,
        "source_bit_micro_f1": 0.6859076433121019,
        "source_bit_macro_f1": 0.7068087682492666,
        "source_bit_hamming_loss": 0.21916666666666668,
        "source_bit_auroc": {
          "visual": 0.9440211008355508,
          "language": 0.6348979960691223,
          "alignment": 0.896028112192623
        },
        "six_way_macro_f1": 0.390696929867499,
        "six_way_balanced_accuracy": 0.4646308037195778,
        "six_way_confusion_matrix": [
          [
            292,
            28,
            12,
            74,
            17,
            3
          ],
          [
            1,
            420,
            64,
            2,
            101,
            22
          ],
          [
            0,
            7,
            69,
            9,
            9,
            3
          ],
          [
            114,
            29,
            72,
            201,
            22,
            3
          ],
          [
            0,
            51,
            24,
            0,
            16,
            10
          ],
          [
            0,
            448,
            82,
            1,
            130,
            64
          ]
        ],
        "six_way_labels": [
          "visual",
          "language-prior",
          "alignment",
          "mixed",
          "unclear",
          "no-failure"
        ],
        "signature_mse": 0.11704924485487418
      },
      "prediction_sets": {
        "coverage": 0.9766666666666667,
        "average_set_size": 5.111666666666666,
        "singleton_rate": 0.03916666666666667,
        "empty_set_rate": 0.0
      },
      "action_counts": {
        "blur": 2400,
        "crop": 2400,
        "stop": 2400
      }
    },
    "visual_first|3|0.9": {
      "row_count": 2400,
      "mean_acquisition_cost": 3.0,
      "diagnostic": {
        "record_count": 2400,
        "source_bit_micro_f1": 0.7226013649136893,
        "source_bit_macro_f1": 0.7423263568018154,
        "source_bit_hamming_loss": 0.19194444444444445,
        "source_bit_auroc": {
          "visual": 0.9931096088731557,
          "language": 0.6436630667651781,
          "alignment": 0.8997136636416861
        },
        "six_way_macro_f1": 0.40646178756273393,
        "six_way_balanced_accuracy": 0.4844800348126997,
        "six_way_confusion_matrix": [
          [
            330,
            2,
            4,
            86,
            4,
            0
          ],
          [
            0,
            426,
            58,
            1,
            91,
            34
          ],
          [
            0,
            8,
            68,
            10,
            8,
            3
          ],
          [
            136,
            14,
            61,
            215,
            11,
            4
          ],
          [
            0,
            52,
            22,
            0,
            16,
            11
          ],
          [
            0,
            447,
            86,
            2,
            127,
            63
          ]
        ],
        "six_way_labels": [
          "visual",
          "language-prior",
          "alignment",
          "mixed",
          "unclear",
          "no-failure"
        ],
        "signature_mse": 0.11478097805873243
      },
      "prediction_sets": {
        "coverage": 0.92875,
        "average_set_size": 3.8441666666666667,
        "singleton_rate": 0.20916666666666667,
        "empty_set_rate": 0.0075
      },
      "action_counts": {
        "blur": 2400,
        "crop": 2400,
        "brightness": 2400,
        "stop": 2400
      }
    },
    "visual_first|3|0.95": {
      "row_count": 2400,
      "mean_acquisition_cost": 3.0,
      "diagnostic": {
        "record_count": 2400,
        "source_bit_micro_f1": 0.7226013649136893,
        "source_bit_macro_f1": 0.7423263568018154,
        "source_bit_hamming_loss": 0.19194444444444445,
        "source_bit_auroc": {
          "visual": 0.9931096088731557,
          "language": 0.6436630667651781,
          "alignment": 0.8997136636416861
        },
        "six_way_macro_f1": 0.40646178756273393,
        "six_way_balanced_accuracy": 0.4844800348126997,
        "six_way_confusion_matrix": [
          [
            330,
            2,
            4,
            86,
            4,
            0
          ],
          [
            0,
            426,
            58,
            1,
            91,
            34
          ],
          [
            0,
            8,
            68,
            10,
            8,
            3
          ],
          [
            136,
            14,
            61,
            215,
            11,
            4
          ],
          [
            0,
            52,
            22,
            0,
            16,
            11
          ],
          [
            0,
            447,
            86,
            2,
            127,
            63
          ]
        ],
        "six_way_labels": [
          "visual",
          "language-prior",
          "alignment",
          "mixed",
          "unclear",
          "no-failure"
        ],
        "signature_mse": 0.11478097805873243
      },
      "prediction_sets": {
        "coverage": 0.9779166666666667,
        "average_set_size": 4.931666666666667,
        "singleton_rate": 0.07625,
        "empty_set_rate": 0.0
      },
      "action_counts": {
        "blur": 2400,
        "crop": 2400,
        "brightness": 2400,
        "stop": 2400
      }
    },
    "visual_first|4|0.9": {
      "row_count": 2400,
      "mean_acquisition_cost": 4.0,
      "diagnostic": {
        "record_count": 2400,
        "source_bit_micro_f1": 0.7265453090618124,
        "source_bit_macro_f1": 0.746399106729989,
        "source_bit_hamming_loss": 0.18986111111111112,
        "source_bit_auroc": {
          "visual": 0.9995454584945553,
          "language": 0.6432331506536464,
          "alignment": 0.8979629409396955
        },
        "six_way_macro_f1": 0.4086107866858784,
        "six_way_balanced_accuracy": 0.48860951823405685,
        "six_way_confusion_matrix": [
          [
            337,
            0,
            0,
            88,
            1,
            0
          ],
          [
            0,
            430,
            64,
            0,
            79,
            37
          ],
          [
            0,
            8,
            69,
            9,
            7,
            4
          ],
          [
            144,
            13,
            59,
            215,
            7,
            3
          ],
          [
            0,
            51,
            23,
            0,
            15,
            12
          ],
          [
            0,
            456,
            85,
            2,
            118,
            64
          ]
        ],
        "six_way_labels": [
          "visual",
          "language-prior",
          "alignment",
          "mixed",
          "unclear",
          "no-failure"
        ],
        "signature_mse": 0.11406752325831676
      },
      "prediction_sets": {
        "coverage": 0.9604166666666667,
        "average_set_size": 4.373333333333333,
        "singleton_rate": 0.13875,
        "empty_set_rate": 0.0033333333333333335
      },
      "action_counts": {
        "blur": 2400,
        "crop": 2400,
        "brightness": 2400,
        "noise": 2400,
        "stop": 2400
      }
    },
    "visual_first|4|0.95": {
      "row_count": 2400,
      "mean_acquisition_cost": 4.0,
      "diagnostic": {
        "record_count": 2400,
        "source_bit_micro_f1": 0.7265453090618124,
        "source_bit_macro_f1": 0.746399106729989,
        "source_bit_hamming_loss": 0.18986111111111112,
        "source_bit_auroc": {
          "visual": 0.9995454584945553,
          "language": 0.6432331506536464,
          "alignment": 0.8979629409396955
        },
        "six_way_macro_f1": 0.4086107866858784,
        "six_way_balanced_accuracy": 0.48860951823405685,
        "six_way_confusion_matrix": [
          [
            337,
            0,
            0,
            88,
            1,
            0
          ],
          [
            0,
            430,
            64,
            0,
            79,
            37
          ],
          [
            0,
            8,
            69,
            9,
            7,
            4
          ],
          [
            144,
            13,
            59,
            215,
            7,
            3
          ],
          [
            0,
            51,
            23,
            0,
            15,
            12
          ],
          [
            0,
            456,
            85,
            2,
            118,
            64
          ]
        ],
        "six_way_labels": [
          "visual",
          "language-prior",
          "alignment",
          "mixed",
          "unclear",
          "no-failure"
        ],
        "signature_mse": 0.11406752325831676
      },
      "prediction_sets": {
        "coverage": 0.9808333333333333,
        "average_set_size": 4.8625,
        "singleton_rate": 0.09,
        "empty_set_rate": 0.0
      },
      "action_counts": {
        "blur": 2400,
        "crop": 2400,
        "brightness": 2400,
        "noise": 2400,
        "stop": 2400
      }
    },
    "visual_first|7|0.9": {
      "row_count": 2400,
      "mean_acquisition_cost": 6.0,
      "diagnostic": {
        "record_count": 2400,
        "source_bit_micro_f1": 0.9945146673026473,
        "source_bit_macro_f1": 0.9945310972449599,
        "source_bit_hamming_loss": 0.0031944444444444446,
        "source_bit_auroc": {
          "visual": 0.9993085124448015,
          "language": 0.9999637010143297,
          "alignment": 0.9980514490632317
        },
        "six_way_macro_f1": 0.7697286824384438,
        "six_way_balanced_accuracy": 0.8116203816452868,
        "six_way_confusion_matrix": [
          [
            424,
            0,
            0,
            1,
            1,
            0
          ],
          [
            0,
            607,
            0,
            0,
            3,
            0
          ],
          [
            0,
            0,
            91,
            6,
            0,
            0
          ],
          [
            6,
            0,
            1,
            434,
            0,
            0
          ],
          [
            0,
            0,
            0,
            0,
            61,
            40
          ],
          [
            0,
            2,
            2,
            0,
            465,
            256
          ]
        ],
        "six_way_labels": [
          "visual",
          "language-prior",
          "alignment",
          "mixed",
          "unclear",
          "no-failure"
        ],
        "signature_mse": 0.005613017769843391
      },
      "prediction_sets": {
        "coverage": 0.99875,
        "average_set_size": 4.515416666666667,
        "singleton_rate": 0.11125,
        "empty_set_rate": 0.0
      },
      "action_counts": {
        "blur": 2400,
        "crop": 2400,
        "brightness": 2400,
        "noise": 2400,
        "blank": 2400,
        "grounding": 2400,
        "stop": 2400
      }
    },
    "visual_first|7|0.95": {
      "row_count": 2400,
      "mean_acquisition_cost": 6.0,
      "diagnostic": {
        "record_count": 2400,
        "source_bit_micro_f1": 0.9945146673026473,
        "source_bit_macro_f1": 0.9945310972449599,
        "source_bit_hamming_loss": 0.0031944444444444446,
        "source_bit_auroc": {
          "visual": 0.9993085124448015,
          "language": 0.9999637010143297,
          "alignment": 0.9980514490632317
        },
        "six_way_macro_f1": 0.7697286824384438,
        "six_way_balanced_accuracy": 0.8116203816452868,
        "six_way_confusion_matrix": [
          [
            424,
            0,
            0,
            1,
            1,
            0
          ],
          [
            0,
            607,
            0,
            0,
            3,
            0
          ],
          [
            0,
            0,
            91,
            6,
            0,
            0
          ],
          [
            6,
            0,
            1,
            434,
            0,
            0
          ],
          [
            0,
            0,
            0,
            0,
            61,
            40
          ],
          [
            0,
            2,
            2,
            0,
            465,
            256
          ]
        ],
        "six_way_labels": [
          "visual",
          "language-prior",
          "alignment",
          "mixed",
          "unclear",
          "no-failure"
        ],
        "signature_mse": 0.005613017769843391
      },
      "prediction_sets": {
        "coverage": 0.99875,
        "average_set_size": 4.515416666666667,
        "singleton_rate": 0.11125,
        "empty_set_rate": 0.0
      },
      "action_counts": {
        "blur": 2400,
        "crop": 2400,
        "brightness": 2400,
        "noise": 2400,
        "blank": 2400,
        "grounding": 2400,
        "stop": 2400
      }
    }
  },
  "frontier_rows": [
    {
      "condition": "blank_first",
      "maximum_budget": 1,
      "target_coverage": 0.9,
      "row_count": 2400,
      "mean_acquisition_cost": 1.0,
      "source_bit_macro_f1": 0.6933483554646468,
      "source_bit_micro_f1": 0.7157847733869167,
      "six_way_macro_f1": 0.38543676872319654,
      "coverage": 0.99,
      "average_set_size": 4.011666666666667,
      "pareto_nondominated": false
    },
    {
      "condition": "blank_first",
      "maximum_budget": 1,
      "target_coverage": 0.95,
      "row_count": 2400,
      "mean_acquisition_cost": 1.0,
      "source_bit_macro_f1": 0.6933483554646468,
      "source_bit_micro_f1": 0.7157847733869167,
      "six_way_macro_f1": 0.38543676872319654,
      "coverage": 0.9958333333333333,
      "average_set_size": 4.324166666666667,
      "pareto_nondominated": false
    },
    {
      "condition": "blank_first",
      "maximum_budget": 2,
      "target_coverage": 0.9,
      "row_count": 2400,
      "mean_acquisition_cost": 2.0,
      "source_bit_macro_f1": 0.8415138169558946,
      "source_bit_micro_f1": 0.8233884495566739,
      "six_way_macro_f1": 0.4848169843956837,
      "coverage": 0.9941666666666666,
      "average_set_size": 3.83125,
      "pareto_nondominated": false
    },
    {
      "condition": "blank_first",
      "maximum_budget": 2,
      "target_coverage": 0.95,
      "row_count": 2400,
      "mean_acquisition_cost": 2.0,
      "source_bit_macro_f1": 0.8415138169558946,
      "source_bit_micro_f1": 0.8233884495566739,
      "six_way_macro_f1": 0.4848169843956837,
      "coverage": 0.9991666666666666,
      "average_set_size": 5.187083333333334,
      "pareto_nondominated": false
    },
    {
      "condition": "blank_first",
      "maximum_budget": 3,
      "target_coverage": 0.9,
      "row_count": 2400,
      "mean_acquisition_cost": 3.0,
      "source_bit_macro_f1": 0.9348807034078676,
      "source_bit_micro_f1": 0.930460333006856,
      "six_way_macro_f1": 0.6670449993609356,
      "coverage": 0.9816666666666667,
      "average_set_size": 3.4483333333333333,
      "pareto_nondominated": false
    },
    {
      "condition": "blank_first",
      "maximum_budget": 3,
      "target_coverage": 0.95,
      "row_count": 2400,
      "mean_acquisition_cost": 3.0,
      "source_bit_macro_f1": 0.9348807034078676,
      "source_bit_micro_f1": 0.930460333006856,
      "six_way_macro_f1": 0.6670449993609356,
      "coverage": 0.9995833333333334,
      "average_set_size": 4.835,
      "pareto_nondominated": false
    },
    {
      "condition": "blank_first",
      "maximum_budget": 4,
      "target_coverage": 0.9,
      "row_count": 2400,
      "mean_acquisition_cost": 4.0,
      "source_bit_macro_f1": 0.9668596563694608,
      "source_bit_micro_f1": 0.9645909645909646,
      "six_way_macro_f1": 0.7330634300240249,
      "coverage": 0.97875,
      "average_set_size": 4.044583333333334,
      "pareto_nondominated": false
    },
    {
      "condition": "blank_first",
      "maximum_budget": 4,
      "target_coverage": 0.95,
      "row_count": 2400,
      "mean_acquisition_cost": 4.0,
      "source_bit_macro_f1": 0.9668596563694608,
      "source_bit_micro_f1": 0.9645909645909646,
      "six_way_macro_f1": 0.7330634300240249,
      "coverage": 0.99875,
      "average_set_size": 4.598333333333334,
      "pareto_nondominated": false
    },
    {
      "condition": "blank_first",
      "maximum_budget": 7,
      "target_coverage": 0.9,
      "row_count": 2400,
      "mean_acquisition_cost": 6.0,
      "source_bit_macro_f1": 0.9945310972449599,
      "source_bit_micro_f1": 0.9945146673026473,
      "six_way_macro_f1": 0.7697286824384438,
      "coverage": 0.99875,
      "average_set_size": 4.515416666666667,
      "pareto_nondominated": true
    },
    {
      "condition": "blank_first",
      "maximum_budget": 7,
      "target_coverage": 0.95,
      "row_count": 2400,
      "mean_acquisition_cost": 6.0,
      "source_bit_macro_f1": 0.9945310972449599,
      "source_bit_micro_f1": 0.9945146673026473,
      "six_way_macro_f1": 0.7697286824384438,
      "coverage": 0.99875,
      "average_set_size": 4.515416666666667,
      "pareto_nondominated": true
    },
    {
      "condition": "clean_only_learned",
      "maximum_budget": 1,
      "target_coverage": 0.9,
      "row_count": 2400,
      "mean_acquisition_cost": 0.0,
      "source_bit_macro_f1": 0.5657329633299907,
      "source_bit_micro_f1": 0.5275229357798165,
      "six_way_macro_f1": 0.21930182056995154,
      "coverage": 0.9033333333333333,
      "average_set_size": 4.756666666666667,
      "pareto_nondominated": false
    },
    {
      "condition": "clean_only_learned",
      "maximum_budget": 1,
      "target_coverage": 0.95,
      "row_count": 2400,
      "mean_acquisition_cost": 0.0,
      "source_bit_macro_f1": 0.5657329633299907,
      "source_bit_micro_f1": 0.5275229357798165,
      "six_way_macro_f1": 0.21930182056995154,
      "coverage": 0.9045833333333333,
      "average_set_size": 4.786666666666667,
      "pareto_nondominated": false
    },
    {
      "condition": "clean_only_learned",
      "maximum_budget": 2,
      "target_coverage": 0.9,
      "row_count": 2400,
      "mean_acquisition_cost": 0.0,
      "source_bit_macro_f1": 0.5657329633299907,
      "source_bit_micro_f1": 0.5275229357798165,
      "six_way_macro_f1": 0.21930182056995154,
      "coverage": 0.9033333333333333,
      "average_set_size": 4.756666666666667,
      "pareto_nondominated": false
    },
    {
      "condition": "clean_only_learned",
      "maximum_budget": 2,
      "target_coverage": 0.95,
      "row_count": 2400,
      "mean_acquisition_cost": 0.0,
      "source_bit_macro_f1": 0.5657329633299907,
      "source_bit_micro_f1": 0.5275229357798165,
      "six_way_macro_f1": 0.21930182056995154,
      "coverage": 0.9045833333333333,
      "average_set_size": 4.786666666666667,
      "pareto_nondominated": false
    },
    {
      "condition": "clean_only_learned",
      "maximum_budget": 3,
      "target_coverage": 0.9,
      "row_count": 2400,
      "mean_acquisition_cost": 0.0,
      "source_bit_macro_f1": 0.5657329633299907,
      "source_bit_micro_f1": 0.5275229357798165,
      "six_way_macro_f1": 0.21930182056995154,
      "coverage": 0.9033333333333333,
      "average_set_size": 4.756666666666667,
      "pareto_nondominated": false
    },
    {
      "condition": "clean_only_learned",
      "maximum_budget": 3,
      "target_coverage": 0.95,
      "row_count": 2400,
      "mean_acquisition_cost": 0.0,
      "source_bit_macro_f1": 0.5657329633299907,
      "source_bit_micro_f1": 0.5275229357798165,
      "six_way_macro_f1": 0.21930182056995154,
      "coverage": 0.9045833333333333,
      "average_set_size": 4.786666666666667,
      "pareto_nondominated": false
    },
    {
      "condition": "clean_only_learned",
      "maximum_budget": 4,
      "target_coverage": 0.9,
      "row_count": 2400,
      "mean_acquisition_cost": 0.0,
      "source_bit_macro_f1": 0.5657329633299907,
      "source_bit_micro_f1": 0.5275229357798165,
      "six_way_macro_f1": 0.21930182056995154,
      "coverage": 0.9033333333333333,
      "average_set_size": 4.756666666666667,
      "pareto_nondominated": false
    },
    {
      "condition": "clean_only_learned",
      "maximum_budget": 4,
      "target_coverage": 0.95,
      "row_count": 2400,
      "mean_acquisition_cost": 0.0,
      "source_bit_macro_f1": 0.5657329633299907,
      "source_bit_micro_f1": 0.5275229357798165,
      "six_way_macro_f1": 0.21930182056995154,
      "coverage": 0.9045833333333333,
      "average_set_size": 4.786666666666667,
      "pareto_nondominated": false
    },
    {
      "condition": "clean_only_learned",
      "maximum_budget": 7,
      "target_coverage": 0.9,
      "row_count": 2400,
      "mean_acquisition_cost": 0.0,
      "source_bit_macro_f1": 0.5657329633299907,
      "source_bit_micro_f1": 0.5275229357798165,
      "six_way_macro_f1": 0.21930182056995154,
      "coverage": 0.9033333333333333,
      "average_set_size": 4.756666666666667,
      "pareto_nondominated": false
    },
    {
      "condition": "clean_only_learned",
      "maximum_budget": 7,
      "target_coverage": 0.95,
      "row_count": 2400,
      "mean_acquisition_cost": 0.0,
      "source_bit_macro_f1": 0.5657329633299907,
      "source_bit_micro_f1": 0.5275229357798165,
      "six_way_macro_f1": 0.21930182056995154,
      "coverage": 0.9045833333333333,
      "average_set_size": 4.786666666666667,
      "pareto_nondominated": false
    },
    {
      "condition": "diagnostic_no_acquisition",
      "maximum_budget": 1,
      "target_coverage": 0.9,
      "row_count": 2400,
      "mean_acquisition_cost": 0.0,
      "source_bit_macro_f1": 0.539452914166428,
      "source_bit_micro_f1": 0.5296154547111354,
      "six_way_macro_f1": 0.21717530134363447,
      "coverage": 0.90375,
      "average_set_size": 4.710416666666666,
      "pareto_nondominated": false
    },
    {
      "condition": "diagnostic_no_acquisition",
      "maximum_budget": 1,
      "target_coverage": 0.95,
      "row_count": 2400,
      "mean_acquisition_cost": 0.0,
      "source_bit_macro_f1": 0.539452914166428,
      "source_bit_micro_f1": 0.5296154547111354,
      "six_way_macro_f1": 0.21717530134363447,
      "coverage": 0.90375,
      "average_set_size": 4.7491666666666665,
      "pareto_nondominated": false
    },
    {
      "condition": "diagnostic_no_acquisition",
      "maximum_budget": 2,
      "target_coverage": 0.9,
      "row_count": 2400,
      "mean_acquisition_cost": 0.0,
      "source_bit_macro_f1": 0.5408937701575284,
      "source_bit_micro_f1": 0.5300146412884333,
      "six_way_macro_f1": 0.21239298428052367,
      "coverage": 0.905,
      "average_set_size": 4.7404166666666665,
      "pareto_nondominated": false
    },
    {
      "condition": "diagnostic_no_acquisition",
      "maximum_budget": 2,
      "target_coverage": 0.95,
      "row_count": 2400,
      "mean_acquisition_cost": 0.0,
      "source_bit_macro_f1": 0.5408937701575284,
      "source_bit_micro_f1": 0.5300146412884333,
      "six_way_macro_f1": 0.21239298428052367,
      "coverage": 0.95875,
      "average_set_size": 5.4591666666666665,
      "pareto_nondominated": false
    },
    {
      "condition": "diagnostic_no_acquisition",
      "maximum_budget": 3,
      "target_coverage": 0.9,
      "row_count": 2400,
      "mean_acquisition_cost": 0.0,
      "source_bit_macro_f1": 0.5416425150777832,
      "source_bit_micro_f1": 0.5319265053665636,
      "six_way_macro_f1": 0.21811498232958657,
      "coverage": 0.9020833333333333,
      "average_set_size": 4.80625,
      "pareto_nondominated": false
    },
    {
      "condition": "diagnostic_no_acquisition",
      "maximum_budget": 3,
      "target_coverage": 0.95,
      "row_count": 2400,
      "mean_acquisition_cost": 0.0,
      "source_bit_macro_f1": 0.5416425150777832,
      "source_bit_micro_f1": 0.5319265053665636,
      "six_way_macro_f1": 0.21811498232958657,
      "coverage": 0.955,
      "average_set_size": 5.43875,
      "pareto_nondominated": false
    },
    {
      "condition": "diagnostic_no_acquisition",
      "maximum_budget": 4,
      "target_coverage": 0.9,
      "row_count": 2400,
      "mean_acquisition_cost": 0.0,
      "source_bit_macro_f1": 0.5382448587374614,
      "source_bit_micro_f1": 0.530242665700833,
      "six_way_macro_f1": 0.21375214785059413,
      "coverage": 0.9233333333333333,
      "average_set_size": 5.135833333333333,
      "pareto_nondominated": false
    },
    {
      "condition": "diagnostic_no_acquisition",
      "maximum_budget": 4,
      "target_coverage": 0.95,
      "row_count": 2400,
      "mean_acquisition_cost": 0.0,
      "source_bit_macro_f1": 0.5382448587374614,
      "source_bit_micro_f1": 0.530242665700833,
      "six_way_macro_f1": 0.21375214785059413,
      "coverage": 0.9516666666666667,
      "average_set_size": 5.442083333333334,
      "pareto_nondominated": false
    },
    {
      "condition": "diagnostic_no_acquisition",
      "maximum_budget": 7,
      "target_coverage": 0.9,
      "row_count": 2400,
      "mean_acquisition_cost": 0.0,
      "source_bit_macro_f1": 0.5368492180203114,
      "source_bit_micro_f1": 0.526836416926177,
      "six_way_macro_f1": 0.20868995933810353,
      "coverage": 0.9491666666666667,
      "average_set_size": 5.470416666666667,
      "pareto_nondominated": false
    },
    {
      "condition": "diagnostic_no_acquisition",
      "maximum_budget": 7,
      "target_coverage": 0.95,
      "row_count": 2400,
      "mean_acquisition_cost": 0.0,
      "source_bit_macro_f1": 0.5368492180203114,
      "source_bit_micro_f1": 0.526836416926177,
      "six_way_macro_f1": 0.20868995933810353,
      "coverage": 0.9491666666666667,
      "average_set_size": 5.470416666666667,
      "pareto_nondominated": false
    },
    {
      "condition": "full_teacher",
      "maximum_budget": 7,
      "target_coverage": 0.9,
      "row_count": 2400,
      "mean_acquisition_cost": 6.0,
      "source_bit_macro_f1": 0.9945310972449599,
      "source_bit_micro_f1": 0.9945146673026473,
      "six_way_macro_f1": 0.7697286824384438,
      "coverage": 0.99875,
      "average_set_size": 4.515416666666667,
      "pareto_nondominated": true
    },
    {
      "condition": "full_teacher",
      "maximum_budget": 7,
      "target_coverage": 0.95,
      "row_count": 2400,
      "mean_acquisition_cost": 6.0,
      "source_bit_macro_f1": 0.9945310972449599,
      "source_bit_micro_f1": 0.9945146673026473,
      "six_way_macro_f1": 0.7697286824384438,
      "coverage": 0.99875,
      "average_set_size": 4.515416666666667,
      "pareto_nondominated": true
    },
    {
      "condition": "grounding_first",
      "maximum_budget": 1,
      "target_coverage": 0.9,
      "row_count": 2400,
      "mean_acquisition_cost": 1.0,
      "source_bit_macro_f1": 0.6610558756594717,
      "source_bit_micro_f1": 0.584060932565484,
      "six_way_macro_f1": 0.28114625553069034,
      "coverage": 0.9866666666666667,
      "average_set_size": 4.55125,
      "pareto_nondominated": false
    },
    {
      "condition": "grounding_first",
      "maximum_budget": 1,
      "target_coverage": 0.95,
      "row_count": 2400,
      "mean_acquisition_cost": 1.0,
      "source_bit_macro_f1": 0.6610558756594717,
      "source_bit_micro_f1": 0.584060932565484,
      "six_way_macro_f1": 0.28114625553069034,
      "coverage": 0.9979166666666667,
      "average_set_size": 4.6225,
      "pareto_nondominated": false
    },
    {
      "condition": "grounding_first",
      "maximum_budget": 2,
      "target_coverage": 0.9,
      "row_count": 2400,
      "mean_acquisition_cost": 2.0,
      "source_bit_macro_f1": 0.8415138169558946,
      "source_bit_micro_f1": 0.8233884495566739,
      "six_way_macro_f1": 0.4848169843956837,
      "coverage": 0.9941666666666666,
      "average_set_size": 3.83125,
      "pareto_nondominated": false
    },
    {
      "condition": "grounding_first",
      "maximum_budget": 2,
      "target_coverage": 0.95,
      "row_count": 2400,
      "mean_acquisition_cost": 2.0,
      "source_bit_macro_f1": 0.8415138169558946,
      "source_bit_micro_f1": 0.8233884495566739,
      "six_way_macro_f1": 0.4848169843956837,
      "coverage": 0.9991666666666666,
      "average_set_size": 5.187083333333334,
      "pareto_nondominated": false
    },
    {
      "condition": "grounding_first",
      "maximum_budget": 3,
      "target_coverage": 0.9,
      "row_count": 2400,
      "mean_acquisition_cost": 3.0,
      "source_bit_macro_f1": 0.9348807034078676,
      "source_bit_micro_f1": 0.930460333006856,
      "six_way_macro_f1": 0.6670449993609356,
      "coverage": 0.9816666666666667,
      "average_set_size": 3.4483333333333333,
      "pareto_nondominated": false
    },
    {
      "condition": "grounding_first",
      "maximum_budget": 3,
      "target_coverage": 0.95,
      "row_count": 2400,
      "mean_acquisition_cost": 3.0,
      "source_bit_macro_f1": 0.9348807034078676,
      "source_bit_micro_f1": 0.930460333006856,
      "six_way_macro_f1": 0.6670449993609356,
      "coverage": 0.9995833333333334,
      "average_set_size": 4.835,
      "pareto_nondominated": false
    },
    {
      "condition": "grounding_first",
      "maximum_budget": 4,
      "target_coverage": 0.9,
      "row_count": 2400,
      "mean_acquisition_cost": 4.0,
      "source_bit_macro_f1": 0.9668596563694608,
      "source_bit_micro_f1": 0.9645909645909646,
      "six_way_macro_f1": 0.7330634300240249,
      "coverage": 0.97875,
      "average_set_size": 4.044583333333334,
      "pareto_nondominated": false
    },
    {
      "condition": "grounding_first",
      "maximum_budget": 4,
      "target_coverage": 0.95,
      "row_count": 2400,
      "mean_acquisition_cost": 4.0,
      "source_bit_macro_f1": 0.9668596563694608,
      "source_bit_micro_f1": 0.9645909645909646,
      "six_way_macro_f1": 0.7330634300240249,
      "coverage": 0.99875,
      "average_set_size": 4.598333333333334,
      "pareto_nondominated": false
    },
    {
      "condition": "grounding_first",
      "maximum_budget": 7,
      "target_coverage": 0.9,
      "row_count": 2400,
      "mean_acquisition_cost": 6.0,
      "source_bit_macro_f1": 0.9945310972449599,
      "source_bit_micro_f1": 0.9945146673026473,
      "six_way_macro_f1": 0.7697286824384438,
      "coverage": 0.99875,
      "average_set_size": 4.515416666666667,
      "pareto_nondominated": true
    },
    {
      "condition": "grounding_first",
      "maximum_budget": 7,
      "target_coverage": 0.95,
      "row_count": 2400,
      "mean_acquisition_cost": 6.0,
      "source_bit_macro_f1": 0.9945310972449599,
      "source_bit_micro_f1": 0.9945146673026473,
      "six_way_macro_f1": 0.7697286824384438,
      "coverage": 0.99875,
      "average_set_size": 4.515416666666667,
      "pareto_nondominated": true
    },
    {
      "condition": "one_pass_distilled",
      "maximum_budget": 1,
      "target_coverage": 0.9,
      "row_count": 2400,
      "mean_acquisition_cost": 0.0,
      "source_bit_macro_f1": 0.5795072096247913,
      "source_bit_micro_f1": 0.5360911777121148,
      "six_way_macro_f1": 0.14625181094921727,
      "coverage": 0.925,
      "average_set_size": 4.705416666666666,
      "pareto_nondominated": true
    },
    {
      "condition": "one_pass_distilled",
      "maximum_budget": 1,
      "target_coverage": 0.95,
      "row_count": 2400,
      "mean_acquisition_cost": 0.0,
      "source_bit_macro_f1": 0.5795072096247913,
      "source_bit_micro_f1": 0.5360911777121148,
      "six_way_macro_f1": 0.14625181094921727,
      "coverage": 0.92625,
      "average_set_size": 4.718333333333334,
      "pareto_nondominated": true
    },
    {
      "condition": "one_pass_distilled",
      "maximum_budget": 2,
      "target_coverage": 0.9,
      "row_count": 2400,
      "mean_acquisition_cost": 0.0,
      "source_bit_macro_f1": 0.5795072096247913,
      "source_bit_micro_f1": 0.5360911777121148,
      "six_way_macro_f1": 0.14625181094921727,
      "coverage": 0.925,
      "average_set_size": 4.705416666666666,
      "pareto_nondominated": true
    },
    {
      "condition": "one_pass_distilled",
      "maximum_budget": 2,
      "target_coverage": 0.95,
      "row_count": 2400,
      "mean_acquisition_cost": 0.0,
      "source_bit_macro_f1": 0.5795072096247913,
      "source_bit_micro_f1": 0.5360911777121148,
      "six_way_macro_f1": 0.14625181094921727,
      "coverage": 0.92625,
      "average_set_size": 4.718333333333334,
      "pareto_nondominated": true
    },
    {
      "condition": "one_pass_distilled",
      "maximum_budget": 3,
      "target_coverage": 0.9,
      "row_count": 2400,
      "mean_acquisition_cost": 0.0,
      "source_bit_macro_f1": 0.5795072096247913,
      "source_bit_micro_f1": 0.5360911777121148,
      "six_way_macro_f1": 0.14625181094921727,
      "coverage": 0.925,
      "average_set_size": 4.705416666666666,
      "pareto_nondominated": true
    },
    {
      "condition": "one_pass_distilled",
      "maximum_budget": 3,
      "target_coverage": 0.95,
      "row_count": 2400,
      "mean_acquisition_cost": 0.0,
      "source_bit_macro_f1": 0.5795072096247913,
      "source_bit_micro_f1": 0.5360911777121148,
      "six_way_macro_f1": 0.14625181094921727,
      "coverage": 0.92625,
      "average_set_size": 4.718333333333334,
      "pareto_nondominated": true
    },
    {
      "condition": "one_pass_distilled",
      "maximum_budget": 4,
      "target_coverage": 0.9,
      "row_count": 2400,
      "mean_acquisition_cost": 0.0,
      "source_bit_macro_f1": 0.5795072096247913,
      "source_bit_micro_f1": 0.5360911777121148,
      "six_way_macro_f1": 0.14625181094921727,
      "coverage": 0.925,
      "average_set_size": 4.705416666666666,
      "pareto_nondominated": true
    },
    {
      "condition": "one_pass_distilled",
      "maximum_budget": 4,
      "target_coverage": 0.95,
      "row_count": 2400,
      "mean_acquisition_cost": 0.0,
      "source_bit_macro_f1": 0.5795072096247913,
      "source_bit_micro_f1": 0.5360911777121148,
      "six_way_macro_f1": 0.14625181094921727,
      "coverage": 0.92625,
      "average_set_size": 4.718333333333334,
      "pareto_nondominated": true
    },
    {
      "condition": "one_pass_distilled",
      "maximum_budget": 7,
      "target_coverage": 0.9,
      "row_count": 2400,
      "mean_acquisition_cost": 0.0,
      "source_bit_macro_f1": 0.5795072096247913,
      "source_bit_micro_f1": 0.5360911777121148,
      "six_way_macro_f1": 0.14625181094921727,
      "coverage": 0.925,
      "average_set_size": 4.705416666666666,
      "pareto_nondominated": true
    },
    {
      "condition": "one_pass_distilled",
      "maximum_budget": 7,
      "target_coverage": 0.95,
      "row_count": 2400,
      "mean_acquisition_cost": 0.0,
      "source_bit_macro_f1": 0.5795072096247913,
      "source_bit_micro_f1": 0.5360911777121148,
      "six_way_macro_f1": 0.14625181094921727,
      "coverage": 0.92625,
      "average_set_size": 4.718333333333334,
      "pareto_nondominated": true
    },
    {
      "condition": "oracle_best_subset",
      "maximum_budget": 1,
      "target_coverage": 0.9,
      "row_count": 2400,
      "mean_acquisition_cost": 0.9979166666666667,
      "source_bit_macro_f1": 0.7603243562107166,
      "source_bit_micro_f1": 0.7646576465764657,
      "six_way_macro_f1": 0.5774651025133805,
      "coverage": 0.915,
      "average_set_size": 3.1841666666666666,
      "pareto_nondominated": false
    },
    {
      "condition": "oracle_best_subset",
      "maximum_budget": 1,
      "target_coverage": 0.95,
      "row_count": 2400,
      "mean_acquisition_cost": 0.9979166666666667,
      "source_bit_macro_f1": 0.7603243562107166,
      "source_bit_micro_f1": 0.7646576465764657,
      "six_way_macro_f1": 0.5774651025133805,
      "coverage": 0.9820833333333333,
      "average_set_size": 3.745,
      "pareto_nondominated": false
    },
    {
      "condition": "oracle_best_subset",
      "maximum_budget": 2,
      "target_coverage": 0.9,
      "row_count": 2400,
      "mean_acquisition_cost": 1.9795833333333333,
      "source_bit_macro_f1": 0.8975450996491198,
      "source_bit_micro_f1": 0.8935226264418811,
      "six_way_macro_f1": 0.7139157143313315,
      "coverage": 0.9125,
      "average_set_size": 2.78375,
      "pareto_nondominated": true
    },
    {
      "condition": "oracle_best_subset",
      "maximum_budget": 2,
      "target_coverage": 0.95,
      "row_count": 2400,
      "mean_acquisition_cost": 1.9795833333333333,
      "source_bit_macro_f1": 0.8975450996491198,
      "source_bit_micro_f1": 0.8935226264418811,
      "six_way_macro_f1": 0.7139157143313315,
      "coverage": 0.99625,
      "average_set_size": 4.75125,
      "pareto_nondominated": true
    },
    {
      "condition": "oracle_best_subset",
      "maximum_budget": 3,
      "target_coverage": 0.9,
      "row_count": 2400,
      "mean_acquisition_cost": 2.9404166666666667,
      "source_bit_macro_f1": 0.9537512083259249,
      "source_bit_micro_f1": 0.9525133194347927,
      "six_way_macro_f1": 0.7439570319795074,
      "coverage": 0.91875,
      "average_set_size": 2.8008333333333333,
      "pareto_nondominated": true
    },
    {
      "condition": "oracle_best_subset",
      "maximum_budget": 3,
      "target_coverage": 0.95,
      "row_count": 2400,
      "mean_acquisition_cost": 2.9404166666666667,
      "source_bit_macro_f1": 0.9537512083259249,
      "source_bit_micro_f1": 0.9525133194347927,
      "six_way_macro_f1": 0.7439570319795074,
      "coverage": 0.9979166666666667,
      "average_set_size": 4.367916666666667,
      "pareto_nondominated": true
    },
    {
      "condition": "oracle_best_subset",
      "maximum_budget": 4,
      "target_coverage": 0.9,
      "row_count": 2400,
      "mean_acquisition_cost": 3.7929166666666667,
      "source_bit_macro_f1": 0.9701962707941648,
      "source_bit_micro_f1": 0.9682094436652642,
      "six_way_macro_f1": 0.7732787782276901,
      "coverage": 0.9433333333333334,
      "average_set_size": 2.935416666666667,
      "pareto_nondominated": true
    },
    {
      "condition": "oracle_best_subset",
      "maximum_budget": 4,
      "target_coverage": 0.95,
      "row_count": 2400,
      "mean_acquisition_cost": 3.7929166666666667,
      "source_bit_macro_f1": 0.9701962707941648,
      "source_bit_micro_f1": 0.9682094436652642,
      "six_way_macro_f1": 0.7732787782276901,
      "coverage": 0.9929166666666667,
      "average_set_size": 3.59875,
      "pareto_nondominated": true
    },
    {
      "condition": "oracle_best_subset",
      "maximum_budget": 7,
      "target_coverage": 0.9,
      "row_count": 2400,
      "mean_acquisition_cost": 4.6375,
      "source_bit_macro_f1": 0.971743384824292,
      "source_bit_micro_f1": 0.9700794763908368,
      "six_way_macro_f1": 0.7697490548447784,
      "coverage": 0.9895833333333334,
      "average_set_size": 2.9879166666666666,
      "pareto_nondominated": true
    },
    {
      "condition": "oracle_best_subset",
      "maximum_budget": 7,
      "target_coverage": 0.95,
      "row_count": 2400,
      "mean_acquisition_cost": 4.6375,
      "source_bit_macro_f1": 0.971743384824292,
      "source_bit_micro_f1": 0.9700794763908368,
      "six_way_macro_f1": 0.7697490548447784,
      "coverage": 0.9895833333333334,
      "average_set_size": 2.9879166666666666,
      "pareto_nondominated": true
    },
    {
      "condition": "oracle_next",
      "maximum_budget": 1,
      "target_coverage": 0.9,
      "row_count": 2400,
      "mean_acquisition_cost": 0.9979166666666667,
      "source_bit_macro_f1": 0.7608257651879354,
      "source_bit_micro_f1": 0.7649712879409352,
      "six_way_macro_f1": 0.5780108583214113,
      "coverage": 0.9154166666666667,
      "average_set_size": 3.18625,
      "pareto_nondominated": true
    },
    {
      "condition": "oracle_next",
      "maximum_budget": 1,
      "target_coverage": 0.95,
      "row_count": 2400,
      "mean_acquisition_cost": 0.9979166666666667,
      "source_bit_macro_f1": 0.7608257651879354,
      "source_bit_micro_f1": 0.7649712879409352,
      "six_way_macro_f1": 0.5780108583214113,
      "coverage": 0.9816666666666667,
      "average_set_size": 3.7408333333333332,
      "pareto_nondominated": true
    },
    {
      "condition": "oracle_next",
      "maximum_budget": 2,
      "target_coverage": 0.9,
      "row_count": 2400,
      "mean_acquisition_cost": 1.9708333333333334,
      "source_bit_macro_f1": 0.8878189226837598,
      "source_bit_micro_f1": 0.881824161368121,
      "six_way_macro_f1": 0.73235770794119,
      "coverage": 0.9175,
      "average_set_size": 2.8220833333333335,
      "pareto_nondominated": true
    },
    {
      "condition": "oracle_next",
      "maximum_budget": 2,
      "target_coverage": 0.95,
      "row_count": 2400,
      "mean_acquisition_cost": 1.9708333333333334,
      "source_bit_macro_f1": 0.8878189226837598,
      "source_bit_micro_f1": 0.881824161368121,
      "six_way_macro_f1": 0.73235770794119,
      "coverage": 0.9958333333333333,
      "average_set_size": 4.761666666666667,
      "pareto_nondominated": true
    },
    {
      "condition": "oracle_next",
      "maximum_budget": 3,
      "target_coverage": 0.9,
      "row_count": 2400,
      "mean_acquisition_cost": 2.88625,
      "source_bit_macro_f1": 0.9332680923319177,
      "source_bit_micro_f1": 0.9272563987427032,
      "six_way_macro_f1": 0.7718768912149606,
      "coverage": 0.9429166666666666,
      "average_set_size": 2.890833333333333,
      "pareto_nondominated": true
    },
    {
      "condition": "oracle_next",
      "maximum_budget": 3,
      "target_coverage": 0.95,
      "row_count": 2400,
      "mean_acquisition_cost": 2.88625,
      "source_bit_macro_f1": 0.9332680923319177,
      "source_bit_micro_f1": 0.9272563987427032,
      "six_way_macro_f1": 0.7718768912149606,
      "coverage": 0.9995833333333334,
      "average_set_size": 4.427083333333333,
      "pareto_nondominated": true
    },
    {
      "condition": "oracle_next",
      "maximum_budget": 4,
      "target_coverage": 0.9,
      "row_count": 2400,
      "mean_acquisition_cost": 3.4916666666666667,
      "source_bit_macro_f1": 0.9343608355978231,
      "source_bit_micro_f1": 0.9287003610108303,
      "six_way_macro_f1": 0.7746237118863372,
      "coverage": 0.9575,
      "average_set_size": 3.12625,
      "pareto_nondominated": false
    },
    {
      "condition": "oracle_next",
      "maximum_budget": 4,
      "target_coverage": 0.95,
      "row_count": 2400,
      "mean_acquisition_cost": 3.4916666666666667,
      "source_bit_macro_f1": 0.9343608355978231,
      "source_bit_micro_f1": 0.9287003610108303,
      "six_way_macro_f1": 0.7746237118863372,
      "coverage": 0.9958333333333333,
      "average_set_size": 3.8404166666666666,
      "pareto_nondominated": false
    },
    {
      "condition": "oracle_next",
      "maximum_budget": 7,
      "target_coverage": 0.9,
      "row_count": 2400,
      "mean_acquisition_cost": 3.11375,
      "source_bit_macro_f1": 0.8715541333814943,
      "source_bit_micro_f1": 0.8606271777003485,
      "six_way_macro_f1": 0.6871594899610908,
      "coverage": 0.97375,
      "average_set_size": 3.4170833333333333,
      "pareto_nondominated": false
    },
    {
      "condition": "oracle_next",
      "maximum_budget": 7,
      "target_coverage": 0.95,
      "row_count": 2400,
      "mean_acquisition_cost": 3.11375,
      "source_bit_macro_f1": 0.8715541333814943,
      "source_bit_micro_f1": 0.8606271777003485,
      "six_way_macro_f1": 0.6871594899610908,
      "coverage": 0.97375,
      "average_set_size": 3.4170833333333333,
      "pareto_nondominated": false
    },
    {
      "condition": "proactive",
      "maximum_budget": 1,
      "target_coverage": 0.9,
      "row_count": 2400,
      "mean_acquisition_cost": 1.0,
      "source_bit_macro_f1": 0.6658520995960339,
      "source_bit_micro_f1": 0.6855486173059768,
      "six_way_macro_f1": 0.37415966056406363,
      "coverage": 0.9466666666666667,
      "average_set_size": 3.9466666666666668,
      "pareto_nondominated": false
    },
    {
      "condition": "proactive",
      "maximum_budget": 1,
      "target_coverage": 0.95,
      "row_count": 2400,
      "mean_acquisition_cost": 1.0,
      "source_bit_macro_f1": 0.6658520995960339,
      "source_bit_micro_f1": 0.6855486173059768,
      "six_way_macro_f1": 0.37415966056406363,
      "coverage": 0.9779166666666667,
      "average_set_size": 4.275833333333333,
      "pareto_nondominated": false
    },
    {
      "condition": "proactive",
      "maximum_budget": 2,
      "target_coverage": 0.9,
      "row_count": 2400,
      "mean_acquisition_cost": 1.9908333333333332,
      "source_bit_macro_f1": 0.8191021265955643,
      "source_bit_micro_f1": 0.8260211800302572,
      "six_way_macro_f1": 0.48906339401222226,
      "coverage": 0.9666666666666667,
      "average_set_size": 3.6733333333333333,
      "pareto_nondominated": false
    },
    {
      "condition": "proactive",
      "maximum_budget": 2,
      "target_coverage": 0.95,
      "row_count": 2400,
      "mean_acquisition_cost": 1.9908333333333332,
      "source_bit_macro_f1": 0.8191021265955643,
      "source_bit_micro_f1": 0.8260211800302572,
      "six_way_macro_f1": 0.48906339401222226,
      "coverage": 0.9979166666666667,
      "average_set_size": 5.087916666666667,
      "pareto_nondominated": false
    },
    {
      "condition": "proactive",
      "maximum_budget": 3,
      "target_coverage": 0.9,
      "row_count": 2400,
      "mean_acquisition_cost": 2.986666666666667,
      "source_bit_macro_f1": 0.9184379993726685,
      "source_bit_micro_f1": 0.916234247590808,
      "six_way_macro_f1": 0.6379170014594523,
      "coverage": 0.9729166666666667,
      "average_set_size": 3.4275,
      "pareto_nondominated": false
    },
    {
      "condition": "proactive",
      "maximum_budget": 3,
      "target_coverage": 0.95,
      "row_count": 2400,
      "mean_acquisition_cost": 2.986666666666667,
      "source_bit_macro_f1": 0.9184379993726685,
      "source_bit_micro_f1": 0.916234247590808,
      "six_way_macro_f1": 0.6379170014594523,
      "coverage": 0.9979166666666667,
      "average_set_size": 4.837083333333333,
      "pareto_nondominated": false
    },
    {
      "condition": "proactive",
      "maximum_budget": 4,
      "target_coverage": 0.9,
      "row_count": 2400,
      "mean_acquisition_cost": 3.9704166666666665,
      "source_bit_macro_f1": 0.9625353395321646,
      "source_bit_micro_f1": 0.9602535966837357,
      "six_way_macro_f1": 0.7193148580566034,
      "coverage": 0.9808333333333333,
      "average_set_size": 4.102083333333334,
      "pareto_nondominated": false
    },
    {
      "condition": "proactive",
      "maximum_budget": 4,
      "target_coverage": 0.95,
      "row_count": 2400,
      "mean_acquisition_cost": 3.9704166666666665,
      "source_bit_macro_f1": 0.9625353395321646,
      "source_bit_micro_f1": 0.9602535966837357,
      "six_way_macro_f1": 0.7193148580566034,
      "coverage": 0.9983333333333333,
      "average_set_size": 4.6275,
      "pareto_nondominated": false
    },
    {
      "condition": "proactive",
      "maximum_budget": 7,
      "target_coverage": 0.9,
      "row_count": 2400,
      "mean_acquisition_cost": 5.5775,
      "source_bit_macro_f1": 0.9882439872026612,
      "source_bit_micro_f1": 0.9875598086124402,
      "six_way_macro_f1": 0.7456325201087722,
      "coverage": 0.99875,
      "average_set_size": 4.543333333333333,
      "pareto_nondominated": true
    },
    {
      "condition": "proactive",
      "maximum_budget": 7,
      "target_coverage": 0.95,
      "row_count": 2400,
      "mean_acquisition_cost": 5.5775,
      "source_bit_macro_f1": 0.9882439872026612,
      "source_bit_micro_f1": 0.9875598086124402,
      "six_way_macro_f1": 0.7456325201087722,
      "coverage": 0.99875,
      "average_set_size": 4.543333333333333,
      "pareto_nondominated": true
    },
    {
      "condition": "proactive_no_stop",
      "maximum_budget": 1,
      "target_coverage": 0.9,
      "row_count": 2400,
      "mean_acquisition_cost": 1.0,
      "source_bit_macro_f1": 0.6658520995960339,
      "source_bit_micro_f1": 0.6855486173059768,
      "six_way_macro_f1": 0.37415966056406363,
      "coverage": 0.9466666666666667,
      "average_set_size": 3.9466666666666668,
      "pareto_nondominated": false
    },
    {
      "condition": "proactive_no_stop",
      "maximum_budget": 1,
      "target_coverage": 0.95,
      "row_count": 2400,
      "mean_acquisition_cost": 1.0,
      "source_bit_macro_f1": 0.6658520995960339,
      "source_bit_micro_f1": 0.6855486173059768,
      "six_way_macro_f1": 0.37415966056406363,
      "coverage": 0.9779166666666667,
      "average_set_size": 4.275833333333333,
      "pareto_nondominated": false
    },
    {
      "condition": "proactive_no_stop",
      "maximum_budget": 2,
      "target_coverage": 0.9,
      "row_count": 2400,
      "mean_acquisition_cost": 2.0,
      "source_bit_macro_f1": 0.8189163441146903,
      "source_bit_micro_f1": 0.8258129568943786,
      "six_way_macro_f1": 0.48906339401222226,
      "coverage": 0.9658333333333333,
      "average_set_size": 3.6725,
      "pareto_nondominated": false
    },
    {
      "condition": "proactive_no_stop",
      "maximum_budget": 2,
      "target_coverage": 0.95,
      "row_count": 2400,
      "mean_acquisition_cost": 2.0,
      "source_bit_macro_f1": 0.8189163441146903,
      "source_bit_micro_f1": 0.8258129568943786,
      "six_way_macro_f1": 0.48906339401222226,
      "coverage": 0.9979166666666667,
      "average_set_size": 5.09375,
      "pareto_nondominated": false
    },
    {
      "condition": "proactive_no_stop",
      "maximum_budget": 3,
      "target_coverage": 0.9,
      "row_count": 2400,
      "mean_acquisition_cost": 3.0,
      "source_bit_macro_f1": 0.9186389693604667,
      "source_bit_micro_f1": 0.916501976284585,
      "six_way_macro_f1": 0.6379170014594523,
      "coverage": 0.9720833333333333,
      "average_set_size": 3.4275,
      "pareto_nondominated": false
    },
    {
      "condition": "proactive_no_stop",
      "maximum_budget": 3,
      "target_coverage": 0.95,
      "row_count": 2400,
      "mean_acquisition_cost": 3.0,
      "source_bit_macro_f1": 0.9186389693604667,
      "source_bit_micro_f1": 0.916501976284585,
      "six_way_macro_f1": 0.6379170014594523,
      "coverage": 0.9975,
      "average_set_size": 4.8375,
      "pareto_nondominated": false
    },
    {
      "condition": "proactive_no_stop",
      "maximum_budget": 4,
      "target_coverage": 0.9,
      "row_count": 2400,
      "mean_acquisition_cost": 4.0,
      "source_bit_macro_f1": 0.9625353395321646,
      "source_bit_micro_f1": 0.9602535966837357,
      "six_way_macro_f1": 0.7193148580566034,
      "coverage": 0.9808333333333333,
      "average_set_size": 4.089583333333334,
      "pareto_nondominated": false
    },
    {
      "condition": "proactive_no_stop",
      "maximum_budget": 4,
      "target_coverage": 0.95,
      "row_count": 2400,
      "mean_acquisition_cost": 4.0,
      "source_bit_macro_f1": 0.9625353395321646,
      "source_bit_micro_f1": 0.9602535966837357,
      "six_way_macro_f1": 0.7193148580566034,
      "coverage": 0.9983333333333333,
      "average_set_size": 4.608333333333333,
      "pareto_nondominated": false
    },
    {
      "condition": "proactive_no_stop",
      "maximum_budget": 7,
      "target_coverage": 0.9,
      "row_count": 2400,
      "mean_acquisition_cost": 6.0,
      "source_bit_macro_f1": 0.9945310972449599,
      "source_bit_micro_f1": 0.9945146673026473,
      "six_way_macro_f1": 0.7697286824384438,
      "coverage": 0.99875,
      "average_set_size": 4.515416666666667,
      "pareto_nondominated": true
    },
    {
      "condition": "proactive_no_stop",
      "maximum_budget": 7,
      "target_coverage": 0.95,
      "row_count": 2400,
      "mean_acquisition_cost": 6.0,
      "source_bit_macro_f1": 0.9945310972449599,
      "source_bit_micro_f1": 0.9945146673026473,
      "six_way_macro_f1": 0.7697286824384438,
      "coverage": 0.99875,
      "average_set_size": 4.515416666666667,
      "pareto_nondominated": true
    },
    {
      "condition": "random",
      "maximum_budget": 1,
      "target_coverage": 0.9,
      "row_count": 2400,
      "mean_acquisition_cost": 1.0,
      "source_bit_macro_f1": 0.6200596357025572,
      "source_bit_micro_f1": 0.6084066471163245,
      "six_way_macro_f1": 0.3196429806689546,
      "coverage": 0.92625,
      "average_set_size": 4.326666666666667,
      "pareto_nondominated": false
    },
    {
      "condition": "random",
      "maximum_budget": 1,
      "target_coverage": 0.95,
      "row_count": 2400,
      "mean_acquisition_cost": 1.0,
      "source_bit_macro_f1": 0.6200596357025572,
      "source_bit_micro_f1": 0.6084066471163245,
      "six_way_macro_f1": 0.3196429806689546,
      "coverage": 0.9470833333333334,
      "average_set_size": 4.492083333333333,
      "pareto_nondominated": false
    },
    {
      "condition": "random",
      "maximum_budget": 2,
      "target_coverage": 0.9,
      "row_count": 2400,
      "mean_acquisition_cost": 2.0,
      "source_bit_macro_f1": 0.7002023149453208,
      "source_bit_micro_f1": 0.6911491644316072,
      "six_way_macro_f1": 0.39994682414860144,
      "coverage": 0.94125,
      "average_set_size": 4.05375,
      "pareto_nondominated": false
    },
    {
      "condition": "random",
      "maximum_budget": 2,
      "target_coverage": 0.95,
      "row_count": 2400,
      "mean_acquisition_cost": 2.0,
      "source_bit_macro_f1": 0.7002023149453208,
      "source_bit_micro_f1": 0.6911491644316072,
      "six_way_macro_f1": 0.39994682414860144,
      "coverage": 0.9858333333333333,
      "average_set_size": 5.207083333333333,
      "pareto_nondominated": false
    },
    {
      "condition": "random",
      "maximum_budget": 3,
      "target_coverage": 0.9,
      "row_count": 2400,
      "mean_acquisition_cost": 3.0,
      "source_bit_macro_f1": 0.7710920119470642,
      "source_bit_micro_f1": 0.7653194263363755,
      "six_way_macro_f1": 0.48639063202092964,
      "coverage": 0.9641666666666666,
      "average_set_size": 3.8775,
      "pareto_nondominated": false
    },
    {
      "condition": "random",
      "maximum_budget": 3,
      "target_coverage": 0.95,
      "row_count": 2400,
      "mean_acquisition_cost": 3.0,
      "source_bit_macro_f1": 0.7710920119470642,
      "source_bit_micro_f1": 0.7653194263363755,
      "six_way_macro_f1": 0.48639063202092964,
      "coverage": 0.9908333333333333,
      "average_set_size": 4.989583333333333,
      "pareto_nondominated": false
    },
    {
      "condition": "random",
      "maximum_budget": 4,
      "target_coverage": 0.9,
      "row_count": 2400,
      "mean_acquisition_cost": 4.0,
      "source_bit_macro_f1": 0.8447447966168024,
      "source_bit_micro_f1": 0.8395396073121192,
      "six_way_macro_f1": 0.5743964801979201,
      "coverage": 0.9795833333333334,
      "average_set_size": 4.2725,
      "pareto_nondominated": false
    },
    {
      "condition": "random",
      "maximum_budget": 4,
      "target_coverage": 0.95,
      "row_count": 2400,
      "mean_acquisition_cost": 4.0,
      "source_bit_macro_f1": 0.8447447966168024,
      "source_bit_micro_f1": 0.8395396073121192,
      "six_way_macro_f1": 0.5743964801979201,
      "coverage": 0.9933333333333333,
      "average_set_size": 4.839166666666666,
      "pareto_nondominated": false
    },
    {
      "condition": "random",
      "maximum_budget": 7,
      "target_coverage": 0.9,
      "row_count": 2400,
      "mean_acquisition_cost": 6.0,
      "source_bit_macro_f1": 0.9945310972449599,
      "source_bit_micro_f1": 0.9945146673026473,
      "six_way_macro_f1": 0.7697286824384438,
      "coverage": 0.99875,
      "average_set_size": 4.515416666666667,
      "pareto_nondominated": true
    },
    {
      "condition": "random",
      "maximum_budget": 7,
      "target_coverage": 0.95,
      "row_count": 2400,
      "mean_acquisition_cost": 6.0,
      "source_bit_macro_f1": 0.9945310972449599,
      "source_bit_micro_f1": 0.9945146673026473,
      "six_way_macro_f1": 0.7697286824384438,
      "coverage": 0.99875,
      "average_set_size": 4.515416666666667,
      "pareto_nondominated": true
    },
    {
      "condition": "relation_first",
      "maximum_budget": 1,
      "target_coverage": 0.9,
      "row_count": 2400,
      "mean_acquisition_cost": 1.0,
      "source_bit_macro_f1": 0.6610558756594717,
      "source_bit_micro_f1": 0.584060932565484,
      "six_way_macro_f1": 0.28114625553069034,
      "coverage": 0.9866666666666667,
      "average_set_size": 4.55125,
      "pareto_nondominated": false
    },
    {
      "condition": "relation_first",
      "maximum_budget": 1,
      "target_coverage": 0.95,
      "row_count": 2400,
      "mean_acquisition_cost": 1.0,
      "source_bit_macro_f1": 0.6610558756594717,
      "source_bit_micro_f1": 0.584060932565484,
      "six_way_macro_f1": 0.28114625553069034,
      "coverage": 0.9979166666666667,
      "average_set_size": 4.6225,
      "pareto_nondominated": false
    },
    {
      "condition": "relation_first",
      "maximum_budget": 2,
      "target_coverage": 0.9,
      "row_count": 2400,
      "mean_acquisition_cost": 2.0,
      "source_bit_macro_f1": 0.8415138169558946,
      "source_bit_micro_f1": 0.8233884495566739,
      "six_way_macro_f1": 0.4848169843956837,
      "coverage": 0.9941666666666666,
      "average_set_size": 3.83125,
      "pareto_nondominated": false
    },
    {
      "condition": "relation_first",
      "maximum_budget": 2,
      "target_coverage": 0.95,
      "row_count": 2400,
      "mean_acquisition_cost": 2.0,
      "source_bit_macro_f1": 0.8415138169558946,
      "source_bit_micro_f1": 0.8233884495566739,
      "six_way_macro_f1": 0.4848169843956837,
      "coverage": 0.9991666666666666,
      "average_set_size": 5.187083333333334,
      "pareto_nondominated": false
    },
    {
      "condition": "relation_first",
      "maximum_budget": 3,
      "target_coverage": 0.9,
      "row_count": 2400,
      "mean_acquisition_cost": 3.0,
      "source_bit_macro_f1": 0.9348807034078676,
      "source_bit_micro_f1": 0.930460333006856,
      "six_way_macro_f1": 0.6670449993609356,
      "coverage": 0.9816666666666667,
      "average_set_size": 3.4483333333333333,
      "pareto_nondominated": false
    },
    {
      "condition": "relation_first",
      "maximum_budget": 3,
      "target_coverage": 0.95,
      "row_count": 2400,
      "mean_acquisition_cost": 3.0,
      "source_bit_macro_f1": 0.9348807034078676,
      "source_bit_micro_f1": 0.930460333006856,
      "six_way_macro_f1": 0.6670449993609356,
      "coverage": 0.9995833333333334,
      "average_set_size": 4.835,
      "pareto_nondominated": false
    },
    {
      "condition": "relation_first",
      "maximum_budget": 4,
      "target_coverage": 0.9,
      "row_count": 2400,
      "mean_acquisition_cost": 4.0,
      "source_bit_macro_f1": 0.9668596563694608,
      "source_bit_micro_f1": 0.9645909645909646,
      "six_way_macro_f1": 0.7330634300240249,
      "coverage": 0.97875,
      "average_set_size": 4.044583333333334,
      "pareto_nondominated": false
    },
    {
      "condition": "relation_first",
      "maximum_budget": 4,
      "target_coverage": 0.95,
      "row_count": 2400,
      "mean_acquisition_cost": 4.0,
      "source_bit_macro_f1": 0.9668596563694608,
      "source_bit_micro_f1": 0.9645909645909646,
      "six_way_macro_f1": 0.7330634300240249,
      "coverage": 0.99875,
      "average_set_size": 4.598333333333334,
      "pareto_nondominated": false
    },
    {
      "condition": "relation_first",
      "maximum_budget": 7,
      "target_coverage": 0.9,
      "row_count": 2400,
      "mean_acquisition_cost": 6.0,
      "source_bit_macro_f1": 0.9945310972449599,
      "source_bit_micro_f1": 0.9945146673026473,
      "six_way_macro_f1": 0.7697286824384438,
      "coverage": 0.99875,
      "average_set_size": 4.515416666666667,
      "pareto_nondominated": true
    },
    {
      "condition": "relation_first",
      "maximum_budget": 7,
      "target_coverage": 0.95,
      "row_count": 2400,
      "mean_acquisition_cost": 6.0,
      "source_bit_macro_f1": 0.9945310972449599,
      "source_bit_micro_f1": 0.9945146673026473,
      "six_way_macro_f1": 0.7697286824384438,
      "coverage": 0.99875,
      "average_set_size": 4.515416666666667,
      "pareto_nondominated": true
    },
    {
      "condition": "scalar_confidence",
      "maximum_budget": 1,
      "target_coverage": 0.9,
      "row_count": 2400,
      "mean_acquisition_cost": 0.0,
      "source_bit_macro_f1": 0.5269192708991529,
      "source_bit_micro_f1": 0.5056662758890191,
      "six_way_macro_f1": 0.21433429904104986,
      "coverage": 0.8666666666666667,
      "average_set_size": 3.8029166666666665,
      "pareto_nondominated": false
    },
    {
      "condition": "scalar_confidence",
      "maximum_budget": 1,
      "target_coverage": 0.95,
      "row_count": 2400,
      "mean_acquisition_cost": 0.0,
      "source_bit_macro_f1": 0.5269192708991529,
      "source_bit_micro_f1": 0.5056662758890191,
      "six_way_macro_f1": 0.21433429904104986,
      "coverage": 0.9391666666666667,
      "average_set_size": 5.317083333333334,
      "pareto_nondominated": false
    },
    {
      "condition": "scalar_confidence",
      "maximum_budget": 2,
      "target_coverage": 0.9,
      "row_count": 2400,
      "mean_acquisition_cost": 0.0,
      "source_bit_macro_f1": 0.5269192708991529,
      "source_bit_micro_f1": 0.5056662758890191,
      "six_way_macro_f1": 0.21433429904104986,
      "coverage": 0.8666666666666667,
      "average_set_size": 3.8029166666666665,
      "pareto_nondominated": false
    },
    {
      "condition": "scalar_confidence",
      "maximum_budget": 2,
      "target_coverage": 0.95,
      "row_count": 2400,
      "mean_acquisition_cost": 0.0,
      "source_bit_macro_f1": 0.5269192708991529,
      "source_bit_micro_f1": 0.5056662758890191,
      "six_way_macro_f1": 0.21433429904104986,
      "coverage": 0.9391666666666667,
      "average_set_size": 5.317083333333334,
      "pareto_nondominated": false
    },
    {
      "condition": "scalar_confidence",
      "maximum_budget": 3,
      "target_coverage": 0.9,
      "row_count": 2400,
      "mean_acquisition_cost": 0.0,
      "source_bit_macro_f1": 0.5269192708991529,
      "source_bit_micro_f1": 0.5056662758890191,
      "six_way_macro_f1": 0.21433429904104986,
      "coverage": 0.8666666666666667,
      "average_set_size": 3.8029166666666665,
      "pareto_nondominated": false
    },
    {
      "condition": "scalar_confidence",
      "maximum_budget": 3,
      "target_coverage": 0.95,
      "row_count": 2400,
      "mean_acquisition_cost": 0.0,
      "source_bit_macro_f1": 0.5269192708991529,
      "source_bit_micro_f1": 0.5056662758890191,
      "six_way_macro_f1": 0.21433429904104986,
      "coverage": 0.9391666666666667,
      "average_set_size": 5.317083333333334,
      "pareto_nondominated": false
    },
    {
      "condition": "scalar_confidence",
      "maximum_budget": 4,
      "target_coverage": 0.9,
      "row_count": 2400,
      "mean_acquisition_cost": 0.0,
      "source_bit_macro_f1": 0.5269192708991529,
      "source_bit_micro_f1": 0.5056662758890191,
      "six_way_macro_f1": 0.21433429904104986,
      "coverage": 0.8666666666666667,
      "average_set_size": 3.8029166666666665,
      "pareto_nondominated": false
    },
    {
      "condition": "scalar_confidence",
      "maximum_budget": 4,
      "target_coverage": 0.95,
      "row_count": 2400,
      "mean_acquisition_cost": 0.0,
      "source_bit_macro_f1": 0.5269192708991529,
      "source_bit_micro_f1": 0.5056662758890191,
      "six_way_macro_f1": 0.21433429904104986,
      "coverage": 0.9391666666666667,
      "average_set_size": 5.317083333333334,
      "pareto_nondominated": false
    },
    {
      "condition": "scalar_confidence",
      "maximum_budget": 7,
      "target_coverage": 0.9,
      "row_count": 2400,
      "mean_acquisition_cost": 0.0,
      "source_bit_macro_f1": 0.5269192708991529,
      "source_bit_micro_f1": 0.5056662758890191,
      "six_way_macro_f1": 0.21433429904104986,
      "coverage": 0.8666666666666667,
      "average_set_size": 3.8029166666666665,
      "pareto_nondominated": false
    },
    {
      "condition": "scalar_confidence",
      "maximum_budget": 7,
      "target_coverage": 0.95,
      "row_count": 2400,
      "mean_acquisition_cost": 0.0,
      "source_bit_macro_f1": 0.5269192708991529,
      "source_bit_micro_f1": 0.5056662758890191,
      "six_way_macro_f1": 0.21433429904104986,
      "coverage": 0.9391666666666667,
      "average_set_size": 5.317083333333334,
      "pareto_nondominated": false
    },
    {
      "condition": "uncertainty_greedy",
      "maximum_budget": 1,
      "target_coverage": 0.9,
      "row_count": 2400,
      "mean_acquisition_cost": 1.0,
      "source_bit_macro_f1": 0.6772833032432163,
      "source_bit_micro_f1": 0.6971608832807571,
      "six_way_macro_f1": 0.3868392522341584,
      "coverage": 0.9704166666666667,
      "average_set_size": 3.984166666666667,
      "pareto_nondominated": false
    },
    {
      "condition": "uncertainty_greedy",
      "maximum_budget": 1,
      "target_coverage": 0.95,
      "row_count": 2400,
      "mean_acquisition_cost": 1.0,
      "source_bit_macro_f1": 0.6772833032432163,
      "source_bit_micro_f1": 0.6971608832807571,
      "six_way_macro_f1": 0.3868392522341584,
      "coverage": 0.995,
      "average_set_size": 4.3,
      "pareto_nondominated": false
    },
    {
      "condition": "uncertainty_greedy",
      "maximum_budget": 2,
      "target_coverage": 0.9,
      "row_count": 2400,
      "mean_acquisition_cost": 1.99375,
      "source_bit_macro_f1": 0.8195937982693037,
      "source_bit_micro_f1": 0.8295884877556172,
      "six_way_macro_f1": 0.5149573367329132,
      "coverage": 0.9729166666666667,
      "average_set_size": 3.71375,
      "pareto_nondominated": false
    },
    {
      "condition": "uncertainty_greedy",
      "maximum_budget": 2,
      "target_coverage": 0.95,
      "row_count": 2400,
      "mean_acquisition_cost": 1.99375,
      "source_bit_macro_f1": 0.8195937982693037,
      "source_bit_micro_f1": 0.8295884877556172,
      "six_way_macro_f1": 0.5149573367329132,
      "coverage": 0.99875,
      "average_set_size": 5.144166666666667,
      "pareto_nondominated": false
    },
    {
      "condition": "uncertainty_greedy",
      "maximum_budget": 3,
      "target_coverage": 0.9,
      "row_count": 2400,
      "mean_acquisition_cost": 2.9570833333333333,
      "source_bit_macro_f1": 0.9148340381577801,
      "source_bit_micro_f1": 0.9168316831683169,
      "six_way_macro_f1": 0.6537223092461116,
      "coverage": 0.98,
      "average_set_size": 3.497916666666667,
      "pareto_nondominated": false
    },
    {
      "condition": "uncertainty_greedy",
      "maximum_budget": 3,
      "target_coverage": 0.95,
      "row_count": 2400,
      "mean_acquisition_cost": 2.9570833333333333,
      "source_bit_macro_f1": 0.9148340381577801,
      "source_bit_micro_f1": 0.9168316831683169,
      "six_way_macro_f1": 0.6537223092461116,
      "coverage": 0.99875,
      "average_set_size": 4.884166666666666,
      "pareto_nondominated": false
    },
    {
      "condition": "uncertainty_greedy",
      "maximum_budget": 4,
      "target_coverage": 0.9,
      "row_count": 2400,
      "mean_acquisition_cost": 3.8475,
      "source_bit_macro_f1": 0.9612168462890773,
      "source_bit_micro_f1": 0.9604907975460123,
      "six_way_macro_f1": 0.7336431721141743,
      "coverage": 0.9804166666666667,
      "average_set_size": 4.082916666666667,
      "pareto_nondominated": false
    },
    {
      "condition": "uncertainty_greedy",
      "maximum_budget": 4,
      "target_coverage": 0.95,
      "row_count": 2400,
      "mean_acquisition_cost": 3.8475,
      "source_bit_macro_f1": 0.9612168462890773,
      "source_bit_micro_f1": 0.9604907975460123,
      "six_way_macro_f1": 0.7336431721141743,
      "coverage": 0.99875,
      "average_set_size": 4.65125,
      "pareto_nondominated": false
    },
    {
      "condition": "uncertainty_greedy",
      "maximum_budget": 7,
      "target_coverage": 0.9,
      "row_count": 2400,
      "mean_acquisition_cost": 4.78,
      "source_bit_macro_f1": 0.9760840105313277,
      "source_bit_micro_f1": 0.9763170613823103,
      "six_way_macro_f1": 0.7550874320922994,
      "coverage": 0.9995833333333334,
      "average_set_size": 4.644583333333333,
      "pareto_nondominated": true
    },
    {
      "condition": "uncertainty_greedy",
      "maximum_budget": 7,
      "target_coverage": 0.95,
      "row_count": 2400,
      "mean_acquisition_cost": 4.78,
      "source_bit_macro_f1": 0.9760840105313277,
      "source_bit_micro_f1": 0.9763170613823103,
      "six_way_macro_f1": 0.7550874320922994,
      "coverage": 0.9995833333333334,
      "average_set_size": 4.644583333333333,
      "pareto_nondominated": true
    },
    {
      "condition": "visual_first",
      "maximum_budget": 1,
      "target_coverage": 0.9,
      "row_count": 2400,
      "mean_acquisition_cost": 1.0,
      "source_bit_macro_f1": 0.6640874267606941,
      "source_bit_micro_f1": 0.6494275562574023,
      "six_way_macro_f1": 0.36660513555726215,
      "coverage": 0.8854166666666666,
      "average_set_size": 4.06125,
      "pareto_nondominated": false
    },
    {
      "condition": "visual_first",
      "maximum_budget": 1,
      "target_coverage": 0.95,
      "row_count": 2400,
      "mean_acquisition_cost": 1.0,
      "source_bit_macro_f1": 0.6640874267606941,
      "source_bit_micro_f1": 0.6494275562574023,
      "six_way_macro_f1": 0.36660513555726215,
      "coverage": 0.93,
      "average_set_size": 4.274583333333333,
      "pareto_nondominated": false
    },
    {
      "condition": "visual_first",
      "maximum_budget": 2,
      "target_coverage": 0.9,
      "row_count": 2400,
      "mean_acquisition_cost": 2.0,
      "source_bit_macro_f1": 0.7068087682492666,
      "source_bit_micro_f1": 0.6859076433121019,
      "six_way_macro_f1": 0.390696929867499,
      "coverage": 0.9095833333333333,
      "average_set_size": 3.892916666666667,
      "pareto_nondominated": false
    },
    {
      "condition": "visual_first",
      "maximum_budget": 2,
      "target_coverage": 0.95,
      "row_count": 2400,
      "mean_acquisition_cost": 2.0,
      "source_bit_macro_f1": 0.7068087682492666,
      "source_bit_micro_f1": 0.6859076433121019,
      "six_way_macro_f1": 0.390696929867499,
      "coverage": 0.9766666666666667,
      "average_set_size": 5.111666666666666,
      "pareto_nondominated": false
    },
    {
      "condition": "visual_first",
      "maximum_budget": 3,
      "target_coverage": 0.9,
      "row_count": 2400,
      "mean_acquisition_cost": 3.0,
      "source_bit_macro_f1": 0.7423263568018154,
      "source_bit_micro_f1": 0.7226013649136893,
      "six_way_macro_f1": 0.40646178756273393,
      "coverage": 0.92875,
      "average_set_size": 3.8441666666666667,
      "pareto_nondominated": false
    },
    {
      "condition": "visual_first",
      "maximum_budget": 3,
      "target_coverage": 0.95,
      "row_count": 2400,
      "mean_acquisition_cost": 3.0,
      "source_bit_macro_f1": 0.7423263568018154,
      "source_bit_micro_f1": 0.7226013649136893,
      "six_way_macro_f1": 0.40646178756273393,
      "coverage": 0.9779166666666667,
      "average_set_size": 4.931666666666667,
      "pareto_nondominated": false
    },
    {
      "condition": "visual_first",
      "maximum_budget": 4,
      "target_coverage": 0.9,
      "row_count": 2400,
      "mean_acquisition_cost": 4.0,
      "source_bit_macro_f1": 0.746399106729989,
      "source_bit_micro_f1": 0.7265453090618124,
      "six_way_macro_f1": 0.4086107866858784,
      "coverage": 0.9604166666666667,
      "average_set_size": 4.373333333333333,
      "pareto_nondominated": false
    },
    {
      "condition": "visual_first",
      "maximum_budget": 4,
      "target_coverage": 0.95,
      "row_count": 2400,
      "mean_acquisition_cost": 4.0,
      "source_bit_macro_f1": 0.746399106729989,
      "source_bit_micro_f1": 0.7265453090618124,
      "six_way_macro_f1": 0.4086107866858784,
      "coverage": 0.9808333333333333,
      "average_set_size": 4.8625,
      "pareto_nondominated": false
    },
    {
      "condition": "visual_first",
      "maximum_budget": 7,
      "target_coverage": 0.9,
      "row_count": 2400,
      "mean_acquisition_cost": 6.0,
      "source_bit_macro_f1": 0.9945310972449599,
      "source_bit_micro_f1": 0.9945146673026473,
      "six_way_macro_f1": 0.7697286824384438,
      "coverage": 0.99875,
      "average_set_size": 4.515416666666667,
      "pareto_nondominated": true
    },
    {
      "condition": "visual_first",
      "maximum_budget": 7,
      "target_coverage": 0.95,
      "row_count": 2400,
      "mean_acquisition_cost": 6.0,
      "source_bit_macro_f1": 0.9945310972449599,
      "source_bit_micro_f1": 0.9945146673026473,
      "six_way_macro_f1": 0.7697286824384438,
      "coverage": 0.99875,
      "average_set_size": 4.515416666666667,
      "pareto_nondominated": true
    }
  ],
  "teacher_files": [
    {
      "path": "outputs/week8_teacher_recovered/teacher_gemma4_e4b_all_shift_shard00-of-01.jsonl",
      "sha256": "6896756ffe399c99d5702747e54545c49209c5dfe76eaff8052c5f8ed991ea21",
      "selected_rows": 1200
    },
    {
      "path": "outputs/week8_teacher_recovered/teacher_qwen3_vl_8b_all_shift_shard00-of-01.jsonl",
      "sha256": "38d34e4bc84869126b5dc13355a7697ed0be5a45899ce4049a1bc2ddd0d8601b",
      "selected_rows": 1200
    }
  ],
  "dataset_schedule_path": null,
  "dataset_schedule_sha256": null,
  "trajectory_path": "outputs/week8_reports/shift/trajectories_shift.jsonl",
  "trajectory_sha256": "0f3df65d13d587a0733ebe61920c0ea955bc862cb75bad6437dad33d4c240a85",
  "csv_path": "outputs/week8_reports/shift/frontier_shift.csv",
  "csv_sha256": "4eba862cfa8a4e1ba29c6d1669e1b1f75fd24b363ea95dcc5cf357fb86fe3f16",
  "figure_path": "outputs/week8_reports/shift/frontier_shift.png",
  "figure_sha256": "52dc1a5b5382195e4dfcfe0b4afe6bb00b7ea71abfa4ce0129bdb3ba236a5775",
  "report_sha256": "d73d38815eff92ba69ebfc3fc8f84d7f3d130c1a9b70a7166b95b6120aa46eaa"
}
	Command being timed: "timeout --signal=TERM --kill-after=2m 30m env CUDA_VISIBLE_DEVICES=3 PYTHONPATH=src python scripts/eval_frontier.py --config configs/experiments/calibrate_aps.yaml --manifest_path outputs/week8_vectorized/vectorized_manifest.json --diagnostic_checkpoint outputs/week5_checkpoints/diag_deep_sets_standard_seed42.best.pt --policy_checkpoint outputs/week6_checkpoints/policy_deep_sets_standard_lambda0_seed42.best.pt --uncertainty_checkpoint outputs/week6_checkpoints/uncertainty_deep_sets_standard_lambda0_seed42.best.pt --scalar_checkpoint outputs/week6_checkpoints/baseline_scalar_seed42.best.pt --distilled_checkpoint outputs/week6_checkpoints/baseline_distilled_seed42.best.pt --clean_aps_report outputs/week7_calibration/static_aps/static_aps_clean_only_learned_calibration.json --scalar_aps_report outputs/week7_calibration/static_aps/static_aps_scalar_confidence_calibration.json --distilled_aps_report outputs/week7_calibration/static_aps/static_aps_one_pass_distilled_calibration.json --aps_report outputs/week7_calibration/aps_thresholds.json --freeze_manifest outputs/week7_frozen/main_stack_freeze.json --teacher_path outputs/week8_teacher_recovered --phase shift --output_dir outputs/week8_reports/shift --seed 42 --device cuda:0 --resume"
	User time (seconds): 854.48
	System time (seconds): 8.47
	Percent of CPU this job got: 101%
	Elapsed (wall clock) time (h:mm:ss or m:ss): 14:11.36
	Average shared text size (kbytes): 0
	Average unshared data size (kbytes): 0
	Average stack size (kbytes): 0
	Average total size (kbytes): 0
	Maximum resident set size (kbytes): 1947608
	Average resident set size (kbytes): 0
	Major (requiring I/O) page faults: 437
	Minor (reclaiming a frame) page faults: 429970
	Voluntary context switches: 11494
	Involuntary context switches: 40477
	Swaps: 0
	File system inputs: 140632
	File system outputs: 649120
	Socket messages sent: 0
	Socket messages received: 0
	Signals delivered: 0
	Page size (bytes): 4096
	Exit status: 0
