===== masked_slot complete validation frontier =====
Allowed seconds: 900
{
  "format_version": "proactive_frontier_v1",
  "phase": "validation",
  "split": "val",
  "config_sha256": "33e88aa1bbc4dbaa47309015be7e6e188523dcdf5416cf64d1703aa4c442c9eb",
  "manifest_sha256": "1fac2c343e57ca8b6702c4e6a282a7b86a48042a6d133ba84612b5b1c50201ae",
  "diagnostic_checkpoint_sha256": "73752aa96aef6a6777087cd908a80c06ccd29133e0ea191d3877e3fe871950e8",
  "encoder_name": "masked_slot_mlp",
  "gru_condition": "standard",
  "clean_checkpoint_sha256": "b31d7fbdc996b7d7a56811b42960e192ee5e9a83f5da79b6802c1ca718abdea2",
  "clean_checkpoint_path": "outputs/week5_checkpoints/diag_clean_mlp_standard_seed42.best.pt",
  "policy_checkpoint_sha256": "2621d801730d7a25abc802738abbb6e756e6692208cdd396fd68428723d286e8",
  "policy_checkpoint_path": "outputs/week6_comparison_checkpoints/masked_slot/policy_masked_slot_mlp_standard_lambda0_seed42.best.pt",
  "uncertainty_checkpoint_sha256": "e91424db05af2187929c059c2322b640364da5b3b8fad34a9bc66ec94a8090c0",
  "uncertainty_checkpoint_path": "outputs/week6_comparison_checkpoints/masked_slot/uncertainty_masked_slot_mlp_standard_lambda0_seed42.best.pt",
  "scalar_checkpoint_sha256": "13c7552b2ad4a94086e91a11c643e3e500dd79ff93b096eb749dc20762d1966d",
  "scalar_checkpoint_path": "outputs/week6_comparison_checkpoints/masked_slot/baseline_scalar_seed42.best.pt",
  "distilled_checkpoint_sha256": "a261e2172157d36db587ece08246a56ab6adac22be7fe0c4c249a6088cbf0aca",
  "distilled_checkpoint_path": "outputs/week6_comparison_checkpoints/masked_slot/baseline_distilled_seed42.best.pt",
  "clean_aps_sha256": "794df5a6dddcd7136046a5ef6d98c3c4fd0672dafb98112c2ea3c4406a34493e",
  "scalar_aps_sha256": "2bde08a05542b25824bd9025ab88317c98bf631e25d4e6ff305753893a5625ed",
  "distilled_aps_sha256": "67b71f62fcf5e262c79cc3c122375894654c087db6453161433c68bcc2ebe026",
  "aps_sha256": "a6bfd397ab66fd029fbfcd0a015970ab9dd0e6ddfbd5dfd9cb96975e7020ce37",
  "freeze_manifest_sha256": "d6323ee4dae857fbb6bdca8df392f743924f319339c4e21935d68ebda389a858",
  "evaluation_budgets": [
    1,
    2,
    4
  ],
  "limit": null,
  "oracle_subset_included": true,
  "oracle_next_included": true,
  "is_valid": true,
  "coverages": [
    0.9
  ],
  "budgets": [
    1,
    2,
    4
  ],
  "base_model_instances": 1404,
  "completion_indicators": {
    "proactive_beats_random_any_budget": true,
    "proactive_beats_fixed_any_budget": true
  },
  "summaries": {
    "blank_first|1|0.9": {
      "row_count": 1404,
      "mean_acquisition_cost": 1.0,
      "diagnostic": {
        "record_count": 1404,
        "source_bit_micro_f1": 0.9132283070767692,
        "source_bit_macro_f1": 0.9146181702797286,
        "source_bit_hamming_loss": 0.08238366571699905,
        "source_bit_auroc": {
          "visual": 0.9365766719964151,
          "language": 0.9999918348683782,
          "alignment": 0.9730764434468138
        },
        "six_way_macro_f1": 0.5549778938484481,
        "six_way_balanced_accuracy": 0.671534083852977,
        "six_way_confusion_matrix": [
          [
            62,
            0,
            42,
            2,
            35,
            46
          ],
          [
            0,
            389,
            0,
            3,
            0,
            0
          ],
          [
            2,
            0,
            35,
            2,
            5,
            0
          ],
          [
            22,
            70,
            93,
            408,
            2,
            0
          ],
          [
            2,
            0,
            3,
            0,
            6,
            1
          ],
          [
            19,
            0,
            9,
            0,
            20,
            126
          ]
        ],
        "six_way_labels": [
          "visual",
          "language-prior",
          "alignment",
          "mixed",
          "unclear",
          "no-failure"
        ],
        "signature_mse": 0.007489894182736338
      },
      "prediction_sets": {
        "coverage": 0.8547008547008547,
        "average_set_size": 2.2635327635327633,
        "singleton_rate": 0.42663817663817666,
        "empty_set_rate": 0.0811965811965812
      },
      "action_counts": {
        "blank": 1404,
        "stop": 1404
      }
    },
    "blank_first|2|0.9": {
      "row_count": 1404,
      "mean_acquisition_cost": 2.0,
      "diagnostic": {
        "record_count": 1404,
        "source_bit_micro_f1": 0.9476876421531463,
        "source_bit_macro_f1": 0.952840622045355,
        "source_bit_hamming_loss": 0.049145299145299144,
        "source_bit_auroc": {
          "visual": 0.9361000499027406,
          "language": 0.9999755046051343,
          "alignment": 0.9997007108118219
        },
        "six_way_macro_f1": 0.5881041671849396,
        "six_way_balanced_accuracy": 0.7351944539571315,
        "six_way_confusion_matrix": [
          [
            66,
            0,
            0,
            0,
            79,
            42
          ],
          [
            0,
            392,
            0,
            0,
            0,
            0
          ],
          [
            0,
            0,
            42,
            2,
            0,
            0
          ],
          [
            0,
            46,
            118,
            431,
            0,
            0
          ],
          [
            3,
            0,
            0,
            0,
            8,
            1
          ],
          [
            15,
            0,
            0,
            0,
            35,
            124
          ]
        ],
        "six_way_labels": [
          "visual",
          "language-prior",
          "alignment",
          "mixed",
          "unclear",
          "no-failure"
        ],
        "signature_mse": 0.003168585504922558
      },
      "prediction_sets": {
        "coverage": 0.8297720797720798,
        "average_set_size": 1.8333333333333333,
        "singleton_rate": 0.5833333333333334,
        "empty_set_rate": 0.07621082621082621
      },
      "action_counts": {
        "blank": 1404,
        "grounding": 1404,
        "stop": 1404
      }
    },
    "blank_first|4|0.9": {
      "row_count": 1404,
      "mean_acquisition_cost": 4.0,
      "diagnostic": {
        "record_count": 1404,
        "source_bit_micro_f1": 0.9847483477376716,
        "source_bit_macro_f1": 0.9859045182266938,
        "source_bit_hamming_loss": 0.014245014245014245,
        "source_bit_auroc": {
          "visual": 0.9905449582955668,
          "language": 0.9999550917760794,
          "alignment": 0.9995344390406118
        },
        "six_way_macro_f1": 0.8118713367614142,
        "six_way_balanced_accuracy": 0.9216700943700364,
        "six_way_confusion_matrix": [
          [
            177,
            0,
            0,
            0,
            8,
            2
          ],
          [
            0,
            391,
            0,
            1,
            0,
            0
          ],
          [
            0,
            0,
            44,
            0,
            0,
            0
          ],
          [
            0,
            19,
            17,
            559,
            0,
            0
          ],
          [
            0,
            0,
            0,
            0,
            11,
            1
          ],
          [
            0,
            0,
            0,
            0,
            47,
            127
          ]
        ],
        "six_way_labels": [
          "visual",
          "language-prior",
          "alignment",
          "mixed",
          "unclear",
          "no-failure"
        ],
        "signature_mse": 0.004038672187961416
      },
      "prediction_sets": {
        "coverage": 0.8226495726495726,
        "average_set_size": 1.5213675213675213,
        "singleton_rate": 0.5113960113960114,
        "empty_set_rate": 0.16096866096866097
      },
      "action_counts": {
        "blank": 1404,
        "grounding": 1404,
        "blur": 1404,
        "crop": 1404,
        "stop": 1404
      }
    },
    "clean_only_learned|1|0.9": {
      "row_count": 1404,
      "mean_acquisition_cost": 0.0,
      "diagnostic": {
        "record_count": 1404,
        "source_bit_micro_f1": 0.7551319648093842,
        "source_bit_macro_f1": 0.7666181864284828,
        "source_bit_hamming_loss": 0.2378917378917379,
        "source_bit_auroc": {
          "visual": 0.9008391807803158,
          "language": 0.6281047912992357,
          "alignment": 0.965080849648751
        },
        "six_way_macro_f1": 0.241489094468475,
        "six_way_balanced_accuracy": 0.3829588261636943,
        "six_way_confusion_matrix": [
          [
            5,
            0,
            28,
            3,
            58,
            93
          ],
          [
            2,
            0,
            14,
            0,
            57,
            319
          ],
          [
            1,
            0,
            18,
            3,
            17,
            5
          ],
          [
            15,
            0,
            89,
            400,
            72,
            19
          ],
          [
            0,
            0,
            4,
            0,
            4,
            4
          ],
          [
            0,
            0,
            5,
            0,
            20,
            149
          ]
        ],
        "six_way_labels": [
          "visual",
          "language-prior",
          "alignment",
          "mixed",
          "unclear",
          "no-failure"
        ],
        "signature_mse": 0.08852405092871866
      },
      "prediction_sets": {
        "coverage": 0.9009971509971509,
        "average_set_size": 3.967236467236467,
        "singleton_rate": 0.11324786324786325,
        "empty_set_rate": 0.057692307692307696
      },
      "action_counts": {
        "stop": 1404
      }
    },
    "clean_only_learned|2|0.9": {
      "row_count": 1404,
      "mean_acquisition_cost": 0.0,
      "diagnostic": {
        "record_count": 1404,
        "source_bit_micro_f1": 0.7551319648093842,
        "source_bit_macro_f1": 0.7666181864284828,
        "source_bit_hamming_loss": 0.2378917378917379,
        "source_bit_auroc": {
          "visual": 0.9008391807803158,
          "language": 0.6281047912992357,
          "alignment": 0.965080849648751
        },
        "six_way_macro_f1": 0.241489094468475,
        "six_way_balanced_accuracy": 0.3829588261636943,
        "six_way_confusion_matrix": [
          [
            5,
            0,
            28,
            3,
            58,
            93
          ],
          [
            2,
            0,
            14,
            0,
            57,
            319
          ],
          [
            1,
            0,
            18,
            3,
            17,
            5
          ],
          [
            15,
            0,
            89,
            400,
            72,
            19
          ],
          [
            0,
            0,
            4,
            0,
            4,
            4
          ],
          [
            0,
            0,
            5,
            0,
            20,
            149
          ]
        ],
        "six_way_labels": [
          "visual",
          "language-prior",
          "alignment",
          "mixed",
          "unclear",
          "no-failure"
        ],
        "signature_mse": 0.08852405092871866
      },
      "prediction_sets": {
        "coverage": 0.9009971509971509,
        "average_set_size": 3.967236467236467,
        "singleton_rate": 0.11324786324786325,
        "empty_set_rate": 0.057692307692307696
      },
      "action_counts": {
        "stop": 1404
      }
    },
    "clean_only_learned|4|0.9": {
      "row_count": 1404,
      "mean_acquisition_cost": 0.0,
      "diagnostic": {
        "record_count": 1404,
        "source_bit_micro_f1": 0.7551319648093842,
        "source_bit_macro_f1": 0.7666181864284828,
        "source_bit_hamming_loss": 0.2378917378917379,
        "source_bit_auroc": {
          "visual": 0.9008391807803158,
          "language": 0.6281047912992357,
          "alignment": 0.965080849648751
        },
        "six_way_macro_f1": 0.241489094468475,
        "six_way_balanced_accuracy": 0.3829588261636943,
        "six_way_confusion_matrix": [
          [
            5,
            0,
            28,
            3,
            58,
            93
          ],
          [
            2,
            0,
            14,
            0,
            57,
            319
          ],
          [
            1,
            0,
            18,
            3,
            17,
            5
          ],
          [
            15,
            0,
            89,
            400,
            72,
            19
          ],
          [
            0,
            0,
            4,
            0,
            4,
            4
          ],
          [
            0,
            0,
            5,
            0,
            20,
            149
          ]
        ],
        "six_way_labels": [
          "visual",
          "language-prior",
          "alignment",
          "mixed",
          "unclear",
          "no-failure"
        ],
        "signature_mse": 0.08852405092871866
      },
      "prediction_sets": {
        "coverage": 0.9009971509971509,
        "average_set_size": 3.967236467236467,
        "singleton_rate": 0.11324786324786325,
        "empty_set_rate": 0.057692307692307696
      },
      "action_counts": {
        "stop": 1404
      }
    },
    "dataset_specific_fixed|1|0.9": {
      "row_count": 1404,
      "mean_acquisition_cost": 1.0,
      "diagnostic": {
        "record_count": 1404,
        "source_bit_micro_f1": 0.8923003118253778,
        "source_bit_macro_f1": 0.8933726591813063,
        "source_bit_hamming_loss": 0.10660018993352327,
        "source_bit_auroc": {
          "visual": 0.9553849130775733,
          "language": 0.9570391599712588,
          "alignment": 0.9870889969655403
        },
        "six_way_macro_f1": 0.4354980052411175,
        "six_way_balanced_accuracy": 0.6135867931289548,
        "six_way_confusion_matrix": [
          [
            100,
            1,
            40,
            2,
            33,
            11
          ],
          [
            1,
            80,
            6,
            2,
            71,
            232
          ],
          [
            0,
            0,
            41,
            2,
            1,
            0
          ],
          [
            17,
            23,
            135,
            398,
            22,
            0
          ],
          [
            1,
            0,
            3,
            0,
            7,
            1
          ],
          [
            8,
            1,
            9,
            0,
            24,
            132
          ]
        ],
        "six_way_labels": [
          "visual",
          "language-prior",
          "alignment",
          "mixed",
          "unclear",
          "no-failure"
        ],
        "signature_mse": 0.036972753391043015
      },
      "prediction_sets": {
        "coverage": 0.8582621082621082,
        "average_set_size": 3.2264957264957266,
        "singleton_rate": 0.2443019943019943,
        "empty_set_rate": 0.0811965811965812
      },
      "action_counts": {
        "blank": 684,
        "stop": 1404,
        "blur": 538,
        "grounding": 182
      }
    },
    "dataset_specific_fixed|2|0.9": {
      "row_count": 1404,
      "mean_acquisition_cost": 2.0,
      "diagnostic": {
        "record_count": 1404,
        "source_bit_micro_f1": 0.9476876421531463,
        "source_bit_macro_f1": 0.952840622045355,
        "source_bit_hamming_loss": 0.049145299145299144,
        "source_bit_auroc": {
          "visual": 0.9361000499027406,
          "language": 0.9999755046051343,
          "alignment": 0.9997007108118219
        },
        "six_way_macro_f1": 0.5881041671849396,
        "six_way_balanced_accuracy": 0.7351944539571315,
        "six_way_confusion_matrix": [
          [
            66,
            0,
            0,
            0,
            79,
            42
          ],
          [
            0,
            392,
            0,
            0,
            0,
            0
          ],
          [
            0,
            0,
            42,
            2,
            0,
            0
          ],
          [
            0,
            46,
            118,
            431,
            0,
            0
          ],
          [
            3,
            0,
            0,
            0,
            8,
            1
          ],
          [
            15,
            0,
            0,
            0,
            35,
            124
          ]
        ],
        "six_way_labels": [
          "visual",
          "language-prior",
          "alignment",
          "mixed",
          "unclear",
          "no-failure"
        ],
        "signature_mse": 0.003168585504922558
      },
      "prediction_sets": {
        "coverage": 0.8297720797720798,
        "average_set_size": 1.8333333333333333,
        "singleton_rate": 0.5833333333333334,
        "empty_set_rate": 0.07621082621082621
      },
      "action_counts": {
        "blank": 1404,
        "grounding": 1404,
        "stop": 1404
      }
    },
    "dataset_specific_fixed|4|0.9": {
      "row_count": 1404,
      "mean_acquisition_cost": 4.0,
      "diagnostic": {
        "record_count": 1404,
        "source_bit_micro_f1": 0.984505969011938,
        "source_bit_macro_f1": 0.9856687228656488,
        "source_bit_hamming_loss": 0.014482431149097816,
        "source_bit_auroc": {
          "visual": 0.9904614475868461,
          "language": 0.9999550917760794,
          "alignment": 0.9999771376314586
        },
        "six_way_macro_f1": 0.8122220834843487,
        "six_way_balanced_accuracy": 0.9218051483916452,
        "six_way_confusion_matrix": [
          [
            177,
            0,
            0,
            0,
            8,
            2
          ],
          [
            0,
            390,
            0,
            2,
            0,
            0
          ],
          [
            0,
            0,
            44,
            0,
            0,
            0
          ],
          [
            0,
            17,
            17,
            561,
            0,
            0
          ],
          [
            0,
            0,
            0,
            0,
            11,
            1
          ],
          [
            0,
            0,
            0,
            0,
            47,
            127
          ]
        ],
        "six_way_labels": [
          "visual",
          "language-prior",
          "alignment",
          "mixed",
          "unclear",
          "no-failure"
        ],
        "signature_mse": 0.0038553707968915774
      },
      "prediction_sets": {
        "coverage": 0.8247863247863247,
        "average_set_size": 1.5284900284900285,
        "singleton_rate": 0.5056980056980057,
        "empty_set_rate": 0.16096866096866097
      },
      "action_counts": {
        "blank": 1404,
        "grounding": 1404,
        "blur": 1404,
        "crop": 1388,
        "stop": 1404,
        "relation": 16
      }
    },
    "diagnostic_no_acquisition|1|0.9": {
      "row_count": 1404,
      "mean_acquisition_cost": 0.0,
      "diagnostic": {
        "record_count": 1404,
        "source_bit_micro_f1": 0.7747489239598279,
        "source_bit_macro_f1": 0.7840921236479227,
        "source_bit_hamming_loss": 0.22364672364672364,
        "source_bit_auroc": {
          "visual": 0.9047774235927938,
          "language": 0.6851321118296427,
          "alignment": 0.9691004697177537
        },
        "six_way_macro_f1": 0.28156947367685925,
        "six_way_balanced_accuracy": 0.4519552282773089,
        "six_way_confusion_matrix": [
          [
            12,
            14,
            40,
            3,
            76,
            42
          ],
          [
            0,
            31,
            25,
            0,
            80,
            256
          ],
          [
            0,
            0,
            31,
            2,
            10,
            1
          ],
          [
            9,
            2,
            146,
            367,
            64,
            7
          ],
          [
            1,
            0,
            3,
            0,
            6,
            2
          ],
          [
            1,
            7,
            8,
            0,
            28,
            130
          ]
        ],
        "six_way_labels": [
          "visual",
          "language-prior",
          "alignment",
          "mixed",
          "unclear",
          "no-failure"
        ],
        "signature_mse": 0.08446897666451375
      },
      "prediction_sets": {
        "coverage": 0.9650997150997151,
        "average_set_size": 4.012108262108262,
        "singleton_rate": 0.15883190883190884,
        "empty_set_rate": 0.0
      },
      "action_counts": {
        "stop": 1404
      }
    },
    "diagnostic_no_acquisition|2|0.9": {
      "row_count": 1404,
      "mean_acquisition_cost": 0.0,
      "diagnostic": {
        "record_count": 1404,
        "source_bit_micro_f1": 0.7754227196951655,
        "source_bit_macro_f1": 0.7844730004403461,
        "source_bit_hamming_loss": 0.22388414055080721,
        "source_bit_auroc": {
          "visual": 0.9051216506604476,
          "language": 0.6867620762296688,
          "alignment": 0.9693249366088872
        },
        "six_way_macro_f1": 0.27486473244538673,
        "six_way_balanced_accuracy": 0.43710186268864915,
        "six_way_confusion_matrix": [
          [
            13,
            9,
            45,
            3,
            70,
            47
          ],
          [
            3,
            24,
            31,
            0,
            71,
            263
          ],
          [
            0,
            0,
            31,
            2,
            10,
            1
          ],
          [
            11,
            2,
            150,
            371,
            54,
            7
          ],
          [
            2,
            0,
            3,
            0,
            5,
            2
          ],
          [
            3,
            7,
            8,
            0,
            26,
            130
          ]
        ],
        "six_way_labels": [
          "visual",
          "language-prior",
          "alignment",
          "mixed",
          "unclear",
          "no-failure"
        ],
        "signature_mse": 0.08464452152889596
      },
      "prediction_sets": {
        "coverage": 0.9622507122507122,
        "average_set_size": 4.074074074074074,
        "singleton_rate": 0.10897435897435898,
        "empty_set_rate": 0.0
      },
      "action_counts": {
        "stop": 1404
      }
    },
    "diagnostic_no_acquisition|4|0.9": {
      "row_count": 1404,
      "mean_acquisition_cost": 0.0,
      "diagnostic": {
        "record_count": 1404,
        "source_bit_micro_f1": 0.7758210376011423,
        "source_bit_macro_f1": 0.7849519289999062,
        "source_bit_hamming_loss": 0.22364672364672364,
        "source_bit_auroc": {
          "visual": 0.9045798494770396,
          "language": 0.687056020968058,
          "alignment": 0.9691524296462568
        },
        "six_way_macro_f1": 0.27402443476410077,
        "six_way_balanced_accuracy": 0.4404370316569679,
        "six_way_confusion_matrix": [
          [
            13,
            9,
            43,
            3,
            72,
            47
          ],
          [
            3,
            22,
            35,
            0,
            67,
            265
          ],
          [
            0,
            0,
            32,
            2,
            9,
            1
          ],
          [
            8,
            2,
            152,
            369,
            57,
            7
          ],
          [
            2,
            0,
            3,
            0,
            5,
            2
          ],
          [
            3,
            6,
            8,
            0,
            26,
            131
          ]
        ],
        "six_way_labels": [
          "visual",
          "language-prior",
          "alignment",
          "mixed",
          "unclear",
          "no-failure"
        ],
        "signature_mse": 0.0844088225833955
      },
      "prediction_sets": {
        "coverage": 0.9629629629629629,
        "average_set_size": 4.193732193732194,
        "singleton_rate": 0.021367521367521368,
        "empty_set_rate": 0.0
      },
      "action_counts": {
        "stop": 1404
      }
    },
    "full_teacher|7|0.9": {
      "row_count": 1404,
      "mean_acquisition_cost": 6.011396011396012,
      "diagnostic": {
        "record_count": 1404,
        "source_bit_micro_f1": 0.9949622166246851,
        "source_bit_macro_f1": 0.995089991230342,
        "source_bit_hamming_loss": 0.004748338081671415,
        "source_bit_auroc": {
          "visual": 0.9999409314499292,
          "language": 0.9999632569077014,
          "alignment": 0.9999584320571975
        },
        "six_way_macro_f1": 0.8343740581701322,
        "six_way_balanced_accuracy": 0.9340542225249558,
        "six_way_confusion_matrix": [
          [
            186,
            0,
            0,
            0,
            1,
            0
          ],
          [
            0,
            391,
            0,
            1,
            0,
            0
          ],
          [
            0,
            0,
            43,
            0,
            1,
            0
          ],
          [
            2,
            9,
            13,
            571,
            0,
            0
          ],
          [
            0,
            0,
            0,
            0,
            11,
            1
          ],
          [
            0,
            0,
            0,
            0,
            42,
            132
          ]
        ],
        "six_way_labels": [
          "visual",
          "language-prior",
          "alignment",
          "mixed",
          "unclear",
          "no-failure"
        ],
        "signature_mse": 0.005762369026406906
      },
      "prediction_sets": {
        "coverage": 0.8725071225071225,
        "average_set_size": 1.8269230769230769,
        "singleton_rate": 0.3767806267806268,
        "empty_set_rate": 0.11965811965811966
      },
      "action_counts": {
        "blank": 1404,
        "grounding": 1404,
        "blur": 1404,
        "crop": 1404,
        "brightness": 1404,
        "noise": 1404,
        "stop": 1404,
        "relation": 16
      }
    },
    "grounding_first|1|0.9": {
      "row_count": 1404,
      "mean_acquisition_cost": 1.0,
      "diagnostic": {
        "record_count": 1404,
        "source_bit_micro_f1": 0.8155806684299111,
        "source_bit_macro_f1": 0.8303420358476449,
        "source_bit_hamming_loss": 0.18209876543209877,
        "source_bit_auroc": {
          "visual": 0.9048079762911061,
          "language": 0.6632291462538377,
          "alignment": 0.9997381219603442
        },
        "six_way_macro_f1": 0.32927996333122905,
        "six_way_balanced_accuracy": 0.539816130213841,
        "six_way_confusion_matrix": [
          [
            33,
            8,
            0,
            0,
            106,
            40
          ],
          [
            10,
            27,
            0,
            0,
            109,
            246
          ],
          [
            0,
            0,
            42,
            2,
            0,
            0
          ],
          [
            6,
            1,
            175,
            372,
            37,
            4
          ],
          [
            2,
            0,
            0,
            0,
            8,
            2
          ],
          [
            4,
            3,
            0,
            0,
            37,
            130
          ]
        ],
        "six_way_labels": [
          "visual",
          "language-prior",
          "alignment",
          "mixed",
          "unclear",
          "no-failure"
        ],
        "signature_mse": 0.07860734720012653
      },
      "prediction_sets": {
        "coverage": 0.8753561253561254,
        "average_set_size": 3.324074074074074,
        "singleton_rate": 0.4166666666666667,
        "empty_set_rate": 0.0
      },
      "action_counts": {
        "grounding": 1404,
        "stop": 1404
      }
    },
    "grounding_first|2|0.9": {
      "row_count": 1404,
      "mean_acquisition_cost": 2.0,
      "diagnostic": {
        "record_count": 1404,
        "source_bit_micro_f1": 0.9476876421531463,
        "source_bit_macro_f1": 0.952840622045355,
        "source_bit_hamming_loss": 0.049145299145299144,
        "source_bit_auroc": {
          "visual": 0.9361000499027406,
          "language": 0.9999755046051343,
          "alignment": 0.9997007108118219
        },
        "six_way_macro_f1": 0.5881041671849396,
        "six_way_balanced_accuracy": 0.7351944539571315,
        "six_way_confusion_matrix": [
          [
            66,
            0,
            0,
            0,
            79,
            42
          ],
          [
            0,
            392,
            0,
            0,
            0,
            0
          ],
          [
            0,
            0,
            42,
            2,
            0,
            0
          ],
          [
            0,
            46,
            118,
            431,
            0,
            0
          ],
          [
            3,
            0,
            0,
            0,
            8,
            1
          ],
          [
            15,
            0,
            0,
            0,
            35,
            124
          ]
        ],
        "six_way_labels": [
          "visual",
          "language-prior",
          "alignment",
          "mixed",
          "unclear",
          "no-failure"
        ],
        "signature_mse": 0.003168585504922558
      },
      "prediction_sets": {
        "coverage": 0.8297720797720798,
        "average_set_size": 1.8333333333333333,
        "singleton_rate": 0.5833333333333334,
        "empty_set_rate": 0.07621082621082621
      },
      "action_counts": {
        "grounding": 1404,
        "blank": 1404,
        "stop": 1404
      }
    },
    "grounding_first|4|0.9": {
      "row_count": 1404,
      "mean_acquisition_cost": 4.0,
      "diagnostic": {
        "record_count": 1404,
        "source_bit_micro_f1": 0.9847483477376716,
        "source_bit_macro_f1": 0.9859045182266938,
        "source_bit_hamming_loss": 0.014245014245014245,
        "source_bit_auroc": {
          "visual": 0.9905449582955668,
          "language": 0.9999550917760794,
          "alignment": 0.9995344390406118
        },
        "six_way_macro_f1": 0.8118713367614142,
        "six_way_balanced_accuracy": 0.9216700943700364,
        "six_way_confusion_matrix": [
          [
            177,
            0,
            0,
            0,
            8,
            2
          ],
          [
            0,
            391,
            0,
            1,
            0,
            0
          ],
          [
            0,
            0,
            44,
            0,
            0,
            0
          ],
          [
            0,
            19,
            17,
            559,
            0,
            0
          ],
          [
            0,
            0,
            0,
            0,
            11,
            1
          ],
          [
            0,
            0,
            0,
            0,
            47,
            127
          ]
        ],
        "six_way_labels": [
          "visual",
          "language-prior",
          "alignment",
          "mixed",
          "unclear",
          "no-failure"
        ],
        "signature_mse": 0.004038672187961416
      },
      "prediction_sets": {
        "coverage": 0.8226495726495726,
        "average_set_size": 1.5213675213675213,
        "singleton_rate": 0.5113960113960114,
        "empty_set_rate": 0.16096866096866097
      },
      "action_counts": {
        "grounding": 1404,
        "blank": 1404,
        "blur": 1404,
        "crop": 1404,
        "stop": 1404
      }
    },
    "one_pass_distilled|1|0.9": {
      "row_count": 1404,
      "mean_acquisition_cost": 0.0,
      "diagnostic": {
        "record_count": 1404,
        "source_bit_micro_f1": 0.7559857361181864,
        "source_bit_macro_f1": 0.7605325432169016,
        "source_bit_hamming_loss": 0.22744539411206077,
        "source_bit_auroc": {
          "visual": 0.9032844150685908,
          "language": 0.6399605624142661,
          "alignment": 0.9662011057072786
        },
        "six_way_macro_f1": 0.2697604242431335,
        "six_way_balanced_accuracy": 0.31011268143621085,
        "six_way_confusion_matrix": [
          [
            15,
            101,
            0,
            71,
            0,
            0
          ],
          [
            2,
            329,
            0,
            61,
            0,
            0
          ],
          [
            4,
            8,
            0,
            32,
            0,
            0
          ],
          [
            10,
            25,
            0,
            560,
            0,
            0
          ],
          [
            1,
            6,
            0,
            5,
            0,
            0
          ],
          [
            0,
            156,
            0,
            18,
            0,
            0
          ]
        ],
        "six_way_labels": [
          "visual",
          "language-prior",
          "alignment",
          "mixed",
          "unclear",
          "no-failure"
        ],
        "signature_mse": 0.08605903792366201
      },
      "prediction_sets": {
        "coverage": 0.9009971509971509,
        "average_set_size": 3.888888888888889,
        "singleton_rate": 0.1111111111111111,
        "empty_set_rate": 0.07692307692307693
      },
      "action_counts": {
        "stop": 1404
      }
    },
    "one_pass_distilled|2|0.9": {
      "row_count": 1404,
      "mean_acquisition_cost": 0.0,
      "diagnostic": {
        "record_count": 1404,
        "source_bit_micro_f1": 0.7559857361181864,
        "source_bit_macro_f1": 0.7605325432169016,
        "source_bit_hamming_loss": 0.22744539411206077,
        "source_bit_auroc": {
          "visual": 0.9032844150685908,
          "language": 0.6399605624142661,
          "alignment": 0.9662011057072786
        },
        "six_way_macro_f1": 0.2697604242431335,
        "six_way_balanced_accuracy": 0.31011268143621085,
        "six_way_confusion_matrix": [
          [
            15,
            101,
            0,
            71,
            0,
            0
          ],
          [
            2,
            329,
            0,
            61,
            0,
            0
          ],
          [
            4,
            8,
            0,
            32,
            0,
            0
          ],
          [
            10,
            25,
            0,
            560,
            0,
            0
          ],
          [
            1,
            6,
            0,
            5,
            0,
            0
          ],
          [
            0,
            156,
            0,
            18,
            0,
            0
          ]
        ],
        "six_way_labels": [
          "visual",
          "language-prior",
          "alignment",
          "mixed",
          "unclear",
          "no-failure"
        ],
        "signature_mse": 0.08605903792366201
      },
      "prediction_sets": {
        "coverage": 0.9009971509971509,
        "average_set_size": 3.888888888888889,
        "singleton_rate": 0.1111111111111111,
        "empty_set_rate": 0.07692307692307693
      },
      "action_counts": {
        "stop": 1404
      }
    },
    "one_pass_distilled|4|0.9": {
      "row_count": 1404,
      "mean_acquisition_cost": 0.0,
      "diagnostic": {
        "record_count": 1404,
        "source_bit_micro_f1": 0.7559857361181864,
        "source_bit_macro_f1": 0.7605325432169016,
        "source_bit_hamming_loss": 0.22744539411206077,
        "source_bit_auroc": {
          "visual": 0.9032844150685908,
          "language": 0.6399605624142661,
          "alignment": 0.9662011057072786
        },
        "six_way_macro_f1": 0.2697604242431335,
        "six_way_balanced_accuracy": 0.31011268143621085,
        "six_way_confusion_matrix": [
          [
            15,
            101,
            0,
            71,
            0,
            0
          ],
          [
            2,
            329,
            0,
            61,
            0,
            0
          ],
          [
            4,
            8,
            0,
            32,
            0,
            0
          ],
          [
            10,
            25,
            0,
            560,
            0,
            0
          ],
          [
            1,
            6,
            0,
            5,
            0,
            0
          ],
          [
            0,
            156,
            0,
            18,
            0,
            0
          ]
        ],
        "six_way_labels": [
          "visual",
          "language-prior",
          "alignment",
          "mixed",
          "unclear",
          "no-failure"
        ],
        "signature_mse": 0.08605903792366201
      },
      "prediction_sets": {
        "coverage": 0.9009971509971509,
        "average_set_size": 3.888888888888889,
        "singleton_rate": 0.1111111111111111,
        "empty_set_rate": 0.07692307692307693
      },
      "action_counts": {
        "stop": 1404
      }
    },
    "oracle_best_subset|1|0.9": {
      "row_count": 1404,
      "mean_acquisition_cost": 0.9978632478632479,
      "diagnostic": {
        "record_count": 1404,
        "source_bit_micro_f1": 0.9185934489402697,
        "source_bit_macro_f1": 0.9184841048435141,
        "source_bit_hamming_loss": 0.08024691358024691,
        "source_bit_auroc": {
          "visual": 0.9780835310771863,
          "language": 0.9821877653667777,
          "alignment": 0.9938396308766679
        },
        "six_way_macro_f1": 0.70118671361942,
        "six_way_balanced_accuracy": 0.818000632855023,
        "six_way_confusion_matrix": [
          [
            175,
            0,
            0,
            12,
            0,
            0
          ],
          [
            0,
            389,
            0,
            3,
            0,
            0
          ],
          [
            0,
            0,
            42,
            2,
            0,
            0
          ],
          [
            45,
            26,
            114,
            410,
            0,
            0
          ],
          [
            2,
            0,
            2,
            0,
            7,
            1
          ],
          [
            19,
            0,
            4,
            0,
            20,
            131
          ]
        ],
        "six_way_labels": [
          "visual",
          "language-prior",
          "alignment",
          "mixed",
          "unclear",
          "no-failure"
        ],
        "signature_mse": 0.023422842351511982
      },
      "prediction_sets": {
        "coverage": 0.7257834757834758,
        "average_set_size": 1.3190883190883191,
        "singleton_rate": 0.7001424501424501,
        "empty_set_rate": 0.13817663817663817
      },
      "action_counts": {
        "brightness": 86,
        "stop": 1404,
        "grounding": 214,
        "blank": 788,
        "blur": 250,
        "crop": 50,
        "noise": 12,
        "relation": 1
      }
    },
    "oracle_best_subset|2|0.9": {
      "row_count": 1404,
      "mean_acquisition_cost": 1.9807692307692308,
      "diagnostic": {
        "record_count": 1404,
        "source_bit_micro_f1": 0.9679000245037981,
        "source_bit_macro_f1": 0.9681807451173768,
        "source_bit_hamming_loss": 0.03110161443494777,
        "source_bit_auroc": {
          "visual": 0.9992748826267173,
          "language": 0.998436377294402,
          "alignment": 0.9991104460240263
        },
        "six_way_macro_f1": 0.7988750482229005,
        "six_way_balanced_accuracy": 0.9022137956541028,
        "six_way_confusion_matrix": [
          [
            185,
            0,
            0,
            2,
            0,
            0
          ],
          [
            0,
            391,
            0,
            1,
            0,
            0
          ],
          [
            0,
            0,
            43,
            1,
            0,
            0
          ],
          [
            7,
            5,
            37,
            546,
            0,
            0
          ],
          [
            1,
            0,
            1,
            0,
            9,
            1
          ],
          [
            2,
            0,
            1,
            0,
            35,
            136
          ]
        ],
        "six_way_labels": [
          "visual",
          "language-prior",
          "alignment",
          "mixed",
          "unclear",
          "no-failure"
        ],
        "signature_mse": 0.013300017386515949
      },
      "prediction_sets": {
        "coverage": 0.7542735042735043,
        "average_set_size": 1.1339031339031338,
        "singleton_rate": 0.6431623931623932,
        "empty_set_rate": 0.20868945868945868
      },
      "action_counts": {
        "blank": 921,
        "crop": 148,
        "stop": 1404,
        "grounding": 520,
        "blur": 873,
        "brightness": 243,
        "noise": 75,
        "relation": 1
      }
    },
    "oracle_best_subset|4|0.9": {
      "row_count": 1404,
      "mean_acquisition_cost": 3.6175213675213675,
      "diagnostic": {
        "record_count": 1404,
        "source_bit_micro_f1": 0.9877038895859473,
        "source_bit_macro_f1": 0.9872483023340832,
        "source_bit_hamming_loss": 0.011633428300094967,
        "source_bit_auroc": {
          "visual": 0.9999409314499292,
          "language": 0.9995325462146449,
          "alignment": 0.9996404372947583
        },
        "six_way_macro_f1": 0.8283485548451496,
        "six_way_balanced_accuracy": 0.9379479377958081,
        "six_way_confusion_matrix": [
          [
            187,
            0,
            0,
            0,
            0,
            0
          ],
          [
            0,
            392,
            0,
            0,
            0,
            0
          ],
          [
            0,
            0,
            44,
            0,
            0,
            0
          ],
          [
            7,
            14,
            21,
            553,
            0,
            0
          ],
          [
            0,
            0,
            0,
            0,
            11,
            1
          ],
          [
            0,
            0,
            0,
            0,
            38,
            136
          ]
        ],
        "six_way_labels": [
          "visual",
          "language-prior",
          "alignment",
          "mixed",
          "unclear",
          "no-failure"
        ],
        "signature_mse": 0.007003688443927568
      },
      "prediction_sets": {
        "coverage": 0.7150997150997151,
        "average_set_size": 1.2001424501424502,
        "singleton_rate": 0.5811965811965812,
        "empty_set_rate": 0.254985754985755
      },
      "action_counts": {
        "crop": 894,
        "brightness": 446,
        "grounding": 1090,
        "stop": 1404,
        "blank": 1207,
        "blur": 1052,
        "noise": 388,
        "relation": 2
      }
    },
    "oracle_next|1|0.9": {
      "row_count": 1404,
      "mean_acquisition_cost": 0.9978632478632479,
      "diagnostic": {
        "record_count": 1404,
        "source_bit_micro_f1": 0.9188147434353168,
        "source_bit_macro_f1": 0.9187069729245566,
        "source_bit_hamming_loss": 0.08000949667616335,
        "source_bit_auroc": {
          "visual": 0.9784338686845027,
          "language": 0.9821020314847475,
          "alignment": 0.9939705698964959
        },
        "six_way_macro_f1": 0.7151946714295256,
        "six_way_balanced_accuracy": 0.8457784106328008,
        "six_way_confusion_matrix": [
          [
            175,
            0,
            0,
            12,
            0,
            0
          ],
          [
            0,
            389,
            0,
            3,
            0,
            0
          ],
          [
            0,
            0,
            42,
            2,
            0,
            0
          ],
          [
            45,
            26,
            114,
            410,
            0,
            0
          ],
          [
            2,
            0,
            0,
            0,
            9,
            1
          ],
          [
            19,
            0,
            4,
            0,
            20,
            131
          ]
        ],
        "six_way_labels": [
          "visual",
          "language-prior",
          "alignment",
          "mixed",
          "unclear",
          "no-failure"
        ],
        "signature_mse": 0.023437046799784818
      },
      "prediction_sets": {
        "coverage": 0.7264957264957265,
        "average_set_size": 1.3219373219373218,
        "singleton_rate": 0.7001424501424501,
        "empty_set_rate": 0.13817663817663817
      },
      "action_counts": {
        "brightness": 86,
        "stop": 1404,
        "grounding": 216,
        "blank": 785,
        "blur": 251,
        "crop": 50,
        "noise": 12,
        "relation": 1
      }
    },
    "oracle_next|2|0.9": {
      "row_count": 1404,
      "mean_acquisition_cost": 1.9665242165242165,
      "diagnostic": {
        "record_count": 1404,
        "source_bit_micro_f1": 0.9670437776684703,
        "source_bit_macro_f1": 0.966986346184549,
        "source_bit_hamming_loss": 0.03181386514719848,
        "source_bit_auroc": {
          "visual": 0.999209703536984,
          "language": 0.9982996113397349,
          "alignment": 0.997979797979798
        },
        "six_way_macro_f1": 0.8144600252913988,
        "six_way_balanced_accuracy": 0.9166629086326276,
        "six_way_confusion_matrix": [
          [
            185,
            0,
            0,
            2,
            0,
            0
          ],
          [
            0,
            391,
            0,
            1,
            0,
            0
          ],
          [
            0,
            0,
            43,
            1,
            0,
            0
          ],
          [
            10,
            12,
            25,
            548,
            0,
            0
          ],
          [
            1,
            0,
            0,
            0,
            10,
            1
          ],
          [
            2,
            0,
            1,
            0,
            35,
            136
          ]
        ],
        "six_way_labels": [
          "visual",
          "language-prior",
          "alignment",
          "mixed",
          "unclear",
          "no-failure"
        ],
        "signature_mse": 0.012963832882339828
      },
      "prediction_sets": {
        "coverage": 0.7720797720797721,
        "average_set_size": 1.1566951566951567,
        "singleton_rate": 0.655982905982906,
        "empty_set_rate": 0.19230769230769232
      },
      "action_counts": {
        "crop": 138,
        "blank": 930,
        "stop": 1404,
        "grounding": 529,
        "blur": 852,
        "noise": 70,
        "brightness": 241,
        "relation": 1
      }
    },
    "oracle_next|4|0.9": {
      "row_count": 1404,
      "mean_acquisition_cost": 3.2905982905982905,
      "diagnostic": {
        "record_count": 1404,
        "source_bit_micro_f1": 0.985478217325989,
        "source_bit_macro_f1": 0.9852834483060521,
        "source_bit_hamming_loss": 0.013770180436847104,
        "source_bit_auroc": {
          "visual": 0.9995396726787588,
          "language": 0.9986200927558953,
          "alignment": 0.9996404372947583
        },
        "six_way_macro_f1": 0.8034525098886705,
        "six_way_balanced_accuracy": 0.9324788745174141,
        "six_way_confusion_matrix": [
          [
            185,
            0,
            0,
            2,
            0,
            0
          ],
          [
            0,
            392,
            0,
            0,
            0,
            0
          ],
          [
            0,
            0,
            44,
            0,
            0,
            0
          ],
          [
            9,
            8,
            45,
            533,
            0,
            0
          ],
          [
            0,
            0,
            0,
            0,
            11,
            1
          ],
          [
            0,
            0,
            0,
            0,
            36,
            138
          ]
        ],
        "six_way_labels": [
          "visual",
          "language-prior",
          "alignment",
          "mixed",
          "unclear",
          "no-failure"
        ],
        "signature_mse": 0.008415811591496227
      },
      "prediction_sets": {
        "coverage": 0.7485754985754985,
        "average_set_size": 1.2592592592592593,
        "singleton_rate": 0.6203703703703703,
        "empty_set_rate": 0.20726495726495728
      },
      "action_counts": {
        "grounding": 996,
        "brightness": 419,
        "crop": 765,
        "stop": 1404,
        "blank": 1108,
        "noise": 332,
        "blur": 995,
        "relation": 5
      }
    },
    "proactive|1|0.9": {
      "row_count": 1404,
      "mean_acquisition_cost": 1.0,
      "diagnostic": {
        "record_count": 1404,
        "source_bit_micro_f1": 0.9052470708099847,
        "source_bit_macro_f1": 0.908714745845844,
        "source_bit_hamming_loss": 0.08831908831908832,
        "source_bit_auroc": {
          "visual": 0.9367681355725066,
          "language": 0.9855987491018354,
          "alignment": 0.9902377686328304
        },
        "six_way_macro_f1": 0.5579606991079835,
        "six_way_balanced_accuracy": 0.6990472103156833,
        "six_way_confusion_matrix": [
          [
            72,
            0,
            8,
            1,
            60,
            46
          ],
          [
            0,
            373,
            0,
            1,
            18,
            0
          ],
          [
            1,
            0,
            36,
            2,
            5,
            0
          ],
          [
            20,
            56,
            123,
            386,
            10,
            0
          ],
          [
            3,
            0,
            0,
            0,
            8,
            1
          ],
          [
            19,
            0,
            2,
            0,
            27,
            126
          ]
        ],
        "six_way_labels": [
          "visual",
          "language-prior",
          "alignment",
          "mixed",
          "unclear",
          "no-failure"
        ],
        "signature_mse": 0.020120210202244103
      },
      "prediction_sets": {
        "coverage": 0.7955840455840456,
        "average_set_size": 1.9914529914529915,
        "singleton_rate": 0.5769230769230769,
        "empty_set_rate": 0.07193732193732194
      },
      "action_counts": {
        "blank": 1002,
        "stop": 1404,
        "grounding": 306,
        "blur": 73,
        "brightness": 22,
        "crop": 1
      }
    },
    "proactive|2|0.9": {
      "row_count": 1404,
      "mean_acquisition_cost": 2.0,
      "diagnostic": {
        "record_count": 1404,
        "source_bit_micro_f1": 0.9460708782742681,
        "source_bit_macro_f1": 0.9480625619893971,
        "source_bit_hamming_loss": 0.04985754985754986,
        "source_bit_auroc": {
          "visual": 0.9740546485930484,
          "language": 0.9946967470115619,
          "alignment": 0.995909714428233
        },
        "six_way_macro_f1": 0.6903532855521352,
        "six_way_balanced_accuracy": 0.8265143413687315,
        "six_way_confusion_matrix": [
          [
            149,
            0,
            0,
            0,
            30,
            8
          ],
          [
            0,
            389,
            0,
            0,
            3,
            0
          ],
          [
            0,
            0,
            40,
            2,
            2,
            0
          ],
          [
            13,
            44,
            81,
            451,
            6,
            0
          ],
          [
            1,
            0,
            1,
            0,
            9,
            1
          ],
          [
            1,
            0,
            0,
            0,
            42,
            131
          ]
        ],
        "six_way_labels": [
          "visual",
          "language-prior",
          "alignment",
          "mixed",
          "unclear",
          "no-failure"
        ],
        "signature_mse": 0.01229854733329775
      },
      "prediction_sets": {
        "coverage": 0.7877492877492878,
        "average_set_size": 1.455128205128205,
        "singleton_rate": 0.6089743589743589,
        "empty_set_rate": 0.12321937321937322
      },
      "action_counts": {
        "grounding": 587,
        "blank": 1137,
        "stop": 1404,
        "blur": 998,
        "brightness": 65,
        "crop": 14,
        "noise": 7
      }
    },
    "proactive|4|0.9": {
      "row_count": 1404,
      "mean_acquisition_cost": 3.8304843304843303,
      "diagnostic": {
        "record_count": 1404,
        "source_bit_micro_f1": 0.9775967413441955,
        "source_bit_macro_f1": 0.9789692051214689,
        "source_bit_hamming_loss": 0.020892687559354226,
        "source_bit_auroc": {
          "visual": 0.9902170260003462,
          "language": 0.9993100463779476,
          "alignment": 0.9995635366005736
        },
        "six_way_macro_f1": 0.7823644408700786,
        "six_way_balanced_accuracy": 0.9179209510345413,
        "six_way_confusion_matrix": [
          [
            177,
            0,
            0,
            0,
            8,
            2
          ],
          [
            0,
            392,
            0,
            0,
            0,
            0
          ],
          [
            0,
            0,
            44,
            0,
            0,
            0
          ],
          [
            2,
            20,
            46,
            527,
            0,
            0
          ],
          [
            0,
            0,
            0,
            0,
            11,
            1
          ],
          [
            0,
            0,
            0,
            0,
            42,
            132
          ]
        ],
        "six_way_labels": [
          "visual",
          "language-prior",
          "alignment",
          "mixed",
          "unclear",
          "no-failure"
        ],
        "signature_mse": 0.006522263255142816
      },
      "prediction_sets": {
        "coverage": 0.7913105413105413,
        "average_set_size": 1.4907407407407407,
        "singleton_rate": 0.5071225071225072,
        "empty_set_rate": 0.1745014245014245
      },
      "action_counts": {
        "grounding": 1250,
        "blank": 1321,
        "blur": 1333,
        "brightness": 396,
        "stop": 1404,
        "crop": 879,
        "noise": 199
      }
    },
    "random|1|0.9": {
      "row_count": 1404,
      "mean_acquisition_cost": 1.0,
      "diagnostic": {
        "record_count": 1404,
        "source_bit_micro_f1": 0.8292682926829268,
        "source_bit_macro_f1": 0.8352625755717252,
        "source_bit_hamming_loss": 0.16951566951566951,
        "source_bit_auroc": {
          "visual": 0.9368821989795398,
          "language": 0.8081867692207199,
          "alignment": 0.9814025023901567
        },
        "six_way_macro_f1": 0.3861205542966862,
        "six_way_balanced_accuracy": 0.541575564395037,
        "six_way_confusion_matrix": [
          [
            66,
            9,
            21,
            8,
            46,
            37
          ],
          [
            1,
            70,
            22,
            1,
            68,
            230
          ],
          [
            0,
            0,
            35,
            2,
            6,
            1
          ],
          [
            33,
            12,
            124,
            395,
            27,
            4
          ],
          [
            1,
            1,
            2,
            0,
            6,
            2
          ],
          [
            5,
            2,
            11,
            0,
            24,
            132
          ]
        ],
        "six_way_labels": [
          "visual",
          "language-prior",
          "alignment",
          "mixed",
          "unclear",
          "no-failure"
        ],
        "signature_mse": 0.06674196814829902
      },
      "prediction_sets": {
        "coverage": 0.8817663817663818,
        "average_set_size": 3.3212250712250713,
        "singleton_rate": 0.2863247863247863,
        "empty_set_rate": 0.04131054131054131
      },
      "action_counts": {
        "brightness": 288,
        "stop": 1404,
        "noise": 256,
        "grounding": 216,
        "blank": 220,
        "blur": 200,
        "crop": 222,
        "relation": 2
      }
    },
    "random|2|0.9": {
      "row_count": 1404,
      "mean_acquisition_cost": 2.0,
      "diagnostic": {
        "record_count": 1404,
        "source_bit_micro_f1": 0.8642456738971485,
        "source_bit_macro_f1": 0.8677662754251037,
        "source_bit_hamming_loss": 0.1322412155745489,
        "source_bit_auroc": {
          "visual": 0.9609353199376727,
          "language": 0.8889113430008492,
          "alignment": 0.9893814690110987
        },
        "six_way_macro_f1": 0.4988307117973257,
        "six_way_balanced_accuracy": 0.646645899739206,
        "six_way_confusion_matrix": [
          [
            94,
            6,
            14,
            9,
            39,
            25
          ],
          [
            0,
            168,
            7,
            1,
            61,
            155
          ],
          [
            0,
            0,
            40,
            1,
            2,
            1
          ],
          [
            42,
            16,
            82,
            439,
            14,
            2
          ],
          [
            2,
            1,
            1,
            0,
            7,
            1
          ],
          [
            1,
            9,
            9,
            0,
            30,
            125
          ]
        ],
        "six_way_labels": [
          "visual",
          "language-prior",
          "alignment",
          "mixed",
          "unclear",
          "no-failure"
        ],
        "signature_mse": 0.0520103551987534
      },
      "prediction_sets": {
        "coverage": 0.8839031339031339,
        "average_set_size": 2.8475783475783474,
        "singleton_rate": 0.3803418803418803,
        "empty_set_rate": 0.054843304843304845
      },
      "action_counts": {
        "brightness": 510,
        "crop": 478,
        "stop": 1404,
        "noise": 478,
        "blur": 468,
        "grounding": 442,
        "blank": 426,
        "relation": 6
      }
    },
    "random|4|0.9": {
      "row_count": 1404,
      "mean_acquisition_cost": 4.0,
      "diagnostic": {
        "record_count": 1404,
        "source_bit_micro_f1": 0.9393638170974155,
        "source_bit_macro_f1": 0.9396659620921958,
        "source_bit_hamming_loss": 0.057929724596391265,
        "source_bit_auroc": {
          "visual": 0.9923577517287735,
          "language": 0.9735470148278791,
          "alignment": 0.9972170262293719
        },
        "six_way_macro_f1": 0.6776478536464166,
        "six_way_balanced_accuracy": 0.803128984091024,
        "six_way_confusion_matrix": [
          [
            154,
            0,
            2,
            5,
            13,
            13
          ],
          [
            0,
            304,
            2,
            0,
            28,
            58
          ],
          [
            0,
            0,
            42,
            0,
            2,
            0
          ],
          [
            40,
            5,
            38,
            510,
            1,
            1
          ],
          [
            0,
            1,
            1,
            0,
            8,
            2
          ],
          [
            1,
            5,
            3,
            0,
            36,
            129
          ]
        ],
        "six_way_labels": [
          "visual",
          "language-prior",
          "alignment",
          "mixed",
          "unclear",
          "no-failure"
        ],
        "signature_mse": 0.027721221772332667
      },
      "prediction_sets": {
        "coverage": 0.8518518518518519,
        "average_set_size": 2.1837606837606836,
        "singleton_rate": 0.44871794871794873,
        "empty_set_rate": 0.1168091168091168
      },
      "action_counts": {
        "brightness": 952,
        "crop": 962,
        "blur": 956,
        "grounding": 904,
        "stop": 1404,
        "noise": 958,
        "blank": 872,
        "relation": 12
      }
    },
    "relation_first|1|0.9": {
      "row_count": 1404,
      "mean_acquisition_cost": 1.0,
      "diagnostic": {
        "record_count": 1404,
        "source_bit_micro_f1": 0.8165424380860784,
        "source_bit_macro_f1": 0.8305738797345544,
        "source_bit_hamming_loss": 0.1811490978157645,
        "source_bit_auroc": {
          "visual": 0.9045818863235939,
          "language": 0.6687426513815403,
          "alignment": 0.9999542752629171
        },
        "six_way_macro_f1": 0.32892827717952666,
        "six_way_balanced_accuracy": 0.539816130213841,
        "six_way_confusion_matrix": [
          [
            33,
            8,
            0,
            0,
            106,
            40
          ],
          [
            10,
            27,
            1,
            0,
            108,
            246
          ],
          [
            0,
            0,
            42,
            2,
            0,
            0
          ],
          [
            6,
            1,
            176,
            372,
            36,
            4
          ],
          [
            2,
            0,
            0,
            0,
            8,
            2
          ],
          [
            4,
            3,
            0,
            0,
            37,
            130
          ]
        ],
        "six_way_labels": [
          "visual",
          "language-prior",
          "alignment",
          "mixed",
          "unclear",
          "no-failure"
        ],
        "signature_mse": 0.07807828033748059
      },
      "prediction_sets": {
        "coverage": 0.8760683760683761,
        "average_set_size": 3.32977207977208,
        "singleton_rate": 0.41524216524216523,
        "empty_set_rate": 0.0
      },
      "action_counts": {
        "grounding": 1388,
        "stop": 1404,
        "relation": 16
      }
    },
    "relation_first|2|0.9": {
      "row_count": 1404,
      "mean_acquisition_cost": 2.0,
      "diagnostic": {
        "record_count": 1404,
        "source_bit_micro_f1": 0.9466767753348496,
        "source_bit_macro_f1": 0.9518126869486042,
        "source_bit_hamming_loss": 0.05009496676163343,
        "source_bit_auroc": {
          "visual": 0.9375625057286309,
          "language": 0.9998856881572931,
          "alignment": 0.9999750592343185
        },
        "six_way_macro_f1": 0.5855030477831847,
        "six_way_balanced_accuracy": 0.7330276781559019,
        "six_way_confusion_matrix": [
          [
            65,
            0,
            0,
            0,
            80,
            42
          ],
          [
            0,
            389,
            1,
            0,
            1,
            1
          ],
          [
            0,
            0,
            42,
            2,
            0,
            0
          ],
          [
            0,
            42,
            121,
            431,
            1,
            0
          ],
          [
            3,
            0,
            0,
            0,
            8,
            1
          ],
          [
            13,
            0,
            0,
            0,
            37,
            124
          ]
        ],
        "six_way_labels": [
          "visual",
          "language-prior",
          "alignment",
          "mixed",
          "unclear",
          "no-failure"
        ],
        "signature_mse": 0.0036020534876846665
      },
      "prediction_sets": {
        "coverage": 0.834045584045584,
        "average_set_size": 1.858974358974359,
        "singleton_rate": 0.5769230769230769,
        "empty_set_rate": 0.07621082621082621
      },
      "action_counts": {
        "grounding": 1404,
        "blank": 1388,
        "stop": 1404,
        "relation": 16
      }
    },
    "relation_first|4|0.9": {
      "row_count": 1404,
      "mean_acquisition_cost": 4.0,
      "diagnostic": {
        "record_count": 1404,
        "source_bit_micro_f1": 0.984505969011938,
        "source_bit_macro_f1": 0.9856687228656488,
        "source_bit_hamming_loss": 0.014482431149097816,
        "source_bit_auroc": {
          "visual": 0.9904614475868461,
          "language": 0.9999550917760794,
          "alignment": 0.9999771376314586
        },
        "six_way_macro_f1": 0.8122220834843487,
        "six_way_balanced_accuracy": 0.9218051483916452,
        "six_way_confusion_matrix": [
          [
            177,
            0,
            0,
            0,
            8,
            2
          ],
          [
            0,
            390,
            0,
            2,
            0,
            0
          ],
          [
            0,
            0,
            44,
            0,
            0,
            0
          ],
          [
            0,
            17,
            17,
            561,
            0,
            0
          ],
          [
            0,
            0,
            0,
            0,
            11,
            1
          ],
          [
            0,
            0,
            0,
            0,
            47,
            127
          ]
        ],
        "six_way_labels": [
          "visual",
          "language-prior",
          "alignment",
          "mixed",
          "unclear",
          "no-failure"
        ],
        "signature_mse": 0.0038553707968915774
      },
      "prediction_sets": {
        "coverage": 0.8247863247863247,
        "average_set_size": 1.5284900284900285,
        "singleton_rate": 0.5056980056980057,
        "empty_set_rate": 0.16096866096866097
      },
      "action_counts": {
        "grounding": 1404,
        "blank": 1404,
        "blur": 1404,
        "crop": 1388,
        "stop": 1404,
        "relation": 16
      }
    },
    "scalar_confidence|1|0.9": {
      "row_count": 1404,
      "mean_acquisition_cost": 0.0,
      "diagnostic": {
        "record_count": 1404,
        "source_bit_micro_f1": 0.7294057638357562,
        "source_bit_macro_f1": 0.7369163267295771,
        "source_bit_hamming_loss": 0.25189933523266855,
        "source_bit_auroc": {
          "visual": 0.8883410903239605,
          "language": 0.5792691390685218,
          "alignment": 0.9543428108242922
        },
        "six_way_macro_f1": 0.26726756057323864,
        "six_way_balanced_accuracy": 0.3273139506586334,
        "six_way_confusion_matrix": [
          [
            6,
            77,
            38,
            14,
            0,
            52
          ],
          [
            19,
            71,
            23,
            6,
            0,
            273
          ],
          [
            5,
            16,
            12,
            8,
            0,
            3
          ],
          [
            22,
            44,
            93,
            428,
            0,
            8
          ],
          [
            0,
            6,
            3,
            0,
            0,
            3
          ],
          [
            3,
            28,
            8,
            3,
            0,
            132
          ]
        ],
        "six_way_labels": [
          "visual",
          "language-prior",
          "alignment",
          "mixed",
          "unclear",
          "no-failure"
        ],
        "signature_mse": 0.09417371992271498
      },
      "prediction_sets": {
        "coverage": 0.9002849002849003,
        "average_set_size": 3.490740740740741,
        "singleton_rate": 0.1225071225071225,
        "empty_set_rate": 0.014957264957264958
      },
      "action_counts": {
        "stop": 1404
      }
    },
    "scalar_confidence|2|0.9": {
      "row_count": 1404,
      "mean_acquisition_cost": 0.0,
      "diagnostic": {
        "record_count": 1404,
        "source_bit_micro_f1": 0.7294057638357562,
        "source_bit_macro_f1": 0.7369163267295771,
        "source_bit_hamming_loss": 0.25189933523266855,
        "source_bit_auroc": {
          "visual": 0.8883410903239605,
          "language": 0.5792691390685218,
          "alignment": 0.9543428108242922
        },
        "six_way_macro_f1": 0.26726756057323864,
        "six_way_balanced_accuracy": 0.3273139506586334,
        "six_way_confusion_matrix": [
          [
            6,
            77,
            38,
            14,
            0,
            52
          ],
          [
            19,
            71,
            23,
            6,
            0,
            273
          ],
          [
            5,
            16,
            12,
            8,
            0,
            3
          ],
          [
            22,
            44,
            93,
            428,
            0,
            8
          ],
          [
            0,
            6,
            3,
            0,
            0,
            3
          ],
          [
            3,
            28,
            8,
            3,
            0,
            132
          ]
        ],
        "six_way_labels": [
          "visual",
          "language-prior",
          "alignment",
          "mixed",
          "unclear",
          "no-failure"
        ],
        "signature_mse": 0.09417371992271498
      },
      "prediction_sets": {
        "coverage": 0.9002849002849003,
        "average_set_size": 3.490740740740741,
        "singleton_rate": 0.1225071225071225,
        "empty_set_rate": 0.014957264957264958
      },
      "action_counts": {
        "stop": 1404
      }
    },
    "scalar_confidence|4|0.9": {
      "row_count": 1404,
      "mean_acquisition_cost": 0.0,
      "diagnostic": {
        "record_count": 1404,
        "source_bit_micro_f1": 0.7294057638357562,
        "source_bit_macro_f1": 0.7369163267295771,
        "source_bit_hamming_loss": 0.25189933523266855,
        "source_bit_auroc": {
          "visual": 0.8883410903239605,
          "language": 0.5792691390685218,
          "alignment": 0.9543428108242922
        },
        "six_way_macro_f1": 0.26726756057323864,
        "six_way_balanced_accuracy": 0.3273139506586334,
        "six_way_confusion_matrix": [
          [
            6,
            77,
            38,
            14,
            0,
            52
          ],
          [
            19,
            71,
            23,
            6,
            0,
            273
          ],
          [
            5,
            16,
            12,
            8,
            0,
            3
          ],
          [
            22,
            44,
            93,
            428,
            0,
            8
          ],
          [
            0,
            6,
            3,
            0,
            0,
            3
          ],
          [
            3,
            28,
            8,
            3,
            0,
            132
          ]
        ],
        "six_way_labels": [
          "visual",
          "language-prior",
          "alignment",
          "mixed",
          "unclear",
          "no-failure"
        ],
        "signature_mse": 0.09417371992271498
      },
      "prediction_sets": {
        "coverage": 0.9002849002849003,
        "average_set_size": 3.490740740740741,
        "singleton_rate": 0.1225071225071225,
        "empty_set_rate": 0.014957264957264958
      },
      "action_counts": {
        "stop": 1404
      }
    },
    "uncertainty_greedy|1|0.9": {
      "row_count": 1404,
      "mean_acquisition_cost": 1.0,
      "diagnostic": {
        "record_count": 1404,
        "source_bit_micro_f1": 0.8833957553058677,
        "source_bit_macro_f1": 0.8874060030082589,
        "source_bit_hamming_loss": 0.11087369420702754,
        "source_bit_auroc": {
          "visual": 0.9361285657544989,
          "language": 0.9466837317917565,
          "alignment": 0.9952467057405329
        },
        "six_way_macro_f1": 0.5424843313640123,
        "six_way_balanced_accuracy": 0.6903000750979597,
        "six_way_confusion_matrix": [
          [
            58,
            0,
            3,
            0,
            80,
            46
          ],
          [
            0,
            359,
            0,
            0,
            33,
            0
          ],
          [
            0,
            0,
            39,
            1,
            4,
            0
          ],
          [
            12,
            36,
            146,
            380,
            21,
            0
          ],
          [
            3,
            0,
            0,
            0,
            8,
            1
          ],
          [
            17,
            0,
            2,
            0,
            29,
            126
          ]
        ],
        "six_way_labels": [
          "visual",
          "language-prior",
          "alignment",
          "mixed",
          "unclear",
          "no-failure"
        ],
        "signature_mse": 0.03809609392800308
      },
      "prediction_sets": {
        "coverage": 0.7891737891737892,
        "average_set_size": 2.074074074074074,
        "singleton_rate": 0.5242165242165242,
        "empty_set_rate": 0.08903133903133903
      },
      "action_counts": {
        "blur": 108,
        "stop": 1404,
        "grounding": 311,
        "blank": 746,
        "brightness": 237,
        "crop": 2
      }
    },
    "uncertainty_greedy|2|0.9": {
      "row_count": 1404,
      "mean_acquisition_cost": 2.0,
      "diagnostic": {
        "record_count": 1404,
        "source_bit_micro_f1": 0.9295413784268511,
        "source_bit_macro_f1": 0.9321326246804934,
        "source_bit_hamming_loss": 0.06528964862298195,
        "source_bit_auroc": {
          "visual": 0.9723151816357916,
          "language": 0.9788033183094912,
          "alignment": 0.9983206551107786
        },
        "six_way_macro_f1": 0.7195094784073577,
        "six_way_balanced_accuracy": 0.8474017872561773,
        "six_way_confusion_matrix": [
          [
            149,
            0,
            0,
            0,
            30,
            8
          ],
          [
            0,
            389,
            0,
            0,
            3,
            0
          ],
          [
            0,
            0,
            43,
            1,
            0,
            0
          ],
          [
            9,
            40,
            55,
            485,
            6,
            0
          ],
          [
            2,
            0,
            0,
            0,
            9,
            1
          ],
          [
            2,
            0,
            0,
            0,
            41,
            131
          ]
        ],
        "six_way_labels": [
          "visual",
          "language-prior",
          "alignment",
          "mixed",
          "unclear",
          "no-failure"
        ],
        "signature_mse": 0.0246150938918254
      },
      "prediction_sets": {
        "coverage": 0.8133903133903134,
        "average_set_size": 1.5163817663817665,
        "singleton_rate": 0.5498575498575499,
        "empty_set_rate": 0.12962962962962962
      },
      "action_counts": {
        "blur": 948,
        "brightness": 270,
        "stop": 1404,
        "grounding": 621,
        "blank": 938,
        "crop": 31
      }
    },
    "uncertainty_greedy|4|0.9": {
      "row_count": 1404,
      "mean_acquisition_cost": 3.772792022792023,
      "diagnostic": {
        "record_count": 1404,
        "source_bit_micro_f1": 0.9746738296239448,
        "source_bit_macro_f1": 0.9756791163635373,
        "source_bit_hamming_loss": 0.023504273504273504,
        "source_bit_auroc": {
          "visual": 0.9909380696805206,
          "language": 0.9953622052387484,
          "alignment": 0.998378850230702
        },
        "six_way_macro_f1": 0.8193922801627583,
        "six_way_balanced_accuracy": 0.9248669687310661,
        "six_way_confusion_matrix": [
          [
            175,
            0,
            0,
            0,
            10,
            2
          ],
          [
            0,
            392,
            0,
            0,
            0,
            0
          ],
          [
            0,
            0,
            44,
            0,
            0,
            0
          ],
          [
            0,
            16,
            14,
            565,
            0,
            0
          ],
          [
            0,
            0,
            0,
            0,
            11,
            1
          ],
          [
            0,
            0,
            0,
            0,
            44,
            130
          ]
        ],
        "six_way_labels": [
          "visual",
          "language-prior",
          "alignment",
          "mixed",
          "unclear",
          "no-failure"
        ],
        "signature_mse": 0.012438924466638843
      },
      "prediction_sets": {
        "coverage": 0.7877492877492878,
        "average_set_size": 1.5377492877492878,
        "singleton_rate": 0.4301994301994302,
        "empty_set_rate": 0.1987179487179487
      },
      "action_counts": {
        "blur": 1276,
        "brightness": 647,
        "grounding": 940,
        "crop": 768,
        "stop": 1404,
        "blank": 1186,
        "noise": 480
      }
    },
    "visual_first|1|0.9": {
      "row_count": 1404,
      "mean_acquisition_cost": 1.0,
      "diagnostic": {
        "record_count": 1404,
        "source_bit_micro_f1": 0.8457807953443259,
        "source_bit_macro_f1": 0.8468214527384214,
        "source_bit_hamming_loss": 0.150997150997151,
        "source_bit_auroc": {
          "visual": 0.975174914197839,
          "language": 0.839416356391665,
          "alignment": 0.9687014174668496
        },
        "six_way_macro_f1": 0.42869115753976245,
        "six_way_balanced_accuracy": 0.5983752330608315,
        "six_way_confusion_matrix": [
          [
            142,
            1,
            17,
            11,
            7,
            9
          ],
          [
            0,
            42,
            48,
            0,
            51,
            251
          ],
          [
            0,
            0,
            36,
            1,
            6,
            1
          ],
          [
            58,
            3,
            92,
            414,
            25,
            3
          ],
          [
            1,
            1,
            3,
            0,
            5,
            2
          ],
          [
            0,
            1,
            17,
            0,
            18,
            138
          ]
        ],
        "six_way_labels": [
          "visual",
          "language-prior",
          "alignment",
          "mixed",
          "unclear",
          "no-failure"
        ],
        "signature_mse": 0.06744567366916805
      },
      "prediction_sets": {
        "coverage": 0.8582621082621082,
        "average_set_size": 3.171652421652422,
        "singleton_rate": 0.30982905982905984,
        "empty_set_rate": 0.07051282051282051
      },
      "action_counts": {
        "blur": 1404,
        "stop": 1404
      }
    },
    "visual_first|2|0.9": {
      "row_count": 1404,
      "mean_acquisition_cost": 2.0,
      "diagnostic": {
        "record_count": 1404,
        "source_bit_micro_f1": 0.8630203291384317,
        "source_bit_macro_f1": 0.8631390186735551,
        "source_bit_hamming_loss": 0.13437796771130103,
        "source_bit_auroc": {
          "visual": 0.9913800653827743,
          "language": 0.8452809621791103,
          "alignment": 0.9684603233985951
        },
        "six_way_macro_f1": 0.5579761209344084,
        "six_way_balanced_accuracy": 0.6761289207428008,
        "six_way_confusion_matrix": [
          [
            164,
            1,
            6,
            13,
            2,
            1
          ],
          [
            0,
            271,
            38,
            0,
            58,
            25
          ],
          [
            0,
            1,
            36,
            0,
            7,
            0
          ],
          [
            79,
            3,
            56,
            433,
            24,
            0
          ],
          [
            0,
            3,
            3,
            0,
            6,
            0
          ],
          [
            0,
            62,
            14,
            0,
            21,
            77
          ]
        ],
        "six_way_labels": [
          "visual",
          "language-prior",
          "alignment",
          "mixed",
          "unclear",
          "no-failure"
        ],
        "signature_mse": 0.0665182949176906
      },
      "prediction_sets": {
        "coverage": 0.8938746438746439,
        "average_set_size": 3.0605413105413106,
        "singleton_rate": 0.3668091168091168,
        "empty_set_rate": 0.045584045584045586
      },
      "action_counts": {
        "blur": 1404,
        "crop": 1404,
        "stop": 1404
      }
    },
    "visual_first|4|0.9": {
      "row_count": 1404,
      "mean_acquisition_cost": 4.0,
      "diagnostic": {
        "record_count": 1404,
        "source_bit_micro_f1": 0.8750299832094027,
        "source_bit_macro_f1": 0.8744265224522194,
        "source_bit_hamming_loss": 0.12369420702754036,
        "source_bit_auroc": {
          "visual": 0.9999694473016876,
          "language": 0.8404533281076491,
          "alignment": 0.9681381718418757
        },
        "six_way_macro_f1": 0.5606355120315725,
        "six_way_balanced_accuracy": 0.6927231812265137,
        "six_way_confusion_matrix": [
          [
            169,
            0,
            1,
            17,
            0,
            0
          ],
          [
            0,
            166,
            31,
            0,
            63,
            132
          ],
          [
            0,
            1,
            34,
            0,
            8,
            1
          ],
          [
            93,
            2,
            24,
            461,
            14,
            1
          ],
          [
            0,
            2,
            3,
            0,
            6,
            1
          ],
          [
            0,
            3,
            11,
            0,
            24,
            136
          ]
        ],
        "six_way_labels": [
          "visual",
          "language-prior",
          "alignment",
          "mixed",
          "unclear",
          "no-failure"
        ],
        "signature_mse": 0.06654658111947284
      },
      "prediction_sets": {
        "coverage": 0.9401709401709402,
        "average_set_size": 3.1445868945868947,
        "singleton_rate": 0.3938746438746439,
        "empty_set_rate": 0.008547008547008548
      },
      "action_counts": {
        "blur": 1404,
        "crop": 1404,
        "brightness": 1404,
        "noise": 1404,
        "stop": 1404
      }
    }
  },
  "frontier_rows": [
    {
      "condition": "blank_first",
      "maximum_budget": 1,
      "target_coverage": 0.9,
      "row_count": 1404,
      "mean_acquisition_cost": 1.0,
      "source_bit_macro_f1": 0.9146181702797286,
      "source_bit_micro_f1": 0.9132283070767692,
      "six_way_macro_f1": 0.5549778938484481,
      "coverage": 0.8547008547008547,
      "average_set_size": 2.2635327635327633,
      "pareto_nondominated": false
    },
    {
      "condition": "blank_first",
      "maximum_budget": 2,
      "target_coverage": 0.9,
      "row_count": 1404,
      "mean_acquisition_cost": 2.0,
      "source_bit_macro_f1": 0.952840622045355,
      "source_bit_micro_f1": 0.9476876421531463,
      "six_way_macro_f1": 0.5881041671849396,
      "coverage": 0.8297720797720798,
      "average_set_size": 1.8333333333333333,
      "pareto_nondominated": false
    },
    {
      "condition": "blank_first",
      "maximum_budget": 4,
      "target_coverage": 0.9,
      "row_count": 1404,
      "mean_acquisition_cost": 4.0,
      "source_bit_macro_f1": 0.9859045182266938,
      "source_bit_micro_f1": 0.9847483477376716,
      "six_way_macro_f1": 0.8118713367614142,
      "coverage": 0.8226495726495726,
      "average_set_size": 1.5213675213675213,
      "pareto_nondominated": false
    },
    {
      "condition": "clean_only_learned",
      "maximum_budget": 1,
      "target_coverage": 0.9,
      "row_count": 1404,
      "mean_acquisition_cost": 0.0,
      "source_bit_macro_f1": 0.7666181864284828,
      "source_bit_micro_f1": 0.7551319648093842,
      "six_way_macro_f1": 0.241489094468475,
      "coverage": 0.9009971509971509,
      "average_set_size": 3.967236467236467,
      "pareto_nondominated": false
    },
    {
      "condition": "clean_only_learned",
      "maximum_budget": 2,
      "target_coverage": 0.9,
      "row_count": 1404,
      "mean_acquisition_cost": 0.0,
      "source_bit_macro_f1": 0.7666181864284828,
      "source_bit_micro_f1": 0.7551319648093842,
      "six_way_macro_f1": 0.241489094468475,
      "coverage": 0.9009971509971509,
      "average_set_size": 3.967236467236467,
      "pareto_nondominated": false
    },
    {
      "condition": "clean_only_learned",
      "maximum_budget": 4,
      "target_coverage": 0.9,
      "row_count": 1404,
      "mean_acquisition_cost": 0.0,
      "source_bit_macro_f1": 0.7666181864284828,
      "source_bit_micro_f1": 0.7551319648093842,
      "six_way_macro_f1": 0.241489094468475,
      "coverage": 0.9009971509971509,
      "average_set_size": 3.967236467236467,
      "pareto_nondominated": false
    },
    {
      "condition": "dataset_specific_fixed",
      "maximum_budget": 1,
      "target_coverage": 0.9,
      "row_count": 1404,
      "mean_acquisition_cost": 1.0,
      "source_bit_macro_f1": 0.8933726591813063,
      "source_bit_micro_f1": 0.8923003118253778,
      "six_way_macro_f1": 0.4354980052411175,
      "coverage": 0.8582621082621082,
      "average_set_size": 3.2264957264957266,
      "pareto_nondominated": false
    },
    {
      "condition": "dataset_specific_fixed",
      "maximum_budget": 2,
      "target_coverage": 0.9,
      "row_count": 1404,
      "mean_acquisition_cost": 2.0,
      "source_bit_macro_f1": 0.952840622045355,
      "source_bit_micro_f1": 0.9476876421531463,
      "six_way_macro_f1": 0.5881041671849396,
      "coverage": 0.8297720797720798,
      "average_set_size": 1.8333333333333333,
      "pareto_nondominated": false
    },
    {
      "condition": "dataset_specific_fixed",
      "maximum_budget": 4,
      "target_coverage": 0.9,
      "row_count": 1404,
      "mean_acquisition_cost": 4.0,
      "source_bit_macro_f1": 0.9856687228656488,
      "source_bit_micro_f1": 0.984505969011938,
      "six_way_macro_f1": 0.8122220834843487,
      "coverage": 0.8247863247863247,
      "average_set_size": 1.5284900284900285,
      "pareto_nondominated": false
    },
    {
      "condition": "diagnostic_no_acquisition",
      "maximum_budget": 1,
      "target_coverage": 0.9,
      "row_count": 1404,
      "mean_acquisition_cost": 0.0,
      "source_bit_macro_f1": 0.7840921236479227,
      "source_bit_micro_f1": 0.7747489239598279,
      "six_way_macro_f1": 0.28156947367685925,
      "coverage": 0.9650997150997151,
      "average_set_size": 4.012108262108262,
      "pareto_nondominated": false
    },
    {
      "condition": "diagnostic_no_acquisition",
      "maximum_budget": 2,
      "target_coverage": 0.9,
      "row_count": 1404,
      "mean_acquisition_cost": 0.0,
      "source_bit_macro_f1": 0.7844730004403461,
      "source_bit_micro_f1": 0.7754227196951655,
      "six_way_macro_f1": 0.27486473244538673,
      "coverage": 0.9622507122507122,
      "average_set_size": 4.074074074074074,
      "pareto_nondominated": false
    },
    {
      "condition": "diagnostic_no_acquisition",
      "maximum_budget": 4,
      "target_coverage": 0.9,
      "row_count": 1404,
      "mean_acquisition_cost": 0.0,
      "source_bit_macro_f1": 0.7849519289999062,
      "source_bit_micro_f1": 0.7758210376011423,
      "six_way_macro_f1": 0.27402443476410077,
      "coverage": 0.9629629629629629,
      "average_set_size": 4.193732193732194,
      "pareto_nondominated": true
    },
    {
      "condition": "full_teacher",
      "maximum_budget": 7,
      "target_coverage": 0.9,
      "row_count": 1404,
      "mean_acquisition_cost": 6.011396011396012,
      "source_bit_macro_f1": 0.995089991230342,
      "source_bit_micro_f1": 0.9949622166246851,
      "six_way_macro_f1": 0.8343740581701322,
      "coverage": 0.8725071225071225,
      "average_set_size": 1.8269230769230769,
      "pareto_nondominated": true
    },
    {
      "condition": "grounding_first",
      "maximum_budget": 1,
      "target_coverage": 0.9,
      "row_count": 1404,
      "mean_acquisition_cost": 1.0,
      "source_bit_macro_f1": 0.8303420358476449,
      "source_bit_micro_f1": 0.8155806684299111,
      "six_way_macro_f1": 0.32927996333122905,
      "coverage": 0.8753561253561254,
      "average_set_size": 3.324074074074074,
      "pareto_nondominated": false
    },
    {
      "condition": "grounding_first",
      "maximum_budget": 2,
      "target_coverage": 0.9,
      "row_count": 1404,
      "mean_acquisition_cost": 2.0,
      "source_bit_macro_f1": 0.952840622045355,
      "source_bit_micro_f1": 0.9476876421531463,
      "six_way_macro_f1": 0.5881041671849396,
      "coverage": 0.8297720797720798,
      "average_set_size": 1.8333333333333333,
      "pareto_nondominated": false
    },
    {
      "condition": "grounding_first",
      "maximum_budget": 4,
      "target_coverage": 0.9,
      "row_count": 1404,
      "mean_acquisition_cost": 4.0,
      "source_bit_macro_f1": 0.9859045182266938,
      "source_bit_micro_f1": 0.9847483477376716,
      "six_way_macro_f1": 0.8118713367614142,
      "coverage": 0.8226495726495726,
      "average_set_size": 1.5213675213675213,
      "pareto_nondominated": false
    },
    {
      "condition": "one_pass_distilled",
      "maximum_budget": 1,
      "target_coverage": 0.9,
      "row_count": 1404,
      "mean_acquisition_cost": 0.0,
      "source_bit_macro_f1": 0.7605325432169016,
      "source_bit_micro_f1": 0.7559857361181864,
      "six_way_macro_f1": 0.2697604242431335,
      "coverage": 0.9009971509971509,
      "average_set_size": 3.888888888888889,
      "pareto_nondominated": false
    },
    {
      "condition": "one_pass_distilled",
      "maximum_budget": 2,
      "target_coverage": 0.9,
      "row_count": 1404,
      "mean_acquisition_cost": 0.0,
      "source_bit_macro_f1": 0.7605325432169016,
      "source_bit_micro_f1": 0.7559857361181864,
      "six_way_macro_f1": 0.2697604242431335,
      "coverage": 0.9009971509971509,
      "average_set_size": 3.888888888888889,
      "pareto_nondominated": false
    },
    {
      "condition": "one_pass_distilled",
      "maximum_budget": 4,
      "target_coverage": 0.9,
      "row_count": 1404,
      "mean_acquisition_cost": 0.0,
      "source_bit_macro_f1": 0.7605325432169016,
      "source_bit_micro_f1": 0.7559857361181864,
      "six_way_macro_f1": 0.2697604242431335,
      "coverage": 0.9009971509971509,
      "average_set_size": 3.888888888888889,
      "pareto_nondominated": false
    },
    {
      "condition": "oracle_best_subset",
      "maximum_budget": 1,
      "target_coverage": 0.9,
      "row_count": 1404,
      "mean_acquisition_cost": 0.9978632478632479,
      "source_bit_macro_f1": 0.9184841048435141,
      "source_bit_micro_f1": 0.9185934489402697,
      "six_way_macro_f1": 0.70118671361942,
      "coverage": 0.7257834757834758,
      "average_set_size": 1.3190883190883191,
      "pareto_nondominated": false
    },
    {
      "condition": "oracle_best_subset",
      "maximum_budget": 2,
      "target_coverage": 0.9,
      "row_count": 1404,
      "mean_acquisition_cost": 1.9807692307692308,
      "source_bit_macro_f1": 0.9681807451173768,
      "source_bit_micro_f1": 0.9679000245037981,
      "six_way_macro_f1": 0.7988750482229005,
      "coverage": 0.7542735042735043,
      "average_set_size": 1.1339031339031338,
      "pareto_nondominated": true
    },
    {
      "condition": "oracle_best_subset",
      "maximum_budget": 4,
      "target_coverage": 0.9,
      "row_count": 1404,
      "mean_acquisition_cost": 3.6175213675213675,
      "source_bit_macro_f1": 0.9872483023340832,
      "source_bit_micro_f1": 0.9877038895859473,
      "six_way_macro_f1": 0.8283485548451496,
      "coverage": 0.7150997150997151,
      "average_set_size": 1.2001424501424502,
      "pareto_nondominated": true
    },
    {
      "condition": "oracle_next",
      "maximum_budget": 1,
      "target_coverage": 0.9,
      "row_count": 1404,
      "mean_acquisition_cost": 0.9978632478632479,
      "source_bit_macro_f1": 0.9187069729245566,
      "source_bit_micro_f1": 0.9188147434353168,
      "six_way_macro_f1": 0.7151946714295256,
      "coverage": 0.7264957264957265,
      "average_set_size": 1.3219373219373218,
      "pareto_nondominated": true
    },
    {
      "condition": "oracle_next",
      "maximum_budget": 2,
      "target_coverage": 0.9,
      "row_count": 1404,
      "mean_acquisition_cost": 1.9665242165242165,
      "source_bit_macro_f1": 0.966986346184549,
      "source_bit_micro_f1": 0.9670437776684703,
      "six_way_macro_f1": 0.8144600252913988,
      "coverage": 0.7720797720797721,
      "average_set_size": 1.1566951566951567,
      "pareto_nondominated": true
    },
    {
      "condition": "oracle_next",
      "maximum_budget": 4,
      "target_coverage": 0.9,
      "row_count": 1404,
      "mean_acquisition_cost": 3.2905982905982905,
      "source_bit_macro_f1": 0.9852834483060521,
      "source_bit_micro_f1": 0.985478217325989,
      "six_way_macro_f1": 0.8034525098886705,
      "coverage": 0.7485754985754985,
      "average_set_size": 1.2592592592592593,
      "pareto_nondominated": true
    },
    {
      "condition": "proactive",
      "maximum_budget": 1,
      "target_coverage": 0.9,
      "row_count": 1404,
      "mean_acquisition_cost": 1.0,
      "source_bit_macro_f1": 0.908714745845844,
      "source_bit_micro_f1": 0.9052470708099847,
      "six_way_macro_f1": 0.5579606991079835,
      "coverage": 0.7955840455840456,
      "average_set_size": 1.9914529914529915,
      "pareto_nondominated": false
    },
    {
      "condition": "proactive",
      "maximum_budget": 2,
      "target_coverage": 0.9,
      "row_count": 1404,
      "mean_acquisition_cost": 2.0,
      "source_bit_macro_f1": 0.9480625619893971,
      "source_bit_micro_f1": 0.9460708782742681,
      "six_way_macro_f1": 0.6903532855521352,
      "coverage": 0.7877492877492878,
      "average_set_size": 1.455128205128205,
      "pareto_nondominated": false
    },
    {
      "condition": "proactive",
      "maximum_budget": 4,
      "target_coverage": 0.9,
      "row_count": 1404,
      "mean_acquisition_cost": 3.8304843304843303,
      "source_bit_macro_f1": 0.9789692051214689,
      "source_bit_micro_f1": 0.9775967413441955,
      "six_way_macro_f1": 0.7823644408700786,
      "coverage": 0.7913105413105413,
      "average_set_size": 1.4907407407407407,
      "pareto_nondominated": false
    },
    {
      "condition": "random",
      "maximum_budget": 1,
      "target_coverage": 0.9,
      "row_count": 1404,
      "mean_acquisition_cost": 1.0,
      "source_bit_macro_f1": 0.8352625755717252,
      "source_bit_micro_f1": 0.8292682926829268,
      "six_way_macro_f1": 0.3861205542966862,
      "coverage": 0.8817663817663818,
      "average_set_size": 3.3212250712250713,
      "pareto_nondominated": false
    },
    {
      "condition": "random",
      "maximum_budget": 2,
      "target_coverage": 0.9,
      "row_count": 1404,
      "mean_acquisition_cost": 2.0,
      "source_bit_macro_f1": 0.8677662754251037,
      "source_bit_micro_f1": 0.8642456738971485,
      "six_way_macro_f1": 0.4988307117973257,
      "coverage": 0.8839031339031339,
      "average_set_size": 2.8475783475783474,
      "pareto_nondominated": false
    },
    {
      "condition": "random",
      "maximum_budget": 4,
      "target_coverage": 0.9,
      "row_count": 1404,
      "mean_acquisition_cost": 4.0,
      "source_bit_macro_f1": 0.9396659620921958,
      "source_bit_micro_f1": 0.9393638170974155,
      "six_way_macro_f1": 0.6776478536464166,
      "coverage": 0.8518518518518519,
      "average_set_size": 2.1837606837606836,
      "pareto_nondominated": false
    },
    {
      "condition": "relation_first",
      "maximum_budget": 1,
      "target_coverage": 0.9,
      "row_count": 1404,
      "mean_acquisition_cost": 1.0,
      "source_bit_macro_f1": 0.8305738797345544,
      "source_bit_micro_f1": 0.8165424380860784,
      "six_way_macro_f1": 0.32892827717952666,
      "coverage": 0.8760683760683761,
      "average_set_size": 3.32977207977208,
      "pareto_nondominated": false
    },
    {
      "condition": "relation_first",
      "maximum_budget": 2,
      "target_coverage": 0.9,
      "row_count": 1404,
      "mean_acquisition_cost": 2.0,
      "source_bit_macro_f1": 0.9518126869486042,
      "source_bit_micro_f1": 0.9466767753348496,
      "six_way_macro_f1": 0.5855030477831847,
      "coverage": 0.834045584045584,
      "average_set_size": 1.858974358974359,
      "pareto_nondominated": false
    },
    {
      "condition": "relation_first",
      "maximum_budget": 4,
      "target_coverage": 0.9,
      "row_count": 1404,
      "mean_acquisition_cost": 4.0,
      "source_bit_macro_f1": 0.9856687228656488,
      "source_bit_micro_f1": 0.984505969011938,
      "six_way_macro_f1": 0.8122220834843487,
      "coverage": 0.8247863247863247,
      "average_set_size": 1.5284900284900285,
      "pareto_nondominated": false
    },
    {
      "condition": "scalar_confidence",
      "maximum_budget": 1,
      "target_coverage": 0.9,
      "row_count": 1404,
      "mean_acquisition_cost": 0.0,
      "source_bit_macro_f1": 0.7369163267295771,
      "source_bit_micro_f1": 0.7294057638357562,
      "six_way_macro_f1": 0.26726756057323864,
      "coverage": 0.9002849002849003,
      "average_set_size": 3.490740740740741,
      "pareto_nondominated": false
    },
    {
      "condition": "scalar_confidence",
      "maximum_budget": 2,
      "target_coverage": 0.9,
      "row_count": 1404,
      "mean_acquisition_cost": 0.0,
      "source_bit_macro_f1": 0.7369163267295771,
      "source_bit_micro_f1": 0.7294057638357562,
      "six_way_macro_f1": 0.26726756057323864,
      "coverage": 0.9002849002849003,
      "average_set_size": 3.490740740740741,
      "pareto_nondominated": false
    },
    {
      "condition": "scalar_confidence",
      "maximum_budget": 4,
      "target_coverage": 0.9,
      "row_count": 1404,
      "mean_acquisition_cost": 0.0,
      "source_bit_macro_f1": 0.7369163267295771,
      "source_bit_micro_f1": 0.7294057638357562,
      "six_way_macro_f1": 0.26726756057323864,
      "coverage": 0.9002849002849003,
      "average_set_size": 3.490740740740741,
      "pareto_nondominated": false
    },
    {
      "condition": "uncertainty_greedy",
      "maximum_budget": 1,
      "target_coverage": 0.9,
      "row_count": 1404,
      "mean_acquisition_cost": 1.0,
      "source_bit_macro_f1": 0.8874060030082589,
      "source_bit_micro_f1": 0.8833957553058677,
      "six_way_macro_f1": 0.5424843313640123,
      "coverage": 0.7891737891737892,
      "average_set_size": 2.074074074074074,
      "pareto_nondominated": false
    },
    {
      "condition": "uncertainty_greedy",
      "maximum_budget": 2,
      "target_coverage": 0.9,
      "row_count": 1404,
      "mean_acquisition_cost": 2.0,
      "source_bit_macro_f1": 0.9321326246804934,
      "source_bit_micro_f1": 0.9295413784268511,
      "six_way_macro_f1": 0.7195094784073577,
      "coverage": 0.8133903133903134,
      "average_set_size": 1.5163817663817665,
      "pareto_nondominated": false
    },
    {
      "condition": "uncertainty_greedy",
      "maximum_budget": 4,
      "target_coverage": 0.9,
      "row_count": 1404,
      "mean_acquisition_cost": 3.772792022792023,
      "source_bit_macro_f1": 0.9756791163635373,
      "source_bit_micro_f1": 0.9746738296239448,
      "six_way_macro_f1": 0.8193922801627583,
      "coverage": 0.7877492877492878,
      "average_set_size": 1.5377492877492878,
      "pareto_nondominated": false
    },
    {
      "condition": "visual_first",
      "maximum_budget": 1,
      "target_coverage": 0.9,
      "row_count": 1404,
      "mean_acquisition_cost": 1.0,
      "source_bit_macro_f1": 0.8468214527384214,
      "source_bit_micro_f1": 0.8457807953443259,
      "six_way_macro_f1": 0.42869115753976245,
      "coverage": 0.8582621082621082,
      "average_set_size": 3.171652421652422,
      "pareto_nondominated": false
    },
    {
      "condition": "visual_first",
      "maximum_budget": 2,
      "target_coverage": 0.9,
      "row_count": 1404,
      "mean_acquisition_cost": 2.0,
      "source_bit_macro_f1": 0.8631390186735551,
      "source_bit_micro_f1": 0.8630203291384317,
      "six_way_macro_f1": 0.5579761209344084,
      "coverage": 0.8938746438746439,
      "average_set_size": 3.0605413105413106,
      "pareto_nondominated": false
    },
    {
      "condition": "visual_first",
      "maximum_budget": 4,
      "target_coverage": 0.9,
      "row_count": 1404,
      "mean_acquisition_cost": 4.0,
      "source_bit_macro_f1": 0.8744265224522194,
      "source_bit_micro_f1": 0.8750299832094027,
      "six_way_macro_f1": 0.5606355120315725,
      "coverage": 0.9401709401709402,
      "average_set_size": 3.1445868945868947,
      "pareto_nondominated": false
    }
  ],
  "teacher_files": [
    {
      "path": "outputs/teacher_core_contract_v1_recovered/teacher_gemma4_e4b_all_all_shard00-of-04.jsonl",
      "sha256": "46593391081546c310991894934b1436ecfcf1f07956104d59e9e8f4495e1948",
      "selected_rows": 175
    },
    {
      "path": "outputs/teacher_core_contract_v1_recovered/teacher_gemma4_e4b_all_all_shard01-of-04.jsonl",
      "sha256": "3c7d3ca72753bd49d8f344dd9e468877e75567132de20a81ce20467d52e096a9",
      "selected_rows": 180
    },
    {
      "path": "outputs/teacher_core_contract_v1_recovered/teacher_gemma4_e4b_all_all_shard02-of-04.jsonl",
      "sha256": "bff419cdd17e66ccd9eea1a83e248d5f58e16143d662ebd3ba33625b953018ec",
      "selected_rows": 163
    },
    {
      "path": "outputs/teacher_core_contract_v1_recovered/teacher_gemma4_e4b_all_all_shard03-of-04.jsonl",
      "sha256": "9538751d71a3f8a133be26c2de6d4a4b505b3c780a20ee10a15cd24cd0d8a84e",
      "selected_rows": 184
    },
    {
      "path": "outputs/teacher_core_contract_v1_recovered/teacher_qwen3_vl_8b_all_all_shard00-of-04.jsonl",
      "sha256": "53cc79788e76a9ddcf8df20812e5ca0ca7aa918dad85d249107f3b46003c5be4",
      "selected_rows": 162
    },
    {
      "path": "outputs/teacher_core_contract_v1_recovered/teacher_qwen3_vl_8b_all_all_shard01-of-04.jsonl",
      "sha256": "5bcb3927cfca370cce87c95df969dde3f24c26cd901c9733b63bb17180717c65",
      "selected_rows": 179
    },
    {
      "path": "outputs/teacher_core_contract_v1_recovered/teacher_qwen3_vl_8b_all_all_shard02-of-04.jsonl",
      "sha256": "0ae1afb49f1cf578282a62fafea38ffad93bc7d3220929469d31150e2f9c8711",
      "selected_rows": 174
    },
    {
      "path": "outputs/teacher_core_contract_v1_recovered/teacher_qwen3_vl_8b_all_all_shard03-of-04.jsonl",
      "sha256": "4dc9b657f4ea35d7e74e352157f25aee5bd1b2c9c99e13d33755f8f65d55031f",
      "selected_rows": 187
    }
  ],
  "dataset_schedule_path": "outputs/week6_architecture_frontiers/masked_slot/dataset_fixed_schedule_validation.json",
  "dataset_schedule_sha256": "9884af70e8282a3030ed4b8f230b47d627339031d7754b291cb95fef05ab9a1c",
  "csv_path": "outputs/week6_architecture_frontiers/masked_slot/frontier_validation.csv",
  "csv_sha256": "49044934b6755984d7099aac82e66ffdcf5c30debb208ff702ad3991337ff81c",
  "figure_path": "outputs/week6_architecture_frontiers/masked_slot/frontier_validation.png",
  "figure_sha256": "68999646c97396bc35e2ef300f02f1314ce0fc84991ab56486c14df785fc03cb",
  "report_sha256": "e9d270fdc48ec009a6d08d46c1329b3841d16642af2af2f5bb3236bd5fc795cf"
}
	Command being timed: "timeout --signal=INT --kill-after=120s 900s env CUDA_VISIBLE_DEVICES=1 PYTHONPATH=src python scripts/eval_frontier.py --config configs/experiments/policy_train.yaml --manifest_path outputs/week5_data/vectorized_manifest.json --diagnostic_checkpoint outputs/week5_checkpoints/diag_masked_slot_mlp_standard_seed42.best.pt --policy_checkpoint outputs/week6_comparison_checkpoints/masked_slot/policy_masked_slot_mlp_standard_lambda0_seed42.best.pt --uncertainty_checkpoint outputs/week6_comparison_checkpoints/masked_slot/uncertainty_masked_slot_mlp_standard_lambda0_seed42.best.pt --scalar_checkpoint outputs/week6_comparison_checkpoints/masked_slot/baseline_scalar_seed42.best.pt --distilled_checkpoint outputs/week6_comparison_checkpoints/masked_slot/baseline_distilled_seed42.best.pt --clean_aps_report outputs/week6_reports/static_aps_validation/static_aps_clean_only_learned_validation.json --scalar_aps_report outputs/week6_reports/comparisons/masked_slot/static_aps_validation/static_aps_scalar_confidence_validation.json --distilled_aps_report outputs/week6_reports/comparisons/masked_slot/static_aps_validation/static_aps_one_pass_distilled_validation.json --aps_report outputs/week5_reports/temporary_aps_masked_slot_mlp_standard_seed42.json --freeze_manifest outputs/week5_reports/week5_encoder_freeze.json --teacher_path outputs/teacher_core_contract_v1_recovered --phase validation --budgets 1 2 4 --output_dir outputs/week6_architecture_frontiers/masked_slot --seed 42 --device cuda:0 --resume"
	User time (seconds): 225.16
	System time (seconds): 6.69
	Percent of CPU this job got: 105%
	Elapsed (wall clock) time (h:mm:ss or m:ss): 3:39.28
	Average shared text size (kbytes): 0
	Average unshared data size (kbytes): 0
	Average stack size (kbytes): 0
	Average total size (kbytes): 0
	Maximum resident set size (kbytes): 1321256
	Average resident set size (kbytes): 0
	Major (requiring I/O) page faults: 0
	Minor (reclaiming a frame) page faults: 260313
	Voluntary context switches: 3168
	Involuntary context switches: 101407
	Swaps: 0
	File system inputs: 0
	File system outputs: 712
	Socket messages sent: 0
	Socket messages received: 0
	Signals delivered: 0
	Page size (bytes): 4096
	Exit status: 0
masked_slot complete validation frontier exit code: 0
