===== no_budget_embedding diagnostic training =====
Timeout 2700s; worker ceiling remaining 10374s
2026-09-12 19:57:31,183 INFO [train_diag] Completed diagnostic run verified; training is unchanged
{
  "encoder": "deep_sets",
  "gru_condition": "standard",
  "seed": 42,
  "budgets": [
    1,
    2,
    4
  ],
  "config_approval": "APPROVED",
  "pilot": false,
  "manifest": "outputs/week5_data/vectorized_manifest.json",
  "output": "outputs/week8_ablations/no_budget_embedding/diagnostic_checkpoints/diag_deep_sets_standard_seed42.best.pt"
}
{
  "best_epoch": 5,
  "checkpoint_path": "outputs/week8_ablations/no_budget_embedding/diagnostic_checkpoints/diag_deep_sets_standard_seed42.best.pt",
  "checkpoint_sha256": "8bbef3101b18826e1ca2c3fec5ee157360ad006497f0c6e957f8169654a6802a",
  "config_sha256": "db49257f77a2e5e6b39c2ea7ea27f06714d3cb6b6458455ca3e2d3452c9af00b",
  "encoder_name": "deep_sets",
  "format_version": "week5_validation_report_v1",
  "gru_condition": "standard",
  "metrics": {
    "is_valid": true,
    "record_count": 60483,
    "signature_mse": 0.05355254026842115,
    "six_way_balanced_accuracy": 0.6056911424253358,
    "six_way_confusion_matrix": [
      [
        4614,
        763,
        479,
        179,
        1712,
        308
      ],
      [
        398,
        13295,
        384,
        89,
        2552,
        134
      ],
      [
        10,
        20,
        1388,
        70,
        400,
        0
      ],
      [
        1842,
        734,
        3170,
        18931,
        979,
        0
      ],
      [
        76,
        72,
        99,
        0,
        266,
        6
      ],
      [
        394,
        3383,
        273,
        0,
        1308,
        2155
      ]
    ],
    "six_way_labels": [
      "visual",
      "language-prior",
      "alignment",
      "mixed",
      "unclear",
      "no-failure"
    ],
    "six_way_macro_f1": 0.5093016532652642,
    "source_bit_auroc": {
      "alignment": 0.9859362487967596,
      "language": 0.8803951266584589,
      "visual": 0.9597389151783245
    },
    "source_bit_hamming_loss": 0.1335692122855458,
    "source_bit_macro_f1": 0.8640520043993088,
    "source_bit_micro_f1": 0.8614056156001602
  },
  "pilot": false,
  "report_sha256": "22cdc58d1352357040e1007668f17ca7427a5dd0f212e2b93548ae0404a985f7",
  "scientifically_weighted": true,
  "seed": 42,
  "source_manifest_sha256": "1fac2c343e57ca8b6702c4e6a282a7b86a48042a6d133ba84612b5b1c50201ae",
  "stratified_metrics": {
    "pooled": {
      "record_count": 60483,
      "signature_mse": 0.05355254026842115,
      "six_way_balanced_accuracy": 0.6056911424253358,
      "six_way_confusion_matrix": [
        [
          4614,
          763,
          479,
          179,
          1712,
          308
        ],
        [
          398,
          13295,
          384,
          89,
          2552,
          134
        ],
        [
          10,
          20,
          1388,
          70,
          400,
          0
        ],
        [
          1842,
          734,
          3170,
          18931,
          979,
          0
        ],
        [
          76,
          72,
          99,
          0,
          266,
          6
        ],
        [
          394,
          3383,
          273,
          0,
          1308,
          2155
        ]
      ],
      "six_way_labels": [
        "visual",
        "language-prior",
        "alignment",
        "mixed",
        "unclear",
        "no-failure"
      ],
      "six_way_macro_f1": 0.5093016532652642,
      "source_bit_auroc": {
        "alignment": 0.9859362487967596,
        "language": 0.8803951266584589,
        "visual": 0.9597389151783245
      },
      "source_bit_hamming_loss": 0.1335692122855458,
      "source_bit_macro_f1": 0.8640520043993088,
      "source_bit_micro_f1": 0.8614056156001602
    },
    "within_budget": {
      "1": {
        "record_count": 9844,
        "signature_mse": 0.06850575143352312,
        "six_way_balanced_accuracy": 0.51041703098235,
        "six_way_confusion_matrix": [
          [
            546,
            203,
            122,
            26,
            376,
            37
          ],
          [
            115,
            1981,
            90,
            16,
            533,
            12
          ],
          [
            2,
            5,
            203,
            17,
            81,
            0
          ],
          [
            309,
            95,
            641,
            2879,
            248,
            0
          ],
          [
            15,
            13,
            19,
            0,
            37,
            0
          ],
          [
            80,
            739,
            52,
            0,
            187,
            165
          ]
        ],
        "six_way_labels": [
          "visual",
          "language-prior",
          "alignment",
          "mixed",
          "unclear",
          "no-failure"
        ],
        "six_way_macro_f1": 0.4191328021543002,
        "source_bit_auroc": {
          "alignment": 0.9784230471344973,
          "language": 0.7907228722600942,
          "visual": 0.9349019086940533
        },
        "source_bit_hamming_loss": 0.17516592171204118,
        "source_bit_macro_f1": 0.8242101311459625,
        "source_bit_micro_f1": 0.8195234274151345
      },
      "2": {
        "record_count": 17531,
        "signature_mse": 0.058836451837943934,
        "six_way_balanced_accuracy": 0.568215192934651,
        "six_way_confusion_matrix": [
          [
            1196,
            263,
            163,
            51,
            564,
            95
          ],
          [
            137,
            3734,
            131,
            27,
            821,
            37
          ],
          [
            4,
            6,
            388,
            25,
            125,
            0
          ],
          [
            557,
            217,
            1052,
            5278,
            336,
            0
          ],
          [
            24,
            23,
            31,
            0,
            73,
            0
          ],
          [
            139,
            1093,
            84,
            0,
            354,
            503
          ]
        ],
        "six_way_labels": [
          "visual",
          "language-prior",
          "alignment",
          "mixed",
          "unclear",
          "no-failure"
        ],
        "six_way_macro_f1": 0.47351272438912373,
        "source_bit_auroc": {
          "alignment": 0.9833699031939623,
          "language": 0.8527902840346153,
          "visual": 0.9490182785392483
        },
        "source_bit_hamming_loss": 0.14886011446390204,
        "source_bit_macro_f1": 0.8494932284245302,
        "source_bit_micro_f1": 0.8461251203836554
      },
      "4": {
        "record_count": 33108,
        "signature_mse": 0.04630862144413195,
        "six_way_balanced_accuracy": 0.653839484589097,
        "six_way_confusion_matrix": [
          [
            2872,
            297,
            194,
            102,
            772,
            176
          ],
          [
            146,
            7580,
            163,
            46,
            1198,
            85
          ],
          [
            4,
            9,
            797,
            28,
            194,
            0
          ],
          [
            976,
            422,
            1477,
            10774,
            395,
            0
          ],
          [
            37,
            36,
            49,
            0,
            156,
            6
          ],
          [
            175,
            1551,
            137,
            0,
            767,
            1487
          ]
        ],
        "six_way_labels": [
          "visual",
          "language-prior",
          "alignment",
          "mixed",
          "unclear",
          "no-failure"
        ],
        "six_way_macro_f1": 0.5541612543842733,
        "source_bit_auroc": {
          "alignment": 0.9890311842590376,
          "language": 0.9141493098284105,
          "visual": 0.970649352940611
        },
        "source_bit_hamming_loss": 0.11310458700817526,
        "source_bit_macro_f1": 0.8839227636955537,
        "source_bit_micro_f1": 0.8821542463914065
      }
    },
    "within_dataset": {
      "hallusionbench": {
        "record_count": 7831,
        "signature_mse": 0.06355055460127615,
        "six_way_balanced_accuracy": 0.4161756151073996,
        "six_way_confusion_matrix": [
          [
            646,
            110,
            41,
            5,
            422,
            25
          ],
          [
            157,
            1228,
            137,
            28,
            1274,
            14
          ],
          [
            10,
            0,
            247,
            23,
            188,
            0
          ],
          [
            411,
            267,
            499,
            763,
            475,
            0
          ],
          [
            35,
            43,
            4,
            0,
            171,
            6
          ],
          [
            42,
            138,
            50,
            0,
            346,
            26
          ]
        ],
        "six_way_labels": [
          "visual",
          "language-prior",
          "alignment",
          "mixed",
          "unclear",
          "no-failure"
        ],
        "six_way_macro_f1": 0.3396098296508833,
        "source_bit_auroc": {
          "alignment": 0.9118661249593086,
          "language": 0.8149152533815202,
          "visual": 0.8494938317394203
        },
        "source_bit_hamming_loss": 0.20567828714936365,
        "source_bit_macro_f1": 0.7304772281864963,
        "source_bit_micro_f1": 0.7532427739761005
      },
      "pope": {
        "record_count": 23084,
        "signature_mse": 0.04909376496800164,
        "six_way_balanced_accuracy": 0.5892173701495788,
        "six_way_confusion_matrix": [
          [
            2364,
            631,
            12,
            3,
            579,
            276
          ],
          [
            168,
            11038,
            12,
            28,
            826,
            66
          ],
          [
            0,
            0,
            0,
            0,
            0,
            0
          ],
          [
            288,
            187,
            64,
            645,
            175,
            0
          ],
          [
            0,
            0,
            0,
            0,
            0,
            0
          ],
          [
            206,
            3046,
            1,
            0,
            402,
            2067
          ]
        ],
        "six_way_labels": [
          "visual",
          "language-prior",
          "alignment",
          "mixed",
          "unclear",
          "no-failure"
        ],
        "six_way_macro_f1": 0.44081060344897316,
        "source_bit_auroc": {
          "alignment": 0.9911626240735045,
          "language": 0.8638834181935211,
          "visual": 0.929830701197786
        },
        "source_bit_hamming_loss": 0.1116068849997112,
        "source_bit_macro_f1": 0.8045011049655121,
        "source_bit_micro_f1": 0.8116669509490972
      },
      "vizwiz": {
        "record_count": 26963,
        "signature_mse": 0.05270046607024529,
        "six_way_balanced_accuracy": 0.5173684782669606,
        "six_way_confusion_matrix": [
          [
            1286,
            22,
            423,
            171,
            468,
            7
          ],
          [
            44,
            605,
            135,
            28,
            261,
            11
          ],
          [
            0,
            20,
            1141,
            47,
            212,
            0
          ],
          [
            968,
            216,
            2539,
            17323,
            219,
            0
          ],
          [
            41,
            29,
            95,
            0,
            95,
            0
          ],
          [
            73,
            74,
            222,
            0,
            176,
            12
          ]
        ],
        "six_way_labels": [
          "visual",
          "language-prior",
          "alignment",
          "mixed",
          "unclear",
          "no-failure"
        ],
        "six_way_macro_f1": 0.4257724104286465,
        "source_bit_auroc": {
          "alignment": 0.9663040496485462,
          "language": 0.875586617097125,
          "visual": 0.95856489510088
        },
        "source_bit_hamming_loss": 0.12383636835663688,
        "source_bit_macro_f1": 0.859618740350144,
        "source_bit_micro_f1": 0.9078057265924842
      },
      "vsr": {
        "record_count": 2605,
        "signature_mse": 0.07182754809940484,
        "six_way_balanced_accuracy": 0.3756115888070406,
        "six_way_confusion_matrix": [
          [
            318,
            0,
            3,
            0,
            243,
            0
          ],
          [
            29,
            424,
            100,
            5,
            191,
            43
          ],
          [
            0,
            0,
            0,
            0,
            0,
            0
          ],
          [
            175,
            64,
            68,
            200,
            110,
            0
          ],
          [
            0,
            0,
            0,
            0,
            0,
            0
          ],
          [
            73,
            125,
            0,
            0,
            384,
            50
          ]
        ],
        "six_way_labels": [
          "visual",
          "language-prior",
          "alignment",
          "mixed",
          "unclear",
          "no-failure"
        ],
        "six_way_macro_f1": 0.2961427799490311,
        "source_bit_auroc": {
          "alignment": 0.8899510825661281,
          "language": 0.852135584980124,
          "visual": 0.8791702242987067
        },
        "source_bit_hamming_loss": 0.21215611004478566,
        "source_bit_macro_f1": 0.672120014040868,
        "source_bit_micro_f1": 0.7038227938549482
      }
    },
    "within_model": {
      "Qwen/Qwen3-VL-8B-Instruct": {
        "record_count": 30242,
        "signature_mse": 0.05046777506633061,
        "six_way_balanced_accuracy": 0.564526498895008,
        "six_way_confusion_matrix": [
          [
            2398,
            439,
            266,
            117,
            843,
            159
          ],
          [
            221,
            6722,
            107,
            49,
            1278,
            114
          ],
          [
            0,
            20,
            1240,
            31,
            383,
            0
          ],
          [
            1375,
            398,
            2429,
            6142,
            520,
            0
          ],
          [
            61,
            69,
            99,
            0,
            198,
            6
          ],
          [
            288,
            2058,
            184,
            0,
            824,
            1204
          ]
        ],
        "six_way_labels": [
          "visual",
          "language-prior",
          "alignment",
          "mixed",
          "unclear",
          "no-failure"
        ],
        "six_way_macro_f1": 0.4855403710267085,
        "source_bit_auroc": {
          "alignment": 0.9802668290024764,
          "language": 0.8917571811426039,
          "visual": 0.9421031245036833
        },
        "source_bit_hamming_loss": 0.13756806207702313,
        "source_bit_macro_f1": 0.8434228645514942,
        "source_bit_micro_f1": 0.8403372094510753
      },
      "google/gemma-4-E4B-it": {
        "record_count": 30241,
        "signature_mse": 0.05663740747656977,
        "six_way_balanced_accuracy": 0.6721650081709819,
        "six_way_confusion_matrix": [
          [
            2216,
            324,
            213,
            62,
            869,
            149
          ],
          [
            177,
            6573,
            277,
            40,
            1274,
            20
          ],
          [
            10,
            0,
            148,
            39,
            17,
            0
          ],
          [
            467,
            336,
            741,
            12789,
            459,
            0
          ],
          [
            15,
            3,
            0,
            0,
            68,
            0
          ],
          [
            106,
            1325,
            89,
            0,
            484,
            951
          ]
        ],
        "six_way_labels": [
          "visual",
          "language-prior",
          "alignment",
          "mixed",
          "unclear",
          "no-failure"
        ],
        "six_way_macro_f1": 0.5055795564821727,
        "source_bit_auroc": {
          "alignment": 0.9909695516860392,
          "language": 0.8659581926210346,
          "visual": 0.9735676067351898
        },
        "source_bit_hamming_loss": 0.12957023026134498,
        "source_bit_macro_f1": 0.8807433810263999,
        "source_bit_micro_f1": 0.8784372123806865
      }
    }
  },
  "train_rows": 436429,
  "validation_rows": 60483
}
	Command being timed: "timeout --signal=TERM --kill-after=5m 2700s env CUDA_VISIBLE_DEVICES=1 python scripts/train_diag.py --config outputs/week8_data/ablation_configs/no_budget_embedding_diag.yaml --manifest_path outputs/week5_data/vectorized_manifest.json --encoder deep_sets --seed 42 --device cuda:0 --output_dir outputs/week8_ablations/no_budget_embedding/diagnostic_checkpoints --resume"
	User time (seconds): 8.15
	System time (seconds): 5.64
	Percent of CPU this job got: 617%
	Elapsed (wall clock) time (h:mm:ss or m:ss): 0:02.23
	Average shared text size (kbytes): 0
	Average unshared data size (kbytes): 0
	Average stack size (kbytes): 0
	Average total size (kbytes): 0
	Maximum resident set size (kbytes): 528400
	Average resident set size (kbytes): 0
	Major (requiring I/O) page faults: 0
	Minor (reclaiming a frame) page faults: 86933
	Voluntary context switches: 245
	Involuntary context switches: 117035
	Swaps: 0
	File system inputs: 0
	File system outputs: 0
	Socket messages sent: 0
	Socket messages received: 0
	Signals delivered: 0
	Page size (bytes): 4096
	Exit status: 0
no_budget_embedding diagnostic training exit code: 0
===== no_budget_embedding diagnostic freeze =====
Timeout 600s; worker ceiling remaining 10372s
{
  "artifacts": {
    "diagnostic_checkpoint": {
      "path": "outputs/week8_ablations/no_budget_embedding/diagnostic_checkpoints/diag_deep_sets_standard_seed42.best.pt",
      "sha256": "8bbef3101b18826e1ca2c3fec5ee157360ad006497f0c6e957f8169654a6802a"
    },
    "diagnostic_config": {
      "path": "outputs/week8_data/ablation_configs/no_budget_embedding_diag.yaml",
      "sha256": "db49257f77a2e5e6b39c2ea7ea27f06714d3cb6b6458455ca3e2d3452c9af00b"
    },
    "policy_config": {
      "path": "outputs/week8_data/ablation_configs/no_budget_embedding_policy.yaml",
      "sha256": "23ea1ace96a7c7bbcc65edb853575319f0c61a96d457fd25d666861b7f0b6ebc"
    },
    "selection_report": {
      "path": "outputs/week8_ablations/no_budget_embedding/freeze/predeclared_selection.json",
      "sha256": "c79555fe37df9443b5f76ad6365d301086df107e3ed837c23d0e887c2f170b5f"
    },
    "vector_manifest": {
      "path": "outputs/week5_data/vectorized_manifest.json",
      "sha256": "1fac2c343e57ca8b6702c4e6a282a7b86a48042a6d133ba84612b5b1c50201ae"
    },
    "week8_config": {
      "path": "configs/experiments/week8_evaluation.yaml",
      "sha256": "59748c18da7375db6140f05d6c5ec2670c6ce19eeb25b5931e94868ffe7d9cf6"
    }
  },
  "format_version": "proactive_stack_freeze_v1",
  "freeze_sha256": "87177e392a50cf71a1d46b154f9e377508d834c21df4732837b495169fc2483c",
  "owner_approved": true,
  "status": "FROZEN"
}

	Command being timed: "timeout --signal=TERM --kill-after=5m 600s python scripts/freeze_week8_diagnostic.py --week8_config configs/experiments/week8_evaluation.yaml --ablation_id no_budget_embedding --diag_config outputs/week8_data/ablation_configs/no_budget_embedding_diag.yaml --policy_config outputs/week8_data/ablation_configs/no_budget_embedding_policy.yaml --vector_manifest outputs/week5_data/vectorized_manifest.json --diagnostic_checkpoint outputs/week8_ablations/no_budget_embedding/diagnostic_checkpoints/diag_deep_sets_standard_seed42.best.pt --output_dir outputs/week8_ablations/no_budget_embedding/freeze --approve_freeze --overwrite"
	User time (seconds): 1.78
	System time (seconds): 5.40
	Percent of CPU this job got: 542%
	Elapsed (wall clock) time (h:mm:ss or m:ss): 0:01.32
	Average shared text size (kbytes): 0
	Average unshared data size (kbytes): 0
	Average stack size (kbytes): 0
	Average total size (kbytes): 0
	Maximum resident set size (kbytes): 430096
	Average resident set size (kbytes): 0
	Major (requiring I/O) page faults: 0
	Minor (reclaiming a frame) page faults: 62211
	Voluntary context switches: 173
	Involuntary context switches: 86758
	Swaps: 0
	File system inputs: 0
	File system outputs: 16
	Socket messages sent: 0
	Socket messages received: 0
	Signals delivered: 0
	Page size (bytes): 4096
	Exit status: 0
no_budget_embedding diagnostic freeze exit code: 0
===== no_budget_embedding temporary validation APS =====
Timeout 900s; worker ceiling remaining 10371s
{
  "budgets": [
    1,
    2,
    3,
    4,
    7
  ],
  "calibration_split_used": false,
  "checkpoint_path": "outputs/week8_ablations/no_budget_embedding/diagnostic_checkpoints/diag_deep_sets_standard_seed42.best.pt",
  "checkpoint_sha256": "8bbef3101b18826e1ca2c3fec5ee157360ad006497f0c6e957f8169654a6802a",
  "config_sha256": "db49257f77a2e5e6b39c2ea7ea27f06714d3cb6b6458455ca3e2d3452c9af00b",
  "coverages": [
    0.9,
    0.95
  ],
  "fit_split": "val",
  "format_version": "temporary_validation_aps_v1",
  "limit": null,
  "report_sha256": "74f451d8407b1ccffa4569f211ee6038f8f820b5e5a8431a9acf4d00236ed1fd",
  "source_manifest_sha256": "1fac2c343e57ca8b6702c4e6a282a7b86a48042a6d133ba84612b5b1c50201ae",
  "status": "TEMPORARY_NOT_FINAL_CALIBRATION",
  "test_split_used": false,
  "thresholds": {
    "1": {
      "0.9": {
        "alpha": 0.09999999999999998,
        "calibration_count": 9844,
        "target_coverage": 0.9,
        "threshold": 0.9999316334724426,
        "validation_metrics": {
          "average_set_size": 3.5161519707436,
          "coverage": 0.900142218610321,
          "empty_set_rate": 0.05455099553027225,
          "singleton_rate": 0.21129622104835433
        }
      },
      "0.95": {
        "alpha": 0.050000000000000044,
        "calibration_count": 9844,
        "target_coverage": 0.95,
        "threshold": 0.9999818801879883,
        "validation_metrics": {
          "average_set_size": 3.7310036570499796,
          "coverage": 0.9501219016659894,
          "empty_set_rate": 0.015948801300284438,
          "singleton_rate": 0.1542056074766355
        }
      }
    },
    "2": {
      "0.9": {
        "alpha": 0.09999999999999998,
        "calibration_count": 17531,
        "target_coverage": 0.9,
        "threshold": 0.9999606534838676,
        "validation_metrics": {
          "average_set_size": 3.2583994067651587,
          "coverage": 0.9000627459928128,
          "empty_set_rate": 0.05664251896640237,
          "singleton_rate": 0.26718384575894133
        }
      },
      "0.95": {
        "alpha": 0.050000000000000044,
        "calibration_count": 17531,
        "target_coverage": 0.95,
        "threshold": 0.9999924525618553,
        "validation_metrics": {
          "average_set_size": 3.582739147795334,
          "coverage": 0.9500884148080543,
          "empty_set_rate": 0.02047801038160972,
          "singleton_rate": 0.16274028863156695
        }
      }
    },
    "3": {
      "0.9": {
        "alpha": 0.09999999999999998,
        "calibration_count": 25419,
        "target_coverage": 0.9,
        "threshold": 0.9999767541885376,
        "validation_metrics": {
          "average_set_size": 3.086746134781069,
          "coverage": 0.900035406585625,
          "empty_set_rate": 0.06235493135056454,
          "singleton_rate": 0.28592784924662656
        }
      },
      "0.95": {
        "alpha": 0.050000000000000044,
        "calibration_count": 25419,
        "target_coverage": 0.95,
        "threshold": 0.9999970197677612,
        "validation_metrics": {
          "average_set_size": 3.5464809787953895,
          "coverage": 0.9502340768716314,
          "empty_set_rate": 0.026397576615917226,
          "singleton_rate": 0.15260238404343207
        }
      }
    },
    "4": {
      "0.9": {
        "alpha": 0.09999999999999998,
        "calibration_count": 33108,
        "target_coverage": 0.9,
        "threshold": 0.999985933303833,
        "validation_metrics": {
          "average_set_size": 2.997583665579316,
          "coverage": 0.9000845717047239,
          "empty_set_rate": 0.06826144738431798,
          "singleton_rate": 0.25945390842092547
        }
      },
      "0.95": {
        "alpha": 0.050000000000000044,
        "calibration_count": 33108,
        "target_coverage": 0.95,
        "threshold": 0.999998927116394,
        "validation_metrics": {
          "average_set_size": 3.532469493777939,
          "coverage": 0.950042285852362,
          "empty_set_rate": 0.03192581853328501,
          "singleton_rate": 0.12909266642503323
        }
      }
    },
    "7": {
      "0.9": {
        "alpha": 0.09999999999999998,
        "calibration_count": 37368,
        "target_coverage": 0.9,
        "threshold": 0.9999887049198151,
        "validation_metrics": {
          "average_set_size": 2.941581031898951,
          "coverage": 0.9000481695568401,
          "empty_set_rate": 0.07206700920573753,
          "singleton_rate": 0.2320434596446157
        }
      },
      "0.95": {
        "alpha": 0.050000000000000044,
        "calibration_count": 37368,
        "target_coverage": 0.95,
        "threshold": 0.9999995157122612,
        "validation_metrics": {
          "average_set_size": 3.5627542282166558,
          "coverage": 0.9500374652108756,
          "empty_set_rate": 0.035591950331834724,
          "singleton_rate": 0.11161956754442304
        }
      }
    }
  }
}
	Command being timed: "timeout --signal=TERM --kill-after=5m 900s env CUDA_VISIBLE_DEVICES=1 python scripts/fit_temporary_aps.py --config outputs/week8_data/ablation_configs/no_budget_embedding_diag.yaml --manifest_path outputs/week5_data/vectorized_manifest.json --checkpoint outputs/week8_ablations/no_budget_embedding/diagnostic_checkpoints/diag_deep_sets_standard_seed42.best.pt --output_dir outputs/week8_ablations/no_budget_embedding/temporary_aps --seed 42 --device cuda:0 --resume"
	User time (seconds): 8.45
	System time (seconds): 5.51
	Percent of CPU this job got: 619%
	Elapsed (wall clock) time (h:mm:ss or m:ss): 0:02.25
	Average shared text size (kbytes): 0
	Average unshared data size (kbytes): 0
	Average stack size (kbytes): 0
	Average total size (kbytes): 0
	Maximum resident set size (kbytes): 528568
	Average resident set size (kbytes): 0
	Major (requiring I/O) page faults: 0
	Minor (reclaiming a frame) page faults: 86599
	Voluntary context switches: 267
	Involuntary context switches: 115201
	Swaps: 0
	File system inputs: 0
	File system outputs: 0
	Socket messages sent: 0
	Socket messages received: 0
	Signals delivered: 0
	Page size (bytes): 4096
	Exit status: 0
no_budget_embedding temporary validation APS exit code: 0
===== no_budget_embedding VOI targets =====
Timeout 2700s; worker ceiling remaining 10368s
2026-09-12 19:58:55,224 INFO [build_voi_targets] Processed 62636 target rows from outputs/states_v1/states_gemma4_e4b_all_all_shard00-of-04.jsonl
2026-09-12 20:00:06,463 INFO [build_voi_targets] Processed 60031 target rows from outputs/states_v1/states_gemma4_e4b_all_all_shard01-of-04.jsonl
2026-09-12 20:01:22,663 INFO [build_voi_targets] Processed 61965 target rows from outputs/states_v1/states_gemma4_e4b_all_all_shard02-of-04.jsonl
2026-09-12 20:02:37,607 INFO [build_voi_targets] Processed 63783 target rows from outputs/states_v1/states_gemma4_e4b_all_all_shard03-of-04.jsonl
2026-09-12 20:03:54,657 INFO [build_voi_targets] Processed 63161 target rows from outputs/states_v1/states_qwen3_vl_8b_all_all_shard00-of-04.jsonl
2026-09-12 20:05:08,733 INFO [build_voi_targets] Processed 62611 target rows from outputs/states_v1/states_qwen3_vl_8b_all_all_shard01-of-04.jsonl
2026-09-12 20:06:22,309 INFO [build_voi_targets] Processed 61319 target rows from outputs/states_v1/states_qwen3_vl_8b_all_all_shard02-of-04.jsonl
2026-09-12 20:07:36,166 INFO [build_voi_targets] Processed 61406 target rows from outputs/states_v1/states_qwen3_vl_8b_all_all_shard03-of-04.jsonl
{
  "format_version": "week6_voi_manifest_v1",
  "config_sha256": "23ea1ace96a7c7bbcc65edb853575319f0c61a96d457fd25d666861b7f0b6ebc",
  "vector_manifest_sha256": "1fac2c343e57ca8b6702c4e6a282a7b86a48042a6d133ba84612b5b1c50201ae",
  "state_manifest_sha256": "cf0172e7377ff41df4d5d18bbed8bb713aaef5482a3e24a0fd28ec85a542f1a4",
  "freeze_manifest_sha256": "8df2bce9af01a2a271fb9e96fcfff98ad1001c480a368ed1199db31e09475bc2",
  "checkpoint_sha256": "8bbef3101b18826e1ca2c3fec5ee157360ad006497f0c6e957f8169654a6802a",
  "temporary_aps_sha256": "86bb40a786ee69c71f800df634b9f8d2c07cd35e7e7d3fbdd905bd79bc6c32af",
  "ablation_id": null,
  "limit": null,
  "status": "COMPLETE",
  "fit_splits": [
    "train",
    "val"
  ],
  "calibration_used": false,
  "test_used": false,
  "budgets": [
    1,
    2,
    4
  ],
  "eta_loss": 0.25,
  "cost_multipliers": [
    0.0
  ],
  "target_coverage": 0.9,
  "row_count": 496912,
  "split_counts": {
    "train": 436429,
    "val": 60483
  },
  "sign_counts": {
    "0": {
      "zero": 496912,
      "positive": 1073535,
      "negative": 279444
    }
  },
  "best_action_counts": {
    "0": {
      "grounding": 53119,
      "stop": 200867,
      "blur": 62701,
      "blank": 127877,
      "crop": 25668,
      "brightness": 17280,
      "noise": 8800,
      "relation": 600
    }
  },
  "files": [
    {
      "path": "states_gemma4_e4b_all_all_shard00-of-04__train.jsonl",
      "split": "train",
      "row_count": 55084,
      "sha256": "4e151af3985c7c03b0ec3b86e6374cbed86cc6ba26ee33e3ab93912b2b370ea8",
      "source_state_path": "outputs/states_v1/states_gemma4_e4b_all_all_shard00-of-04.jsonl",
      "source_state_sha256": "850469e36436d128523c2fa3d876cbea336ea1ce33408808946ccbc726a458fa",
      "source_teacher_path": "outputs/teacher_core_contract_v1_recovered/teacher_gemma4_e4b_all_all_shard00-of-04.jsonl",
      "source_teacher_sha256": "46593391081546c310991894934b1436ecfcf1f07956104d59e9e8f4495e1948"
    },
    {
      "path": "states_gemma4_e4b_all_all_shard00-of-04__val.jsonl",
      "split": "val",
      "row_count": 7552,
      "sha256": "6b8fb04e66206089a3b53cc322dade620b36b187bdd2d8985210953567c249a7",
      "source_state_path": "outputs/states_v1/states_gemma4_e4b_all_all_shard00-of-04.jsonl",
      "source_state_sha256": "850469e36436d128523c2fa3d876cbea336ea1ce33408808946ccbc726a458fa",
      "source_teacher_path": "outputs/teacher_core_contract_v1_recovered/teacher_gemma4_e4b_all_all_shard00-of-04.jsonl",
      "source_teacher_sha256": "46593391081546c310991894934b1436ecfcf1f07956104d59e9e8f4495e1948"
    },
    {
      "path": "states_gemma4_e4b_all_all_shard01-of-04__train.jsonl",
      "split": "train",
      "row_count": 52258,
      "sha256": "817e685d9fec9886cb0a6e8c438a2efd1283760a5c266538705b95e32db76272",
      "source_state_path": "outputs/states_v1/states_gemma4_e4b_all_all_shard01-of-04.jsonl",
      "source_state_sha256": "6756594128f0dc3b056852c3b904aecff933a3ac3f85276227b97625d12cc7fb",
      "source_teacher_path": "outputs/teacher_core_contract_v1_recovered/teacher_gemma4_e4b_all_all_shard01-of-04.jsonl",
      "source_teacher_sha256": "3c7d3ca72753bd49d8f344dd9e468877e75567132de20a81ce20467d52e096a9"
    },
    {
      "path": "states_gemma4_e4b_all_all_shard01-of-04__val.jsonl",
      "split": "val",
      "row_count": 7773,
      "sha256": "ee9097f39188979db9e62b41d2d1037117dcf95cc8089329d03daf84fbc0a569",
      "source_state_path": "outputs/states_v1/states_gemma4_e4b_all_all_shard01-of-04.jsonl",
      "source_state_sha256": "6756594128f0dc3b056852c3b904aecff933a3ac3f85276227b97625d12cc7fb",
      "source_teacher_path": "outputs/teacher_core_contract_v1_recovered/teacher_gemma4_e4b_all_all_shard01-of-04.jsonl",
      "source_teacher_sha256": "3c7d3ca72753bd49d8f344dd9e468877e75567132de20a81ce20467d52e096a9"
    },
    {
      "path": "states_gemma4_e4b_all_all_shard02-of-04__train.jsonl",
      "split": "train",
      "row_count": 54938,
      "sha256": "681baedf68297887f811ea4774ea0366e7e8ebdd60df4274a102564d43f38e61",
      "source_state_path": "outputs/states_v1/states_gemma4_e4b_all_all_shard02-of-04.jsonl",
      "source_state_sha256": "1b4cfc03de358f299d1356fe5731a4146ff389d453cf6d726c8c084a9568d90d",
      "source_teacher_path": "outputs/teacher_core_contract_v1_recovered/teacher_gemma4_e4b_all_all_shard02-of-04.jsonl",
      "source_teacher_sha256": "bff419cdd17e66ccd9eea1a83e248d5f58e16143d662ebd3ba33625b953018ec"
    },
    {
      "path": "states_gemma4_e4b_all_all_shard02-of-04__val.jsonl",
      "split": "val",
      "row_count": 7027,
      "sha256": "918d90189152032b1860218135afc5dafb72ace495c0462a2eede74448f5d4e1",
      "source_state_path": "outputs/states_v1/states_gemma4_e4b_all_all_shard02-of-04.jsonl",
      "source_state_sha256": "1b4cfc03de358f299d1356fe5731a4146ff389d453cf6d726c8c084a9568d90d",
      "source_teacher_path": "outputs/teacher_core_contract_v1_recovered/teacher_gemma4_e4b_all_all_shard02-of-04.jsonl",
      "source_teacher_sha256": "bff419cdd17e66ccd9eea1a83e248d5f58e16143d662ebd3ba33625b953018ec"
    },
    {
      "path": "states_gemma4_e4b_all_all_shard03-of-04__train.jsonl",
      "split": "train",
      "row_count": 55894,
      "sha256": "5924d43d1e3eb5c3275a2b0932b9c6d23d18d59291dfa4110782cc4dce5e0487",
      "source_state_path": "outputs/states_v1/states_gemma4_e4b_all_all_shard03-of-04.jsonl",
      "source_state_sha256": "fdfe59204e8bb5797b03713d7ebe69fdd436471b87c697565035953d4d8e0edf",
      "source_teacher_path": "outputs/teacher_core_contract_v1_recovered/teacher_gemma4_e4b_all_all_shard03-of-04.jsonl",
      "source_teacher_sha256": "9538751d71a3f8a133be26c2de6d4a4b505b3c780a20ee10a15cd24cd0d8a84e"
    },
    {
      "path": "states_gemma4_e4b_all_all_shard03-of-04__val.jsonl",
      "split": "val",
      "row_count": 7889,
      "sha256": "55851006c34877e4496201fa265c00a02db8f73687f18872a8fbbb876369ab59",
      "source_state_path": "outputs/states_v1/states_gemma4_e4b_all_all_shard03-of-04.jsonl",
      "source_state_sha256": "fdfe59204e8bb5797b03713d7ebe69fdd436471b87c697565035953d4d8e0edf",
      "source_teacher_path": "outputs/teacher_core_contract_v1_recovered/teacher_gemma4_e4b_all_all_shard03-of-04.jsonl",
      "source_teacher_sha256": "9538751d71a3f8a133be26c2de6d4a4b505b3c780a20ee10a15cd24cd0d8a84e"
    },
    {
      "path": "states_qwen3_vl_8b_all_all_shard00-of-04__train.jsonl",
      "split": "train",
      "row_count": 56194,
      "sha256": "82eb1c19ddf6337667e608d031904c1d16fd343760dd5c6fe1590788d0fa278a",
      "source_state_path": "outputs/states_v1/states_qwen3_vl_8b_all_all_shard00-of-04.jsonl",
      "source_state_sha256": "c24221c1c55402e59d736456dc46a215921c095aab5fb7b54d39d116254cefed",
      "source_teacher_path": "outputs/teacher_core_contract_v1_recovered/teacher_qwen3_vl_8b_all_all_shard00-of-04.jsonl",
      "source_teacher_sha256": "53cc79788e76a9ddcf8df20812e5ca0ca7aa918dad85d249107f3b46003c5be4"
    },
    {
      "path": "states_qwen3_vl_8b_all_all_shard00-of-04__val.jsonl",
      "split": "val",
      "row_count": 6967,
      "sha256": "3795554bd553b78882f0c037b93e803ca0e8b2fe1c9b473eb7012d8b5b906bde",
      "source_state_path": "outputs/states_v1/states_qwen3_vl_8b_all_all_shard00-of-04.jsonl",
      "source_state_sha256": "c24221c1c55402e59d736456dc46a215921c095aab5fb7b54d39d116254cefed",
      "source_teacher_path": "outputs/teacher_core_contract_v1_recovered/teacher_qwen3_vl_8b_all_all_shard00-of-04.jsonl",
      "source_teacher_sha256": "53cc79788e76a9ddcf8df20812e5ca0ca7aa918dad85d249107f3b46003c5be4"
    },
    {
      "path": "states_qwen3_vl_8b_all_all_shard01-of-04__train.jsonl",
      "split": "train",
      "row_count": 54923,
      "sha256": "f656716ace1d6ce3aa2b5fe5e133a8627696bea708a5d1392c26f2097f2c06a7",
      "source_state_path": "outputs/states_v1/states_qwen3_vl_8b_all_all_shard01-of-04.jsonl",
      "source_state_sha256": "fa112c4a9dfb642454d2d1f9f210f914ae375ff4e1d2cd68ce14286fc7e8d35a",
      "source_teacher_path": "outputs/teacher_core_contract_v1_recovered/teacher_qwen3_vl_8b_all_all_shard01-of-04.jsonl",
      "source_teacher_sha256": "5bcb3927cfca370cce87c95df969dde3f24c26cd901c9733b63bb17180717c65"
    },
    {
      "path": "states_qwen3_vl_8b_all_all_shard01-of-04__val.jsonl",
      "split": "val",
      "row_count": 7688,
      "sha256": "cfeedebf2076ddf11fd64351d712b0915cd8aa5ee502cabf93d38b87faf29091",
      "source_state_path": "outputs/states_v1/states_qwen3_vl_8b_all_all_shard01-of-04.jsonl",
      "source_state_sha256": "fa112c4a9dfb642454d2d1f9f210f914ae375ff4e1d2cd68ce14286fc7e8d35a",
      "source_teacher_path": "outputs/teacher_core_contract_v1_recovered/teacher_qwen3_vl_8b_all_all_shard01-of-04.jsonl",
      "source_teacher_sha256": "5bcb3927cfca370cce87c95df969dde3f24c26cd901c9733b63bb17180717c65"
    },
    {
      "path": "states_qwen3_vl_8b_all_all_shard02-of-04__train.jsonl",
      "split": "train",
      "row_count": 53815,
      "sha256": "5f46ca6266db83139dc1bbfa5d6d737723d9a6b6c49262d0886e2179fe591fb0",
      "source_state_path": "outputs/states_v1/states_qwen3_vl_8b_all_all_shard02-of-04.jsonl",
      "source_state_sha256": "a282447d4b679ad0a4a3d3b95065ad9265e1922a77e78c3c9b9b00f418e78de6",
      "source_teacher_path": "outputs/teacher_core_contract_v1_recovered/teacher_qwen3_vl_8b_all_all_shard02-of-04.jsonl",
      "source_teacher_sha256": "0ae1afb49f1cf578282a62fafea38ffad93bc7d3220929469d31150e2f9c8711"
    },
    {
      "path": "states_qwen3_vl_8b_all_all_shard02-of-04__val.jsonl",
      "split": "val",
      "row_count": 7504,
      "sha256": "b9b840936b1acf9323a7b4419ceb3cab327e36c20f9fd9c1830b426536639cbf",
      "source_state_path": "outputs/states_v1/states_qwen3_vl_8b_all_all_shard02-of-04.jsonl",
      "source_state_sha256": "a282447d4b679ad0a4a3d3b95065ad9265e1922a77e78c3c9b9b00f418e78de6",
      "source_teacher_path": "outputs/teacher_core_contract_v1_recovered/teacher_qwen3_vl_8b_all_all_shard02-of-04.jsonl",
      "source_teacher_sha256": "0ae1afb49f1cf578282a62fafea38ffad93bc7d3220929469d31150e2f9c8711"
    },
    {
      "path": "states_qwen3_vl_8b_all_all_shard03-of-04__train.jsonl",
      "split": "train",
      "row_count": 53323,
      "sha256": "590ee1e160ec1f3bd0a177fb9d6d2baf459cce451646fcc5eb4cd04f1ca46b7a",
      "source_state_path": "outputs/states_v1/states_qwen3_vl_8b_all_all_shard03-of-04.jsonl",
      "source_state_sha256": "fb3947cceb2cbb9a3276546d3ec70b28c9e510d7f50df9eff09bc1f6dd6b0b8f",
      "source_teacher_path": "outputs/teacher_core_contract_v1_recovered/teacher_qwen3_vl_8b_all_all_shard03-of-04.jsonl",
      "source_teacher_sha256": "4dc9b657f4ea35d7e74e352157f25aee5bd1b2c9c99e13d33755f8f65d55031f"
    },
    {
      "path": "states_qwen3_vl_8b_all_all_shard03-of-04__val.jsonl",
      "split": "val",
      "row_count": 8083,
      "sha256": "8b06113b78f96dc4ae362791ad047a4b6c596bfaaceead6e6be021aa3dc972fd",
      "source_state_path": "outputs/states_v1/states_qwen3_vl_8b_all_all_shard03-of-04.jsonl",
      "source_state_sha256": "fb3947cceb2cbb9a3276546d3ec70b28c9e510d7f50df9eff09bc1f6dd6b0b8f",
      "source_teacher_path": "outputs/teacher_core_contract_v1_recovered/teacher_qwen3_vl_8b_all_all_shard03-of-04.jsonl",
      "source_teacher_sha256": "4dc9b657f4ea35d7e74e352157f25aee5bd1b2c9c99e13d33755f8f65d55031f"
    }
  ],
  "manifest_sha256": "700cb40587d46ddc32094c44f1fbebe83a912e55944a93804e07023641bfc775"
}
	Command being timed: "timeout --signal=TERM --kill-after=5m 2700s env CUDA_VISIBLE_DEVICES=1 python scripts/build_voi_targets.py --config outputs/week8_data/ablation_configs/no_budget_embedding_policy.yaml --manifest_path outputs/week5_data/vectorized_manifest.json --state_manifest outputs/week4_reports/final/state_manifest.json --checkpoint outputs/week8_ablations/no_budget_embedding/diagnostic_checkpoints/diag_deep_sets_standard_seed42.best.pt --freeze_manifest outputs/week8_ablations/no_budget_embedding/freeze/week8_diagnostic_freeze.json --temporary_aps outputs/week8_ablations/no_budget_embedding/temporary_aps/temporary_aps_deep_sets_standard_seed42.json --teacher_path outputs/teacher_core_contract_v1_recovered --output_dir outputs/week8_ablations/no_budget_embedding/voi --seed 42 --inference_batch_size 512 --device cuda:0 --resume"
	User time (seconds): 594.23
	System time (seconds): 13.28
	Percent of CPU this job got: 100%
	Elapsed (wall clock) time (h:mm:ss or m:ss): 10:01.83
	Average shared text size (kbytes): 0
	Average unshared data size (kbytes): 0
	Average stack size (kbytes): 0
	Average total size (kbytes): 0
	Maximum resident set size (kbytes): 3633316
	Average resident set size (kbytes): 0
	Major (requiring I/O) page faults: 0
	Minor (reclaiming a frame) page faults: 1434850
	Voluntary context switches: 6565
	Involuntary context switches: 37181
	Swaps: 0
	File system inputs: 0
	File system outputs: 1855888
	Socket messages sent: 0
	Socket messages received: 0
	Signals delivered: 0
	Page size (bytes): 4096
	Exit status: 0
no_budget_embedding VOI targets exit code: 0
===== no_budget_embedding policy training =====
Timeout 2700s; worker ceiling remaining 9767s
2026-09-12 20:10:12,054 INFO [train_policy] epoch=0 val_loss=0.603672 oracle_agreement=0.7831
2026-09-12 20:11:15,603 INFO [train_policy] epoch=1 val_loss=0.599311 oracle_agreement=0.7832
2026-09-12 20:12:24,640 INFO [train_policy] epoch=2 val_loss=0.597992 oracle_agreement=0.7840
2026-09-12 20:13:31,776 INFO [train_policy] epoch=3 val_loss=0.596806 oracle_agreement=0.7874
2026-09-12 20:14:37,720 INFO [train_policy] epoch=4 val_loss=0.595643 oracle_agreement=0.7863
2026-09-12 20:15:45,043 INFO [train_policy] epoch=5 val_loss=0.594294 oracle_agreement=0.7856
2026-09-12 20:16:51,859 INFO [train_policy] epoch=6 val_loss=0.596325 oracle_agreement=0.7863
2026-09-12 20:18:00,690 INFO [train_policy] epoch=7 val_loss=0.594234 oracle_agreement=0.7846
2026-09-12 20:19:03,149 INFO [train_policy] epoch=8 val_loss=0.592803 oracle_agreement=0.7870
2026-09-12 20:20:12,128 INFO [train_policy] epoch=9 val_loss=0.593629 oracle_agreement=0.7882
2026-09-12 20:21:09,753 INFO [train_policy] epoch=10 val_loss=0.591612 oracle_agreement=0.7880
2026-09-12 20:22:14,050 INFO [train_policy] epoch=11 val_loss=0.592510 oracle_agreement=0.7874
2026-09-12 20:23:21,065 INFO [train_policy] epoch=12 val_loss=0.592814 oracle_agreement=0.7879
2026-09-12 20:24:23,705 INFO [train_policy] epoch=13 val_loss=0.590792 oracle_agreement=0.7879
2026-09-12 20:25:16,099 INFO [train_policy] epoch=14 val_loss=0.590534 oracle_agreement=0.7889
2026-09-12 20:26:22,495 INFO [train_policy] epoch=15 val_loss=0.591006 oracle_agreement=0.7901
2026-09-12 20:27:29,410 INFO [train_policy] epoch=16 val_loss=0.590808 oracle_agreement=0.7903
2026-09-12 20:28:34,928 INFO [train_policy] epoch=17 val_loss=0.591982 oracle_agreement=0.7896
2026-09-12 20:29:43,991 INFO [train_policy] epoch=18 val_loss=0.593529 oracle_agreement=0.7897
2026-09-12 20:30:53,843 INFO [train_policy] epoch=19 val_loss=0.591078 oracle_agreement=0.7918
{
  "encoder": "deep_sets",
  "gru_condition": "standard",
  "cost_multiplier": 0.0,
  "target_kind": "voi",
  "limit": null,
  "seed": 42,
  "pilot": false,
  "config_approval": "APPROVED",
  "output": "outputs/week8_ablations/no_budget_embedding/policy_checkpoints/policy_deep_sets_standard_lambda0_seed42.best.pt"
}
{
  "format_version": "week6_policy_validation_v1",
  "is_valid": true,
  "fit_split": "train",
  "selection_split": "val",
  "calibration_used": false,
  "test_used": false,
  "encoder_name": "deep_sets",
  "gru_condition": "standard",
  "seed": 42,
  "cost_multiplier": 0.0,
  "target_kind": "voi",
  "train_rows": 436429,
  "validation_rows": 60483,
  "best_epoch": 14,
  "metrics": {
    "total": 0.5905338247591463,
    "ranking": 0.0760822164651527,
    "mse": 0.7076388796003021,
    "action_ce": 0.6750837697261497,
    "best_action_accuracy": 0.7889158937222029,
    "stop_prediction_rate": 0.3993849511432965,
    "row_count": 60483
  },
  "checkpoint_path": "outputs/week8_ablations/no_budget_embedding/policy_checkpoints/policy_deep_sets_standard_lambda0_seed42.best.pt",
  "checkpoint_sha256": "03843526700f87990cf48cdde04dcdbe1206b8b1fe02f3120320e71411917549",
  "config_sha256": "23ea1ace96a7c7bbcc65edb853575319f0c61a96d457fd25d666861b7f0b6ebc",
  "source_manifest_sha256": "076e4ce5365721913715173ef596f5f47ecf607e38dc5c40b93b9acb646fc766",
  "diagnostic_checkpoint_sha256": "8bbef3101b18826e1ca2c3fec5ee157360ad006497f0c6e957f8169654a6802a",
  "vector_manifest_sha256": "1fac2c343e57ca8b6702c4e6a282a7b86a48042a6d133ba84612b5b1c50201ae",
  "week5_freeze_sha256": "8df2bce9af01a2a271fb9e96fcfff98ad1001c480a368ed1199db31e09475bc2",
  "limit": null,
  "report_sha256": "ddab08a863374071311507af30c77c2c195be7544940f82ffbb15ac70ed948ed"
}
	Command being timed: "timeout --signal=TERM --kill-after=5m 2700s env CUDA_VISIBLE_DEVICES=1 python scripts/train_policy.py --config outputs/week8_data/ablation_configs/no_budget_embedding_policy.yaml --manifest_path outputs/week5_data/vectorized_manifest.json --voi_manifest outputs/week8_ablations/no_budget_embedding/voi/voi_manifest.json --diagnostic_checkpoint outputs/week8_ablations/no_budget_embedding/diagnostic_checkpoints/diag_deep_sets_standard_seed42.best.pt --freeze_manifest outputs/week8_ablations/no_budget_embedding/freeze/week8_diagnostic_freeze.json --cost_multiplier 0.0 --target_kind voi --seed 42 --device cuda:0 --output_dir outputs/week8_ablations/no_budget_embedding/policy_checkpoints --resume"
	User time (seconds): 1412.05
	System time (seconds): 10.58
	Percent of CPU this job got: 101%
	Elapsed (wall clock) time (h:mm:ss or m:ss): 23:23.43
	Average shared text size (kbytes): 0
	Average unshared data size (kbytes): 0
	Average stack size (kbytes): 0
	Average total size (kbytes): 0
	Maximum resident set size (kbytes): 6043032
	Average resident set size (kbytes): 0
	Major (requiring I/O) page faults: 0
	Minor (reclaiming a frame) page faults: 1561893
	Voluntary context switches: 51595
	Involuntary context switches: 110490
	Swaps: 0
	File system inputs: 0
	File system outputs: 26848
	Socket messages sent: 0
	Socket messages received: 0
	Signals delivered: 0
	Page size (bytes): 4096
	Exit status: 0
no_budget_embedding policy training exit code: 0
===== no_budget_embedding stack freeze =====
Timeout 600s; worker ceiling remaining 8363s
{
  "artifacts": {
    "diagnostic_checkpoint": {
      "path": "outputs/week8_ablations/no_budget_embedding/diagnostic_checkpoints/diag_deep_sets_standard_seed42.best.pt",
      "sha256": "8bbef3101b18826e1ca2c3fec5ee157360ad006497f0c6e957f8169654a6802a"
    },
    "diagnostic_config": {
      "path": "outputs/week8_data/ablation_configs/no_budget_embedding_diag.yaml",
      "sha256": "db49257f77a2e5e6b39c2ea7ea27f06714d3cb6b6458455ca3e2d3452c9af00b"
    },
    "policy_checkpoint": {
      "path": "outputs/week8_ablations/no_budget_embedding/policy_checkpoints/policy_deep_sets_standard_lambda0_seed42.best.pt",
      "sha256": "03843526700f87990cf48cdde04dcdbe1206b8b1fe02f3120320e71411917549"
    },
    "policy_config": {
      "path": "outputs/week8_data/ablation_configs/no_budget_embedding_policy.yaml",
      "sha256": "23ea1ace96a7c7bbcc65edb853575319f0c61a96d457fd25d666861b7f0b6ebc"
    },
    "selection_report": {
      "path": "outputs/week8_ablations/no_budget_embedding/freeze/predeclared_stack_selection.json",
      "sha256": "251023338f8bedf77f90317ae9d43e1f6e622ccd77b0c526e44aa2c9effb2c70"
    },
    "vector_manifest": {
      "path": "outputs/week5_data/vectorized_manifest.json",
      "sha256": "1fac2c343e57ca8b6702c4e6a282a7b86a48042a6d133ba84612b5b1c50201ae"
    },
    "week8_config": {
      "path": "configs/experiments/week8_evaluation.yaml",
      "sha256": "59748c18da7375db6140f05d6c5ec2670c6ce19eeb25b5931e94868ffe7d9cf6"
    }
  },
  "format_version": "proactive_stack_freeze_v1",
  "freeze_sha256": "14cf0de84e174fe89fdf67f3859bacfa9f8a38bcca78f4b62aa069c91d296e03",
  "owner_approved": true,
  "status": "FROZEN"
}

	Command being timed: "timeout --signal=TERM --kill-after=5m 600s python scripts/freeze_week8_ablation_stack.py --week8_config configs/experiments/week8_evaluation.yaml --ablation_id no_budget_embedding --diag_config outputs/week8_data/ablation_configs/no_budget_embedding_diag.yaml --policy_config outputs/week8_data/ablation_configs/no_budget_embedding_policy.yaml --vector_manifest outputs/week5_data/vectorized_manifest.json --diagnostic_checkpoint outputs/week8_ablations/no_budget_embedding/diagnostic_checkpoints/diag_deep_sets_standard_seed42.best.pt --policy_checkpoint outputs/week8_ablations/no_budget_embedding/policy_checkpoints/policy_deep_sets_standard_lambda0_seed42.best.pt --output_dir outputs/week8_ablations/no_budget_embedding/freeze --approve_freeze --overwrite"
	User time (seconds): 1.80
	System time (seconds): 5.42
	Percent of CPU this job got: 530%
	Elapsed (wall clock) time (h:mm:ss or m:ss): 0:01.36
	Average shared text size (kbytes): 0
	Average unshared data size (kbytes): 0
	Average stack size (kbytes): 0
	Average total size (kbytes): 0
	Maximum resident set size (kbytes): 429736
	Average resident set size (kbytes): 0
	Major (requiring I/O) page faults: 0
	Minor (reclaiming a frame) page faults: 62347
	Voluntary context switches: 185
	Involuntary context switches: 90179
	Swaps: 0
	File system inputs: 0
	File system outputs: 16
	Socket messages sent: 0
	Socket messages received: 0
	Signals delivered: 0
	Page size (bytes): 4096
	Exit status: 0
no_budget_embedding stack freeze exit code: 0
===== no_budget_embedding validation frontier =====
Timeout 1200s; worker ceiling remaining 8362s
{
  "format_version": "week8_ablation_frontier_v1",
  "status": "COMPLETE",
  "ablation_id": "no_budget_embedding",
  "evaluation_split": "val",
  "calibration_used": false,
  "test_used": false,
  "heldout_shift_used": false,
  "post_test_tuning_used": false,
  "seed": 42,
  "week8_config_sha256": "59748c18da7375db6140f05d6c5ec2670c6ce19eeb25b5931e94868ffe7d9cf6",
  "manifest_sha256": "1fac2c343e57ca8b6702c4e6a282a7b86a48042a6d133ba84612b5b1c50201ae",
  "diagnostic_checkpoint_sha256": "8bbef3101b18826e1ca2c3fec5ee157360ad006497f0c6e957f8169654a6802a",
  "policy_checkpoint_sha256": "03843526700f87990cf48cdde04dcdbe1206b8b1fe02f3120320e71411917549",
  "aps_sha256": "86bb40a786ee69c71f800df634b9f8d2c07cd35e7e7d3fbdd905bd79bc6c32af",
  "freeze_manifest_sha256": "d8054127a5083fb1018e18400e9a864ccbfcf70957626f73a5137fe5e248d7b1",
  "budgets": [
    1,
    2,
    3,
    4,
    7
  ],
  "coverages": [
    0.9,
    0.95
  ],
  "base_model_instances": 1404,
  "teacher_files": [
    {
      "path": "outputs/teacher_core_contract_v1_recovered/teacher_gemma4_e4b_all_all_shard00-of-04.jsonl",
      "sha256": "46593391081546c310991894934b1436ecfcf1f07956104d59e9e8f4495e1948",
      "selected_rows": 175
    },
    {
      "path": "outputs/teacher_core_contract_v1_recovered/teacher_gemma4_e4b_all_all_shard01-of-04.jsonl",
      "sha256": "3c7d3ca72753bd49d8f344dd9e468877e75567132de20a81ce20467d52e096a9",
      "selected_rows": 180
    },
    {
      "path": "outputs/teacher_core_contract_v1_recovered/teacher_gemma4_e4b_all_all_shard02-of-04.jsonl",
      "sha256": "bff419cdd17e66ccd9eea1a83e248d5f58e16143d662ebd3ba33625b953018ec",
      "selected_rows": 163
    },
    {
      "path": "outputs/teacher_core_contract_v1_recovered/teacher_gemma4_e4b_all_all_shard03-of-04.jsonl",
      "sha256": "9538751d71a3f8a133be26c2de6d4a4b505b3c780a20ee10a15cd24cd0d8a84e",
      "selected_rows": 184
    },
    {
      "path": "outputs/teacher_core_contract_v1_recovered/teacher_qwen3_vl_8b_all_all_shard00-of-04.jsonl",
      "sha256": "53cc79788e76a9ddcf8df20812e5ca0ca7aa918dad85d249107f3b46003c5be4",
      "selected_rows": 162
    },
    {
      "path": "outputs/teacher_core_contract_v1_recovered/teacher_qwen3_vl_8b_all_all_shard01-of-04.jsonl",
      "sha256": "5bcb3927cfca370cce87c95df969dde3f24c26cd901c9733b63bb17180717c65",
      "selected_rows": 179
    },
    {
      "path": "outputs/teacher_core_contract_v1_recovered/teacher_qwen3_vl_8b_all_all_shard02-of-04.jsonl",
      "sha256": "0ae1afb49f1cf578282a62fafea38ffad93bc7d3220929469d31150e2f9c8711",
      "selected_rows": 174
    },
    {
      "path": "outputs/teacher_core_contract_v1_recovered/teacher_qwen3_vl_8b_all_all_shard03-of-04.jsonl",
      "sha256": "4dc9b657f4ea35d7e74e352157f25aee5bd1b2c9c99e13d33755f8f65d55031f",
      "selected_rows": 187
    }
  ],
  "global_aps_fit_split": "val",
  "global_aps_evaluation_split": "val",
  "global_aps_thresholds": {
    "0.9": 0.9999918937683105,
    "0.95": 0.9999997615814209
  },
  "summaries": {
    "proactive|1|0.9": {
      "row_count": 1404,
      "mean_acquisition_cost": 1.0,
      "diagnostic": {
        "record_count": 1404,
        "source_bit_micro_f1": 0.890717408074055,
        "source_bit_macro_f1": 0.8926292978230412,
        "source_bit_hamming_loss": 0.10090218423551757,
        "source_bit_auroc": {
          "visual": 0.9420333839150228,
          "language": 0.9589885851459925,
          "alignment": 0.9889907303487551
        },
        "six_way_macro_f1": 0.5867622329380962,
        "six_way_balanced_accuracy": 0.6965381032245709,
        "six_way_confusion_matrix": [
          [
            114,
            0,
            3,
            0,
            40,
            30
          ],
          [
            2,
            372,
            0,
            5,
            13,
            0
          ],
          [
            0,
            0,
            30,
            4,
            10,
            0
          ],
          [
            36,
            54,
            92,
            403,
            10,
            0
          ],
          [
            4,
            0,
            1,
            0,
            7,
            0
          ],
          [
            34,
            0,
            3,
            0,
            19,
            118
          ]
        ],
        "six_way_labels": [
          "visual",
          "language-prior",
          "alignment",
          "mixed",
          "unclear",
          "no-failure"
        ],
        "signature_mse": 0.03430979408821251
      },
      "prediction_sets": {
        "coverage": 0.8696581196581197,
        "average_set_size": 2.368945868945869,
        "singleton_rate": 0.4444444444444444,
        "empty_set_rate": 0.07834757834757834
      },
      "action_counts": {
        "grounding": 343,
        "stop": 1404,
        "blank": 800,
        "blur": 249,
        "brightness": 9,
        "crop": 3
      }
    },
    "proactive|1|0.95": {
      "row_count": 1404,
      "mean_acquisition_cost": 1.0,
      "diagnostic": {
        "record_count": 1404,
        "source_bit_micro_f1": 0.890717408074055,
        "source_bit_macro_f1": 0.8926292978230412,
        "source_bit_hamming_loss": 0.10090218423551757,
        "source_bit_auroc": {
          "visual": 0.9420333839150228,
          "language": 0.9589885851459925,
          "alignment": 0.9889907303487551
        },
        "six_way_macro_f1": 0.5867622329380962,
        "six_way_balanced_accuracy": 0.6965381032245709,
        "six_way_confusion_matrix": [
          [
            114,
            0,
            3,
            0,
            40,
            30
          ],
          [
            2,
            372,
            0,
            5,
            13,
            0
          ],
          [
            0,
            0,
            30,
            4,
            10,
            0
          ],
          [
            36,
            54,
            92,
            403,
            10,
            0
          ],
          [
            4,
            0,
            1,
            0,
            7,
            0
          ],
          [
            34,
            0,
            3,
            0,
            19,
            118
          ]
        ],
        "six_way_labels": [
          "visual",
          "language-prior",
          "alignment",
          "mixed",
          "unclear",
          "no-failure"
        ],
        "signature_mse": 0.03430979408821251
      },
      "prediction_sets": {
        "coverage": 0.9401709401709402,
        "average_set_size": 2.8874643874643873,
        "singleton_rate": 0.19658119658119658,
        "empty_set_rate": 0.039886039886039885
      },
      "action_counts": {
        "grounding": 343,
        "stop": 1404,
        "blank": 800,
        "blur": 249,
        "brightness": 9,
        "crop": 3
      }
    },
    "proactive|2|0.9": {
      "row_count": 1404,
      "mean_acquisition_cost": 2.0,
      "diagnostic": {
        "record_count": 1404,
        "source_bit_micro_f1": 0.9435233160621762,
        "source_bit_macro_f1": 0.9456656426385832,
        "source_bit_hamming_loss": 0.051756885090218425,
        "source_bit_auroc": {
          "visual": 0.9706775570062429,
          "language": 0.987129711280946,
          "alignment": 0.9964126865361432
        },
        "six_way_macro_f1": 0.6993137138582896,
        "six_way_balanced_accuracy": 0.8289912150858253,
        "six_way_confusion_matrix": [
          [
            151,
            0,
            1,
            1,
            25,
            9
          ],
          [
            1,
            383,
            0,
            3,
            5,
            0
          ],
          [
            0,
            0,
            41,
            1,
            2,
            0
          ],
          [
            18,
            37,
            59,
            473,
            8,
            0
          ],
          [
            2,
            0,
            0,
            0,
            9,
            1
          ],
          [
            4,
            0,
            0,
            0,
            46,
            124
          ]
        ],
        "six_way_labels": [
          "visual",
          "language-prior",
          "alignment",
          "mixed",
          "unclear",
          "no-failure"
        ],
        "signature_mse": 0.018160204005109745
      },
      "prediction_sets": {
        "coverage": 0.8411680911680912,
        "average_set_size": 1.789173789173789,
        "singleton_rate": 0.5683760683760684,
        "empty_set_rate": 0.1111111111111111
      },
      "action_counts": {
        "grounding": 676,
        "blank": 1043,
        "stop": 1404,
        "blur": 1024,
        "crop": 28,
        "brightness": 35,
        "relation": 1,
        "noise": 1
      }
    },
    "proactive|2|0.95": {
      "row_count": 1404,
      "mean_acquisition_cost": 2.0,
      "diagnostic": {
        "record_count": 1404,
        "source_bit_micro_f1": 0.9435233160621762,
        "source_bit_macro_f1": 0.9456656426385832,
        "source_bit_hamming_loss": 0.051756885090218425,
        "source_bit_auroc": {
          "visual": 0.9706775570062429,
          "language": 0.987129711280946,
          "alignment": 0.9964126865361432
        },
        "six_way_macro_f1": 0.6993137138582896,
        "six_way_balanced_accuracy": 0.8289912150858253,
        "six_way_confusion_matrix": [
          [
            151,
            0,
            1,
            1,
            25,
            9
          ],
          [
            1,
            383,
            0,
            3,
            5,
            0
          ],
          [
            0,
            0,
            41,
            1,
            2,
            0
          ],
          [
            18,
            37,
            59,
            473,
            8,
            0
          ],
          [
            2,
            0,
            0,
            0,
            9,
            1
          ],
          [
            4,
            0,
            0,
            0,
            46,
            124
          ]
        ],
        "six_way_labels": [
          "visual",
          "language-prior",
          "alignment",
          "mixed",
          "unclear",
          "no-failure"
        ],
        "signature_mse": 0.018160204005109745
      },
      "prediction_sets": {
        "coverage": 0.9309116809116809,
        "average_set_size": 2.495014245014245,
        "singleton_rate": 0.19444444444444445,
        "empty_set_rate": 0.05413105413105413
      },
      "action_counts": {
        "grounding": 676,
        "blank": 1043,
        "stop": 1404,
        "blur": 1024,
        "crop": 28,
        "brightness": 35,
        "relation": 1,
        "noise": 1
      }
    },
    "proactive|3|0.9": {
      "row_count": 1404,
      "mean_acquisition_cost": 2.948005698005698,
      "diagnostic": {
        "record_count": 1404,
        "source_bit_micro_f1": 0.9651972157772621,
        "source_bit_macro_f1": 0.9668861558286913,
        "source_bit_hamming_loss": 0.03205128205128205,
        "source_bit_auroc": {
          "visual": 0.9830697314417819,
          "language": 0.994884545038866,
          "alignment": 0.9983061063307977
        },
        "six_way_macro_f1": 0.7537171915373732,
        "six_way_balanced_accuracy": 0.8835231218924352,
        "six_way_confusion_matrix": [
          [
            165,
            0,
            0,
            1,
            18,
            3
          ],
          [
            0,
            391,
            0,
            0,
            1,
            0
          ],
          [
            0,
            0,
            44,
            0,
            0,
            0
          ],
          [
            8,
            28,
            44,
            514,
            1,
            0
          ],
          [
            1,
            0,
            0,
            0,
            10,
            1
          ],
          [
            1,
            0,
            0,
            0,
            47,
            126
          ]
        ],
        "six_way_labels": [
          "visual",
          "language-prior",
          "alignment",
          "mixed",
          "unclear",
          "no-failure"
        ],
        "signature_mse": 0.012372393269941405
      },
      "prediction_sets": {
        "coverage": 0.8304843304843305,
        "average_set_size": 1.670940170940171,
        "singleton_rate": 0.5441595441595442,
        "empty_set_rate": 0.1346153846153846
      },
      "action_counts": {
        "grounding": 1120,
        "blank": 1171,
        "blur": 1365,
        "stop": 1404,
        "crop": 351,
        "brightness": 106,
        "noise": 25,
        "relation": 1
      }
    },
    "proactive|3|0.95": {
      "row_count": 1404,
      "mean_acquisition_cost": 2.948005698005698,
      "diagnostic": {
        "record_count": 1404,
        "source_bit_micro_f1": 0.9651972157772621,
        "source_bit_macro_f1": 0.9668861558286913,
        "source_bit_hamming_loss": 0.03205128205128205,
        "source_bit_auroc": {
          "visual": 0.9830697314417819,
          "language": 0.994884545038866,
          "alignment": 0.9983061063307977
        },
        "six_way_macro_f1": 0.7537171915373732,
        "six_way_balanced_accuracy": 0.8835231218924352,
        "six_way_confusion_matrix": [
          [
            165,
            0,
            0,
            1,
            18,
            3
          ],
          [
            0,
            391,
            0,
            0,
            1,
            0
          ],
          [
            0,
            0,
            44,
            0,
            0,
            0
          ],
          [
            8,
            28,
            44,
            514,
            1,
            0
          ],
          [
            1,
            0,
            0,
            0,
            10,
            1
          ],
          [
            1,
            0,
            0,
            0,
            47,
            126
          ]
        ],
        "six_way_labels": [
          "visual",
          "language-prior",
          "alignment",
          "mixed",
          "unclear",
          "no-failure"
        ],
        "signature_mse": 0.012372393269941405
      },
      "prediction_sets": {
        "coverage": 0.9038461538461539,
        "average_set_size": 2.5883190883190883,
        "singleton_rate": 0.14387464387464388,
        "empty_set_rate": 0.08547008547008547
      },
      "action_counts": {
        "grounding": 1120,
        "blank": 1171,
        "blur": 1365,
        "stop": 1404,
        "crop": 351,
        "brightness": 106,
        "noise": 25,
        "relation": 1
      }
    },
    "proactive|4|0.9": {
      "row_count": 1404,
      "mean_acquisition_cost": 3.844017094017094,
      "diagnostic": {
        "record_count": 1404,
        "source_bit_micro_f1": 0.9798417963766267,
        "source_bit_macro_f1": 0.9809301173365478,
        "source_bit_hamming_loss": 0.01875593542260209,
        "source_bit_auroc": {
          "visual": 0.9908810379770039,
          "language": 0.9986384643020445,
          "alignment": 0.9999646672486179
        },
        "six_way_macro_f1": 0.807510265850353,
        "six_way_balanced_accuracy": 0.9077536657296147,
        "six_way_confusion_matrix": [
          [
            177,
            0,
            0,
            1,
            6,
            3
          ],
          [
            0,
            390,
            0,
            1,
            1,
            0
          ],
          [
            0,
            0,
            44,
            0,
            0,
            0
          ],
          [
            2,
            19,
            17,
            557,
            0,
            0
          ],
          [
            1,
            0,
            0,
            0,
            10,
            1
          ],
          [
            0,
            0,
            0,
            0,
            46,
            128
          ]
        ],
        "six_way_labels": [
          "visual",
          "language-prior",
          "alignment",
          "mixed",
          "unclear",
          "no-failure"
        ],
        "signature_mse": 0.00807954191807472
      },
      "prediction_sets": {
        "coverage": 0.8190883190883191,
        "average_set_size": 1.6673789173789173,
        "singleton_rate": 0.45227920227920226,
        "empty_set_rate": 0.17022792022792022
      },
      "action_counts": {
        "grounding": 1324,
        "blank": 1299,
        "blur": 1382,
        "crop": 1097,
        "stop": 1404,
        "brightness": 230,
        "noise": 59,
        "relation": 6
      }
    },
    "proactive|4|0.95": {
      "row_count": 1404,
      "mean_acquisition_cost": 3.844017094017094,
      "diagnostic": {
        "record_count": 1404,
        "source_bit_micro_f1": 0.9798417963766267,
        "source_bit_macro_f1": 0.9809301173365478,
        "source_bit_hamming_loss": 0.01875593542260209,
        "source_bit_auroc": {
          "visual": 0.9908810379770039,
          "language": 0.9986384643020445,
          "alignment": 0.9999646672486179
        },
        "six_way_macro_f1": 0.807510265850353,
        "six_way_balanced_accuracy": 0.9077536657296147,
        "six_way_confusion_matrix": [
          [
            177,
            0,
            0,
            1,
            6,
            3
          ],
          [
            0,
            390,
            0,
            1,
            1,
            0
          ],
          [
            0,
            0,
            44,
            0,
            0,
            0
          ],
          [
            2,
            19,
            17,
            557,
            0,
            0
          ],
          [
            1,
            0,
            0,
            0,
            10,
            1
          ],
          [
            0,
            0,
            0,
            0,
            46,
            128
          ]
        ],
        "six_way_labels": [
          "visual",
          "language-prior",
          "alignment",
          "mixed",
          "unclear",
          "no-failure"
        ],
        "signature_mse": 0.00807954191807472
      },
      "prediction_sets": {
        "coverage": 0.9038461538461539,
        "average_set_size": 2.7222222222222223,
        "singleton_rate": 0.07621082621082621,
        "empty_set_rate": 0.09544159544159544
      },
      "action_counts": {
        "grounding": 1324,
        "blank": 1299,
        "blur": 1382,
        "crop": 1097,
        "stop": 1404,
        "brightness": 230,
        "noise": 59,
        "relation": 6
      }
    },
    "proactive|7|0.9": {
      "row_count": 1404,
      "mean_acquisition_cost": 4.854700854700854,
      "diagnostic": {
        "record_count": 1404,
        "source_bit_micro_f1": 0.993193849256365,
        "source_bit_macro_f1": 0.9931442945490553,
        "source_bit_hamming_loss": 0.00641025641025641,
        "source_bit_auroc": {
          "visual": 0.9995050462873379,
          "language": 0.9993447481873408,
          "alignment": 0.9999605104543376
        },
        "six_way_macro_f1": 0.8446869889495462,
        "six_way_balanced_accuracy": 0.9267052798130746,
        "six_way_confusion_matrix": [
          [
            187,
            0,
            0,
            0,
            0,
            0
          ],
          [
            0,
            390,
            0,
            1,
            1,
            0
          ],
          [
            0,
            0,
            44,
            0,
            0,
            0
          ],
          [
            1,
            2,
            6,
            586,
            0,
            0
          ],
          [
            0,
            0,
            0,
            0,
            10,
            2
          ],
          [
            0,
            0,
            0,
            0,
            44,
            130
          ]
        ],
        "six_way_labels": [
          "visual",
          "language-prior",
          "alignment",
          "mixed",
          "unclear",
          "no-failure"
        ],
        "signature_mse": 0.006312361762199403
      },
      "prediction_sets": {
        "coverage": 0.8183760683760684,
        "average_set_size": 1.816951566951567,
        "singleton_rate": 0.27849002849002846,
        "empty_set_rate": 0.17806267806267806
      },
      "action_counts": {
        "grounding": 1331,
        "blank": 1338,
        "blur": 1389,
        "crop": 1198,
        "brightness": 779,
        "stop": 1404,
        "noise": 769,
        "relation": 12
      }
    },
    "proactive|7|0.95": {
      "row_count": 1404,
      "mean_acquisition_cost": 4.854700854700854,
      "diagnostic": {
        "record_count": 1404,
        "source_bit_micro_f1": 0.993193849256365,
        "source_bit_macro_f1": 0.9931442945490553,
        "source_bit_hamming_loss": 0.00641025641025641,
        "source_bit_auroc": {
          "visual": 0.9995050462873379,
          "language": 0.9993447481873408,
          "alignment": 0.9999605104543376
        },
        "six_way_macro_f1": 0.8446869889495462,
        "six_way_balanced_accuracy": 0.9267052798130746,
        "six_way_confusion_matrix": [
          [
            187,
            0,
            0,
            0,
            0,
            0
          ],
          [
            0,
            390,
            0,
            1,
            1,
            0
          ],
          [
            0,
            0,
            44,
            0,
            0,
            0
          ],
          [
            1,
            2,
            6,
            586,
            0,
            0
          ],
          [
            0,
            0,
            0,
            0,
            10,
            2
          ],
          [
            0,
            0,
            0,
            0,
            44,
            130
          ]
        ],
        "six_way_labels": [
          "visual",
          "language-prior",
          "alignment",
          "mixed",
          "unclear",
          "no-failure"
        ],
        "signature_mse": 0.006312361762199403
      },
      "prediction_sets": {
        "coverage": 0.9002849002849003,
        "average_set_size": 2.826210826210826,
        "singleton_rate": 0.08547008547008547,
        "empty_set_rate": 0.099002849002849
      },
      "action_counts": {
        "grounding": 1331,
        "blank": 1338,
        "blur": 1389,
        "crop": 1198,
        "brightness": 779,
        "stop": 1404,
        "noise": 769,
        "relation": 12
      }
    },
    "proactive_no_stop|1|0.9": {
      "row_count": 1404,
      "mean_acquisition_cost": 1.0,
      "diagnostic": {
        "record_count": 1404,
        "source_bit_micro_f1": 0.890717408074055,
        "source_bit_macro_f1": 0.8926292978230412,
        "source_bit_hamming_loss": 0.10090218423551757,
        "source_bit_auroc": {
          "visual": 0.9420333839150228,
          "language": 0.9589885851459925,
          "alignment": 0.9889907303487551
        },
        "six_way_macro_f1": 0.5867622329380962,
        "six_way_balanced_accuracy": 0.6965381032245709,
        "six_way_confusion_matrix": [
          [
            114,
            0,
            3,
            0,
            40,
            30
          ],
          [
            2,
            372,
            0,
            5,
            13,
            0
          ],
          [
            0,
            0,
            30,
            4,
            10,
            0
          ],
          [
            36,
            54,
            92,
            403,
            10,
            0
          ],
          [
            4,
            0,
            1,
            0,
            7,
            0
          ],
          [
            34,
            0,
            3,
            0,
            19,
            118
          ]
        ],
        "six_way_labels": [
          "visual",
          "language-prior",
          "alignment",
          "mixed",
          "unclear",
          "no-failure"
        ],
        "signature_mse": 0.03430979408821251
      },
      "prediction_sets": {
        "coverage": 0.8696581196581197,
        "average_set_size": 2.368945868945869,
        "singleton_rate": 0.4444444444444444,
        "empty_set_rate": 0.07834757834757834
      },
      "action_counts": {
        "grounding": 343,
        "stop": 1404,
        "blank": 800,
        "blur": 249,
        "brightness": 9,
        "crop": 3
      }
    },
    "proactive_no_stop|1|0.95": {
      "row_count": 1404,
      "mean_acquisition_cost": 1.0,
      "diagnostic": {
        "record_count": 1404,
        "source_bit_micro_f1": 0.890717408074055,
        "source_bit_macro_f1": 0.8926292978230412,
        "source_bit_hamming_loss": 0.10090218423551757,
        "source_bit_auroc": {
          "visual": 0.9420333839150228,
          "language": 0.9589885851459925,
          "alignment": 0.9889907303487551
        },
        "six_way_macro_f1": 0.5867622329380962,
        "six_way_balanced_accuracy": 0.6965381032245709,
        "six_way_confusion_matrix": [
          [
            114,
            0,
            3,
            0,
            40,
            30
          ],
          [
            2,
            372,
            0,
            5,
            13,
            0
          ],
          [
            0,
            0,
            30,
            4,
            10,
            0
          ],
          [
            36,
            54,
            92,
            403,
            10,
            0
          ],
          [
            4,
            0,
            1,
            0,
            7,
            0
          ],
          [
            34,
            0,
            3,
            0,
            19,
            118
          ]
        ],
        "six_way_labels": [
          "visual",
          "language-prior",
          "alignment",
          "mixed",
          "unclear",
          "no-failure"
        ],
        "signature_mse": 0.03430979408821251
      },
      "prediction_sets": {
        "coverage": 0.9401709401709402,
        "average_set_size": 2.8874643874643873,
        "singleton_rate": 0.19658119658119658,
        "empty_set_rate": 0.039886039886039885
      },
      "action_counts": {
        "grounding": 343,
        "stop": 1404,
        "blank": 800,
        "blur": 249,
        "brightness": 9,
        "crop": 3
      }
    },
    "proactive_no_stop|2|0.9": {
      "row_count": 1404,
      "mean_acquisition_cost": 2.0,
      "diagnostic": {
        "record_count": 1404,
        "source_bit_micro_f1": 0.9435233160621762,
        "source_bit_macro_f1": 0.9456656426385832,
        "source_bit_hamming_loss": 0.051756885090218425,
        "source_bit_auroc": {
          "visual": 0.9706775570062429,
          "language": 0.987129711280946,
          "alignment": 0.9964126865361432
        },
        "six_way_macro_f1": 0.6993137138582896,
        "six_way_balanced_accuracy": 0.8289912150858253,
        "six_way_confusion_matrix": [
          [
            151,
            0,
            1,
            1,
            25,
            9
          ],
          [
            1,
            383,
            0,
            3,
            5,
            0
          ],
          [
            0,
            0,
            41,
            1,
            2,
            0
          ],
          [
            18,
            37,
            59,
            473,
            8,
            0
          ],
          [
            2,
            0,
            0,
            0,
            9,
            1
          ],
          [
            4,
            0,
            0,
            0,
            46,
            124
          ]
        ],
        "six_way_labels": [
          "visual",
          "language-prior",
          "alignment",
          "mixed",
          "unclear",
          "no-failure"
        ],
        "signature_mse": 0.018160204005109745
      },
      "prediction_sets": {
        "coverage": 0.8411680911680912,
        "average_set_size": 1.789173789173789,
        "singleton_rate": 0.5683760683760684,
        "empty_set_rate": 0.1111111111111111
      },
      "action_counts": {
        "grounding": 676,
        "blank": 1043,
        "stop": 1404,
        "blur": 1024,
        "crop": 28,
        "brightness": 35,
        "relation": 1,
        "noise": 1
      }
    },
    "proactive_no_stop|2|0.95": {
      "row_count": 1404,
      "mean_acquisition_cost": 2.0,
      "diagnostic": {
        "record_count": 1404,
        "source_bit_micro_f1": 0.9435233160621762,
        "source_bit_macro_f1": 0.9456656426385832,
        "source_bit_hamming_loss": 0.051756885090218425,
        "source_bit_auroc": {
          "visual": 0.9706775570062429,
          "language": 0.987129711280946,
          "alignment": 0.9964126865361432
        },
        "six_way_macro_f1": 0.6993137138582896,
        "six_way_balanced_accuracy": 0.8289912150858253,
        "six_way_confusion_matrix": [
          [
            151,
            0,
            1,
            1,
            25,
            9
          ],
          [
            1,
            383,
            0,
            3,
            5,
            0
          ],
          [
            0,
            0,
            41,
            1,
            2,
            0
          ],
          [
            18,
            37,
            59,
            473,
            8,
            0
          ],
          [
            2,
            0,
            0,
            0,
            9,
            1
          ],
          [
            4,
            0,
            0,
            0,
            46,
            124
          ]
        ],
        "six_way_labels": [
          "visual",
          "language-prior",
          "alignment",
          "mixed",
          "unclear",
          "no-failure"
        ],
        "signature_mse": 0.018160204005109745
      },
      "prediction_sets": {
        "coverage": 0.9309116809116809,
        "average_set_size": 2.495014245014245,
        "singleton_rate": 0.19444444444444445,
        "empty_set_rate": 0.05413105413105413
      },
      "action_counts": {
        "grounding": 676,
        "blank": 1043,
        "stop": 1404,
        "blur": 1024,
        "crop": 28,
        "brightness": 35,
        "relation": 1,
        "noise": 1
      }
    },
    "proactive_no_stop|3|0.9": {
      "row_count": 1404,
      "mean_acquisition_cost": 3.0,
      "diagnostic": {
        "record_count": 1404,
        "source_bit_micro_f1": 0.9651972157772621,
        "source_bit_macro_f1": 0.9668861558286913,
        "source_bit_hamming_loss": 0.03205128205128205,
        "source_bit_auroc": {
          "visual": 0.9830697314417819,
          "language": 0.9949172055653537,
          "alignment": 0.9983061063307976
        },
        "six_way_macro_f1": 0.7537171915373732,
        "six_way_balanced_accuracy": 0.8835231218924352,
        "six_way_confusion_matrix": [
          [
            165,
            0,
            0,
            1,
            18,
            3
          ],
          [
            0,
            391,
            0,
            0,
            1,
            0
          ],
          [
            0,
            0,
            44,
            0,
            0,
            0
          ],
          [
            8,
            28,
            44,
            514,
            1,
            0
          ],
          [
            1,
            0,
            0,
            0,
            10,
            1
          ],
          [
            1,
            0,
            0,
            0,
            47,
            126
          ]
        ],
        "six_way_labels": [
          "visual",
          "language-prior",
          "alignment",
          "mixed",
          "unclear",
          "no-failure"
        ],
        "signature_mse": 0.01235070804638338
      },
      "prediction_sets": {
        "coverage": 0.8333333333333334,
        "average_set_size": 1.6737891737891737,
        "singleton_rate": 0.5470085470085471,
        "empty_set_rate": 0.13176638176638178
      },
      "action_counts": {
        "grounding": 1127,
        "blank": 1172,
        "blur": 1365,
        "stop": 1404,
        "crop": 375,
        "brightness": 106,
        "noise": 66,
        "relation": 1
      }
    },
    "proactive_no_stop|3|0.95": {
      "row_count": 1404,
      "mean_acquisition_cost": 3.0,
      "diagnostic": {
        "record_count": 1404,
        "source_bit_micro_f1": 0.9651972157772621,
        "source_bit_macro_f1": 0.9668861558286913,
        "source_bit_hamming_loss": 0.03205128205128205,
        "source_bit_auroc": {
          "visual": 0.9830697314417819,
          "language": 0.9949172055653537,
          "alignment": 0.9983061063307976
        },
        "six_way_macro_f1": 0.7537171915373732,
        "six_way_balanced_accuracy": 0.8835231218924352,
        "six_way_confusion_matrix": [
          [
            165,
            0,
            0,
            1,
            18,
            3
          ],
          [
            0,
            391,
            0,
            0,
            1,
            0
          ],
          [
            0,
            0,
            44,
            0,
            0,
            0
          ],
          [
            8,
            28,
            44,
            514,
            1,
            0
          ],
          [
            1,
            0,
            0,
            0,
            10,
            1
          ],
          [
            1,
            0,
            0,
            0,
            47,
            126
          ]
        ],
        "six_way_labels": [
          "visual",
          "language-prior",
          "alignment",
          "mixed",
          "unclear",
          "no-failure"
        ],
        "signature_mse": 0.01235070804638338
      },
      "prediction_sets": {
        "coverage": 0.9038461538461539,
        "average_set_size": 2.5754985754985755,
        "singleton_rate": 0.15669515669515668,
        "empty_set_rate": 0.08547008547008547
      },
      "action_counts": {
        "grounding": 1127,
        "blank": 1172,
        "blur": 1365,
        "stop": 1404,
        "crop": 375,
        "brightness": 106,
        "noise": 66,
        "relation": 1
      }
    },
    "proactive_no_stop|4|0.9": {
      "row_count": 1404,
      "mean_acquisition_cost": 4.0,
      "diagnostic": {
        "record_count": 1404,
        "source_bit_micro_f1": 0.9814012738853504,
        "source_bit_macro_f1": 0.9825119413562069,
        "source_bit_hamming_loss": 0.017331433998100665,
        "source_bit_auroc": {
          "visual": 0.9908810379770041,
          "language": 0.9993998628257887,
          "alignment": 0.9999646672486179
        },
        "six_way_macro_f1": 0.807510265850353,
        "six_way_balanced_accuracy": 0.9077536657296147,
        "six_way_confusion_matrix": [
          [
            177,
            0,
            0,
            1,
            6,
            3
          ],
          [
            0,
            390,
            0,
            1,
            1,
            0
          ],
          [
            0,
            0,
            44,
            0,
            0,
            0
          ],
          [
            2,
            19,
            17,
            557,
            0,
            0
          ],
          [
            1,
            0,
            0,
            0,
            10,
            1
          ],
          [
            0,
            0,
            0,
            0,
            46,
            128
          ]
        ],
        "six_way_labels": [
          "visual",
          "language-prior",
          "alignment",
          "mixed",
          "unclear",
          "no-failure"
        ],
        "signature_mse": 0.0068636647114560115
      },
      "prediction_sets": {
        "coverage": 0.8290598290598291,
        "average_set_size": 1.6766381766381766,
        "singleton_rate": 0.46296296296296297,
        "empty_set_rate": 0.16025641025641027
      },
      "action_counts": {
        "grounding": 1388,
        "blank": 1333,
        "blur": 1382,
        "crop": 1136,
        "stop": 1404,
        "brightness": 238,
        "noise": 133,
        "relation": 6
      }
    },
    "proactive_no_stop|4|0.95": {
      "row_count": 1404,
      "mean_acquisition_cost": 4.0,
      "diagnostic": {
        "record_count": 1404,
        "source_bit_micro_f1": 0.9814012738853504,
        "source_bit_macro_f1": 0.9825119413562069,
        "source_bit_hamming_loss": 0.017331433998100665,
        "source_bit_auroc": {
          "visual": 0.9908810379770041,
          "language": 0.9993998628257887,
          "alignment": 0.9999646672486179
        },
        "six_way_macro_f1": 0.807510265850353,
        "six_way_balanced_accuracy": 0.9077536657296147,
        "six_way_confusion_matrix": [
          [
            177,
            0,
            0,
            1,
            6,
            3
          ],
          [
            0,
            390,
            0,
            1,
            1,
            0
          ],
          [
            0,
            0,
            44,
            0,
            0,
            0
          ],
          [
            2,
            19,
            17,
            557,
            0,
            0
          ],
          [
            1,
            0,
            0,
            0,
            10,
            1
          ],
          [
            0,
            0,
            0,
            0,
            46,
            128
          ]
        ],
        "six_way_labels": [
          "visual",
          "language-prior",
          "alignment",
          "mixed",
          "unclear",
          "no-failure"
        ],
        "signature_mse": 0.0068636647114560115
      },
      "prediction_sets": {
        "coverage": 0.8988603988603988,
        "average_set_size": 2.698005698005698,
        "singleton_rate": 0.08974358974358974,
        "empty_set_rate": 0.10042735042735043
      },
      "action_counts": {
        "grounding": 1388,
        "blank": 1333,
        "blur": 1382,
        "crop": 1136,
        "stop": 1404,
        "brightness": 238,
        "noise": 133,
        "relation": 6
      }
    },
    "proactive_no_stop|7|0.9": {
      "row_count": 1404,
      "mean_acquisition_cost": 6.011396011396012,
      "diagnostic": {
        "record_count": 1404,
        "source_bit_micro_f1": 0.9964824120603015,
        "source_bit_macro_f1": 0.9964234925346244,
        "source_bit_hamming_loss": 0.0033238366571699905,
        "source_bit_auroc": {
          "visual": 0.9999837052275666,
          "language": 0.9999836697367561,
          "alignment": 0.9999563536600573
        },
        "six_way_macro_f1": 0.8445779520674965,
        "six_way_balanced_accuracy": 0.9274105619259198,
        "six_way_confusion_matrix": [
          [
            187,
            0,
            0,
            0,
            0,
            0
          ],
          [
            0,
            391,
            0,
            1,
            0,
            0
          ],
          [
            0,
            0,
            44,
            0,
            0,
            0
          ],
          [
            1,
            0,
            7,
            587,
            0,
            0
          ],
          [
            0,
            0,
            0,
            0,
            10,
            2
          ],
          [
            0,
            0,
            0,
            0,
            44,
            130
          ]
        ],
        "six_way_labels": [
          "visual",
          "language-prior",
          "alignment",
          "mixed",
          "unclear",
          "no-failure"
        ],
        "signature_mse": 0.004827687279847913
      },
      "prediction_sets": {
        "coverage": 0.8461538461538461,
        "average_set_size": 1.856837606837607,
        "singleton_rate": 0.2905982905982906,
        "empty_set_rate": 0.1517094017094017
      },
      "action_counts": {
        "grounding": 1404,
        "blank": 1404,
        "blur": 1404,
        "crop": 1404,
        "brightness": 1404,
        "noise": 1404,
        "stop": 1404,
        "relation": 16
      }
    },
    "proactive_no_stop|7|0.95": {
      "row_count": 1404,
      "mean_acquisition_cost": 6.011396011396012,
      "diagnostic": {
        "record_count": 1404,
        "source_bit_micro_f1": 0.9964824120603015,
        "source_bit_macro_f1": 0.9964234925346244,
        "source_bit_hamming_loss": 0.0033238366571699905,
        "source_bit_auroc": {
          "visual": 0.9999837052275666,
          "language": 0.9999836697367561,
          "alignment": 0.9999563536600573
        },
        "six_way_macro_f1": 0.8445779520674965,
        "six_way_balanced_accuracy": 0.9274105619259198,
        "six_way_confusion_matrix": [
          [
            187,
            0,
            0,
            0,
            0,
            0
          ],
          [
            0,
            391,
            0,
            1,
            0,
            0
          ],
          [
            0,
            0,
            44,
            0,
            0,
            0
          ],
          [
            1,
            0,
            7,
            587,
            0,
            0
          ],
          [
            0,
            0,
            0,
            0,
            10,
            2
          ],
          [
            0,
            0,
            0,
            0,
            44,
            130
          ]
        ],
        "six_way_labels": [
          "visual",
          "language-prior",
          "alignment",
          "mixed",
          "unclear",
          "no-failure"
        ],
        "signature_mse": 0.004827687279847913
      },
      "prediction_sets": {
        "coverage": 0.8938746438746439,
        "average_set_size": 2.685185185185185,
        "singleton_rate": 0.20584045584045585,
        "empty_set_rate": 0.10541310541310542
      },
      "action_counts": {
        "grounding": 1404,
        "blank": 1404,
        "blur": 1404,
        "crop": 1404,
        "brightness": 1404,
        "noise": 1404,
        "stop": 1404,
        "relation": 16
      }
    },
    "proactive_global_aps|1|0.9": {
      "row_count": 1404,
      "mean_acquisition_cost": 1.0,
      "diagnostic": {
        "record_count": 1404,
        "source_bit_micro_f1": 0.890717408074055,
        "source_bit_macro_f1": 0.8926292978230412,
        "source_bit_hamming_loss": 0.10090218423551757,
        "source_bit_auroc": {
          "visual": 0.9420333839150228,
          "language": 0.9589885851459925,
          "alignment": 0.9889907303487551
        },
        "six_way_macro_f1": 0.5867622329380962,
        "six_way_balanced_accuracy": 0.6965381032245709,
        "six_way_confusion_matrix": [
          [
            114,
            0,
            3,
            0,
            40,
            30
          ],
          [
            2,
            372,
            0,
            5,
            13,
            0
          ],
          [
            0,
            0,
            30,
            4,
            10,
            0
          ],
          [
            36,
            54,
            92,
            403,
            10,
            0
          ],
          [
            4,
            0,
            1,
            0,
            7,
            0
          ],
          [
            34,
            0,
            3,
            0,
            19,
            118
          ]
        ],
        "six_way_labels": [
          "visual",
          "language-prior",
          "alignment",
          "mixed",
          "unclear",
          "no-failure"
        ],
        "signature_mse": 0.03430979408821251
      },
      "prediction_sets": {
        "coverage": 0.9779202279202279,
        "average_set_size": 3.2955840455840457,
        "singleton_rate": 0.1737891737891738,
        "empty_set_rate": 0.007834757834757835
      },
      "action_counts": {
        "grounding": 343,
        "stop": 1404,
        "blank": 800,
        "blur": 249,
        "brightness": 9,
        "crop": 3
      }
    },
    "proactive_global_aps|1|0.95": {
      "row_count": 1404,
      "mean_acquisition_cost": 1.0,
      "diagnostic": {
        "record_count": 1404,
        "source_bit_micro_f1": 0.890717408074055,
        "source_bit_macro_f1": 0.8926292978230412,
        "source_bit_hamming_loss": 0.10090218423551757,
        "source_bit_auroc": {
          "visual": 0.9420333839150228,
          "language": 0.9589885851459925,
          "alignment": 0.9889907303487551
        },
        "six_way_macro_f1": 0.5867622329380962,
        "six_way_balanced_accuracy": 0.6965381032245709,
        "six_way_confusion_matrix": [
          [
            114,
            0,
            3,
            0,
            40,
            30
          ],
          [
            2,
            372,
            0,
            5,
            13,
            0
          ],
          [
            0,
            0,
            30,
            4,
            10,
            0
          ],
          [
            36,
            54,
            92,
            403,
            10,
            0
          ],
          [
            4,
            0,
            1,
            0,
            7,
            0
          ],
          [
            34,
            0,
            3,
            0,
            19,
            118
          ]
        ],
        "six_way_labels": [
          "visual",
          "language-prior",
          "alignment",
          "mixed",
          "unclear",
          "no-failure"
        ],
        "signature_mse": 0.03430979408821251
      },
      "prediction_sets": {
        "coverage": 0.9964387464387464,
        "average_set_size": 4.267094017094017,
        "singleton_rate": 0.002849002849002849,
        "empty_set_rate": 0.0
      },
      "action_counts": {
        "grounding": 343,
        "stop": 1404,
        "blank": 800,
        "blur": 249,
        "brightness": 9,
        "crop": 3
      }
    },
    "proactive_global_aps|2|0.9": {
      "row_count": 1404,
      "mean_acquisition_cost": 2.0,
      "diagnostic": {
        "record_count": 1404,
        "source_bit_micro_f1": 0.9435233160621762,
        "source_bit_macro_f1": 0.9456656426385832,
        "source_bit_hamming_loss": 0.051756885090218425,
        "source_bit_auroc": {
          "visual": 0.9706775570062429,
          "language": 0.987129711280946,
          "alignment": 0.9964126865361432
        },
        "six_way_macro_f1": 0.6993137138582896,
        "six_way_balanced_accuracy": 0.8289912150858253,
        "six_way_confusion_matrix": [
          [
            151,
            0,
            1,
            1,
            25,
            9
          ],
          [
            1,
            383,
            0,
            3,
            5,
            0
          ],
          [
            0,
            0,
            41,
            1,
            2,
            0
          ],
          [
            18,
            37,
            59,
            473,
            8,
            0
          ],
          [
            2,
            0,
            0,
            0,
            9,
            1
          ],
          [
            4,
            0,
            0,
            0,
            46,
            124
          ]
        ],
        "six_way_labels": [
          "visual",
          "language-prior",
          "alignment",
          "mixed",
          "unclear",
          "no-failure"
        ],
        "signature_mse": 0.018160204005109745
      },
      "prediction_sets": {
        "coverage": 0.9287749287749287,
        "average_set_size": 2.4572649572649574,
        "singleton_rate": 0.19586894586894588,
        "empty_set_rate": 0.05555555555555555
      },
      "action_counts": {
        "grounding": 676,
        "blank": 1043,
        "stop": 1404,
        "blur": 1024,
        "crop": 28,
        "brightness": 35,
        "relation": 1,
        "noise": 1
      }
    },
    "proactive_global_aps|2|0.95": {
      "row_count": 1404,
      "mean_acquisition_cost": 2.0,
      "diagnostic": {
        "record_count": 1404,
        "source_bit_micro_f1": 0.9435233160621762,
        "source_bit_macro_f1": 0.9456656426385832,
        "source_bit_hamming_loss": 0.051756885090218425,
        "source_bit_auroc": {
          "visual": 0.9706775570062429,
          "language": 0.987129711280946,
          "alignment": 0.9964126865361432
        },
        "six_way_macro_f1": 0.6993137138582896,
        "six_way_balanced_accuracy": 0.8289912150858253,
        "six_way_confusion_matrix": [
          [
            151,
            0,
            1,
            1,
            25,
            9
          ],
          [
            1,
            383,
            0,
            3,
            5,
            0
          ],
          [
            0,
            0,
            41,
            1,
            2,
            0
          ],
          [
            18,
            37,
            59,
            473,
            8,
            0
          ],
          [
            2,
            0,
            0,
            0,
            9,
            1
          ],
          [
            4,
            0,
            0,
            0,
            46,
            124
          ]
        ],
        "six_way_labels": [
          "visual",
          "language-prior",
          "alignment",
          "mixed",
          "unclear",
          "no-failure"
        ],
        "signature_mse": 0.018160204005109745
      },
      "prediction_sets": {
        "coverage": 0.9857549857549858,
        "average_set_size": 3.5277777777777777,
        "singleton_rate": 0.04487179487179487,
        "empty_set_rate": 0.013532763532763533
      },
      "action_counts": {
        "grounding": 676,
        "blank": 1043,
        "stop": 1404,
        "blur": 1024,
        "crop": 28,
        "brightness": 35,
        "relation": 1,
        "noise": 1
      }
    },
    "proactive_global_aps|3|0.9": {
      "row_count": 1404,
      "mean_acquisition_cost": 2.948005698005698,
      "diagnostic": {
        "record_count": 1404,
        "source_bit_micro_f1": 0.9651972157772621,
        "source_bit_macro_f1": 0.9668861558286913,
        "source_bit_hamming_loss": 0.03205128205128205,
        "source_bit_auroc": {
          "visual": 0.9830697314417819,
          "language": 0.994884545038866,
          "alignment": 0.9983061063307977
        },
        "six_way_macro_f1": 0.7537171915373732,
        "six_way_balanced_accuracy": 0.8835231218924352,
        "six_way_confusion_matrix": [
          [
            165,
            0,
            0,
            1,
            18,
            3
          ],
          [
            0,
            391,
            0,
            0,
            1,
            0
          ],
          [
            0,
            0,
            44,
            0,
            0,
            0
          ],
          [
            8,
            28,
            44,
            514,
            1,
            0
          ],
          [
            1,
            0,
            0,
            0,
            10,
            1
          ],
          [
            1,
            0,
            0,
            0,
            47,
            126
          ]
        ],
        "six_way_labels": [
          "visual",
          "language-prior",
          "alignment",
          "mixed",
          "unclear",
          "no-failure"
        ],
        "signature_mse": 0.012372393269941405
      },
      "prediction_sets": {
        "coverage": 0.8789173789173789,
        "average_set_size": 2.1018518518518516,
        "singleton_rate": 0.24074074074074073,
        "empty_set_rate": 0.10256410256410256
      },
      "action_counts": {
        "grounding": 1120,
        "blank": 1171,
        "blur": 1365,
        "stop": 1404,
        "crop": 351,
        "brightness": 106,
        "noise": 25,
        "relation": 1
      }
    },
    "proactive_global_aps|3|0.95": {
      "row_count": 1404,
      "mean_acquisition_cost": 2.948005698005698,
      "diagnostic": {
        "record_count": 1404,
        "source_bit_micro_f1": 0.9651972157772621,
        "source_bit_macro_f1": 0.9668861558286913,
        "source_bit_hamming_loss": 0.03205128205128205,
        "source_bit_auroc": {
          "visual": 0.9830697314417819,
          "language": 0.994884545038866,
          "alignment": 0.9983061063307977
        },
        "six_way_macro_f1": 0.7537171915373732,
        "six_way_balanced_accuracy": 0.8835231218924352,
        "six_way_confusion_matrix": [
          [
            165,
            0,
            0,
            1,
            18,
            3
          ],
          [
            0,
            391,
            0,
            0,
            1,
            0
          ],
          [
            0,
            0,
            44,
            0,
            0,
            0
          ],
          [
            8,
            28,
            44,
            514,
            1,
            0
          ],
          [
            1,
            0,
            0,
            0,
            10,
            1
          ],
          [
            1,
            0,
            0,
            0,
            47,
            126
          ]
        ],
        "six_way_labels": [
          "visual",
          "language-prior",
          "alignment",
          "mixed",
          "unclear",
          "no-failure"
        ],
        "signature_mse": 0.012372393269941405
      },
      "prediction_sets": {
        "coverage": 0.9601139601139601,
        "average_set_size": 3.235042735042735,
        "singleton_rate": 0.06766381766381767,
        "empty_set_rate": 0.038461538461538464
      },
      "action_counts": {
        "grounding": 1120,
        "blank": 1171,
        "blur": 1365,
        "stop": 1404,
        "crop": 351,
        "brightness": 106,
        "noise": 25,
        "relation": 1
      }
    },
    "proactive_global_aps|4|0.9": {
      "row_count": 1404,
      "mean_acquisition_cost": 3.844017094017094,
      "diagnostic": {
        "record_count": 1404,
        "source_bit_micro_f1": 0.9798417963766267,
        "source_bit_macro_f1": 0.9809301173365478,
        "source_bit_hamming_loss": 0.01875593542260209,
        "source_bit_auroc": {
          "visual": 0.9908810379770039,
          "language": 0.9986384643020445,
          "alignment": 0.9999646672486179
        },
        "six_way_macro_f1": 0.807510265850353,
        "six_way_balanced_accuracy": 0.9077536657296147,
        "six_way_confusion_matrix": [
          [
            177,
            0,
            0,
            1,
            6,
            3
          ],
          [
            0,
            390,
            0,
            1,
            1,
            0
          ],
          [
            0,
            0,
            44,
            0,
            0,
            0
          ],
          [
            2,
            19,
            17,
            557,
            0,
            0
          ],
          [
            1,
            0,
            0,
            0,
            10,
            1
          ],
          [
            0,
            0,
            0,
            0,
            46,
            128
          ]
        ],
        "six_way_labels": [
          "visual",
          "language-prior",
          "alignment",
          "mixed",
          "unclear",
          "no-failure"
        ],
        "signature_mse": 0.00807954191807472
      },
      "prediction_sets": {
        "coverage": 0.8632478632478633,
        "average_set_size": 1.975071225071225,
        "singleton_rate": 0.25213675213675213,
        "empty_set_rate": 0.12962962962962962
      },
      "action_counts": {
        "grounding": 1324,
        "blank": 1299,
        "blur": 1382,
        "crop": 1097,
        "stop": 1404,
        "brightness": 230,
        "noise": 59,
        "relation": 6
      }
    },
    "proactive_global_aps|4|0.95": {
      "row_count": 1404,
      "mean_acquisition_cost": 3.844017094017094,
      "diagnostic": {
        "record_count": 1404,
        "source_bit_micro_f1": 0.9798417963766267,
        "source_bit_macro_f1": 0.9809301173365478,
        "source_bit_hamming_loss": 0.01875593542260209,
        "source_bit_auroc": {
          "visual": 0.9908810379770039,
          "language": 0.9986384643020445,
          "alignment": 0.9999646672486179
        },
        "six_way_macro_f1": 0.807510265850353,
        "six_way_balanced_accuracy": 0.9077536657296147,
        "six_way_confusion_matrix": [
          [
            177,
            0,
            0,
            1,
            6,
            3
          ],
          [
            0,
            390,
            0,
            1,
            1,
            0
          ],
          [
            0,
            0,
            44,
            0,
            0,
            0
          ],
          [
            2,
            19,
            17,
            557,
            0,
            0
          ],
          [
            1,
            0,
            0,
            0,
            10,
            1
          ],
          [
            0,
            0,
            0,
            0,
            46,
            128
          ]
        ],
        "six_way_labels": [
          "visual",
          "language-prior",
          "alignment",
          "mixed",
          "unclear",
          "no-failure"
        ],
        "signature_mse": 0.00807954191807472
      },
      "prediction_sets": {
        "coverage": 0.9358974358974359,
        "average_set_size": 3.036324786324786,
        "singleton_rate": 0.07621082621082621,
        "empty_set_rate": 0.0633903133903134
      },
      "action_counts": {
        "grounding": 1324,
        "blank": 1299,
        "blur": 1382,
        "crop": 1097,
        "stop": 1404,
        "brightness": 230,
        "noise": 59,
        "relation": 6
      }
    },
    "proactive_global_aps|7|0.9": {
      "row_count": 1404,
      "mean_acquisition_cost": 4.854700854700854,
      "diagnostic": {
        "record_count": 1404,
        "source_bit_micro_f1": 0.993193849256365,
        "source_bit_macro_f1": 0.9931442945490553,
        "source_bit_hamming_loss": 0.00641025641025641,
        "source_bit_auroc": {
          "visual": 0.9995050462873379,
          "language": 0.9993447481873408,
          "alignment": 0.9999605104543376
        },
        "six_way_macro_f1": 0.8446869889495462,
        "six_way_balanced_accuracy": 0.9267052798130746,
        "six_way_confusion_matrix": [
          [
            187,
            0,
            0,
            0,
            0,
            0
          ],
          [
            0,
            390,
            0,
            1,
            1,
            0
          ],
          [
            0,
            0,
            44,
            0,
            0,
            0
          ],
          [
            1,
            2,
            6,
            586,
            0,
            0
          ],
          [
            0,
            0,
            0,
            0,
            10,
            2
          ],
          [
            0,
            0,
            0,
            0,
            44,
            130
          ]
        ],
        "six_way_labels": [
          "visual",
          "language-prior",
          "alignment",
          "mixed",
          "unclear",
          "no-failure"
        ],
        "signature_mse": 0.006312361762199403
      },
      "prediction_sets": {
        "coverage": 0.8525641025641025,
        "average_set_size": 1.9116809116809117,
        "singleton_rate": 0.27492877492877493,
        "empty_set_rate": 0.14458689458689458
      },
      "action_counts": {
        "grounding": 1331,
        "blank": 1338,
        "blur": 1389,
        "crop": 1198,
        "brightness": 779,
        "stop": 1404,
        "noise": 769,
        "relation": 12
      }
    },
    "proactive_global_aps|7|0.95": {
      "row_count": 1404,
      "mean_acquisition_cost": 4.854700854700854,
      "diagnostic": {
        "record_count": 1404,
        "source_bit_micro_f1": 0.993193849256365,
        "source_bit_macro_f1": 0.9931442945490553,
        "source_bit_hamming_loss": 0.00641025641025641,
        "source_bit_auroc": {
          "visual": 0.9995050462873379,
          "language": 0.9993447481873408,
          "alignment": 0.9999605104543376
        },
        "six_way_macro_f1": 0.8446869889495462,
        "six_way_balanced_accuracy": 0.9267052798130746,
        "six_way_confusion_matrix": [
          [
            187,
            0,
            0,
            0,
            0,
            0
          ],
          [
            0,
            390,
            0,
            1,
            1,
            0
          ],
          [
            0,
            0,
            44,
            0,
            0,
            0
          ],
          [
            1,
            2,
            6,
            586,
            0,
            0
          ],
          [
            0,
            0,
            0,
            0,
            10,
            2
          ],
          [
            0,
            0,
            0,
            0,
            44,
            130
          ]
        ],
        "six_way_labels": [
          "visual",
          "language-prior",
          "alignment",
          "mixed",
          "unclear",
          "no-failure"
        ],
        "signature_mse": 0.006312361762199403
      },
      "prediction_sets": {
        "coverage": 0.9294871794871795,
        "average_set_size": 2.9131054131054133,
        "singleton_rate": 0.09971509971509972,
        "empty_set_rate": 0.0698005698005698
      },
      "action_counts": {
        "grounding": 1331,
        "blank": 1338,
        "blur": 1389,
        "crop": 1198,
        "brightness": 779,
        "stop": 1404,
        "noise": 769,
        "relation": 12
      }
    }
  },
  "csv_path": "outputs/week8_ablations/no_budget_embedding/frontier/frontier_validation.csv",
  "csv_sha256": "3215535e17ca1987ffa2af00199dacaa81420c7f9589eb795912ed42ee2e35d3",
  "trajectory_path": "outputs/week8_ablations/no_budget_embedding/frontier/trajectories_validation.jsonl",
  "trajectory_sha256": "d2fa0781acae108575e139842dd30430ea6aadb5a1b447c3bdff9a772cceb6e8",
  "report_sha256": "f9a870577320a3aff07cbe61220515f548b64af3575c083e8294173dff0d3d95"
}
	Command being timed: "timeout --signal=TERM --kill-after=5m 1200s env CUDA_VISIBLE_DEVICES=1 python scripts/eval_week8_ablation.py --week8_config configs/experiments/week8_evaluation.yaml --ablation_id no_budget_embedding --manifest_path outputs/week5_data/vectorized_manifest.json --diagnostic_checkpoint outputs/week8_ablations/no_budget_embedding/diagnostic_checkpoints/diag_deep_sets_standard_seed42.best.pt --policy_checkpoint outputs/week8_ablations/no_budget_embedding/policy_checkpoints/policy_deep_sets_standard_lambda0_seed42.best.pt --aps_report outputs/week8_ablations/no_budget_embedding/temporary_aps/temporary_aps_deep_sets_standard_seed42.json --freeze_manifest outputs/week8_ablations/no_budget_embedding/freeze/week8_stack_freeze.json --teacher_path outputs/teacher_core_contract_v1_recovered --output_dir outputs/week8_ablations/no_budget_embedding/frontier --budgets 1 2 3 4 7 --coverages 0.90 0.95 --seed 42 --device cuda:0 --resume"
	User time (seconds): 97.82
	System time (seconds): 6.32
	Percent of CPU this job got: 113%
	Elapsed (wall clock) time (h:mm:ss or m:ss): 1:31.85
	Average shared text size (kbytes): 0
	Average unshared data size (kbytes): 0
	Average stack size (kbytes): 0
	Average total size (kbytes): 0
	Maximum resident set size (kbytes): 1104344
	Average resident set size (kbytes): 0
	Major (requiring I/O) page faults: 0
	Minor (reclaiming a frame) page faults: 212096
	Voluntary context switches: 1582
	Involuntary context switches: 47661
	Swaps: 0
	File system inputs: 0
	File system outputs: 76072
	Socket messages sent: 0
	Socket messages received: 0
	Signals delivered: 0
	Page size (bytes): 4096
	Exit status: 0
no_budget_embedding validation frontier exit code: 0
===== no_answer_flip diagnostic training =====
Timeout 2700s; worker ceiling remaining 8270s
2026-09-12 20:32:35,553 INFO [train_diag] Completed diagnostic run verified; training is unchanged
{
  "encoder": "deep_sets",
  "gru_condition": "standard",
  "seed": 42,
  "budgets": [
    1,
    2,
    4
  ],
  "config_approval": "APPROVED",
  "pilot": false,
  "manifest": "outputs/week8_ablations/no_answer_flip/vectorized/vectorized_manifest.json",
  "output": "outputs/week8_ablations/no_answer_flip/diagnostic_checkpoints/diag_deep_sets_standard_seed42.best.pt"
}
{
  "best_epoch": 3,
  "checkpoint_path": "outputs/week8_ablations/no_answer_flip/diagnostic_checkpoints/diag_deep_sets_standard_seed42.best.pt",
  "checkpoint_sha256": "af6fd7439470582cfa191f5e6ccc4448620945bcd5127f207544b54a05c5d415",
  "config_sha256": "fbdbea18d6f76e344772a5d68ba6d67dca78397a1eec7b153ad2b9c1783357d5",
  "encoder_name": "deep_sets",
  "format_version": "week5_validation_report_v1",
  "gru_condition": "standard",
  "metrics": {
    "is_valid": true,
    "record_count": 60483,
    "signature_mse": 0.05375735503573706,
    "six_way_balanced_accuracy": 0.604650093094285,
    "six_way_confusion_matrix": [
      [
        4148,
        678,
        462,
        158,
        1924,
        685
      ],
      [
        70,
        12139,
        402,
        21,
        2350,
        1870
      ],
      [
        14,
        20,
        1429,
        68,
        351,
        6
      ],
      [
        1768,
        770,
        3255,
        18633,
        1194,
        36
      ],
      [
        66,
        84,
        106,
        0,
        237,
        26
      ],
      [
        166,
        2453,
        279,
        0,
        1213,
        3402
      ]
    ],
    "six_way_labels": [
      "visual",
      "language-prior",
      "alignment",
      "mixed",
      "unclear",
      "no-failure"
    ],
    "six_way_macro_f1": 0.5136816274994409,
    "source_bit_auroc": {
      "alignment": 0.9858927644480701,
      "language": 0.8808340662164688,
      "visual": 0.9585941387695505
    },
    "source_bit_hamming_loss": 0.13408726418993766,
    "source_bit_macro_f1": 0.8637236352791895,
    "source_bit_micro_f1": 0.8608171344233035
  },
  "pilot": false,
  "report_sha256": "9c14600eda3dbfa0ce852aa957423fd5f6b2517f7a1bf8afc7ad6b75156db914",
  "scientifically_weighted": true,
  "seed": 42,
  "source_manifest_sha256": "11f806e532c333d081a085b5158c6f143bd353fd5fac88da9ac3be404628e26c",
  "stratified_metrics": {
    "pooled": {
      "record_count": 60483,
      "signature_mse": 0.05375735503573706,
      "six_way_balanced_accuracy": 0.604650093094285,
      "six_way_confusion_matrix": [
        [
          4148,
          678,
          462,
          158,
          1924,
          685
        ],
        [
          70,
          12139,
          402,
          21,
          2350,
          1870
        ],
        [
          14,
          20,
          1429,
          68,
          351,
          6
        ],
        [
          1768,
          770,
          3255,
          18633,
          1194,
          36
        ],
        [
          66,
          84,
          106,
          0,
          237,
          26
        ],
        [
          166,
          2453,
          279,
          0,
          1213,
          3402
        ]
      ],
      "six_way_labels": [
        "visual",
        "language-prior",
        "alignment",
        "mixed",
        "unclear",
        "no-failure"
      ],
      "six_way_macro_f1": 0.5136816274994409,
      "source_bit_auroc": {
        "alignment": 0.9858927644480701,
        "language": 0.8808340662164688,
        "visual": 0.9585941387695505
      },
      "source_bit_hamming_loss": 0.13408726418993766,
      "source_bit_macro_f1": 0.8637236352791895,
      "source_bit_micro_f1": 0.8608171344233035
    },
    "within_budget": {
      "1": {
        "record_count": 9844,
        "signature_mse": 0.06839867591874778,
        "six_way_balanced_accuracy": 0.5193050280425301,
        "six_way_confusion_matrix": [
          [
            441,
            182,
            120,
            24,
            421,
            122
          ],
          [
            16,
            1665,
            74,
            3,
            523,
            466
          ],
          [
            2,
            3,
            209,
            14,
            78,
            2
          ],
          [
            276,
            103,
            677,
            2796,
            308,
            12
          ],
          [
            14,
            13,
            17,
            0,
            36,
            4
          ],
          [
            29,
            471,
            51,
            0,
            188,
            484
          ]
        ],
        "six_way_labels": [
          "visual",
          "language-prior",
          "alignment",
          "mixed",
          "unclear",
          "no-failure"
        ],
        "six_way_macro_f1": 0.43535905452649776,
        "source_bit_auroc": {
          "alignment": 0.9783241465127932,
          "language": 0.7941911665689398,
          "visual": 0.9331118917219546
        },
        "source_bit_hamming_loss": 0.1748611675470676,
        "source_bit_macro_f1": 0.8250534178298133,
        "source_bit_micro_f1": 0.8199693208757496
      },
      "2": {
        "record_count": 17531,
        "signature_mse": 0.05901531953024616,
        "six_way_balanced_accuracy": 0.571102494163798,
        "six_way_confusion_matrix": [
          [
            1039,
            231,
            158,
            47,
            622,
            235
          ],
          [
            26,
            3268,
            133,
            7,
            768,
            685
          ],
          [
            6,
            6,
            399,
            21,
            114,
            2
          ],
          [
            530,
            229,
            1094,
            5168,
            407,
            12
          ],
          [
            21,
            24,
            33,
            0,
            67,
            6
          ],
          [
            63,
            728,
            89,
            0,
            324,
            969
          ]
        ],
        "six_way_labels": [
          "visual",
          "language-prior",
          "alignment",
          "mixed",
          "unclear",
          "no-failure"
        ],
        "six_way_macro_f1": 0.48069172350890854,
        "source_bit_auroc": {
          "alignment": 0.9831983628516536,
          "language": 0.8535428064042961,
          "visual": 0.9476711624238637
        },
        "source_bit_hamming_loss": 0.1490882817104938,
        "source_bit_macro_f1": 0.8493195018504172,
        "source_bit_micro_f1": 0.8457437390568747
      },
      "4": {
        "record_count": 33108,
        "signature_mse": 0.04661990975587732,
        "six_way_balanced_accuracy": 0.647794869291234,
        "six_way_confusion_matrix": [
          [
            2668,
            265,
            184,
            87,
            881,
            328
          ],
          [
            28,
            7206,
            195,
            11,
            1059,
            719
          ],
          [
            6,
            11,
            821,
            33,
            159,
            2
          ],
          [
            962,
            438,
            1484,
            10669,
            479,
            12
          ],
          [
            31,
            47,
            56,
            0,
            134,
            16
          ],
          [
            74,
            1254,
            139,
            0,
            701,
            1949
          ]
        ],
        "six_way_labels": [
          "visual",
          "language-prior",
          "alignment",
          "mixed",
          "unclear",
          "no-failure"
        ],
        "six_way_macro_f1": 0.5551147781516944,
        "source_bit_auroc": {
          "alignment": 0.9890492969166057,
          "language": 0.9137140592900967,
          "visual": 0.9697433894220906
        },
        "source_bit_hamming_loss": 0.11402078047601788,
        "source_bit_macro_f1": 0.8831664453239215,
        "source_bit_micro_f1": 0.8811535192200732
      }
    },
    "within_dataset": {
      "hallusionbench": {
        "record_count": 7831,
        "signature_mse": 0.06582163430438533,
        "six_way_balanced_accuracy": 0.4164901793002859,
        "six_way_confusion_matrix": [
          [
            580,
            106,
            19,
            8,
            476,
            60
          ],
          [
            30,
            1323,
            123,
            4,
            1275,
            83
          ],
          [
            14,
            0,
            253,
            3,
            198,
            0
          ],
          [
            340,
            289,
            538,
            637,
            611,
            0
          ],
          [
            16,
            64,
            10,
            0,
            154,
            15
          ],
          [
            5,
            162,
            39,
            0,
            294,
            102
          ]
        ],
        "six_way_labels": [
          "visual",
          "language-prior",
          "alignment",
          "mixed",
          "unclear",
          "no-failure"
        ],
        "six_way_macro_f1": 0.36131052168369443,
        "source_bit_auroc": {
          "alignment": 0.9086702411767122,
          "language": 0.8182540615018357,
          "visual": 0.8502840368146105
        },
        "source_bit_hamming_loss": 0.20614651172689738,
        "source_bit_macro_f1": 0.7267434473703203,
        "source_bit_micro_f1": 0.7482193917338186
      },
      "pope": {
        "record_count": 23084,
        "signature_mse": 0.04906152119985694,
        "six_way_balanced_accuracy": 0.5672481156960997,
        "six_way_confusion_matrix": [
          [
            1968,
            527,
            0,
            0,
            759,
            611
          ],
          [
            22,
            9832,
            11,
            1,
            677,
            1595
          ],
          [
            0,
            0,
            0,
            0,
            0,
            0
          ],
          [
            222,
            192,
            169,
            545,
            227,
            4
          ],
          [
            0,
            0,
            0,
            0,
            0,
            0
          ],
          [
            73,
            2080,
            10,
            0,
            419,
            3140
          ]
        ],
        "six_way_labels": [
          "visual",
          "language-prior",
          "alignment",
          "mixed",
          "unclear",
          "no-failure"
        ],
        "six_way_macro_f1": 0.4288784341304623,
        "source_bit_auroc": {
          "alignment": 0.9911233441309655,
          "language": 0.8644312265737344,
          "visual": 0.9257389628912448
        },
        "source_bit_hamming_loss": 0.11137584474094611,
        "source_bit_macro_f1": 0.8059524233222435,
        "source_bit_micro_f1": 0.8101976031695253
      },
      "vizwiz": {
        "record_count": 26963,
        "signature_mse": 0.05259899842124934,
        "six_way_balanced_accuracy": 0.5291412921294604,
        "six_way_confusion_matrix": [
          [
            1340,
            32,
            442,
            150,
            405,
            8
          ],
          [
            15,
            571,
            171,
            13,
            215,
            99
          ],
          [
            0,
            20,
            1176,
            65,
            153,
            6
          ],
          [
            1049,
            222,
            2481,
            17252,
            229,
            32
          ],
          [
            50,
            20,
            96,
            0,
            83,
            11
          ],
          [
            66,
            85,
            220,
            0,
            116,
            70
          ]
        ],
        "six_way_labels": [
          "visual",
          "language-prior",
          "alignment",
          "mixed",
          "unclear",
          "no-failure"
        ],
        "six_way_macro_f1": 0.4472164175078625,
        "source_bit_auroc": {
          "alignment": 0.9658143099371139,
          "language": 0.878983512481749,
          "visual": 0.957971498698165
        },
        "source_bit_hamming_loss": 0.1255547725895981,
        "source_bit_macro_f1": 0.8618710885375654,
        "source_bit_micro_f1": 0.9072002923976609
      },
      "vsr": {
        "record_count": 2605,
        "signature_mse": 0.07109172229527831,
        "six_way_balanced_accuracy": 0.3618477451510515,
        "six_way_confusion_matrix": [
          [
            260,
            13,
            1,
            0,
            284,
            6
          ],
          [
            3,
            413,
            97,
            3,
            183,
            93
          ],
          [
            0,
            0,
            0,
            0,
            0,
            0
          ],
          [
            157,
            67,
            67,
            199,
            127,
            0
          ],
          [
            0,
            0,
            0,
            0,
            0,
            0
          ],
          [
            22,
            126,
            10,
            0,
            384,
            90
          ]
        ],
        "six_way_labels": [
          "visual",
          "language-prior",
          "alignment",
          "mixed",
          "unclear",
          "no-failure"
        ],
        "six_way_macro_f1": 0.3012503904874724,
        "source_bit_auroc": {
          "alignment": 0.8910792217488278,
          "language": 0.8388307785435791,
          "visual": 0.8728618231704977
        },
        "source_bit_hamming_loss": 0.2070377479206654,
        "source_bit_macro_f1": 0.6759894533966504,
        "source_bit_micro_f1": 0.7054969057153259
      }
    },
    "within_model": {
      "Qwen/Qwen3-VL-8B-Instruct": {
        "record_count": 30242,
        "signature_mse": 0.050395782844614635,
        "six_way_balanced_accuracy": 0.5604612152788594,
        "six_way_confusion_matrix": [
          [
            2216,
            363,
            286,
            95,
            893,
            369
          ],
          [
            41,
            5912,
            131,
            8,
            1162,
            1237
          ],
          [
            7,
            20,
            1291,
            24,
            326,
            6
          ],
          [
            1347,
            425,
            2565,
            5897,
            598,
            32
          ],
          [
            62,
            78,
            105,
            0,
            162,
            26
          ],
          [
            133,
            1437,
            182,
            0,
            739,
            2067
          ]
        ],
        "six_way_labels": [
          "visual",
          "language-prior",
          "alignment",
          "mixed",
          "unclear",
          "no-failure"
        ],
        "six_way_macro_f1": 0.49083855988396285,
        "source_bit_auroc": {
          "alignment": 0.9800756987731855,
          "language": 0.8930626623823603,
          "visual": 0.9405062619620015
        },
        "source_bit_hamming_loss": 0.13860414875559376,
        "source_bit_macro_f1": 0.8411832045576472,
        "source_bit_micro_f1": 0.8382449415366409
      },
      "google/gemma-4-E4B-it": {
        "record_count": 30241,
        "signature_mse": 0.05711903838628513,
        "six_way_balanced_accuracy": 0.6797577729116607,
        "six_way_confusion_matrix": [
          [
            1932,
            315,
            176,
            63,
            1031,
            316
          ],
          [
            29,
            6227,
            271,
            13,
            1188,
            633
          ],
          [
            7,
            0,
            138,
            44,
            25,
            0
          ],
          [
            421,
            345,
            690,
            12736,
            596,
            4
          ],
          [
            4,
            6,
            1,
            0,
            75,
            0
          ],
          [
            33,
            1016,
            97,
            0,
            474,
            1335
          ]
        ],
        "six_way_labels": [
          "visual",
          "language-prior",
          "alignment",
          "mixed",
          "unclear",
          "no-failure"
        ],
        "six_way_macro_f1": 0.5050723581758112,
        "source_bit_auroc": {
          "alignment": 0.9910754920648571,
          "language": 0.8651281200973714,
          "visual": 0.9728947452481386
        },
        "source_bit_hamming_loss": 0.12957023026134498,
        "source_bit_macro_f1": 0.8818612514172991,
        "source_bit_micro_f1": 0.8788955854324422
      }
    }
  },
  "train_rows": 436429,
  "validation_rows": 60483
}
	Command being timed: "timeout --signal=TERM --kill-after=5m 2700s env CUDA_VISIBLE_DEVICES=1 python scripts/train_diag.py --config outputs/week8_data/ablation_configs/no_answer_flip_diag.yaml --manifest_path outputs/week8_ablations/no_answer_flip/vectorized/vectorized_manifest.json --encoder deep_sets --seed 42 --device cuda:0 --output_dir outputs/week8_ablations/no_answer_flip/diagnostic_checkpoints --resume"
	User time (seconds): 8.38
	System time (seconds): 5.61
	Percent of CPU this job got: 618%
	Elapsed (wall clock) time (h:mm:ss or m:ss): 0:02.26
	Average shared text size (kbytes): 0
	Average unshared data size (kbytes): 0
	Average stack size (kbytes): 0
	Average total size (kbytes): 0
	Maximum resident set size (kbytes): 528460
	Average resident set size (kbytes): 0
	Major (requiring I/O) page faults: 0
	Minor (reclaiming a frame) page faults: 86926
	Voluntary context switches: 279
	Involuntary context switches: 75699
	Swaps: 0
	File system inputs: 0
	File system outputs: 0
	Socket messages sent: 0
	Socket messages received: 0
	Signals delivered: 0
	Page size (bytes): 4096
	Exit status: 0
no_answer_flip diagnostic training exit code: 0
===== no_answer_flip diagnostic freeze =====
Timeout 600s; worker ceiling remaining 8268s
{
  "artifacts": {
    "diagnostic_checkpoint": {
      "path": "outputs/week8_ablations/no_answer_flip/diagnostic_checkpoints/diag_deep_sets_standard_seed42.best.pt",
      "sha256": "af6fd7439470582cfa191f5e6ccc4448620945bcd5127f207544b54a05c5d415"
    },
    "diagnostic_config": {
      "path": "outputs/week8_data/ablation_configs/no_answer_flip_diag.yaml",
      "sha256": "fbdbea18d6f76e344772a5d68ba6d67dca78397a1eec7b153ad2b9c1783357d5"
    },
    "policy_config": {
      "path": "outputs/week8_data/ablation_configs/no_answer_flip_policy.yaml",
      "sha256": "0bbb0d0629d34962ccc8450e8797674af2950efb8add1211aef133b2975cb9cb"
    },
    "selection_report": {
      "path": "outputs/week8_ablations/no_answer_flip/freeze/predeclared_selection.json",
      "sha256": "3e07877097df1d59a7927448874ebadb0b6be8a71e07c4c3ce195f081b60e054"
    },
    "vector_manifest": {
      "path": "outputs/week8_ablations/no_answer_flip/vectorized/vectorized_manifest.json",
      "sha256": "11f806e532c333d081a085b5158c6f143bd353fd5fac88da9ac3be404628e26c"
    },
    "week8_config": {
      "path": "configs/experiments/week8_evaluation.yaml",
      "sha256": "59748c18da7375db6140f05d6c5ec2670c6ce19eeb25b5931e94868ffe7d9cf6"
    }
  },
  "format_version": "proactive_stack_freeze_v1",
  "freeze_sha256": "4117e11862d8d3cb9ab7d778b575a02f9c4e2f5f6f6c8e35743937682373678e",
  "owner_approved": true,
  "status": "FROZEN"
}

	Command being timed: "timeout --signal=TERM --kill-after=5m 600s python scripts/freeze_week8_diagnostic.py --week8_config configs/experiments/week8_evaluation.yaml --ablation_id no_answer_flip --diag_config outputs/week8_data/ablation_configs/no_answer_flip_diag.yaml --policy_config outputs/week8_data/ablation_configs/no_answer_flip_policy.yaml --vector_manifest outputs/week8_ablations/no_answer_flip/vectorized/vectorized_manifest.json --diagnostic_checkpoint outputs/week8_ablations/no_answer_flip/diagnostic_checkpoints/diag_deep_sets_standard_seed42.best.pt --output_dir outputs/week8_ablations/no_answer_flip/freeze --approve_freeze --overwrite"
	User time (seconds): 1.75
	System time (seconds): 5.41
	Percent of CPU this job got: 537%
	Elapsed (wall clock) time (h:mm:ss or m:ss): 0:01.33
	Average shared text size (kbytes): 0
	Average unshared data size (kbytes): 0
	Average stack size (kbytes): 0
	Average total size (kbytes): 0
	Maximum resident set size (kbytes): 429732
	Average resident set size (kbytes): 0
	Major (requiring I/O) page faults: 0
	Minor (reclaiming a frame) page faults: 62230
	Voluntary context switches: 174
	Involuntary context switches: 115577
	Swaps: 0
	File system inputs: 0
	File system outputs: 16
	Socket messages sent: 0
	Socket messages received: 0
	Signals delivered: 0
	Page size (bytes): 4096
	Exit status: 0
no_answer_flip diagnostic freeze exit code: 0
===== no_answer_flip temporary validation APS =====
Timeout 900s; worker ceiling remaining 8266s
{
  "budgets": [
    1,
    2,
    3,
    4,
    7
  ],
  "calibration_split_used": false,
  "checkpoint_path": "outputs/week8_ablations/no_answer_flip/diagnostic_checkpoints/diag_deep_sets_standard_seed42.best.pt",
  "checkpoint_sha256": "af6fd7439470582cfa191f5e6ccc4448620945bcd5127f207544b54a05c5d415",
  "config_sha256": "fbdbea18d6f76e344772a5d68ba6d67dca78397a1eec7b153ad2b9c1783357d5",
  "coverages": [
    0.9,
    0.95
  ],
  "fit_split": "val",
  "format_version": "temporary_validation_aps_v1",
  "limit": null,
  "report_sha256": "778fbd19028798825eba3a175924f12d6fd0ec48cb05df1fbeb5ff14f1b9fb41",
  "source_manifest_sha256": "11f806e532c333d081a085b5158c6f143bd353fd5fac88da9ac3be404628e26c",
  "status": "TEMPORARY_NOT_FINAL_CALIBRATION",
  "test_split_used": false,
  "thresholds": {
    "1": {
      "0.9": {
        "alpha": 0.09999999999999998,
        "calibration_count": 9844,
        "target_coverage": 0.9,
        "threshold": 0.9998605251312256,
        "validation_metrics": {
          "average_set_size": 3.4628199918732223,
          "coverage": 0.900142218610321,
          "empty_set_rate": 0.0514018691588785,
          "singleton_rate": 0.23659081674116214
        }
      },
      "0.95": {
        "alpha": 0.050000000000000044,
        "calibration_count": 9844,
        "target_coverage": 0.95,
        "threshold": 0.9999678134918213,
        "validation_metrics": {
          "average_set_size": 3.65826899634295,
          "coverage": 0.9502234863876473,
          "empty_set_rate": 0.01107273466070703,
          "singleton_rate": 0.21099146688338075
        }
      }
    },
    "2": {
      "0.9": {
        "alpha": 0.09999999999999998,
        "calibration_count": 17531,
        "target_coverage": 0.9,
        "threshold": 0.999921441078186,
        "validation_metrics": {
          "average_set_size": 3.2073469853402545,
          "coverage": 0.9000627459928128,
          "empty_set_rate": 0.05384747019565341,
          "singleton_rate": 0.2900005704181165
        }
      },
      "0.95": {
        "alpha": 0.050000000000000044,
        "calibration_count": 17531,
        "target_coverage": 0.95,
        "threshold": 0.9999827146530151,
        "validation_metrics": {
          "average_set_size": 3.4436141691860134,
          "coverage": 0.9502024984313502,
          "empty_set_rate": 0.015173121898351492,
          "singleton_rate": 0.2298785009411899
        }
      }
    },
    "3": {
      "0.9": {
        "alpha": 0.09999999999999998,
        "calibration_count": 25419,
        "target_coverage": 0.9,
        "threshold": 0.9999438524246216,
        "validation_metrics": {
          "average_set_size": 3.017270545654825,
          "coverage": 0.9001140878870136,
          "empty_set_rate": 0.05783075652071285,
          "singleton_rate": 0.3237342145639089
        }
      },
      "0.95": {
        "alpha": 0.050000000000000044,
        "calibration_count": 25419,
        "target_coverage": 0.95,
        "threshold": 0.9999915957450867,
        "validation_metrics": {
          "average_set_size": 3.378850466186711,
          "coverage": 0.9500373736181597,
          "empty_set_rate": 0.02293559935481333,
          "singleton_rate": 0.17793776309060153
        }
      }
    },
    "4": {
      "0.9": {
        "alpha": 0.09999999999999998,
        "calibration_count": 33108,
        "target_coverage": 0.9,
        "threshold": 0.9999537467956543,
        "validation_metrics": {
          "average_set_size": 2.861544037694817,
          "coverage": 0.9000543675244654,
          "empty_set_rate": 0.06228101969312553,
          "singleton_rate": 0.34900930288751963
        }
      },
      "0.95": {
        "alpha": 0.050000000000000044,
        "calibration_count": 33108,
        "target_coverage": 0.95,
        "threshold": 0.9999958276748657,
        "validation_metrics": {
          "average_set_size": 3.360064032862148,
          "coverage": 0.9502235109339132,
          "empty_set_rate": 0.028573154524586204,
          "singleton_rate": 0.1574543916878096
        }
      }
    },
    "7": {
      "0.9": {
        "alpha": 0.09999999999999998,
        "calibration_count": 37368,
        "target_coverage": 0.9,
        "threshold": 0.9999594688415527,
        "validation_metrics": {
          "average_set_size": 2.7753157782059517,
          "coverage": 0.9001016912866624,
          "empty_set_rate": 0.06473453222008135,
          "singleton_rate": 0.348399700278313
        }
      },
      "0.95": {
        "alpha": 0.050000000000000044,
        "calibration_count": 37368,
        "target_coverage": 0.95,
        "threshold": 0.9999975040555,
        "validation_metrics": {
          "average_set_size": 3.3839648897452363,
          "coverage": 0.9500374652108756,
          "empty_set_rate": 0.03168486405480625,
          "singleton_rate": 0.14889745236566046
        }
      }
    }
  }
}
	Command being timed: "timeout --signal=TERM --kill-after=5m 900s env CUDA_VISIBLE_DEVICES=1 python scripts/fit_temporary_aps.py --config outputs/week8_data/ablation_configs/no_answer_flip_diag.yaml --manifest_path outputs/week8_ablations/no_answer_flip/vectorized/vectorized_manifest.json --checkpoint outputs/week8_ablations/no_answer_flip/diagnostic_checkpoints/diag_deep_sets_standard_seed42.best.pt --output_dir outputs/week8_ablations/no_answer_flip/temporary_aps --seed 42 --device cuda:0 --resume"
	User time (seconds): 8.34
	System time (seconds): 5.59
	Percent of CPU this job got: 624%
	Elapsed (wall clock) time (h:mm:ss or m:ss): 0:02.23
	Average shared text size (kbytes): 0
	Average unshared data size (kbytes): 0
	Average stack size (kbytes): 0
	Average total size (kbytes): 0
	Maximum resident set size (kbytes): 528572
	Average resident set size (kbytes): 0
	Major (requiring I/O) page faults: 0
	Minor (reclaiming a frame) page faults: 86632
	Voluntary context switches: 244
	Involuntary context switches: 97131
	Swaps: 0
	File system inputs: 0
	File system outputs: 0
	Socket messages sent: 0
	Socket messages received: 0
	Signals delivered: 0
	Page size (bytes): 4096
	Exit status: 0
no_answer_flip temporary validation APS exit code: 0
===== no_answer_flip VOI targets =====
Timeout 2700s; worker ceiling remaining 8264s
2026-09-12 20:32:50,021 INFO [build_voi_targets] Validated complete VOI output; skipping
	Command being timed: "timeout --signal=TERM --kill-after=5m 2700s env CUDA_VISIBLE_DEVICES=1 python scripts/build_voi_targets.py --config outputs/week8_data/ablation_configs/no_answer_flip_policy.yaml --manifest_path outputs/week8_ablations/no_answer_flip/vectorized/vectorized_manifest.json --state_manifest outputs/week4_reports/final/state_manifest.json --checkpoint outputs/week8_ablations/no_answer_flip/diagnostic_checkpoints/diag_deep_sets_standard_seed42.best.pt --freeze_manifest outputs/week8_ablations/no_answer_flip/freeze/week8_diagnostic_freeze.json --temporary_aps outputs/week8_ablations/no_answer_flip/temporary_aps/temporary_aps_deep_sets_standard_seed42.json --teacher_path outputs/teacher_core_contract_v1_recovered --output_dir outputs/week8_ablations/no_answer_flip/voi --seed 42 --inference_batch_size 512 --device cuda:0 --resume"
	User time (seconds): 9.21
	System time (seconds): 6.05
	Percent of CPU this job got: 142%
	Elapsed (wall clock) time (h:mm:ss or m:ss): 0:10.74
	Average shared text size (kbytes): 0
	Average unshared data size (kbytes): 0
	Average stack size (kbytes): 0
	Average total size (kbytes): 0
	Maximum resident set size (kbytes): 430500
	Average resident set size (kbytes): 0
	Major (requiring I/O) page faults: 0
	Minor (reclaiming a frame) page faults: 60787
	Voluntary context switches: 1809
	Involuntary context switches: 69867
	Swaps: 0
	File system inputs: 304088
	File system outputs: 0
	Socket messages sent: 0
	Socket messages received: 0
	Signals delivered: 0
	Page size (bytes): 4096
	Exit status: 0
no_answer_flip VOI targets exit code: 0
===== no_answer_flip policy training =====
Timeout 2700s; worker ceiling remaining 8253s
2026-09-12 20:35:24,636 INFO [train_policy] epoch=23 val_loss=0.596401 oracle_agreement=0.8063
2026-09-12 20:36:26,285 INFO [train_policy] epoch=24 val_loss=0.596495 oracle_agreement=0.8082
2026-09-12 20:37:33,223 INFO [train_policy] epoch=25 val_loss=0.597105 oracle_agreement=0.8078
{
  "encoder": "deep_sets",
  "gru_condition": "standard",
  "cost_multiplier": 0.0,
  "target_kind": "voi",
  "limit": null,
  "seed": 42,
  "pilot": false,
  "config_approval": "APPROVED",
  "output": "outputs/week8_ablations/no_answer_flip/policy_checkpoints/policy_deep_sets_standard_lambda0_seed42.best.pt"
}
{
  "format_version": "week6_policy_validation_v1",
  "is_valid": true,
  "fit_split": "train",
  "selection_split": "val",
  "calibration_used": false,
  "test_used": false,
  "encoder_name": "deep_sets",
  "gru_condition": "standard",
  "seed": 42,
  "cost_multiplier": 0.0,
  "target_kind": "voi",
  "train_rows": 436429,
  "validation_rows": 60483,
  "best_epoch": 20,
  "metrics": {
    "total": 0.5963546098635598,
    "ranking": 0.0771174495509284,
    "mse": 0.7774158126235732,
    "action_ce": 0.6497664183785714,
    "best_action_accuracy": 0.8086073772795661,
    "stop_prediction_rate": 0.40902402327926857,
    "row_count": 60483
  },
  "checkpoint_path": "outputs/week8_ablations/no_answer_flip/policy_checkpoints/policy_deep_sets_standard_lambda0_seed42.best.pt",
  "checkpoint_sha256": "36dbd8c8aef518f176824804b49ce6b2ddcb7f0ab50dd1055fb106a5ef282ea3",
  "config_sha256": "0bbb0d0629d34962ccc8450e8797674af2950efb8add1211aef133b2975cb9cb",
  "source_manifest_sha256": "ea48c06bdcc03a83985e9498b13534b814fc8dc1c1fd08d66db76a2d57c780cf",
  "diagnostic_checkpoint_sha256": "af6fd7439470582cfa191f5e6ccc4448620945bcd5127f207544b54a05c5d415",
  "vector_manifest_sha256": "11f806e532c333d081a085b5158c6f143bd353fd5fac88da9ac3be404628e26c",
  "week5_freeze_sha256": "7433712588c6e0124fe318f41f5b21a766a9b9b50d0bc433646a0d329241a4f6",
  "limit": null,
  "report_sha256": "be9b0f2a12d4b010ca5ce5bb1ecd7f68a7a4554c08b3e25976f733d3c1c0b5a4"
}
	Command being timed: "timeout --signal=TERM --kill-after=5m 2700s env CUDA_VISIBLE_DEVICES=1 python scripts/train_policy.py --config outputs/week8_data/ablation_configs/no_answer_flip_policy.yaml --manifest_path outputs/week8_ablations/no_answer_flip/vectorized/vectorized_manifest.json --voi_manifest outputs/week8_ablations/no_answer_flip/voi/voi_manifest.json --diagnostic_checkpoint outputs/week8_ablations/no_answer_flip/diagnostic_checkpoints/diag_deep_sets_standard_seed42.best.pt --freeze_manifest outputs/week8_ablations/no_answer_flip/freeze/week8_diagnostic_freeze.json --cost_multiplier 0.0 --target_kind voi --seed 42 --device cuda:0 --output_dir outputs/week8_ablations/no_answer_flip/policy_checkpoints --resume"
	User time (seconds): 290.08
	System time (seconds): 9.75
	Percent of CPU this job got: 102%
	Elapsed (wall clock) time (h:mm:ss or m:ss): 4:51.38
	Average shared text size (kbytes): 0
	Average unshared data size (kbytes): 0
	Average stack size (kbytes): 0
	Average total size (kbytes): 0
	Maximum resident set size (kbytes): 6057136
	Average resident set size (kbytes): 0
	Major (requiring I/O) page faults: 0
	Minor (reclaiming a frame) page faults: 1476809
	Voluntary context switches: 8186
	Involuntary context switches: 98898
	Swaps: 0
	File system inputs: 0
	File system outputs: 2832
	Socket messages sent: 0
	Socket messages received: 0
	Signals delivered: 0
	Page size (bytes): 4096
	Exit status: 0
no_answer_flip policy training exit code: 0
===== no_answer_flip stack freeze =====
Timeout 600s; worker ceiling remaining 7962s
{
  "artifacts": {
    "diagnostic_checkpoint": {
      "path": "outputs/week8_ablations/no_answer_flip/diagnostic_checkpoints/diag_deep_sets_standard_seed42.best.pt",
      "sha256": "af6fd7439470582cfa191f5e6ccc4448620945bcd5127f207544b54a05c5d415"
    },
    "diagnostic_config": {
      "path": "outputs/week8_data/ablation_configs/no_answer_flip_diag.yaml",
      "sha256": "fbdbea18d6f76e344772a5d68ba6d67dca78397a1eec7b153ad2b9c1783357d5"
    },
    "policy_checkpoint": {
      "path": "outputs/week8_ablations/no_answer_flip/policy_checkpoints/policy_deep_sets_standard_lambda0_seed42.best.pt",
      "sha256": "36dbd8c8aef518f176824804b49ce6b2ddcb7f0ab50dd1055fb106a5ef282ea3"
    },
    "policy_config": {
      "path": "outputs/week8_data/ablation_configs/no_answer_flip_policy.yaml",
      "sha256": "0bbb0d0629d34962ccc8450e8797674af2950efb8add1211aef133b2975cb9cb"
    },
    "selection_report": {
      "path": "outputs/week8_ablations/no_answer_flip/freeze/predeclared_stack_selection.json",
      "sha256": "91cb84dc7701fd336a0bc9678583c603ed483d209e6a13eb5688a8f203cc0cad"
    },
    "vector_manifest": {
      "path": "outputs/week8_ablations/no_answer_flip/vectorized/vectorized_manifest.json",
      "sha256": "11f806e532c333d081a085b5158c6f143bd353fd5fac88da9ac3be404628e26c"
    },
    "week8_config": {
      "path": "configs/experiments/week8_evaluation.yaml",
      "sha256": "59748c18da7375db6140f05d6c5ec2670c6ce19eeb25b5931e94868ffe7d9cf6"
    }
  },
  "format_version": "proactive_stack_freeze_v1",
  "freeze_sha256": "b9b89cf898913f4aebfbacf917b593042372184be082c0bbc1cf763882a91cd0",
  "owner_approved": true,
  "status": "FROZEN"
}

	Command being timed: "timeout --signal=TERM --kill-after=5m 600s python scripts/freeze_week8_ablation_stack.py --week8_config configs/experiments/week8_evaluation.yaml --ablation_id no_answer_flip --diag_config outputs/week8_data/ablation_configs/no_answer_flip_diag.yaml --policy_config outputs/week8_data/ablation_configs/no_answer_flip_policy.yaml --vector_manifest outputs/week8_ablations/no_answer_flip/vectorized/vectorized_manifest.json --diagnostic_checkpoint outputs/week8_ablations/no_answer_flip/diagnostic_checkpoints/diag_deep_sets_standard_seed42.best.pt --policy_checkpoint outputs/week8_ablations/no_answer_flip/policy_checkpoints/policy_deep_sets_standard_lambda0_seed42.best.pt --output_dir outputs/week8_ablations/no_answer_flip/freeze --approve_freeze --overwrite"
	User time (seconds): 1.83
	System time (seconds): 5.38
	Percent of CPU this job got: 530%
	Elapsed (wall clock) time (h:mm:ss or m:ss): 0:01.35
	Average shared text size (kbytes): 0
	Average unshared data size (kbytes): 0
	Average stack size (kbytes): 0
	Average total size (kbytes): 0
	Maximum resident set size (kbytes): 429504
	Average resident set size (kbytes): 0
	Major (requiring I/O) page faults: 0
	Minor (reclaiming a frame) page faults: 62333
	Voluntary context switches: 186
	Involuntary context switches: 96358
	Swaps: 0
	File system inputs: 0
	File system outputs: 16
	Socket messages sent: 0
	Socket messages received: 0
	Signals delivered: 0
	Page size (bytes): 4096
	Exit status: 0
no_answer_flip stack freeze exit code: 0
===== no_answer_flip validation frontier =====
Timeout 1200s; worker ceiling remaining 7961s
{
  "format_version": "week8_ablation_frontier_v1",
  "status": "COMPLETE",
  "ablation_id": "no_answer_flip",
  "evaluation_split": "val",
  "calibration_used": false,
  "test_used": false,
  "heldout_shift_used": false,
  "post_test_tuning_used": false,
  "seed": 42,
  "week8_config_sha256": "59748c18da7375db6140f05d6c5ec2670c6ce19eeb25b5931e94868ffe7d9cf6",
  "manifest_sha256": "11f806e532c333d081a085b5158c6f143bd353fd5fac88da9ac3be404628e26c",
  "diagnostic_checkpoint_sha256": "af6fd7439470582cfa191f5e6ccc4448620945bcd5127f207544b54a05c5d415",
  "policy_checkpoint_sha256": "36dbd8c8aef518f176824804b49ce6b2ddcb7f0ab50dd1055fb106a5ef282ea3",
  "aps_sha256": "4153b05cce4e3b7e7715d4e1e56cf1a819788dacfb00fee7e902c02ee3d8ecc1",
  "freeze_manifest_sha256": "e510274d946031ca358a14e477f0981cd0a4fc6bec04627b3e52fce378732905",
  "budgets": [
    1,
    2,
    3,
    4,
    7
  ],
  "coverages": [
    0.9,
    0.95
  ],
  "base_model_instances": 1404,
  "teacher_files": [
    {
      "path": "outputs/teacher_core_contract_v1_recovered/teacher_gemma4_e4b_all_all_shard00-of-04.jsonl",
      "sha256": "46593391081546c310991894934b1436ecfcf1f07956104d59e9e8f4495e1948",
      "selected_rows": 175
    },
    {
      "path": "outputs/teacher_core_contract_v1_recovered/teacher_gemma4_e4b_all_all_shard01-of-04.jsonl",
      "sha256": "3c7d3ca72753bd49d8f344dd9e468877e75567132de20a81ce20467d52e096a9",
      "selected_rows": 180
    },
    {
      "path": "outputs/teacher_core_contract_v1_recovered/teacher_gemma4_e4b_all_all_shard02-of-04.jsonl",
      "sha256": "bff419cdd17e66ccd9eea1a83e248d5f58e16143d662ebd3ba33625b953018ec",
      "selected_rows": 163
    },
    {
      "path": "outputs/teacher_core_contract_v1_recovered/teacher_gemma4_e4b_all_all_shard03-of-04.jsonl",
      "sha256": "9538751d71a3f8a133be26c2de6d4a4b505b3c780a20ee10a15cd24cd0d8a84e",
      "selected_rows": 184
    },
    {
      "path": "outputs/teacher_core_contract_v1_recovered/teacher_qwen3_vl_8b_all_all_shard00-of-04.jsonl",
      "sha256": "53cc79788e76a9ddcf8df20812e5ca0ca7aa918dad85d249107f3b46003c5be4",
      "selected_rows": 162
    },
    {
      "path": "outputs/teacher_core_contract_v1_recovered/teacher_qwen3_vl_8b_all_all_shard01-of-04.jsonl",
      "sha256": "5bcb3927cfca370cce87c95df969dde3f24c26cd901c9733b63bb17180717c65",
      "selected_rows": 179
    },
    {
      "path": "outputs/teacher_core_contract_v1_recovered/teacher_qwen3_vl_8b_all_all_shard02-of-04.jsonl",
      "sha256": "0ae1afb49f1cf578282a62fafea38ffad93bc7d3220929469d31150e2f9c8711",
      "selected_rows": 174
    },
    {
      "path": "outputs/teacher_core_contract_v1_recovered/teacher_qwen3_vl_8b_all_all_shard03-of-04.jsonl",
      "sha256": "4dc9b657f4ea35d7e74e352157f25aee5bd1b2c9c99e13d33755f8f65d55031f",
      "selected_rows": 187
    }
  ],
  "global_aps_fit_split": "val",
  "global_aps_evaluation_split": "val",
  "global_aps_thresholds": {
    "0.9": 0.9999809265136719,
    "0.95": 0.9999977350234985
  },
  "summaries": {
    "proactive|1|0.9": {
      "row_count": 1404,
      "mean_acquisition_cost": 1.0,
      "diagnostic": {
        "record_count": 1404,
        "source_bit_micro_f1": 0.8985879332477535,
        "source_bit_macro_f1": 0.9006121019151592,
        "source_bit_hamming_loss": 0.09377967711301044,
        "source_bit_auroc": {
          "visual": 0.9418643256510272,
          "language": 0.9865418218041675,
          "alignment": 0.9812175250446855
        },
        "six_way_macro_f1": 0.5617759792750561,
        "six_way_balanced_accuracy": 0.6893036524954809,
        "six_way_confusion_matrix": [
          [
            69,
            0,
            8,
            2,
            62,
            46
          ],
          [
            1,
            384,
            2,
            2,
            3,
            0
          ],
          [
            2,
            0,
            31,
            1,
            10,
            0
          ],
          [
            42,
            65,
            83,
            398,
            7,
            0
          ],
          [
            1,
            0,
            2,
            0,
            8,
            1
          ],
          [
            14,
            0,
            3,
            0,
            27,
            130
          ]
        ],
        "six_way_labels": [
          "visual",
          "language-prior",
          "alignment",
          "mixed",
          "unclear",
          "no-failure"
        ],
        "signature_mse": 0.023129596502383293
      },
      "prediction_sets": {
        "coverage": 0.8675213675213675,
        "average_set_size": 2.3162393162393164,
        "singleton_rate": 0.4465811965811966,
        "empty_set_rate": 0.07692307692307693
      },
      "action_counts": {
        "blank": 1040,
        "stop": 1404,
        "blur": 237,
        "grounding": 87,
        "brightness": 26,
        "crop": 13,
        "noise": 1
      }
    },
    "proactive|1|0.95": {
      "row_count": 1404,
      "mean_acquisition_cost": 1.0,
      "diagnostic": {
        "record_count": 1404,
        "source_bit_micro_f1": 0.8985879332477535,
        "source_bit_macro_f1": 0.9006121019151592,
        "source_bit_hamming_loss": 0.09377967711301044,
        "source_bit_auroc": {
          "visual": 0.9418643256510272,
          "language": 0.9865418218041675,
          "alignment": 0.9812175250446855
        },
        "six_way_macro_f1": 0.5617759792750561,
        "six_way_balanced_accuracy": 0.6893036524954809,
        "six_way_confusion_matrix": [
          [
            69,
            0,
            8,
            2,
            62,
            46
          ],
          [
            1,
            384,
            2,
            2,
            3,
            0
          ],
          [
            2,
            0,
            31,
            1,
            10,
            0
          ],
          [
            42,
            65,
            83,
            398,
            7,
            0
          ],
          [
            1,
            0,
            2,
            0,
            8,
            1
          ],
          [
            14,
            0,
            3,
            0,
            27,
            130
          ]
        ],
        "six_way_labels": [
          "visual",
          "language-prior",
          "alignment",
          "mixed",
          "unclear",
          "no-failure"
        ],
        "signature_mse": 0.023129596502383293
      },
      "prediction_sets": {
        "coverage": 0.9508547008547008,
        "average_set_size": 2.633903133903134,
        "singleton_rate": 0.39672364672364674,
        "empty_set_rate": 0.022792022792022793
      },
      "action_counts": {
        "blank": 1040,
        "stop": 1404,
        "blur": 237,
        "grounding": 87,
        "brightness": 26,
        "crop": 13,
        "noise": 1
      }
    },
    "proactive|2|0.9": {
      "row_count": 1404,
      "mean_acquisition_cost": 1.9957264957264957,
      "diagnostic": {
        "record_count": 1404,
        "source_bit_micro_f1": 0.9496402877697842,
        "source_bit_macro_f1": 0.9516946635926952,
        "source_bit_hamming_loss": 0.04653371320037987,
        "source_bit_auroc": {
          "visual": 0.9688566161868195,
          "language": 0.9972769286040891,
          "alignment": 0.99701957850106
        },
        "six_way_macro_f1": 0.6975916746394025,
        "six_way_balanced_accuracy": 0.8120572994087917,
        "six_way_confusion_matrix": [
          [
            143,
            0,
            0,
            2,
            33,
            9
          ],
          [
            0,
            388,
            0,
            0,
            4,
            0
          ],
          [
            0,
            0,
            40,
            1,
            3,
            0
          ],
          [
            24,
            39,
            53,
            473,
            6,
            0
          ],
          [
            2,
            0,
            1,
            0,
            8,
            1
          ],
          [
            2,
            0,
            0,
            0,
            42,
            130
          ]
        ],
        "six_way_labels": [
          "visual",
          "language-prior",
          "alignment",
          "mixed",
          "unclear",
          "no-failure"
        ],
        "signature_mse": 0.01121635508110137
      },
      "prediction_sets": {
        "coverage": 0.8504273504273504,
        "average_set_size": 1.8034188034188035,
        "singleton_rate": 0.5641025641025641,
        "empty_set_rate": 0.10612535612535613
      },
      "action_counts": {
        "blank": 1171,
        "grounding": 704,
        "stop": 1404,
        "blur": 693,
        "brightness": 38,
        "crop": 152,
        "noise": 43,
        "relation": 1
      }
    },
    "proactive|2|0.95": {
      "row_count": 1404,
      "mean_acquisition_cost": 1.9957264957264957,
      "diagnostic": {
        "record_count": 1404,
        "source_bit_micro_f1": 0.9496402877697842,
        "source_bit_macro_f1": 0.9516946635926952,
        "source_bit_hamming_loss": 0.04653371320037987,
        "source_bit_auroc": {
          "visual": 0.9688566161868195,
          "language": 0.9972769286040891,
          "alignment": 0.99701957850106
        },
        "six_way_macro_f1": 0.6975916746394025,
        "six_way_balanced_accuracy": 0.8120572994087917,
        "six_way_confusion_matrix": [
          [
            143,
            0,
            0,
            2,
            33,
            9
          ],
          [
            0,
            388,
            0,
            0,
            4,
            0
          ],
          [
            0,
            0,
            40,
            1,
            3,
            0
          ],
          [
            24,
            39,
            53,
            473,
            6,
            0
          ],
          [
            2,
            0,
            1,
            0,
            8,
            1
          ],
          [
            2,
            0,
            0,
            0,
            42,
            130
          ]
        ],
        "six_way_labels": [
          "visual",
          "language-prior",
          "alignment",
          "mixed",
          "unclear",
          "no-failure"
        ],
        "signature_mse": 0.01121635508110137
      },
      "prediction_sets": {
        "coverage": 0.8938746438746439,
        "average_set_size": 2.1374643874643873,
        "singleton_rate": 0.39886039886039887,
        "empty_set_rate": 0.08333333333333333
      },
      "action_counts": {
        "blank": 1171,
        "grounding": 704,
        "stop": 1404,
        "blur": 693,
        "brightness": 38,
        "crop": 152,
        "noise": 43,
        "relation": 1
      }
    },
    "proactive|3|0.9": {
      "row_count": 1404,
      "mean_acquisition_cost": 2.8803418803418803,
      "diagnostic": {
        "record_count": 1404,
        "source_bit_micro_f1": 0.9710923509849066,
        "source_bit_macro_f1": 0.9729662514456477,
        "source_bit_hamming_loss": 0.026828110161443496,
        "source_bit_auroc": {
          "visual": 0.9781059363892821,
          "language": 0.9996488993402574,
          "alignment": 0.9997776115060066
        },
        "six_way_macro_f1": 0.7558700462379621,
        "six_way_balanced_accuracy": 0.8548252007176956,
        "six_way_confusion_matrix": [
          [
            156,
            0,
            0,
            1,
            20,
            10
          ],
          [
            0,
            392,
            0,
            0,
            0,
            0
          ],
          [
            0,
            0,
            43,
            1,
            0,
            0
          ],
          [
            5,
            32,
            34,
            524,
            0,
            0
          ],
          [
            0,
            0,
            0,
            0,
            8,
            4
          ],
          [
            1,
            0,
            0,
            0,
            39,
            134
          ]
        ],
        "six_way_labels": [
          "visual",
          "language-prior",
          "alignment",
          "mixed",
          "unclear",
          "no-failure"
        ],
        "signature_mse": 0.006367455149826467
      },
      "prediction_sets": {
        "coverage": 0.8618233618233618,
        "average_set_size": 1.6958689458689458,
        "singleton_rate": 0.5811965811965812,
        "empty_set_rate": 0.10897435897435898
      },
      "action_counts": {
        "blank": 1310,
        "grounding": 1083,
        "blur": 1271,
        "stop": 1404,
        "brightness": 112,
        "crop": 196,
        "noise": 70,
        "relation": 2
      }
    },
    "proactive|3|0.95": {
      "row_count": 1404,
      "mean_acquisition_cost": 2.8803418803418803,
      "diagnostic": {
        "record_count": 1404,
        "source_bit_micro_f1": 0.9710923509849066,
        "source_bit_macro_f1": 0.9729662514456477,
        "source_bit_hamming_loss": 0.026828110161443496,
        "source_bit_auroc": {
          "visual": 0.9781059363892821,
          "language": 0.9996488993402574,
          "alignment": 0.9997776115060066
        },
        "six_way_macro_f1": 0.7558700462379621,
        "six_way_balanced_accuracy": 0.8548252007176956,
        "six_way_confusion_matrix": [
          [
            156,
            0,
            0,
            1,
            20,
            10
          ],
          [
            0,
            392,
            0,
            0,
            0,
            0
          ],
          [
            0,
            0,
            43,
            1,
            0,
            0
          ],
          [
            5,
            32,
            34,
            524,
            0,
            0
          ],
          [
            0,
            0,
            0,
            0,
            8,
            4
          ],
          [
            1,
            0,
            0,
            0,
            39,
            134
          ]
        ],
        "six_way_labels": [
          "visual",
          "language-prior",
          "alignment",
          "mixed",
          "unclear",
          "no-failure"
        ],
        "signature_mse": 0.006367455149826467
      },
      "prediction_sets": {
        "coverage": 0.8981481481481481,
        "average_set_size": 2.3447293447293447,
        "singleton_rate": 0.12108262108262108,
        "empty_set_rate": 0.09401709401709402
      },
      "action_counts": {
        "blank": 1310,
        "grounding": 1083,
        "blur": 1271,
        "stop": 1404,
        "brightness": 112,
        "crop": 196,
        "noise": 70,
        "relation": 2
      }
    },
    "proactive|4|0.9": {
      "row_count": 1404,
      "mean_acquisition_cost": 3.5185185185185186,
      "diagnostic": {
        "record_count": 1404,
        "source_bit_micro_f1": 0.9796644636502287,
        "source_bit_macro_f1": 0.98055427865718,
        "source_bit_hamming_loss": 0.01899335232668566,
        "source_bit_auroc": {
          "visual": 0.9876037518713527,
          "language": 0.9995427526291724,
          "alignment": 0.999702789208962
        },
        "six_way_macro_f1": 0.7962233910415285,
        "six_way_balanced_accuracy": 0.8764192929000231,
        "six_way_confusion_matrix": [
          [
            173,
            0,
            0,
            1,
            10,
            3
          ],
          [
            0,
            392,
            0,
            0,
            0,
            0
          ],
          [
            0,
            0,
            43,
            1,
            0,
            0
          ],
          [
            11,
            21,
            16,
            547,
            0,
            0
          ],
          [
            1,
            0,
            0,
            0,
            8,
            3
          ],
          [
            0,
            0,
            0,
            0,
            40,
            134
          ]
        ],
        "six_way_labels": [
          "visual",
          "language-prior",
          "alignment",
          "mixed",
          "unclear",
          "no-failure"
        ],
        "signature_mse": 0.006984302430279348
      },
      "prediction_sets": {
        "coverage": 0.8547008547008547,
        "average_set_size": 1.6225071225071226,
        "singleton_rate": 0.5861823361823362,
        "empty_set_rate": 0.12321937321937322
      },
      "action_counts": {
        "blank": 1332,
        "grounding": 1145,
        "blur": 1257,
        "crop": 902,
        "stop": 1404,
        "brightness": 205,
        "noise": 94,
        "relation": 5
      }
    },
    "proactive|4|0.95": {
      "row_count": 1404,
      "mean_acquisition_cost": 3.5185185185185186,
      "diagnostic": {
        "record_count": 1404,
        "source_bit_micro_f1": 0.9796644636502287,
        "source_bit_macro_f1": 0.98055427865718,
        "source_bit_hamming_loss": 0.01899335232668566,
        "source_bit_auroc": {
          "visual": 0.9876037518713527,
          "language": 0.9995427526291724,
          "alignment": 0.999702789208962
        },
        "six_way_macro_f1": 0.7962233910415285,
        "six_way_balanced_accuracy": 0.8764192929000231,
        "six_way_confusion_matrix": [
          [
            173,
            0,
            0,
            1,
            10,
            3
          ],
          [
            0,
            392,
            0,
            0,
            0,
            0
          ],
          [
            0,
            0,
            43,
            1,
            0,
            0
          ],
          [
            11,
            21,
            16,
            547,
            0,
            0
          ],
          [
            1,
            0,
            0,
            0,
            8,
            3
          ],
          [
            0,
            0,
            0,
            0,
            40,
            134
          ]
        ],
        "six_way_labels": [
          "visual",
          "language-prior",
          "alignment",
          "mixed",
          "unclear",
          "no-failure"
        ],
        "signature_mse": 0.006984302430279348
      },
      "prediction_sets": {
        "coverage": 0.905982905982906,
        "average_set_size": 2.6452991452991452,
        "singleton_rate": 0.07977207977207977,
        "empty_set_rate": 0.09045584045584046
      },
      "action_counts": {
        "blank": 1332,
        "grounding": 1145,
        "blur": 1257,
        "crop": 902,
        "stop": 1404,
        "brightness": 205,
        "noise": 94,
        "relation": 5
      }
    },
    "proactive|7|0.9": {
      "row_count": 1404,
      "mean_acquisition_cost": 4.203703703703703,
      "diagnostic": {
        "record_count": 1404,
        "source_bit_micro_f1": 0.9926786165109821,
        "source_bit_macro_f1": 0.9931182596552309,
        "source_bit_hamming_loss": 0.006885090218423552,
        "source_bit_auroc": {
          "visual": 0.9943171981138801,
          "language": 0.9999938761512835,
          "alignment": 0.9998150226545289
        },
        "six_way_macro_f1": 0.846269046363418,
        "six_way_balanced_accuracy": 0.913429645630457,
        "six_way_confusion_matrix": [
          [
            185,
            0,
            0,
            1,
            1,
            0
          ],
          [
            0,
            392,
            0,
            0,
            0,
            0
          ],
          [
            0,
            0,
            44,
            0,
            0,
            0
          ],
          [
            4,
            17,
            3,
            571,
            0,
            0
          ],
          [
            1,
            0,
            0,
            0,
            9,
            2
          ],
          [
            0,
            0,
            0,
            0,
            38,
            136
          ]
        ],
        "six_way_labels": [
          "visual",
          "language-prior",
          "alignment",
          "mixed",
          "unclear",
          "no-failure"
        ],
        "signature_mse": 0.004239645591484031
      },
      "prediction_sets": {
        "coverage": 0.863960113960114,
        "average_set_size": 1.6168091168091168,
        "singleton_rate": 0.5719373219373219,
        "empty_set_rate": 0.12393162393162394
      },
      "action_counts": {
        "blank": 1382,
        "grounding": 1147,
        "blur": 1212,
        "crop": 1014,
        "stop": 1404,
        "brightness": 671,
        "noise": 468,
        "relation": 8
      }
    },
    "proactive|7|0.95": {
      "row_count": 1404,
      "mean_acquisition_cost": 4.203703703703703,
      "diagnostic": {
        "record_count": 1404,
        "source_bit_micro_f1": 0.9926786165109821,
        "source_bit_macro_f1": 0.9931182596552309,
        "source_bit_hamming_loss": 0.006885090218423552,
        "source_bit_auroc": {
          "visual": 0.9943171981138801,
          "language": 0.9999938761512835,
          "alignment": 0.9998150226545289
        },
        "six_way_macro_f1": 0.846269046363418,
        "six_way_balanced_accuracy": 0.913429645630457,
        "six_way_confusion_matrix": [
          [
            185,
            0,
            0,
            1,
            1,
            0
          ],
          [
            0,
            392,
            0,
            0,
            0,
            0
          ],
          [
            0,
            0,
            44,
            0,
            0,
            0
          ],
          [
            4,
            17,
            3,
            571,
            0,
            0
          ],
          [
            1,
            0,
            0,
            0,
            9,
            2
          ],
          [
            0,
            0,
            0,
            0,
            38,
            136
          ]
        ],
        "six_way_labels": [
          "visual",
          "language-prior",
          "alignment",
          "mixed",
          "unclear",
          "no-failure"
        ],
        "signature_mse": 0.004239645591484031
      },
      "prediction_sets": {
        "coverage": 0.9180911680911681,
        "average_set_size": 2.688746438746439,
        "singleton_rate": 0.09757834757834757,
        "empty_set_rate": 0.0811965811965812
      },
      "action_counts": {
        "blank": 1382,
        "grounding": 1147,
        "blur": 1212,
        "crop": 1014,
        "stop": 1404,
        "brightness": 671,
        "noise": 468,
        "relation": 8
      }
    },
    "proactive_no_stop|1|0.9": {
      "row_count": 1404,
      "mean_acquisition_cost": 1.0,
      "diagnostic": {
        "record_count": 1404,
        "source_bit_micro_f1": 0.8985879332477535,
        "source_bit_macro_f1": 0.9006121019151592,
        "source_bit_hamming_loss": 0.09377967711301044,
        "source_bit_auroc": {
          "visual": 0.9418643256510272,
          "language": 0.9865418218041675,
          "alignment": 0.9812175250446855
        },
        "six_way_macro_f1": 0.5617759792750561,
        "six_way_balanced_accuracy": 0.6893036524954809,
        "six_way_confusion_matrix": [
          [
            69,
            0,
            8,
            2,
            62,
            46
          ],
          [
            1,
            384,
            2,
            2,
            3,
            0
          ],
          [
            2,
            0,
            31,
            1,
            10,
            0
          ],
          [
            42,
            65,
            83,
            398,
            7,
            0
          ],
          [
            1,
            0,
            2,
            0,
            8,
            1
          ],
          [
            14,
            0,
            3,
            0,
            27,
            130
          ]
        ],
        "six_way_labels": [
          "visual",
          "language-prior",
          "alignment",
          "mixed",
          "unclear",
          "no-failure"
        ],
        "signature_mse": 0.023129596502383293
      },
      "prediction_sets": {
        "coverage": 0.8675213675213675,
        "average_set_size": 2.3162393162393164,
        "singleton_rate": 0.4465811965811966,
        "empty_set_rate": 0.07692307692307693
      },
      "action_counts": {
        "blank": 1040,
        "stop": 1404,
        "blur": 237,
        "grounding": 87,
        "brightness": 26,
        "crop": 13,
        "noise": 1
      }
    },
    "proactive_no_stop|1|0.95": {
      "row_count": 1404,
      "mean_acquisition_cost": 1.0,
      "diagnostic": {
        "record_count": 1404,
        "source_bit_micro_f1": 0.8985879332477535,
        "source_bit_macro_f1": 0.9006121019151592,
        "source_bit_hamming_loss": 0.09377967711301044,
        "source_bit_auroc": {
          "visual": 0.9418643256510272,
          "language": 0.9865418218041675,
          "alignment": 0.9812175250446855
        },
        "six_way_macro_f1": 0.5617759792750561,
        "six_way_balanced_accuracy": 0.6893036524954809,
        "six_way_confusion_matrix": [
          [
            69,
            0,
            8,
            2,
            62,
            46
          ],
          [
            1,
            384,
            2,
            2,
            3,
            0
          ],
          [
            2,
            0,
            31,
            1,
            10,
            0
          ],
          [
            42,
            65,
            83,
            398,
            7,
            0
          ],
          [
            1,
            0,
            2,
            0,
            8,
            1
          ],
          [
            14,
            0,
            3,
            0,
            27,
            130
          ]
        ],
        "six_way_labels": [
          "visual",
          "language-prior",
          "alignment",
          "mixed",
          "unclear",
          "no-failure"
        ],
        "signature_mse": 0.023129596502383293
      },
      "prediction_sets": {
        "coverage": 0.9508547008547008,
        "average_set_size": 2.633903133903134,
        "singleton_rate": 0.39672364672364674,
        "empty_set_rate": 0.022792022792022793
      },
      "action_counts": {
        "blank": 1040,
        "stop": 1404,
        "blur": 237,
        "grounding": 87,
        "brightness": 26,
        "crop": 13,
        "noise": 1
      }
    },
    "proactive_no_stop|2|0.9": {
      "row_count": 1404,
      "mean_acquisition_cost": 2.0,
      "diagnostic": {
        "record_count": 1404,
        "source_bit_micro_f1": 0.9501285347043702,
        "source_bit_macro_f1": 0.952241530256313,
        "source_bit_hamming_loss": 0.046058879392212725,
        "source_bit_auroc": {
          "visual": 0.9688566161868195,
          "language": 0.9973483735057809,
          "alignment": 0.9971546743151681
        },
        "six_way_macro_f1": 0.6970468484249072,
        "six_way_balanced_accuracy": 0.8117771873639738,
        "six_way_confusion_matrix": [
          [
            143,
            0,
            0,
            2,
            33,
            9
          ],
          [
            0,
            388,
            0,
            0,
            4,
            0
          ],
          [
            0,
            0,
            40,
            1,
            3,
            0
          ],
          [
            25,
            39,
            53,
            472,
            6,
            0
          ],
          [
            2,
            0,
            1,
            0,
            8,
            1
          ],
          [
            2,
            0,
            0,
            0,
            42,
            130
          ]
        ],
        "six_way_labels": [
          "visual",
          "language-prior",
          "alignment",
          "mixed",
          "unclear",
          "no-failure"
        ],
        "signature_mse": 0.011130676890970746
      },
      "prediction_sets": {
        "coverage": 0.8497150997150997,
        "average_set_size": 1.8034188034188035,
        "singleton_rate": 0.5641025641025641,
        "empty_set_rate": 0.10612535612535613
      },
      "action_counts": {
        "blank": 1171,
        "grounding": 707,
        "stop": 1404,
        "blur": 693,
        "brightness": 38,
        "crop": 155,
        "noise": 43,
        "relation": 1
      }
    },
    "proactive_no_stop|2|0.95": {
      "row_count": 1404,
      "mean_acquisition_cost": 2.0,
      "diagnostic": {
        "record_count": 1404,
        "source_bit_micro_f1": 0.9501285347043702,
        "source_bit_macro_f1": 0.952241530256313,
        "source_bit_hamming_loss": 0.046058879392212725,
        "source_bit_auroc": {
          "visual": 0.9688566161868195,
          "language": 0.9973483735057809,
          "alignment": 0.9971546743151681
        },
        "six_way_macro_f1": 0.6970468484249072,
        "six_way_balanced_accuracy": 0.8117771873639738,
        "six_way_confusion_matrix": [
          [
            143,
            0,
            0,
            2,
            33,
            9
          ],
          [
            0,
            388,
            0,
            0,
            4,
            0
          ],
          [
            0,
            0,
            40,
            1,
            3,
            0
          ],
          [
            25,
            39,
            53,
            472,
            6,
            0
          ],
          [
            2,
            0,
            1,
            0,
            8,
            1
          ],
          [
            2,
            0,
            0,
            0,
            42,
            130
          ]
        ],
        "six_way_labels": [
          "visual",
          "language-prior",
          "alignment",
          "mixed",
          "unclear",
          "no-failure"
        ],
        "signature_mse": 0.011130676890970746
      },
      "prediction_sets": {
        "coverage": 0.8910256410256411,
        "average_set_size": 2.133190883190883,
        "singleton_rate": 0.4017094017094017,
        "empty_set_rate": 0.08404558404558404
      },
      "action_counts": {
        "blank": 1171,
        "grounding": 707,
        "stop": 1404,
        "blur": 693,
        "brightness": 38,
        "crop": 155,
        "noise": 43,
        "relation": 1
      }
    },
    "proactive_no_stop|3|0.9": {
      "row_count": 1404,
      "mean_acquisition_cost": 3.0,
      "diagnostic": {
        "record_count": 1404,
        "source_bit_micro_f1": 0.9713408393039918,
        "source_bit_macro_f1": 0.9732442467747617,
        "source_bit_hamming_loss": 0.026590693257359924,
        "source_bit_auroc": {
          "visual": 0.9781059363892821,
          "language": 0.9996754360180287,
          "alignment": 0.9997838466974269
        },
        "six_way_macro_f1": 0.7558700462379621,
        "six_way_balanced_accuracy": 0.8548252007176956,
        "six_way_confusion_matrix": [
          [
            156,
            0,
            0,
            1,
            20,
            10
          ],
          [
            0,
            392,
            0,
            0,
            0,
            0
          ],
          [
            0,
            0,
            43,
            1,
            0,
            0
          ],
          [
            5,
            32,
            34,
            524,
            0,
            0
          ],
          [
            0,
            0,
            0,
            0,
            8,
            4
          ],
          [
            1,
            0,
            0,
            0,
            39,
            134
          ]
        ],
        "six_way_labels": [
          "visual",
          "language-prior",
          "alignment",
          "mixed",
          "unclear",
          "no-failure"
        ],
        "signature_mse": 0.006301698455700257
      },
      "prediction_sets": {
        "coverage": 0.8611111111111112,
        "average_set_size": 1.6987179487179487,
        "singleton_rate": 0.5769230769230769,
        "empty_set_rate": 0.10968660968660969
      },
      "action_counts": {
        "blank": 1315,
        "grounding": 1148,
        "blur": 1271,
        "stop": 1404,
        "brightness": 122,
        "crop": 230,
        "noise": 124,
        "relation": 2
      }
    },
    "proactive_no_stop|3|0.95": {
      "row_count": 1404,
      "mean_acquisition_cost": 3.0,
      "diagnostic": {
        "record_count": 1404,
        "source_bit_micro_f1": 0.9713408393039918,
        "source_bit_macro_f1": 0.9732442467747617,
        "source_bit_hamming_loss": 0.026590693257359924,
        "source_bit_auroc": {
          "visual": 0.9781059363892821,
          "language": 0.9996754360180287,
          "alignment": 0.9997838466974269
        },
        "six_way_macro_f1": 0.7558700462379621,
        "six_way_balanced_accuracy": 0.8548252007176956,
        "six_way_confusion_matrix": [
          [
            156,
            0,
            0,
            1,
            20,
            10
          ],
          [
            0,
            392,
            0,
            0,
            0,
            0
          ],
          [
            0,
            0,
            43,
            1,
            0,
            0
          ],
          [
            5,
            32,
            34,
            524,
            0,
            0
          ],
          [
            0,
            0,
            0,
            0,
            8,
            4
          ],
          [
            1,
            0,
            0,
            0,
            39,
            134
          ]
        ],
        "six_way_labels": [
          "visual",
          "language-prior",
          "alignment",
          "mixed",
          "unclear",
          "no-failure"
        ],
        "signature_mse": 0.006301698455700257
      },
      "prediction_sets": {
        "coverage": 0.8952991452991453,
        "average_set_size": 2.3212250712250713,
        "singleton_rate": 0.14316239316239315,
        "empty_set_rate": 0.09472934472934473
      },
      "action_counts": {
        "blank": 1315,
        "grounding": 1148,
        "blur": 1271,
        "stop": 1404,
        "brightness": 122,
        "crop": 230,
        "noise": 124,
        "relation": 2
      }
    },
    "proactive_no_stop|4|0.9": {
      "row_count": 1404,
      "mean_acquisition_cost": 4.0,
      "diagnostic": {
        "record_count": 1404,
        "source_bit_micro_f1": 0.985021579080985,
        "source_bit_macro_f1": 0.986087738529812,
        "source_bit_hamming_loss": 0.014007597340930674,
        "source_bit_auroc": {
          "visual": 0.9908158588872708,
          "language": 0.999944885361552,
          "alignment": 0.9998399634202104
        },
        "six_way_macro_f1": 0.8049612259045503,
        "six_way_balanced_accuracy": 0.882454434229282,
        "six_way_confusion_matrix": [
          [
            176,
            0,
            0,
            0,
            10,
            1
          ],
          [
            0,
            392,
            0,
            0,
            0,
            0
          ],
          [
            0,
            0,
            43,
            1,
            0,
            0
          ],
          [
            2,
            18,
            16,
            559,
            0,
            0
          ],
          [
            1,
            0,
            0,
            0,
            8,
            3
          ],
          [
            0,
            0,
            0,
            0,
            40,
            134
          ]
        ],
        "six_way_labels": [
          "visual",
          "language-prior",
          "alignment",
          "mixed",
          "unclear",
          "no-failure"
        ],
        "signature_mse": 0.00522987124085862
      },
      "prediction_sets": {
        "coverage": 0.8575498575498576,
        "average_set_size": 1.623931623931624,
        "singleton_rate": 0.5698005698005698,
        "empty_set_rate": 0.12962962962962962
      },
      "action_counts": {
        "blank": 1381,
        "grounding": 1296,
        "blur": 1321,
        "crop": 1043,
        "stop": 1404,
        "brightness": 287,
        "noise": 283,
        "relation": 5
      }
    },
    "proactive_no_stop|4|0.95": {
      "row_count": 1404,
      "mean_acquisition_cost": 4.0,
      "diagnostic": {
        "record_count": 1404,
        "source_bit_micro_f1": 0.985021579080985,
        "source_bit_macro_f1": 0.986087738529812,
        "source_bit_hamming_loss": 0.014007597340930674,
        "source_bit_auroc": {
          "visual": 0.9908158588872708,
          "language": 0.999944885361552,
          "alignment": 0.9998399634202104
        },
        "six_way_macro_f1": 0.8049612259045503,
        "six_way_balanced_accuracy": 0.882454434229282,
        "six_way_confusion_matrix": [
          [
            176,
            0,
            0,
            0,
            10,
            1
          ],
          [
            0,
            392,
            0,
            0,
            0,
            0
          ],
          [
            0,
            0,
            43,
            1,
            0,
            0
          ],
          [
            2,
            18,
            16,
            559,
            0,
            0
          ],
          [
            1,
            0,
            0,
            0,
            8,
            3
          ],
          [
            0,
            0,
            0,
            0,
            40,
            134
          ]
        ],
        "six_way_labels": [
          "visual",
          "language-prior",
          "alignment",
          "mixed",
          "unclear",
          "no-failure"
        ],
        "signature_mse": 0.00522987124085862
      },
      "prediction_sets": {
        "coverage": 0.8974358974358975,
        "average_set_size": 2.5284900284900287,
        "singleton_rate": 0.15242165242165243,
        "empty_set_rate": 0.099002849002849
      },
      "action_counts": {
        "blank": 1381,
        "grounding": 1296,
        "blur": 1321,
        "crop": 1043,
        "stop": 1404,
        "brightness": 287,
        "noise": 283,
        "relation": 5
      }
    },
    "proactive_no_stop|7|0.9": {
      "row_count": 1404,
      "mean_acquisition_cost": 6.011396011396012,
      "diagnostic": {
        "record_count": 1404,
        "source_bit_micro_f1": 0.9967344888219041,
        "source_bit_macro_f1": 0.9967360098472455,
        "source_bit_hamming_loss": 0.0030864197530864196,
        "source_bit_auroc": {
          "visual": 0.9999775946879041,
          "language": 0.9999836697367561,
          "alignment": 0.9999646672486179
        },
        "six_way_macro_f1": 0.8569721922994554,
        "six_way_balanced_accuracy": 0.9213471020592147,
        "six_way_confusion_matrix": [
          [
            187,
            0,
            0,
            0,
            0,
            0
          ],
          [
            0,
            391,
            0,
            1,
            0,
            0
          ],
          [
            0,
            0,
            44,
            0,
            0,
            0
          ],
          [
            1,
            0,
            3,
            591,
            0,
            0
          ],
          [
            0,
            0,
            0,
            0,
            9,
            3
          ],
          [
            0,
            0,
            0,
            0,
            37,
            137
          ]
        ],
        "six_way_labels": [
          "visual",
          "language-prior",
          "alignment",
          "mixed",
          "unclear",
          "no-failure"
        ],
        "signature_mse": 0.005344728675863174
      },
      "prediction_sets": {
        "coverage": 0.8753561253561254,
        "average_set_size": 1.8205128205128205,
        "singleton_rate": 0.39173789173789175,
        "empty_set_rate": 0.12321937321937322
      },
      "action_counts": {
        "blank": 1404,
        "grounding": 1404,
        "blur": 1404,
        "crop": 1404,
        "brightness": 1404,
        "noise": 1404,
        "stop": 1404,
        "relation": 16
      }
    },
    "proactive_no_stop|7|0.95": {
      "row_count": 1404,
      "mean_acquisition_cost": 6.011396011396012,
      "diagnostic": {
        "record_count": 1404,
        "source_bit_micro_f1": 0.9967344888219041,
        "source_bit_macro_f1": 0.9967360098472455,
        "source_bit_hamming_loss": 0.0030864197530864196,
        "source_bit_auroc": {
          "visual": 0.9999775946879041,
          "language": 0.9999836697367561,
          "alignment": 0.9999646672486179
        },
        "six_way_macro_f1": 0.8569721922994554,
        "six_way_balanced_accuracy": 0.9213471020592147,
        "six_way_confusion_matrix": [
          [
            187,
            0,
            0,
            0,
            0,
            0
          ],
          [
            0,
            391,
            0,
            1,
            0,
            0
          ],
          [
            0,
            0,
            44,
            0,
            0,
            0
          ],
          [
            1,
            0,
            3,
            591,
            0,
            0
          ],
          [
            0,
            0,
            0,
            0,
            9,
            3
          ],
          [
            0,
            0,
            0,
            0,
            37,
            137
          ]
        ],
        "six_way_labels": [
          "visual",
          "language-prior",
          "alignment",
          "mixed",
          "unclear",
          "no-failure"
        ],
        "signature_mse": 0.005344728675863174
      },
      "prediction_sets": {
        "coverage": 0.9024216524216524,
        "average_set_size": 2.6424501424501425,
        "singleton_rate": 0.25213675213675213,
        "empty_set_rate": 0.09686609686609686
      },
      "action_counts": {
        "blank": 1404,
        "grounding": 1404,
        "blur": 1404,
        "crop": 1404,
        "brightness": 1404,
        "noise": 1404,
        "stop": 1404,
        "relation": 16
      }
    },
    "proactive_global_aps|1|0.9": {
      "row_count": 1404,
      "mean_acquisition_cost": 1.0,
      "diagnostic": {
        "record_count": 1404,
        "source_bit_micro_f1": 0.8985879332477535,
        "source_bit_macro_f1": 0.9006121019151592,
        "source_bit_hamming_loss": 0.09377967711301044,
        "source_bit_auroc": {
          "visual": 0.9418643256510272,
          "language": 0.9865418218041675,
          "alignment": 0.9812175250446855
        },
        "six_way_macro_f1": 0.5617759792750561,
        "six_way_balanced_accuracy": 0.6893036524954809,
        "six_way_confusion_matrix": [
          [
            69,
            0,
            8,
            2,
            62,
            46
          ],
          [
            1,
            384,
            2,
            2,
            3,
            0
          ],
          [
            2,
            0,
            31,
            1,
            10,
            0
          ],
          [
            42,
            65,
            83,
            398,
            7,
            0
          ],
          [
            1,
            0,
            2,
            0,
            8,
            1
          ],
          [
            14,
            0,
            3,
            0,
            27,
            130
          ]
        ],
        "six_way_labels": [
          "visual",
          "language-prior",
          "alignment",
          "mixed",
          "unclear",
          "no-failure"
        ],
        "signature_mse": 0.023129596502383293
      },
      "prediction_sets": {
        "coverage": 0.9715099715099715,
        "average_set_size": 2.732905982905983,
        "singleton_rate": 0.38817663817663817,
        "empty_set_rate": 0.004985754985754986
      },
      "action_counts": {
        "blank": 1040,
        "stop": 1404,
        "blur": 237,
        "grounding": 87,
        "brightness": 26,
        "crop": 13,
        "noise": 1
      }
    },
    "proactive_global_aps|1|0.95": {
      "row_count": 1404,
      "mean_acquisition_cost": 1.0,
      "diagnostic": {
        "record_count": 1404,
        "source_bit_micro_f1": 0.8985879332477535,
        "source_bit_macro_f1": 0.9006121019151592,
        "source_bit_hamming_loss": 0.09377967711301044,
        "source_bit_auroc": {
          "visual": 0.9418643256510272,
          "language": 0.9865418218041675,
          "alignment": 0.9812175250446855
        },
        "six_way_macro_f1": 0.5617759792750561,
        "six_way_balanced_accuracy": 0.6893036524954809,
        "six_way_confusion_matrix": [
          [
            69,
            0,
            8,
            2,
            62,
            46
          ],
          [
            1,
            384,
            2,
            2,
            3,
            0
          ],
          [
            2,
            0,
            31,
            1,
            10,
            0
          ],
          [
            42,
            65,
            83,
            398,
            7,
            0
          ],
          [
            1,
            0,
            2,
            0,
            8,
            1
          ],
          [
            14,
            0,
            3,
            0,
            27,
            130
          ]
        ],
        "six_way_labels": [
          "visual",
          "language-prior",
          "alignment",
          "mixed",
          "unclear",
          "no-failure"
        ],
        "signature_mse": 0.023129596502383293
      },
      "prediction_sets": {
        "coverage": 0.9935897435897436,
        "average_set_size": 3.5733618233618234,
        "singleton_rate": 0.07407407407407407,
        "empty_set_rate": 0.0
      },
      "action_counts": {
        "blank": 1040,
        "stop": 1404,
        "blur": 237,
        "grounding": 87,
        "brightness": 26,
        "crop": 13,
        "noise": 1
      }
    },
    "proactive_global_aps|2|0.9": {
      "row_count": 1404,
      "mean_acquisition_cost": 1.9957264957264957,
      "diagnostic": {
        "record_count": 1404,
        "source_bit_micro_f1": 0.9496402877697842,
        "source_bit_macro_f1": 0.9516946635926952,
        "source_bit_hamming_loss": 0.04653371320037987,
        "source_bit_auroc": {
          "visual": 0.9688566161868195,
          "language": 0.9972769286040891,
          "alignment": 0.99701957850106
        },
        "six_way_macro_f1": 0.6975916746394025,
        "six_way_balanced_accuracy": 0.8120572994087917,
        "six_way_confusion_matrix": [
          [
            143,
            0,
            0,
            2,
            33,
            9
          ],
          [
            0,
            388,
            0,
            0,
            4,
            0
          ],
          [
            0,
            0,
            40,
            1,
            3,
            0
          ],
          [
            24,
            39,
            53,
            473,
            6,
            0
          ],
          [
            2,
            0,
            1,
            0,
            8,
            1
          ],
          [
            2,
            0,
            0,
            0,
            42,
            130
          ]
        ],
        "six_way_labels": [
          "visual",
          "language-prior",
          "alignment",
          "mixed",
          "unclear",
          "no-failure"
        ],
        "signature_mse": 0.01121635508110137
      },
      "prediction_sets": {
        "coverage": 0.8910256410256411,
        "average_set_size": 2.113960113960114,
        "singleton_rate": 0.40883190883190884,
        "empty_set_rate": 0.08475783475783476
      },
      "action_counts": {
        "blank": 1171,
        "grounding": 704,
        "stop": 1404,
        "blur": 693,
        "brightness": 38,
        "crop": 152,
        "noise": 43,
        "relation": 1
      }
    },
    "proactive_global_aps|2|0.95": {
      "row_count": 1404,
      "mean_acquisition_cost": 1.9957264957264957,
      "diagnostic": {
        "record_count": 1404,
        "source_bit_micro_f1": 0.9496402877697842,
        "source_bit_macro_f1": 0.9516946635926952,
        "source_bit_hamming_loss": 0.04653371320037987,
        "source_bit_auroc": {
          "visual": 0.9688566161868195,
          "language": 0.9972769286040891,
          "alignment": 0.99701957850106
        },
        "six_way_macro_f1": 0.6975916746394025,
        "six_way_balanced_accuracy": 0.8120572994087917,
        "six_way_confusion_matrix": [
          [
            143,
            0,
            0,
            2,
            33,
            9
          ],
          [
            0,
            388,
            0,
            0,
            4,
            0
          ],
          [
            0,
            0,
            40,
            1,
            3,
            0
          ],
          [
            24,
            39,
            53,
            473,
            6,
            0
          ],
          [
            2,
            0,
            1,
            0,
            8,
            1
          ],
          [
            2,
            0,
            0,
            0,
            42,
            130
          ]
        ],
        "six_way_labels": [
          "visual",
          "language-prior",
          "alignment",
          "mixed",
          "unclear",
          "no-failure"
        ],
        "signature_mse": 0.01121635508110137
      },
      "prediction_sets": {
        "coverage": 0.9658119658119658,
        "average_set_size": 3.0982905982905984,
        "singleton_rate": 0.07692307692307693,
        "empty_set_rate": 0.029914529914529916
      },
      "action_counts": {
        "blank": 1171,
        "grounding": 704,
        "stop": 1404,
        "blur": 693,
        "brightness": 38,
        "crop": 152,
        "noise": 43,
        "relation": 1
      }
    },
    "proactive_global_aps|3|0.9": {
      "row_count": 1404,
      "mean_acquisition_cost": 2.8803418803418803,
      "diagnostic": {
        "record_count": 1404,
        "source_bit_micro_f1": 0.9710923509849066,
        "source_bit_macro_f1": 0.9729662514456477,
        "source_bit_hamming_loss": 0.026828110161443496,
        "source_bit_auroc": {
          "visual": 0.9781059363892821,
          "language": 0.9996488993402574,
          "alignment": 0.9997776115060066
        },
        "six_way_macro_f1": 0.7558700462379621,
        "six_way_balanced_accuracy": 0.8548252007176956,
        "six_way_confusion_matrix": [
          [
            156,
            0,
            0,
            1,
            20,
            10
          ],
          [
            0,
            392,
            0,
            0,
            0,
            0
          ],
          [
            0,
            0,
            43,
            1,
            0,
            0
          ],
          [
            5,
            32,
            34,
            524,
            0,
            0
          ],
          [
            0,
            0,
            0,
            0,
            8,
            4
          ],
          [
            1,
            0,
            0,
            0,
            39,
            134
          ]
        ],
        "six_way_labels": [
          "visual",
          "language-prior",
          "alignment",
          "mixed",
          "unclear",
          "no-failure"
        ],
        "signature_mse": 0.006367455149826467
      },
      "prediction_sets": {
        "coverage": 0.8810541310541311,
        "average_set_size": 1.9387464387464388,
        "singleton_rate": 0.4237891737891738,
        "empty_set_rate": 0.10113960113960115
      },
      "action_counts": {
        "blank": 1310,
        "grounding": 1083,
        "blur": 1271,
        "stop": 1404,
        "brightness": 112,
        "crop": 196,
        "noise": 70,
        "relation": 2
      }
    },
    "proactive_global_aps|3|0.95": {
      "row_count": 1404,
      "mean_acquisition_cost": 2.8803418803418803,
      "diagnostic": {
        "record_count": 1404,
        "source_bit_micro_f1": 0.9710923509849066,
        "source_bit_macro_f1": 0.9729662514456477,
        "source_bit_hamming_loss": 0.026828110161443496,
        "source_bit_auroc": {
          "visual": 0.9781059363892821,
          "language": 0.9996488993402574,
          "alignment": 0.9997776115060066
        },
        "six_way_macro_f1": 0.7558700462379621,
        "six_way_balanced_accuracy": 0.8548252007176956,
        "six_way_confusion_matrix": [
          [
            156,
            0,
            0,
            1,
            20,
            10
          ],
          [
            0,
            392,
            0,
            0,
            0,
            0
          ],
          [
            0,
            0,
            43,
            1,
            0,
            0
          ],
          [
            5,
            32,
            34,
            524,
            0,
            0
          ],
          [
            0,
            0,
            0,
            0,
            8,
            4
          ],
          [
            1,
            0,
            0,
            0,
            39,
            134
          ]
        ],
        "six_way_labels": [
          "visual",
          "language-prior",
          "alignment",
          "mixed",
          "unclear",
          "no-failure"
        ],
        "signature_mse": 0.006367455149826467
      },
      "prediction_sets": {
        "coverage": 0.938034188034188,
        "average_set_size": 2.8653846153846154,
        "singleton_rate": 0.06837606837606838,
        "empty_set_rate": 0.05911680911680912
      },
      "action_counts": {
        "blank": 1310,
        "grounding": 1083,
        "blur": 1271,
        "stop": 1404,
        "brightness": 112,
        "crop": 196,
        "noise": 70,
        "relation": 2
      }
    },
    "proactive_global_aps|4|0.9": {
      "row_count": 1404,
      "mean_acquisition_cost": 3.5185185185185186,
      "diagnostic": {
        "record_count": 1404,
        "source_bit_micro_f1": 0.9796644636502287,
        "source_bit_macro_f1": 0.98055427865718,
        "source_bit_hamming_loss": 0.01899335232668566,
        "source_bit_auroc": {
          "visual": 0.9876037518713527,
          "language": 0.9995427526291724,
          "alignment": 0.999702789208962
        },
        "six_way_macro_f1": 0.7962233910415285,
        "six_way_balanced_accuracy": 0.8764192929000231,
        "six_way_confusion_matrix": [
          [
            173,
            0,
            0,
            1,
            10,
            3
          ],
          [
            0,
            392,
            0,
            0,
            0,
            0
          ],
          [
            0,
            0,
            43,
            1,
            0,
            0
          ],
          [
            11,
            21,
            16,
            547,
            0,
            0
          ],
          [
            1,
            0,
            0,
            0,
            8,
            3
          ],
          [
            0,
            0,
            0,
            0,
            40,
            134
          ]
        ],
        "six_way_labels": [
          "visual",
          "language-prior",
          "alignment",
          "mixed",
          "unclear",
          "no-failure"
        ],
        "signature_mse": 0.006984302430279348
      },
      "prediction_sets": {
        "coverage": 0.8817663817663818,
        "average_set_size": 2.049145299145299,
        "singleton_rate": 0.2571225071225071,
        "empty_set_rate": 0.10683760683760683
      },
      "action_counts": {
        "blank": 1332,
        "grounding": 1145,
        "blur": 1257,
        "crop": 902,
        "stop": 1404,
        "brightness": 205,
        "noise": 94,
        "relation": 5
      }
    },
    "proactive_global_aps|4|0.95": {
      "row_count": 1404,
      "mean_acquisition_cost": 3.5185185185185186,
      "diagnostic": {
        "record_count": 1404,
        "source_bit_micro_f1": 0.9796644636502287,
        "source_bit_macro_f1": 0.98055427865718,
        "source_bit_hamming_loss": 0.01899335232668566,
        "source_bit_auroc": {
          "visual": 0.9876037518713527,
          "language": 0.9995427526291724,
          "alignment": 0.999702789208962
        },
        "six_way_macro_f1": 0.7962233910415285,
        "six_way_balanced_accuracy": 0.8764192929000231,
        "six_way_confusion_matrix": [
          [
            173,
            0,
            0,
            1,
            10,
            3
          ],
          [
            0,
            392,
            0,
            0,
            0,
            0
          ],
          [
            0,
            0,
            43,
            1,
            0,
            0
          ],
          [
            11,
            21,
            16,
            547,
            0,
            0
          ],
          [
            1,
            0,
            0,
            0,
            8,
            3
          ],
          [
            0,
            0,
            0,
            0,
            40,
            134
          ]
        ],
        "six_way_labels": [
          "visual",
          "language-prior",
          "alignment",
          "mixed",
          "unclear",
          "no-failure"
        ],
        "signature_mse": 0.006984302430279348
      },
      "prediction_sets": {
        "coverage": 0.9351851851851852,
        "average_set_size": 2.9615384615384617,
        "singleton_rate": 0.08547008547008547,
        "empty_set_rate": 0.0633903133903134
      },
      "action_counts": {
        "blank": 1332,
        "grounding": 1145,
        "blur": 1257,
        "crop": 902,
        "stop": 1404,
        "brightness": 205,
        "noise": 94,
        "relation": 5
      }
    },
    "proactive_global_aps|7|0.9": {
      "row_count": 1404,
      "mean_acquisition_cost": 4.203703703703703,
      "diagnostic": {
        "record_count": 1404,
        "source_bit_micro_f1": 0.9926786165109821,
        "source_bit_macro_f1": 0.9931182596552309,
        "source_bit_hamming_loss": 0.006885090218423552,
        "source_bit_auroc": {
          "visual": 0.9943171981138801,
          "language": 0.9999938761512835,
          "alignment": 0.9998150226545289
        },
        "six_way_macro_f1": 0.846269046363418,
        "six_way_balanced_accuracy": 0.913429645630457,
        "six_way_confusion_matrix": [
          [
            185,
            0,
            0,
            1,
            1,
            0
          ],
          [
            0,
            392,
            0,
            0,
            0,
            0
          ],
          [
            0,
            0,
            44,
            0,
            0,
            0
          ],
          [
            4,
            17,
            3,
            571,
            0,
            0
          ],
          [
            1,
            0,
            0,
            0,
            9,
            2
          ],
          [
            0,
            0,
            0,
            0,
            38,
            136
          ]
        ],
        "six_way_labels": [
          "visual",
          "language-prior",
          "alignment",
          "mixed",
          "unclear",
          "no-failure"
        ],
        "signature_mse": 0.004239645591484031
      },
      "prediction_sets": {
        "coverage": 0.8753561253561254,
        "average_set_size": 1.9679487179487178,
        "singleton_rate": 0.2849002849002849,
        "empty_set_rate": 0.11894586894586895
      },
      "action_counts": {
        "blank": 1382,
        "grounding": 1147,
        "blur": 1212,
        "crop": 1014,
        "stop": 1404,
        "brightness": 671,
        "noise": 468,
        "relation": 8
      }
    },
    "proactive_global_aps|7|0.95": {
      "row_count": 1404,
      "mean_acquisition_cost": 4.203703703703703,
      "diagnostic": {
        "record_count": 1404,
        "source_bit_micro_f1": 0.9926786165109821,
        "source_bit_macro_f1": 0.9931182596552309,
        "source_bit_hamming_loss": 0.006885090218423552,
        "source_bit_auroc": {
          "visual": 0.9943171981138801,
          "language": 0.9999938761512835,
          "alignment": 0.9998150226545289
        },
        "six_way_macro_f1": 0.846269046363418,
        "six_way_balanced_accuracy": 0.913429645630457,
        "six_way_confusion_matrix": [
          [
            185,
            0,
            0,
            1,
            1,
            0
          ],
          [
            0,
            392,
            0,
            0,
            0,
            0
          ],
          [
            0,
            0,
            44,
            0,
            0,
            0
          ],
          [
            4,
            17,
            3,
            571,
            0,
            0
          ],
          [
            1,
            0,
            0,
            0,
            9,
            2
          ],
          [
            0,
            0,
            0,
            0,
            38,
            136
          ]
        ],
        "six_way_labels": [
          "visual",
          "language-prior",
          "alignment",
          "mixed",
          "unclear",
          "no-failure"
        ],
        "signature_mse": 0.004239645591484031
      },
      "prediction_sets": {
        "coverage": 0.9216524216524217,
        "average_set_size": 2.7414529914529915,
        "singleton_rate": 0.099002849002849,
        "empty_set_rate": 0.07834757834757834
      },
      "action_counts": {
        "blank": 1382,
        "grounding": 1147,
        "blur": 1212,
        "crop": 1014,
        "stop": 1404,
        "brightness": 671,
        "noise": 468,
        "relation": 8
      }
    }
  },
  "csv_path": "outputs/week8_ablations/no_answer_flip/frontier/frontier_validation.csv",
  "csv_sha256": "0852b6d5182874b07aa646e8c29a6f35ad24cc4bd4453608f6d0aabe4f0ffcd4",
  "trajectory_path": "outputs/week8_ablations/no_answer_flip/frontier/trajectories_validation.jsonl",
  "trajectory_sha256": "f707c6191a13d39b5d79cdfcfe93c54ec4bca63907b250f7c75751e66dada4cf",
  "report_sha256": "76097ee263c4240a208b7358340cde6f2e73cc96cadbaf0c94faa83ae9ff5869"
}
	Command being timed: "timeout --signal=TERM --kill-after=5m 1200s env CUDA_VISIBLE_DEVICES=1 python scripts/eval_week8_ablation.py --week8_config configs/experiments/week8_evaluation.yaml --ablation_id no_answer_flip --manifest_path outputs/week8_ablations/no_answer_flip/vectorized/vectorized_manifest.json --diagnostic_checkpoint outputs/week8_ablations/no_answer_flip/diagnostic_checkpoints/diag_deep_sets_standard_seed42.best.pt --policy_checkpoint outputs/week8_ablations/no_answer_flip/policy_checkpoints/policy_deep_sets_standard_lambda0_seed42.best.pt --aps_report outputs/week8_ablations/no_answer_flip/temporary_aps/temporary_aps_deep_sets_standard_seed42.json --freeze_manifest outputs/week8_ablations/no_answer_flip/freeze/week8_stack_freeze.json --teacher_path outputs/teacher_core_contract_v1_recovered --output_dir outputs/week8_ablations/no_answer_flip/frontier --budgets 1 2 3 4 7 --coverages 0.90 0.95 --seed 42 --device cuda:0 --resume"
	User time (seconds): 96.88
	System time (seconds): 6.22
	Percent of CPU this job got: 113%
	Elapsed (wall clock) time (h:mm:ss or m:ss): 1:30.84
	Average shared text size (kbytes): 0
	Average unshared data size (kbytes): 0
	Average stack size (kbytes): 0
	Average total size (kbytes): 0
	Maximum resident set size (kbytes): 1121904
	Average resident set size (kbytes): 0
	Major (requiring I/O) page faults: 0
	Minor (reclaiming a frame) page faults: 216088
	Voluntary context switches: 1550
	Involuntary context switches: 96223
	Swaps: 0
	File system inputs: 8
	File system outputs: 76792
	Socket messages sent: 0
	Socket messages received: 0
	Signals delivered: 0
	Page size (bytes): 4096
	Exit status: 0
no_answer_flip validation frontier exit code: 0
===== no_confidence_shift diagnostic training =====
Timeout 2700s; worker ceiling remaining 7870s
2026-09-12 20:39:15,788 INFO [train_diag] Completed diagnostic run verified; training is unchanged
{
  "encoder": "deep_sets",
  "gru_condition": "standard",
  "seed": 42,
  "budgets": [
    1,
    2,
    4
  ],
  "config_approval": "APPROVED",
  "pilot": false,
  "manifest": "outputs/week8_ablations/no_confidence_shift/vectorized/vectorized_manifest.json",
  "output": "outputs/week8_ablations/no_confidence_shift/diagnostic_checkpoints/diag_deep_sets_standard_seed42.best.pt"
}
{
  "best_epoch": 11,
  "checkpoint_path": "outputs/week8_ablations/no_confidence_shift/diagnostic_checkpoints/diag_deep_sets_standard_seed42.best.pt",
  "checkpoint_sha256": "7e0475e2f462298c40c0626ce5fd77ed65925f332a0b09c3f25b08ce5e111fbb",
  "config_sha256": "9ab87a57416ae24e1466dab6b8d38c1ee9d828219b17f28d64de99f4b252ef2a",
  "encoder_name": "deep_sets",
  "format_version": "week5_validation_report_v1",
  "gru_condition": "standard",
  "metrics": {
    "is_valid": true,
    "record_count": 60483,
    "signature_mse": 0.053689298319257686,
    "six_way_balanced_accuracy": 0.5970118341804395,
    "six_way_confusion_matrix": [
      [
        4684,
        1009,
        421,
        142,
        1436,
        363
      ],
      [
        509,
        14082,
        508,
        37,
        1536,
        180
      ],
      [
        39,
        46,
        1300,
        92,
        404,
        7
      ],
      [
        2382,
        937,
        3002,
        18545,
        766,
        24
      ],
      [
        77,
        112,
        85,
        0,
        232,
        13
      ],
      [
        379,
        3567,
        267,
        0,
        997,
        2303
      ]
    ],
    "six_way_labels": [
      "visual",
      "language-prior",
      "alignment",
      "mixed",
      "unclear",
      "no-failure"
    ],
    "six_way_macro_f1": 0.5089865071462726,
    "source_bit_auroc": {
      "alignment": 0.9857242065315025,
      "language": 0.8801657145917678,
      "visual": 0.9574520044446372
    },
    "source_bit_hamming_loss": 0.13336529823807242,
    "source_bit_macro_f1": 0.863413558517481,
    "source_bit_micro_f1": 0.8606505928353018
  },
  "pilot": false,
  "report_sha256": "53d51997c1cbdac9d152845c732eaa9e04d55fff95d5cc1a9379240aa475b9fb",
  "scientifically_weighted": true,
  "seed": 42,
  "source_manifest_sha256": "708028514d4b1783fd43627df9b8cb77463104d0ea908468cbbc93e678793533",
  "stratified_metrics": {
    "pooled": {
      "record_count": 60483,
      "signature_mse": 0.053689298319257686,
      "six_way_balanced_accuracy": 0.5970118341804395,
      "six_way_confusion_matrix": [
        [
          4684,
          1009,
          421,
          142,
          1436,
          363
        ],
        [
          509,
          14082,
          508,
          37,
          1536,
          180
        ],
        [
          39,
          46,
          1300,
          92,
          404,
          7
        ],
        [
          2382,
          937,
          3002,
          18545,
          766,
          24
        ],
        [
          77,
          112,
          85,
          0,
          232,
          13
        ],
        [
          379,
          3567,
          267,
          0,
          997,
          2303
        ]
      ],
      "six_way_labels": [
        "visual",
        "language-prior",
        "alignment",
        "mixed",
        "unclear",
        "no-failure"
      ],
      "six_way_macro_f1": 0.5089865071462726,
      "source_bit_auroc": {
        "alignment": 0.9857242065315025,
        "language": 0.8801657145917678,
        "visual": 0.9574520044446372
      },
      "source_bit_hamming_loss": 0.13336529823807242,
      "source_bit_macro_f1": 0.863413558517481,
      "source_bit_micro_f1": 0.8606505928353018
    },
    "within_budget": {
      "1": {
        "record_count": 9844,
        "signature_mse": 0.06874683869503298,
        "six_way_balanced_accuracy": 0.4999385785373743,
        "six_way_confusion_matrix": [
          [
            550,
            273,
            111,
            18,
            318,
            40
          ],
          [
            141,
            2154,
            102,
            6,
            329,
            15
          ],
          [
            11,
            10,
            178,
            19,
            89,
            1
          ],
          [
            393,
            134,
            590,
            2841,
            210,
            4
          ],
          [
            17,
            20,
            14,
            0,
            33,
            0
          ],
          [
            71,
            784,
            50,
            0,
            142,
            176
          ]
        ],
        "six_way_labels": [
          "visual",
          "language-prior",
          "alignment",
          "mixed",
          "unclear",
          "no-failure"
        ],
        "six_way_macro_f1": 0.4182251815007953,
        "source_bit_auroc": {
          "alignment": 0.9780052459189963,
          "language": 0.7914194170417013,
          "visual": 0.9320554651699091
        },
        "source_bit_hamming_loss": 0.1754368143031288,
        "source_bit_macro_f1": 0.823844465865741,
        "source_bit_micro_f1": 0.8187764524817237
      },
      "2": {
        "record_count": 17531,
        "signature_mse": 0.05905361319510305,
        "six_way_balanced_accuracy": 0.5571933655779956,
        "six_way_confusion_matrix": [
          [
            1215,
            352,
            146,
            44,
            469,
            106
          ],
          [
            165,
            3985,
            170,
            14,
            508,
            45
          ],
          [
            13,
            13,
            359,
            33,
            128,
            2
          ],
          [
            714,
            288,
            994,
            5181,
            256,
            7
          ],
          [
            26,
            36,
            26,
            0,
            61,
            2
          ],
          [
            134,
            1155,
            80,
            0,
            258,
            546
          ]
        ],
        "six_way_labels": [
          "visual",
          "language-prior",
          "alignment",
          "mixed",
          "unclear",
          "no-failure"
        ],
        "six_way_macro_f1": 0.4736678503836527,
        "source_bit_auroc": {
          "alignment": 0.9829978537098416,
          "language": 0.852857775798735,
          "visual": 0.9463721554984141
        },
        "source_bit_hamming_loss": 0.14868898902895822,
        "source_bit_macro_f1": 0.8488579367697957,
        "source_bit_micro_f1": 0.8453261600537996
      },
      "4": {
        "record_count": 33108,
        "signature_mse": 0.046371784982675066,
        "six_way_balanced_accuracy": 0.6469500789832717,
        "six_way_confusion_matrix": [
          [
            2919,
            384,
            164,
            80,
            649,
            217
          ],
          [
            203,
            7943,
            236,
            17,
            699,
            120
          ],
          [
            15,
            23,
            763,
            40,
            187,
            4
          ],
          [
            1275,
            515,
            1418,
            10523,
            300,
            13
          ],
          [
            34,
            56,
            45,
            0,
            138,
            11
          ],
          [
            174,
            1628,
            137,
            0,
            597,
            1581
          ]
        ],
        "six_way_labels": [
          "visual",
          "language-prior",
          "alignment",
          "mixed",
          "unclear",
          "no-failure"
        ],
        "six_way_macro_f1": 0.5537041344715884,
        "source_bit_auroc": {
          "alignment": 0.9889435045690749,
          "language": 0.9133746451136017,
          "visual": 0.9687720368959953
        },
        "source_bit_hamming_loss": 0.11274213684507269,
        "source_bit_macro_f1": 0.8833190415491644,
        "source_bit_micro_f1": 0.8815151835784573
      }
    },
    "within_dataset": {
      "hallusionbench": {
        "record_count": 7831,
        "signature_mse": 0.06465233830589788,
        "six_way_balanced_accuracy": 0.4219466279183011,
        "six_way_confusion_matrix": [
          [
            651,
            177,
            40,
            0,
            349,
            32
          ],
          [
            251,
            1529,
            233,
            11,
            780,
            34
          ],
          [
            33,
            2,
            255,
            19,
            159,
            0
          ],
          [
            506,
            365,
            546,
            709,
            284,
            5
          ],
          [
            41,
            83,
            1,
            0,
            124,
            10
          ],
          [
            29,
            204,
            54,
            0,
            222,
            93
          ]
        ],
        "six_way_labels": [
          "visual",
          "language-prior",
          "alignment",
          "mixed",
          "unclear",
          "no-failure"
        ],
        "six_way_macro_f1": 0.3637646476116119,
        "source_bit_auroc": {
          "alignment": 0.909975443021172,
          "language": 0.8111859982459393,
          "visual": 0.8418431695662254
        },
        "source_bit_hamming_loss": 0.20844506874388116,
        "source_bit_macro_f1": 0.724253126129479,
        "source_bit_micro_f1": 0.7462036797097694
      },
      "pope": {
        "record_count": 23084,
        "signature_mse": 0.05029859980138239,
        "six_way_balanced_accuracy": 0.5865739701058355,
        "six_way_confusion_matrix": [
          [
            2404,
            754,
            0,
            0,
            408,
            299
          ],
          [
            156,
            11427,
            34,
            9,
            423,
            89
          ],
          [
            0,
            0,
            0,
            0,
            0,
            0
          ],
          [
            306,
            212,
            136,
            578,
            125,
            2
          ],
          [
            0,
            0,
            0,
            0,
            0,
            0
          ],
          [
            213,
            3094,
            3,
            0,
            366,
            2046
          ]
        ],
        "six_way_labels": [
          "visual",
          "language-prior",
          "alignment",
          "mixed",
          "unclear",
          "no-failure"
        ],
        "six_way_macro_f1": 0.43588716888454515,
        "source_bit_auroc": {
          "alignment": 0.9916820971466872,
          "language": 0.8646063401234423,
          "visual": 0.9263913862145703
        },
        "source_bit_hamming_loss": 0.10877664182983884,
        "source_bit_macro_f1": 0.8180502495116965,
        "source_bit_micro_f1": 0.81642500304618
      },
      "vizwiz": {
        "record_count": 26963,
        "signature_mse": 0.051761713496797764,
        "six_way_balanced_accuracy": 0.539745022829384,
        "six_way_confusion_matrix": [
          [
            1305,
            35,
            379,
            142,
            486,
            30
          ],
          [
            82,
            660,
            151,
            9,
            162,
            20
          ],
          [
            6,
            44,
            1045,
            73,
            245,
            7
          ],
          [
            1387,
            283,
            2267,
            17051,
            265,
            12
          ],
          [
            36,
            29,
            84,
            0,
            108,
            3
          ],
          [
            65,
            102,
            206,
            0,
            113,
            71
          ]
        ],
        "six_way_labels": [
          "visual",
          "language-prior",
          "alignment",
          "mixed",
          "unclear",
          "no-failure"
        ],
        "six_way_macro_f1": 0.44706585102055313,
        "source_bit_auroc": {
          "alignment": 0.964610356558523,
          "language": 0.8764729237451891,
          "visual": 0.9571645441544316
        },
        "source_bit_hamming_loss": 0.12566603617302724,
        "source_bit_macro_f1": 0.8570809215247369,
        "source_bit_micro_f1": 0.9056971361245373
      },
      "vsr": {
        "record_count": 2605,
        "signature_mse": 0.07073067567789136,
        "six_way_balanced_accuracy": 0.41137453740374963,
        "six_way_confusion_matrix": [
          [
            324,
            43,
            2,
            0,
            193,
            2
          ],
          [
            20,
            466,
            90,
            8,
            171,
            37
          ],
          [
            0,
            0,
            0,
            0,
            0,
            0
          ],
          [
            183,
            77,
            53,
            207,
            92,
            5
          ],
          [
            0,
            0,
            0,
            0,
            0,
            0
          ],
          [
            72,
            167,
            4,
            0,
            296,
            93
          ]
        ],
        "six_way_labels": [
          "visual",
          "language-prior",
          "alignment",
          "mixed",
          "unclear",
          "no-failure"
        ],
        "six_way_macro_f1": 0.3166474448703333,
        "source_bit_auroc": {
          "alignment": 0.8969283525635138,
          "language": 0.8522791727438251,
          "visual": 0.8743398394028934
        },
        "source_bit_hamming_loss": 0.2052463211772233,
        "source_bit_macro_f1": 0.6803290895934014,
        "source_bit_micro_f1": 0.7102601156069365
      }
    },
    "within_model": {
      "Qwen/Qwen3-VL-8B-Instruct": {
        "record_count": 30242,
        "signature_mse": 0.051110226103606334,
        "six_way_balanced_accuracy": 0.5583103233917354,
        "six_way_confusion_matrix": [
          [
            2414,
            520,
            235,
            101,
            767,
            185
          ],
          [
            302,
            7111,
            179,
            14,
            750,
            135
          ],
          [
            26,
            44,
            1161,
            52,
            384,
            7
          ],
          [
            1717,
            515,
            2219,
            5955,
            447,
            11
          ],
          [
            55,
            103,
            84,
            0,
            178,
            13
          ],
          [
            277,
            2172,
            179,
            0,
            618,
            1312
          ]
        ],
        "six_way_labels": [
          "visual",
          "language-prior",
          "alignment",
          "mixed",
          "unclear",
          "no-failure"
        ],
        "six_way_macro_f1": 0.48559781754447506,
        "source_bit_auroc": {
          "alignment": 0.9794283485711182,
          "language": 0.8905041522027154,
          "visual": 0.9393626779772257
        },
        "source_bit_hamming_loss": 0.14007010118378413,
        "source_bit_macro_f1": 0.8394980777024283,
        "source_bit_micro_f1": 0.8362202288895763
      },
      "google/gemma-4-E4B-it": {
        "record_count": 30241,
        "signature_mse": 0.056268455818868426,
        "six_way_balanced_accuracy": 0.6483194301194911,
        "six_way_confusion_matrix": [
          [
            2270,
            489,
            186,
            41,
            669,
            178
          ],
          [
            207,
            6971,
            329,
            23,
            786,
            45
          ],
          [
            13,
            2,
            139,
            40,
            20,
            0
          ],
          [
            665,
            422,
            783,
            12590,
            319,
            13
          ],
          [
            22,
            9,
            1,
            0,
            54,
            0
          ],
          [
            102,
            1395,
            88,
            0,
            379,
            991
          ]
        ],
        "six_way_labels": [
          "visual",
          "language-prior",
          "alignment",
          "mixed",
          "unclear",
          "no-failure"
        ],
        "six_way_macro_f1": 0.5041364762282633,
        "source_bit_auroc": {
          "alignment": 0.9909716981474123,
          "language": 0.8673225429475243,
          "visual": 0.9714910711235865
        },
        "source_bit_hamming_loss": 0.1266602735800183,
        "source_bit_macro_f1": 0.8827179385184974,
        "source_bit_micro_f1": 0.8803830739603393
      }
    }
  },
  "train_rows": 436429,
  "validation_rows": 60483
}
	Command being timed: "timeout --signal=TERM --kill-after=5m 2700s env CUDA_VISIBLE_DEVICES=1 python scripts/train_diag.py --config outputs/week8_data/ablation_configs/no_confidence_shift_diag.yaml --manifest_path outputs/week8_ablations/no_confidence_shift/vectorized/vectorized_manifest.json --encoder deep_sets --seed 42 --device cuda:0 --output_dir outputs/week8_ablations/no_confidence_shift/diagnostic_checkpoints --resume"
	User time (seconds): 8.37
	System time (seconds): 5.58
	Percent of CPU this job got: 613%
	Elapsed (wall clock) time (h:mm:ss or m:ss): 0:02.27
	Average shared text size (kbytes): 0
	Average unshared data size (kbytes): 0
	Average stack size (kbytes): 0
	Average total size (kbytes): 0
	Maximum resident set size (kbytes): 527236
	Average resident set size (kbytes): 0
	Major (requiring I/O) page faults: 0
	Minor (reclaiming a frame) page faults: 86924
	Voluntary context switches: 258
	Involuntary context switches: 96379
	Swaps: 0
	File system inputs: 0
	File system outputs: 0
	Socket messages sent: 0
	Socket messages received: 0
	Signals delivered: 0
	Page size (bytes): 4096
	Exit status: 0
no_confidence_shift diagnostic training exit code: 0
===== no_confidence_shift diagnostic freeze =====
Timeout 600s; worker ceiling remaining 7867s
{
  "artifacts": {
    "diagnostic_checkpoint": {
      "path": "outputs/week8_ablations/no_confidence_shift/diagnostic_checkpoints/diag_deep_sets_standard_seed42.best.pt",
      "sha256": "7e0475e2f462298c40c0626ce5fd77ed65925f332a0b09c3f25b08ce5e111fbb"
    },
    "diagnostic_config": {
      "path": "outputs/week8_data/ablation_configs/no_confidence_shift_diag.yaml",
      "sha256": "9ab87a57416ae24e1466dab6b8d38c1ee9d828219b17f28d64de99f4b252ef2a"
    },
    "policy_config": {
      "path": "outputs/week8_data/ablation_configs/no_confidence_shift_policy.yaml",
      "sha256": "91e88172a663223bb54cda2e3422945b0a3d66f139e83886819fd68c18448e88"
    },
    "selection_report": {
      "path": "outputs/week8_ablations/no_confidence_shift/freeze/predeclared_selection.json",
      "sha256": "ffd984632e3da6d38da7c3c8003e01c275cbe3698ace9cfa076c600c7299f88e"
    },
    "vector_manifest": {
      "path": "outputs/week8_ablations/no_confidence_shift/vectorized/vectorized_manifest.json",
      "sha256": "708028514d4b1783fd43627df9b8cb77463104d0ea908468cbbc93e678793533"
    },
    "week8_config": {
      "path": "configs/experiments/week8_evaluation.yaml",
      "sha256": "59748c18da7375db6140f05d6c5ec2670c6ce19eeb25b5931e94868ffe7d9cf6"
    }
  },
  "format_version": "proactive_stack_freeze_v1",
  "freeze_sha256": "4435ff923fa0bda7babf65e95598869cc2fc06e09efc8d2ad04d5f44b2cd8823",
  "owner_approved": true,
  "status": "FROZEN"
}

	Command being timed: "timeout --signal=TERM --kill-after=5m 600s python scripts/freeze_week8_diagnostic.py --week8_config configs/experiments/week8_evaluation.yaml --ablation_id no_confidence_shift --diag_config outputs/week8_data/ablation_configs/no_confidence_shift_diag.yaml --policy_config outputs/week8_data/ablation_configs/no_confidence_shift_policy.yaml --vector_manifest outputs/week8_ablations/no_confidence_shift/vectorized/vectorized_manifest.json --diagnostic_checkpoint outputs/week8_ablations/no_confidence_shift/diagnostic_checkpoints/diag_deep_sets_standard_seed42.best.pt --output_dir outputs/week8_ablations/no_confidence_shift/freeze --approve_freeze --overwrite"
	User time (seconds): 1.80
	System time (seconds): 5.38
	Percent of CPU this job got: 529%
	Elapsed (wall clock) time (h:mm:ss or m:ss): 0:01.35
	Average shared text size (kbytes): 0
	Average unshared data size (kbytes): 0
	Average stack size (kbytes): 0
	Average total size (kbytes): 0
	Maximum resident set size (kbytes): 429984
	Average resident set size (kbytes): 0
	Major (requiring I/O) page faults: 0
	Minor (reclaiming a frame) page faults: 62213
	Voluntary context switches: 176
	Involuntary context switches: 75451
	Swaps: 0
	File system inputs: 0
	File system outputs: 16
	Socket messages sent: 0
	Socket messages received: 0
	Signals delivered: 0
	Page size (bytes): 4096
	Exit status: 0
no_confidence_shift diagnostic freeze exit code: 0
===== no_confidence_shift temporary validation APS =====
Timeout 900s; worker ceiling remaining 7866s
{
  "budgets": [
    1,
    2,
    3,
    4,
    7
  ],
  "calibration_split_used": false,
  "checkpoint_path": "outputs/week8_ablations/no_confidence_shift/diagnostic_checkpoints/diag_deep_sets_standard_seed42.best.pt",
  "checkpoint_sha256": "7e0475e2f462298c40c0626ce5fd77ed65925f332a0b09c3f25b08ce5e111fbb",
  "config_sha256": "9ab87a57416ae24e1466dab6b8d38c1ee9d828219b17f28d64de99f4b252ef2a",
  "coverages": [
    0.9,
    0.95
  ],
  "fit_split": "val",
  "format_version": "temporary_validation_aps_v1",
  "limit": null,
  "report_sha256": "23962138769031d1b3b5fdd7a3d0d3426f7e7b40306ad93aa80967c573dad164",
  "source_manifest_sha256": "708028514d4b1783fd43627df9b8cb77463104d0ea908468cbbc93e678793533",
  "status": "TEMPORARY_NOT_FINAL_CALIBRATION",
  "test_split_used": false,
  "thresholds": {
    "1": {
      "0.9": {
        "alpha": 0.09999999999999998,
        "calibration_count": 9844,
        "target_coverage": 0.9,
        "threshold": 0.9999936819076538,
        "validation_metrics": {
          "average_set_size": 3.5657253149126373,
          "coverage": 0.9002438033319788,
          "empty_set_rate": 0.0630841121495327,
          "singleton_rate": 0.19788703778951647
        }
      },
      "0.95": {
        "alpha": 0.050000000000000044,
        "calibration_count": 9844,
        "target_coverage": 0.95,
        "threshold": 0.9999986886978149,
        "validation_metrics": {
          "average_set_size": 3.7769199512393334,
          "coverage": 0.9518488419341731,
          "empty_set_rate": 0.02021535960991467,
          "singleton_rate": 0.16629418935392118
        }
      }
    },
    "2": {
      "0.9": {
        "alpha": 0.09999999999999998,
        "calibration_count": 17531,
        "target_coverage": 0.9,
        "threshold": 0.9999961853027344,
        "validation_metrics": {
          "average_set_size": 3.328731960527066,
          "coverage": 0.9005761222976442,
          "empty_set_rate": 0.06411499629228225,
          "singleton_rate": 0.24624950088414807
        }
      },
      "0.95": {
        "alpha": 0.050000000000000044,
        "calibration_count": 17531,
        "target_coverage": 0.95,
        "threshold": 0.9999992847442627,
        "validation_metrics": {
          "average_set_size": 3.56459985169129,
          "coverage": 0.9504877074895899,
          "empty_set_rate": 0.02355826821059837,
          "singleton_rate": 0.20506531287433688
        }
      }
    },
    "3": {
      "0.9": {
        "alpha": 0.09999999999999998,
        "calibration_count": 25419,
        "target_coverage": 0.9,
        "threshold": 0.9999973773956299,
        "validation_metrics": {
          "average_set_size": 3.1575199653802275,
          "coverage": 0.9013336480585389,
          "empty_set_rate": 0.06562020535819663,
          "singleton_rate": 0.2766041150320626
        }
      },
      "0.95": {
        "alpha": 0.050000000000000044,
        "calibration_count": 25419,
        "target_coverage": 0.95,
        "threshold": 0.9999997615814209,
        "validation_metrics": {
          "average_set_size": 3.532003619339864,
          "coverage": 0.950076714268854,
          "empty_set_rate": 0.028207246547857903,
          "singleton_rate": 0.16912545733506432
        }
      }
    },
    "4": {
      "0.9": {
        "alpha": 0.09999999999999998,
        "calibration_count": 33108,
        "target_coverage": 0.9,
        "threshold": 0.9999979734420776,
        "validation_metrics": {
          "average_set_size": 3.0189984293826266,
          "coverage": 0.9012625347348073,
          "empty_set_rate": 0.06862389754742056,
          "singleton_rate": 0.29884015947807174
        }
      },
      "0.95": {
        "alpha": 0.050000000000000044,
        "calibration_count": 33108,
        "target_coverage": 0.95,
        "threshold": 0.9999999105930328,
        "validation_metrics": {
          "average_set_size": 3.6304820587169266,
          "coverage": 0.9505255527364987,
          "empty_set_rate": 0.032107043614836295,
          "singleton_rate": 0.1364020780476018
        }
      }
    },
    "7": {
      "0.9": {
        "alpha": 0.09999999999999998,
        "calibration_count": 37368,
        "target_coverage": 0.9,
        "threshold": 0.9999983310699463,
        "validation_metrics": {
          "average_set_size": 2.94990366088632,
          "coverage": 0.9001819738813959,
          "empty_set_rate": 0.07145150931278099,
          "singleton_rate": 0.2908906015842432
        }
      },
      "0.95": {
        "alpha": 0.050000000000000044,
        "calibration_count": 37368,
        "target_coverage": 0.95,
        "threshold": 0.9999999701976776,
        "validation_metrics": {
          "average_set_size": 4.153045386426889,
          "coverage": 0.9516966388353671,
          "empty_set_rate": 0.03792014557910511,
          "singleton_rate": 0.08378826803682295
        }
      }
    }
  }
}
	Command being timed: "timeout --signal=TERM --kill-after=5m 900s env CUDA_VISIBLE_DEVICES=1 python scripts/fit_temporary_aps.py --config outputs/week8_data/ablation_configs/no_confidence_shift_diag.yaml --manifest_path outputs/week8_ablations/no_confidence_shift/vectorized/vectorized_manifest.json --checkpoint outputs/week8_ablations/no_confidence_shift/diagnostic_checkpoints/diag_deep_sets_standard_seed42.best.pt --output_dir outputs/week8_ablations/no_confidence_shift/temporary_aps --seed 42 --device cuda:0 --resume"
	User time (seconds): 8.41
	System time (seconds): 5.55
	Percent of CPU this job got: 626%
	Elapsed (wall clock) time (h:mm:ss or m:ss): 0:02.23
	Average shared text size (kbytes): 0
	Average unshared data size (kbytes): 0
	Average stack size (kbytes): 0
	Average total size (kbytes): 0
	Maximum resident set size (kbytes): 528656
	Average resident set size (kbytes): 0
	Major (requiring I/O) page faults: 0
	Minor (reclaiming a frame) page faults: 86654
	Voluntary context switches: 275
	Involuntary context switches: 95665
	Swaps: 0
	File system inputs: 0
	File system outputs: 0
	Socket messages sent: 0
	Socket messages received: 0
	Signals delivered: 0
	Page size (bytes): 4096
	Exit status: 0
no_confidence_shift temporary validation APS exit code: 0
===== no_confidence_shift VOI targets =====
Timeout 2700s; worker ceiling remaining 7864s
2026-09-12 20:39:28,810 INFO [build_voi_targets] Validated complete VOI output; skipping
	Command being timed: "timeout --signal=TERM --kill-after=5m 2700s env CUDA_VISIBLE_DEVICES=1 python scripts/build_voi_targets.py --config outputs/week8_data/ablation_configs/no_confidence_shift_policy.yaml --manifest_path outputs/week8_ablations/no_confidence_shift/vectorized/vectorized_manifest.json --state_manifest outputs/week4_reports/final/state_manifest.json --checkpoint outputs/week8_ablations/no_confidence_shift/diagnostic_checkpoints/diag_deep_sets_standard_seed42.best.pt --freeze_manifest outputs/week8_ablations/no_confidence_shift/freeze/week8_diagnostic_freeze.json --temporary_aps outputs/week8_ablations/no_confidence_shift/temporary_aps/temporary_aps_deep_sets_standard_seed42.json --teacher_path outputs/teacher_core_contract_v1_recovered --output_dir outputs/week8_ablations/no_confidence_shift/voi --seed 42 --inference_batch_size 512 --device cuda:0 --resume"
	User time (seconds): 9.09
	System time (seconds): 5.95
	Percent of CPU this job got: 162%
	Elapsed (wall clock) time (h:mm:ss or m:ss): 0:09.27
	Average shared text size (kbytes): 0
	Average unshared data size (kbytes): 0
	Average stack size (kbytes): 0
	Average total size (kbytes): 0
	Maximum resident set size (kbytes): 431564
	Average resident set size (kbytes): 0
	Major (requiring I/O) page faults: 0
	Minor (reclaiming a frame) page faults: 60795
	Voluntary context switches: 159
	Involuntary context switches: 51464
	Swaps: 0
	File system inputs: 0
	File system outputs: 0
	Socket messages sent: 0
	Socket messages received: 0
	Signals delivered: 0
	Page size (bytes): 4096
	Exit status: 0
no_confidence_shift VOI targets exit code: 0
===== no_confidence_shift policy training =====
Timeout 2700s; worker ceiling remaining 7854s
2026-09-12 20:39:45,414 INFO [train_policy] Completed policy run verified; training is unchanged
{
  "encoder": "deep_sets",
  "gru_condition": "standard",
  "cost_multiplier": 0.0,
  "target_kind": "voi",
  "limit": null,
  "seed": 42,
  "pilot": false,
  "config_approval": "APPROVED",
  "output": "outputs/week8_ablations/no_confidence_shift/policy_checkpoints/policy_deep_sets_standard_lambda0_seed42.best.pt"
}
{
  "best_epoch": 14,
  "calibration_used": false,
  "checkpoint_path": "outputs/week8_ablations/no_confidence_shift/policy_checkpoints/policy_deep_sets_standard_lambda0_seed42.best.pt",
  "checkpoint_sha256": "3e8f7cb8a5b93a5b3c11cc5faa405f51810260c0cb5f1f6afc4b6607356f3978",
  "config_sha256": "91e88172a663223bb54cda2e3422945b0a3d66f139e83886819fd68c18448e88",
  "cost_multiplier": 0.0,
  "diagnostic_checkpoint_sha256": "7e0475e2f462298c40c0626ce5fd77ed65925f332a0b09c3f25b08ce5e111fbb",
  "encoder_name": "deep_sets",
  "fit_split": "train",
  "format_version": "week6_policy_validation_v1",
  "gru_condition": "standard",
  "is_valid": true,
  "limit": null,
  "metrics": {
    "action_ce": 0.6580320738633293,
    "best_action_accuracy": 0.7968189408594151,
    "mse": 0.6945546128838422,
    "ranking": 0.07825216130532082,
    "row_count": 60483,
    "stop_prediction_rate": 0.4021625911413124,
    "total": 0.5809068528913233
  },
  "report_sha256": "ee4c2ed7430c9447e61216e6771b8c7de406ec4165aea8288f641cb6ec79c8eb",
  "seed": 42,
  "selection_split": "val",
  "source_manifest_sha256": "e583a1594ddaa293f7735b543440d31bcb740abe62eb1cdeaa1a9600dafdaaf0",
  "target_kind": "voi",
  "test_used": false,
  "train_rows": 436429,
  "validation_rows": 60483,
  "vector_manifest_sha256": "708028514d4b1783fd43627df9b8cb77463104d0ea908468cbbc93e678793533",
  "week5_freeze_sha256": "25383677ede56d69833c12430b3a4f6bc78e90125559e4421a70187d23e4d8f2"
}
	Command being timed: "timeout --signal=TERM --kill-after=5m 2700s env CUDA_VISIBLE_DEVICES=1 python scripts/train_policy.py --config outputs/week8_data/ablation_configs/no_confidence_shift_policy.yaml --manifest_path outputs/week8_ablations/no_confidence_shift/vectorized/vectorized_manifest.json --voi_manifest outputs/week8_ablations/no_confidence_shift/voi/voi_manifest.json --diagnostic_checkpoint outputs/week8_ablations/no_confidence_shift/diagnostic_checkpoints/diag_deep_sets_standard_seed42.best.pt --freeze_manifest outputs/week8_ablations/no_confidence_shift/freeze/week8_diagnostic_freeze.json --cost_multiplier 0.0 --target_kind voi --seed 42 --device cuda:0 --output_dir outputs/week8_ablations/no_confidence_shift/policy_checkpoints --resume"
	User time (seconds): 15.81
	System time (seconds): 7.89
	Percent of CPU this job got: 132%
	Elapsed (wall clock) time (h:mm:ss or m:ss): 0:17.94
	Average shared text size (kbytes): 0
	Average unshared data size (kbytes): 0
	Average stack size (kbytes): 0
	Average total size (kbytes): 0
	Maximum resident set size (kbytes): 4116064
	Average resident set size (kbytes): 0
	Major (requiring I/O) page faults: 0
	Minor (reclaiming a frame) page faults: 990500
	Voluntary context switches: 164
	Involuntary context switches: 142703
	Swaps: 0
	File system inputs: 0
	File system outputs: 0
	Socket messages sent: 0
	Socket messages received: 0
	Signals delivered: 0
	Page size (bytes): 4096
	Exit status: 0
no_confidence_shift policy training exit code: 0
===== no_confidence_shift stack freeze =====
Timeout 600s; worker ceiling remaining 7837s
{
  "artifacts": {
    "diagnostic_checkpoint": {
      "path": "outputs/week8_ablations/no_confidence_shift/diagnostic_checkpoints/diag_deep_sets_standard_seed42.best.pt",
      "sha256": "7e0475e2f462298c40c0626ce5fd77ed65925f332a0b09c3f25b08ce5e111fbb"
    },
    "diagnostic_config": {
      "path": "outputs/week8_data/ablation_configs/no_confidence_shift_diag.yaml",
      "sha256": "9ab87a57416ae24e1466dab6b8d38c1ee9d828219b17f28d64de99f4b252ef2a"
    },
    "policy_checkpoint": {
      "path": "outputs/week8_ablations/no_confidence_shift/policy_checkpoints/policy_deep_sets_standard_lambda0_seed42.best.pt",
      "sha256": "3e8f7cb8a5b93a5b3c11cc5faa405f51810260c0cb5f1f6afc4b6607356f3978"
    },
    "policy_config": {
      "path": "outputs/week8_data/ablation_configs/no_confidence_shift_policy.yaml",
      "sha256": "91e88172a663223bb54cda2e3422945b0a3d66f139e83886819fd68c18448e88"
    },
    "selection_report": {
      "path": "outputs/week8_ablations/no_confidence_shift/freeze/predeclared_stack_selection.json",
      "sha256": "c92725dcae01510a1a503eaa60890a4d4f75a09ee774193037f6f2b635e56188"
    },
    "vector_manifest": {
      "path": "outputs/week8_ablations/no_confidence_shift/vectorized/vectorized_manifest.json",
      "sha256": "708028514d4b1783fd43627df9b8cb77463104d0ea908468cbbc93e678793533"
    },
    "week8_config": {
      "path": "configs/experiments/week8_evaluation.yaml",
      "sha256": "59748c18da7375db6140f05d6c5ec2670c6ce19eeb25b5931e94868ffe7d9cf6"
    }
  },
  "format_version": "proactive_stack_freeze_v1",
  "freeze_sha256": "8108e0c6483834b87dcfe95f20e683aab781e7e5b99ce243bbd8d9a9c4b925f0",
  "owner_approved": true,
  "status": "FROZEN"
}

	Command being timed: "timeout --signal=TERM --kill-after=5m 600s python scripts/freeze_week8_ablation_stack.py --week8_config configs/experiments/week8_evaluation.yaml --ablation_id no_confidence_shift --diag_config outputs/week8_data/ablation_configs/no_confidence_shift_diag.yaml --policy_config outputs/week8_data/ablation_configs/no_confidence_shift_policy.yaml --vector_manifest outputs/week8_ablations/no_confidence_shift/vectorized/vectorized_manifest.json --diagnostic_checkpoint outputs/week8_ablations/no_confidence_shift/diagnostic_checkpoints/diag_deep_sets_standard_seed42.best.pt --policy_checkpoint outputs/week8_ablations/no_confidence_shift/policy_checkpoints/policy_deep_sets_standard_lambda0_seed42.best.pt --output_dir outputs/week8_ablations/no_confidence_shift/freeze --approve_freeze --overwrite"
	User time (seconds): 1.75
	System time (seconds): 5.31
	Percent of CPU this job got: 527%
	Elapsed (wall clock) time (h:mm:ss or m:ss): 0:01.33
	Average shared text size (kbytes): 0
	Average unshared data size (kbytes): 0
	Average stack size (kbytes): 0
	Average total size (kbytes): 0
	Maximum resident set size (kbytes): 431052
	Average resident set size (kbytes): 0
	Major (requiring I/O) page faults: 0
	Minor (reclaiming a frame) page faults: 62324
	Voluntary context switches: 160
	Involuntary context switches: 131797
	Swaps: 0
	File system inputs: 0
	File system outputs: 16
	Socket messages sent: 0
	Socket messages received: 0
	Signals delivered: 0
	Page size (bytes): 4096
	Exit status: 0
no_confidence_shift stack freeze exit code: 0
===== no_confidence_shift validation frontier =====
Timeout 1200s; worker ceiling remaining 7835s
{
  "ablation_id": "no_confidence_shift",
  "aps_sha256": "3ea2c94b4c38a8b8eb81037b9815deacde012e80d6be62615499c01fc3462d3e",
  "base_model_instances": 1404,
  "budgets": [
    1,
    2,
    3,
    4,
    7
  ],
  "calibration_used": false,
  "coverages": [
    0.9,
    0.95
  ],
  "csv_path": "outputs/week8_ablations/no_confidence_shift/frontier/frontier_validation.csv",
  "csv_sha256": "e339a05dc29745dff09b5b4f78dcdf3ad4a4da2281f6f8df0b11790fc4a7b3e5",
  "diagnostic_checkpoint_sha256": "7e0475e2f462298c40c0626ce5fd77ed65925f332a0b09c3f25b08ce5e111fbb",
  "evaluation_split": "val",
  "format_version": "week8_ablation_frontier_v1",
  "freeze_manifest_sha256": "def37b88189af9383b5a7116a381aeccaa6b0d368d2af2f0e07b0c67207dc852",
  "global_aps_evaluation_split": "val",
  "global_aps_fit_split": "val",
  "global_aps_thresholds": {
    "0.9": 0.9999996423721313,
    "0.95": 1.0
  },
  "heldout_shift_used": false,
  "manifest_sha256": "708028514d4b1783fd43627df9b8cb77463104d0ea908468cbbc93e678793533",
  "policy_checkpoint_sha256": "3e8f7cb8a5b93a5b3c11cc5faa405f51810260c0cb5f1f6afc4b6607356f3978",
  "post_test_tuning_used": false,
  "report_sha256": "36ef081216c59db6e19b7c791b8d12e72ada859503b4c9871dfcf7d213d950fd",
  "seed": 42,
  "status": "COMPLETE",
  "summaries": {
    "proactive_global_aps|1|0.9": {
      "action_counts": {
        "blank": 1005,
        "blur": 260,
        "crop": 9,
        "grounding": 126,
        "noise": 4,
        "stop": 1404
      },
      "diagnostic": {
        "record_count": 1404,
        "signature_mse": 0.022359699831758558,
        "six_way_balanced_accuracy": 0.659071078797245,
        "six_way_confusion_matrix": [
          [
            113,
            0,
            7,
            2,
            34,
            31
          ],
          [
            4,
            378,
            3,
            1,
            6,
            0
          ],
          [
            2,
            0,
            25,
            2,
            15,
            0
          ],
          [
            59,
            56,
            57,
            413,
            10,
            0
          ],
          [
            4,
            0,
            3,
            0,
            5,
            0
          ],
          [
            32,
            0,
            4,
            0,
            15,
            123
          ]
        ],
        "six_way_labels": [
          "visual",
          "language-prior",
          "alignment",
          "mixed",
          "unclear",
          "no-failure"
        ],
        "six_way_macro_f1": 0.5828313659090273,
        "source_bit_auroc": {
          "alignment": 0.9847715841543003,
          "language": 0.9847046671892351,
          "visual": 0.939613610208675
        },
        "source_bit_hamming_loss": 0.09377967711301044,
        "source_bit_macro_f1": 0.9008351216187295,
        "source_bit_micro_f1": 0.8988476312419974
      },
      "mean_acquisition_cost": 1.0,
      "prediction_sets": {
        "average_set_size": 2.9465811965811968,
        "coverage": 0.9408831908831908,
        "empty_set_rate": 0.03917378917378917,
        "singleton_rate": 0.30626780626780625
      },
      "row_count": 1404
    },
    "proactive_global_aps|1|0.95": {
      "action_counts": {
        "blank": 1005,
        "blur": 260,
        "crop": 9,
        "grounding": 126,
        "noise": 4,
        "stop": 1404
      },
      "diagnostic": {
        "record_count": 1404,
        "signature_mse": 0.022359699831758558,
        "six_way_balanced_accuracy": 0.659071078797245,
        "six_way_confusion_matrix": [
          [
            113,
            0,
            7,
            2,
            34,
            31
          ],
          [
            4,
            378,
            3,
            1,
            6,
            0
          ],
          [
            2,
            0,
            25,
            2,
            15,
            0
          ],
          [
            59,
            56,
            57,
            413,
            10,
            0
          ],
          [
            4,
            0,
            3,
            0,
            5,
            0
          ],
          [
            32,
            0,
            4,
            0,
            15,
            123
          ]
        ],
        "six_way_labels": [
          "visual",
          "language-prior",
          "alignment",
          "mixed",
          "unclear",
          "no-failure"
        ],
        "six_way_macro_f1": 0.5828313659090273,
        "source_bit_auroc": {
          "alignment": 0.9847715841543003,
          "language": 0.9847046671892351,
          "visual": 0.939613610208675
        },
        "source_bit_hamming_loss": 0.09377967711301044,
        "source_bit_macro_f1": 0.9008351216187295,
        "source_bit_micro_f1": 0.8988476312419974
      },
      "mean_acquisition_cost": 1.0,
      "prediction_sets": {
        "average_set_size": 4.81980056980057,
        "coverage": 0.9985754985754985,
        "empty_set_rate": 0.0,
        "singleton_rate": 0.03561253561253561
      },
      "row_count": 1404
    },
    "proactive_global_aps|2|0.9": {
      "action_counts": {
        "blank": 1164,
        "blur": 788,
        "brightness": 186,
        "crop": 365,
        "grounding": 294,
        "noise": 7,
        "stop": 1404
      },
      "diagnostic": {
        "record_count": 1404,
        "signature_mse": 0.011457731624807144,
        "six_way_balanced_accuracy": 0.8225894485275824,
        "six_way_confusion_matrix": [
          [
            151,
            0,
            1,
            0,
            21,
            14
          ],
          [
            1,
            385,
            0,
            1,
            2,
            3
          ],
          [
            0,
            0,
            38,
            1,
            5,
            0
          ],
          [
            22,
            43,
            49,
            474,
            5,
            2
          ],
          [
            1,
            0,
            0,
            0,
            9,
            2
          ],
          [
            2,
            0,
            2,
            0,
            42,
            128
          ]
        ],
        "six_way_labels": [
          "visual",
          "language-prior",
          "alignment",
          "mixed",
          "unclear",
          "no-failure"
        ],
        "six_way_macro_f1": 0.700180436681014,
        "source_bit_auroc": {
          "alignment": 0.9923411065386374,
          "language": 0.995780668234372,
          "visual": 0.9745821918505768
        },
        "source_bit_hamming_loss": 0.04962013295346629,
        "source_bit_macro_f1": 0.9471800156157392,
        "source_bit_micro_f1": 0.9456719521705225
      },
      "mean_acquisition_cost": 1.997150997150997,
      "prediction_sets": {
        "average_set_size": 2.46011396011396,
        "coverage": 0.9052706552706553,
        "empty_set_rate": 0.08333333333333333,
        "singleton_rate": 0.306980056980057
      },
      "row_count": 1404
    },
    "proactive_global_aps|2|0.95": {
      "action_counts": {
        "blank": 1164,
        "blur": 788,
        "brightness": 186,
        "crop": 365,
        "grounding": 294,
        "noise": 7,
        "stop": 1404
      },
      "diagnostic": {
        "record_count": 1404,
        "signature_mse": 0.011457731624807144,
        "six_way_balanced_accuracy": 0.8225894485275824,
        "six_way_confusion_matrix": [
          [
            151,
            0,
            1,
            0,
            21,
            14
          ],
          [
            1,
            385,
            0,
            1,
            2,
            3
          ],
          [
            0,
            0,
            38,
            1,
            5,
            0
          ],
          [
            22,
            43,
            49,
            474,
            5,
            2
          ],
          [
            1,
            0,
            0,
            0,
            9,
            2
          ],
          [
            2,
            0,
            2,
            0,
            42,
            128
          ]
        ],
        "six_way_labels": [
          "visual",
          "language-prior",
          "alignment",
          "mixed",
          "unclear",
          "no-failure"
        ],
        "six_way_macro_f1": 0.700180436681014,
        "source_bit_auroc": {
          "alignment": 0.9923411065386374,
          "language": 0.995780668234372,
          "visual": 0.9745821918505768
        },
        "source_bit_hamming_loss": 0.04962013295346629,
        "source_bit_macro_f1": 0.9471800156157392,
        "source_bit_micro_f1": 0.9456719521705225
      },
      "mean_acquisition_cost": 1.997150997150997,
      "prediction_sets": {
        "average_set_size": 4.235042735042735,
        "coverage": 0.9985754985754985,
        "empty_set_rate": 0.0,
        "singleton_rate": 0.0876068376068376
      },
      "row_count": 1404
    },
    "proactive_global_aps|3|0.9": {
      "action_counts": {
        "blank": 1272,
        "blur": 860,
        "brightness": 252,
        "crop": 742,
        "grounding": 981,
        "noise": 13,
        "relation": 3,
        "stop": 1404
      },
      "diagnostic": {
        "record_count": 1404,
        "signature_mse": 0.0065905149920075816,
        "six_way_balanced_accuracy": 0.8662992051575071,
        "six_way_confusion_matrix": [
          [
            164,
            0,
            0,
            0,
            13,
            10
          ],
          [
            0,
            390,
            0,
            0,
            0,
            2
          ],
          [
            0,
            0,
            42,
            0,
            2,
            0
          ],
          [
            9,
            31,
            24,
            527,
            2,
            2
          ],
          [
            0,
            0,
            0,
            0,
            9,
            3
          ],
          [
            0,
            0,
            0,
            0,
            46,
            128
          ]
        ],
        "six_way_labels": [
          "visual",
          "language-prior",
          "alignment",
          "mixed",
          "unclear",
          "no-failure"
        ],
        "six_way_macro_f1": 0.7650574265856108,
        "source_bit_auroc": {
          "alignment": 0.9983289686993391,
          "language": 0.9989528218694885,
          "visual": 0.9838233646668227
        },
        "source_bit_hamming_loss": 0.0251661918328585,
        "source_bit_macro_f1": 0.974018437365633,
        "source_bit_micro_f1": 0.972764645426516
      },
      "mean_acquisition_cost": 2.9366096866096867,
      "prediction_sets": {
        "average_set_size": 2.385327635327635,
        "coverage": 0.8924501424501424,
        "empty_set_rate": 0.10042735042735043,
        "singleton_rate": 0.18732193732193733
      },
      "row_count": 1404
    },
    "proactive_global_aps|3|0.95": {
      "action_counts": {
        "blank": 1272,
        "blur": 860,
        "brightness": 252,
        "crop": 742,
        "grounding": 981,
        "noise": 13,
        "relation": 3,
        "stop": 1404
      },
      "diagnostic": {
        "record_count": 1404,
        "signature_mse": 0.0065905149920075816,
        "six_way_balanced_accuracy": 0.8662992051575071,
        "six_way_confusion_matrix": [
          [
            164,
            0,
            0,
            0,
            13,
            10
          ],
          [
            0,
            390,
            0,
            0,
            0,
            2
          ],
          [
            0,
            0,
            42,
            0,
            2,
            0
          ],
          [
            9,
            31,
            24,
            527,
            2,
            2
          ],
          [
            0,
            0,
            0,
            0,
            9,
            3
          ],
          [
            0,
            0,
            0,
            0,
            46,
            128
          ]
        ],
        "six_way_labels": [
          "visual",
          "language-prior",
          "alignment",
          "mixed",
          "unclear",
          "no-failure"
        ],
        "six_way_macro_f1": 0.7650574265856108,
        "source_bit_auroc": {
          "alignment": 0.9983289686993391,
          "language": 0.9989528218694885,
          "visual": 0.9838233646668227
        },
        "source_bit_hamming_loss": 0.0251661918328585,
        "source_bit_macro_f1": 0.974018437365633,
        "source_bit_micro_f1": 0.972764645426516
      },
      "mean_acquisition_cost": 2.9366096866096867,
      "prediction_sets": {
        "average_set_size": 4.467948717948718,
        "coverage": 0.9985754985754985,
        "empty_set_rate": 0.0,
        "singleton_rate": 0.11823361823361823
      },
      "row_count": 1404
    },
    "proactive_global_aps|4|0.9": {
      "action_counts": {
        "blank": 1352,
        "blur": 1261,
        "brightness": 378,
        "crop": 1081,
        "grounding": 1201,
        "noise": 58,
        "relation": 6,
        "stop": 1404
      },
      "diagnostic": {
        "record_count": 1404,
        "signature_mse": 0.004654862505591161,
        "six_way_balanced_accuracy": 0.914594071693463,
        "six_way_confusion_matrix": [
          [
            180,
            0,
            0,
            0,
            2,
            5
          ],
          [
            0,
            392,
            0,
            0,
            0,
            0
          ],
          [
            0,
            0,
            44,
            0,
            0,
            0
          ],
          [
            3,
            18,
            11,
            562,
            1,
            0
          ],
          [
            0,
            0,
            0,
            0,
            10,
            2
          ],
          [
            0,
            0,
            0,
            0,
            44,
            130
          ]
        ],
        "six_way_labels": [
          "visual",
          "language-prior",
          "alignment",
          "mixed",
          "unclear",
          "no-failure"
        ],
        "six_way_macro_f1": 0.8227939776716092,
        "source_bit_auroc": {
          "alignment": 0.9992102090867523,
          "language": 0.9999020184205369,
          "visual": 0.9942397979448219
        },
        "source_bit_hamming_loss": 0.013770180436847104,
        "source_bit_macro_f1": 0.9859999896686239,
        "source_bit_micro_f1": 0.9852642276422764
      },
      "mean_acquisition_cost": 3.801282051282051,
      "prediction_sets": {
        "average_set_size": 2.675213675213675,
        "coverage": 0.8888888888888888,
        "empty_set_rate": 0.10897435897435898,
        "singleton_rate": 0.17307692307692307
      },
      "row_count": 1404
    },
    "proactive_global_aps|4|0.95": {
      "action_counts": {
        "blank": 1352,
        "blur": 1261,
        "brightness": 378,
        "crop": 1081,
        "grounding": 1201,
        "noise": 58,
        "relation": 6,
        "stop": 1404
      },
      "diagnostic": {
        "record_count": 1404,
        "signature_mse": 0.004654862505591161,
        "six_way_balanced_accuracy": 0.914594071693463,
        "six_way_confusion_matrix": [
          [
            180,
            0,
            0,
            0,
            2,
            5
          ],
          [
            0,
            392,
            0,
            0,
            0,
            0
          ],
          [
            0,
            0,
            44,
            0,
            0,
            0
          ],
          [
            3,
            18,
            11,
            562,
            1,
            0
          ],
          [
            0,
            0,
            0,
            0,
            10,
            2
          ],
          [
            0,
            0,
            0,
            0,
            44,
            130
          ]
        ],
        "six_way_labels": [
          "visual",
          "language-prior",
          "alignment",
          "mixed",
          "unclear",
          "no-failure"
        ],
        "six_way_macro_f1": 0.8227939776716092,
        "source_bit_auroc": {
          "alignment": 0.9992102090867523,
          "language": 0.9999020184205369,
          "visual": 0.9942397979448219
        },
        "source_bit_hamming_loss": 0.013770180436847104,
        "source_bit_macro_f1": 0.9859999896686239,
        "source_bit_micro_f1": 0.9852642276422764
      },
      "mean_acquisition_cost": 3.801282051282051,
      "prediction_sets": {
        "average_set_size": 4.346153846153846,
        "coverage": 1.0,
        "empty_set_rate": 0.0,
        "singleton_rate": 0.12321937321937322
      },
      "row_count": 1404
    },
    "proactive_global_aps|7|0.9": {
      "action_counts": {
        "blank": 1372,
        "blur": 1328,
        "brightness": 787,
        "crop": 1154,
        "grounding": 1261,
        "noise": 847,
        "relation": 11,
        "stop": 1404
      },
      "diagnostic": {
        "record_count": 1404,
        "signature_mse": 0.004359832898714055,
        "six_way_balanced_accuracy": 0.921880936282559,
        "six_way_confusion_matrix": [
          [
            187,
            0,
            0,
            0,
            0,
            0
          ],
          [
            0,
            392,
            0,
            0,
            0,
            0
          ],
          [
            0,
            0,
            44,
            0,
            0,
            0
          ],
          [
            4,
            11,
            4,
            576,
            0,
            0
          ],
          [
            0,
            0,
            0,
            0,
            10,
            2
          ],
          [
            0,
            0,
            0,
            0,
            47,
            127
          ]
        ],
        "six_way_labels": [
          "visual",
          "language-prior",
          "alignment",
          "mixed",
          "unclear",
          "no-failure"
        ],
        "six_way_macro_f1": 0.8406694505121423,
        "source_bit_auroc": {
          "alignment": 0.9997194163860831,
          "language": 0.9998489450649946,
          "visual": 0.9991160085954924
        },
        "source_bit_hamming_loss": 0.006885090218423552,
        "source_bit_macro_f1": 0.9927426779676836,
        "source_bit_micro_f1": 0.9926896899420217
      },
      "mean_acquisition_cost": 4.814814814814815,
      "prediction_sets": {
        "average_set_size": 2.6232193732193734,
        "coverage": 0.8817663817663818,
        "empty_set_rate": 0.11538461538461539,
        "singleton_rate": 0.2264957264957265
      },
      "row_count": 1404
    },
    "proactive_global_aps|7|0.95": {
      "action_counts": {
        "blank": 1372,
        "blur": 1328,
        "brightness": 787,
        "crop": 1154,
        "grounding": 1261,
        "noise": 847,
        "relation": 11,
        "stop": 1404
      },
      "diagnostic": {
        "record_count": 1404,
        "signature_mse": 0.004359832898714055,
        "six_way_balanced_accuracy": 0.921880936282559,
        "six_way_confusion_matrix": [
          [
            187,
            0,
            0,
            0,
            0,
            0
          ],
          [
            0,
            392,
            0,
            0,
            0,
            0
          ],
          [
            0,
            0,
            44,
            0,
            0,
            0
          ],
          [
            4,
            11,
            4,
            576,
            0,
            0
          ],
          [
            0,
            0,
            0,
            0,
            10,
            2
          ],
          [
            0,
            0,
            0,
            0,
            47,
            127
          ]
        ],
        "six_way_labels": [
          "visual",
          "language-prior",
          "alignment",
          "mixed",
          "unclear",
          "no-failure"
        ],
        "six_way_macro_f1": 0.8406694505121423,
        "source_bit_auroc": {
          "alignment": 0.9997194163860831,
          "language": 0.9998489450649946,
          "visual": 0.9991160085954924
        },
        "source_bit_hamming_loss": 0.006885090218423552,
        "source_bit_macro_f1": 0.9927426779676836,
        "source_bit_micro_f1": 0.9926896899420217
      },
      "mean_acquisition_cost": 4.814814814814815,
      "prediction_sets": {
        "average_set_size": 4.321225071225071,
        "coverage": 1.0,
        "empty_set_rate": 0.0,
        "singleton_rate": 0.14245014245014245
      },
      "row_count": 1404
    },
    "proactive_no_stop|1|0.9": {
      "action_counts": {
        "blank": 1005,
        "blur": 260,
        "crop": 9,
        "grounding": 126,
        "noise": 4,
        "stop": 1404
      },
      "diagnostic": {
        "record_count": 1404,
        "signature_mse": 0.022359699831758558,
        "six_way_balanced_accuracy": 0.659071078797245,
        "six_way_confusion_matrix": [
          [
            113,
            0,
            7,
            2,
            34,
            31
          ],
          [
            4,
            378,
            3,
            1,
            6,
            0
          ],
          [
            2,
            0,
            25,
            2,
            15,
            0
          ],
          [
            59,
            56,
            57,
            413,
            10,
            0
          ],
          [
            4,
            0,
            3,
            0,
            5,
            0
          ],
          [
            32,
            0,
            4,
            0,
            15,
            123
          ]
        ],
        "six_way_labels": [
          "visual",
          "language-prior",
          "alignment",
          "mixed",
          "unclear",
          "no-failure"
        ],
        "six_way_macro_f1": 0.5828313659090273,
        "source_bit_auroc": {
          "alignment": 0.9847715841543003,
          "language": 0.9847046671892351,
          "visual": 0.939613610208675
        },
        "source_bit_hamming_loss": 0.09377967711301044,
        "source_bit_macro_f1": 0.9008351216187295,
        "source_bit_micro_f1": 0.8988476312419974
      },
      "mean_acquisition_cost": 1.0,
      "prediction_sets": {
        "average_set_size": 2.4266381766381766,
        "coverage": 0.8603988603988604,
        "empty_set_rate": 0.08903133903133903,
        "singleton_rate": 0.42735042735042733
      },
      "row_count": 1404
    },
    "proactive_no_stop|1|0.95": {
      "action_counts": {
        "blank": 1005,
        "blur": 260,
        "crop": 9,
        "grounding": 126,
        "noise": 4,
        "stop": 1404
      },
      "diagnostic": {
        "record_count": 1404,
        "signature_mse": 0.022359699831758558,
        "six_way_balanced_accuracy": 0.659071078797245,
        "six_way_confusion_matrix": [
          [
            113,
            0,
            7,
            2,
            34,
            31
          ],
          [
            4,
            378,
            3,
            1,
            6,
            0
          ],
          [
            2,
            0,
            25,
            2,
            15,
            0
          ],
          [
            59,
            56,
            57,
            413,
            10,
            0
          ],
          [
            4,
            0,
            3,
            0,
            5,
            0
          ],
          [
            32,
            0,
            4,
            0,
            15,
            123
          ]
        ],
        "six_way_labels": [
          "visual",
          "language-prior",
          "alignment",
          "mixed",
          "unclear",
          "no-failure"
        ],
        "six_way_macro_f1": 0.5828313659090273,
        "source_bit_auroc": {
          "alignment": 0.9847715841543003,
          "language": 0.9847046671892351,
          "visual": 0.939613610208675
        },
        "source_bit_hamming_loss": 0.09377967711301044,
        "source_bit_macro_f1": 0.9008351216187295,
        "source_bit_micro_f1": 0.8988476312419974
      },
      "mean_acquisition_cost": 1.0,
      "prediction_sets": {
        "average_set_size": 2.7037037037037037,
        "coverage": 0.9131054131054132,
        "empty_set_rate": 0.05982905982905983,
        "singleton_rate": 0.35683760683760685
      },
      "row_count": 1404
    },
    "proactive_no_stop|2|0.9": {
      "action_counts": {
        "blank": 1167,
        "blur": 788,
        "brightness": 187,
        "crop": 365,
        "grounding": 294,
        "noise": 7,
        "stop": 1404
      },
      "diagnostic": {
        "record_count": 1404,
        "signature_mse": 0.01145437335566267,
        "six_way_balanced_accuracy": 0.8225894485275824,
        "six_way_confusion_matrix": [
          [
            151,
            0,
            1,
            0,
            21,
            14
          ],
          [
            1,
            385,
            0,
            1,
            2,
            3
          ],
          [
            0,
            0,
            38,
            1,
            5,
            0
          ],
          [
            22,
            43,
            49,
            474,
            5,
            2
          ],
          [
            1,
            0,
            0,
            0,
            9,
            2
          ],
          [
            2,
            0,
            2,
            0,
            42,
            128
          ]
        ],
        "six_way_labels": [
          "visual",
          "language-prior",
          "alignment",
          "mixed",
          "unclear",
          "no-failure"
        ],
        "six_way_macro_f1": 0.700180436681014,
        "source_bit_auroc": {
          "alignment": 0.9923411065386374,
          "language": 0.9958133287608596,
          "visual": 0.974582191850577
        },
        "source_bit_hamming_loss": 0.04962013295346629,
        "source_bit_macro_f1": 0.9471800156157392,
        "source_bit_micro_f1": 0.9456719521705225
      },
      "mean_acquisition_cost": 2.0,
      "prediction_sets": {
        "average_set_size": 2.019230769230769,
        "coverage": 0.8361823361823362,
        "empty_set_rate": 0.1339031339031339,
        "singleton_rate": 0.42663817663817666
      },
      "row_count": 1404
    },
    "proactive_no_stop|2|0.95": {
      "action_counts": {
        "blank": 1167,
        "blur": 788,
        "brightness": 187,
        "crop": 365,
        "grounding": 294,
        "noise": 7,
        "stop": 1404
      },
      "diagnostic": {
        "record_count": 1404,
        "signature_mse": 0.01145437335566267,
        "six_way_balanced_accuracy": 0.8225894485275824,
        "six_way_confusion_matrix": [
          [
            151,
            0,
            1,
            0,
            21,
            14
          ],
          [
            1,
            385,
            0,
            1,
            2,
            3
          ],
          [
            0,
            0,
            38,
            1,
            5,
            0
          ],
          [
            22,
            43,
            49,
            474,
            5,
            2
          ],
          [
            1,
            0,
            0,
            0,
            9,
            2
          ],
          [
            2,
            0,
            2,
            0,
            42,
            128
          ]
        ],
        "six_way_labels": [
          "visual",
          "language-prior",
          "alignment",
          "mixed",
          "unclear",
          "no-failure"
        ],
        "six_way_macro_f1": 0.700180436681014,
        "source_bit_auroc": {
          "alignment": 0.9923411065386374,
          "language": 0.9958133287608596,
          "visual": 0.974582191850577
        },
        "source_bit_hamming_loss": 0.04962013295346629,
        "source_bit_macro_f1": 0.9471800156157392,
        "source_bit_micro_f1": 0.9456719521705225
      },
      "mean_acquisition_cost": 2.0,
      "prediction_sets": {
        "average_set_size": 2.3304843304843303,
        "coverage": 0.9002849002849003,
        "empty_set_rate": 0.08475783475783476,
        "singleton_rate": 0.36182336182336183
      },
      "row_count": 1404
    },
    "proactive_no_stop|3|0.9": {
      "action_counts": {
        "blank": 1273,
        "blur": 862,
        "brightness": 259,
        "crop": 777,
        "grounding": 1012,
        "noise": 26,
        "relation": 3,
        "stop": 1404
      },
      "diagnostic": {
        "record_count": 1404,
        "signature_mse": 0.006597663514072219,
        "six_way_balanced_accuracy": 0.8662992051575071,
        "six_way_confusion_matrix": [
          [
            164,
            0,
            0,
            0,
            13,
            10
          ],
          [
            0,
            390,
            0,
            0,
            0,
            2
          ],
          [
            0,
            0,
            42,
            0,
            2,
            0
          ],
          [
            9,
            31,
            24,
            527,
            2,
            2
          ],
          [
            0,
            0,
            0,
            0,
            9,
            3
          ],
          [
            0,
            0,
            0,
            0,
            46,
            128
          ]
        ],
        "six_way_labels": [
          "visual",
          "language-prior",
          "alignment",
          "mixed",
          "unclear",
          "no-failure"
        ],
        "six_way_macro_f1": 0.7650574265856108,
        "source_bit_auroc": {
          "alignment": 0.9983518310678805,
          "language": 0.9989303677575283,
          "visual": 0.9838803963703394
        },
        "source_bit_hamming_loss": 0.0251661918328585,
        "source_bit_macro_f1": 0.974018437365633,
        "source_bit_micro_f1": 0.972764645426516
      },
      "mean_acquisition_cost": 3.0,
      "prediction_sets": {
        "average_set_size": 1.853988603988604,
        "coverage": 0.8368945868945868,
        "empty_set_rate": 0.14316239316239315,
        "singleton_rate": 0.4650997150997151
      },
      "row_count": 1404
    },
    "proactive_no_stop|3|0.95": {
      "action_counts": {
        "blank": 1273,
        "blur": 862,
        "brightness": 259,
        "crop": 777,
        "grounding": 1012,
        "noise": 26,
        "relation": 3,
        "stop": 1404
      },
      "diagnostic": {
        "record_count": 1404,
        "signature_mse": 0.006597663514072219,
        "six_way_balanced_accuracy": 0.8662992051575071,
        "six_way_confusion_matrix": [
          [
            164,
            0,
            0,
            0,
            13,
            10
          ],
          [
            0,
            390,
            0,
            0,
            0,
            2
          ],
          [
            0,
            0,
            42,
            0,
            2,
            0
          ],
          [
            9,
            31,
            24,
            527,
            2,
            2
          ],
          [
            0,
            0,
            0,
            0,
            9,
            3
          ],
          [
            0,
            0,
            0,
            0,
            46,
            128
          ]
        ],
        "six_way_labels": [
          "visual",
          "language-prior",
          "alignment",
          "mixed",
          "unclear",
          "no-failure"
        ],
        "six_way_macro_f1": 0.7650574265856108,
        "source_bit_auroc": {
          "alignment": 0.9983518310678805,
          "language": 0.9989303677575283,
          "visual": 0.9838803963703394
        },
        "source_bit_hamming_loss": 0.0251661918328585,
        "source_bit_macro_f1": 0.974018437365633,
        "source_bit_micro_f1": 0.972764645426516
      },
      "mean_acquisition_cost": 3.0,
      "prediction_sets": {
        "average_set_size": 2.6018518518518516,
        "coverage": 0.8981481481481481,
        "empty_set_rate": 0.099002849002849,
        "singleton_rate": 0.13105413105413105
      },
      "row_count": 1404
    },
    "proactive_no_stop|4|0.9": {
      "action_counts": {
        "blank": 1356,
        "blur": 1271,
        "brightness": 413,
        "crop": 1184,
        "grounding": 1275,
        "noise": 111,
        "relation": 6,
        "stop": 1404
      },
      "diagnostic": {
        "record_count": 1404,
        "signature_mse": 0.004594866967863884,
        "six_way_balanced_accuracy": 0.9157145198727347,
        "six_way_confusion_matrix": [
          [
            180,
            0,
            0,
            0,
            2,
            5
          ],
          [
            0,
            392,
            0,
            0,
            0,
            0
          ],
          [
            0,
            0,
            44,
            0,
            0,
            0
          ],
          [
            2,
            15,
            11,
            566,
            1,
            0
          ],
          [
            0,
            0,
            0,
            0,
            10,
            2
          ],
          [
            0,
            0,
            0,
            0,
            44,
            130
          ]
        ],
        "six_way_labels": [
          "visual",
          "language-prior",
          "alignment",
          "mixed",
          "unclear",
          "no-failure"
        ],
        "six_way_macro_f1": 0.8244357742523464,
        "source_bit_auroc": {
          "alignment": 0.9993078937523383,
          "language": 0.9999101835521589,
          "visual": 0.9945290301555134
        },
        "source_bit_hamming_loss": 0.01282051282051282,
        "source_bit_macro_f1": 0.987016156309227,
        "source_bit_micro_f1": 0.9863013698630136
      },
      "mean_acquisition_cost": 4.0,
      "prediction_sets": {
        "average_set_size": 1.7706552706552707,
        "coverage": 0.8190883190883191,
        "empty_set_rate": 0.17236467236467237,
        "singleton_rate": 0.43874643874643876
      },
      "row_count": 1404
    },
    "proactive_no_stop|4|0.95": {
      "action_counts": {
        "blank": 1356,
        "blur": 1271,
        "brightness": 413,
        "crop": 1184,
        "grounding": 1275,
        "noise": 111,
        "relation": 6,
        "stop": 1404
      },
      "diagnostic": {
        "record_count": 1404,
        "signature_mse": 0.004594866967863884,
        "six_way_balanced_accuracy": 0.9157145198727347,
        "six_way_confusion_matrix": [
          [
            180,
            0,
            0,
            0,
            2,
            5
          ],
          [
            0,
            392,
            0,
            0,
            0,
            0
          ],
          [
            0,
            0,
            44,
            0,
            0,
            0
          ],
          [
            2,
            15,
            11,
            566,
            1,
            0
          ],
          [
            0,
            0,
            0,
            0,
            10,
            2
          ],
          [
            0,
            0,
            0,
            0,
            44,
            130
          ]
        ],
        "six_way_labels": [
          "visual",
          "language-prior",
          "alignment",
          "mixed",
          "unclear",
          "no-failure"
        ],
        "six_way_macro_f1": 0.8244357742523464,
        "source_bit_auroc": {
          "alignment": 0.9993078937523383,
          "language": 0.9999101835521589,
          "visual": 0.9945290301555134
        },
        "source_bit_hamming_loss": 0.01282051282051282,
        "source_bit_macro_f1": 0.987016156309227,
        "source_bit_micro_f1": 0.9863013698630136
      },
      "mean_acquisition_cost": 4.0,
      "prediction_sets": {
        "average_set_size": 2.9715099715099713,
        "coverage": 0.9002849002849003,
        "empty_set_rate": 0.099002849002849,
        "singleton_rate": 0.1388888888888889
      },
      "row_count": 1404
    },
    "proactive_no_stop|7|0.9": {
      "action_counts": {
        "blank": 1404,
        "blur": 1404,
        "brightness": 1404,
        "crop": 1404,
        "grounding": 1404,
        "noise": 1404,
        "relation": 16,
        "stop": 1404
      },
      "diagnostic": {
        "record_count": 1404,
        "signature_mse": 0.0037609305583519172,
        "six_way_balanced_accuracy": 0.9243510152232263,
        "six_way_confusion_matrix": [
          [
            186,
            0,
            0,
            1,
            0,
            0
          ],
          [
            0,
            392,
            0,
            0,
            0,
            0
          ],
          [
            0,
            0,
            44,
            0,
            0,
            0
          ],
          [
            3,
            1,
            3,
            588,
            0,
            0
          ],
          [
            0,
            0,
            0,
            0,
            10,
            2
          ],
          [
            0,
            0,
            0,
            0,
            47,
            127
          ]
        ],
        "six_way_labels": [
          "visual",
          "language-prior",
          "alignment",
          "mixed",
          "unclear",
          "no-failure"
        ],
        "six_way_macro_f1": 0.846083821316693,
        "source_bit_auroc": {
          "alignment": 0.9999709024400382,
          "language": 0.9998734404598603,
          "visual": 0.9999083419050626
        },
        "source_bit_hamming_loss": 0.004273504273504274,
        "source_bit_macro_f1": 0.9955715084201531,
        "source_bit_micro_f1": 0.9954796584630838
      },
      "mean_acquisition_cost": 6.011396011396012,
      "prediction_sets": {
        "average_set_size": 2.1965811965811968,
        "coverage": 0.8618233618233618,
        "empty_set_rate": 0.1346153846153846,
        "singleton_rate": 0.2841880341880342
      },
      "row_count": 1404
    },
    "proactive_no_stop|7|0.95": {
      "action_counts": {
        "blank": 1404,
        "blur": 1404,
        "brightness": 1404,
        "crop": 1404,
        "grounding": 1404,
        "noise": 1404,
        "relation": 16,
        "stop": 1404
      },
      "diagnostic": {
        "record_count": 1404,
        "signature_mse": 0.0037609305583519172,
        "six_way_balanced_accuracy": 0.9243510152232263,
        "six_way_confusion_matrix": [
          [
            186,
            0,
            0,
            1,
            0,
            0
          ],
          [
            0,
            392,
            0,
            0,
            0,
            0
          ],
          [
            0,
            0,
            44,
            0,
            0,
            0
          ],
          [
            3,
            1,
            3,
            588,
            0,
            0
          ],
          [
            0,
            0,
            0,
            0,
            10,
            2
          ],
          [
            0,
            0,
            0,
            0,
            47,
            127
          ]
        ],
        "six_way_labels": [
          "visual",
          "language-prior",
          "alignment",
          "mixed",
          "unclear",
          "no-failure"
        ],
        "six_way_macro_f1": 0.846083821316693,
        "source_bit_auroc": {
          "alignment": 0.9999709024400382,
          "language": 0.9998734404598603,
          "visual": 0.9999083419050626
        },
        "source_bit_hamming_loss": 0.004273504273504274,
        "source_bit_macro_f1": 0.9955715084201531,
        "source_bit_micro_f1": 0.9954796584630838
      },
      "mean_acquisition_cost": 6.011396011396012,
      "prediction_sets": {
        "average_set_size": 3.6296296296296298,
        "coverage": 0.905982905982906,
        "empty_set_rate": 0.0933048433048433,
        "singleton_rate": 0.15313390313390313
      },
      "row_count": 1404
    },
    "proactive|1|0.9": {
      "action_counts": {
        "blank": 1005,
        "blur": 260,
        "crop": 9,
        "grounding": 126,
        "noise": 4,
        "stop": 1404
      },
      "diagnostic": {
        "record_count": 1404,
        "signature_mse": 0.022359699831758558,
        "six_way_balanced_accuracy": 0.659071078797245,
        "six_way_confusion_matrix": [
          [
            113,
            0,
            7,
            2,
            34,
            31
          ],
          [
            4,
            378,
            3,
            1,
            6,
            0
          ],
          [
            2,
            0,
            25,
            2,
            15,
            0
          ],
          [
            59,
            56,
            57,
            413,
            10,
            0
          ],
          [
            4,
            0,
            3,
            0,
            5,
            0
          ],
          [
            32,
            0,
            4,
            0,
            15,
            123
          ]
        ],
        "six_way_labels": [
          "visual",
          "language-prior",
          "alignment",
          "mixed",
          "unclear",
          "no-failure"
        ],
        "six_way_macro_f1": 0.5828313659090273,
        "source_bit_auroc": {
          "alignment": 0.9847715841543003,
          "language": 0.9847046671892351,
          "visual": 0.939613610208675
        },
        "source_bit_hamming_loss": 0.09377967711301044,
        "source_bit_macro_f1": 0.9008351216187295,
        "source_bit_micro_f1": 0.8988476312419974
      },
      "mean_acquisition_cost": 1.0,
      "prediction_sets": {
        "average_set_size": 2.4266381766381766,
        "coverage": 0.8603988603988604,
        "empty_set_rate": 0.08903133903133903,
        "singleton_rate": 0.42735042735042733
      },
      "row_count": 1404
    },
    "proactive|1|0.95": {
      "action_counts": {
        "blank": 1005,
        "blur": 260,
        "crop": 9,
        "grounding": 126,
        "noise": 4,
        "stop": 1404
      },
      "diagnostic": {
        "record_count": 1404,
        "signature_mse": 0.022359699831758558,
        "six_way_balanced_accuracy": 0.659071078797245,
        "six_way_confusion_matrix": [
          [
            113,
            0,
            7,
            2,
            34,
            31
          ],
          [
            4,
            378,
            3,
            1,
            6,
            0
          ],
          [
            2,
            0,
            25,
            2,
            15,
            0
          ],
          [
            59,
            56,
            57,
            413,
            10,
            0
          ],
          [
            4,
            0,
            3,
            0,
            5,
            0
          ],
          [
            32,
            0,
            4,
            0,
            15,
            123
          ]
        ],
        "six_way_labels": [
          "visual",
          "language-prior",
          "alignment",
          "mixed",
          "unclear",
          "no-failure"
        ],
        "six_way_macro_f1": 0.5828313659090273,
        "source_bit_auroc": {
          "alignment": 0.9847715841543003,
          "language": 0.9847046671892351,
          "visual": 0.939613610208675
        },
        "source_bit_hamming_loss": 0.09377967711301044,
        "source_bit_macro_f1": 0.9008351216187295,
        "source_bit_micro_f1": 0.8988476312419974
      },
      "mean_acquisition_cost": 1.0,
      "prediction_sets": {
        "average_set_size": 2.7037037037037037,
        "coverage": 0.9131054131054132,
        "empty_set_rate": 0.05982905982905983,
        "singleton_rate": 0.35683760683760685
      },
      "row_count": 1404
    },
    "proactive|2|0.9": {
      "action_counts": {
        "blank": 1164,
        "blur": 788,
        "brightness": 186,
        "crop": 365,
        "grounding": 294,
        "noise": 7,
        "stop": 1404
      },
      "diagnostic": {
        "record_count": 1404,
        "signature_mse": 0.011457731624807144,
        "six_way_balanced_accuracy": 0.8225894485275824,
        "six_way_confusion_matrix": [
          [
            151,
            0,
            1,
            0,
            21,
            14
          ],
          [
            1,
            385,
            0,
            1,
            2,
            3
          ],
          [
            0,
            0,
            38,
            1,
            5,
            0
          ],
          [
            22,
            43,
            49,
            474,
            5,
            2
          ],
          [
            1,
            0,
            0,
            0,
            9,
            2
          ],
          [
            2,
            0,
            2,
            0,
            42,
            128
          ]
        ],
        "six_way_labels": [
          "visual",
          "language-prior",
          "alignment",
          "mixed",
          "unclear",
          "no-failure"
        ],
        "six_way_macro_f1": 0.700180436681014,
        "source_bit_auroc": {
          "alignment": 0.9923411065386374,
          "language": 0.995780668234372,
          "visual": 0.9745821918505768
        },
        "source_bit_hamming_loss": 0.04962013295346629,
        "source_bit_macro_f1": 0.9471800156157392,
        "source_bit_micro_f1": 0.9456719521705225
      },
      "mean_acquisition_cost": 1.997150997150997,
      "prediction_sets": {
        "average_set_size": 2.017094017094017,
        "coverage": 0.834045584045584,
        "empty_set_rate": 0.13603988603988604,
        "singleton_rate": 0.42450142450142453
      },
      "row_count": 1404
    },
    "proactive|2|0.95": {
      "action_counts": {
        "blank": 1164,
        "blur": 788,
        "brightness": 186,
        "crop": 365,
        "grounding": 294,
        "noise": 7,
        "stop": 1404
      },
      "diagnostic": {
        "record_count": 1404,
        "signature_mse": 0.011457731624807144,
        "six_way_balanced_accuracy": 0.8225894485275824,
        "six_way_confusion_matrix": [
          [
            151,
            0,
            1,
            0,
            21,
            14
          ],
          [
            1,
            385,
            0,
            1,
            2,
            3
          ],
          [
            0,
            0,
            38,
            1,
            5,
            0
          ],
          [
            22,
            43,
            49,
            474,
            5,
            2
          ],
          [
            1,
            0,
            0,
            0,
            9,
            2
          ],
          [
            2,
            0,
            2,
            0,
            42,
            128
          ]
        ],
        "six_way_labels": [
          "visual",
          "language-prior",
          "alignment",
          "mixed",
          "unclear",
          "no-failure"
        ],
        "six_way_macro_f1": 0.700180436681014,
        "source_bit_auroc": {
          "alignment": 0.9923411065386374,
          "language": 0.995780668234372,
          "visual": 0.9745821918505768
        },
        "source_bit_hamming_loss": 0.04962013295346629,
        "source_bit_macro_f1": 0.9471800156157392,
        "source_bit_micro_f1": 0.9456719521705225
      },
      "mean_acquisition_cost": 1.997150997150997,
      "prediction_sets": {
        "average_set_size": 2.3304843304843303,
        "coverage": 0.9002849002849003,
        "empty_set_rate": 0.08475783475783476,
        "singleton_rate": 0.36182336182336183
      },
      "row_count": 1404
    },
    "proactive|3|0.9": {
      "action_counts": {
        "blank": 1272,
        "blur": 860,
        "brightness": 252,
        "crop": 742,
        "grounding": 981,
        "noise": 13,
        "relation": 3,
        "stop": 1404
      },
      "diagnostic": {
        "record_count": 1404,
        "signature_mse": 0.0065905149920075816,
        "six_way_balanced_accuracy": 0.8662992051575071,
        "six_way_confusion_matrix": [
          [
            164,
            0,
            0,
            0,
            13,
            10
          ],
          [
            0,
            390,
            0,
            0,
            0,
            2
          ],
          [
            0,
            0,
            42,
            0,
            2,
            0
          ],
          [
            9,
            31,
            24,
            527,
            2,
            2
          ],
          [
            0,
            0,
            0,
            0,
            9,
            3
          ],
          [
            0,
            0,
            0,
            0,
            46,
            128
          ]
        ],
        "six_way_labels": [
          "visual",
          "language-prior",
          "alignment",
          "mixed",
          "unclear",
          "no-failure"
        ],
        "six_way_macro_f1": 0.7650574265856108,
        "source_bit_auroc": {
          "alignment": 0.9983289686993391,
          "language": 0.9989528218694885,
          "visual": 0.9838233646668227
        },
        "source_bit_hamming_loss": 0.0251661918328585,
        "source_bit_macro_f1": 0.974018437365633,
        "source_bit_micro_f1": 0.972764645426516
      },
      "mean_acquisition_cost": 2.9366096866096867,
      "prediction_sets": {
        "average_set_size": 1.8468660968660968,
        "coverage": 0.8297720797720798,
        "empty_set_rate": 0.14957264957264957,
        "singleton_rate": 0.4594017094017094
      },
      "row_count": 1404
    },
    "proactive|3|0.95": {
      "action_counts": {
        "blank": 1272,
        "blur": 860,
        "brightness": 252,
        "crop": 742,
        "grounding": 981,
        "noise": 13,
        "relation": 3,
        "stop": 1404
      },
      "diagnostic": {
        "record_count": 1404,
        "signature_mse": 0.0065905149920075816,
        "six_way_balanced_accuracy": 0.8662992051575071,
        "six_way_confusion_matrix": [
          [
            164,
            0,
            0,
            0,
            13,
            10
          ],
          [
            0,
            390,
            0,
            0,
            0,
            2
          ],
          [
            0,
            0,
            42,
            0,
            2,
            0
          ],
          [
            9,
            31,
            24,
            527,
            2,
            2
          ],
          [
            0,
            0,
            0,
            0,
            9,
            3
          ],
          [
            0,
            0,
            0,
            0,
            46,
            128
          ]
        ],
        "six_way_labels": [
          "visual",
          "language-prior",
          "alignment",
          "mixed",
          "unclear",
          "no-failure"
        ],
        "six_way_macro_f1": 0.7650574265856108,
        "source_bit_auroc": {
          "alignment": 0.9983289686993391,
          "language": 0.9989528218694885,
          "visual": 0.9838233646668227
        },
        "source_bit_hamming_loss": 0.0251661918328585,
        "source_bit_macro_f1": 0.974018437365633,
        "source_bit_micro_f1": 0.972764645426516
      },
      "mean_acquisition_cost": 2.9366096866096867,
      "prediction_sets": {
        "average_set_size": 2.6232193732193734,
        "coverage": 0.8981481481481481,
        "empty_set_rate": 0.099002849002849,
        "singleton_rate": 0.1111111111111111
      },
      "row_count": 1404
    },
    "proactive|4|0.9": {
      "action_counts": {
        "blank": 1352,
        "blur": 1261,
        "brightness": 378,
        "crop": 1081,
        "grounding": 1201,
        "noise": 58,
        "relation": 6,
        "stop": 1404
      },
      "diagnostic": {
        "record_count": 1404,
        "signature_mse": 0.004654862505591161,
        "six_way_balanced_accuracy": 0.914594071693463,
        "six_way_confusion_matrix": [
          [
            180,
            0,
            0,
            0,
            2,
            5
          ],
          [
            0,
            392,
            0,
            0,
            0,
            0
          ],
          [
            0,
            0,
            44,
            0,
            0,
            0
          ],
          [
            3,
            18,
            11,
            562,
            1,
            0
          ],
          [
            0,
            0,
            0,
            0,
            10,
            2
          ],
          [
            0,
            0,
            0,
            0,
            44,
            130
          ]
        ],
        "six_way_labels": [
          "visual",
          "language-prior",
          "alignment",
          "mixed",
          "unclear",
          "no-failure"
        ],
        "six_way_macro_f1": 0.8227939776716092,
        "source_bit_auroc": {
          "alignment": 0.9992102090867523,
          "language": 0.9999020184205369,
          "visual": 0.9942397979448219
        },
        "source_bit_hamming_loss": 0.013770180436847104,
        "source_bit_macro_f1": 0.9859999896686239,
        "source_bit_micro_f1": 0.9852642276422764
      },
      "mean_acquisition_cost": 3.801282051282051,
      "prediction_sets": {
        "average_set_size": 1.7735042735042734,
        "coverage": 0.8247863247863247,
        "empty_set_rate": 0.16737891737891739,
        "singleton_rate": 0.44515669515669515
      },
      "row_count": 1404
    },
    "proactive|4|0.95": {
      "action_counts": {
        "blank": 1352,
        "blur": 1261,
        "brightness": 378,
        "crop": 1081,
        "grounding": 1201,
        "noise": 58,
        "relation": 6,
        "stop": 1404
      },
      "diagnostic": {
        "record_count": 1404,
        "signature_mse": 0.004654862505591161,
        "six_way_balanced_accuracy": 0.914594071693463,
        "six_way_confusion_matrix": [
          [
            180,
            0,
            0,
            0,
            2,
            5
          ],
          [
            0,
            392,
            0,
            0,
            0,
            0
          ],
          [
            0,
            0,
            44,
            0,
            0,
            0
          ],
          [
            3,
            18,
            11,
            562,
            1,
            0
          ],
          [
            0,
            0,
            0,
            0,
            10,
            2
          ],
          [
            0,
            0,
            0,
            0,
            44,
            130
          ]
        ],
        "six_way_labels": [
          "visual",
          "language-prior",
          "alignment",
          "mixed",
          "unclear",
          "no-failure"
        ],
        "six_way_macro_f1": 0.8227939776716092,
        "source_bit_auroc": {
          "alignment": 0.9992102090867523,
          "language": 0.9999020184205369,
          "visual": 0.9942397979448219
        },
        "source_bit_hamming_loss": 0.013770180436847104,
        "source_bit_macro_f1": 0.9859999896686239,
        "source_bit_micro_f1": 0.9852642276422764
      },
      "mean_acquisition_cost": 3.801282051282051,
      "prediction_sets": {
        "average_set_size": 3.0235042735042734,
        "coverage": 0.9002849002849003,
        "empty_set_rate": 0.099002849002849,
        "singleton_rate": 0.09757834757834757
      },
      "row_count": 1404
    },
    "proactive|7|0.9": {
      "action_counts": {
        "blank": 1372,
        "blur": 1328,
        "brightness": 787,
        "crop": 1154,
        "grounding": 1261,
        "noise": 847,
        "relation": 11,
        "stop": 1404
      },
      "diagnostic": {
        "record_count": 1404,
        "signature_mse": 0.004359832898714055,
        "six_way_balanced_accuracy": 0.921880936282559,
        "six_way_confusion_matrix": [
          [
            187,
            0,
            0,
            0,
            0,
            0
          ],
          [
            0,
            392,
            0,
            0,
            0,
            0
          ],
          [
            0,
            0,
            44,
            0,
            0,
            0
          ],
          [
            4,
            11,
            4,
            576,
            0,
            0
          ],
          [
            0,
            0,
            0,
            0,
            10,
            2
          ],
          [
            0,
            0,
            0,
            0,
            47,
            127
          ]
        ],
        "six_way_labels": [
          "visual",
          "language-prior",
          "alignment",
          "mixed",
          "unclear",
          "no-failure"
        ],
        "six_way_macro_f1": 0.8406694505121423,
        "source_bit_auroc": {
          "alignment": 0.9997194163860831,
          "language": 0.9998489450649946,
          "visual": 0.9991160085954924
        },
        "source_bit_hamming_loss": 0.006885090218423552,
        "source_bit_macro_f1": 0.9927426779676836,
        "source_bit_micro_f1": 0.9926896899420217
      },
      "mean_acquisition_cost": 4.814814814814815,
      "prediction_sets": {
        "average_set_size": 2.1445868945868947,
        "coverage": 0.8361823361823362,
        "empty_set_rate": 0.15669515669515668,
        "singleton_rate": 0.27492877492877493
      },
      "row_count": 1404
    },
    "proactive|7|0.95": {
      "action_counts": {
        "blank": 1372,
        "blur": 1328,
        "brightness": 787,
        "crop": 1154,
        "grounding": 1261,
        "noise": 847,
        "relation": 11,
        "stop": 1404
      },
      "diagnostic": {
        "record_count": 1404,
        "signature_mse": 0.004359832898714055,
        "six_way_balanced_accuracy": 0.921880936282559,
        "six_way_confusion_matrix": [
          [
            187,
            0,
            0,
            0,
            0,
            0
          ],
          [
            0,
            392,
            0,
            0,
            0,
            0
          ],
          [
            0,
            0,
            44,
            0,
            0,
            0
          ],
          [
            4,
            11,
            4,
            576,
            0,
            0
          ],
          [
            0,
            0,
            0,
            0,
            10,
            2
          ],
          [
            0,
            0,
            0,
            0,
            47,
            127
          ]
        ],
        "six_way_labels": [
          "visual",
          "language-prior",
          "alignment",
          "mixed",
          "unclear",
          "no-failure"
        ],
        "six_way_macro_f1": 0.8406694505121423,
        "source_bit_auroc": {
          "alignment": 0.9997194163860831,
          "language": 0.9998489450649946,
          "visual": 0.9991160085954924
        },
        "source_bit_hamming_loss": 0.006885090218423552,
        "source_bit_macro_f1": 0.9927426779676836,
        "source_bit_micro_f1": 0.9926896899420217
      },
      "mean_acquisition_cost": 4.814814814814815,
      "prediction_sets": {
        "average_set_size": 3.6517094017094016,
        "coverage": 0.8952991452991453,
        "empty_set_rate": 0.10398860398860399,
        "singleton_rate": 0.07478632478632478
      },
      "row_count": 1404
    }
  },
  "teacher_files": [
    {
      "path": "outputs/teacher_core_contract_v1_recovered/teacher_gemma4_e4b_all_all_shard00-of-04.jsonl",
      "selected_rows": 175,
      "sha256": "46593391081546c310991894934b1436ecfcf1f07956104d59e9e8f4495e1948"
    },
    {
      "path": "outputs/teacher_core_contract_v1_recovered/teacher_gemma4_e4b_all_all_shard01-of-04.jsonl",
      "selected_rows": 180,
      "sha256": "3c7d3ca72753bd49d8f344dd9e468877e75567132de20a81ce20467d52e096a9"
    },
    {
      "path": "outputs/teacher_core_contract_v1_recovered/teacher_gemma4_e4b_all_all_shard02-of-04.jsonl",
      "selected_rows": 163,
      "sha256": "bff419cdd17e66ccd9eea1a83e248d5f58e16143d662ebd3ba33625b953018ec"
    },
    {
      "path": "outputs/teacher_core_contract_v1_recovered/teacher_gemma4_e4b_all_all_shard03-of-04.jsonl",
      "selected_rows": 184,
      "sha256": "9538751d71a3f8a133be26c2de6d4a4b505b3c780a20ee10a15cd24cd0d8a84e"
    },
    {
      "path": "outputs/teacher_core_contract_v1_recovered/teacher_qwen3_vl_8b_all_all_shard00-of-04.jsonl",
      "selected_rows": 162,
      "sha256": "53cc79788e76a9ddcf8df20812e5ca0ca7aa918dad85d249107f3b46003c5be4"
    },
    {
      "path": "outputs/teacher_core_contract_v1_recovered/teacher_qwen3_vl_8b_all_all_shard01-of-04.jsonl",
      "selected_rows": 179,
      "sha256": "5bcb3927cfca370cce87c95df969dde3f24c26cd901c9733b63bb17180717c65"
    },
    {
      "path": "outputs/teacher_core_contract_v1_recovered/teacher_qwen3_vl_8b_all_all_shard02-of-04.jsonl",
      "selected_rows": 174,
      "sha256": "0ae1afb49f1cf578282a62fafea38ffad93bc7d3220929469d31150e2f9c8711"
    },
    {
      "path": "outputs/teacher_core_contract_v1_recovered/teacher_qwen3_vl_8b_all_all_shard03-of-04.jsonl",
      "selected_rows": 187,
      "sha256": "4dc9b657f4ea35d7e74e352157f25aee5bd1b2c9c99e13d33755f8f65d55031f"
    }
  ],
  "test_used": false,
  "trajectory_path": "outputs/week8_ablations/no_confidence_shift/frontier/trajectories_validation.jsonl",
  "trajectory_sha256": "c0e3aca20bd08cf8cbd89a33e3052b5635ff31d66210b0174c756247d529ed3b",
  "week8_config_sha256": "59748c18da7375db6140f05d6c5ec2670c6ce19eeb25b5931e94868ffe7d9cf6"
}
	Command being timed: "timeout --signal=TERM --kill-after=5m 1200s env CUDA_VISIBLE_DEVICES=1 python scripts/eval_week8_ablation.py --week8_config configs/experiments/week8_evaluation.yaml --ablation_id no_confidence_shift --manifest_path outputs/week8_ablations/no_confidence_shift/vectorized/vectorized_manifest.json --diagnostic_checkpoint outputs/week8_ablations/no_confidence_shift/diagnostic_checkpoints/diag_deep_sets_standard_seed42.best.pt --policy_checkpoint outputs/week8_ablations/no_confidence_shift/policy_checkpoints/policy_deep_sets_standard_lambda0_seed42.best.pt --aps_report outputs/week8_ablations/no_confidence_shift/temporary_aps/temporary_aps_deep_sets_standard_seed42.json --freeze_manifest outputs/week8_ablations/no_confidence_shift/freeze/week8_stack_freeze.json --teacher_path outputs/teacher_core_contract_v1_recovered --output_dir outputs/week8_ablations/no_confidence_shift/frontier --budgets 1 2 3 4 7 --coverages 0.90 0.95 --seed 42 --device cuda:0 --resume"
	User time (seconds): 8.43
	System time (seconds): 5.57
	Percent of CPU this job got: 612%
	Elapsed (wall clock) time (h:mm:ss or m:ss): 0:02.28
	Average shared text size (kbytes): 0
	Average unshared data size (kbytes): 0
	Average stack size (kbytes): 0
	Average total size (kbytes): 0
	Maximum resident set size (kbytes): 530668
	Average resident set size (kbytes): 0
	Major (requiring I/O) page faults: 0
	Minor (reclaiming a frame) page faults: 87143
	Voluntary context switches: 287
	Involuntary context switches: 96524
	Swaps: 0
	File system inputs: 0
	File system outputs: 0
	Socket messages sent: 0
	Socket messages received: 0
	Signals delivered: 0
	Page size (bytes): 4096
	Exit status: 0
no_confidence_shift validation frontier exit code: 0
===== no_semantic_match diagnostic training =====
Timeout 2700s; worker ceiling remaining 7833s
{
  "encoder": "deep_sets",
  "gru_condition": "standard",
  "seed": 42,
  "budgets": [
    1,
    2,
    4
  ],
  "config_approval": "APPROVED",
  "pilot": false,
  "manifest": "outputs/week8_ablations/no_semantic_match/vectorized/vectorized_manifest.json",
  "output": "outputs/week8_ablations/no_semantic_match/diagnostic_checkpoints/diag_deep_sets_standard_seed42.best.pt"
}
2026-09-12 20:40:14,890 INFO [train_diag] epoch=0 train_total=0.880960 score=(0.8394545835789287, 0.4993424226048824)
2026-09-12 20:40:34,527 INFO [train_diag] epoch=1 train_total=0.812754 score=(0.8487895559646859, 0.4653467159645488)
2026-09-12 20:40:54,111 INFO [train_diag] epoch=2 train_total=0.796248 score=(0.848813241209459, 0.49695581274152073)
2026-09-12 20:41:14,759 INFO [train_diag] epoch=3 train_total=0.787206 score=(0.8490588351084636, 0.5020232048249157)
2026-09-12 20:41:34,227 INFO [train_diag] epoch=4 train_total=0.780670 score=(0.8488011996089838, 0.4947795643066106)
2026-09-12 20:41:54,034 INFO [train_diag] epoch=5 train_total=0.773825 score=(0.8482350118499737, 0.5074752580046857)
2026-09-12 20:42:14,364 INFO [train_diag] epoch=6 train_total=0.768544 score=(0.8479650352826095, 0.47796335007548935)
2026-09-12 20:42:35,050 INFO [train_diag] epoch=7 train_total=0.761451 score=(0.848166017582933, 0.5029704799711254)
2026-09-12 20:42:55,169 INFO [train_diag] epoch=8 train_total=0.757365 score=(0.8483422990664572, 0.47394323814941397)
/home/aman/miniconda3/envs/proactive-internvl/lib/python3.11/site-packages/sklearn/metrics/_classification.py:2939: UserWarning: y_pred contains classes not in y_true
  warnings.warn("y_pred contains classes not in y_true")
/home/aman/miniconda3/envs/proactive-internvl/lib/python3.11/site-packages/sklearn/metrics/_classification.py:2939: UserWarning: y_pred contains classes not in y_true
  warnings.warn("y_pred contains classes not in y_true")
{
  "format_version": "week5_validation_report_v1",
  "encoder_name": "deep_sets",
  "gru_condition": "standard",
  "seed": 42,
  "pilot": false,
  "scientifically_weighted": true,
  "train_rows": 436429,
  "validation_rows": 60483,
  "best_epoch": 3,
  "metrics": {
    "is_valid": true,
    "record_count": 60483,
    "source_bit_micro_f1": 0.8470722723231296,
    "source_bit_macro_f1": 0.8490588351084636,
    "source_bit_hamming_loss": 0.1459804132290616,
    "source_bit_auroc": {
      "visual": 0.9586004382790134,
      "language": 0.8363157490483188,
      "alignment": 0.9860335480857013
    },
    "six_way_macro_f1": 0.5020232048249157,
    "six_way_balanced_accuracy": 0.6045439693705946,
    "six_way_confusion_matrix": [
      [
        4263,
        455,
        455,
        178,
        1662,
        1042
      ],
      [
        222,
        9344,
        260,
        25,
        2273,
        4728
      ],
      [
        9,
        20,
        1417,
        72,
        358,
        12
      ],
      [
        1916,
        701,
        3229,
        18475,
        1224,
        111
      ],
      [
        71,
        77,
        92,
        0,
        235,
        44
      ],
      [
        239,
        1287,
        230,
        0,
        1098,
        4659
      ]
    ],
    "six_way_labels": [
      "visual",
      "language-prior",
      "alignment",
      "mixed",
      "unclear",
      "no-failure"
    ],
    "signature_mse": 0.06234399454901815
  },
  "stratified_metrics": {
    "pooled": {
      "record_count": 60483,
      "source_bit_micro_f1": 0.8470722723231296,
      "source_bit_macro_f1": 0.8490588351084636,
      "source_bit_hamming_loss": 0.1459804132290616,
      "source_bit_auroc": {
        "visual": 0.9586004382790134,
        "language": 0.8363157490483188,
        "alignment": 0.9860335480857013
      },
      "six_way_macro_f1": 0.5020232048249157,
      "six_way_balanced_accuracy": 0.6045439693705946,
      "six_way_confusion_matrix": [
        [
          4263,
          455,
          455,
          178,
          1662,
          1042
        ],
        [
          222,
          9344,
          260,
          25,
          2273,
          4728
        ],
        [
          9,
          20,
          1417,
          72,
          358,
          12
        ],
        [
          1916,
          701,
          3229,
          18475,
          1224,
          111
        ],
        [
          71,
          77,
          92,
          0,
          235,
          44
        ],
        [
          239,
          1287,
          230,
          0,
          1098,
          4659
        ]
      ],
      "six_way_labels": [
        "visual",
        "language-prior",
        "alignment",
        "mixed",
        "unclear",
        "no-failure"
      ],
      "signature_mse": 0.06234399454901815
    },
    "within_dataset": {
      "hallusionbench": {
        "record_count": 7831,
        "source_bit_micro_f1": 0.7523459812321501,
        "source_bit_macro_f1": 0.7299511095349609,
        "source_bit_hamming_loss": 0.20669986804580087,
        "source_bit_auroc": {
          "visual": 0.8444487499315394,
          "language": 0.8188130369797844,
          "alignment": 0.90691830458871
        },
        "six_way_macro_f1": 0.38260785165121763,
        "six_way_balanced_accuracy": 0.43908300434477904,
        "six_way_confusion_matrix": [
          [
            610,
            91,
            25,
            17,
            409,
            97
          ],
          [
            107,
            1314,
            51,
            10,
            1189,
            167
          ],
          [
            7,
            0,
            259,
            4,
            198,
            0
          ],
          [
            360,
            314,
            473,
            657,
            611,
            0
          ],
          [
            17,
            65,
            0,
            0,
            152,
            25
          ],
          [
            19,
            133,
            31,
            0,
            256,
            163
          ]
        ],
        "six_way_labels": [
          "visual",
          "language-prior",
          "alignment",
          "mixed",
          "unclear",
          "no-failure"
        ],
        "signature_mse": 0.06503482531920199
      },
      "pope": {
        "record_count": 23084,
        "source_bit_micro_f1": 0.810350731301668,
        "source_bit_macro_f1": 0.796577901208162,
        "source_bit_hamming_loss": 0.11196788540403166,
        "source_bit_auroc": {
          "visual": 0.9276549805622811,
          "language": 0.8684766891337086,
          "alignment": 0.9918256606141849
        },
        "six_way_macro_f1": 0.4157325620285179,
        "six_way_balanced_accuracy": 0.5737846539515759,
        "six_way_confusion_matrix": [
          [
            2083,
            297,
            0,
            0,
            573,
            912
          ],
          [
            64,
            7313,
            2,
            3,
            580,
            4176
          ],
          [
            0,
            0,
            0,
            0,
            0,
            0
          ],
          [
            246,
            190,
            157,
            549,
            192,
            25
          ],
          [
            0,
            0,
            0,
            0,
            0,
            0
          ],
          [
            121,
            972,
            4,
            0,
            335,
            4290
          ]
        ],
        "six_way_labels": [
          "visual",
          "language-prior",
          "alignment",
          "mixed",
          "unclear",
          "no-failure"
        ],
        "signature_mse": 0.04904969533755265
      },
      "vizwiz": {
        "record_count": 26963,
        "source_bit_micro_f1": 0.8859097995649616,
        "source_bit_macro_f1": 0.795697563727332,
        "source_bit_hamming_loss": 0.15108358367639604,
        "source_bit_auroc": {
          "visual": 0.9572553190705069,
          "language": 0.7466340653044088,
          "alignment": 0.9667082932582028
        },
        "six_way_macro_f1": 0.40599451211816134,
        "six_way_balanced_accuracy": 0.48696439610893316,
        "six_way_confusion_matrix": [
          [
            1285,
            33,
            430,
            161,
            453,
            15
          ],
          [
            40,
            356,
            143,
            10,
            299,
            236
          ],
          [
            2,
            20,
            1158,
            68,
            160,
            12
          ],
          [
            1139,
            127,
            2537,
            17079,
            297,
            86
          ],
          [
            54,
            12,
            92,
            0,
            83,
            19
          ],
          [
            58,
            69,
            192,
            0,
            174,
            64
          ]
        ],
        "six_way_labels": [
          "visual",
          "language-prior",
          "alignment",
          "mixed",
          "unclear",
          "no-failure"
        ],
        "signature_mse": 0.07197775125983318
      },
      "vsr": {
        "record_count": 2605,
        "source_bit_micro_f1": 0.7038427167113495,
        "source_bit_macro_f1": 0.6748731982992746,
        "source_bit_hamming_loss": 0.21202815099168265,
        "source_bit_auroc": {
          "visual": 0.8763257176023639,
          "language": 0.8417233868123277,
          "alignment": 0.8980305845833539
        },
        "six_way_macro_f1": 0.3050410007181645,
        "six_way_balanced_accuracy": 0.3734381068021256,
        "six_way_confusion_matrix": [
          [
            285,
            34,
            0,
            0,
            227,
            18
          ],
          [
            11,
            361,
            64,
            2,
            205,
            149
          ],
          [
            0,
            0,
            0,
            0,
            0,
            0
          ],
          [
            171,
            70,
            62,
            190,
            124,
            0
          ],
          [
            0,
            0,
            0,
            0,
            0,
            0
          ],
          [
            41,
            113,
            3,
            0,
            333,
            142
          ]
        ],
        "six_way_labels": [
          "visual",
          "language-prior",
          "alignment",
          "mixed",
          "unclear",
          "no-failure"
        ],
        "signature_mse": 0.07234734389353027
      }
    },
    "within_model": {
      "Qwen/Qwen3-VL-8B-Instruct": {
        "record_count": 30242,
        "source_bit_micro_f1": 0.8308723102692952,
        "source_bit_macro_f1": 0.8335220796524002,
        "source_bit_hamming_loss": 0.14467738024381105,
        "source_bit_auroc": {
          "visual": 0.940266027109721,
          "language": 0.861101260222346,
          "alignment": 0.9800169398345702
        },
        "six_way_macro_f1": 0.4784394673973908,
        "six_way_balanced_accuracy": 0.5590155603027763,
        "six_way_confusion_matrix": [
          [
            2248,
            211,
            279,
            77,
            846,
            561
          ],
          [
            130,
            4506,
            108,
            13,
            1098,
            2636
          ],
          [
            0,
            20,
            1281,
            27,
            334,
            12
          ],
          [
            1436,
            371,
            2564,
            5795,
            612,
            86
          ],
          [
            63,
            65,
            92,
            0,
            169,
            44
          ],
          [
            193,
            787,
            139,
            0,
            695,
            2744
          ]
        ],
        "six_way_labels": [
          "visual",
          "language-prior",
          "alignment",
          "mixed",
          "unclear",
          "no-failure"
        ],
        "signature_mse": 0.05616180586797252
      },
      "google/gemma-4-E4B-it": {
        "record_count": 30241,
        "source_bit_micro_f1": 0.8602242771664086,
        "source_bit_macro_f1": 0.8616633834186592,
        "source_bit_hamming_loss": 0.14728348930260243,
        "source_bit_auroc": {
          "visual": 0.9730485544457004,
          "language": 0.8016864384474447,
          "alignment": 0.9914522421255132
        },
        "six_way_macro_f1": 0.4934733321175963,
        "six_way_balanced_accuracy": 0.6687611582030658,
        "six_way_confusion_matrix": [
          [
            2015,
            244,
            176,
            101,
            816,
            481
          ],
          [
            92,
            4838,
            152,
            12,
            1175,
            2092
          ],
          [
            9,
            0,
            136,
            45,
            24,
            0
          ],
          [
            480,
            330,
            665,
            12680,
            612,
            25
          ],
          [
            8,
            12,
            0,
            0,
            66,
            0
          ],
          [
            46,
            500,
            91,
            0,
            403,
            1915
          ]
        ],
        "six_way_labels": [
          "visual",
          "language-prior",
          "alignment",
          "mixed",
          "unclear",
          "no-failure"
        ],
        "signature_mse": 0.06852638766075989
      }
    },
    "within_budget": {
      "1": {
        "record_count": 9844,
        "source_bit_micro_f1": 0.8131413960982102,
        "source_bit_macro_f1": 0.8175073079167149,
        "source_bit_hamming_loss": 0.18065149668156577,
        "source_bit_auroc": {
          "visual": 0.9338213688682886,
          "language": 0.7683928079887908,
          "alignment": 0.9785953515523865
        },
        "six_way_macro_f1": 0.4105626282081682,
        "six_way_balanced_accuracy": 0.5126577108981504,
        "six_way_confusion_matrix": [
          [
            454,
            110,
            113,
            29,
            376,
            228
          ],
          [
            43,
            905,
            51,
            3,
            494,
            1251
          ],
          [
            2,
            3,
            202,
            14,
            83,
            4
          ],
          [
            300,
            97,
            648,
            2787,
            313,
            27
          ],
          [
            13,
            10,
            17,
            0,
            34,
            10
          ],
          [
            38,
            153,
            39,
            0,
            172,
            821
          ]
        ],
        "six_way_labels": [
          "visual",
          "language-prior",
          "alignment",
          "mixed",
          "unclear",
          "no-failure"
        ],
        "signature_mse": 0.07274786338735503
      },
      "2": {
        "record_count": 17531,
        "source_bit_micro_f1": 0.8337537990902048,
        "source_bit_macro_f1": 0.8363431072762716,
        "source_bit_hamming_loss": 0.15912764056053086,
        "source_bit_auroc": {
          "visual": 0.948077425064449,
          "language": 0.8138287567882211,
          "alignment": 0.9834253550873756
        },
        "six_way_macro_f1": 0.46723468857887845,
        "six_way_balanced_accuracy": 0.5679363796714755,
        "six_way_confusion_matrix": [
          [
            1081,
            162,
            153,
            53,
            536,
            347
          ],
          [
            90,
            2380,
            82,
            9,
            724,
            1602
          ],
          [
            4,
            6,
            392,
            23,
            119,
            4
          ],
          [
            573,
            209,
            1065,
            5135,
            421,
            37
          ],
          [
            22,
            24,
            28,
            0,
            64,
            13
          ],
          [
            90,
            358,
            69,
            0,
            292,
            1364
          ]
        ],
        "six_way_labels": [
          "visual",
          "language-prior",
          "alignment",
          "mixed",
          "unclear",
          "no-failure"
        ],
        "signature_mse": 0.06620459202046258
      },
      "4": {
        "record_count": 33108,
        "source_bit_micro_f1": 0.8644527853765083,
        "source_bit_macro_f1": 0.8654660563632124,
        "source_bit_hamming_loss": 0.12871008014175828,
        "source_bit_auroc": {
          "visual": 0.9694955672997095,
          "language": 0.8641615334158578,
          "alignment": 0.9891333622978874
        },
        "six_way_macro_f1": 0.5469334434222922,
        "six_way_balanced_accuracy": 0.6512827658765961,
        "six_way_confusion_matrix": [
          [
            2728,
            183,
            189,
            96,
            750,
            467
          ],
          [
            89,
            6059,
            127,
            13,
            1055,
            1875
          ],
          [
            3,
            11,
            823,
            35,
            156,
            4
          ],
          [
            1043,
            395,
            1516,
            10553,
            490,
            47
          ],
          [
            36,
            43,
            47,
            0,
            137,
            21
          ],
          [
            111,
            776,
            122,
            0,
            634,
            2474
          ]
        ],
        "six_way_labels": [
          "visual",
          "language-prior",
          "alignment",
          "mixed",
          "unclear",
          "no-failure"
        ],
        "signature_mse": 0.05720638976719864
      }
    }
  },
  "config_sha256": "0faeb26065320ae2308462e480c3ac64e50c1f2937205babb1bb2d24def55f76",
  "source_manifest_sha256": "d84201186bcfd7db79585b12d43acc54acf3fded26ebbc13352e7ab620728a08",
  "checkpoint_path": "outputs/week8_ablations/no_semantic_match/diagnostic_checkpoints/diag_deep_sets_standard_seed42.best.pt",
  "checkpoint_sha256": "4d1e5714b5624ca8f3d0fdad00dca28c25d67fec5af248e6bc46a3684a24bbee",
  "report_sha256": "5ef75010d299e364007e9c3c0cf2e7b54272e5d9d3af95770a5f0b4f2f5077ca"
}
	Command being timed: "timeout --signal=TERM --kill-after=5m 2700s env CUDA_VISIBLE_DEVICES=1 python scripts/train_diag.py --config outputs/week8_data/ablation_configs/no_semantic_match_diag.yaml --manifest_path outputs/week8_ablations/no_semantic_match/vectorized/vectorized_manifest.json --encoder deep_sets --seed 42 --device cuda:0 --output_dir outputs/week8_ablations/no_semantic_match/diagnostic_checkpoints --resume"
	User time (seconds): 441.87
	System time (seconds): 63.99
	Percent of CPU this job got: 268%
	Elapsed (wall clock) time (h:mm:ss or m:ss): 3:08.72
	Average shared text size (kbytes): 0
	Average unshared data size (kbytes): 0
	Average stack size (kbytes): 0
	Average total size (kbytes): 0
	Maximum resident set size (kbytes): 1740924
	Average resident set size (kbytes): 0
	Major (requiring I/O) page faults: 0
	Minor (reclaiming a frame) page faults: 3170046
	Voluntary context switches: 3397642
	Involuntary context switches: 92371
	Swaps: 0
	File system inputs: 0
	File system outputs: 41288
	Socket messages sent: 0
	Socket messages received: 0
	Signals delivered: 0
	Page size (bytes): 4096
	Exit status: 0
no_semantic_match diagnostic training exit code: 0
===== no_semantic_match diagnostic freeze =====
Timeout 600s; worker ceiling remaining 7644s
{
  "artifacts": {
    "diagnostic_checkpoint": {
      "path": "outputs/week8_ablations/no_semantic_match/diagnostic_checkpoints/diag_deep_sets_standard_seed42.best.pt",
      "sha256": "4d1e5714b5624ca8f3d0fdad00dca28c25d67fec5af248e6bc46a3684a24bbee"
    },
    "diagnostic_config": {
      "path": "outputs/week8_data/ablation_configs/no_semantic_match_diag.yaml",
      "sha256": "0faeb26065320ae2308462e480c3ac64e50c1f2937205babb1bb2d24def55f76"
    },
    "policy_config": {
      "path": "outputs/week8_data/ablation_configs/no_semantic_match_policy.yaml",
      "sha256": "0bf6c600963d1002b722e72e84e95315e8554248f5e1ffaad1b79d86c9f090a8"
    },
    "selection_report": {
      "path": "outputs/week8_ablations/no_semantic_match/freeze/predeclared_selection.json",
      "sha256": "7a40b7c7da97ec34e5147761ddad8714030987c75ae467c873b419f38bb48d7d"
    },
    "vector_manifest": {
      "path": "outputs/week8_ablations/no_semantic_match/vectorized/vectorized_manifest.json",
      "sha256": "d84201186bcfd7db79585b12d43acc54acf3fded26ebbc13352e7ab620728a08"
    },
    "week8_config": {
      "path": "configs/experiments/week8_evaluation.yaml",
      "sha256": "59748c18da7375db6140f05d6c5ec2670c6ce19eeb25b5931e94868ffe7d9cf6"
    }
  },
  "format_version": "proactive_stack_freeze_v1",
  "freeze_sha256": "f43cc00d9e7a97cfb44a4cd7897e39cf6b0acc87b0d09d6650729bb0344e58e8",
  "owner_approved": true,
  "status": "FROZEN"
}

	Command being timed: "timeout --signal=TERM --kill-after=5m 600s python scripts/freeze_week8_diagnostic.py --week8_config configs/experiments/week8_evaluation.yaml --ablation_id no_semantic_match --diag_config outputs/week8_data/ablation_configs/no_semantic_match_diag.yaml --policy_config outputs/week8_data/ablation_configs/no_semantic_match_policy.yaml --vector_manifest outputs/week8_ablations/no_semantic_match/vectorized/vectorized_manifest.json --diagnostic_checkpoint outputs/week8_ablations/no_semantic_match/diagnostic_checkpoints/diag_deep_sets_standard_seed42.best.pt --output_dir outputs/week8_ablations/no_semantic_match/freeze --approve_freeze --overwrite"
	User time (seconds): 1.79
	System time (seconds): 5.33
	Percent of CPU this job got: 522%
	Elapsed (wall clock) time (h:mm:ss or m:ss): 0:01.36
	Average shared text size (kbytes): 0
	Average unshared data size (kbytes): 0
	Average stack size (kbytes): 0
	Average total size (kbytes): 0
	Maximum resident set size (kbytes): 428072
	Average resident set size (kbytes): 0
	Major (requiring I/O) page faults: 0
	Minor (reclaiming a frame) page faults: 62212
	Voluntary context switches: 162
	Involuntary context switches: 140170
	Swaps: 0
	File system inputs: 0
	File system outputs: 16
	Socket messages sent: 0
	Socket messages received: 0
	Signals delivered: 0
	Page size (bytes): 4096
	Exit status: 0
no_semantic_match diagnostic freeze exit code: 0
===== no_semantic_match temporary validation APS =====
Timeout 900s; worker ceiling remaining 7643s
{
  "format_version": "temporary_validation_aps_v1",
  "status": "TEMPORARY_NOT_FINAL_CALIBRATION",
  "fit_split": "val",
  "calibration_split_used": false,
  "test_split_used": false,
  "config_sha256": "0faeb26065320ae2308462e480c3ac64e50c1f2937205babb1bb2d24def55f76",
  "checkpoint_path": "outputs/week8_ablations/no_semantic_match/diagnostic_checkpoints/diag_deep_sets_standard_seed42.best.pt",
  "checkpoint_sha256": "4d1e5714b5624ca8f3d0fdad00dca28c25d67fec5af248e6bc46a3684a24bbee",
  "source_manifest_sha256": "d84201186bcfd7db79585b12d43acc54acf3fded26ebbc13352e7ab620728a08",
  "budgets": [
    1,
    2,
    3,
    4,
    7
  ],
  "coverages": [
    0.9,
    0.95
  ],
  "limit": null,
  "thresholds": {
    "1": {
      "0.9": {
        "alpha": 0.09999999999999998,
        "target_coverage": 0.9,
        "threshold": 0.9998136162757874,
        "calibration_count": 9844,
        "validation_metrics": {
          "coverage": 0.900142218610321,
          "average_set_size": 3.5142218610321008,
          "singleton_rate": 0.20601381552214548,
          "empty_set_rate": 0.056074766355140186
        }
      },
      "0.95": {
        "alpha": 0.050000000000000044,
        "target_coverage": 0.95,
        "threshold": 0.9999258518218994,
        "calibration_count": 9844,
        "validation_metrics": {
          "coverage": 0.9502234863876473,
          "average_set_size": 3.6755383990247865,
          "singleton_rate": 0.1784843559528647,
          "empty_set_rate": 0.019402681836651767
        }
      }
    },
    "2": {
      "0.9": {
        "alpha": 0.09999999999999998,
        "target_coverage": 0.9,
        "threshold": 0.9998779147863388,
        "calibration_count": 17531,
        "validation_metrics": {
          "coverage": 0.9000627459928128,
          "average_set_size": 3.2632479607552334,
          "singleton_rate": 0.2570874450972563,
          "empty_set_rate": 0.05909531686726371
        }
      },
      "0.95": {
        "alpha": 0.050000000000000044,
        "target_coverage": 0.95,
        "threshold": 0.9999405145645142,
        "calibration_count": 17531,
        "validation_metrics": {
          "coverage": 0.9500884148080543,
          "average_set_size": 3.400775768638412,
          "singleton_rate": 0.24636358450744394,
          "empty_set_rate": 0.019508299583594776
        }
      }
    },
    "3": {
      "0.9": {
        "alpha": 0.09999999999999998,
        "target_coverage": 0.9,
        "threshold": 0.9999047517776489,
        "calibration_count": 25419,
        "validation_metrics": {
          "coverage": 0.9002321098390967,
          "average_set_size": 3.0605846020693184,
          "singleton_rate": 0.30221487863409263,
          "empty_set_rate": 0.061056689877650575
        }
      },
      "0.95": {
        "alpha": 0.050000000000000044,
        "target_coverage": 0.95,
        "threshold": 0.9999567270278931,
        "calibration_count": 25419,
        "validation_metrics": {
          "coverage": 0.9501553955702428,
          "average_set_size": 3.214681930839136,
          "singleton_rate": 0.28474762972579565,
          "empty_set_rate": 0.02061450096384594
        }
      }
    },
    "4": {
      "0.9": {
        "alpha": 0.09999999999999998,
        "target_coverage": 0.9,
        "threshold": 0.9999221563339233,
        "calibration_count": 33108,
        "validation_metrics": {
          "coverage": 0.9001147758849825,
          "average_set_size": 2.8957049655672344,
          "singleton_rate": 0.3346321130844509,
          "empty_set_rate": 0.06475776247432645
        }
      },
      "0.95": {
        "alpha": 0.050000000000000044,
        "target_coverage": 0.95,
        "threshold": 0.9999737739562988,
        "calibration_count": 33108,
        "validation_metrics": {
          "coverage": 0.9501933067536547,
          "average_set_size": 3.12229672586686,
          "singleton_rate": 0.2800833635375136,
          "empty_set_rate": 0.02494865289356047
        }
      }
    },
    "7": {
      "0.9": {
        "alpha": 0.09999999999999998,
        "target_coverage": 0.9,
        "threshold": 0.9999354481697083,
        "calibration_count": 37368,
        "validation_metrics": {
          "coverage": 0.9000481695568401,
          "average_set_size": 2.7819257118390066,
          "singleton_rate": 0.35961250267608647,
          "empty_set_rate": 0.06521622778848213
        }
      },
      "0.95": {
        "alpha": 0.050000000000000044,
        "target_coverage": 0.95,
        "threshold": 0.9999799728393555,
        "calibration_count": 37368,
        "validation_metrics": {
          "coverage": 0.9501445086705202,
          "average_set_size": 3.0446638835367157,
          "singleton_rate": 0.2796242774566474,
          "empty_set_rate": 0.025931278098908158
        }
      }
    }
  },
  "report_sha256": "713667daa8f9782880a9fb2c31db71ba89f31031633593cc5b8e268d13320e3f"
}
	Command being timed: "timeout --signal=TERM --kill-after=5m 900s env CUDA_VISIBLE_DEVICES=1 python scripts/fit_temporary_aps.py --config outputs/week8_data/ablation_configs/no_semantic_match_diag.yaml --manifest_path outputs/week8_ablations/no_semantic_match/vectorized/vectorized_manifest.json --checkpoint outputs/week8_ablations/no_semantic_match/diagnostic_checkpoints/diag_deep_sets_standard_seed42.best.pt --output_dir outputs/week8_ablations/no_semantic_match/temporary_aps --seed 42 --device cuda:0 --resume"
	User time (seconds): 19.10
	System time (seconds): 5.78
	Percent of CPU this job got: 191%
	Elapsed (wall clock) time (h:mm:ss or m:ss): 0:13.02
	Average shared text size (kbytes): 0
	Average unshared data size (kbytes): 0
	Average stack size (kbytes): 0
	Average total size (kbytes): 0
	Maximum resident set size (kbytes): 1103284
	Average resident set size (kbytes): 0
	Major (requiring I/O) page faults: 7
	Minor (reclaiming a frame) page faults: 211271
	Voluntary context switches: 607
	Involuntary context switches: 201403
	Swaps: 0
	File system inputs: 1448
	File system outputs: 16
	Socket messages sent: 0
	Socket messages received: 0
	Signals delivered: 0
	Page size (bytes): 4096
	Exit status: 0
no_semantic_match temporary validation APS exit code: 0
===== no_semantic_match VOI targets =====
Timeout 2700s; worker ceiling remaining 7630s
2026-09-12 20:44:44,654 INFO [build_voi_targets] Processed 62636 target rows from outputs/states_v1/states_gemma4_e4b_all_all_shard00-of-04.jsonl
2026-09-12 20:46:06,649 INFO [build_voi_targets] Processed 60031 target rows from outputs/states_v1/states_gemma4_e4b_all_all_shard01-of-04.jsonl
2026-09-12 20:47:32,161 INFO [build_voi_targets] Processed 61965 target rows from outputs/states_v1/states_gemma4_e4b_all_all_shard02-of-04.jsonl
2026-09-12 20:48:59,133 INFO [build_voi_targets] Processed 63783 target rows from outputs/states_v1/states_gemma4_e4b_all_all_shard03-of-04.jsonl
2026-09-12 20:50:26,377 INFO [build_voi_targets] Processed 63161 target rows from outputs/states_v1/states_qwen3_vl_8b_all_all_shard00-of-04.jsonl
2026-09-12 20:51:52,172 INFO [build_voi_targets] Processed 62611 target rows from outputs/states_v1/states_qwen3_vl_8b_all_all_shard01-of-04.jsonl
2026-09-12 20:53:16,304 INFO [build_voi_targets] Processed 61319 target rows from outputs/states_v1/states_qwen3_vl_8b_all_all_shard02-of-04.jsonl
2026-09-12 20:54:41,133 INFO [build_voi_targets] Processed 61406 target rows from outputs/states_v1/states_qwen3_vl_8b_all_all_shard03-of-04.jsonl
{
  "format_version": "week6_voi_manifest_v1",
  "config_sha256": "0bf6c600963d1002b722e72e84e95315e8554248f5e1ffaad1b79d86c9f090a8",
  "vector_manifest_sha256": "d84201186bcfd7db79585b12d43acc54acf3fded26ebbc13352e7ab620728a08",
  "state_manifest_sha256": "cf0172e7377ff41df4d5d18bbed8bb713aaef5482a3e24a0fd28ec85a542f1a4",
  "freeze_manifest_sha256": "f7d1dcf07534d99e6e7ff0b65758d2ce615a1b4eafb8dab4e4462e97f5ab27a5",
  "checkpoint_sha256": "4d1e5714b5624ca8f3d0fdad00dca28c25d67fec5af248e6bc46a3684a24bbee",
  "temporary_aps_sha256": "f873b6f0fd1655477f4bd6248ad5a360aafc079a0a304eec0884d83ea9c703a2",
  "ablation_id": "no_semantic_match",
  "limit": null,
  "status": "COMPLETE",
  "fit_splits": [
    "train",
    "val"
  ],
  "calibration_used": false,
  "test_used": false,
  "budgets": [
    1,
    2,
    4
  ],
  "eta_loss": 0.25,
  "cost_multipliers": [
    0.0
  ],
  "target_coverage": 0.9,
  "row_count": 496912,
  "split_counts": {
    "train": 436429,
    "val": 60483
  },
  "sign_counts": {
    "0": {
      "zero": 496912,
      "positive": 1024510,
      "negative": 328469
    }
  },
  "best_action_counts": {
    "0": {
      "grounding": 56623,
      "blank": 114577,
      "stop": 202592,
      "blur": 59993,
      "crop": 34029,
      "noise": 10891,
      "brightness": 17860,
      "relation": 347
    }
  },
  "files": [
    {
      "path": "states_gemma4_e4b_all_all_shard00-of-04__train.jsonl",
      "split": "train",
      "row_count": 55084,
      "sha256": "62c61631070169d325669685f2cb2157f3c994a01f1747505b67ab261911e843",
      "source_state_path": "outputs/states_v1/states_gemma4_e4b_all_all_shard00-of-04.jsonl",
      "source_state_sha256": "850469e36436d128523c2fa3d876cbea336ea1ce33408808946ccbc726a458fa",
      "source_teacher_path": "outputs/teacher_core_contract_v1_recovered/teacher_gemma4_e4b_all_all_shard00-of-04.jsonl",
      "source_teacher_sha256": "46593391081546c310991894934b1436ecfcf1f07956104d59e9e8f4495e1948"
    },
    {
      "path": "states_gemma4_e4b_all_all_shard00-of-04__val.jsonl",
      "split": "val",
      "row_count": 7552,
      "sha256": "91a9a46e03395bc433992e9ccdb4f0a14337582f0016f224149c4233a90d31a7",
      "source_state_path": "outputs/states_v1/states_gemma4_e4b_all_all_shard00-of-04.jsonl",
      "source_state_sha256": "850469e36436d128523c2fa3d876cbea336ea1ce33408808946ccbc726a458fa",
      "source_teacher_path": "outputs/teacher_core_contract_v1_recovered/teacher_gemma4_e4b_all_all_shard00-of-04.jsonl",
      "source_teacher_sha256": "46593391081546c310991894934b1436ecfcf1f07956104d59e9e8f4495e1948"
    },
    {
      "path": "states_gemma4_e4b_all_all_shard01-of-04__train.jsonl",
      "split": "train",
      "row_count": 52258,
      "sha256": "a061cd06cb09b42e0288533ec7d8cf6789a5925880f064d7a3b44862e9c9cfd3",
      "source_state_path": "outputs/states_v1/states_gemma4_e4b_all_all_shard01-of-04.jsonl",
      "source_state_sha256": "6756594128f0dc3b056852c3b904aecff933a3ac3f85276227b97625d12cc7fb",
      "source_teacher_path": "outputs/teacher_core_contract_v1_recovered/teacher_gemma4_e4b_all_all_shard01-of-04.jsonl",
      "source_teacher_sha256": "3c7d3ca72753bd49d8f344dd9e468877e75567132de20a81ce20467d52e096a9"
    },
    {
      "path": "states_gemma4_e4b_all_all_shard01-of-04__val.jsonl",
      "split": "val",
      "row_count": 7773,
      "sha256": "b00ef1e4a20b06af1ee2cae4396308ce5c836840fc6b24da406d6776520596fb",
      "source_state_path": "outputs/states_v1/states_gemma4_e4b_all_all_shard01-of-04.jsonl",
      "source_state_sha256": "6756594128f0dc3b056852c3b904aecff933a3ac3f85276227b97625d12cc7fb",
      "source_teacher_path": "outputs/teacher_core_contract_v1_recovered/teacher_gemma4_e4b_all_all_shard01-of-04.jsonl",
      "source_teacher_sha256": "3c7d3ca72753bd49d8f344dd9e468877e75567132de20a81ce20467d52e096a9"
    },
    {
      "path": "states_gemma4_e4b_all_all_shard02-of-04__train.jsonl",
      "split": "train",
      "row_count": 54938,
      "sha256": "7429ae9a9ae8e4f703604fe2e95fa7f431004ffda8e69d5753fdcd29d8288d03",
      "source_state_path": "outputs/states_v1/states_gemma4_e4b_all_all_shard02-of-04.jsonl",
      "source_state_sha256": "1b4cfc03de358f299d1356fe5731a4146ff389d453cf6d726c8c084a9568d90d",
      "source_teacher_path": "outputs/teacher_core_contract_v1_recovered/teacher_gemma4_e4b_all_all_shard02-of-04.jsonl",
      "source_teacher_sha256": "bff419cdd17e66ccd9eea1a83e248d5f58e16143d662ebd3ba33625b953018ec"
    },
    {
      "path": "states_gemma4_e4b_all_all_shard02-of-04__val.jsonl",
      "split": "val",
      "row_count": 7027,
      "sha256": "19030ff7e481d72483c56107b45c0c429f6abf7087e5547f4005788c850a91d2",
      "source_state_path": "outputs/states_v1/states_gemma4_e4b_all_all_shard02-of-04.jsonl",
      "source_state_sha256": "1b4cfc03de358f299d1356fe5731a4146ff389d453cf6d726c8c084a9568d90d",
      "source_teacher_path": "outputs/teacher_core_contract_v1_recovered/teacher_gemma4_e4b_all_all_shard02-of-04.jsonl",
      "source_teacher_sha256": "bff419cdd17e66ccd9eea1a83e248d5f58e16143d662ebd3ba33625b953018ec"
    },
    {
      "path": "states_gemma4_e4b_all_all_shard03-of-04__train.jsonl",
      "split": "train",
      "row_count": 55894,
      "sha256": "599cf8cda214c17c3f19ef2f66c190ab0f4072732964d39be012f6da0bfd48e0",
      "source_state_path": "outputs/states_v1/states_gemma4_e4b_all_all_shard03-of-04.jsonl",
      "source_state_sha256": "fdfe59204e8bb5797b03713d7ebe69fdd436471b87c697565035953d4d8e0edf",
      "source_teacher_path": "outputs/teacher_core_contract_v1_recovered/teacher_gemma4_e4b_all_all_shard03-of-04.jsonl",
      "source_teacher_sha256": "9538751d71a3f8a133be26c2de6d4a4b505b3c780a20ee10a15cd24cd0d8a84e"
    },
    {
      "path": "states_gemma4_e4b_all_all_shard03-of-04__val.jsonl",
      "split": "val",
      "row_count": 7889,
      "sha256": "75b8337124b09d88ab5cf09d2a45d4ad86ad434ce77181f7bda28c0e21afd011",
      "source_state_path": "outputs/states_v1/states_gemma4_e4b_all_all_shard03-of-04.jsonl",
      "source_state_sha256": "fdfe59204e8bb5797b03713d7ebe69fdd436471b87c697565035953d4d8e0edf",
      "source_teacher_path": "outputs/teacher_core_contract_v1_recovered/teacher_gemma4_e4b_all_all_shard03-of-04.jsonl",
      "source_teacher_sha256": "9538751d71a3f8a133be26c2de6d4a4b505b3c780a20ee10a15cd24cd0d8a84e"
    },
    {
      "path": "states_qwen3_vl_8b_all_all_shard00-of-04__train.jsonl",
      "split": "train",
      "row_count": 56194,
      "sha256": "a8efbf0165899b1cdc5d0a3480630340017917423e5fe3efb4cc559a04ea5515",
      "source_state_path": "outputs/states_v1/states_qwen3_vl_8b_all_all_shard00-of-04.jsonl",
      "source_state_sha256": "c24221c1c55402e59d736456dc46a215921c095aab5fb7b54d39d116254cefed",
      "source_teacher_path": "outputs/teacher_core_contract_v1_recovered/teacher_qwen3_vl_8b_all_all_shard00-of-04.jsonl",
      "source_teacher_sha256": "53cc79788e76a9ddcf8df20812e5ca0ca7aa918dad85d249107f3b46003c5be4"
    },
    {
      "path": "states_qwen3_vl_8b_all_all_shard00-of-04__val.jsonl",
      "split": "val",
      "row_count": 6967,
      "sha256": "fe7085eaf10f170aaf423b8accee924ccb1eca3b1ae067ff74cbd83fb07b965e",
      "source_state_path": "outputs/states_v1/states_qwen3_vl_8b_all_all_shard00-of-04.jsonl",
      "source_state_sha256": "c24221c1c55402e59d736456dc46a215921c095aab5fb7b54d39d116254cefed",
      "source_teacher_path": "outputs/teacher_core_contract_v1_recovered/teacher_qwen3_vl_8b_all_all_shard00-of-04.jsonl",
      "source_teacher_sha256": "53cc79788e76a9ddcf8df20812e5ca0ca7aa918dad85d249107f3b46003c5be4"
    },
    {
      "path": "states_qwen3_vl_8b_all_all_shard01-of-04__train.jsonl",
      "split": "train",
      "row_count": 54923,
      "sha256": "117ad24041fa0b964f487c6b2239d7b864443160a53d566022de90a144e3a555",
      "source_state_path": "outputs/states_v1/states_qwen3_vl_8b_all_all_shard01-of-04.jsonl",
      "source_state_sha256": "fa112c4a9dfb642454d2d1f9f210f914ae375ff4e1d2cd68ce14286fc7e8d35a",
      "source_teacher_path": "outputs/teacher_core_contract_v1_recovered/teacher_qwen3_vl_8b_all_all_shard01-of-04.jsonl",
      "source_teacher_sha256": "5bcb3927cfca370cce87c95df969dde3f24c26cd901c9733b63bb17180717c65"
    },
    {
      "path": "states_qwen3_vl_8b_all_all_shard01-of-04__val.jsonl",
      "split": "val",
      "row_count": 7688,
      "sha256": "202051fed312111cdca30e08593d5c827a1328d210d2ce9f8e43b9f1c14bf7ec",
      "source_state_path": "outputs/states_v1/states_qwen3_vl_8b_all_all_shard01-of-04.jsonl",
      "source_state_sha256": "fa112c4a9dfb642454d2d1f9f210f914ae375ff4e1d2cd68ce14286fc7e8d35a",
      "source_teacher_path": "outputs/teacher_core_contract_v1_recovered/teacher_qwen3_vl_8b_all_all_shard01-of-04.jsonl",
      "source_teacher_sha256": "5bcb3927cfca370cce87c95df969dde3f24c26cd901c9733b63bb17180717c65"
    },
    {
      "path": "states_qwen3_vl_8b_all_all_shard02-of-04__train.jsonl",
      "split": "train",
      "row_count": 53815,
      "sha256": "6363430d33300fbf01dffd5390f16be94298d23076d2e988f3ef6151783b3c7f",
      "source_state_path": "outputs/states_v1/states_qwen3_vl_8b_all_all_shard02-of-04.jsonl",
      "source_state_sha256": "a282447d4b679ad0a4a3d3b95065ad9265e1922a77e78c3c9b9b00f418e78de6",
      "source_teacher_path": "outputs/teacher_core_contract_v1_recovered/teacher_qwen3_vl_8b_all_all_shard02-of-04.jsonl",
      "source_teacher_sha256": "0ae1afb49f1cf578282a62fafea38ffad93bc7d3220929469d31150e2f9c8711"
    },
    {
      "path": "states_qwen3_vl_8b_all_all_shard02-of-04__val.jsonl",
      "split": "val",
      "row_count": 7504,
      "sha256": "5da45bb272759113dddc9758e28b69efc7468267a4dfff5a87c38b9ee53d1713",
      "source_state_path": "outputs/states_v1/states_qwen3_vl_8b_all_all_shard02-of-04.jsonl",
      "source_state_sha256": "a282447d4b679ad0a4a3d3b95065ad9265e1922a77e78c3c9b9b00f418e78de6",
      "source_teacher_path": "outputs/teacher_core_contract_v1_recovered/teacher_qwen3_vl_8b_all_all_shard02-of-04.jsonl",
      "source_teacher_sha256": "0ae1afb49f1cf578282a62fafea38ffad93bc7d3220929469d31150e2f9c8711"
    },
    {
      "path": "states_qwen3_vl_8b_all_all_shard03-of-04__train.jsonl",
      "split": "train",
      "row_count": 53323,
      "sha256": "3951f91e51b4591b683601a4a33c65e002a9b30f8485eb67827403ea8958f51e",
      "source_state_path": "outputs/states_v1/states_qwen3_vl_8b_all_all_shard03-of-04.jsonl",
      "source_state_sha256": "fb3947cceb2cbb9a3276546d3ec70b28c9e510d7f50df9eff09bc1f6dd6b0b8f",
      "source_teacher_path": "outputs/teacher_core_contract_v1_recovered/teacher_qwen3_vl_8b_all_all_shard03-of-04.jsonl",
      "source_teacher_sha256": "4dc9b657f4ea35d7e74e352157f25aee5bd1b2c9c99e13d33755f8f65d55031f"
    },
    {
      "path": "states_qwen3_vl_8b_all_all_shard03-of-04__val.jsonl",
      "split": "val",
      "row_count": 8083,
      "sha256": "d1cf246f88d5f39cea62ec691134cdea7ef16a41c39e47af0d1dbae8122037ed",
      "source_state_path": "outputs/states_v1/states_qwen3_vl_8b_all_all_shard03-of-04.jsonl",
      "source_state_sha256": "fb3947cceb2cbb9a3276546d3ec70b28c9e510d7f50df9eff09bc1f6dd6b0b8f",
      "source_teacher_path": "outputs/teacher_core_contract_v1_recovered/teacher_qwen3_vl_8b_all_all_shard03-of-04.jsonl",
      "source_teacher_sha256": "4dc9b657f4ea35d7e74e352157f25aee5bd1b2c9c99e13d33755f8f65d55031f"
    }
  ],
  "manifest_sha256": "b6cf845f656c4cf7642dfd83af25e26656064e3f8652d92928d94f55f5b58bc3"
}
	Command being timed: "timeout --signal=TERM --kill-after=5m 2700s env CUDA_VISIBLE_DEVICES=1 python scripts/build_voi_targets.py --config outputs/week8_data/ablation_configs/no_semantic_match_policy.yaml --manifest_path outputs/week8_ablations/no_semantic_match/vectorized/vectorized_manifest.json --state_manifest outputs/week4_reports/final/state_manifest.json --checkpoint outputs/week8_ablations/no_semantic_match/diagnostic_checkpoints/diag_deep_sets_standard_seed42.best.pt --freeze_manifest outputs/week8_ablations/no_semantic_match/freeze/week8_diagnostic_freeze.json --temporary_aps outputs/week8_ablations/no_semantic_match/temporary_aps/temporary_aps_deep_sets_standard_seed42.json --teacher_path outputs/teacher_core_contract_v1_recovered --output_dir outputs/week8_ablations/no_semantic_match/voi --seed 42 --inference_batch_size 512 --device cuda:0 --resume"
	User time (seconds): 681.65
	System time (seconds): 11.90
	Percent of CPU this job got: 100%
	Elapsed (wall clock) time (h:mm:ss or m:ss): 11:28.09
	Average shared text size (kbytes): 0
	Average unshared data size (kbytes): 0
	Average stack size (kbytes): 0
	Average total size (kbytes): 0
	Maximum resident set size (kbytes): 3759520
	Average resident set size (kbytes): 0
	Major (requiring I/O) page faults: 0
	Minor (reclaiming a frame) page faults: 1103521
	Voluntary context switches: 7400
	Involuntary context switches: 117104
	Swaps: 0
	File system inputs: 0
	File system outputs: 1877128
	Socket messages sent: 0
	Socket messages received: 0
	Signals delivered: 0
	Page size (bytes): 4096
	Exit status: 0
no_semantic_match VOI targets exit code: 0
===== no_semantic_match policy training =====
Timeout 2700s; worker ceiling remaining 6942s
2026-09-12 20:57:17,079 INFO [train_policy] epoch=0 val_loss=0.617077 oracle_agreement=0.7822
2026-09-12 20:58:22,445 INFO [train_policy] epoch=1 val_loss=0.611349 oracle_agreement=0.7845
2026-09-12 20:59:18,614 INFO [train_policy] epoch=2 val_loss=0.609700 oracle_agreement=0.7859
2026-09-12 21:00:18,547 INFO [train_policy] epoch=3 val_loss=0.608138 oracle_agreement=0.7879
2026-09-12 21:01:25,011 INFO [train_policy] epoch=4 val_loss=0.605896 oracle_agreement=0.7880
2026-09-12 21:02:31,809 INFO [train_policy] epoch=5 val_loss=0.604988 oracle_agreement=0.7871
2026-09-12 21:03:41,972 INFO [train_policy] epoch=6 val_loss=0.604896 oracle_agreement=0.7891
2026-09-12 21:04:47,653 INFO [train_policy] epoch=7 val_loss=0.604208 oracle_agreement=0.7880
2026-09-12 21:05:53,841 INFO [train_policy] epoch=8 val_loss=0.602744 oracle_agreement=0.7869
2026-09-12 21:07:02,263 INFO [train_policy] epoch=9 val_loss=0.603533 oracle_agreement=0.7856
2026-09-12 21:08:07,979 INFO [train_policy] epoch=10 val_loss=0.601028 oracle_agreement=0.7885
2026-09-12 21:09:14,685 INFO [train_policy] epoch=11 val_loss=0.602207 oracle_agreement=0.7888
2026-09-12 21:10:22,379 INFO [train_policy] epoch=12 val_loss=0.601363 oracle_agreement=0.7882
2026-09-12 21:11:31,059 INFO [train_policy] epoch=13 val_loss=0.601445 oracle_agreement=0.7890
2026-09-12 21:12:38,576 INFO [train_policy] epoch=14 val_loss=0.599926 oracle_agreement=0.7887
2026-09-12 21:13:44,817 INFO [train_policy] epoch=15 val_loss=0.601271 oracle_agreement=0.7884
2026-09-12 21:14:53,798 INFO [train_policy] epoch=16 val_loss=0.599946 oracle_agreement=0.7884
2026-09-12 21:15:52,618 INFO [train_policy] epoch=17 val_loss=0.600369 oracle_agreement=0.7873
2026-09-12 21:16:56,892 INFO [train_policy] epoch=18 val_loss=0.601614 oracle_agreement=0.7902
2026-09-12 21:18:06,588 INFO [train_policy] epoch=19 val_loss=0.601463 oracle_agreement=0.7867
{
  "encoder": "deep_sets",
  "gru_condition": "standard",
  "cost_multiplier": 0.0,
  "target_kind": "voi",
  "limit": null,
  "seed": 42,
  "pilot": false,
  "config_approval": "APPROVED",
  "output": "outputs/week8_ablations/no_semantic_match/policy_checkpoints/policy_deep_sets_standard_lambda0_seed42.best.pt"
}
{
  "format_version": "week6_policy_validation_v1",
  "is_valid": true,
  "fit_split": "train",
  "selection_split": "val",
  "calibration_used": false,
  "test_used": false,
  "encoder_name": "deep_sets",
  "gru_condition": "standard",
  "seed": 42,
  "cost_multiplier": 0.0,
  "target_kind": "voi",
  "train_rows": 436429,
  "validation_rows": 60483,
  "best_epoch": 14,
  "metrics": {
    "total": 0.5999264244368422,
    "ranking": 0.08286824684976347,
    "mse": 0.7282798415270381,
    "action_ce": 0.6699764363643478,
    "best_action_accuracy": 0.7887340244366186,
    "stop_prediction_rate": 0.40442769042540877,
    "row_count": 60483
  },
  "checkpoint_path": "outputs/week8_ablations/no_semantic_match/policy_checkpoints/policy_deep_sets_standard_lambda0_seed42.best.pt",
  "checkpoint_sha256": "2eff685c94ca17b46db31b54e4cf398546e327085e04051fe6b66bc7097203e3",
  "config_sha256": "0bf6c600963d1002b722e72e84e95315e8554248f5e1ffaad1b79d86c9f090a8",
  "source_manifest_sha256": "a1cde92b41827d864453df4a0ba470a29bfc5438f0c016656edf98ec1d461726",
  "diagnostic_checkpoint_sha256": "4d1e5714b5624ca8f3d0fdad00dca28c25d67fec5af248e6bc46a3684a24bbee",
  "vector_manifest_sha256": "d84201186bcfd7db79585b12d43acc54acf3fded26ebbc13352e7ab620728a08",
  "week5_freeze_sha256": "f7d1dcf07534d99e6e7ff0b65758d2ce615a1b4eafb8dab4e4462e97f5ab27a5",
  "limit": null,
  "report_sha256": "6a0dd253e836c3cc6f159d962802cc10b7470262724ccf976ea796ca9c1b105c"
}
	Command being timed: "timeout --signal=TERM --kill-after=5m 2700s env CUDA_VISIBLE_DEVICES=1 python scripts/train_policy.py --config outputs/week8_data/ablation_configs/no_semantic_match_policy.yaml --manifest_path outputs/week8_ablations/no_semantic_match/vectorized/vectorized_manifest.json --voi_manifest outputs/week8_ablations/no_semantic_match/voi/voi_manifest.json --diagnostic_checkpoint outputs/week8_ablations/no_semantic_match/diagnostic_checkpoints/diag_deep_sets_standard_seed42.best.pt --freeze_manifest outputs/week8_ablations/no_semantic_match/freeze/week8_diagnostic_freeze.json --cost_multiplier 0.0 --target_kind voi --seed 42 --device cuda:0 --output_dir outputs/week8_ablations/no_semantic_match/policy_checkpoints --resume"
	User time (seconds): 1420.06
	System time (seconds): 10.60
	Percent of CPU this job got: 101%
	Elapsed (wall clock) time (h:mm:ss or m:ss): 23:31.41
	Average shared text size (kbytes): 0
	Average unshared data size (kbytes): 0
	Average stack size (kbytes): 0
	Average total size (kbytes): 0
	Maximum resident set size (kbytes): 6064984
	Average resident set size (kbytes): 0
	Major (requiring I/O) page faults: 0
	Minor (reclaiming a frame) page faults: 1532170
	Voluntary context switches: 51835
	Involuntary context switches: 96131
	Swaps: 0
	File system inputs: 8
	File system outputs: 28448
	Socket messages sent: 0
	Socket messages received: 0
	Signals delivered: 0
	Page size (bytes): 4096
	Exit status: 0
no_semantic_match policy training exit code: 0
===== no_semantic_match stack freeze =====
Timeout 600s; worker ceiling remaining 5530s
{
  "artifacts": {
    "diagnostic_checkpoint": {
      "path": "outputs/week8_ablations/no_semantic_match/diagnostic_checkpoints/diag_deep_sets_standard_seed42.best.pt",
      "sha256": "4d1e5714b5624ca8f3d0fdad00dca28c25d67fec5af248e6bc46a3684a24bbee"
    },
    "diagnostic_config": {
      "path": "outputs/week8_data/ablation_configs/no_semantic_match_diag.yaml",
      "sha256": "0faeb26065320ae2308462e480c3ac64e50c1f2937205babb1bb2d24def55f76"
    },
    "policy_checkpoint": {
      "path": "outputs/week8_ablations/no_semantic_match/policy_checkpoints/policy_deep_sets_standard_lambda0_seed42.best.pt",
      "sha256": "2eff685c94ca17b46db31b54e4cf398546e327085e04051fe6b66bc7097203e3"
    },
    "policy_config": {
      "path": "outputs/week8_data/ablation_configs/no_semantic_match_policy.yaml",
      "sha256": "0bf6c600963d1002b722e72e84e95315e8554248f5e1ffaad1b79d86c9f090a8"
    },
    "selection_report": {
      "path": "outputs/week8_ablations/no_semantic_match/freeze/predeclared_stack_selection.json",
      "sha256": "e3913694f8d9ed0d12c92b47f33017c1415ab9fecd70655cf47548972815652b"
    },
    "vector_manifest": {
      "path": "outputs/week8_ablations/no_semantic_match/vectorized/vectorized_manifest.json",
      "sha256": "d84201186bcfd7db79585b12d43acc54acf3fded26ebbc13352e7ab620728a08"
    },
    "week8_config": {
      "path": "configs/experiments/week8_evaluation.yaml",
      "sha256": "59748c18da7375db6140f05d6c5ec2670c6ce19eeb25b5931e94868ffe7d9cf6"
    }
  },
  "format_version": "proactive_stack_freeze_v1",
  "freeze_sha256": "b7847b76edd83e8585cf928211f333c0361fd7b97b9fb0b089fb5f546bc61a0d",
  "owner_approved": true,
  "status": "FROZEN"
}

	Command being timed: "timeout --signal=TERM --kill-after=5m 600s python scripts/freeze_week8_ablation_stack.py --week8_config configs/experiments/week8_evaluation.yaml --ablation_id no_semantic_match --diag_config outputs/week8_data/ablation_configs/no_semantic_match_diag.yaml --policy_config outputs/week8_data/ablation_configs/no_semantic_match_policy.yaml --vector_manifest outputs/week8_ablations/no_semantic_match/vectorized/vectorized_manifest.json --diagnostic_checkpoint outputs/week8_ablations/no_semantic_match/diagnostic_checkpoints/diag_deep_sets_standard_seed42.best.pt --policy_checkpoint outputs/week8_ablations/no_semantic_match/policy_checkpoints/policy_deep_sets_standard_lambda0_seed42.best.pt --output_dir outputs/week8_ablations/no_semantic_match/freeze --approve_freeze --overwrite"
	User time (seconds): 1.74
	System time (seconds): 5.44
	Percent of CPU this job got: 528%
	Elapsed (wall clock) time (h:mm:ss or m:ss): 0:01.36
	Average shared text size (kbytes): 0
	Average unshared data size (kbytes): 0
	Average stack size (kbytes): 0
	Average total size (kbytes): 0
	Maximum resident set size (kbytes): 429828
	Average resident set size (kbytes): 0
	Major (requiring I/O) page faults: 0
	Minor (reclaiming a frame) page faults: 62331
	Voluntary context switches: 174
	Involuntary context switches: 97465
	Swaps: 0
	File system inputs: 0
	File system outputs: 16
	Socket messages sent: 0
	Socket messages received: 0
	Signals delivered: 0
	Page size (bytes): 4096
	Exit status: 0
no_semantic_match stack freeze exit code: 0
===== no_semantic_match validation frontier =====
Timeout 1200s; worker ceiling remaining 5529s
{
  "format_version": "week8_ablation_frontier_v1",
  "status": "COMPLETE",
  "ablation_id": "no_semantic_match",
  "evaluation_split": "val",
  "calibration_used": false,
  "test_used": false,
  "heldout_shift_used": false,
  "post_test_tuning_used": false,
  "seed": 42,
  "week8_config_sha256": "59748c18da7375db6140f05d6c5ec2670c6ce19eeb25b5931e94868ffe7d9cf6",
  "manifest_sha256": "d84201186bcfd7db79585b12d43acc54acf3fded26ebbc13352e7ab620728a08",
  "diagnostic_checkpoint_sha256": "4d1e5714b5624ca8f3d0fdad00dca28c25d67fec5af248e6bc46a3684a24bbee",
  "policy_checkpoint_sha256": "2eff685c94ca17b46db31b54e4cf398546e327085e04051fe6b66bc7097203e3",
  "aps_sha256": "f873b6f0fd1655477f4bd6248ad5a360aafc079a0a304eec0884d83ea9c703a2",
  "freeze_manifest_sha256": "20eea9efdc6db7193eaa99f76dd92fbb213676feb62ad6e416a8cad138f128c1",
  "budgets": [
    1,
    2,
    3,
    4,
    7
  ],
  "coverages": [
    0.9,
    0.95
  ],
  "base_model_instances": 1404,
  "teacher_files": [
    {
      "path": "outputs/teacher_core_contract_v1_recovered/teacher_gemma4_e4b_all_all_shard00-of-04.jsonl",
      "sha256": "46593391081546c310991894934b1436ecfcf1f07956104d59e9e8f4495e1948",
      "selected_rows": 175
    },
    {
      "path": "outputs/teacher_core_contract_v1_recovered/teacher_gemma4_e4b_all_all_shard01-of-04.jsonl",
      "sha256": "3c7d3ca72753bd49d8f344dd9e468877e75567132de20a81ce20467d52e096a9",
      "selected_rows": 180
    },
    {
      "path": "outputs/teacher_core_contract_v1_recovered/teacher_gemma4_e4b_all_all_shard02-of-04.jsonl",
      "sha256": "bff419cdd17e66ccd9eea1a83e248d5f58e16143d662ebd3ba33625b953018ec",
      "selected_rows": 163
    },
    {
      "path": "outputs/teacher_core_contract_v1_recovered/teacher_gemma4_e4b_all_all_shard03-of-04.jsonl",
      "sha256": "9538751d71a3f8a133be26c2de6d4a4b505b3c780a20ee10a15cd24cd0d8a84e",
      "selected_rows": 184
    },
    {
      "path": "outputs/teacher_core_contract_v1_recovered/teacher_qwen3_vl_8b_all_all_shard00-of-04.jsonl",
      "sha256": "53cc79788e76a9ddcf8df20812e5ca0ca7aa918dad85d249107f3b46003c5be4",
      "selected_rows": 162
    },
    {
      "path": "outputs/teacher_core_contract_v1_recovered/teacher_qwen3_vl_8b_all_all_shard01-of-04.jsonl",
      "sha256": "5bcb3927cfca370cce87c95df969dde3f24c26cd901c9733b63bb17180717c65",
      "selected_rows": 179
    },
    {
      "path": "outputs/teacher_core_contract_v1_recovered/teacher_qwen3_vl_8b_all_all_shard02-of-04.jsonl",
      "sha256": "0ae1afb49f1cf578282a62fafea38ffad93bc7d3220929469d31150e2f9c8711",
      "selected_rows": 174
    },
    {
      "path": "outputs/teacher_core_contract_v1_recovered/teacher_qwen3_vl_8b_all_all_shard03-of-04.jsonl",
      "sha256": "4dc9b657f4ea35d7e74e352157f25aee5bd1b2c9c99e13d33755f8f65d55031f",
      "selected_rows": 187
    }
  ],
  "global_aps_fit_split": "val",
  "global_aps_evaluation_split": "val",
  "global_aps_thresholds": {
    "0.9": 0.9999608993530273,
    "0.95": 0.9999806880950928
  },
  "summaries": {
    "proactive|1|0.9": {
      "row_count": 1404,
      "mean_acquisition_cost": 1.0,
      "diagnostic": {
        "record_count": 1404,
        "source_bit_micro_f1": 0.8745148771021992,
        "source_bit_macro_f1": 0.876314029869583,
        "source_bit_hamming_loss": 0.11514719848053181,
        "source_bit_auroc": {
          "visual": 0.939379372854946,
          "language": 0.9381389215494154,
          "alignment": 0.987631458619113
        },
        "six_way_macro_f1": 0.5386346224614278,
        "six_way_balanced_accuracy": 0.6629406255710225,
        "six_way_confusion_matrix": [
          [
            63,
            0,
            3,
            3,
            66,
            52
          ],
          [
            4,
            367,
            1,
            0,
            17,
            3
          ],
          [
            0,
            0,
            32,
            3,
            9,
            0
          ],
          [
            39,
            48,
            112,
            378,
            15,
            3
          ],
          [
            2,
            0,
            2,
            0,
            7,
            1
          ],
          [
            15,
            0,
            1,
            0,
            26,
            132
          ]
        ],
        "six_way_labels": [
          "visual",
          "language-prior",
          "alignment",
          "mixed",
          "unclear",
          "no-failure"
        ],
        "signature_mse": 0.03948997469151945
      },
      "prediction_sets": {
        "coverage": 0.8226495726495726,
        "average_set_size": 2.284188034188034,
        "singleton_rate": 0.4544159544159544,
        "empty_set_rate": 0.10897435897435898
      },
      "action_counts": {
        "blank": 786,
        "stop": 1404,
        "blur": 361,
        "grounding": 217,
        "crop": 40
      }
    },
    "proactive|1|0.95": {
      "row_count": 1404,
      "mean_acquisition_cost": 1.0,
      "diagnostic": {
        "record_count": 1404,
        "source_bit_micro_f1": 0.8745148771021992,
        "source_bit_macro_f1": 0.876314029869583,
        "source_bit_hamming_loss": 0.11514719848053181,
        "source_bit_auroc": {
          "visual": 0.939379372854946,
          "language": 0.9381389215494154,
          "alignment": 0.987631458619113
        },
        "six_way_macro_f1": 0.5386346224614278,
        "six_way_balanced_accuracy": 0.6629406255710225,
        "six_way_confusion_matrix": [
          [
            63,
            0,
            3,
            3,
            66,
            52
          ],
          [
            4,
            367,
            1,
            0,
            17,
            3
          ],
          [
            0,
            0,
            32,
            3,
            9,
            0
          ],
          [
            39,
            48,
            112,
            378,
            15,
            3
          ],
          [
            2,
            0,
            2,
            0,
            7,
            1
          ],
          [
            15,
            0,
            1,
            0,
            26,
            132
          ]
        ],
        "six_way_labels": [
          "visual",
          "language-prior",
          "alignment",
          "mixed",
          "unclear",
          "no-failure"
        ],
        "signature_mse": 0.03948997469151945
      },
      "prediction_sets": {
        "coverage": 0.9266381766381766,
        "average_set_size": 2.53988603988604,
        "singleton_rate": 0.40954415954415957,
        "empty_set_rate": 0.045584045584045586
      },
      "action_counts": {
        "blank": 786,
        "stop": 1404,
        "blur": 361,
        "grounding": 217,
        "crop": 40
      }
    },
    "proactive|2|0.9": {
      "row_count": 1404,
      "mean_acquisition_cost": 1.9978632478632479,
      "diagnostic": {
        "record_count": 1404,
        "source_bit_micro_f1": 0.9124278972207656,
        "source_bit_macro_f1": 0.9132620928191626,
        "source_bit_hamming_loss": 0.07929724596391263,
        "source_bit_auroc": {
          "visual": 0.9692558381114358,
          "language": 0.9530933601149648,
          "alignment": 0.9969447562040155
        },
        "six_way_macro_f1": 0.7024804898967383,
        "six_way_balanced_accuracy": 0.8304870380754182,
        "six_way_confusion_matrix": [
          [
            146,
            1,
            1,
            2,
            27,
            10
          ],
          [
            0,
            377,
            0,
            2,
            10,
            3
          ],
          [
            1,
            0,
            41,
            2,
            0,
            0
          ],
          [
            22,
            34,
            51,
            476,
            10,
            2
          ],
          [
            1,
            0,
            0,
            0,
            9,
            2
          ],
          [
            2,
            0,
            1,
            0,
            39,
            132
          ]
        ],
        "six_way_labels": [
          "visual",
          "language-prior",
          "alignment",
          "mixed",
          "unclear",
          "no-failure"
        ],
        "signature_mse": 0.033288748174144234
      },
      "prediction_sets": {
        "coverage": 0.8027065527065527,
        "average_set_size": 1.774928774928775,
        "singleton_rate": 0.5235042735042735,
        "empty_set_rate": 0.13746438746438747
      },
      "action_counts": {
        "blank": 885,
        "grounding": 697,
        "stop": 1404,
        "crop": 323,
        "blur": 868,
        "brightness": 31,
        "noise": 1
      }
    },
    "proactive|2|0.95": {
      "row_count": 1404,
      "mean_acquisition_cost": 1.9978632478632479,
      "diagnostic": {
        "record_count": 1404,
        "source_bit_micro_f1": 0.9124278972207656,
        "source_bit_macro_f1": 0.9132620928191626,
        "source_bit_hamming_loss": 0.07929724596391263,
        "source_bit_auroc": {
          "visual": 0.9692558381114358,
          "language": 0.9530933601149648,
          "alignment": 0.9969447562040155
        },
        "six_way_macro_f1": 0.7024804898967383,
        "six_way_balanced_accuracy": 0.8304870380754182,
        "six_way_confusion_matrix": [
          [
            146,
            1,
            1,
            2,
            27,
            10
          ],
          [
            0,
            377,
            0,
            2,
            10,
            3
          ],
          [
            1,
            0,
            41,
            2,
            0,
            0
          ],
          [
            22,
            34,
            51,
            476,
            10,
            2
          ],
          [
            1,
            0,
            0,
            0,
            9,
            2
          ],
          [
            2,
            0,
            1,
            0,
            39,
            132
          ]
        ],
        "six_way_labels": [
          "visual",
          "language-prior",
          "alignment",
          "mixed",
          "unclear",
          "no-failure"
        ],
        "signature_mse": 0.033288748174144234
      },
      "prediction_sets": {
        "coverage": 0.8803418803418803,
        "average_set_size": 1.9650997150997151,
        "singleton_rate": 0.4985754985754986,
        "empty_set_rate": 0.07621082621082621
      },
      "action_counts": {
        "blank": 885,
        "grounding": 697,
        "stop": 1404,
        "crop": 323,
        "blur": 868,
        "brightness": 31,
        "noise": 1
      }
    },
    "proactive|3|0.9": {
      "row_count": 1404,
      "mean_acquisition_cost": 2.9038461538461537,
      "diagnostic": {
        "record_count": 1404,
        "source_bit_micro_f1": 0.9335078534031414,
        "source_bit_macro_f1": 0.9336629266448014,
        "source_bit_hamming_loss": 0.06030389363722697,
        "source_bit_auroc": {
          "visual": 0.9762809218767505,
          "language": 0.9552469135802468,
          "alignment": 0.9997069460032423
        },
        "six_way_macro_f1": 0.7522626143552998,
        "six_way_balanced_accuracy": 0.8801296589691258,
        "six_way_confusion_matrix": [
          [
            159,
            0,
            0,
            0,
            18,
            10
          ],
          [
            0,
            380,
            0,
            0,
            8,
            4
          ],
          [
            0,
            0,
            43,
            1,
            0,
            0
          ],
          [
            8,
            24,
            39,
            517,
            4,
            3
          ],
          [
            0,
            0,
            0,
            0,
            10,
            2
          ],
          [
            1,
            0,
            0,
            0,
            37,
            136
          ]
        ],
        "six_way_labels": [
          "visual",
          "language-prior",
          "alignment",
          "mixed",
          "unclear",
          "no-failure"
        ],
        "signature_mse": 0.03148834815739169
      },
      "prediction_sets": {
        "coverage": 0.7913105413105413,
        "average_set_size": 1.6787749287749287,
        "singleton_rate": 0.5092592592592593,
        "empty_set_rate": 0.16595441595441596
      },
      "action_counts": {
        "blank": 1001,
        "grounding": 1270,
        "blur": 1106,
        "stop": 1404,
        "crop": 536,
        "brightness": 134,
        "noise": 30
      }
    },
    "proactive|3|0.95": {
      "row_count": 1404,
      "mean_acquisition_cost": 2.9038461538461537,
      "diagnostic": {
        "record_count": 1404,
        "source_bit_micro_f1": 0.9335078534031414,
        "source_bit_macro_f1": 0.9336629266448014,
        "source_bit_hamming_loss": 0.06030389363722697,
        "source_bit_auroc": {
          "visual": 0.9762809218767505,
          "language": 0.9552469135802468,
          "alignment": 0.9997069460032423
        },
        "six_way_macro_f1": 0.7522626143552998,
        "six_way_balanced_accuracy": 0.8801296589691258,
        "six_way_confusion_matrix": [
          [
            159,
            0,
            0,
            0,
            18,
            10
          ],
          [
            0,
            380,
            0,
            0,
            8,
            4
          ],
          [
            0,
            0,
            43,
            1,
            0,
            0
          ],
          [
            8,
            24,
            39,
            517,
            4,
            3
          ],
          [
            0,
            0,
            0,
            0,
            10,
            2
          ],
          [
            1,
            0,
            0,
            0,
            37,
            136
          ]
        ],
        "six_way_labels": [
          "visual",
          "language-prior",
          "alignment",
          "mixed",
          "unclear",
          "no-failure"
        ],
        "signature_mse": 0.03148834815739169
      },
      "prediction_sets": {
        "coverage": 0.8725071225071225,
        "average_set_size": 1.8653846153846154,
        "singleton_rate": 0.49715099715099714,
        "empty_set_rate": 0.09615384615384616
      },
      "action_counts": {
        "blank": 1001,
        "grounding": 1270,
        "blur": 1106,
        "stop": 1404,
        "crop": 536,
        "brightness": 134,
        "noise": 30
      }
    },
    "proactive|4|0.9": {
      "row_count": 1404,
      "mean_acquisition_cost": 3.70014245014245,
      "diagnostic": {
        "record_count": 1404,
        "source_bit_micro_f1": 0.9470421079824335,
        "source_bit_macro_f1": 0.9463940979169679,
        "source_bit_hamming_loss": 0.048670465337132006,
        "source_bit_auroc": {
          "visual": 0.9868623397256368,
          "language": 0.9583414984649553,
          "alignment": 0.9997651411231658
        },
        "six_way_macro_f1": 0.7996748272530022,
        "six_way_balanced_accuracy": 0.9048031072408064,
        "six_way_confusion_matrix": [
          [
            174,
            0,
            0,
            0,
            7,
            6
          ],
          [
            0,
            381,
            0,
            1,
            6,
            4
          ],
          [
            0,
            0,
            43,
            1,
            0,
            0
          ],
          [
            7,
            15,
            19,
            549,
            4,
            1
          ],
          [
            1,
            0,
            0,
            0,
            10,
            1
          ],
          [
            0,
            0,
            0,
            0,
            36,
            138
          ]
        ],
        "six_way_labels": [
          "visual",
          "language-prior",
          "alignment",
          "mixed",
          "unclear",
          "no-failure"
        ],
        "signature_mse": 0.029901858275646048
      },
      "prediction_sets": {
        "coverage": 0.7962962962962963,
        "average_set_size": 1.6025641025641026,
        "singleton_rate": 0.5235042735042735,
        "empty_set_rate": 0.17663817663817663
      },
      "action_counts": {
        "blank": 1142,
        "grounding": 1348,
        "blur": 1387,
        "crop": 888,
        "stop": 1404,
        "brightness": 348,
        "noise": 80,
        "relation": 2
      }
    },
    "proactive|4|0.95": {
      "row_count": 1404,
      "mean_acquisition_cost": 3.70014245014245,
      "diagnostic": {
        "record_count": 1404,
        "source_bit_micro_f1": 0.9470421079824335,
        "source_bit_macro_f1": 0.9463940979169679,
        "source_bit_hamming_loss": 0.048670465337132006,
        "source_bit_auroc": {
          "visual": 0.9868623397256368,
          "language": 0.9583414984649553,
          "alignment": 0.9997651411231658
        },
        "six_way_macro_f1": 0.7996748272530022,
        "six_way_balanced_accuracy": 0.9048031072408064,
        "six_way_confusion_matrix": [
          [
            174,
            0,
            0,
            0,
            7,
            6
          ],
          [
            0,
            381,
            0,
            1,
            6,
            4
          ],
          [
            0,
            0,
            43,
            1,
            0,
            0
          ],
          [
            7,
            15,
            19,
            549,
            4,
            1
          ],
          [
            1,
            0,
            0,
            0,
            10,
            1
          ],
          [
            0,
            0,
            0,
            0,
            36,
            138
          ]
        ],
        "six_way_labels": [
          "visual",
          "language-prior",
          "alignment",
          "mixed",
          "unclear",
          "no-failure"
        ],
        "signature_mse": 0.029901858275646048
      },
      "prediction_sets": {
        "coverage": 0.9009971509971509,
        "average_set_size": 2.047008547008547,
        "singleton_rate": 0.32336182336182334,
        "empty_set_rate": 0.08262108262108261
      },
      "action_counts": {
        "blank": 1142,
        "grounding": 1348,
        "blur": 1387,
        "crop": 888,
        "stop": 1404,
        "brightness": 348,
        "noise": 80,
        "relation": 2
      }
    },
    "proactive|7|0.9": {
      "row_count": 1404,
      "mean_acquisition_cost": 4.817663817663818,
      "diagnostic": {
        "record_count": 1404,
        "source_bit_micro_f1": 0.9553388090349076,
        "source_bit_macro_f1": 0.9535902415203387,
        "source_bit_hamming_loss": 0.04131054131054131,
        "source_bit_auroc": {
          "visual": 0.9952887739202166,
          "language": 0.9579128290548042,
          "alignment": 0.9997547491374652
        },
        "six_way_macro_f1": 0.8226872107215372,
        "six_way_balanced_accuracy": 0.916824535456816,
        "six_way_confusion_matrix": [
          [
            184,
            0,
            0,
            0,
            1,
            2
          ],
          [
            0,
            382,
            0,
            0,
            5,
            5
          ],
          [
            0,
            0,
            43,
            1,
            0,
            0
          ],
          [
            14,
            6,
            12,
            562,
            0,
            1
          ],
          [
            1,
            0,
            0,
            0,
            10,
            1
          ],
          [
            0,
            0,
            0,
            0,
            37,
            137
          ]
        ],
        "six_way_labels": [
          "visual",
          "language-prior",
          "alignment",
          "mixed",
          "unclear",
          "no-failure"
        ],
        "signature_mse": 0.030221050701570745
      },
      "prediction_sets": {
        "coverage": 0.8034188034188035,
        "average_set_size": 1.5462962962962963,
        "singleton_rate": 0.5562678062678063,
        "empty_set_rate": 0.1752136752136752
      },
      "action_counts": {
        "blank": 1207,
        "grounding": 1387,
        "blur": 1391,
        "crop": 1024,
        "stop": 1404,
        "noise": 807,
        "brightness": 939,
        "relation": 9
      }
    },
    "proactive|7|0.95": {
      "row_count": 1404,
      "mean_acquisition_cost": 4.817663817663818,
      "diagnostic": {
        "record_count": 1404,
        "source_bit_micro_f1": 0.9553388090349076,
        "source_bit_macro_f1": 0.9535902415203387,
        "source_bit_hamming_loss": 0.04131054131054131,
        "source_bit_auroc": {
          "visual": 0.9952887739202166,
          "language": 0.9579128290548042,
          "alignment": 0.9997547491374652
        },
        "six_way_macro_f1": 0.8226872107215372,
        "six_way_balanced_accuracy": 0.916824535456816,
        "six_way_confusion_matrix": [
          [
            184,
            0,
            0,
            0,
            1,
            2
          ],
          [
            0,
            382,
            0,
            0,
            5,
            5
          ],
          [
            0,
            0,
            43,
            1,
            0,
            0
          ],
          [
            14,
            6,
            12,
            562,
            0,
            1
          ],
          [
            1,
            0,
            0,
            0,
            10,
            1
          ],
          [
            0,
            0,
            0,
            0,
            37,
            137
          ]
        ],
        "six_way_labels": [
          "visual",
          "language-prior",
          "alignment",
          "mixed",
          "unclear",
          "no-failure"
        ],
        "signature_mse": 0.030221050701570745
      },
      "prediction_sets": {
        "coverage": 0.9195156695156695,
        "average_set_size": 2.0235042735042734,
        "singleton_rate": 0.35185185185185186,
        "empty_set_rate": 0.06766381766381767
      },
      "action_counts": {
        "blank": 1207,
        "grounding": 1387,
        "blur": 1391,
        "crop": 1024,
        "stop": 1404,
        "noise": 807,
        "brightness": 939,
        "relation": 9
      }
    },
    "proactive_no_stop|1|0.9": {
      "row_count": 1404,
      "mean_acquisition_cost": 1.0,
      "diagnostic": {
        "record_count": 1404,
        "source_bit_micro_f1": 0.8745148771021992,
        "source_bit_macro_f1": 0.876314029869583,
        "source_bit_hamming_loss": 0.11514719848053181,
        "source_bit_auroc": {
          "visual": 0.939379372854946,
          "language": 0.9381389215494154,
          "alignment": 0.987631458619113
        },
        "six_way_macro_f1": 0.5386346224614278,
        "six_way_balanced_accuracy": 0.6629406255710225,
        "six_way_confusion_matrix": [
          [
            63,
            0,
            3,
            3,
            66,
            52
          ],
          [
            4,
            367,
            1,
            0,
            17,
            3
          ],
          [
            0,
            0,
            32,
            3,
            9,
            0
          ],
          [
            39,
            48,
            112,
            378,
            15,
            3
          ],
          [
            2,
            0,
            2,
            0,
            7,
            1
          ],
          [
            15,
            0,
            1,
            0,
            26,
            132
          ]
        ],
        "six_way_labels": [
          "visual",
          "language-prior",
          "alignment",
          "mixed",
          "unclear",
          "no-failure"
        ],
        "signature_mse": 0.03948997469151945
      },
      "prediction_sets": {
        "coverage": 0.8226495726495726,
        "average_set_size": 2.284188034188034,
        "singleton_rate": 0.4544159544159544,
        "empty_set_rate": 0.10897435897435898
      },
      "action_counts": {
        "blank": 786,
        "stop": 1404,
        "blur": 361,
        "grounding": 217,
        "crop": 40
      }
    },
    "proactive_no_stop|1|0.95": {
      "row_count": 1404,
      "mean_acquisition_cost": 1.0,
      "diagnostic": {
        "record_count": 1404,
        "source_bit_micro_f1": 0.8745148771021992,
        "source_bit_macro_f1": 0.876314029869583,
        "source_bit_hamming_loss": 0.11514719848053181,
        "source_bit_auroc": {
          "visual": 0.939379372854946,
          "language": 0.9381389215494154,
          "alignment": 0.987631458619113
        },
        "six_way_macro_f1": 0.5386346224614278,
        "six_way_balanced_accuracy": 0.6629406255710225,
        "six_way_confusion_matrix": [
          [
            63,
            0,
            3,
            3,
            66,
            52
          ],
          [
            4,
            367,
            1,
            0,
            17,
            3
          ],
          [
            0,
            0,
            32,
            3,
            9,
            0
          ],
          [
            39,
            48,
            112,
            378,
            15,
            3
          ],
          [
            2,
            0,
            2,
            0,
            7,
            1
          ],
          [
            15,
            0,
            1,
            0,
            26,
            132
          ]
        ],
        "six_way_labels": [
          "visual",
          "language-prior",
          "alignment",
          "mixed",
          "unclear",
          "no-failure"
        ],
        "signature_mse": 0.03948997469151945
      },
      "prediction_sets": {
        "coverage": 0.9266381766381766,
        "average_set_size": 2.53988603988604,
        "singleton_rate": 0.40954415954415957,
        "empty_set_rate": 0.045584045584045586
      },
      "action_counts": {
        "blank": 786,
        "stop": 1404,
        "blur": 361,
        "grounding": 217,
        "crop": 40
      }
    },
    "proactive_no_stop|2|0.9": {
      "row_count": 1404,
      "mean_acquisition_cost": 2.0,
      "diagnostic": {
        "record_count": 1404,
        "source_bit_micro_f1": 0.9124278972207656,
        "source_bit_macro_f1": 0.9132620928191626,
        "source_bit_hamming_loss": 0.07929724596391263,
        "source_bit_auroc": {
          "visual": 0.9692558381114359,
          "language": 0.953093360114965,
          "alignment": 0.9969447562040155
        },
        "six_way_macro_f1": 0.7024804898967383,
        "six_way_balanced_accuracy": 0.8304870380754182,
        "six_way_confusion_matrix": [
          [
            146,
            1,
            1,
            2,
            27,
            10
          ],
          [
            0,
            377,
            0,
            2,
            10,
            3
          ],
          [
            1,
            0,
            41,
            2,
            0,
            0
          ],
          [
            22,
            34,
            51,
            476,
            10,
            2
          ],
          [
            1,
            0,
            0,
            0,
            9,
            2
          ],
          [
            2,
            0,
            1,
            0,
            39,
            132
          ]
        ],
        "six_way_labels": [
          "visual",
          "language-prior",
          "alignment",
          "mixed",
          "unclear",
          "no-failure"
        ],
        "signature_mse": 0.033291289990221795
      },
      "prediction_sets": {
        "coverage": 0.8027065527065527,
        "average_set_size": 1.774928774928775,
        "singleton_rate": 0.5235042735042735,
        "empty_set_rate": 0.13746438746438747
      },
      "action_counts": {
        "blank": 887,
        "grounding": 697,
        "stop": 1404,
        "crop": 324,
        "blur": 868,
        "brightness": 31,
        "noise": 1
      }
    },
    "proactive_no_stop|2|0.95": {
      "row_count": 1404,
      "mean_acquisition_cost": 2.0,
      "diagnostic": {
        "record_count": 1404,
        "source_bit_micro_f1": 0.9124278972207656,
        "source_bit_macro_f1": 0.9132620928191626,
        "source_bit_hamming_loss": 0.07929724596391263,
        "source_bit_auroc": {
          "visual": 0.9692558381114359,
          "language": 0.953093360114965,
          "alignment": 0.9969447562040155
        },
        "six_way_macro_f1": 0.7024804898967383,
        "six_way_balanced_accuracy": 0.8304870380754182,
        "six_way_confusion_matrix": [
          [
            146,
            1,
            1,
            2,
            27,
            10
          ],
          [
            0,
            377,
            0,
            2,
            10,
            3
          ],
          [
            1,
            0,
            41,
            2,
            0,
            0
          ],
          [
            22,
            34,
            51,
            476,
            10,
            2
          ],
          [
            1,
            0,
            0,
            0,
            9,
            2
          ],
          [
            2,
            0,
            1,
            0,
            39,
            132
          ]
        ],
        "six_way_labels": [
          "visual",
          "language-prior",
          "alignment",
          "mixed",
          "unclear",
          "no-failure"
        ],
        "signature_mse": 0.033291289990221795
      },
      "prediction_sets": {
        "coverage": 0.8803418803418803,
        "average_set_size": 1.9658119658119657,
        "singleton_rate": 0.49786324786324787,
        "empty_set_rate": 0.07621082621082621
      },
      "action_counts": {
        "blank": 887,
        "grounding": 697,
        "stop": 1404,
        "crop": 324,
        "blur": 868,
        "brightness": 31,
        "noise": 1
      }
    },
    "proactive_no_stop|3|0.9": {
      "row_count": 1404,
      "mean_acquisition_cost": 3.0,
      "diagnostic": {
        "record_count": 1404,
        "source_bit_micro_f1": 0.9345843106593693,
        "source_bit_macro_f1": 0.9350989204481984,
        "source_bit_hamming_loss": 0.059591642924976256,
        "source_bit_auroc": {
          "visual": 0.9764764591459502,
          "language": 0.9553428538768045,
          "alignment": 0.999750592343185
        },
        "six_way_macro_f1": 0.7527532971118474,
        "six_way_balanced_accuracy": 0.8801296589691258,
        "six_way_confusion_matrix": [
          [
            159,
            0,
            0,
            0,
            18,
            10
          ],
          [
            0,
            380,
            0,
            0,
            8,
            4
          ],
          [
            0,
            0,
            43,
            1,
            0,
            0
          ],
          [
            9,
            24,
            38,
            517,
            4,
            3
          ],
          [
            0,
            0,
            0,
            0,
            10,
            2
          ],
          [
            1,
            0,
            0,
            0,
            37,
            136
          ]
        ],
        "six_way_labels": [
          "visual",
          "language-prior",
          "alignment",
          "mixed",
          "unclear",
          "no-failure"
        ],
        "signature_mse": 0.03131775310371103
      },
      "prediction_sets": {
        "coverage": 0.7913105413105413,
        "average_set_size": 1.683048433048433,
        "singleton_rate": 0.5071225071225072,
        "empty_set_rate": 0.16595441595441596
      },
      "action_counts": {
        "blank": 1092,
        "grounding": 1276,
        "blur": 1107,
        "stop": 1404,
        "crop": 560,
        "brightness": 146,
        "noise": 31
      }
    },
    "proactive_no_stop|3|0.95": {
      "row_count": 1404,
      "mean_acquisition_cost": 3.0,
      "diagnostic": {
        "record_count": 1404,
        "source_bit_micro_f1": 0.9345843106593693,
        "source_bit_macro_f1": 0.9350989204481984,
        "source_bit_hamming_loss": 0.059591642924976256,
        "source_bit_auroc": {
          "visual": 0.9764764591459502,
          "language": 0.9553428538768045,
          "alignment": 0.999750592343185
        },
        "six_way_macro_f1": 0.7527532971118474,
        "six_way_balanced_accuracy": 0.8801296589691258,
        "six_way_confusion_matrix": [
          [
            159,
            0,
            0,
            0,
            18,
            10
          ],
          [
            0,
            380,
            0,
            0,
            8,
            4
          ],
          [
            0,
            0,
            43,
            1,
            0,
            0
          ],
          [
            9,
            24,
            38,
            517,
            4,
            3
          ],
          [
            0,
            0,
            0,
            0,
            10,
            2
          ],
          [
            1,
            0,
            0,
            0,
            37,
            136
          ]
        ],
        "six_way_labels": [
          "visual",
          "language-prior",
          "alignment",
          "mixed",
          "unclear",
          "no-failure"
        ],
        "signature_mse": 0.03131775310371103
      },
      "prediction_sets": {
        "coverage": 0.8810541310541311,
        "average_set_size": 1.873931623931624,
        "singleton_rate": 0.5106837606837606,
        "empty_set_rate": 0.08618233618233619
      },
      "action_counts": {
        "blank": 1092,
        "grounding": 1276,
        "blur": 1107,
        "stop": 1404,
        "crop": 560,
        "brightness": 146,
        "noise": 31
      }
    },
    "proactive_no_stop|4|0.9": {
      "row_count": 1404,
      "mean_acquisition_cost": 4.0,
      "diagnostic": {
        "record_count": 1404,
        "source_bit_micro_f1": 0.9475578406169666,
        "source_bit_macro_f1": 0.9474031931511825,
        "source_bit_hamming_loss": 0.04843304843304843,
        "source_bit_auroc": {
          "visual": 0.9871454613966657,
          "language": 0.9593968417270885,
          "alignment": 0.9998046306688282
        },
        "six_way_macro_f1": 0.7996748272530022,
        "six_way_balanced_accuracy": 0.9048031072408064,
        "six_way_confusion_matrix": [
          [
            174,
            0,
            0,
            0,
            7,
            6
          ],
          [
            0,
            381,
            0,
            1,
            6,
            4
          ],
          [
            0,
            0,
            43,
            1,
            0,
            0
          ],
          [
            7,
            15,
            19,
            549,
            4,
            1
          ],
          [
            1,
            0,
            0,
            0,
            10,
            1
          ],
          [
            0,
            0,
            0,
            0,
            36,
            138
          ]
        ],
        "six_way_labels": [
          "visual",
          "language-prior",
          "alignment",
          "mixed",
          "unclear",
          "no-failure"
        ],
        "signature_mse": 0.029621991172392757
      },
      "prediction_sets": {
        "coverage": 0.7991452991452992,
        "average_set_size": 1.6103988603988604,
        "singleton_rate": 0.5242165242165242,
        "empty_set_rate": 0.1737891737891738
      },
      "action_counts": {
        "blank": 1260,
        "grounding": 1364,
        "blur": 1391,
        "crop": 947,
        "stop": 1404,
        "noise": 126,
        "brightness": 526,
        "relation": 2
      }
    },
    "proactive_no_stop|4|0.95": {
      "row_count": 1404,
      "mean_acquisition_cost": 4.0,
      "diagnostic": {
        "record_count": 1404,
        "source_bit_micro_f1": 0.9475578406169666,
        "source_bit_macro_f1": 0.9474031931511825,
        "source_bit_hamming_loss": 0.04843304843304843,
        "source_bit_auroc": {
          "visual": 0.9871454613966657,
          "language": 0.9593968417270885,
          "alignment": 0.9998046306688282
        },
        "six_way_macro_f1": 0.7996748272530022,
        "six_way_balanced_accuracy": 0.9048031072408064,
        "six_way_confusion_matrix": [
          [
            174,
            0,
            0,
            0,
            7,
            6
          ],
          [
            0,
            381,
            0,
            1,
            6,
            4
          ],
          [
            0,
            0,
            43,
            1,
            0,
            0
          ],
          [
            7,
            15,
            19,
            549,
            4,
            1
          ],
          [
            1,
            0,
            0,
            0,
            10,
            1
          ],
          [
            0,
            0,
            0,
            0,
            36,
            138
          ]
        ],
        "six_way_labels": [
          "visual",
          "language-prior",
          "alignment",
          "mixed",
          "unclear",
          "no-failure"
        ],
        "signature_mse": 0.029621991172392757
      },
      "prediction_sets": {
        "coverage": 0.8603988603988604,
        "average_set_size": 1.9907407407407407,
        "singleton_rate": 0.30128205128205127,
        "empty_set_rate": 0.1225071225071225
      },
      "action_counts": {
        "blank": 1260,
        "grounding": 1364,
        "blur": 1391,
        "crop": 947,
        "stop": 1404,
        "noise": 126,
        "brightness": 526,
        "relation": 2
      }
    },
    "proactive_no_stop|7|0.9": {
      "row_count": 1404,
      "mean_acquisition_cost": 6.011396011396012,
      "diagnostic": {
        "record_count": 1404,
        "source_bit_micro_f1": 0.9609276531383917,
        "source_bit_macro_f1": 0.9597941761154453,
        "source_bit_hamming_loss": 0.036799620132953466,
        "source_bit_auroc": {
          "visual": 0.9999938894603375,
          "language": 0.9612401201907375,
          "alignment": 0.999948040071497
        },
        "six_way_macro_f1": 0.8368318814477208,
        "six_way_balanced_accuracy": 0.9223169884463713,
        "six_way_confusion_matrix": [
          [
            187,
            0,
            0,
            0,
            0,
            0
          ],
          [
            0,
            381,
            0,
            1,
            5,
            5
          ],
          [
            0,
            0,
            43,
            1,
            0,
            0
          ],
          [
            11,
            0,
            7,
            577,
            0,
            0
          ],
          [
            1,
            0,
            0,
            0,
            10,
            1
          ],
          [
            0,
            0,
            0,
            0,
            38,
            136
          ]
        ],
        "six_way_labels": [
          "visual",
          "language-prior",
          "alignment",
          "mixed",
          "unclear",
          "no-failure"
        ],
        "signature_mse": 0.029119030617795402
      },
      "prediction_sets": {
        "coverage": 0.8532763532763533,
        "average_set_size": 1.5854700854700854,
        "singleton_rate": 0.5961538461538461,
        "empty_set_rate": 0.1346153846153846
      },
      "action_counts": {
        "blank": 1404,
        "grounding": 1404,
        "blur": 1404,
        "crop": 1404,
        "brightness": 1404,
        "noise": 1404,
        "stop": 1404,
        "relation": 16
      }
    },
    "proactive_no_stop|7|0.95": {
      "row_count": 1404,
      "mean_acquisition_cost": 6.011396011396012,
      "diagnostic": {
        "record_count": 1404,
        "source_bit_micro_f1": 0.9609276531383917,
        "source_bit_macro_f1": 0.9597941761154453,
        "source_bit_hamming_loss": 0.036799620132953466,
        "source_bit_auroc": {
          "visual": 0.9999938894603375,
          "language": 0.9612401201907375,
          "alignment": 0.999948040071497
        },
        "six_way_macro_f1": 0.8368318814477208,
        "six_way_balanced_accuracy": 0.9223169884463713,
        "six_way_confusion_matrix": [
          [
            187,
            0,
            0,
            0,
            0,
            0
          ],
          [
            0,
            381,
            0,
            1,
            5,
            5
          ],
          [
            0,
            0,
            43,
            1,
            0,
            0
          ],
          [
            11,
            0,
            7,
            577,
            0,
            0
          ],
          [
            1,
            0,
            0,
            0,
            10,
            1
          ],
          [
            0,
            0,
            0,
            0,
            38,
            136
          ]
        ],
        "six_way_labels": [
          "visual",
          "language-prior",
          "alignment",
          "mixed",
          "unclear",
          "no-failure"
        ],
        "signature_mse": 0.029119030617795402
      },
      "prediction_sets": {
        "coverage": 0.9301994301994302,
        "average_set_size": 2.004985754985755,
        "singleton_rate": 0.37962962962962965,
        "empty_set_rate": 0.06267806267806268
      },
      "action_counts": {
        "blank": 1404,
        "grounding": 1404,
        "blur": 1404,
        "crop": 1404,
        "brightness": 1404,
        "noise": 1404,
        "stop": 1404,
        "relation": 16
      }
    },
    "proactive_global_aps|1|0.9": {
      "row_count": 1404,
      "mean_acquisition_cost": 1.0,
      "diagnostic": {
        "record_count": 1404,
        "source_bit_micro_f1": 0.8745148771021992,
        "source_bit_macro_f1": 0.876314029869583,
        "source_bit_hamming_loss": 0.11514719848053181,
        "source_bit_auroc": {
          "visual": 0.939379372854946,
          "language": 0.9381389215494154,
          "alignment": 0.987631458619113
        },
        "six_way_macro_f1": 0.5386346224614278,
        "six_way_balanced_accuracy": 0.6629406255710225,
        "six_way_confusion_matrix": [
          [
            63,
            0,
            3,
            3,
            66,
            52
          ],
          [
            4,
            367,
            1,
            0,
            17,
            3
          ],
          [
            0,
            0,
            32,
            3,
            9,
            0
          ],
          [
            39,
            48,
            112,
            378,
            15,
            3
          ],
          [
            2,
            0,
            2,
            0,
            7,
            1
          ],
          [
            15,
            0,
            1,
            0,
            26,
            132
          ]
        ],
        "six_way_labels": [
          "visual",
          "language-prior",
          "alignment",
          "mixed",
          "unclear",
          "no-failure"
        ],
        "signature_mse": 0.03948997469151945
      },
      "prediction_sets": {
        "coverage": 0.9793447293447294,
        "average_set_size": 2.72008547008547,
        "singleton_rate": 0.4024216524216524,
        "empty_set_rate": 0.002136752136752137
      },
      "action_counts": {
        "blank": 786,
        "stop": 1404,
        "blur": 361,
        "grounding": 217,
        "crop": 40
      }
    },
    "proactive_global_aps|1|0.95": {
      "row_count": 1404,
      "mean_acquisition_cost": 1.0,
      "diagnostic": {
        "record_count": 1404,
        "source_bit_micro_f1": 0.8745148771021992,
        "source_bit_macro_f1": 0.876314029869583,
        "source_bit_hamming_loss": 0.11514719848053181,
        "source_bit_auroc": {
          "visual": 0.939379372854946,
          "language": 0.9381389215494154,
          "alignment": 0.987631458619113
        },
        "six_way_macro_f1": 0.5386346224614278,
        "six_way_balanced_accuracy": 0.6629406255710225,
        "six_way_confusion_matrix": [
          [
            63,
            0,
            3,
            3,
            66,
            52
          ],
          [
            4,
            367,
            1,
            0,
            17,
            3
          ],
          [
            0,
            0,
            32,
            3,
            9,
            0
          ],
          [
            39,
            48,
            112,
            378,
            15,
            3
          ],
          [
            2,
            0,
            2,
            0,
            7,
            1
          ],
          [
            15,
            0,
            1,
            0,
            26,
            132
          ]
        ],
        "six_way_labels": [
          "visual",
          "language-prior",
          "alignment",
          "mixed",
          "unclear",
          "no-failure"
        ],
        "signature_mse": 0.03948997469151945
      },
      "prediction_sets": {
        "coverage": 0.9864672364672364,
        "average_set_size": 3.0434472934472936,
        "singleton_rate": 0.18162393162393162,
        "empty_set_rate": 0.0
      },
      "action_counts": {
        "blank": 786,
        "stop": 1404,
        "blur": 361,
        "grounding": 217,
        "crop": 40
      }
    },
    "proactive_global_aps|2|0.9": {
      "row_count": 1404,
      "mean_acquisition_cost": 1.9978632478632479,
      "diagnostic": {
        "record_count": 1404,
        "source_bit_micro_f1": 0.9124278972207656,
        "source_bit_macro_f1": 0.9132620928191626,
        "source_bit_hamming_loss": 0.07929724596391263,
        "source_bit_auroc": {
          "visual": 0.9692558381114358,
          "language": 0.9530933601149648,
          "alignment": 0.9969447562040155
        },
        "six_way_macro_f1": 0.7024804898967383,
        "six_way_balanced_accuracy": 0.8304870380754182,
        "six_way_confusion_matrix": [
          [
            146,
            1,
            1,
            2,
            27,
            10
          ],
          [
            0,
            377,
            0,
            2,
            10,
            3
          ],
          [
            1,
            0,
            41,
            2,
            0,
            0
          ],
          [
            22,
            34,
            51,
            476,
            10,
            2
          ],
          [
            1,
            0,
            0,
            0,
            9,
            2
          ],
          [
            2,
            0,
            1,
            0,
            39,
            132
          ]
        ],
        "six_way_labels": [
          "visual",
          "language-prior",
          "alignment",
          "mixed",
          "unclear",
          "no-failure"
        ],
        "signature_mse": 0.033288748174144234
      },
      "prediction_sets": {
        "coverage": 0.9245014245014245,
        "average_set_size": 2.099002849002849,
        "singleton_rate": 0.49002849002849,
        "empty_set_rate": 0.03774928774928775
      },
      "action_counts": {
        "blank": 885,
        "grounding": 697,
        "stop": 1404,
        "crop": 323,
        "blur": 868,
        "brightness": 31,
        "noise": 1
      }
    },
    "proactive_global_aps|2|0.95": {
      "row_count": 1404,
      "mean_acquisition_cost": 1.9978632478632479,
      "diagnostic": {
        "record_count": 1404,
        "source_bit_micro_f1": 0.9124278972207656,
        "source_bit_macro_f1": 0.9132620928191626,
        "source_bit_hamming_loss": 0.07929724596391263,
        "source_bit_auroc": {
          "visual": 0.9692558381114358,
          "language": 0.9530933601149648,
          "alignment": 0.9969447562040155
        },
        "six_way_macro_f1": 0.7024804898967383,
        "six_way_balanced_accuracy": 0.8304870380754182,
        "six_way_confusion_matrix": [
          [
            146,
            1,
            1,
            2,
            27,
            10
          ],
          [
            0,
            377,
            0,
            2,
            10,
            3
          ],
          [
            1,
            0,
            41,
            2,
            0,
            0
          ],
          [
            22,
            34,
            51,
            476,
            10,
            2
          ],
          [
            1,
            0,
            0,
            0,
            9,
            2
          ],
          [
            2,
            0,
            1,
            0,
            39,
            132
          ]
        ],
        "six_way_labels": [
          "visual",
          "language-prior",
          "alignment",
          "mixed",
          "unclear",
          "no-failure"
        ],
        "signature_mse": 0.033288748174144234
      },
      "prediction_sets": {
        "coverage": 0.9715099715099715,
        "average_set_size": 2.4764957264957266,
        "singleton_rate": 0.2742165242165242,
        "empty_set_rate": 0.0007122507122507123
      },
      "action_counts": {
        "blank": 885,
        "grounding": 697,
        "stop": 1404,
        "crop": 323,
        "blur": 868,
        "brightness": 31,
        "noise": 1
      }
    },
    "proactive_global_aps|3|0.9": {
      "row_count": 1404,
      "mean_acquisition_cost": 2.9038461538461537,
      "diagnostic": {
        "record_count": 1404,
        "source_bit_micro_f1": 0.9335078534031414,
        "source_bit_macro_f1": 0.9336629266448014,
        "source_bit_hamming_loss": 0.06030389363722697,
        "source_bit_auroc": {
          "visual": 0.9762809218767505,
          "language": 0.9552469135802468,
          "alignment": 0.9997069460032423
        },
        "six_way_macro_f1": 0.7522626143552998,
        "six_way_balanced_accuracy": 0.8801296589691258,
        "six_way_confusion_matrix": [
          [
            159,
            0,
            0,
            0,
            18,
            10
          ],
          [
            0,
            380,
            0,
            0,
            8,
            4
          ],
          [
            0,
            0,
            43,
            1,
            0,
            0
          ],
          [
            8,
            24,
            39,
            517,
            4,
            3
          ],
          [
            0,
            0,
            0,
            0,
            10,
            2
          ],
          [
            1,
            0,
            0,
            0,
            37,
            136
          ]
        ],
        "six_way_labels": [
          "visual",
          "language-prior",
          "alignment",
          "mixed",
          "unclear",
          "no-failure"
        ],
        "signature_mse": 0.03148834815739169
      },
      "prediction_sets": {
        "coverage": 0.886039886039886,
        "average_set_size": 1.8881766381766383,
        "singleton_rate": 0.5042735042735043,
        "empty_set_rate": 0.08333333333333333
      },
      "action_counts": {
        "blank": 1001,
        "grounding": 1270,
        "blur": 1106,
        "stop": 1404,
        "crop": 536,
        "brightness": 134,
        "noise": 30
      }
    },
    "proactive_global_aps|3|0.95": {
      "row_count": 1404,
      "mean_acquisition_cost": 2.9038461538461537,
      "diagnostic": {
        "record_count": 1404,
        "source_bit_micro_f1": 0.9335078534031414,
        "source_bit_macro_f1": 0.9336629266448014,
        "source_bit_hamming_loss": 0.06030389363722697,
        "source_bit_auroc": {
          "visual": 0.9762809218767505,
          "language": 0.9552469135802468,
          "alignment": 0.9997069460032423
        },
        "six_way_macro_f1": 0.7522626143552998,
        "six_way_balanced_accuracy": 0.8801296589691258,
        "six_way_confusion_matrix": [
          [
            159,
            0,
            0,
            0,
            18,
            10
          ],
          [
            0,
            380,
            0,
            0,
            8,
            4
          ],
          [
            0,
            0,
            43,
            1,
            0,
            0
          ],
          [
            8,
            24,
            39,
            517,
            4,
            3
          ],
          [
            0,
            0,
            0,
            0,
            10,
            2
          ],
          [
            1,
            0,
            0,
            0,
            37,
            136
          ]
        ],
        "six_way_labels": [
          "visual",
          "language-prior",
          "alignment",
          "mixed",
          "unclear",
          "no-failure"
        ],
        "signature_mse": 0.03148834815739169
      },
      "prediction_sets": {
        "coverage": 0.9465811965811965,
        "average_set_size": 2.183048433048433,
        "singleton_rate": 0.38817663817663817,
        "empty_set_rate": 0.0349002849002849
      },
      "action_counts": {
        "blank": 1001,
        "grounding": 1270,
        "blur": 1106,
        "stop": 1404,
        "crop": 536,
        "brightness": 134,
        "noise": 30
      }
    },
    "proactive_global_aps|4|0.9": {
      "row_count": 1404,
      "mean_acquisition_cost": 3.70014245014245,
      "diagnostic": {
        "record_count": 1404,
        "source_bit_micro_f1": 0.9470421079824335,
        "source_bit_macro_f1": 0.9463940979169679,
        "source_bit_hamming_loss": 0.048670465337132006,
        "source_bit_auroc": {
          "visual": 0.9868623397256368,
          "language": 0.9583414984649553,
          "alignment": 0.9997651411231658
        },
        "six_way_macro_f1": 0.7996748272530022,
        "six_way_balanced_accuracy": 0.9048031072408064,
        "six_way_confusion_matrix": [
          [
            174,
            0,
            0,
            0,
            7,
            6
          ],
          [
            0,
            381,
            0,
            1,
            6,
            4
          ],
          [
            0,
            0,
            43,
            1,
            0,
            0
          ],
          [
            7,
            15,
            19,
            549,
            4,
            1
          ],
          [
            1,
            0,
            0,
            0,
            10,
            1
          ],
          [
            0,
            0,
            0,
            0,
            36,
            138
          ]
        ],
        "six_way_labels": [
          "visual",
          "language-prior",
          "alignment",
          "mixed",
          "unclear",
          "no-failure"
        ],
        "signature_mse": 0.029901858275646048
      },
      "prediction_sets": {
        "coverage": 0.853988603988604,
        "average_set_size": 1.8055555555555556,
        "singleton_rate": 0.44515669515669515,
        "empty_set_rate": 0.12535612535612536
      },
      "action_counts": {
        "blank": 1142,
        "grounding": 1348,
        "blur": 1387,
        "crop": 888,
        "stop": 1404,
        "brightness": 348,
        "noise": 80,
        "relation": 2
      }
    },
    "proactive_global_aps|4|0.95": {
      "row_count": 1404,
      "mean_acquisition_cost": 3.70014245014245,
      "diagnostic": {
        "record_count": 1404,
        "source_bit_micro_f1": 0.9470421079824335,
        "source_bit_macro_f1": 0.9463940979169679,
        "source_bit_hamming_loss": 0.048670465337132006,
        "source_bit_auroc": {
          "visual": 0.9868623397256368,
          "language": 0.9583414984649553,
          "alignment": 0.9997651411231658
        },
        "six_way_macro_f1": 0.7996748272530022,
        "six_way_balanced_accuracy": 0.9048031072408064,
        "six_way_confusion_matrix": [
          [
            174,
            0,
            0,
            0,
            7,
            6
          ],
          [
            0,
            381,
            0,
            1,
            6,
            4
          ],
          [
            0,
            0,
            43,
            1,
            0,
            0
          ],
          [
            7,
            15,
            19,
            549,
            4,
            1
          ],
          [
            1,
            0,
            0,
            0,
            10,
            1
          ],
          [
            0,
            0,
            0,
            0,
            36,
            138
          ]
        ],
        "six_way_labels": [
          "visual",
          "language-prior",
          "alignment",
          "mixed",
          "unclear",
          "no-failure"
        ],
        "signature_mse": 0.029901858275646048
      },
      "prediction_sets": {
        "coverage": 0.9252136752136753,
        "average_set_size": 2.1745014245014245,
        "singleton_rate": 0.26638176638176636,
        "empty_set_rate": 0.0641025641025641
      },
      "action_counts": {
        "blank": 1142,
        "grounding": 1348,
        "blur": 1387,
        "crop": 888,
        "stop": 1404,
        "brightness": 348,
        "noise": 80,
        "relation": 2
      }
    },
    "proactive_global_aps|7|0.9": {
      "row_count": 1404,
      "mean_acquisition_cost": 4.817663817663818,
      "diagnostic": {
        "record_count": 1404,
        "source_bit_micro_f1": 0.9553388090349076,
        "source_bit_macro_f1": 0.9535902415203387,
        "source_bit_hamming_loss": 0.04131054131054131,
        "source_bit_auroc": {
          "visual": 0.9952887739202166,
          "language": 0.9579128290548042,
          "alignment": 0.9997547491374652
        },
        "six_way_macro_f1": 0.8226872107215372,
        "six_way_balanced_accuracy": 0.916824535456816,
        "six_way_confusion_matrix": [
          [
            184,
            0,
            0,
            0,
            1,
            2
          ],
          [
            0,
            382,
            0,
            0,
            5,
            5
          ],
          [
            0,
            0,
            43,
            1,
            0,
            0
          ],
          [
            14,
            6,
            12,
            562,
            0,
            1
          ],
          [
            1,
            0,
            0,
            0,
            10,
            1
          ],
          [
            0,
            0,
            0,
            0,
            37,
            137
          ]
        ],
        "six_way_labels": [
          "visual",
          "language-prior",
          "alignment",
          "mixed",
          "unclear",
          "no-failure"
        ],
        "signature_mse": 0.030221050701570745
      },
      "prediction_sets": {
        "coverage": 0.8568376068376068,
        "average_set_size": 1.6574074074074074,
        "singleton_rate": 0.5626780626780626,
        "empty_set_rate": 0.12535612535612536
      },
      "action_counts": {
        "blank": 1207,
        "grounding": 1387,
        "blur": 1391,
        "crop": 1024,
        "stop": 1404,
        "noise": 807,
        "brightness": 939,
        "relation": 9
      }
    },
    "proactive_global_aps|7|0.95": {
      "row_count": 1404,
      "mean_acquisition_cost": 4.817663817663818,
      "diagnostic": {
        "record_count": 1404,
        "source_bit_micro_f1": 0.9553388090349076,
        "source_bit_macro_f1": 0.9535902415203387,
        "source_bit_hamming_loss": 0.04131054131054131,
        "source_bit_auroc": {
          "visual": 0.9952887739202166,
          "language": 0.9579128290548042,
          "alignment": 0.9997547491374652
        },
        "six_way_macro_f1": 0.8226872107215372,
        "six_way_balanced_accuracy": 0.916824535456816,
        "six_way_confusion_matrix": [
          [
            184,
            0,
            0,
            0,
            1,
            2
          ],
          [
            0,
            382,
            0,
            0,
            5,
            5
          ],
          [
            0,
            0,
            43,
            1,
            0,
            0
          ],
          [
            14,
            6,
            12,
            562,
            0,
            1
          ],
          [
            1,
            0,
            0,
            0,
            10,
            1
          ],
          [
            0,
            0,
            0,
            0,
            37,
            137
          ]
        ],
        "six_way_labels": [
          "visual",
          "language-prior",
          "alignment",
          "mixed",
          "unclear",
          "no-failure"
        ],
        "signature_mse": 0.030221050701570745
      },
      "prediction_sets": {
        "coverage": 0.9230769230769231,
        "average_set_size": 2.0377492877492878,
        "singleton_rate": 0.34615384615384615,
        "empty_set_rate": 0.0641025641025641
      },
      "action_counts": {
        "blank": 1207,
        "grounding": 1387,
        "blur": 1391,
        "crop": 1024,
        "stop": 1404,
        "noise": 807,
        "brightness": 939,
        "relation": 9
      }
    }
  },
  "csv_path": "outputs/week8_ablations/no_semantic_match/frontier/frontier_validation.csv",
  "csv_sha256": "81f74a9f885e6aef2441718578f1ab20464531c614b7543df4ef7c2155687c50",
  "trajectory_path": "outputs/week8_ablations/no_semantic_match/frontier/trajectories_validation.jsonl",
  "trajectory_sha256": "045853e5c88ca8777778cbc2224e98f9d6d3a373d9606cf5b4b66a99fdc3ffb4",
  "report_sha256": "fb710b58e374ccaed118b3ff8ee1273ec63cb7c4236205f4d1607b1580aab7c6"
}
	Command being timed: "timeout --signal=TERM --kill-after=5m 1200s env CUDA_VISIBLE_DEVICES=1 python scripts/eval_week8_ablation.py --week8_config configs/experiments/week8_evaluation.yaml --ablation_id no_semantic_match --manifest_path outputs/week8_ablations/no_semantic_match/vectorized/vectorized_manifest.json --diagnostic_checkpoint outputs/week8_ablations/no_semantic_match/diagnostic_checkpoints/diag_deep_sets_standard_seed42.best.pt --policy_checkpoint outputs/week8_ablations/no_semantic_match/policy_checkpoints/policy_deep_sets_standard_lambda0_seed42.best.pt --aps_report outputs/week8_ablations/no_semantic_match/temporary_aps/temporary_aps_deep_sets_standard_seed42.json --freeze_manifest outputs/week8_ablations/no_semantic_match/freeze/week8_stack_freeze.json --teacher_path outputs/teacher_core_contract_v1_recovered --output_dir outputs/week8_ablations/no_semantic_match/frontier --budgets 1 2 3 4 7 --coverages 0.90 0.95 --seed 42 --device cuda:0 --resume"
	User time (seconds): 99.56
	System time (seconds): 6.18
	Percent of CPU this job got: 113%
	Elapsed (wall clock) time (h:mm:ss or m:ss): 1:33.40
	Average shared text size (kbytes): 0
	Average unshared data size (kbytes): 0
	Average stack size (kbytes): 0
	Average total size (kbytes): 0
	Maximum resident set size (kbytes): 1123736
	Average resident set size (kbytes): 0
	Major (requiring I/O) page faults: 0
	Minor (reclaiming a frame) page faults: 215459
	Voluntary context switches: 1547
	Involuntary context switches: 97504
	Swaps: 0
	File system inputs: 0
	File system outputs: 76680
	Socket messages sent: 0
	Socket messages received: 0
	Signals delivered: 0
	Page size (bytes): 4096
	Exit status: 0
no_semantic_match validation frontier exit code: 0
===== no_relation_probe diagnostic training =====
Timeout 2700s; worker ceiling remaining 5435s
2026-09-12 21:19:50,002 INFO [train_diag] Completed diagnostic run verified; training is unchanged
{
  "encoder": "deep_sets",
  "gru_condition": "standard",
  "seed": 42,
  "budgets": [
    1,
    2,
    4
  ],
  "config_approval": "APPROVED",
  "pilot": false,
  "manifest": "outputs/week8_ablations/no_relation_probe/vectorized/vectorized_manifest.json",
  "output": "outputs/week8_ablations/no_relation_probe/diagnostic_checkpoints/diag_deep_sets_standard_seed42.best.pt"
}
{
  "best_epoch": 12,
  "checkpoint_path": "outputs/week8_ablations/no_relation_probe/diagnostic_checkpoints/diag_deep_sets_standard_seed42.best.pt",
  "checkpoint_sha256": "ad6849f34d87158dcfb1691af60ec3065cd4c5f1bb8aebcc015f4438ab578de3",
  "config_sha256": "40a0b8bbfe15091afadd165a90bf19eabeee6d40092120cf7568335fe4971e21",
  "encoder_name": "deep_sets",
  "format_version": "week5_validation_report_v1",
  "gru_condition": "standard",
  "metrics": {
    "is_valid": true,
    "record_count": 60275,
    "signature_mse": 0.05311729904221099,
    "six_way_balanced_accuracy": 0.6007193036910964,
    "six_way_confusion_matrix": [
      [
        4357,
        389,
        454,
        182,
        1561,
        1098
      ],
      [
        311,
        9181,
        437,
        56,
        1936,
        4898
      ],
      [
        20,
        19,
        1324,
        127,
        381,
        17
      ],
      [
        1760,
        793,
        2592,
        19349,
        962,
        103
      ],
      [
        71,
        71,
        112,
        0,
        202,
        63
      ],
      [
        267,
        1026,
        262,
        0,
        910,
        4984
      ]
    ],
    "six_way_labels": [
      "visual",
      "language-prior",
      "alignment",
      "mixed",
      "unclear",
      "no-failure"
    ],
    "six_way_macro_f1": 0.5106592456121328,
    "source_bit_auroc": {
      "alignment": 0.986312778884881,
      "language": 0.8830419446347463,
      "visual": 0.9603940180282386
    },
    "source_bit_hamming_loss": 0.1322715332503802,
    "source_bit_macro_f1": 0.8652850316338124,
    "source_bit_micro_f1": 0.862448528904327
  },
  "pilot": false,
  "report_sha256": "293017966476d642dca8a65518d2db5e0782c7754daacf68506d1fdf4d35b881",
  "scientifically_weighted": true,
  "seed": 42,
  "source_manifest_sha256": "51761a83249824422cbb826666b4926f32838d5fac45f2cd196eb667b64d7f8f",
  "stratified_metrics": {
    "pooled": {
      "record_count": 60275,
      "signature_mse": 0.05311729904221099,
      "six_way_balanced_accuracy": 0.6007193036910964,
      "six_way_confusion_matrix": [
        [
          4357,
          389,
          454,
          182,
          1561,
          1098
        ],
        [
          311,
          9181,
          437,
          56,
          1936,
          4898
        ],
        [
          20,
          19,
          1324,
          127,
          381,
          17
        ],
        [
          1760,
          793,
          2592,
          19349,
          962,
          103
        ],
        [
          71,
          71,
          112,
          0,
          202,
          63
        ],
        [
          267,
          1026,
          262,
          0,
          910,
          4984
        ]
      ],
      "six_way_labels": [
        "visual",
        "language-prior",
        "alignment",
        "mixed",
        "unclear",
        "no-failure"
      ],
      "six_way_macro_f1": 0.5106592456121328,
      "source_bit_auroc": {
        "alignment": 0.986312778884881,
        "language": 0.8830419446347463,
        "visual": 0.9603940180282386
      },
      "source_bit_hamming_loss": 0.1322715332503802,
      "source_bit_macro_f1": 0.8652850316338124,
      "source_bit_micro_f1": 0.862448528904327
    },
    "within_budget": {
      "1": {
        "record_count": 9828,
        "signature_mse": 0.06791308576513418,
        "six_way_balanced_accuracy": 0.518679917107909,
        "six_way_confusion_matrix": [
          [
            472,
            103,
            113,
            29,
            371,
            221
          ],
          [
            65,
            952,
            92,
            9,
            436,
            1190
          ],
          [
            4,
            1,
            192,
            20,
            87,
            4
          ],
          [
            279,
            109,
            537,
            2951,
            267,
            22
          ],
          [
            11,
            10,
            20,
            0,
            33,
            10
          ],
          [
            41,
            139,
            51,
            0,
            159,
            828
          ]
        ],
        "six_way_labels": [
          "visual",
          "language-prior",
          "alignment",
          "mixed",
          "unclear",
          "no-failure"
        ],
        "six_way_macro_f1": 0.42286645960621755,
        "source_bit_auroc": {
          "alignment": 0.9790068527722849,
          "language": 0.7939174935112199,
          "visual": 0.9349716784800302
        },
        "source_bit_hamming_loss": 0.17385700719034053,
        "source_bit_macro_f1": 0.8256060608700961,
        "source_bit_micro_f1": 0.8204301828627478
      },
      "2": {
        "record_count": 17481,
        "signature_mse": 0.0581948808221499,
        "six_way_balanced_accuracy": 0.5679334828104666,
        "six_way_confusion_matrix": [
          [
            1093,
            136,
            154,
            52,
            532,
            361
          ],
          [
            108,
            2317,
            146,
            16,
            640,
            1652
          ],
          [
            8,
            5,
            369,
            40,
            122,
            4
          ],
          [
            524,
            235,
            860,
            5432,
            330,
            35
          ],
          [
            22,
            21,
            33,
            0,
            60,
            15
          ],
          [
            90,
            298,
            79,
            0,
            267,
            1425
          ]
        ],
        "six_way_labels": [
          "visual",
          "language-prior",
          "alignment",
          "mixed",
          "unclear",
          "no-failure"
        ],
        "six_way_macro_f1": 0.4746982861230548,
        "source_bit_auroc": {
          "alignment": 0.9838509300953536,
          "language": 0.8564499890592796,
          "visual": 0.9497698871739105
        },
        "source_bit_hamming_loss": 0.1476269473523635,
        "source_bit_macro_f1": 0.850472805160349,
        "source_bit_micro_f1": 0.8468386484133893
      },
      "4": {
        "record_count": 32966,
        "signature_mse": 0.0460137924290944,
        "six_way_balanced_accuracy": 0.6425329270243215,
        "six_way_confusion_matrix": [
          [
            2792,
            150,
            187,
            101,
            658,
            516
          ],
          [
            138,
            5912,
            199,
            31,
            860,
            2056
          ],
          [
            8,
            13,
            763,
            67,
            172,
            9
          ],
          [
            957,
            449,
            1195,
            10966,
            365,
            46
          ],
          [
            38,
            40,
            59,
            0,
            109,
            38
          ],
          [
            136,
            589,
            132,
            0,
            484,
            2731
          ]
        ],
        "six_way_labels": [
          "visual",
          "language-prior",
          "alignment",
          "mixed",
          "unclear",
          "no-failure"
        ],
        "six_way_macro_f1": 0.5556004638008768,
        "source_bit_auroc": {
          "alignment": 0.98930084512597,
          "language": 0.91620131246473,
          "visual": 0.9713941460519495
        },
        "source_bit_hamming_loss": 0.11173127869117677,
        "source_bit_macro_f1": 0.8852721234738997,
        "source_bit_micro_f1": 0.8834265217849984
      }
    },
    "within_dataset": {
      "hallusionbench": {
        "record_count": 7831,
        "signature_mse": 0.06299649955819188,
        "six_way_balanced_accuracy": 0.4362510807211766,
        "six_way_confusion_matrix": [
          [
            657,
            85,
            37,
            0,
            350,
            120
          ],
          [
            146,
            1258,
            200,
            10,
            1021,
            203
          ],
          [
            13,
            5,
            227,
            35,
            187,
            1
          ],
          [
            414,
            341,
            484,
            764,
            404,
            8
          ],
          [
            32,
            59,
            2,
            0,
            135,
            31
          ],
          [
            32,
            109,
            53,
            0,
            212,
            196
          ]
        ],
        "six_way_labels": [
          "visual",
          "language-prior",
          "alignment",
          "mixed",
          "unclear",
          "no-failure"
        ],
        "six_way_macro_f1": 0.37966015543408926,
        "source_bit_auroc": {
          "alignment": 0.9126869822728322,
          "language": 0.8176464720442667,
          "visual": 0.8507497459510371
        },
        "source_bit_hamming_loss": 0.20031498744306814,
        "source_bit_macro_f1": 0.7362141507505333,
        "source_bit_micro_f1": 0.7587903639159406
      },
      "pope": {
        "record_count": 23084,
        "signature_mse": 0.048052348906482606,
        "six_way_balanced_accuracy": 0.5929299048754046,
        "six_way_confusion_matrix": [
          [
            2092,
            241,
            5,
            3,
            608,
            916
          ],
          [
            100,
            7135,
            26,
            9,
            539,
            4329
          ],
          [
            0,
            0,
            0,
            0,
            0,
            0
          ],
          [
            248,
            180,
            93,
            624,
            184,
            30
          ],
          [
            0,
            0,
            0,
            0,
            0,
            0
          ],
          [
            112,
            790,
            6,
            0,
            331,
            4483
          ]
        ],
        "six_way_labels": [
          "visual",
          "language-prior",
          "alignment",
          "mixed",
          "unclear",
          "no-failure"
        ],
        "six_way_macro_f1": 0.42557037236092055,
        "source_bit_auroc": {
          "alignment": 0.9919281107047678,
          "language": 0.871831987708034,
          "visual": 0.929704779155185
        },
        "source_bit_hamming_loss": 0.11071160399699648,
        "source_bit_macro_f1": 0.8078858770558351,
        "source_bit_micro_f1": 0.8123546831787366
      },
      "vizwiz": {
        "record_count": 26963,
        "signature_mse": 0.052923297130475624,
        "six_way_balanced_accuracy": 0.5197376430142422,
        "six_way_confusion_matrix": [
          [
            1328,
            27,
            407,
            179,
            390,
            46
          ],
          [
            52,
            463,
            148,
            27,
            195,
            199
          ],
          [
            7,
            14,
            1097,
            92,
            194,
            16
          ],
          [
            944,
            207,
            1986,
            17792,
            274,
            62
          ],
          [
            39,
            12,
            110,
            0,
            67,
            32
          ],
          [
            81,
            50,
            200,
            0,
            78,
            148
          ]
        ],
        "six_way_labels": [
          "visual",
          "language-prior",
          "alignment",
          "mixed",
          "unclear",
          "no-failure"
        ],
        "six_way_macro_f1": 0.4554713756607442,
        "source_bit_auroc": {
          "alignment": 0.9660805701592722,
          "language": 0.8789173397013911,
          "visual": 0.9583680532167878
        },
        "source_bit_hamming_loss": 0.12388581883816094,
        "source_bit_macro_f1": 0.8600298368788494,
        "source_bit_micro_f1": 0.9075834847325076
      },
      "vsr": {
        "record_count": 2397,
        "signature_mse": 0.07180155571247705,
        "six_way_balanced_accuracy": 0.3846735883018798,
        "six_way_confusion_matrix": [
          [
            280,
            36,
            5,
            0,
            213,
            16
          ],
          [
            13,
            325,
            63,
            10,
            181,
            167
          ],
          [
            0,
            0,
            0,
            0,
            0,
            0
          ],
          [
            154,
            65,
            29,
            169,
            100,
            3
          ],
          [
            0,
            0,
            0,
            0,
            0,
            0
          ],
          [
            42,
            77,
            3,
            0,
            289,
            157
          ]
        ],
        "six_way_labels": [
          "visual",
          "language-prior",
          "alignment",
          "mixed",
          "unclear",
          "no-failure"
        ],
        "six_way_macro_f1": 0.313709893566632,
        "source_bit_auroc": {
          "alignment": 0.8915807644429182,
          "language": 0.8360365870806266,
          "visual": 0.8944628060470773
        },
        "source_bit_hamming_loss": 0.21193158114309554,
        "source_bit_macro_f1": 0.6602784043133262,
        "source_bit_micro_f1": 0.7001180637544274
      }
    },
    "within_model": {
      "Qwen/Qwen3-VL-8B-Instruct": {
        "record_count": 30142,
        "signature_mse": 0.050925452959882156,
        "six_way_balanced_accuracy": 0.5571300131194103,
        "six_way_confusion_matrix": [
          [
            2257,
            179,
            260,
            126,
            779,
            607
          ],
          [
            164,
            4440,
            139,
            30,
            975,
            2722
          ],
          [
            12,
            18,
            1206,
            79,
            342,
            17
          ],
          [
            1291,
            444,
            1979,
            6483,
            563,
            65
          ],
          [
            53,
            69,
            110,
            0,
            139,
            62
          ],
          [
            204,
            658,
            164,
            0,
            597,
            2909
          ]
        ],
        "six_way_labels": [
          "visual",
          "language-prior",
          "alignment",
          "mixed",
          "unclear",
          "no-failure"
        ],
        "six_way_macro_f1": 0.4923282592779874,
        "source_bit_auroc": {
          "alignment": 0.9793766658545444,
          "language": 0.892256171229248,
          "visual": 0.9427974675734382
        },
        "source_bit_hamming_loss": 0.139251985048548,
        "source_bit_macro_f1": 0.8411666047611454,
        "source_bit_micro_f1": 0.8379032465693468
      },
      "google/gemma-4-E4B-it": {
        "record_count": 30133,
        "signature_mse": 0.05530979977607605,
        "six_way_balanced_accuracy": 0.6640419758776382,
        "six_way_confusion_matrix": [
          [
            2100,
            210,
            194,
            56,
            782,
            491
          ],
          [
            147,
            4741,
            298,
            26,
            961,
            2176
          ],
          [
            8,
            1,
            118,
            48,
            39,
            0
          ],
          [
            469,
            349,
            613,
            12866,
            399,
            38
          ],
          [
            18,
            2,
            2,
            0,
            63,
            1
          ],
          [
            63,
            368,
            98,
            0,
            313,
            2075
          ]
        ],
        "six_way_labels": [
          "visual",
          "language-prior",
          "alignment",
          "mixed",
          "unclear",
          "no-failure"
        ],
        "six_way_macro_f1": 0.49621805762247956,
        "source_bit_auroc": {
          "alignment": 0.9919708805684228,
          "language": 0.8707255792360953,
          "visual": 0.974138528894686
        },
        "source_bit_hamming_loss": 0.12528899655969647,
        "source_bit_macro_f1": 0.8847070410530712,
        "source_bit_micro_f1": 0.8822685599051995
      }
    }
  },
  "train_rows": 434421,
  "validation_rows": 60275
}
	Command being timed: "timeout --signal=TERM --kill-after=5m 2700s env CUDA_VISIBLE_DEVICES=1 python scripts/train_diag.py --config outputs/week8_data/ablation_configs/no_relation_probe_diag.yaml --manifest_path outputs/week8_ablations/no_relation_probe/vectorized/vectorized_manifest.json --encoder deep_sets --seed 42 --device cuda:0 --output_dir outputs/week8_ablations/no_relation_probe/diagnostic_checkpoints --resume"
	User time (seconds): 8.40
	System time (seconds): 5.52
	Percent of CPU this job got: 618%
	Elapsed (wall clock) time (h:mm:ss or m:ss): 0:02.25
	Average shared text size (kbytes): 0
	Average unshared data size (kbytes): 0
	Average stack size (kbytes): 0
	Average total size (kbytes): 0
	Maximum resident set size (kbytes): 529400
	Average resident set size (kbytes): 0
	Major (requiring I/O) page faults: 0
	Minor (reclaiming a frame) page faults: 86938
	Voluntary context switches: 272
	Involuntary context switches: 89148
	Swaps: 0
	File system inputs: 0
	File system outputs: 0
	Socket messages sent: 0
	Socket messages received: 0
	Signals delivered: 0
	Page size (bytes): 4096
	Exit status: 0
no_relation_probe diagnostic training exit code: 0
===== no_relation_probe diagnostic freeze =====
Timeout 600s; worker ceiling remaining 5433s
{
  "artifacts": {
    "diagnostic_checkpoint": {
      "path": "outputs/week8_ablations/no_relation_probe/diagnostic_checkpoints/diag_deep_sets_standard_seed42.best.pt",
      "sha256": "ad6849f34d87158dcfb1691af60ec3065cd4c5f1bb8aebcc015f4438ab578de3"
    },
    "diagnostic_config": {
      "path": "outputs/week8_data/ablation_configs/no_relation_probe_diag.yaml",
      "sha256": "40a0b8bbfe15091afadd165a90bf19eabeee6d40092120cf7568335fe4971e21"
    },
    "policy_config": {
      "path": "outputs/week8_data/ablation_configs/no_relation_probe_policy.yaml",
      "sha256": "6bca10d636ecc049defad77ca60a03391ab20fce0e76ef4ed0f1b17c652b67ce"
    },
    "selection_report": {
      "path": "outputs/week8_ablations/no_relation_probe/freeze/predeclared_selection.json",
      "sha256": "5425dde670d028710ea73e1a114e4ea46a52dc1f65056775622dfc71e1b18860"
    },
    "vector_manifest": {
      "path": "outputs/week8_ablations/no_relation_probe/vectorized/vectorized_manifest.json",
      "sha256": "51761a83249824422cbb826666b4926f32838d5fac45f2cd196eb667b64d7f8f"
    },
    "week8_config": {
      "path": "configs/experiments/week8_evaluation.yaml",
      "sha256": "59748c18da7375db6140f05d6c5ec2670c6ce19eeb25b5931e94868ffe7d9cf6"
    }
  },
  "format_version": "proactive_stack_freeze_v1",
  "freeze_sha256": "0f7111722945883ed68b5412a66a678f4b1de18363cd333331d9941109a6b884",
  "owner_approved": true,
  "status": "FROZEN"
}

	Command being timed: "timeout --signal=TERM --kill-after=5m 600s python scripts/freeze_week8_diagnostic.py --week8_config configs/experiments/week8_evaluation.yaml --ablation_id no_relation_probe --diag_config outputs/week8_data/ablation_configs/no_relation_probe_diag.yaml --policy_config outputs/week8_data/ablation_configs/no_relation_probe_policy.yaml --vector_manifest outputs/week8_ablations/no_relation_probe/vectorized/vectorized_manifest.json --diagnostic_checkpoint outputs/week8_ablations/no_relation_probe/diagnostic_checkpoints/diag_deep_sets_standard_seed42.best.pt --output_dir outputs/week8_ablations/no_relation_probe/freeze --approve_freeze --overwrite"
	User time (seconds): 1.71
	System time (seconds): 5.15
	Percent of CPU this job got: 506%
	Elapsed (wall clock) time (h:mm:ss or m:ss): 0:01.35
	Average shared text size (kbytes): 0
	Average unshared data size (kbytes): 0
	Average stack size (kbytes): 0
	Average total size (kbytes): 0
	Maximum resident set size (kbytes): 430632
	Average resident set size (kbytes): 0
	Major (requiring I/O) page faults: 0
	Minor (reclaiming a frame) page faults: 62225
	Voluntary context switches: 191
	Involuntary context switches: 154627
	Swaps: 0
	File system inputs: 0
	File system outputs: 16
	Socket messages sent: 0
	Socket messages received: 0
	Signals delivered: 0
	Page size (bytes): 4096
	Exit status: 0
no_relation_probe diagnostic freeze exit code: 0
===== no_relation_probe temporary validation APS =====
Timeout 900s; worker ceiling remaining 5432s
{
  "budgets": [
    1,
    2,
    3,
    4,
    7
  ],
  "calibration_split_used": false,
  "checkpoint_path": "outputs/week8_ablations/no_relation_probe/diagnostic_checkpoints/diag_deep_sets_standard_seed42.best.pt",
  "checkpoint_sha256": "ad6849f34d87158dcfb1691af60ec3065cd4c5f1bb8aebcc015f4438ab578de3",
  "config_sha256": "40a0b8bbfe15091afadd165a90bf19eabeee6d40092120cf7568335fe4971e21",
  "coverages": [
    0.9,
    0.95
  ],
  "fit_split": "val",
  "format_version": "temporary_validation_aps_v1",
  "limit": null,
  "report_sha256": "3f09abd4230fed657324f014f70068149eca96ca3008cf022ee5be1859402a5f",
  "source_manifest_sha256": "51761a83249824422cbb826666b4926f32838d5fac45f2cd196eb667b64d7f8f",
  "status": "TEMPORARY_NOT_FINAL_CALIBRATION",
  "test_split_used": false,
  "thresholds": {
    "1": {
      "0.9": {
        "alpha": 0.09999999999999998,
        "calibration_count": 9828,
        "target_coverage": 0.9,
        "threshold": 0.9999972581863403,
        "validation_metrics": {
          "average_set_size": 3.5285917785917786,
          "coverage": 0.9003866503866503,
          "empty_set_rate": 0.06532356532356533,
          "singleton_rate": 0.20187220187220187
        }
      },
      "0.95": {
        "alpha": 0.050000000000000044,
        "calibration_count": 9828,
        "target_coverage": 0.95,
        "threshold": 0.9999996423721313,
        "validation_metrics": {
          "average_set_size": 3.8133903133903133,
          "coverage": 0.9529914529914529,
          "empty_set_rate": 0.021774521774521775,
          "singleton_rate": 0.16442816442816444
        }
      }
    },
    "2": {
      "0.9": {
        "alpha": 0.09999999999999998,
        "calibration_count": 17481,
        "target_coverage": 0.9,
        "threshold": 0.9999988079071045,
        "validation_metrics": {
          "average_set_size": 3.3884789199702534,
          "coverage": 0.9006921800812311,
          "empty_set_rate": 0.06858875350380413,
          "singleton_rate": 0.2042217264458555
        }
      },
      "0.95": {
        "alpha": 0.050000000000000044,
        "calibration_count": 17481,
        "target_coverage": 0.95,
        "threshold": 0.9999998807907104,
        "validation_metrics": {
          "average_set_size": 3.756020822607402,
          "coverage": 0.9635604370459356,
          "empty_set_rate": 0.01493049596704994,
          "singleton_rate": 0.16801098335335507
        }
      }
    },
    "3": {
      "0.9": {
        "alpha": 0.09999999999999998,
        "calibration_count": 25329,
        "target_coverage": 0.9,
        "threshold": 0.9999992847442627,
        "validation_metrics": {
          "average_set_size": 3.2863910932133127,
          "coverage": 0.9029570847644992,
          "empty_set_rate": 0.06913024596312527,
          "singleton_rate": 0.21331280350586285
        }
      },
      "0.95": {
        "alpha": 0.050000000000000044,
        "calibration_count": 25329,
        "target_coverage": 0.95,
        "threshold": 0.9999999292194843,
        "validation_metrics": {
          "average_set_size": 3.710332030478898,
          "coverage": 0.9500572466342927,
          "empty_set_rate": 0.03138694776738126,
          "singleton_rate": 0.15492123652730072
        }
      }
    },
    "4": {
      "0.9": {
        "alpha": 0.09999999999999998,
        "calibration_count": 32966,
        "target_coverage": 0.9,
        "threshold": 0.9999995231628418,
        "validation_metrics": {
          "average_set_size": 3.200570284535582,
          "coverage": 0.9014135776254323,
          "empty_set_rate": 0.07295395255718012,
          "singleton_rate": 0.22046957471334103
        }
      },
      "0.95": {
        "alpha": 0.050000000000000044,
        "calibration_count": 32966,
        "target_coverage": 0.95,
        "threshold": 1.0,
        "validation_metrics": {
          "average_set_size": 4.699963598859431,
          "coverage": 0.9925377661833404,
          "empty_set_rate": 0.0,
          "singleton_rate": 0.10923375599102106
        }
      }
    },
    "7": {
      "0.9": {
        "alpha": 0.09999999999999998,
        "calibration_count": 37178,
        "target_coverage": 0.9,
        "threshold": 0.9999997317790985,
        "validation_metrics": {
          "average_set_size": 3.18123621496584,
          "coverage": 0.9002904943783958,
          "empty_set_rate": 0.07638926246705041,
          "singleton_rate": 0.21507343052342784
        }
      },
      "0.95": {
        "alpha": 0.050000000000000044,
        "calibration_count": 37178,
        "target_coverage": 0.95,
        "threshold": 1.0,
        "validation_metrics": {
          "average_set_size": 4.6167088062832855,
          "coverage": 0.9926569476572167,
          "empty_set_rate": 0.0,
          "singleton_rate": 0.12679541664425198
        }
      }
    }
  }
}
	Command being timed: "timeout --signal=TERM --kill-after=5m 900s env CUDA_VISIBLE_DEVICES=1 python scripts/fit_temporary_aps.py --config outputs/week8_data/ablation_configs/no_relation_probe_diag.yaml --manifest_path outputs/week8_ablations/no_relation_probe/vectorized/vectorized_manifest.json --checkpoint outputs/week8_ablations/no_relation_probe/diagnostic_checkpoints/diag_deep_sets_standard_seed42.best.pt --output_dir outputs/week8_ablations/no_relation_probe/temporary_aps --seed 42 --device cuda:0 --resume"
	User time (seconds): 8.35
	System time (seconds): 5.58
	Percent of CPU this job got: 612%
	Elapsed (wall clock) time (h:mm:ss or m:ss): 0:02.27
	Average shared text size (kbytes): 0
	Average unshared data size (kbytes): 0
	Average stack size (kbytes): 0
	Average total size (kbytes): 0
	Maximum resident set size (kbytes): 527688
	Average resident set size (kbytes): 0
	Major (requiring I/O) page faults: 0
	Minor (reclaiming a frame) page faults: 86642
	Voluntary context switches: 285
	Involuntary context switches: 89701
	Swaps: 0
	File system inputs: 0
	File system outputs: 0
	Socket messages sent: 0
	Socket messages received: 0
	Signals delivered: 0
	Page size (bytes): 4096
	Exit status: 0
no_relation_probe temporary validation APS exit code: 0
===== no_relation_probe VOI targets =====
Timeout 2700s; worker ceiling remaining 5430s
2026-09-12 21:20:03,038 INFO [build_voi_targets] Validated complete VOI output; skipping
	Command being timed: "timeout --signal=TERM --kill-after=5m 2700s env CUDA_VISIBLE_DEVICES=1 python scripts/build_voi_targets.py --config outputs/week8_data/ablation_configs/no_relation_probe_policy.yaml --manifest_path outputs/week8_ablations/no_relation_probe/vectorized/vectorized_manifest.json --state_manifest outputs/week4_reports/final/state_manifest.json --checkpoint outputs/week8_ablations/no_relation_probe/diagnostic_checkpoints/diag_deep_sets_standard_seed42.best.pt --freeze_manifest outputs/week8_ablations/no_relation_probe/freeze/week8_diagnostic_freeze.json --temporary_aps outputs/week8_ablations/no_relation_probe/temporary_aps/temporary_aps_deep_sets_standard_seed42.json --teacher_path outputs/teacher_core_contract_v1_recovered --output_dir outputs/week8_ablations/no_relation_probe/voi --seed 42 --inference_batch_size 512 --device cuda:0 --resume"
	User time (seconds): 9.17
	System time (seconds): 5.79
	Percent of CPU this job got: 161%
	Elapsed (wall clock) time (h:mm:ss or m:ss): 0:09.25
	Average shared text size (kbytes): 0
	Average unshared data size (kbytes): 0
	Average stack size (kbytes): 0
	Average total size (kbytes): 0
	Maximum resident set size (kbytes): 431644
	Average resident set size (kbytes): 0
	Major (requiring I/O) page faults: 0
	Minor (reclaiming a frame) page faults: 60797
	Voluntary context switches: 157
	Involuntary context switches: 47713
	Swaps: 0
	File system inputs: 0
	File system outputs: 0
	Socket messages sent: 0
	Socket messages received: 0
	Signals delivered: 0
	Page size (bytes): 4096
	Exit status: 0
no_relation_probe VOI targets exit code: 0
===== no_relation_probe policy training =====
Timeout 2700s; worker ceiling remaining 5420s
2026-09-12 21:20:19,550 INFO [train_policy] Completed policy run verified; training is unchanged
{
  "encoder": "deep_sets",
  "gru_condition": "standard",
  "cost_multiplier": 0.0,
  "target_kind": "voi",
  "limit": null,
  "seed": 42,
  "pilot": false,
  "config_approval": "APPROVED",
  "output": "outputs/week8_ablations/no_relation_probe/policy_checkpoints/policy_deep_sets_standard_lambda0_seed42.best.pt"
}
{
  "best_epoch": 29,
  "calibration_used": false,
  "checkpoint_path": "outputs/week8_ablations/no_relation_probe/policy_checkpoints/policy_deep_sets_standard_lambda0_seed42.best.pt",
  "checkpoint_sha256": "c0f70b94edeb372accc285f7b247024e241b283d1b57b9a151a46ae778d7c3d0",
  "config_sha256": "6bca10d636ecc049defad77ca60a03391ab20fce0e76ef4ed0f1b17c652b67ce",
  "cost_multiplier": 0.0,
  "diagnostic_checkpoint_sha256": "ad6849f34d87158dcfb1691af60ec3065cd4c5f1bb8aebcc015f4438ab578de3",
  "encoder_name": "deep_sets",
  "fit_split": "train",
  "format_version": "week6_policy_validation_v1",
  "gru_condition": "standard",
  "is_valid": true,
  "limit": null,
  "metrics": {
    "action_ce": 0.7130409812680026,
    "best_action_accuracy": 0.7839734549979261,
    "mse": 0.5987457477804142,
    "ranking": 0.07223217065986486,
    "row_count": 60275,
    "stop_prediction_rate": 0.40195769390294483,
    "total": 0.5784390988165983
  },
  "report_sha256": "e96ac2980229f5952eb2b559ed408bf8a45257f76ef0f2ea67cf433f6b3649ce",
  "seed": 42,
  "selection_split": "val",
  "source_manifest_sha256": "c1e7f41f1fc0cba239051a504eb8bdaabeed44be9f41872c7880aea7b1552225",
  "target_kind": "voi",
  "test_used": false,
  "train_rows": 434421,
  "validation_rows": 60275,
  "vector_manifest_sha256": "51761a83249824422cbb826666b4926f32838d5fac45f2cd196eb667b64d7f8f",
  "week5_freeze_sha256": "6f37de0af867b51e1d53d8cca9507163c74aa50ec57d48c37503d332c459b90d"
}
	Command being timed: "timeout --signal=TERM --kill-after=5m 2700s env CUDA_VISIBLE_DEVICES=1 python scripts/train_policy.py --config outputs/week8_data/ablation_configs/no_relation_probe_policy.yaml --manifest_path outputs/week8_ablations/no_relation_probe/vectorized/vectorized_manifest.json --voi_manifest outputs/week8_ablations/no_relation_probe/voi/voi_manifest.json --diagnostic_checkpoint outputs/week8_ablations/no_relation_probe/diagnostic_checkpoints/diag_deep_sets_standard_seed42.best.pt --freeze_manifest outputs/week8_ablations/no_relation_probe/freeze/week8_diagnostic_freeze.json --cost_multiplier 0.0 --target_kind voi --seed 42 --device cuda:0 --output_dir outputs/week8_ablations/no_relation_probe/policy_checkpoints --resume"
	User time (seconds): 15.76
	System time (seconds): 7.95
	Percent of CPU this job got: 132%
	Elapsed (wall clock) time (h:mm:ss or m:ss): 0:17.85
	Average shared text size (kbytes): 0
	Average unshared data size (kbytes): 0
	Average stack size (kbytes): 0
	Average total size (kbytes): 0
	Maximum resident set size (kbytes): 4096032
	Average resident set size (kbytes): 0
	Major (requiring I/O) page faults: 0
	Minor (reclaiming a frame) page faults: 985663
	Voluntary context switches: 172
	Involuntary context switches: 88718
	Swaps: 0
	File system inputs: 0
	File system outputs: 0
	Socket messages sent: 0
	Socket messages received: 0
	Signals delivered: 0
	Page size (bytes): 4096
	Exit status: 0
no_relation_probe policy training exit code: 0
===== no_relation_probe stack freeze =====
Timeout 600s; worker ceiling remaining 5402s
{
  "artifacts": {
    "diagnostic_checkpoint": {
      "path": "outputs/week8_ablations/no_relation_probe/diagnostic_checkpoints/diag_deep_sets_standard_seed42.best.pt",
      "sha256": "ad6849f34d87158dcfb1691af60ec3065cd4c5f1bb8aebcc015f4438ab578de3"
    },
    "diagnostic_config": {
      "path": "outputs/week8_data/ablation_configs/no_relation_probe_diag.yaml",
      "sha256": "40a0b8bbfe15091afadd165a90bf19eabeee6d40092120cf7568335fe4971e21"
    },
    "policy_checkpoint": {
      "path": "outputs/week8_ablations/no_relation_probe/policy_checkpoints/policy_deep_sets_standard_lambda0_seed42.best.pt",
      "sha256": "c0f70b94edeb372accc285f7b247024e241b283d1b57b9a151a46ae778d7c3d0"
    },
    "policy_config": {
      "path": "outputs/week8_data/ablation_configs/no_relation_probe_policy.yaml",
      "sha256": "6bca10d636ecc049defad77ca60a03391ab20fce0e76ef4ed0f1b17c652b67ce"
    },
    "selection_report": {
      "path": "outputs/week8_ablations/no_relation_probe/freeze/predeclared_stack_selection.json",
      "sha256": "e9c1092552db32eb4f14aed36fb4e7f5b39c053b6a0a11c79d87d82607c2b9a3"
    },
    "vector_manifest": {
      "path": "outputs/week8_ablations/no_relation_probe/vectorized/vectorized_manifest.json",
      "sha256": "51761a83249824422cbb826666b4926f32838d5fac45f2cd196eb667b64d7f8f"
    },
    "week8_config": {
      "path": "configs/experiments/week8_evaluation.yaml",
      "sha256": "59748c18da7375db6140f05d6c5ec2670c6ce19eeb25b5931e94868ffe7d9cf6"
    }
  },
  "format_version": "proactive_stack_freeze_v1",
  "freeze_sha256": "799cf96aaaf44ec2a0b607ed6fbd8faa010145b34e1d4b40c2475783271caf35",
  "owner_approved": true,
  "status": "FROZEN"
}

	Command being timed: "timeout --signal=TERM --kill-after=5m 600s python scripts/freeze_week8_ablation_stack.py --week8_config configs/experiments/week8_evaluation.yaml --ablation_id no_relation_probe --diag_config outputs/week8_data/ablation_configs/no_relation_probe_diag.yaml --policy_config outputs/week8_data/ablation_configs/no_relation_probe_policy.yaml --vector_manifest outputs/week8_ablations/no_relation_probe/vectorized/vectorized_manifest.json --diagnostic_checkpoint outputs/week8_ablations/no_relation_probe/diagnostic_checkpoints/diag_deep_sets_standard_seed42.best.pt --policy_checkpoint outputs/week8_ablations/no_relation_probe/policy_checkpoints/policy_deep_sets_standard_lambda0_seed42.best.pt --output_dir outputs/week8_ablations/no_relation_probe/freeze --approve_freeze --overwrite"
	User time (seconds): 1.77
	System time (seconds): 5.36
	Percent of CPU this job got: 525%
	Elapsed (wall clock) time (h:mm:ss or m:ss): 0:01.35
	Average shared text size (kbytes): 0
	Average unshared data size (kbytes): 0
	Average stack size (kbytes): 0
	Average total size (kbytes): 0
	Maximum resident set size (kbytes): 430596
	Average resident set size (kbytes): 0
	Major (requiring I/O) page faults: 0
	Minor (reclaiming a frame) page faults: 62332
	Voluntary context switches: 197
	Involuntary context switches: 141881
	Swaps: 0
	File system inputs: 0
	File system outputs: 16
	Socket messages sent: 0
	Socket messages received: 0
	Signals delivered: 0
	Page size (bytes): 4096
	Exit status: 0
no_relation_probe stack freeze exit code: 0
===== no_relation_probe validation frontier =====
Timeout 1200s; worker ceiling remaining 5401s
{
  "ablation_id": "no_relation_probe",
  "aps_sha256": "9d70f980a1cf0864ee2d1f1da0fecb5728489fdbda8e93f026bd2b2ae0e95595",
  "base_model_instances": 1404,
  "budgets": [
    1,
    2,
    3,
    4,
    7
  ],
  "calibration_used": false,
  "coverages": [
    0.9,
    0.95
  ],
  "csv_path": "outputs/week8_ablations/no_relation_probe/frontier/frontier_validation.csv",
  "csv_sha256": "c6454f81a763cf86361d9fa3c6c614bd997adc2ccba96ae307d7aa8d96bdde7e",
  "diagnostic_checkpoint_sha256": "ad6849f34d87158dcfb1691af60ec3065cd4c5f1bb8aebcc015f4438ab578de3",
  "evaluation_split": "val",
  "format_version": "week8_ablation_frontier_v1",
  "freeze_manifest_sha256": "75bf4122aaa17b2b504c7842b0bf9c6529fdb39d050e8c685be2c021b3a2f745",
  "global_aps_evaluation_split": "val",
  "global_aps_fit_split": "val",
  "global_aps_thresholds": {
    "0.9": 0.9999998807907104,
    "0.95": 1.0
  },
  "heldout_shift_used": false,
  "manifest_sha256": "51761a83249824422cbb826666b4926f32838d5fac45f2cd196eb667b64d7f8f",
  "policy_checkpoint_sha256": "c0f70b94edeb372accc285f7b247024e241b283d1b57b9a151a46ae778d7c3d0",
  "post_test_tuning_used": false,
  "report_sha256": "aeb9fe01beec21a4e98966f782503c27d5078deb20daf6255f39df39670dd26a",
  "seed": 42,
  "status": "COMPLETE",
  "summaries": {
    "proactive_global_aps|1|0.9": {
      "action_counts": {
        "blank": 833,
        "blur": 347,
        "brightness": 75,
        "crop": 17,
        "grounding": 132,
        "stop": 1404
      },
      "diagnostic": {
        "record_count": 1404,
        "signature_mse": 0.030960244954028507,
        "six_way_balanced_accuracy": 0.6274178271099453,
        "six_way_confusion_matrix": [
          [
            82,
            0,
            4,
            4,
            46,
            51
          ],
          [
            6,
            347,
            7,
            2,
            29,
            1
          ],
          [
            0,
            0,
            32,
            2,
            10,
            0
          ],
          [
            45,
            40,
            73,
            416,
            20,
            1
          ],
          [
            3,
            1,
            4,
            0,
            3,
            1
          ],
          [
            13,
            1,
            4,
            0,
            23,
            133
          ]
        ],
        "six_way_labels": [
          "visual",
          "language-prior",
          "alignment",
          "mixed",
          "unclear",
          "no-failure"
        ],
        "six_way_macro_f1": 0.5588231452298791,
        "source_bit_auroc": {
          "alignment": 0.9848422496570646,
          "language": 0.9693072702331962,
          "visual": 0.9469482946502226
        },
        "source_bit_hamming_loss": 0.10042735042735043,
        "source_bit_macro_f1": 0.8929431332786611,
        "source_bit_micro_f1": 0.8915106437548089
      },
      "mean_acquisition_cost": 1.0,
      "prediction_sets": {
        "average_set_size": 3.8547008547008548,
        "coverage": 0.9857549857549858,
        "empty_set_rate": 0.004273504273504274,
        "singleton_rate": 0.14957264957264957
      },
      "row_count": 1404
    },
    "proactive_global_aps|1|0.95": {
      "action_counts": {
        "blank": 833,
        "blur": 347,
        "brightness": 75,
        "crop": 17,
        "grounding": 132,
        "stop": 1404
      },
      "diagnostic": {
        "record_count": 1404,
        "signature_mse": 0.030960244954028507,
        "six_way_balanced_accuracy": 0.6274178271099453,
        "six_way_confusion_matrix": [
          [
            82,
            0,
            4,
            4,
            46,
            51
          ],
          [
            6,
            347,
            7,
            2,
            29,
            1
          ],
          [
            0,
            0,
            32,
            2,
            10,
            0
          ],
          [
            45,
            40,
            73,
            416,
            20,
            1
          ],
          [
            3,
            1,
            4,
            0,
            3,
            1
          ],
          [
            13,
            1,
            4,
            0,
            23,
            133
          ]
        ],
        "six_way_labels": [
          "visual",
          "language-prior",
          "alignment",
          "mixed",
          "unclear",
          "no-failure"
        ],
        "six_way_macro_f1": 0.5588231452298791,
        "source_bit_auroc": {
          "alignment": 0.9848422496570646,
          "language": 0.9693072702331962,
          "visual": 0.9469482946502226
        },
        "source_bit_hamming_loss": 0.10042735042735043,
        "source_bit_macro_f1": 0.8929431332786611,
        "source_bit_micro_f1": 0.8915106437548089
      },
      "mean_acquisition_cost": 1.0,
      "prediction_sets": {
        "average_set_size": 5.003561253561253,
        "coverage": 0.9978632478632479,
        "empty_set_rate": 0.0,
        "singleton_rate": 0.03205128205128205
      },
      "row_count": 1404
    },
    "proactive_global_aps|2|0.9": {
      "action_counts": {
        "blank": 1075,
        "blur": 849,
        "brightness": 156,
        "crop": 41,
        "grounding": 680,
        "noise": 1,
        "stop": 1404
      },
      "diagnostic": {
        "record_count": 1404,
        "signature_mse": 0.014311035405386228,
        "six_way_balanced_accuracy": 0.7772765375742773,
        "six_way_confusion_matrix": [
          [
            154,
            0,
            2,
            1,
            16,
            14
          ],
          [
            5,
            381,
            0,
            0,
            4,
            2
          ],
          [
            0,
            0,
            37,
            3,
            4,
            0
          ],
          [
            22,
            40,
            43,
            483,
            5,
            2
          ],
          [
            2,
            0,
            1,
            0,
            5,
            4
          ],
          [
            5,
            0,
            2,
            0,
            28,
            139
          ]
        ],
        "six_way_labels": [
          "visual",
          "language-prior",
          "alignment",
          "mixed",
          "unclear",
          "no-failure"
        ],
        "six_way_macro_f1": 0.6983371876375258,
        "source_bit_auroc": {
          "alignment": 0.9963856673733218,
          "language": 0.9931841563786008,
          "visual": 0.9696448758032814
        },
        "source_bit_hamming_loss": 0.04985754985754986,
        "source_bit_macro_f1": 0.9479331114021209,
        "source_bit_micro_f1": 0.945792462570986
      },
      "mean_acquisition_cost": 1.9957264957264957,
      "prediction_sets": {
        "average_set_size": 3.2300569800569803,
        "coverage": 0.9102564102564102,
        "empty_set_rate": 0.08190883190883191,
        "singleton_rate": 0.12393162393162394
      },
      "row_count": 1404
    },
    "proactive_global_aps|2|0.95": {
      "action_counts": {
        "blank": 1075,
        "blur": 849,
        "brightness": 156,
        "crop": 41,
        "grounding": 680,
        "noise": 1,
        "stop": 1404
      },
      "diagnostic": {
        "record_count": 1404,
        "signature_mse": 0.014311035405386228,
        "six_way_balanced_accuracy": 0.7772765375742773,
        "six_way_confusion_matrix": [
          [
            154,
            0,
            2,
            1,
            16,
            14
          ],
          [
            5,
            381,
            0,
            0,
            4,
            2
          ],
          [
            0,
            0,
            37,
            3,
            4,
            0
          ],
          [
            22,
            40,
            43,
            483,
            5,
            2
          ],
          [
            2,
            0,
            1,
            0,
            5,
            4
          ],
          [
            5,
            0,
            2,
            0,
            28,
            139
          ]
        ],
        "six_way_labels": [
          "visual",
          "language-prior",
          "alignment",
          "mixed",
          "unclear",
          "no-failure"
        ],
        "six_way_macro_f1": 0.6983371876375258,
        "source_bit_auroc": {
          "alignment": 0.9963856673733218,
          "language": 0.9931841563786008,
          "visual": 0.9696448758032814
        },
        "source_bit_hamming_loss": 0.04985754985754986,
        "source_bit_macro_f1": 0.9479331114021209,
        "source_bit_micro_f1": 0.945792462570986
      },
      "mean_acquisition_cost": 1.9957264957264957,
      "prediction_sets": {
        "average_set_size": 4.455840455840455,
        "coverage": 0.9978632478632479,
        "empty_set_rate": 0.0,
        "singleton_rate": 0.10968660968660969
      },
      "row_count": 1404
    },
    "proactive_global_aps|3|0.9": {
      "action_counts": {
        "blank": 1253,
        "blur": 934,
        "brightness": 196,
        "crop": 705,
        "grounding": 983,
        "noise": 48,
        "stop": 1404
      },
      "diagnostic": {
        "record_count": 1404,
        "signature_mse": 0.008400408220200224,
        "six_way_balanced_accuracy": 0.8265235090901565,
        "six_way_confusion_matrix": [
          [
            171,
            0,
            0,
            0,
            7,
            9
          ],
          [
            0,
            387,
            0,
            1,
            0,
            4
          ],
          [
            0,
            0,
            42,
            2,
            0,
            0
          ],
          [
            7,
            32,
            25,
            528,
            1,
            2
          ],
          [
            1,
            0,
            2,
            0,
            5,
            4
          ],
          [
            6,
            0,
            0,
            0,
            29,
            139
          ]
        ],
        "six_way_labels": [
          "visual",
          "language-prior",
          "alignment",
          "mixed",
          "unclear",
          "no-failure"
        ],
        "six_way_macro_f1": 0.7629104337673919,
        "source_bit_auroc": {
          "alignment": 0.9987384129359439,
          "language": 0.9987670651250897,
          "visual": 0.984308134146714
        },
        "source_bit_hamming_loss": 0.027302943969610638,
        "source_bit_macro_f1": 0.9720581653397411,
        "source_bit_micro_f1": 0.9704597996403802
      },
      "mean_acquisition_cost": 2.9337606837606836,
      "prediction_sets": {
        "average_set_size": 2.8333333333333335,
        "coverage": 0.8924501424501424,
        "empty_set_rate": 0.10042735042735043,
        "singleton_rate": 0.13319088319088318
      },
      "row_count": 1404
    },
    "proactive_global_aps|3|0.95": {
      "action_counts": {
        "blank": 1253,
        "blur": 934,
        "brightness": 196,
        "crop": 705,
        "grounding": 983,
        "noise": 48,
        "stop": 1404
      },
      "diagnostic": {
        "record_count": 1404,
        "signature_mse": 0.008400408220200224,
        "six_way_balanced_accuracy": 0.8265235090901565,
        "six_way_confusion_matrix": [
          [
            171,
            0,
            0,
            0,
            7,
            9
          ],
          [
            0,
            387,
            0,
            1,
            0,
            4
          ],
          [
            0,
            0,
            42,
            2,
            0,
            0
          ],
          [
            7,
            32,
            25,
            528,
            1,
            2
          ],
          [
            1,
            0,
            2,
            0,
            5,
            4
          ],
          [
            6,
            0,
            0,
            0,
            29,
            139
          ]
        ],
        "six_way_labels": [
          "visual",
          "language-prior",
          "alignment",
          "mixed",
          "unclear",
          "no-failure"
        ],
        "six_way_macro_f1": 0.7629104337673919,
        "source_bit_auroc": {
          "alignment": 0.9987384129359439,
          "language": 0.9987670651250897,
          "visual": 0.984308134146714
        },
        "source_bit_hamming_loss": 0.027302943969610638,
        "source_bit_macro_f1": 0.9720581653397411,
        "source_bit_micro_f1": 0.9704597996403802
      },
      "mean_acquisition_cost": 2.9337606837606836,
      "prediction_sets": {
        "average_set_size": 4.232905982905983,
        "coverage": 0.9971509971509972,
        "empty_set_rate": 0.0,
        "singleton_rate": 0.13319088319088318
      },
      "row_count": 1404
    },
    "proactive_global_aps|4|0.9": {
      "action_counts": {
        "blank": 1330,
        "blur": 1320,
        "brightness": 376,
        "crop": 923,
        "grounding": 1112,
        "noise": 192,
        "stop": 1404
      },
      "diagnostic": {
        "record_count": 1404,
        "signature_mse": 0.005656726420502162,
        "six_way_balanced_accuracy": 0.8490294132281963,
        "six_way_confusion_matrix": [
          [
            183,
            0,
            0,
            0,
            2,
            2
          ],
          [
            0,
            392,
            0,
            0,
            0,
            0
          ],
          [
            0,
            0,
            41,
            2,
            0,
            1
          ],
          [
            3,
            21,
            11,
            559,
            1,
            0
          ],
          [
            0,
            0,
            0,
            0,
            5,
            7
          ],
          [
            2,
            0,
            0,
            0,
            28,
            144
          ]
        ],
        "six_way_labels": [
          "visual",
          "language-prior",
          "alignment",
          "mixed",
          "unclear",
          "no-failure"
        ],
        "six_way_macro_f1": 0.8095983086079546,
        "source_bit_auroc": {
          "alignment": 0.999386872843663,
          "language": 0.9997387157880986,
          "visual": 0.9926958682567648
        },
        "source_bit_hamming_loss": 0.014482431149097816,
        "source_bit_macro_f1": 0.9854292564169107,
        "source_bit_micro_f1": 0.984505969011938
      },
      "mean_acquisition_cost": 3.7414529914529915,
      "prediction_sets": {
        "average_set_size": 2.6445868945868947,
        "coverage": 0.8774928774928775,
        "empty_set_rate": 0.11752136752136752,
        "singleton_rate": 0.18304843304843305
      },
      "row_count": 1404
    },
    "proactive_global_aps|4|0.95": {
      "action_counts": {
        "blank": 1330,
        "blur": 1320,
        "brightness": 376,
        "crop": 923,
        "grounding": 1112,
        "noise": 192,
        "stop": 1404
      },
      "diagnostic": {
        "record_count": 1404,
        "signature_mse": 0.005656726420502162,
        "six_way_balanced_accuracy": 0.8490294132281963,
        "six_way_confusion_matrix": [
          [
            183,
            0,
            0,
            0,
            2,
            2
          ],
          [
            0,
            392,
            0,
            0,
            0,
            0
          ],
          [
            0,
            0,
            41,
            2,
            0,
            1
          ],
          [
            3,
            21,
            11,
            559,
            1,
            0
          ],
          [
            0,
            0,
            0,
            0,
            5,
            7
          ],
          [
            2,
            0,
            0,
            0,
            28,
            144
          ]
        ],
        "six_way_labels": [
          "visual",
          "language-prior",
          "alignment",
          "mixed",
          "unclear",
          "no-failure"
        ],
        "six_way_macro_f1": 0.8095983086079546,
        "source_bit_auroc": {
          "alignment": 0.999386872843663,
          "language": 0.9997387157880986,
          "visual": 0.9926958682567648
        },
        "source_bit_hamming_loss": 0.014482431149097816,
        "source_bit_macro_f1": 0.9854292564169107,
        "source_bit_micro_f1": 0.984505969011938
      },
      "mean_acquisition_cost": 3.7414529914529915,
      "prediction_sets": {
        "average_set_size": 4.267806267806268,
        "coverage": 1.0,
        "empty_set_rate": 0.0,
        "singleton_rate": 0.15954415954415954
      },
      "row_count": 1404
    },
    "proactive_global_aps|7|0.9": {
      "action_counts": {
        "blank": 1381,
        "blur": 1317,
        "brightness": 1037,
        "crop": 1122,
        "grounding": 1285,
        "noise": 686,
        "stop": 1404
      },
      "diagnostic": {
        "record_count": 1404,
        "signature_mse": 0.005341577499417408,
        "six_way_balanced_accuracy": 0.8687126261162773,
        "six_way_confusion_matrix": [
          [
            186,
            0,
            0,
            0,
            1,
            0
          ],
          [
            0,
            392,
            0,
            0,
            0,
            0
          ],
          [
            0,
            0,
            43,
            0,
            0,
            1
          ],
          [
            2,
            9,
            5,
            579,
            0,
            0
          ],
          [
            0,
            0,
            0,
            0,
            5,
            7
          ],
          [
            1,
            0,
            0,
            0,
            25,
            148
          ]
        ],
        "six_way_labels": [
          "visual",
          "language-prior",
          "alignment",
          "mixed",
          "unclear",
          "no-failure"
        ],
        "six_way_macro_f1": 0.8381157034657342,
        "source_bit_auroc": {
          "alignment": 0.9997339651660639,
          "language": 0.9999387615128356,
          "visual": 0.9978429794991394
        },
        "source_bit_hamming_loss": 0.005698005698005698,
        "source_bit_macro_f1": 0.9941653613553895,
        "source_bit_micro_f1": 0.993942453306411
      },
      "mean_acquisition_cost": 4.863247863247863,
      "prediction_sets": {
        "average_set_size": 2.53988603988604,
        "coverage": 0.8753561253561254,
        "empty_set_rate": 0.12321937321937322,
        "singleton_rate": 0.23575498575498577
      },
      "row_count": 1404
    },
    "proactive_global_aps|7|0.95": {
      "action_counts": {
        "blank": 1381,
        "blur": 1317,
        "brightness": 1037,
        "crop": 1122,
        "grounding": 1285,
        "noise": 686,
        "stop": 1404
      },
      "diagnostic": {
        "record_count": 1404,
        "signature_mse": 0.005341577499417408,
        "six_way_balanced_accuracy": 0.8687126261162773,
        "six_way_confusion_matrix": [
          [
            186,
            0,
            0,
            0,
            1,
            0
          ],
          [
            0,
            392,
            0,
            0,
            0,
            0
          ],
          [
            0,
            0,
            43,
            0,
            0,
            1
          ],
          [
            2,
            9,
            5,
            579,
            0,
            0
          ],
          [
            0,
            0,
            0,
            0,
            5,
            7
          ],
          [
            1,
            0,
            0,
            0,
            25,
            148
          ]
        ],
        "six_way_labels": [
          "visual",
          "language-prior",
          "alignment",
          "mixed",
          "unclear",
          "no-failure"
        ],
        "six_way_macro_f1": 0.8381157034657342,
        "source_bit_auroc": {
          "alignment": 0.9997339651660639,
          "language": 0.9999387615128356,
          "visual": 0.9978429794991394
        },
        "source_bit_hamming_loss": 0.005698005698005698,
        "source_bit_macro_f1": 0.9941653613553895,
        "source_bit_micro_f1": 0.993942453306411
      },
      "mean_acquisition_cost": 4.863247863247863,
      "prediction_sets": {
        "average_set_size": 4.118233618233618,
        "coverage": 1.0,
        "empty_set_rate": 0.0,
        "singleton_rate": 0.1908831908831909
      },
      "row_count": 1404
    },
    "proactive_no_stop|1|0.9": {
      "action_counts": {
        "blank": 833,
        "blur": 347,
        "brightness": 75,
        "crop": 17,
        "grounding": 132,
        "stop": 1404
      },
      "diagnostic": {
        "record_count": 1404,
        "signature_mse": 0.030960244954028507,
        "six_way_balanced_accuracy": 0.6274178271099453,
        "six_way_confusion_matrix": [
          [
            82,
            0,
            4,
            4,
            46,
            51
          ],
          [
            6,
            347,
            7,
            2,
            29,
            1
          ],
          [
            0,
            0,
            32,
            2,
            10,
            0
          ],
          [
            45,
            40,
            73,
            416,
            20,
            1
          ],
          [
            3,
            1,
            4,
            0,
            3,
            1
          ],
          [
            13,
            1,
            4,
            0,
            23,
            133
          ]
        ],
        "six_way_labels": [
          "visual",
          "language-prior",
          "alignment",
          "mixed",
          "unclear",
          "no-failure"
        ],
        "six_way_macro_f1": 0.5588231452298791,
        "source_bit_auroc": {
          "alignment": 0.9848422496570646,
          "language": 0.9693072702331962,
          "visual": 0.9469482946502226
        },
        "source_bit_hamming_loss": 0.10042735042735043,
        "source_bit_macro_f1": 0.8929431332786611,
        "source_bit_micro_f1": 0.8915106437548089
      },
      "mean_acquisition_cost": 1.0,
      "prediction_sets": {
        "average_set_size": 2.5975783475783474,
        "coverage": 0.8703703703703703,
        "empty_set_rate": 0.09259259259259259,
        "singleton_rate": 0.33618233618233617
      },
      "row_count": 1404
    },
    "proactive_no_stop|1|0.95": {
      "action_counts": {
        "blank": 833,
        "blur": 347,
        "brightness": 75,
        "crop": 17,
        "grounding": 132,
        "stop": 1404
      },
      "diagnostic": {
        "record_count": 1404,
        "signature_mse": 0.030960244954028507,
        "six_way_balanced_accuracy": 0.6274178271099453,
        "six_way_confusion_matrix": [
          [
            82,
            0,
            4,
            4,
            46,
            51
          ],
          [
            6,
            347,
            7,
            2,
            29,
            1
          ],
          [
            0,
            0,
            32,
            2,
            10,
            0
          ],
          [
            45,
            40,
            73,
            416,
            20,
            1
          ],
          [
            3,
            1,
            4,
            0,
            3,
            1
          ],
          [
            13,
            1,
            4,
            0,
            23,
            133
          ]
        ],
        "six_way_labels": [
          "visual",
          "language-prior",
          "alignment",
          "mixed",
          "unclear",
          "no-failure"
        ],
        "six_way_macro_f1": 0.5588231452298791,
        "source_bit_auroc": {
          "alignment": 0.9848422496570646,
          "language": 0.9693072702331962,
          "visual": 0.9469482946502226
        },
        "source_bit_hamming_loss": 0.10042735042735043,
        "source_bit_macro_f1": 0.8929431332786611,
        "source_bit_micro_f1": 0.8915106437548089
      },
      "mean_acquisition_cost": 1.0,
      "prediction_sets": {
        "average_set_size": 3.4537037037037037,
        "coverage": 0.9259259259259259,
        "empty_set_rate": 0.0584045584045584,
        "singleton_rate": 0.1502849002849003
      },
      "row_count": 1404
    },
    "proactive_no_stop|2|0.9": {
      "action_counts": {
        "blank": 1075,
        "blur": 849,
        "brightness": 157,
        "crop": 41,
        "grounding": 685,
        "noise": 1,
        "stop": 1404
      },
      "diagnostic": {
        "record_count": 1404,
        "signature_mse": 0.014190875533165066,
        "six_way_balanced_accuracy": 0.7778367616639131,
        "six_way_confusion_matrix": [
          [
            154,
            0,
            2,
            1,
            16,
            14
          ],
          [
            5,
            381,
            0,
            0,
            4,
            2
          ],
          [
            0,
            0,
            37,
            3,
            4,
            0
          ],
          [
            20,
            40,
            43,
            485,
            5,
            2
          ],
          [
            2,
            0,
            1,
            0,
            5,
            4
          ],
          [
            5,
            0,
            2,
            0,
            28,
            139
          ]
        ],
        "six_way_labels": [
          "visual",
          "language-prior",
          "alignment",
          "mixed",
          "unclear",
          "no-failure"
        ],
        "six_way_macro_f1": 0.6994116464508776,
        "source_bit_auroc": {
          "alignment": 0.9965935070873342,
          "language": 0.9932270233196159,
          "visual": 0.9696448758032814
        },
        "source_bit_hamming_loss": 0.049145299145299144,
        "source_bit_macro_f1": 0.9487903551360262,
        "source_bit_micro_f1": 0.94660820221821
      },
      "mean_acquisition_cost": 2.0,
      "prediction_sets": {
        "average_set_size": 2.3041310541310542,
        "coverage": 0.8504273504273504,
        "empty_set_rate": 0.12891737891737892,
        "singleton_rate": 0.2094017094017094
      },
      "row_count": 1404
    },
    "proactive_no_stop|2|0.95": {
      "action_counts": {
        "blank": 1075,
        "blur": 849,
        "brightness": 157,
        "crop": 41,
        "grounding": 685,
        "noise": 1,
        "stop": 1404
      },
      "diagnostic": {
        "record_count": 1404,
        "signature_mse": 0.014190875533165066,
        "six_way_balanced_accuracy": 0.7778367616639131,
        "six_way_confusion_matrix": [
          [
            154,
            0,
            2,
            1,
            16,
            14
          ],
          [
            5,
            381,
            0,
            0,
            4,
            2
          ],
          [
            0,
            0,
            37,
            3,
            4,
            0
          ],
          [
            20,
            40,
            43,
            485,
            5,
            2
          ],
          [
            2,
            0,
            1,
            0,
            5,
            4
          ],
          [
            5,
            0,
            2,
            0,
            28,
            139
          ]
        ],
        "six_way_labels": [
          "visual",
          "language-prior",
          "alignment",
          "mixed",
          "unclear",
          "no-failure"
        ],
        "six_way_macro_f1": 0.6994116464508776,
        "source_bit_auroc": {
          "alignment": 0.9965935070873342,
          "language": 0.9932270233196159,
          "visual": 0.9696448758032814
        },
        "source_bit_hamming_loss": 0.049145299145299144,
        "source_bit_macro_f1": 0.9487903551360262,
        "source_bit_micro_f1": 0.94660820221821
      },
      "mean_acquisition_cost": 2.0,
      "prediction_sets": {
        "average_set_size": 3.225071225071225,
        "coverage": 0.9095441595441596,
        "empty_set_rate": 0.08262108262108261,
        "singleton_rate": 0.12393162393162394
      },
      "row_count": 1404
    },
    "proactive_no_stop|3|0.9": {
      "action_counts": {
        "blank": 1253,
        "blur": 936,
        "brightness": 199,
        "crop": 763,
        "grounding": 992,
        "noise": 69,
        "stop": 1404
      },
      "diagnostic": {
        "record_count": 1404,
        "signature_mse": 0.008441173778146313,
        "six_way_balanced_accuracy": 0.8265235090901565,
        "six_way_confusion_matrix": [
          [
            171,
            0,
            0,
            0,
            7,
            9
          ],
          [
            0,
            387,
            0,
            1,
            0,
            4
          ],
          [
            0,
            0,
            42,
            2,
            0,
            0
          ],
          [
            7,
            32,
            25,
            528,
            1,
            2
          ],
          [
            1,
            0,
            2,
            0,
            5,
            4
          ],
          [
            6,
            0,
            0,
            0,
            29,
            139
          ]
        ],
        "six_way_labels": [
          "visual",
          "language-prior",
          "alignment",
          "mixed",
          "unclear",
          "no-failure"
        ],
        "six_way_macro_f1": 0.7629104337673919,
        "source_bit_auroc": {
          "alignment": 0.9987384129359438,
          "language": 0.9987405284473185,
          "visual": 0.984308134146714
        },
        "source_bit_hamming_loss": 0.027302943969610638,
        "source_bit_macro_f1": 0.9720581653397411,
        "source_bit_micro_f1": 0.9704597996403802
      },
      "mean_acquisition_cost": 3.0,
      "prediction_sets": {
        "average_set_size": 2.297720797720798,
        "coverage": 0.8511396011396012,
        "empty_set_rate": 0.1346153846153846,
        "singleton_rate": 0.20726495726495728
      },
      "row_count": 1404
    },
    "proactive_no_stop|3|0.95": {
      "action_counts": {
        "blank": 1253,
        "blur": 936,
        "brightness": 199,
        "crop": 763,
        "grounding": 992,
        "noise": 69,
        "stop": 1404
      },
      "diagnostic": {
        "record_count": 1404,
        "signature_mse": 0.008441173778146313,
        "six_way_balanced_accuracy": 0.8265235090901565,
        "six_way_confusion_matrix": [
          [
            171,
            0,
            0,
            0,
            7,
            9
          ],
          [
            0,
            387,
            0,
            1,
            0,
            4
          ],
          [
            0,
            0,
            42,
            2,
            0,
            0
          ],
          [
            7,
            32,
            25,
            528,
            1,
            2
          ],
          [
            1,
            0,
            2,
            0,
            5,
            4
          ],
          [
            6,
            0,
            0,
            0,
            29,
            139
          ]
        ],
        "six_way_labels": [
          "visual",
          "language-prior",
          "alignment",
          "mixed",
          "unclear",
          "no-failure"
        ],
        "six_way_macro_f1": 0.7629104337673919,
        "source_bit_auroc": {
          "alignment": 0.9987384129359438,
          "language": 0.9987405284473185,
          "visual": 0.984308134146714
        },
        "source_bit_hamming_loss": 0.027302943969610638,
        "source_bit_macro_f1": 0.9720581653397411,
        "source_bit_micro_f1": 0.9704597996403802
      },
      "mean_acquisition_cost": 3.0,
      "prediction_sets": {
        "average_set_size": 3.0014245014245016,
        "coverage": 0.8931623931623932,
        "empty_set_rate": 0.10042735042735043,
        "singleton_rate": 0.11538461538461539
      },
      "row_count": 1404
    },
    "proactive_no_stop|4|0.9": {
      "action_counts": {
        "blank": 1340,
        "blur": 1321,
        "brightness": 396,
        "crop": 1070,
        "grounding": 1145,
        "noise": 344,
        "stop": 1404
      },
      "diagnostic": {
        "record_count": 1404,
        "signature_mse": 0.005489866595880935,
        "six_way_balanced_accuracy": 0.8490294132281963,
        "six_way_confusion_matrix": [
          [
            183,
            0,
            0,
            0,
            2,
            2
          ],
          [
            0,
            392,
            0,
            0,
            0,
            0
          ],
          [
            0,
            0,
            41,
            2,
            0,
            1
          ],
          [
            3,
            21,
            11,
            559,
            1,
            0
          ],
          [
            0,
            0,
            0,
            0,
            5,
            7
          ],
          [
            2,
            0,
            0,
            0,
            28,
            144
          ]
        ],
        "six_way_labels": [
          "visual",
          "language-prior",
          "alignment",
          "mixed",
          "unclear",
          "no-failure"
        ],
        "six_way_macro_f1": 0.8095983086079546,
        "source_bit_auroc": {
          "alignment": 0.9993847944465228,
          "language": 0.9998101606897903,
          "visual": 0.9927875263517023
        },
        "source_bit_hamming_loss": 0.013770180436847104,
        "source_bit_macro_f1": 0.9862033891422654,
        "source_bit_micro_f1": 0.9852717115286947
      },
      "mean_acquisition_cost": 4.0,
      "prediction_sets": {
        "average_set_size": 2.2507122507122506,
        "coverage": 0.8219373219373219,
        "empty_set_rate": 0.17094017094017094,
        "singleton_rate": 0.1972934472934473
      },
      "row_count": 1404
    },
    "proactive_no_stop|4|0.95": {
      "action_counts": {
        "blank": 1340,
        "blur": 1321,
        "brightness": 396,
        "crop": 1070,
        "grounding": 1145,
        "noise": 344,
        "stop": 1404
      },
      "diagnostic": {
        "record_count": 1404,
        "signature_mse": 0.005489866595880935,
        "six_way_balanced_accuracy": 0.8490294132281963,
        "six_way_confusion_matrix": [
          [
            183,
            0,
            0,
            0,
            2,
            2
          ],
          [
            0,
            392,
            0,
            0,
            0,
            0
          ],
          [
            0,
            0,
            41,
            2,
            0,
            1
          ],
          [
            3,
            21,
            11,
            559,
            1,
            0
          ],
          [
            0,
            0,
            0,
            0,
            5,
            7
          ],
          [
            2,
            0,
            0,
            0,
            28,
            144
          ]
        ],
        "six_way_labels": [
          "visual",
          "language-prior",
          "alignment",
          "mixed",
          "unclear",
          "no-failure"
        ],
        "six_way_macro_f1": 0.8095983086079546,
        "source_bit_auroc": {
          "alignment": 0.9993847944465228,
          "language": 0.9998101606897903,
          "visual": 0.9927875263517023
        },
        "source_bit_hamming_loss": 0.013770180436847104,
        "source_bit_macro_f1": 0.9862033891422654,
        "source_bit_micro_f1": 0.9852717115286947
      },
      "mean_acquisition_cost": 4.0,
      "prediction_sets": {
        "average_set_size": 4.221509971509971,
        "coverage": 1.0,
        "empty_set_rate": 0.0,
        "singleton_rate": 0.18162393162393162
      },
      "row_count": 1404
    },
    "proactive_no_stop|7|0.9": {
      "action_counts": {
        "blank": 1404,
        "blur": 1404,
        "brightness": 1404,
        "crop": 1404,
        "grounding": 1404,
        "noise": 1404,
        "stop": 1404
      },
      "diagnostic": {
        "record_count": 1404,
        "signature_mse": 0.006120233794760552,
        "six_way_balanced_accuracy": 0.8729652362512405,
        "six_way_confusion_matrix": [
          [
            187,
            0,
            0,
            0,
            0,
            0
          ],
          [
            0,
            392,
            0,
            0,
            0,
            0
          ],
          [
            0,
            0,
            43,
            0,
            0,
            1
          ],
          [
            0,
            1,
            3,
            591,
            0,
            0
          ],
          [
            0,
            0,
            0,
            0,
            5,
            7
          ],
          [
            1,
            0,
            0,
            0,
            25,
            148
          ]
        ],
        "six_way_labels": [
          "visual",
          "language-prior",
          "alignment",
          "mixed",
          "unclear",
          "no-failure"
        ],
        "six_way_macro_f1": 0.8472178762203143,
        "source_bit_auroc": {
          "alignment": 0.9997007108118219,
          "language": 0.9999877523025672,
          "visual": 0.9999572262223626
        },
        "source_bit_hamming_loss": 0.003798670465337132,
        "source_bit_macro_f1": 0.9959032110791597,
        "source_bit_micro_f1": 0.9959778783308195
      },
      "mean_acquisition_cost": 6.0,
      "prediction_sets": {
        "average_set_size": 2.405982905982906,
        "coverage": 0.8568376068376068,
        "empty_set_rate": 0.14245014245014245,
        "singleton_rate": 0.25854700854700857
      },
      "row_count": 1404
    },
    "proactive_no_stop|7|0.95": {
      "action_counts": {
        "blank": 1404,
        "blur": 1404,
        "brightness": 1404,
        "crop": 1404,
        "grounding": 1404,
        "noise": 1404,
        "stop": 1404
      },
      "diagnostic": {
        "record_count": 1404,
        "signature_mse": 0.006120233794760552,
        "six_way_balanced_accuracy": 0.8729652362512405,
        "six_way_confusion_matrix": [
          [
            187,
            0,
            0,
            0,
            0,
            0
          ],
          [
            0,
            392,
            0,
            0,
            0,
            0
          ],
          [
            0,
            0,
            43,
            0,
            0,
            1
          ],
          [
            0,
            1,
            3,
            591,
            0,
            0
          ],
          [
            0,
            0,
            0,
            0,
            5,
            7
          ],
          [
            1,
            0,
            0,
            0,
            25,
            148
          ]
        ],
        "six_way_labels": [
          "visual",
          "language-prior",
          "alignment",
          "mixed",
          "unclear",
          "no-failure"
        ],
        "six_way_macro_f1": 0.8472178762203143,
        "source_bit_auroc": {
          "alignment": 0.9997007108118219,
          "language": 0.9999877523025672,
          "visual": 0.9999572262223626
        },
        "source_bit_hamming_loss": 0.003798670465337132,
        "source_bit_macro_f1": 0.9959032110791597,
        "source_bit_micro_f1": 0.9959778783308195
      },
      "mean_acquisition_cost": 6.0,
      "prediction_sets": {
        "average_set_size": 4.0747863247863245,
        "coverage": 1.0,
        "empty_set_rate": 0.0,
        "singleton_rate": 0.2329059829059829
      },
      "row_count": 1404
    },
    "proactive|1|0.9": {
      "action_counts": {
        "blank": 833,
        "blur": 347,
        "brightness": 75,
        "crop": 17,
        "grounding": 132,
        "stop": 1404
      },
      "diagnostic": {
        "record_count": 1404,
        "signature_mse": 0.030960244954028507,
        "six_way_balanced_accuracy": 0.6274178271099453,
        "six_way_confusion_matrix": [
          [
            82,
            0,
            4,
            4,
            46,
            51
          ],
          [
            6,
            347,
            7,
            2,
            29,
            1
          ],
          [
            0,
            0,
            32,
            2,
            10,
            0
          ],
          [
            45,
            40,
            73,
            416,
            20,
            1
          ],
          [
            3,
            1,
            4,
            0,
            3,
            1
          ],
          [
            13,
            1,
            4,
            0,
            23,
            133
          ]
        ],
        "six_way_labels": [
          "visual",
          "language-prior",
          "alignment",
          "mixed",
          "unclear",
          "no-failure"
        ],
        "six_way_macro_f1": 0.5588231452298791,
        "source_bit_auroc": {
          "alignment": 0.9848422496570646,
          "language": 0.9693072702331962,
          "visual": 0.9469482946502226
        },
        "source_bit_hamming_loss": 0.10042735042735043,
        "source_bit_macro_f1": 0.8929431332786611,
        "source_bit_micro_f1": 0.8915106437548089
      },
      "mean_acquisition_cost": 1.0,
      "prediction_sets": {
        "average_set_size": 2.5975783475783474,
        "coverage": 0.8703703703703703,
        "empty_set_rate": 0.09259259259259259,
        "singleton_rate": 0.33618233618233617
      },
      "row_count": 1404
    },
    "proactive|1|0.95": {
      "action_counts": {
        "blank": 833,
        "blur": 347,
        "brightness": 75,
        "crop": 17,
        "grounding": 132,
        "stop": 1404
      },
      "diagnostic": {
        "record_count": 1404,
        "signature_mse": 0.030960244954028507,
        "six_way_balanced_accuracy": 0.6274178271099453,
        "six_way_confusion_matrix": [
          [
            82,
            0,
            4,
            4,
            46,
            51
          ],
          [
            6,
            347,
            7,
            2,
            29,
            1
          ],
          [
            0,
            0,
            32,
            2,
            10,
            0
          ],
          [
            45,
            40,
            73,
            416,
            20,
            1
          ],
          [
            3,
            1,
            4,
            0,
            3,
            1
          ],
          [
            13,
            1,
            4,
            0,
            23,
            133
          ]
        ],
        "six_way_labels": [
          "visual",
          "language-prior",
          "alignment",
          "mixed",
          "unclear",
          "no-failure"
        ],
        "six_way_macro_f1": 0.5588231452298791,
        "source_bit_auroc": {
          "alignment": 0.9848422496570646,
          "language": 0.9693072702331962,
          "visual": 0.9469482946502226
        },
        "source_bit_hamming_loss": 0.10042735042735043,
        "source_bit_macro_f1": 0.8929431332786611,
        "source_bit_micro_f1": 0.8915106437548089
      },
      "mean_acquisition_cost": 1.0,
      "prediction_sets": {
        "average_set_size": 3.4537037037037037,
        "coverage": 0.9259259259259259,
        "empty_set_rate": 0.0584045584045584,
        "singleton_rate": 0.1502849002849003
      },
      "row_count": 1404
    },
    "proactive|2|0.9": {
      "action_counts": {
        "blank": 1075,
        "blur": 849,
        "brightness": 156,
        "crop": 41,
        "grounding": 680,
        "noise": 1,
        "stop": 1404
      },
      "diagnostic": {
        "record_count": 1404,
        "signature_mse": 0.014311035405386228,
        "six_way_balanced_accuracy": 0.7772765375742773,
        "six_way_confusion_matrix": [
          [
            154,
            0,
            2,
            1,
            16,
            14
          ],
          [
            5,
            381,
            0,
            0,
            4,
            2
          ],
          [
            0,
            0,
            37,
            3,
            4,
            0
          ],
          [
            22,
            40,
            43,
            483,
            5,
            2
          ],
          [
            2,
            0,
            1,
            0,
            5,
            4
          ],
          [
            5,
            0,
            2,
            0,
            28,
            139
          ]
        ],
        "six_way_labels": [
          "visual",
          "language-prior",
          "alignment",
          "mixed",
          "unclear",
          "no-failure"
        ],
        "six_way_macro_f1": 0.6983371876375258,
        "source_bit_auroc": {
          "alignment": 0.9963856673733218,
          "language": 0.9931841563786008,
          "visual": 0.9696448758032814
        },
        "source_bit_hamming_loss": 0.04985754985754986,
        "source_bit_macro_f1": 0.9479331114021209,
        "source_bit_micro_f1": 0.945792462570986
      },
      "mean_acquisition_cost": 1.9957264957264957,
      "prediction_sets": {
        "average_set_size": 2.3034188034188032,
        "coverage": 0.8504273504273504,
        "empty_set_rate": 0.12891737891737892,
        "singleton_rate": 0.2101139601139601
      },
      "row_count": 1404
    },
    "proactive|2|0.95": {
      "action_counts": {
        "blank": 1075,
        "blur": 849,
        "brightness": 156,
        "crop": 41,
        "grounding": 680,
        "noise": 1,
        "stop": 1404
      },
      "diagnostic": {
        "record_count": 1404,
        "signature_mse": 0.014311035405386228,
        "six_way_balanced_accuracy": 0.7772765375742773,
        "six_way_confusion_matrix": [
          [
            154,
            0,
            2,
            1,
            16,
            14
          ],
          [
            5,
            381,
            0,
            0,
            4,
            2
          ],
          [
            0,
            0,
            37,
            3,
            4,
            0
          ],
          [
            22,
            40,
            43,
            483,
            5,
            2
          ],
          [
            2,
            0,
            1,
            0,
            5,
            4
          ],
          [
            5,
            0,
            2,
            0,
            28,
            139
          ]
        ],
        "six_way_labels": [
          "visual",
          "language-prior",
          "alignment",
          "mixed",
          "unclear",
          "no-failure"
        ],
        "six_way_macro_f1": 0.6983371876375258,
        "source_bit_auroc": {
          "alignment": 0.9963856673733218,
          "language": 0.9931841563786008,
          "visual": 0.9696448758032814
        },
        "source_bit_hamming_loss": 0.04985754985754986,
        "source_bit_macro_f1": 0.9479331114021209,
        "source_bit_micro_f1": 0.945792462570986
      },
      "mean_acquisition_cost": 1.9957264957264957,
      "prediction_sets": {
        "average_set_size": 3.2300569800569803,
        "coverage": 0.9102564102564102,
        "empty_set_rate": 0.08190883190883191,
        "singleton_rate": 0.12393162393162394
      },
      "row_count": 1404
    },
    "proactive|3|0.9": {
      "action_counts": {
        "blank": 1253,
        "blur": 934,
        "brightness": 196,
        "crop": 705,
        "grounding": 983,
        "noise": 48,
        "stop": 1404
      },
      "diagnostic": {
        "record_count": 1404,
        "signature_mse": 0.008400408220200224,
        "six_way_balanced_accuracy": 0.8265235090901565,
        "six_way_confusion_matrix": [
          [
            171,
            0,
            0,
            0,
            7,
            9
          ],
          [
            0,
            387,
            0,
            1,
            0,
            4
          ],
          [
            0,
            0,
            42,
            2,
            0,
            0
          ],
          [
            7,
            32,
            25,
            528,
            1,
            2
          ],
          [
            1,
            0,
            2,
            0,
            5,
            4
          ],
          [
            6,
            0,
            0,
            0,
            29,
            139
          ]
        ],
        "six_way_labels": [
          "visual",
          "language-prior",
          "alignment",
          "mixed",
          "unclear",
          "no-failure"
        ],
        "six_way_macro_f1": 0.7629104337673919,
        "source_bit_auroc": {
          "alignment": 0.9987384129359439,
          "language": 0.9987670651250897,
          "visual": 0.984308134146714
        },
        "source_bit_hamming_loss": 0.027302943969610638,
        "source_bit_macro_f1": 0.9720581653397411,
        "source_bit_micro_f1": 0.9704597996403802
      },
      "mean_acquisition_cost": 2.9337606837606836,
      "prediction_sets": {
        "average_set_size": 2.2934472934472936,
        "coverage": 0.8475783475783476,
        "empty_set_rate": 0.13817663817663817,
        "singleton_rate": 0.20441595441595442
      },
      "row_count": 1404
    },
    "proactive|3|0.95": {
      "action_counts": {
        "blank": 1253,
        "blur": 934,
        "brightness": 196,
        "crop": 705,
        "grounding": 983,
        "noise": 48,
        "stop": 1404
      },
      "diagnostic": {
        "record_count": 1404,
        "signature_mse": 0.008400408220200224,
        "six_way_balanced_accuracy": 0.8265235090901565,
        "six_way_confusion_matrix": [
          [
            171,
            0,
            0,
            0,
            7,
            9
          ],
          [
            0,
            387,
            0,
            1,
            0,
            4
          ],
          [
            0,
            0,
            42,
            2,
            0,
            0
          ],
          [
            7,
            32,
            25,
            528,
            1,
            2
          ],
          [
            1,
            0,
            2,
            0,
            5,
            4
          ],
          [
            6,
            0,
            0,
            0,
            29,
            139
          ]
        ],
        "six_way_labels": [
          "visual",
          "language-prior",
          "alignment",
          "mixed",
          "unclear",
          "no-failure"
        ],
        "six_way_macro_f1": 0.7629104337673919,
        "source_bit_auroc": {
          "alignment": 0.9987384129359439,
          "language": 0.9987670651250897,
          "visual": 0.984308134146714
        },
        "source_bit_hamming_loss": 0.027302943969610638,
        "source_bit_macro_f1": 0.9720581653397411,
        "source_bit_micro_f1": 0.9704597996403802
      },
      "mean_acquisition_cost": 2.9337606837606836,
      "prediction_sets": {
        "average_set_size": 3.0163817663817665,
        "coverage": 0.8931623931623932,
        "empty_set_rate": 0.10042735042735043,
        "singleton_rate": 0.10042735042735043
      },
      "row_count": 1404
    },
    "proactive|4|0.9": {
      "action_counts": {
        "blank": 1330,
        "blur": 1320,
        "brightness": 376,
        "crop": 923,
        "grounding": 1112,
        "noise": 192,
        "stop": 1404
      },
      "diagnostic": {
        "record_count": 1404,
        "signature_mse": 0.005656726420502162,
        "six_way_balanced_accuracy": 0.8490294132281963,
        "six_way_confusion_matrix": [
          [
            183,
            0,
            0,
            0,
            2,
            2
          ],
          [
            0,
            392,
            0,
            0,
            0,
            0
          ],
          [
            0,
            0,
            41,
            2,
            0,
            1
          ],
          [
            3,
            21,
            11,
            559,
            1,
            0
          ],
          [
            0,
            0,
            0,
            0,
            5,
            7
          ],
          [
            2,
            0,
            0,
            0,
            28,
            144
          ]
        ],
        "six_way_labels": [
          "visual",
          "language-prior",
          "alignment",
          "mixed",
          "unclear",
          "no-failure"
        ],
        "six_way_macro_f1": 0.8095983086079546,
        "source_bit_auroc": {
          "alignment": 0.999386872843663,
          "language": 0.9997387157880986,
          "visual": 0.9926958682567648
        },
        "source_bit_hamming_loss": 0.014482431149097816,
        "source_bit_macro_f1": 0.9854292564169107,
        "source_bit_micro_f1": 0.984505969011938
      },
      "mean_acquisition_cost": 3.7414529914529915,
      "prediction_sets": {
        "average_set_size": 2.242877492877493,
        "coverage": 0.8226495726495726,
        "empty_set_rate": 0.17022792022792022,
        "singleton_rate": 0.20512820512820512
      },
      "row_count": 1404
    },
    "proactive|4|0.95": {
      "action_counts": {
        "blank": 1330,
        "blur": 1320,
        "brightness": 376,
        "crop": 923,
        "grounding": 1112,
        "noise": 192,
        "stop": 1404
      },
      "diagnostic": {
        "record_count": 1404,
        "signature_mse": 0.005656726420502162,
        "six_way_balanced_accuracy": 0.8490294132281963,
        "six_way_confusion_matrix": [
          [
            183,
            0,
            0,
            0,
            2,
            2
          ],
          [
            0,
            392,
            0,
            0,
            0,
            0
          ],
          [
            0,
            0,
            41,
            2,
            0,
            1
          ],
          [
            3,
            21,
            11,
            559,
            1,
            0
          ],
          [
            0,
            0,
            0,
            0,
            5,
            7
          ],
          [
            2,
            0,
            0,
            0,
            28,
            144
          ]
        ],
        "six_way_labels": [
          "visual",
          "language-prior",
          "alignment",
          "mixed",
          "unclear",
          "no-failure"
        ],
        "six_way_macro_f1": 0.8095983086079546,
        "source_bit_auroc": {
          "alignment": 0.999386872843663,
          "language": 0.9997387157880986,
          "visual": 0.9926958682567648
        },
        "source_bit_hamming_loss": 0.014482431149097816,
        "source_bit_macro_f1": 0.9854292564169107,
        "source_bit_micro_f1": 0.984505969011938
      },
      "mean_acquisition_cost": 3.7414529914529915,
      "prediction_sets": {
        "average_set_size": 4.267806267806268,
        "coverage": 1.0,
        "empty_set_rate": 0.0,
        "singleton_rate": 0.15954415954415954
      },
      "row_count": 1404
    },
    "proactive|7|0.9": {
      "action_counts": {
        "blank": 1381,
        "blur": 1317,
        "brightness": 1037,
        "crop": 1122,
        "grounding": 1285,
        "noise": 686,
        "stop": 1404
      },
      "diagnostic": {
        "record_count": 1404,
        "signature_mse": 0.005341577499417408,
        "six_way_balanced_accuracy": 0.8687126261162773,
        "six_way_confusion_matrix": [
          [
            186,
            0,
            0,
            0,
            1,
            0
          ],
          [
            0,
            392,
            0,
            0,
            0,
            0
          ],
          [
            0,
            0,
            43,
            0,
            0,
            1
          ],
          [
            2,
            9,
            5,
            579,
            0,
            0
          ],
          [
            0,
            0,
            0,
            0,
            5,
            7
          ],
          [
            1,
            0,
            0,
            0,
            25,
            148
          ]
        ],
        "six_way_labels": [
          "visual",
          "language-prior",
          "alignment",
          "mixed",
          "unclear",
          "no-failure"
        ],
        "six_way_macro_f1": 0.8381157034657342,
        "source_bit_auroc": {
          "alignment": 0.9997339651660639,
          "language": 0.9999387615128356,
          "visual": 0.9978429794991394
        },
        "source_bit_hamming_loss": 0.005698005698005698,
        "source_bit_macro_f1": 0.9941653613553895,
        "source_bit_micro_f1": 0.993942453306411
      },
      "mean_acquisition_cost": 4.863247863247863,
      "prediction_sets": {
        "average_set_size": 2.3824786324786325,
        "coverage": 0.8425925925925926,
        "empty_set_rate": 0.15384615384615385,
        "singleton_rate": 0.24358974358974358
      },
      "row_count": 1404
    },
    "proactive|7|0.95": {
      "action_counts": {
        "blank": 1381,
        "blur": 1317,
        "brightness": 1037,
        "crop": 1122,
        "grounding": 1285,
        "noise": 686,
        "stop": 1404
      },
      "diagnostic": {
        "record_count": 1404,
        "signature_mse": 0.005341577499417408,
        "six_way_balanced_accuracy": 0.8687126261162773,
        "six_way_confusion_matrix": [
          [
            186,
            0,
            0,
            0,
            1,
            0
          ],
          [
            0,
            392,
            0,
            0,
            0,
            0
          ],
          [
            0,
            0,
            43,
            0,
            0,
            1
          ],
          [
            2,
            9,
            5,
            579,
            0,
            0
          ],
          [
            0,
            0,
            0,
            0,
            5,
            7
          ],
          [
            1,
            0,
            0,
            0,
            25,
            148
          ]
        ],
        "six_way_labels": [
          "visual",
          "language-prior",
          "alignment",
          "mixed",
          "unclear",
          "no-failure"
        ],
        "six_way_macro_f1": 0.8381157034657342,
        "source_bit_auroc": {
          "alignment": 0.9997339651660639,
          "language": 0.9999387615128356,
          "visual": 0.9978429794991394
        },
        "source_bit_hamming_loss": 0.005698005698005698,
        "source_bit_macro_f1": 0.9941653613553895,
        "source_bit_micro_f1": 0.993942453306411
      },
      "mean_acquisition_cost": 4.863247863247863,
      "prediction_sets": {
        "average_set_size": 4.118233618233618,
        "coverage": 1.0,
        "empty_set_rate": 0.0,
        "singleton_rate": 0.1908831908831909
      },
      "row_count": 1404
    }
  },
  "teacher_files": [
    {
      "path": "outputs/teacher_core_contract_v1_recovered/teacher_gemma4_e4b_all_all_shard00-of-04.jsonl",
      "selected_rows": 175,
      "sha256": "46593391081546c310991894934b1436ecfcf1f07956104d59e9e8f4495e1948"
    },
    {
      "path": "outputs/teacher_core_contract_v1_recovered/teacher_gemma4_e4b_all_all_shard01-of-04.jsonl",
      "selected_rows": 180,
      "sha256": "3c7d3ca72753bd49d8f344dd9e468877e75567132de20a81ce20467d52e096a9"
    },
    {
      "path": "outputs/teacher_core_contract_v1_recovered/teacher_gemma4_e4b_all_all_shard02-of-04.jsonl",
      "selected_rows": 163,
      "sha256": "bff419cdd17e66ccd9eea1a83e248d5f58e16143d662ebd3ba33625b953018ec"
    },
    {
      "path": "outputs/teacher_core_contract_v1_recovered/teacher_gemma4_e4b_all_all_shard03-of-04.jsonl",
      "selected_rows": 184,
      "sha256": "9538751d71a3f8a133be26c2de6d4a4b505b3c780a20ee10a15cd24cd0d8a84e"
    },
    {
      "path": "outputs/teacher_core_contract_v1_recovered/teacher_qwen3_vl_8b_all_all_shard00-of-04.jsonl",
      "selected_rows": 162,
      "sha256": "53cc79788e76a9ddcf8df20812e5ca0ca7aa918dad85d249107f3b46003c5be4"
    },
    {
      "path": "outputs/teacher_core_contract_v1_recovered/teacher_qwen3_vl_8b_all_all_shard01-of-04.jsonl",
      "selected_rows": 179,
      "sha256": "5bcb3927cfca370cce87c95df969dde3f24c26cd901c9733b63bb17180717c65"
    },
    {
      "path": "outputs/teacher_core_contract_v1_recovered/teacher_qwen3_vl_8b_all_all_shard02-of-04.jsonl",
      "selected_rows": 174,
      "sha256": "0ae1afb49f1cf578282a62fafea38ffad93bc7d3220929469d31150e2f9c8711"
    },
    {
      "path": "outputs/teacher_core_contract_v1_recovered/teacher_qwen3_vl_8b_all_all_shard03-of-04.jsonl",
      "selected_rows": 187,
      "sha256": "4dc9b657f4ea35d7e74e352157f25aee5bd1b2c9c99e13d33755f8f65d55031f"
    }
  ],
  "test_used": false,
  "trajectory_path": "outputs/week8_ablations/no_relation_probe/frontier/trajectories_validation.jsonl",
  "trajectory_sha256": "76b76777bfbd2ba183cde591f099a95daec67d8ba8d6264e4754e9ffc7ccf988",
  "week8_config_sha256": "59748c18da7375db6140f05d6c5ec2670c6ce19eeb25b5931e94868ffe7d9cf6"
}
	Command being timed: "timeout --signal=TERM --kill-after=5m 1200s env CUDA_VISIBLE_DEVICES=1 python scripts/eval_week8_ablation.py --week8_config configs/experiments/week8_evaluation.yaml --ablation_id no_relation_probe --manifest_path outputs/week8_ablations/no_relation_probe/vectorized/vectorized_manifest.json --diagnostic_checkpoint outputs/week8_ablations/no_relation_probe/diagnostic_checkpoints/diag_deep_sets_standard_seed42.best.pt --policy_checkpoint outputs/week8_ablations/no_relation_probe/policy_checkpoints/policy_deep_sets_standard_lambda0_seed42.best.pt --aps_report outputs/week8_ablations/no_relation_probe/temporary_aps/temporary_aps_deep_sets_standard_seed42.json --freeze_manifest outputs/week8_ablations/no_relation_probe/freeze/week8_stack_freeze.json --teacher_path outputs/teacher_core_contract_v1_recovered --output_dir outputs/week8_ablations/no_relation_probe/frontier --budgets 1 2 3 4 7 --coverages 0.90 0.95 --seed 42 --device cuda:0 --resume"
	User time (seconds): 8.39
	System time (seconds): 5.54
	Percent of CPU this job got: 607%
	Elapsed (wall clock) time (h:mm:ss or m:ss): 0:02.29
	Average shared text size (kbytes): 0
	Average unshared data size (kbytes): 0
	Average stack size (kbytes): 0
	Average total size (kbytes): 0
	Maximum resident set size (kbytes): 530884
	Average resident set size (kbytes): 0
	Major (requiring I/O) page faults: 0
	Minor (reclaiming a frame) page faults: 87152
	Voluntary context switches: 240
	Involuntary context switches: 88612
	Swaps: 0
	File system inputs: 0
	File system outputs: 0
	Socket messages sent: 0
	Socket messages received: 0
	Signals delivered: 0
	Page size (bytes): 4096
	Exit status: 0
no_relation_probe validation frontier exit code: 0
===== no_signature_regression diagnostic training =====
Timeout 2700s; worker ceiling remaining 5399s
{
  "encoder": "deep_sets",
  "gru_condition": "standard",
  "seed": 42,
  "budgets": [
    1,
    2,
    4
  ],
  "config_approval": "APPROVED",
  "pilot": false,
  "manifest": "outputs/week5_data/vectorized_manifest.json",
  "output": "outputs/week8_ablations/no_signature_regression/diagnostic_checkpoints/diag_deep_sets_standard_seed42.best.pt"
}
2026-09-12 21:20:48,479 INFO [train_diag] epoch=0 train_total=0.846667 score=(0.8572637416221028, 0.5037937957474554)
2026-09-12 21:21:09,503 INFO [train_diag] epoch=1 train_total=0.775485 score=(0.8627959978245903, 0.4673405236605405)
2026-09-12 21:21:28,844 INFO [train_diag] epoch=2 train_total=0.761230 score=(0.8612216698889507, 0.49212190481374396)
2026-09-12 21:21:49,096 INFO [train_diag] epoch=3 train_total=0.753197 score=(0.8630859286339717, 0.5031336437590602)
2026-09-12 21:22:08,648 INFO [train_diag] epoch=4 train_total=0.744173 score=(0.8601962938560958, 0.4876154080521897)
2026-09-12 21:22:28,129 INFO [train_diag] epoch=5 train_total=0.737837 score=(0.8615849906296127, 0.5090281439427669)
2026-09-12 21:22:48,091 INFO [train_diag] epoch=6 train_total=0.733419 score=(0.861603455558494, 0.4985763396155898)
2026-09-12 21:23:07,797 INFO [train_diag] epoch=7 train_total=0.728102 score=(0.8632478186911502, 0.5046475289301796)
2026-09-12 21:23:29,532 INFO [train_diag] epoch=8 train_total=0.723977 score=(0.862643614648162, 0.5125336193087705)
2026-09-12 21:23:50,675 INFO [train_diag] epoch=9 train_total=0.722494 score=(0.8625599280346602, 0.5186334538152023)
2026-09-12 21:24:11,048 INFO [train_diag] epoch=10 train_total=0.716019 score=(0.8624516439207112, 0.4898040011408087)
2026-09-12 21:24:31,127 INFO [train_diag] epoch=11 train_total=0.712142 score=(0.8633451687421344, 0.505835590227994)
2026-09-12 21:24:51,750 INFO [train_diag] epoch=12 train_total=0.707560 score=(0.8641167429422446, 0.4967422091594526)
2026-09-12 21:25:10,689 INFO [train_diag] epoch=13 train_total=0.705030 score=(0.8625735734250305, 0.5074005099781401)
2026-09-12 21:25:30,439 INFO [train_diag] epoch=14 train_total=0.703647 score=(0.8636147317859103, 0.5032224439103298)
2026-09-12 21:25:50,700 INFO [train_diag] epoch=15 train_total=0.700094 score=(0.8628292972226611, 0.49964077249822125)
2026-09-12 21:26:10,173 INFO [train_diag] epoch=16 train_total=0.697379 score=(0.862721619856936, 0.5048043130663763)
2026-09-12 21:26:30,101 INFO [train_diag] epoch=17 train_total=0.693919 score=(0.8629232297888195, 0.5212644963711845)
/home/aman/miniconda3/envs/proactive-internvl/lib/python3.11/site-packages/sklearn/metrics/_classification.py:2939: UserWarning: y_pred contains classes not in y_true
  warnings.warn("y_pred contains classes not in y_true")
/home/aman/miniconda3/envs/proactive-internvl/lib/python3.11/site-packages/sklearn/metrics/_classification.py:2939: UserWarning: y_pred contains classes not in y_true
  warnings.warn("y_pred contains classes not in y_true")
{
  "format_version": "week5_validation_report_v1",
  "encoder_name": "deep_sets",
  "gru_condition": "standard",
  "seed": 42,
  "pilot": false,
  "scientifically_weighted": true,
  "train_rows": 436429,
  "validation_rows": 60483,
  "best_epoch": 12,
  "metrics": {
    "is_valid": true,
    "record_count": 60483,
    "source_bit_micro_f1": 0.8612813562833417,
    "source_bit_macro_f1": 0.8641167429422446,
    "source_bit_hamming_loss": 0.13284724633368053,
    "source_bit_auroc": {
      "visual": 0.9579129361163353,
      "language": 0.8833347120265581,
      "alignment": 0.9859190022131981
    },
    "six_way_macro_f1": 0.4967422091594526,
    "six_way_balanced_accuracy": 0.5848481971449767,
    "six_way_confusion_matrix": [
      [
        4354,
        361,
        431,
        182,
        1316,
        1411
      ],
      [
        449,
        8771,
        491,
        226,
        1296,
        5619
      ],
      [
        24,
        41,
        1324,
        118,
        365,
        16
      ],
      [
        2196,
        743,
        2892,
        18994,
        699,
        132
      ],
      [
        92,
        81,
        105,
        0,
        159,
        82
      ],
      [
        265,
        960,
        285,
        0,
        743,
        5260
      ]
    ],
    "six_way_labels": [
      "visual",
      "language-prior",
      "alignment",
      "mixed",
      "unclear",
      "no-failure"
    ],
    "signature_mse": 0.15914149171071193
  },
  "stratified_metrics": {
    "pooled": {
      "record_count": 60483,
      "source_bit_micro_f1": 0.8612813562833417,
      "source_bit_macro_f1": 0.8641167429422446,
      "source_bit_hamming_loss": 0.13284724633368053,
      "source_bit_auroc": {
        "visual": 0.9579129361163353,
        "language": 0.8833347120265581,
        "alignment": 0.9859190022131981
      },
      "six_way_macro_f1": 0.4967422091594526,
      "six_way_balanced_accuracy": 0.5848481971449767,
      "six_way_confusion_matrix": [
        [
          4354,
          361,
          431,
          182,
          1316,
          1411
        ],
        [
          449,
          8771,
          491,
          226,
          1296,
          5619
        ],
        [
          24,
          41,
          1324,
          118,
          365,
          16
        ],
        [
          2196,
          743,
          2892,
          18994,
          699,
          132
        ],
        [
          92,
          81,
          105,
          0,
          159,
          82
        ],
        [
          265,
          960,
          285,
          0,
          743,
          5260
        ]
      ],
      "six_way_labels": [
        "visual",
        "language-prior",
        "alignment",
        "mixed",
        "unclear",
        "no-failure"
      ],
      "signature_mse": 0.15914149171071193
    },
    "within_dataset": {
      "hallusionbench": {
        "record_count": 7831,
        "source_bit_micro_f1": 0.7542538929565845,
        "source_bit_macro_f1": 0.7309744559116234,
        "source_bit_hamming_loss": 0.20286893968416123,
        "source_bit_auroc": {
          "visual": 0.8355315674813921,
          "language": 0.8165736894455741,
          "alignment": 0.9147525181174878
        },
        "six_way_macro_f1": 0.3858343671099023,
        "six_way_balanced_accuracy": 0.44866489131502757,
        "six_way_confusion_matrix": [
          [
            651,
            98,
            32,
            8,
            270,
            190
          ],
          [
            197,
            1317,
            272,
            73,
            704,
            275
          ],
          [
            18,
            4,
            240,
            39,
            166,
            1
          ],
          [
            444,
            330,
            532,
            792,
            315,
            2
          ],
          [
            31,
            69,
            2,
            0,
            115,
            42
          ],
          [
            26,
            97,
            53,
            0,
            172,
            254
          ]
        ],
        "six_way_labels": [
          "visual",
          "language-prior",
          "alignment",
          "mixed",
          "unclear",
          "no-failure"
        ],
        "signature_mse": 0.1771368201804388
      },
      "pope": {
        "record_count": 23084,
        "source_bit_micro_f1": 0.8115230780556033,
        "source_bit_macro_f1": 0.8025137278942159,
        "source_bit_hamming_loss": 0.11091376422341594,
        "source_bit_auroc": {
          "visual": 0.9311754094326119,
          "language": 0.8752006084333549,
          "alignment": 0.991882385962604
        },
        "six_way_macro_f1": 0.4164537917545115,
        "six_way_balanced_accuracy": 0.5911777940791181,
        "six_way_confusion_matrix": [
          [
            2068,
            185,
            2,
            3,
            516,
            1091
          ],
          [
            139,
            6691,
            21,
            52,
            352,
            4883
          ],
          [
            0,
            0,
            0,
            0,
            0,
            0
          ],
          [
            281,
            174,
            95,
            637,
            126,
            46
          ],
          [
            0,
            0,
            0,
            0,
            0,
            0
          ],
          [
            108,
            739,
            13,
            0,
            229,
            4633
          ]
        ],
        "six_way_labels": [
          "visual",
          "language-prior",
          "alignment",
          "mixed",
          "unclear",
          "no-failure"
        ],
        "signature_mse": 0.15448121943967738
      },
      "vizwiz": {
        "record_count": 26963,
        "source_bit_micro_f1": 0.9073986695902375,
        "source_bit_macro_f1": 0.8598796753342869,
        "source_bit_hamming_loss": 0.12373746739358875,
        "source_bit_auroc": {
          "visual": 0.9540404527832484,
          "language": 0.8792863445769356,
          "alignment": 0.9646045111500794
        },
        "six_way_macro_f1": 0.43708242508086265,
        "six_way_balanced_accuracy": 0.5009821170758793,
        "six_way_confusion_matrix": [
          [
            1348,
            28,
            389,
            171,
            342,
            99
          ],
          [
            90,
            444,
            115,
            58,
            132,
            245
          ],
          [
            6,
            37,
            1084,
            79,
            199,
            15
          ],
          [
            1290,
            155,
            2230,
            17325,
            188,
            77
          ],
          [
            61,
            12,
            103,
            0,
            44,
            40
          ],
          [
            101,
            39,
            214,
            0,
            46,
            157
          ]
        ],
        "six_way_labels": [
          "visual",
          "language-prior",
          "alignment",
          "mixed",
          "unclear",
          "no-failure"
        ],
        "signature_mse": 0.15953572633526902
      },
      "vsr": {
        "record_count": 2605,
        "source_bit_micro_f1": 0.7020776874435412,
        "source_bit_macro_f1": 0.6719281778789719,
        "source_bit_hamming_loss": 0.2110044785668586,
        "source_bit_auroc": {
          "visual": 0.8811872817452703,
          "language": 0.8536262762032774,
          "alignment": 0.9060771138478496
        },
        "six_way_macro_f1": 0.3223465597624019,
        "six_way_balanced_accuracy": 0.410598527052851,
        "six_way_confusion_matrix": [
          [
            287,
            50,
            8,
            0,
            188,
            31
          ],
          [
            23,
            319,
            83,
            43,
            108,
            216
          ],
          [
            0,
            0,
            0,
            0,
            0,
            0
          ],
          [
            181,
            84,
            35,
            240,
            70,
            7
          ],
          [
            0,
            0,
            0,
            0,
            0,
            0
          ],
          [
            30,
            85,
            5,
            0,
            296,
            216
          ]
        ],
        "six_way_labels": [
          "visual",
          "language-prior",
          "alignment",
          "mixed",
          "unclear",
          "no-failure"
        ],
        "signature_mse": 0.14226109235416534
      }
    },
    "within_model": {
      "Qwen/Qwen3-VL-8B-Instruct": {
        "record_count": 30242,
        "source_bit_micro_f1": 0.8364822022321313,
        "source_bit_macro_f1": 0.8398070682880555,
        "source_bit_hamming_loss": 0.13984965720962017,
        "source_bit_auroc": {
          "visual": 0.9407216985051507,
          "language": 0.8913789769016982,
          "alignment": 0.9790202932670068
        },
        "six_way_macro_f1": 0.47759850961225897,
        "six_way_balanced_accuracy": 0.5397093494398811,
        "six_way_confusion_matrix": [
          [
            2233,
            163,
            245,
            121,
            671,
            789
          ],
          [
            246,
            4351,
            167,
            109,
            634,
            2984
          ],
          [
            16,
            40,
            1199,
            59,
            345,
            15
          ],
          [
            1557,
            400,
            2223,
            6205,
            403,
            76
          ],
          [
            78,
            71,
            103,
            0,
            100,
            81
          ],
          [
            213,
            611,
            179,
            0,
            462,
            3093
          ]
        ],
        "six_way_labels": [
          "visual",
          "language-prior",
          "alignment",
          "mixed",
          "unclear",
          "no-failure"
        ],
        "signature_mse": 0.14499981061072553
      },
      "google/gemma-4-E4B-it": {
        "record_count": 30241,
        "source_bit_micro_f1": 0.8812893163504029,
        "source_bit_macro_f1": 0.8837029357765296,
        "source_bit_hamming_loss": 0.1258446039041919,
        "source_bit_auroc": {
          "visual": 0.9711927802970844,
          "language": 0.8717988922378388,
          "alignment": 0.9914527864224668
        },
        "six_way_macro_f1": 0.48467975383071954,
        "six_way_balanced_accuracy": 0.6583463876450758,
        "six_way_confusion_matrix": [
          [
            2121,
            198,
            186,
            61,
            645,
            622
          ],
          [
            203,
            4420,
            324,
            117,
            662,
            2635
          ],
          [
            8,
            1,
            125,
            59,
            20,
            1
          ],
          [
            639,
            343,
            669,
            12789,
            296,
            56
          ],
          [
            14,
            10,
            2,
            0,
            59,
            1
          ],
          [
            52,
            349,
            106,
            0,
            281,
            2167
          ]
        ],
        "six_way_labels": [
          "visual",
          "language-prior",
          "alignment",
          "mixed",
          "unclear",
          "no-failure"
        ],
        "signature_mse": 0.1732836404434188
      }
    },
    "within_budget": {
      "1": {
        "record_count": 9844,
        "source_bit_micro_f1": 0.8192619072652718,
        "source_bit_macro_f1": 0.8245558483194589,
        "source_bit_hamming_loss": 0.17462413652986591,
        "source_bit_auroc": {
          "visual": 0.9332967601538013,
          "language": 0.796304490370848,
          "alignment": 0.9784983113955631
        },
        "six_way_macro_f1": 0.40174993890285476,
        "six_way_balanced_accuracy": 0.500898557833183,
        "six_way_confusion_matrix": [
          [
            482,
            87,
            112,
            26,
            312,
            291
          ],
          [
            108,
            812,
            103,
            32,
            299,
            1393
          ],
          [
            5,
            7,
            186,
            21,
            85,
            4
          ],
          [
            372,
            101,
            610,
            2865,
            189,
            35
          ],
          [
            16,
            10,
            19,
            0,
            28,
            11
          ],
          [
            49,
            119,
            52,
            0,
            125,
            878
          ]
        ],
        "six_way_labels": [
          "visual",
          "language-prior",
          "alignment",
          "mixed",
          "unclear",
          "no-failure"
        ],
        "signature_mse": 0.15595901104643423
      },
      "2": {
        "record_count": 17531,
        "source_bit_micro_f1": 0.8455194509819434,
        "source_bit_macro_f1": 0.8491480533563579,
        "source_bit_hamming_loss": 0.14851786359401442,
        "source_bit_auroc": {
          "visual": 0.9474048306278208,
          "language": 0.8564926435613511,
          "alignment": 0.9833267532108053
        },
        "six_way_macro_f1": 0.46036331631305244,
        "six_way_balanced_accuracy": 0.5533666639886105,
        "six_way_confusion_matrix": [
          [
            1095,
            125,
            146,
            53,
            445,
            468
          ],
          [
            148,
            2164,
            164,
            75,
            433,
            1903
          ],
          [
            8,
            12,
            367,
            37,
            119,
            5
          ],
          [
            660,
            222,
            952,
            5320,
            242,
            44
          ],
          [
            27,
            24,
            32,
            0,
            49,
            19
          ],
          [
            88,
            271,
            84,
            0,
            212,
            1518
          ]
        ],
        "six_way_labels": [
          "visual",
          "language-prior",
          "alignment",
          "mixed",
          "unclear",
          "no-failure"
        ],
        "signature_mse": 0.1586235086744407
      },
      "4": {
        "record_count": 33108,
        "source_bit_micro_f1": 0.8823635038500945,
        "source_bit_macro_f1": 0.8841880612612464,
        "source_bit_hamming_loss": 0.11212798517981555,
        "source_bit_auroc": {
          "visual": 0.9688515408001324,
          "language": 0.9165023357272613,
          "alignment": 0.9889898065917642
        },
        "six_way_macro_f1": 0.5438310308231967,
        "six_way_balanced_accuracy": 0.6265114271231004,
        "six_way_confusion_matrix": [
          [
            2777,
            149,
            173,
            103,
            559,
            652
          ],
          [
            193,
            5795,
            224,
            119,
            564,
            2323
          ],
          [
            11,
            22,
            771,
            60,
            161,
            7
          ],
          [
            1164,
            420,
            1330,
            10809,
            268,
            53
          ],
          [
            49,
            47,
            54,
            0,
            82,
            52
          ],
          [
            128,
            570,
            149,
            0,
            406,
            2864
          ]
        ],
        "six_way_labels": [
          "visual",
          "language-prior",
          "alignment",
          "mixed",
          "unclear",
          "no-failure"
        ],
        "signature_mse": 0.16036201545929293
      }
    }
  },
  "config_sha256": "58262427a826d57bc490099d38663e68309e9a6d3bba9d13b4c2f75f1e181ac6",
  "source_manifest_sha256": "1fac2c343e57ca8b6702c4e6a282a7b86a48042a6d133ba84612b5b1c50201ae",
  "checkpoint_path": "outputs/week8_ablations/no_signature_regression/diagnostic_checkpoints/diag_deep_sets_standard_seed42.best.pt",
  "checkpoint_sha256": "4b7988e218fe75bdbdee321819cb694e10eb2158a26ae9b09bba184284bcc49a",
  "report_sha256": "3ada39762bc57dd503277d87b746df39e3f7c224ac3a60378f7afe02283f82c4"
}
	Command being timed: "timeout --signal=TERM --kill-after=5m 2700s env CUDA_VISIBLE_DEVICES=1 python scripts/train_diag.py --config outputs/week8_data/ablation_configs/no_signature_regression_diag.yaml --manifest_path outputs/week5_data/vectorized_manifest.json --encoder deep_sets --seed 42 --device cuda:0 --output_dir outputs/week8_ablations/no_signature_regression/diagnostic_checkpoints --resume"
	User time (seconds): 869.84
	System time (seconds): 120.72
	Percent of CPU this job got: 268%
	Elapsed (wall clock) time (h:mm:ss or m:ss): 6:09.20
	Average shared text size (kbytes): 0
	Average unshared data size (kbytes): 0
	Average stack size (kbytes): 0
	Average total size (kbytes): 0
	Maximum resident set size (kbytes): 1735508
	Average resident set size (kbytes): 0
	Major (requiring I/O) page faults: 0
	Minor (reclaiming a frame) page faults: 5736232
	Voluntary context switches: 6591084
	Involuntary context switches: 94305
	Swaps: 0
	File system inputs: 0
	File system outputs: 76264
	Socket messages sent: 0
	Socket messages received: 0
	Signals delivered: 0
	Page size (bytes): 4096
	Exit status: 0
no_signature_regression diagnostic training exit code: 0
===== no_signature_regression diagnostic freeze =====
Timeout 600s; worker ceiling remaining 5030s
{
  "artifacts": {
    "diagnostic_checkpoint": {
      "path": "outputs/week8_ablations/no_signature_regression/diagnostic_checkpoints/diag_deep_sets_standard_seed42.best.pt",
      "sha256": "4b7988e218fe75bdbdee321819cb694e10eb2158a26ae9b09bba184284bcc49a"
    },
    "diagnostic_config": {
      "path": "outputs/week8_data/ablation_configs/no_signature_regression_diag.yaml",
      "sha256": "58262427a826d57bc490099d38663e68309e9a6d3bba9d13b4c2f75f1e181ac6"
    },
    "policy_config": {
      "path": "outputs/week8_data/ablation_configs/no_signature_regression_policy.yaml",
      "sha256": "727feb86a929eda47a5f6009c3872b659bacd931cab2e8ec5e81e33e76a6a78f"
    },
    "selection_report": {
      "path": "outputs/week8_ablations/no_signature_regression/freeze/predeclared_selection.json",
      "sha256": "6ca97b8a0bb3c2993b7df43e676923ae970d97c632d088a552962d42dc93a66a"
    },
    "vector_manifest": {
      "path": "outputs/week5_data/vectorized_manifest.json",
      "sha256": "1fac2c343e57ca8b6702c4e6a282a7b86a48042a6d133ba84612b5b1c50201ae"
    },
    "week8_config": {
      "path": "configs/experiments/week8_evaluation.yaml",
      "sha256": "59748c18da7375db6140f05d6c5ec2670c6ce19eeb25b5931e94868ffe7d9cf6"
    }
  },
  "format_version": "proactive_stack_freeze_v1",
  "freeze_sha256": "96bb56ddea38dabe879b71b955f41f9f6930a0243b4af38dd322188b7aaeda3e",
  "owner_approved": true,
  "status": "FROZEN"
}

	Command being timed: "timeout --signal=TERM --kill-after=5m 600s python scripts/freeze_week8_diagnostic.py --week8_config configs/experiments/week8_evaluation.yaml --ablation_id no_signature_regression --diag_config outputs/week8_data/ablation_configs/no_signature_regression_diag.yaml --policy_config outputs/week8_data/ablation_configs/no_signature_regression_policy.yaml --vector_manifest outputs/week5_data/vectorized_manifest.json --diagnostic_checkpoint outputs/week8_ablations/no_signature_regression/diagnostic_checkpoints/diag_deep_sets_standard_seed42.best.pt --output_dir outputs/week8_ablations/no_signature_regression/freeze --approve_freeze --overwrite"
	User time (seconds): 1.81
	System time (seconds): 5.29
	Percent of CPU this job got: 530%
	Elapsed (wall clock) time (h:mm:ss or m:ss): 0:01.33
	Average shared text size (kbytes): 0
	Average unshared data size (kbytes): 0
	Average stack size (kbytes): 0
	Average total size (kbytes): 0
	Maximum resident set size (kbytes): 429728
	Average resident set size (kbytes): 0
	Major (requiring I/O) page faults: 0
	Minor (reclaiming a frame) page faults: 62213
	Voluntary context switches: 169
	Involuntary context switches: 137799
	Swaps: 0
	File system inputs: 0
	File system outputs: 16
	Socket messages sent: 0
	Socket messages received: 0
	Signals delivered: 0
	Page size (bytes): 4096
	Exit status: 0
no_signature_regression diagnostic freeze exit code: 0
===== no_signature_regression temporary validation APS =====
Timeout 900s; worker ceiling remaining 5028s
{
  "format_version": "temporary_validation_aps_v1",
  "status": "TEMPORARY_NOT_FINAL_CALIBRATION",
  "fit_split": "val",
  "calibration_split_used": false,
  "test_split_used": false,
  "config_sha256": "58262427a826d57bc490099d38663e68309e9a6d3bba9d13b4c2f75f1e181ac6",
  "checkpoint_path": "outputs/week8_ablations/no_signature_regression/diagnostic_checkpoints/diag_deep_sets_standard_seed42.best.pt",
  "checkpoint_sha256": "4b7988e218fe75bdbdee321819cb694e10eb2158a26ae9b09bba184284bcc49a",
  "source_manifest_sha256": "1fac2c343e57ca8b6702c4e6a282a7b86a48042a6d133ba84612b5b1c50201ae",
  "budgets": [
    1,
    2,
    3,
    4,
    7
  ],
  "coverages": [
    0.9,
    0.95
  ],
  "limit": null,
  "thresholds": {
    "1": {
      "0.9": {
        "alpha": 0.09999999999999998,
        "target_coverage": 0.9,
        "threshold": 0.9999982118606567,
        "calibration_count": 9844,
        "validation_metrics": {
          "coverage": 0.9003453880536367,
          "average_set_size": 3.6395774075579035,
          "singleton_rate": 0.1436407964242178,
          "empty_set_rate": 0.0674522551808208
        }
      },
      "0.95": {
        "alpha": 0.050000000000000044,
        "target_coverage": 0.95,
        "threshold": 0.9999998807907104,
        "calibration_count": 9844,
        "validation_metrics": {
          "coverage": 0.964546932141406,
          "average_set_size": 4.00568874441284,
          "singleton_rate": 0.12271434376269809,
          "empty_set_rate": 0.011682242990654205
        }
      }
    },
    "2": {
      "0.9": {
        "alpha": 0.09999999999999998,
        "target_coverage": 0.9,
        "threshold": 0.9999992847442627,
        "calibration_count": 17531,
        "validation_metrics": {
          "coverage": 0.9022303348354344,
          "average_set_size": 3.515657977297359,
          "singleton_rate": 0.15737835833666078,
          "empty_set_rate": 0.06930580115224459
        }
      },
      "0.95": {
        "alpha": 0.050000000000000044,
        "target_coverage": 0.95,
        "threshold": 0.9999998807907104,
        "calibration_count": 17531,
        "validation_metrics": {
          "coverage": 0.9547088015515373,
          "average_set_size": 3.7936227254577606,
          "singleton_rate": 0.14996292282242885,
          "empty_set_rate": 0.02378643545719012
        }
      }
    },
    "3": {
      "0.9": {
        "alpha": 0.09999999999999998,
        "target_coverage": 0.9,
        "threshold": 0.9999995231628418,
        "calibration_count": 25419,
        "validation_metrics": {
          "coverage": 0.9021991423738148,
          "average_set_size": 3.4131161729415003,
          "singleton_rate": 0.1745938077815807,
          "empty_set_rate": 0.07148196231165664
        }
      },
      "0.95": {
        "alpha": 0.050000000000000044,
        "target_coverage": 0.95,
        "threshold": 0.9999999701976776,
        "calibration_count": 25419,
        "validation_metrics": {
          "coverage": 0.9515323183445454,
          "average_set_size": 4.276368071127896,
          "singleton_rate": 0.09048349659703371,
          "empty_set_rate": 0.0354459262756206
        }
      }
    },
    "4": {
      "0.9": {
        "alpha": 0.09999999999999998,
        "target_coverage": 0.9,
        "threshold": 0.9999996423721313,
        "calibration_count": 33108,
        "validation_metrics": {
          "coverage": 0.9051890781684185,
          "average_set_size": 3.320134106560348,
          "singleton_rate": 0.19436389996375497,
          "empty_set_rate": 0.07052676090370907
        }
      },
      "0.95": {
        "alpha": 0.050000000000000044,
        "target_coverage": 0.95,
        "threshold": 1.0,
        "calibration_count": 33108,
        "validation_metrics": {
          "coverage": 0.9938081430469977,
          "average_set_size": 4.711248036728283,
          "singleton_rate": 0.11039627884499215,
          "empty_set_rate": 0.0
        }
      }
    },
    "7": {
      "0.9": {
        "alpha": 0.09999999999999998,
        "target_coverage": 0.9,
        "threshold": 0.9999996423721313,
        "calibration_count": 37368,
        "validation_metrics": {
          "coverage": 0.9035538428602012,
          "average_set_size": 3.229287090558767,
          "singleton_rate": 0.20482766002997216,
          "empty_set_rate": 0.07303040034253908
        }
      },
      "0.95": {
        "alpha": 0.050000000000000044,
        "target_coverage": 0.95,
        "threshold": 1.0,
        "calibration_count": 37368,
        "validation_metrics": {
          "coverage": 0.9939252836651681,
          "average_set_size": 4.673838578462856,
          "singleton_rate": 0.11911260971954614,
          "empty_set_rate": 0.0
        }
      }
    }
  },
  "report_sha256": "543fdaad0ae3347d54bbadc3de97d9ebd04016402d96dbdc2c4f9b6f361d2ccd"
}
	Command being timed: "timeout --signal=TERM --kill-after=5m 900s env CUDA_VISIBLE_DEVICES=1 python scripts/fit_temporary_aps.py --config outputs/week8_data/ablation_configs/no_signature_regression_diag.yaml --manifest_path outputs/week5_data/vectorized_manifest.json --checkpoint outputs/week8_ablations/no_signature_regression/diagnostic_checkpoints/diag_deep_sets_standard_seed42.best.pt --output_dir outputs/week8_ablations/no_signature_regression/temporary_aps --seed 42 --device cuda:0 --resume"
	User time (seconds): 18.87
	System time (seconds): 6.03
	Percent of CPU this job got: 193%
	Elapsed (wall clock) time (h:mm:ss or m:ss): 0:12.83
	Average shared text size (kbytes): 0
	Average unshared data size (kbytes): 0
	Average stack size (kbytes): 0
	Average total size (kbytes): 0
	Maximum resident set size (kbytes): 1124652
	Average resident set size (kbytes): 0
	Major (requiring I/O) page faults: 0
	Minor (reclaiming a frame) page faults: 215441
	Voluntary context switches: 593
	Involuntary context switches: 71496
	Swaps: 0
	File system inputs: 0
	File system outputs: 16
	Socket messages sent: 0
	Socket messages received: 0
	Signals delivered: 0
	Page size (bytes): 4096
	Exit status: 0
no_signature_regression temporary validation APS exit code: 0
===== no_signature_regression VOI targets =====
Timeout 2700s; worker ceiling remaining 5015s
2026-09-12 21:28:08,469 INFO [build_voi_targets] Processed 62636 target rows from outputs/states_v1/states_gemma4_e4b_all_all_shard00-of-04.jsonl
2026-09-12 21:29:20,806 INFO [build_voi_targets] Processed 60031 target rows from outputs/states_v1/states_gemma4_e4b_all_all_shard01-of-04.jsonl
2026-09-12 21:30:36,795 INFO [build_voi_targets] Processed 61965 target rows from outputs/states_v1/states_gemma4_e4b_all_all_shard02-of-04.jsonl
2026-09-12 21:31:52,801 INFO [build_voi_targets] Processed 63783 target rows from outputs/states_v1/states_gemma4_e4b_all_all_shard03-of-04.jsonl
2026-09-12 21:33:10,785 INFO [build_voi_targets] Processed 63161 target rows from outputs/states_v1/states_qwen3_vl_8b_all_all_shard00-of-04.jsonl
2026-09-12 21:34:25,045 INFO [build_voi_targets] Processed 62611 target rows from outputs/states_v1/states_qwen3_vl_8b_all_all_shard01-of-04.jsonl
2026-09-12 21:35:39,423 INFO [build_voi_targets] Processed 61319 target rows from outputs/states_v1/states_qwen3_vl_8b_all_all_shard02-of-04.jsonl
2026-09-12 21:36:53,734 INFO [build_voi_targets] Processed 61406 target rows from outputs/states_v1/states_qwen3_vl_8b_all_all_shard03-of-04.jsonl
{
  "format_version": "week6_voi_manifest_v1",
  "config_sha256": "727feb86a929eda47a5f6009c3872b659bacd931cab2e8ec5e81e33e76a6a78f",
  "vector_manifest_sha256": "1fac2c343e57ca8b6702c4e6a282a7b86a48042a6d133ba84612b5b1c50201ae",
  "state_manifest_sha256": "cf0172e7377ff41df4d5d18bbed8bb713aaef5482a3e24a0fd28ec85a542f1a4",
  "freeze_manifest_sha256": "a697c1ab4d34001087186216d7ca3e464b0ca9865055a7d043d2f3b797783b10",
  "checkpoint_sha256": "4b7988e218fe75bdbdee321819cb694e10eb2158a26ae9b09bba184284bcc49a",
  "temporary_aps_sha256": "d19c2e9b5094f2264ae5ae59201c77a7b979b74d27558857ff11e23bfbc310cb",
  "ablation_id": null,
  "limit": null,
  "status": "COMPLETE",
  "fit_splits": [
    "train",
    "val"
  ],
  "calibration_used": false,
  "test_used": false,
  "budgets": [
    1,
    2,
    4
  ],
  "eta_loss": 0.25,
  "cost_multipliers": [
    0.0
  ],
  "target_coverage": 0.9,
  "row_count": 496912,
  "split_counts": {
    "train": 436429,
    "val": 60483
  },
  "sign_counts": {
    "0": {
      "zero": 496912,
      "positive": 1023060,
      "negative": 329919
    }
  },
  "best_action_counts": {
    "0": {
      "blank": 133107,
      "stop": 201173,
      "grounding": 41819,
      "blur": 55303,
      "crop": 34408,
      "brightness": 18567,
      "noise": 11713,
      "relation": 822
    }
  },
  "files": [
    {
      "path": "states_gemma4_e4b_all_all_shard00-of-04__train.jsonl",
      "split": "train",
      "row_count": 55084,
      "sha256": "d636b24a40970c957e1f0b21025fa11db8d7c50417051b31519caa4dbefd05ce",
      "source_state_path": "outputs/states_v1/states_gemma4_e4b_all_all_shard00-of-04.jsonl",
      "source_state_sha256": "850469e36436d128523c2fa3d876cbea336ea1ce33408808946ccbc726a458fa",
      "source_teacher_path": "outputs/teacher_core_contract_v1_recovered/teacher_gemma4_e4b_all_all_shard00-of-04.jsonl",
      "source_teacher_sha256": "46593391081546c310991894934b1436ecfcf1f07956104d59e9e8f4495e1948"
    },
    {
      "path": "states_gemma4_e4b_all_all_shard00-of-04__val.jsonl",
      "split": "val",
      "row_count": 7552,
      "sha256": "ed01601f3e8e7a104a903ab1b846f2a7cb62b1b205ccfcde6f004171e06e741e",
      "source_state_path": "outputs/states_v1/states_gemma4_e4b_all_all_shard00-of-04.jsonl",
      "source_state_sha256": "850469e36436d128523c2fa3d876cbea336ea1ce33408808946ccbc726a458fa",
      "source_teacher_path": "outputs/teacher_core_contract_v1_recovered/teacher_gemma4_e4b_all_all_shard00-of-04.jsonl",
      "source_teacher_sha256": "46593391081546c310991894934b1436ecfcf1f07956104d59e9e8f4495e1948"
    },
    {
      "path": "states_gemma4_e4b_all_all_shard01-of-04__train.jsonl",
      "split": "train",
      "row_count": 52258,
      "sha256": "fdb9075a0c62111b6e26e462c83198f656d14daa9d60b3b6e828930efa91c338",
      "source_state_path": "outputs/states_v1/states_gemma4_e4b_all_all_shard01-of-04.jsonl",
      "source_state_sha256": "6756594128f0dc3b056852c3b904aecff933a3ac3f85276227b97625d12cc7fb",
      "source_teacher_path": "outputs/teacher_core_contract_v1_recovered/teacher_gemma4_e4b_all_all_shard01-of-04.jsonl",
      "source_teacher_sha256": "3c7d3ca72753bd49d8f344dd9e468877e75567132de20a81ce20467d52e096a9"
    },
    {
      "path": "states_gemma4_e4b_all_all_shard01-of-04__val.jsonl",
      "split": "val",
      "row_count": 7773,
      "sha256": "7bbb857ee1fc353d614eac24cbc5674a7554ace79fe65dd208ee1bdc0c6c362d",
      "source_state_path": "outputs/states_v1/states_gemma4_e4b_all_all_shard01-of-04.jsonl",
      "source_state_sha256": "6756594128f0dc3b056852c3b904aecff933a3ac3f85276227b97625d12cc7fb",
      "source_teacher_path": "outputs/teacher_core_contract_v1_recovered/teacher_gemma4_e4b_all_all_shard01-of-04.jsonl",
      "source_teacher_sha256": "3c7d3ca72753bd49d8f344dd9e468877e75567132de20a81ce20467d52e096a9"
    },
    {
      "path": "states_gemma4_e4b_all_all_shard02-of-04__train.jsonl",
      "split": "train",
      "row_count": 54938,
      "sha256": "f2e8104090f0d76148852eb1b15d13c0ef8a0b2f79a5e87ff5ca83339eaed104",
      "source_state_path": "outputs/states_v1/states_gemma4_e4b_all_all_shard02-of-04.jsonl",
      "source_state_sha256": "1b4cfc03de358f299d1356fe5731a4146ff389d453cf6d726c8c084a9568d90d",
      "source_teacher_path": "outputs/teacher_core_contract_v1_recovered/teacher_gemma4_e4b_all_all_shard02-of-04.jsonl",
      "source_teacher_sha256": "bff419cdd17e66ccd9eea1a83e248d5f58e16143d662ebd3ba33625b953018ec"
    },
    {
      "path": "states_gemma4_e4b_all_all_shard02-of-04__val.jsonl",
      "split": "val",
      "row_count": 7027,
      "sha256": "09b4e6cedc27812ac03b7c05326d42272545475dec4715733eb3e188474f3bc6",
      "source_state_path": "outputs/states_v1/states_gemma4_e4b_all_all_shard02-of-04.jsonl",
      "source_state_sha256": "1b4cfc03de358f299d1356fe5731a4146ff389d453cf6d726c8c084a9568d90d",
      "source_teacher_path": "outputs/teacher_core_contract_v1_recovered/teacher_gemma4_e4b_all_all_shard02-of-04.jsonl",
      "source_teacher_sha256": "bff419cdd17e66ccd9eea1a83e248d5f58e16143d662ebd3ba33625b953018ec"
    },
    {
      "path": "states_gemma4_e4b_all_all_shard03-of-04__train.jsonl",
      "split": "train",
      "row_count": 55894,
      "sha256": "8be77a165150b7c54dde5268083ce0d999b69f612b7788c2acb2fb651f482a48",
      "source_state_path": "outputs/states_v1/states_gemma4_e4b_all_all_shard03-of-04.jsonl",
      "source_state_sha256": "fdfe59204e8bb5797b03713d7ebe69fdd436471b87c697565035953d4d8e0edf",
      "source_teacher_path": "outputs/teacher_core_contract_v1_recovered/teacher_gemma4_e4b_all_all_shard03-of-04.jsonl",
      "source_teacher_sha256": "9538751d71a3f8a133be26c2de6d4a4b505b3c780a20ee10a15cd24cd0d8a84e"
    },
    {
      "path": "states_gemma4_e4b_all_all_shard03-of-04__val.jsonl",
      "split": "val",
      "row_count": 7889,
      "sha256": "d8f6717060006b1f45a9b9f83bc9191b839bedc413080be49064d2d58a21f9db",
      "source_state_path": "outputs/states_v1/states_gemma4_e4b_all_all_shard03-of-04.jsonl",
      "source_state_sha256": "fdfe59204e8bb5797b03713d7ebe69fdd436471b87c697565035953d4d8e0edf",
      "source_teacher_path": "outputs/teacher_core_contract_v1_recovered/teacher_gemma4_e4b_all_all_shard03-of-04.jsonl",
      "source_teacher_sha256": "9538751d71a3f8a133be26c2de6d4a4b505b3c780a20ee10a15cd24cd0d8a84e"
    },
    {
      "path": "states_qwen3_vl_8b_all_all_shard00-of-04__train.jsonl",
      "split": "train",
      "row_count": 56194,
      "sha256": "251699e7a48ed832a27635941c87f0bd0499b1f79460a75ce95c5d28bb294343",
      "source_state_path": "outputs/states_v1/states_qwen3_vl_8b_all_all_shard00-of-04.jsonl",
      "source_state_sha256": "c24221c1c55402e59d736456dc46a215921c095aab5fb7b54d39d116254cefed",
      "source_teacher_path": "outputs/teacher_core_contract_v1_recovered/teacher_qwen3_vl_8b_all_all_shard00-of-04.jsonl",
      "source_teacher_sha256": "53cc79788e76a9ddcf8df20812e5ca0ca7aa918dad85d249107f3b46003c5be4"
    },
    {
      "path": "states_qwen3_vl_8b_all_all_shard00-of-04__val.jsonl",
      "split": "val",
      "row_count": 6967,
      "sha256": "1a908a585a30d6da72c68428a892a409bbf28498423aed7cc5827eebc37a3b33",
      "source_state_path": "outputs/states_v1/states_qwen3_vl_8b_all_all_shard00-of-04.jsonl",
      "source_state_sha256": "c24221c1c55402e59d736456dc46a215921c095aab5fb7b54d39d116254cefed",
      "source_teacher_path": "outputs/teacher_core_contract_v1_recovered/teacher_qwen3_vl_8b_all_all_shard00-of-04.jsonl",
      "source_teacher_sha256": "53cc79788e76a9ddcf8df20812e5ca0ca7aa918dad85d249107f3b46003c5be4"
    },
    {
      "path": "states_qwen3_vl_8b_all_all_shard01-of-04__train.jsonl",
      "split": "train",
      "row_count": 54923,
      "sha256": "a7444c60991a9386486e818f18fc3a05df25ec405ddf550da557ddec5279444e",
      "source_state_path": "outputs/states_v1/states_qwen3_vl_8b_all_all_shard01-of-04.jsonl",
      "source_state_sha256": "fa112c4a9dfb642454d2d1f9f210f914ae375ff4e1d2cd68ce14286fc7e8d35a",
      "source_teacher_path": "outputs/teacher_core_contract_v1_recovered/teacher_qwen3_vl_8b_all_all_shard01-of-04.jsonl",
      "source_teacher_sha256": "5bcb3927cfca370cce87c95df969dde3f24c26cd901c9733b63bb17180717c65"
    },
    {
      "path": "states_qwen3_vl_8b_all_all_shard01-of-04__val.jsonl",
      "split": "val",
      "row_count": 7688,
      "sha256": "ade025671a5a110354624282c0d245730718a52ed1d0275227a9d3b42ca86e5b",
      "source_state_path": "outputs/states_v1/states_qwen3_vl_8b_all_all_shard01-of-04.jsonl",
      "source_state_sha256": "fa112c4a9dfb642454d2d1f9f210f914ae375ff4e1d2cd68ce14286fc7e8d35a",
      "source_teacher_path": "outputs/teacher_core_contract_v1_recovered/teacher_qwen3_vl_8b_all_all_shard01-of-04.jsonl",
      "source_teacher_sha256": "5bcb3927cfca370cce87c95df969dde3f24c26cd901c9733b63bb17180717c65"
    },
    {
      "path": "states_qwen3_vl_8b_all_all_shard02-of-04__train.jsonl",
      "split": "train",
      "row_count": 53815,
      "sha256": "42316c47eab27016dc45e12f4861626601f9cb3602903e3aa3eee00b449ea0b4",
      "source_state_path": "outputs/states_v1/states_qwen3_vl_8b_all_all_shard02-of-04.jsonl",
      "source_state_sha256": "a282447d4b679ad0a4a3d3b95065ad9265e1922a77e78c3c9b9b00f418e78de6",
      "source_teacher_path": "outputs/teacher_core_contract_v1_recovered/teacher_qwen3_vl_8b_all_all_shard02-of-04.jsonl",
      "source_teacher_sha256": "0ae1afb49f1cf578282a62fafea38ffad93bc7d3220929469d31150e2f9c8711"
    },
    {
      "path": "states_qwen3_vl_8b_all_all_shard02-of-04__val.jsonl",
      "split": "val",
      "row_count": 7504,
      "sha256": "19733f6f78b084211852f7cada829b66178accf09619bcac5522f70d96da7326",
      "source_state_path": "outputs/states_v1/states_qwen3_vl_8b_all_all_shard02-of-04.jsonl",
      "source_state_sha256": "a282447d4b679ad0a4a3d3b95065ad9265e1922a77e78c3c9b9b00f418e78de6",
      "source_teacher_path": "outputs/teacher_core_contract_v1_recovered/teacher_qwen3_vl_8b_all_all_shard02-of-04.jsonl",
      "source_teacher_sha256": "0ae1afb49f1cf578282a62fafea38ffad93bc7d3220929469d31150e2f9c8711"
    },
    {
      "path": "states_qwen3_vl_8b_all_all_shard03-of-04__train.jsonl",
      "split": "train",
      "row_count": 53323,
      "sha256": "4239f7351596c7954e8b5a3634a29ed5bd00250a352f767aacc2e57428ba937f",
      "source_state_path": "outputs/states_v1/states_qwen3_vl_8b_all_all_shard03-of-04.jsonl",
      "source_state_sha256": "fb3947cceb2cbb9a3276546d3ec70b28c9e510d7f50df9eff09bc1f6dd6b0b8f",
      "source_teacher_path": "outputs/teacher_core_contract_v1_recovered/teacher_qwen3_vl_8b_all_all_shard03-of-04.jsonl",
      "source_teacher_sha256": "4dc9b657f4ea35d7e74e352157f25aee5bd1b2c9c99e13d33755f8f65d55031f"
    },
    {
      "path": "states_qwen3_vl_8b_all_all_shard03-of-04__val.jsonl",
      "split": "val",
      "row_count": 8083,
      "sha256": "e2bbd04a5e13c88e2cd8cd0460f4a4b58f27e31e2a0cf499dcc7a30e355f39eb",
      "source_state_path": "outputs/states_v1/states_qwen3_vl_8b_all_all_shard03-of-04.jsonl",
      "source_state_sha256": "fb3947cceb2cbb9a3276546d3ec70b28c9e510d7f50df9eff09bc1f6dd6b0b8f",
      "source_teacher_path": "outputs/teacher_core_contract_v1_recovered/teacher_qwen3_vl_8b_all_all_shard03-of-04.jsonl",
      "source_teacher_sha256": "4dc9b657f4ea35d7e74e352157f25aee5bd1b2c9c99e13d33755f8f65d55031f"
    }
  ],
  "manifest_sha256": "a7783fce1be1127a5cbde3e8875d2211beb1493ab6d6c3681a2ea71ccd808ad2"
}
	Command being timed: "timeout --signal=TERM --kill-after=5m 2700s env CUDA_VISIBLE_DEVICES=1 python scripts/build_voi_targets.py --config outputs/week8_data/ablation_configs/no_signature_regression_policy.yaml --manifest_path outputs/week5_data/vectorized_manifest.json --state_manifest outputs/week4_reports/final/state_manifest.json --checkpoint outputs/week8_ablations/no_signature_regression/diagnostic_checkpoints/diag_deep_sets_standard_seed42.best.pt --freeze_manifest outputs/week8_ablations/no_signature_regression/freeze/week8_diagnostic_freeze.json --temporary_aps outputs/week8_ablations/no_signature_regression/temporary_aps/temporary_aps_deep_sets_standard_seed42.json --teacher_path outputs/teacher_core_contract_v1_recovered --output_dir outputs/week8_ablations/no_signature_regression/voi --seed 42 --inference_batch_size 512 --device cuda:0 --resume"
	User time (seconds): 598.67
	System time (seconds): 13.19
	Percent of CPU this job got: 100%
	Elapsed (wall clock) time (h:mm:ss or m:ss): 10:06.21
	Average shared text size (kbytes): 0
	Average unshared data size (kbytes): 0
	Average stack size (kbytes): 0
	Average total size (kbytes): 0
	Maximum resident set size (kbytes): 3640444
	Average resident set size (kbytes): 0
	Major (requiring I/O) page faults: 0
	Minor (reclaiming a frame) page faults: 1446805
	Voluntary context switches: 6580
	Involuntary context switches: 99697
	Swaps: 0
	File system inputs: 0
	File system outputs: 1857984
	Socket messages sent: 0
	Socket messages received: 0
	Signals delivered: 0
	Page size (bytes): 4096
	Exit status: 0
no_signature_regression VOI targets exit code: 0
===== no_signature_regression policy training =====
Timeout 2700s; worker ceiling remaining 4409s
2026-09-12 21:39:34,573 INFO [train_policy] epoch=0 val_loss=0.569423 oracle_agreement=0.7880
2026-09-12 21:40:42,628 INFO [train_policy] epoch=1 val_loss=0.564921 oracle_agreement=0.7866
2026-09-12 21:41:51,302 INFO [train_policy] epoch=2 val_loss=0.563625 oracle_agreement=0.7877
2026-09-12 21:42:59,935 INFO [train_policy] epoch=3 val_loss=0.561740 oracle_agreement=0.7889
2026-09-12 21:44:08,394 INFO [train_policy] epoch=4 val_loss=0.560974 oracle_agreement=0.7889
2026-09-12 21:45:14,569 INFO [train_policy] epoch=5 val_loss=0.558209 oracle_agreement=0.7898
2026-09-12 21:46:23,615 INFO [train_policy] epoch=6 val_loss=0.558168 oracle_agreement=0.7914
2026-09-12 21:47:30,478 INFO [train_policy] epoch=7 val_loss=0.558087 oracle_agreement=0.7895
2026-09-12 21:48:38,182 INFO [train_policy] epoch=8 val_loss=0.559076 oracle_agreement=0.7907
2026-09-12 21:49:38,941 INFO [train_policy] epoch=9 val_loss=0.556212 oracle_agreement=0.7924
2026-09-12 21:50:46,106 INFO [train_policy] epoch=10 val_loss=0.556137 oracle_agreement=0.7905
2026-09-12 21:51:53,901 INFO [train_policy] epoch=11 val_loss=0.556004 oracle_agreement=0.7932
2026-09-12 21:53:00,297 INFO [train_policy] epoch=12 val_loss=0.555148 oracle_agreement=0.7917
2026-09-12 21:54:09,091 INFO [train_policy] epoch=13 val_loss=0.555905 oracle_agreement=0.7917
2026-09-12 21:55:13,555 INFO [train_policy] epoch=14 val_loss=0.555601 oracle_agreement=0.7911
2026-09-12 21:56:20,901 INFO [train_policy] epoch=15 val_loss=0.555878 oracle_agreement=0.7895
2026-09-12 21:57:30,062 INFO [train_policy] epoch=16 val_loss=0.554485 oracle_agreement=0.7930
2026-09-12 21:58:37,650 INFO [train_policy] epoch=17 val_loss=0.556253 oracle_agreement=0.7910
2026-09-12 21:59:46,285 INFO [train_policy] epoch=18 val_loss=0.555475 oracle_agreement=0.7941
2026-09-12 22:00:56,074 INFO [train_policy] epoch=19 val_loss=0.555661 oracle_agreement=0.7933
2026-09-12 22:02:02,891 INFO [train_policy] epoch=20 val_loss=0.555763 oracle_agreement=0.7931
2026-09-12 22:03:04,094 INFO [train_policy] epoch=21 val_loss=0.554880 oracle_agreement=0.7925
{
  "encoder": "deep_sets",
  "gru_condition": "standard",
  "cost_multiplier": 0.0,
  "target_kind": "voi",
  "limit": null,
  "seed": 42,
  "pilot": false,
  "config_approval": "APPROVED",
  "output": "outputs/week8_ablations/no_signature_regression/policy_checkpoints/policy_deep_sets_standard_lambda0_seed42.best.pt"
}
{
  "format_version": "week6_policy_validation_v1",
  "is_valid": true,
  "fit_split": "train",
  "selection_split": "val",
  "calibration_used": false,
  "test_used": false,
  "encoder_name": "deep_sets",
  "gru_condition": "standard",
  "seed": 42,
  "cost_multiplier": 0.0,
  "target_kind": "voi",
  "train_rows": 436429,
  "validation_rows": 60483,
  "best_epoch": 16,
  "metrics": {
    "total": 0.5544853210587186,
    "ranking": 0.07069483648643109,
    "mse": 0.5452901944033973,
    "action_ce": 0.6949358742794438,
    "best_action_accuracy": 0.7930327530049766,
    "stop_prediction_rate": 0.4001950961427178,
    "row_count": 60483
  },
  "checkpoint_path": "outputs/week8_ablations/no_signature_regression/policy_checkpoints/policy_deep_sets_standard_lambda0_seed42.best.pt",
  "checkpoint_sha256": "2b6b03153f2d6d159bbaadd13d95555523f958bf34fba1cbb339e1cf309bd22b",
  "config_sha256": "727feb86a929eda47a5f6009c3872b659bacd931cab2e8ec5e81e33e76a6a78f",
  "source_manifest_sha256": "4af14b8f898f548a7ba21e68f1d1d39dcd7b2323b8c8f509d6cfa858230fd545",
  "diagnostic_checkpoint_sha256": "4b7988e218fe75bdbdee321819cb694e10eb2158a26ae9b09bba184284bcc49a",
  "vector_manifest_sha256": "1fac2c343e57ca8b6702c4e6a282a7b86a48042a6d133ba84612b5b1c50201ae",
  "week5_freeze_sha256": "a697c1ab4d34001087186216d7ca3e464b0ca9865055a7d043d2f3b797783b10",
  "limit": null,
  "report_sha256": "ef378e70b037222096032b624f835acd42a7dc9a1d3bd704c5f259eb715552b9"
}
	Command being timed: "timeout --signal=TERM --kill-after=5m 2700s env CUDA_VISIBLE_DEVICES=1 python scripts/train_policy.py --config outputs/week8_data/ablation_configs/no_signature_regression_policy.yaml --manifest_path outputs/week5_data/vectorized_manifest.json --voi_manifest outputs/week8_ablations/no_signature_regression/voi/voi_manifest.json --diagnostic_checkpoint outputs/week8_ablations/no_signature_regression/diagnostic_checkpoints/diag_deep_sets_standard_seed42.best.pt --freeze_manifest outputs/week8_ablations/no_signature_regression/freeze/week8_diagnostic_freeze.json --cost_multiplier 0.0 --target_kind voi --seed 42 --device cuda:0 --output_dir outputs/week8_ablations/no_signature_regression/policy_checkpoints --resume"
	User time (seconds): 1585.67
	System time (seconds): 10.82
	Percent of CPU this job got: 101%
	Elapsed (wall clock) time (h:mm:ss or m:ss): 26:16.29
	Average shared text size (kbytes): 0
	Average unshared data size (kbytes): 0
	Average stack size (kbytes): 0
	Average total size (kbytes): 0
	Maximum resident set size (kbytes): 6044472
	Average resident set size (kbytes): 0
	Major (requiring I/O) page faults: 0
	Minor (reclaiming a frame) page faults: 1541121
	Voluntary context switches: 57132
	Involuntary context switches: 105376
	Swaps: 0
	File system inputs: 0
	File system outputs: 32136
	Socket messages sent: 0
	Socket messages received: 0
	Signals delivered: 0
	Page size (bytes): 4096
	Exit status: 0
no_signature_regression policy training exit code: 0
===== no_signature_regression stack freeze =====
Timeout 600s; worker ceiling remaining 2833s
{
  "artifacts": {
    "diagnostic_checkpoint": {
      "path": "outputs/week8_ablations/no_signature_regression/diagnostic_checkpoints/diag_deep_sets_standard_seed42.best.pt",
      "sha256": "4b7988e218fe75bdbdee321819cb694e10eb2158a26ae9b09bba184284bcc49a"
    },
    "diagnostic_config": {
      "path": "outputs/week8_data/ablation_configs/no_signature_regression_diag.yaml",
      "sha256": "58262427a826d57bc490099d38663e68309e9a6d3bba9d13b4c2f75f1e181ac6"
    },
    "policy_checkpoint": {
      "path": "outputs/week8_ablations/no_signature_regression/policy_checkpoints/policy_deep_sets_standard_lambda0_seed42.best.pt",
      "sha256": "2b6b03153f2d6d159bbaadd13d95555523f958bf34fba1cbb339e1cf309bd22b"
    },
    "policy_config": {
      "path": "outputs/week8_data/ablation_configs/no_signature_regression_policy.yaml",
      "sha256": "727feb86a929eda47a5f6009c3872b659bacd931cab2e8ec5e81e33e76a6a78f"
    },
    "selection_report": {
      "path": "outputs/week8_ablations/no_signature_regression/freeze/predeclared_stack_selection.json",
      "sha256": "39bc30833b4ea119e9449dd84a21111bced9be170b4cb8f761ebcbfea32c53a6"
    },
    "vector_manifest": {
      "path": "outputs/week5_data/vectorized_manifest.json",
      "sha256": "1fac2c343e57ca8b6702c4e6a282a7b86a48042a6d133ba84612b5b1c50201ae"
    },
    "week8_config": {
      "path": "configs/experiments/week8_evaluation.yaml",
      "sha256": "59748c18da7375db6140f05d6c5ec2670c6ce19eeb25b5931e94868ffe7d9cf6"
    }
  },
  "format_version": "proactive_stack_freeze_v1",
  "freeze_sha256": "0495231d74402aa1a68917ef3706ce32f21143dad25a326fd60b49366e75f5e2",
  "owner_approved": true,
  "status": "FROZEN"
}

	Command being timed: "timeout --signal=TERM --kill-after=5m 600s python scripts/freeze_week8_ablation_stack.py --week8_config configs/experiments/week8_evaluation.yaml --ablation_id no_signature_regression --diag_config outputs/week8_data/ablation_configs/no_signature_regression_diag.yaml --policy_config outputs/week8_data/ablation_configs/no_signature_regression_policy.yaml --vector_manifest outputs/week5_data/vectorized_manifest.json --diagnostic_checkpoint outputs/week8_ablations/no_signature_regression/diagnostic_checkpoints/diag_deep_sets_standard_seed42.best.pt --policy_checkpoint outputs/week8_ablations/no_signature_regression/policy_checkpoints/policy_deep_sets_standard_lambda0_seed42.best.pt --output_dir outputs/week8_ablations/no_signature_regression/freeze --approve_freeze --overwrite"
	User time (seconds): 1.71
	System time (seconds): 5.42
	Percent of CPU this job got: 536%
	Elapsed (wall clock) time (h:mm:ss or m:ss): 0:01.33
	Average shared text size (kbytes): 0
	Average unshared data size (kbytes): 0
	Average stack size (kbytes): 0
	Average total size (kbytes): 0
	Maximum resident set size (kbytes): 429916
	Average resident set size (kbytes): 0
	Major (requiring I/O) page faults: 0
	Minor (reclaiming a frame) page faults: 62330
	Voluntary context switches: 175
	Involuntary context switches: 88469
	Swaps: 0
	File system inputs: 0
	File system outputs: 16
	Socket messages sent: 0
	Socket messages received: 0
	Signals delivered: 0
	Page size (bytes): 4096
	Exit status: 0
no_signature_regression stack freeze exit code: 0
===== no_signature_regression validation frontier =====
Timeout 1200s; worker ceiling remaining 2831s
{
  "format_version": "week8_ablation_frontier_v1",
  "status": "COMPLETE",
  "ablation_id": "no_signature_regression",
  "evaluation_split": "val",
  "calibration_used": false,
  "test_used": false,
  "heldout_shift_used": false,
  "post_test_tuning_used": false,
  "seed": 42,
  "week8_config_sha256": "59748c18da7375db6140f05d6c5ec2670c6ce19eeb25b5931e94868ffe7d9cf6",
  "manifest_sha256": "1fac2c343e57ca8b6702c4e6a282a7b86a48042a6d133ba84612b5b1c50201ae",
  "diagnostic_checkpoint_sha256": "4b7988e218fe75bdbdee321819cb694e10eb2158a26ae9b09bba184284bcc49a",
  "policy_checkpoint_sha256": "2b6b03153f2d6d159bbaadd13d95555523f958bf34fba1cbb339e1cf309bd22b",
  "aps_sha256": "d19c2e9b5094f2264ae5ae59201c77a7b979b74d27558857ff11e23bfbc310cb",
  "freeze_manifest_sha256": "fa12950b5c7c0b7292dd6c248079e7040b1e6fbeb3d007f68715c9c73825bc82",
  "budgets": [
    1,
    2,
    3,
    4,
    7
  ],
  "coverages": [
    0.9,
    0.95
  ],
  "base_model_instances": 1404,
  "teacher_files": [
    {
      "path": "outputs/teacher_core_contract_v1_recovered/teacher_gemma4_e4b_all_all_shard00-of-04.jsonl",
      "sha256": "46593391081546c310991894934b1436ecfcf1f07956104d59e9e8f4495e1948",
      "selected_rows": 175
    },
    {
      "path": "outputs/teacher_core_contract_v1_recovered/teacher_gemma4_e4b_all_all_shard01-of-04.jsonl",
      "sha256": "3c7d3ca72753bd49d8f344dd9e468877e75567132de20a81ce20467d52e096a9",
      "selected_rows": 180
    },
    {
      "path": "outputs/teacher_core_contract_v1_recovered/teacher_gemma4_e4b_all_all_shard02-of-04.jsonl",
      "sha256": "bff419cdd17e66ccd9eea1a83e248d5f58e16143d662ebd3ba33625b953018ec",
      "selected_rows": 163
    },
    {
      "path": "outputs/teacher_core_contract_v1_recovered/teacher_gemma4_e4b_all_all_shard03-of-04.jsonl",
      "sha256": "9538751d71a3f8a133be26c2de6d4a4b505b3c780a20ee10a15cd24cd0d8a84e",
      "selected_rows": 184
    },
    {
      "path": "outputs/teacher_core_contract_v1_recovered/teacher_qwen3_vl_8b_all_all_shard00-of-04.jsonl",
      "sha256": "53cc79788e76a9ddcf8df20812e5ca0ca7aa918dad85d249107f3b46003c5be4",
      "selected_rows": 162
    },
    {
      "path": "outputs/teacher_core_contract_v1_recovered/teacher_qwen3_vl_8b_all_all_shard01-of-04.jsonl",
      "sha256": "5bcb3927cfca370cce87c95df969dde3f24c26cd901c9733b63bb17180717c65",
      "selected_rows": 179
    },
    {
      "path": "outputs/teacher_core_contract_v1_recovered/teacher_qwen3_vl_8b_all_all_shard02-of-04.jsonl",
      "sha256": "0ae1afb49f1cf578282a62fafea38ffad93bc7d3220929469d31150e2f9c8711",
      "selected_rows": 174
    },
    {
      "path": "outputs/teacher_core_contract_v1_recovered/teacher_qwen3_vl_8b_all_all_shard03-of-04.jsonl",
      "sha256": "4dc9b657f4ea35d7e74e352157f25aee5bd1b2c9c99e13d33755f8f65d55031f",
      "selected_rows": 187
    }
  ],
  "global_aps_fit_split": "val",
  "global_aps_evaluation_split": "val",
  "global_aps_thresholds": {
    "0.9": 0.9999998807907104,
    "0.95": 1.0
  },
  "summaries": {
    "proactive|1|0.9": {
      "row_count": 1404,
      "mean_acquisition_cost": 1.0,
      "diagnostic": {
        "record_count": 1404,
        "source_bit_micro_f1": 0.8802889576883385,
        "source_bit_macro_f1": 0.8819073805974914,
        "source_bit_hamming_loss": 0.11016144349477683,
        "source_bit_auroc": {
          "visual": 0.9452312330050615,
          "language": 0.9598887909073095,
          "alignment": 0.9843600615205553
        },
        "six_way_macro_f1": 0.5399446560980782,
        "six_way_balanced_accuracy": 0.6323922202109683,
        "six_way_confusion_matrix": [
          [
            74,
            0,
            5,
            5,
            40,
            63
          ],
          [
            9,
            355,
            7,
            7,
            13,
            1
          ],
          [
            1,
            0,
            27,
            4,
            12,
            0
          ],
          [
            52,
            40,
            95,
            395,
            13,
            0
          ],
          [
            2,
            1,
            3,
            0,
            5,
            1
          ],
          [
            10,
            1,
            6,
            0,
            18,
            139
          ]
        ],
        "six_way_labels": [
          "visual",
          "language-prior",
          "alignment",
          "mixed",
          "unclear",
          "no-failure"
        ],
        "signature_mse": 0.16700230151320977
      },
      "prediction_sets": {
        "coverage": 0.8682336182336182,
        "average_set_size": 2.8055555555555554,
        "singleton_rate": 0.18518518518518517,
        "empty_set_rate": 0.09401709401709402
      },
      "action_counts": {
        "blur": 481,
        "stop": 1404,
        "grounding": 148,
        "blank": 762,
        "brightness": 8,
        "noise": 5
      }
    },
    "proactive|1|0.95": {
      "row_count": 1404,
      "mean_acquisition_cost": 1.0,
      "diagnostic": {
        "record_count": 1404,
        "source_bit_micro_f1": 0.8802889576883385,
        "source_bit_macro_f1": 0.8819073805974914,
        "source_bit_hamming_loss": 0.11016144349477683,
        "source_bit_auroc": {
          "visual": 0.9452312330050615,
          "language": 0.9598887909073095,
          "alignment": 0.9843600615205553
        },
        "six_way_macro_f1": 0.5399446560980782,
        "six_way_balanced_accuracy": 0.6323922202109683,
        "six_way_confusion_matrix": [
          [
            74,
            0,
            5,
            5,
            40,
            63
          ],
          [
            9,
            355,
            7,
            7,
            13,
            1
          ],
          [
            1,
            0,
            27,
            4,
            12,
            0
          ],
          [
            52,
            40,
            95,
            395,
            13,
            0
          ],
          [
            2,
            1,
            3,
            0,
            5,
            1
          ],
          [
            10,
            1,
            6,
            0,
            18,
            139
          ]
        ],
        "six_way_labels": [
          "visual",
          "language-prior",
          "alignment",
          "mixed",
          "unclear",
          "no-failure"
        ],
        "signature_mse": 0.16700230151320977
      },
      "prediction_sets": {
        "coverage": 0.957977207977208,
        "average_set_size": 3.8205128205128207,
        "singleton_rate": 0.15669515669515668,
        "empty_set_rate": 0.026353276353276354
      },
      "action_counts": {
        "blur": 481,
        "stop": 1404,
        "grounding": 148,
        "blank": 762,
        "brightness": 8,
        "noise": 5
      }
    },
    "proactive|2|0.9": {
      "row_count": 1404,
      "mean_acquisition_cost": 1.9992877492877492,
      "diagnostic": {
        "record_count": 1404,
        "source_bit_micro_f1": 0.9460923394377095,
        "source_bit_macro_f1": 0.9480710136557553,
        "source_bit_hamming_loss": 0.04962013295346629,
        "source_bit_auroc": {
          "visual": 0.9735678422666029,
          "language": 0.990814226925338,
          "alignment": 0.9950804339693229
        },
        "six_way_macro_f1": 0.704354798034163,
        "six_way_balanced_accuracy": 0.7827269256709998,
        "six_way_confusion_matrix": [
          [
            155,
            0,
            2,
            0,
            12,
            18
          ],
          [
            4,
            372,
            0,
            8,
            6,
            2
          ],
          [
            0,
            0,
            37,
            4,
            3,
            0
          ],
          [
            20,
            37,
            45,
            489,
            4,
            0
          ],
          [
            2,
            0,
            1,
            0,
            5,
            4
          ],
          [
            5,
            1,
            2,
            0,
            20,
            146
          ]
        ],
        "six_way_labels": [
          "visual",
          "language-prior",
          "alignment",
          "mixed",
          "unclear",
          "no-failure"
        ],
        "signature_mse": 0.1705378118468397
      },
      "prediction_sets": {
        "coverage": 0.8511396011396012,
        "average_set_size": 2.6403133903133904,
        "singleton_rate": 0.15954415954415954,
        "empty_set_rate": 0.1339031339031339
      },
      "action_counts": {
        "blur": 896,
        "blank": 1066,
        "stop": 1404,
        "grounding": 456,
        "crop": 315,
        "brightness": 63,
        "relation": 4,
        "noise": 7
      }
    },
    "proactive|2|0.95": {
      "row_count": 1404,
      "mean_acquisition_cost": 1.9992877492877492,
      "diagnostic": {
        "record_count": 1404,
        "source_bit_micro_f1": 0.9460923394377095,
        "source_bit_macro_f1": 0.9480710136557553,
        "source_bit_hamming_loss": 0.04962013295346629,
        "source_bit_auroc": {
          "visual": 0.9735678422666029,
          "language": 0.990814226925338,
          "alignment": 0.9950804339693229
        },
        "six_way_macro_f1": 0.704354798034163,
        "six_way_balanced_accuracy": 0.7827269256709998,
        "six_way_confusion_matrix": [
          [
            155,
            0,
            2,
            0,
            12,
            18
          ],
          [
            4,
            372,
            0,
            8,
            6,
            2
          ],
          [
            0,
            0,
            37,
            4,
            3,
            0
          ],
          [
            20,
            37,
            45,
            489,
            4,
            0
          ],
          [
            2,
            0,
            1,
            0,
            5,
            4
          ],
          [
            5,
            1,
            2,
            0,
            20,
            146
          ]
        ],
        "six_way_labels": [
          "visual",
          "language-prior",
          "alignment",
          "mixed",
          "unclear",
          "no-failure"
        ],
        "signature_mse": 0.1705378118468397
      },
      "prediction_sets": {
        "coverage": 0.9045584045584045,
        "average_set_size": 3.2321937321937324,
        "singleton_rate": 0.13746438746438747,
        "empty_set_rate": 0.0876068376068376
      },
      "action_counts": {
        "blur": 896,
        "blank": 1066,
        "stop": 1404,
        "grounding": 456,
        "crop": 315,
        "brightness": 63,
        "relation": 4,
        "noise": 7
      }
    },
    "proactive|3|0.9": {
      "row_count": 1404,
      "mean_acquisition_cost": 2.6118233618233617,
      "diagnostic": {
        "record_count": 1404,
        "source_bit_micro_f1": 0.968437259430331,
        "source_bit_macro_f1": 0.9702737342000244,
        "source_bit_hamming_loss": 0.0292022792022792,
        "source_bit_auroc": {
          "visual": 0.9809066004012588,
          "language": 0.9973585799203083,
          "alignment": 0.9978322317828491
        },
        "six_way_macro_f1": 0.7743091069141969,
        "six_way_balanced_accuracy": 0.8264972917066514,
        "six_way_confusion_matrix": [
          [
            171,
            0,
            0,
            0,
            7,
            9
          ],
          [
            0,
            389,
            0,
            3,
            0,
            0
          ],
          [
            0,
            0,
            42,
            1,
            1,
            0
          ],
          [
            8,
            30,
            23,
            530,
            2,
            2
          ],
          [
            1,
            0,
            1,
            0,
            4,
            6
          ],
          [
            2,
            0,
            1,
            0,
            19,
            152
          ]
        ],
        "six_way_labels": [
          "visual",
          "language-prior",
          "alignment",
          "mixed",
          "unclear",
          "no-failure"
        ],
        "signature_mse": 0.16932689962731784
      },
      "prediction_sets": {
        "coverage": 0.8425925925925926,
        "average_set_size": 2.4245014245014245,
        "singleton_rate": 0.19444444444444445,
        "empty_set_rate": 0.14458689458689458
      },
      "action_counts": {
        "blur": 985,
        "blank": 1233,
        "grounding": 762,
        "stop": 1404,
        "brightness": 127,
        "crop": 442,
        "noise": 111,
        "relation": 7
      }
    },
    "proactive|3|0.95": {
      "row_count": 1404,
      "mean_acquisition_cost": 2.6118233618233617,
      "diagnostic": {
        "record_count": 1404,
        "source_bit_micro_f1": 0.968437259430331,
        "source_bit_macro_f1": 0.9702737342000244,
        "source_bit_hamming_loss": 0.0292022792022792,
        "source_bit_auroc": {
          "visual": 0.9809066004012588,
          "language": 0.9973585799203083,
          "alignment": 0.9978322317828491
        },
        "six_way_macro_f1": 0.7743091069141969,
        "six_way_balanced_accuracy": 0.8264972917066514,
        "six_way_confusion_matrix": [
          [
            171,
            0,
            0,
            0,
            7,
            9
          ],
          [
            0,
            389,
            0,
            3,
            0,
            0
          ],
          [
            0,
            0,
            42,
            1,
            1,
            0
          ],
          [
            8,
            30,
            23,
            530,
            2,
            2
          ],
          [
            1,
            0,
            1,
            0,
            4,
            6
          ],
          [
            2,
            0,
            1,
            0,
            19,
            152
          ]
        ],
        "six_way_labels": [
          "visual",
          "language-prior",
          "alignment",
          "mixed",
          "unclear",
          "no-failure"
        ],
        "signature_mse": 0.16932689962731784
      },
      "prediction_sets": {
        "coverage": 0.9038461538461539,
        "average_set_size": 3.782763532763533,
        "singleton_rate": 0.07977207977207977,
        "empty_set_rate": 0.09544159544159544
      },
      "action_counts": {
        "blur": 985,
        "blank": 1233,
        "grounding": 762,
        "stop": 1404,
        "brightness": 127,
        "crop": 442,
        "noise": 111,
        "relation": 7
      }
    },
    "proactive|4|0.9": {
      "row_count": 1404,
      "mean_acquisition_cost": 3.4743589743589745,
      "diagnostic": {
        "record_count": 1404,
        "source_bit_micro_f1": 0.981420208704505,
        "source_bit_macro_f1": 0.9826157454186438,
        "source_bit_hamming_loss": 0.017331433998100665,
        "source_bit_auroc": {
          "visual": 0.9897607723722134,
          "language": 0.9994406884838983,
          "alignment": 0.9994138920064846
        },
        "six_way_macro_f1": 0.8045135025521497,
        "six_way_balanced_accuracy": 0.8461321623738315,
        "six_way_confusion_matrix": [
          [
            180,
            0,
            0,
            0,
            1,
            6
          ],
          [
            0,
            390,
            0,
            2,
            0,
            0
          ],
          [
            0,
            0,
            43,
            1,
            0,
            0
          ],
          [
            2,
            21,
            19,
            553,
            0,
            0
          ],
          [
            1,
            0,
            0,
            0,
            4,
            7
          ],
          [
            0,
            0,
            0,
            0,
            21,
            153
          ]
        ],
        "six_way_labels": [
          "visual",
          "language-prior",
          "alignment",
          "mixed",
          "unclear",
          "no-failure"
        ],
        "signature_mse": 0.16914408332314668
      },
      "prediction_sets": {
        "coverage": 0.8390313390313391,
        "average_set_size": 2.3653846153846154,
        "singleton_rate": 0.2150997150997151,
        "empty_set_rate": 0.15313390313390313
      },
      "action_counts": {
        "blur": 1051,
        "blank": 1327,
        "grounding": 926,
        "crop": 735,
        "stop": 1404,
        "brightness": 567,
        "noise": 260,
        "relation": 12
      }
    },
    "proactive|4|0.95": {
      "row_count": 1404,
      "mean_acquisition_cost": 3.4743589743589745,
      "diagnostic": {
        "record_count": 1404,
        "source_bit_micro_f1": 0.981420208704505,
        "source_bit_macro_f1": 0.9826157454186438,
        "source_bit_hamming_loss": 0.017331433998100665,
        "source_bit_auroc": {
          "visual": 0.9897607723722134,
          "language": 0.9994406884838983,
          "alignment": 0.9994138920064846
        },
        "six_way_macro_f1": 0.8045135025521497,
        "six_way_balanced_accuracy": 0.8461321623738315,
        "six_way_confusion_matrix": [
          [
            180,
            0,
            0,
            0,
            1,
            6
          ],
          [
            0,
            390,
            0,
            2,
            0,
            0
          ],
          [
            0,
            0,
            43,
            1,
            0,
            0
          ],
          [
            2,
            21,
            19,
            553,
            0,
            0
          ],
          [
            1,
            0,
            0,
            0,
            4,
            7
          ],
          [
            0,
            0,
            0,
            0,
            21,
            153
          ]
        ],
        "six_way_labels": [
          "visual",
          "language-prior",
          "alignment",
          "mixed",
          "unclear",
          "no-failure"
        ],
        "signature_mse": 0.16914408332314668
      },
      "prediction_sets": {
        "coverage": 0.9992877492877493,
        "average_set_size": 4.355413105413105,
        "singleton_rate": 0.16096866096866097,
        "empty_set_rate": 0.0
      },
      "action_counts": {
        "blur": 1051,
        "blank": 1327,
        "grounding": 926,
        "crop": 735,
        "stop": 1404,
        "brightness": 567,
        "noise": 260,
        "relation": 12
      }
    },
    "proactive|7|0.9": {
      "row_count": 1404,
      "mean_acquisition_cost": 4.045584045584046,
      "diagnostic": {
        "record_count": 1404,
        "source_bit_micro_f1": 0.9924242424242424,
        "source_bit_macro_f1": 0.9927307260640594,
        "source_bit_hamming_loss": 0.007122507122507123,
        "source_bit_auroc": {
          "visual": 0.997046572496461,
          "language": 0.9995366287804559,
          "alignment": 0.9998940017458536
        },
        "six_way_macro_f1": 0.8397470443491297,
        "six_way_balanced_accuracy": 0.8612542613701697,
        "six_way_confusion_matrix": [
          [
            184,
            0,
            0,
            0,
            2,
            1
          ],
          [
            0,
            390,
            0,
            2,
            0,
            0
          ],
          [
            0,
            0,
            43,
            1,
            0,
            0
          ],
          [
            0,
            5,
            6,
            584,
            0,
            0
          ],
          [
            0,
            0,
            0,
            0,
            4,
            8
          ],
          [
            0,
            0,
            0,
            0,
            18,
            156
          ]
        ],
        "six_way_labels": [
          "visual",
          "language-prior",
          "alignment",
          "mixed",
          "unclear",
          "no-failure"
        ],
        "signature_mse": 0.16735269836030514
      },
      "prediction_sets": {
        "coverage": 0.8425925925925926,
        "average_set_size": 2.450854700854701,
        "singleton_rate": 0.25071225071225073,
        "empty_set_rate": 0.15527065527065528
      },
      "action_counts": {
        "blur": 1077,
        "blank": 1362,
        "grounding": 958,
        "crop": 808,
        "brightness": 677,
        "stop": 1404,
        "noise": 783,
        "relation": 15
      }
    },
    "proactive|7|0.95": {
      "row_count": 1404,
      "mean_acquisition_cost": 4.045584045584046,
      "diagnostic": {
        "record_count": 1404,
        "source_bit_micro_f1": 0.9924242424242424,
        "source_bit_macro_f1": 0.9927307260640594,
        "source_bit_hamming_loss": 0.007122507122507123,
        "source_bit_auroc": {
          "visual": 0.997046572496461,
          "language": 0.9995366287804559,
          "alignment": 0.9998940017458536
        },
        "six_way_macro_f1": 0.8397470443491297,
        "six_way_balanced_accuracy": 0.8612542613701697,
        "six_way_confusion_matrix": [
          [
            184,
            0,
            0,
            0,
            2,
            1
          ],
          [
            0,
            390,
            0,
            2,
            0,
            0
          ],
          [
            0,
            0,
            43,
            1,
            0,
            0
          ],
          [
            0,
            5,
            6,
            584,
            0,
            0
          ],
          [
            0,
            0,
            0,
            0,
            4,
            8
          ],
          [
            0,
            0,
            0,
            0,
            18,
            156
          ]
        ],
        "six_way_labels": [
          "visual",
          "language-prior",
          "alignment",
          "mixed",
          "unclear",
          "no-failure"
        ],
        "signature_mse": 0.16735269836030514
      },
      "prediction_sets": {
        "coverage": 1.0,
        "average_set_size": 4.264245014245014,
        "singleton_rate": 0.18874643874643873,
        "empty_set_rate": 0.0
      },
      "action_counts": {
        "blur": 1077,
        "blank": 1362,
        "grounding": 958,
        "crop": 808,
        "brightness": 677,
        "stop": 1404,
        "noise": 783,
        "relation": 15
      }
    },
    "proactive_no_stop|1|0.9": {
      "row_count": 1404,
      "mean_acquisition_cost": 1.0,
      "diagnostic": {
        "record_count": 1404,
        "source_bit_micro_f1": 0.8802889576883385,
        "source_bit_macro_f1": 0.8819073805974914,
        "source_bit_hamming_loss": 0.11016144349477683,
        "source_bit_auroc": {
          "visual": 0.9452312330050615,
          "language": 0.9598887909073095,
          "alignment": 0.9843600615205553
        },
        "six_way_macro_f1": 0.5399446560980782,
        "six_way_balanced_accuracy": 0.6323922202109683,
        "six_way_confusion_matrix": [
          [
            74,
            0,
            5,
            5,
            40,
            63
          ],
          [
            9,
            355,
            7,
            7,
            13,
            1
          ],
          [
            1,
            0,
            27,
            4,
            12,
            0
          ],
          [
            52,
            40,
            95,
            395,
            13,
            0
          ],
          [
            2,
            1,
            3,
            0,
            5,
            1
          ],
          [
            10,
            1,
            6,
            0,
            18,
            139
          ]
        ],
        "six_way_labels": [
          "visual",
          "language-prior",
          "alignment",
          "mixed",
          "unclear",
          "no-failure"
        ],
        "signature_mse": 0.16700230151320977
      },
      "prediction_sets": {
        "coverage": 0.8682336182336182,
        "average_set_size": 2.8055555555555554,
        "singleton_rate": 0.18518518518518517,
        "empty_set_rate": 0.09401709401709402
      },
      "action_counts": {
        "blur": 481,
        "stop": 1404,
        "grounding": 148,
        "blank": 762,
        "brightness": 8,
        "noise": 5
      }
    },
    "proactive_no_stop|1|0.95": {
      "row_count": 1404,
      "mean_acquisition_cost": 1.0,
      "diagnostic": {
        "record_count": 1404,
        "source_bit_micro_f1": 0.8802889576883385,
        "source_bit_macro_f1": 0.8819073805974914,
        "source_bit_hamming_loss": 0.11016144349477683,
        "source_bit_auroc": {
          "visual": 0.9452312330050615,
          "language": 0.9598887909073095,
          "alignment": 0.9843600615205553
        },
        "six_way_macro_f1": 0.5399446560980782,
        "six_way_balanced_accuracy": 0.6323922202109683,
        "six_way_confusion_matrix": [
          [
            74,
            0,
            5,
            5,
            40,
            63
          ],
          [
            9,
            355,
            7,
            7,
            13,
            1
          ],
          [
            1,
            0,
            27,
            4,
            12,
            0
          ],
          [
            52,
            40,
            95,
            395,
            13,
            0
          ],
          [
            2,
            1,
            3,
            0,
            5,
            1
          ],
          [
            10,
            1,
            6,
            0,
            18,
            139
          ]
        ],
        "six_way_labels": [
          "visual",
          "language-prior",
          "alignment",
          "mixed",
          "unclear",
          "no-failure"
        ],
        "signature_mse": 0.16700230151320977
      },
      "prediction_sets": {
        "coverage": 0.957977207977208,
        "average_set_size": 3.8205128205128207,
        "singleton_rate": 0.15669515669515668,
        "empty_set_rate": 0.026353276353276354
      },
      "action_counts": {
        "blur": 481,
        "stop": 1404,
        "grounding": 148,
        "blank": 762,
        "brightness": 8,
        "noise": 5
      }
    },
    "proactive_no_stop|2|0.9": {
      "row_count": 1404,
      "mean_acquisition_cost": 2.0,
      "diagnostic": {
        "record_count": 1404,
        "source_bit_micro_f1": 0.9460923394377095,
        "source_bit_macro_f1": 0.9480710136557553,
        "source_bit_hamming_loss": 0.04962013295346629,
        "source_bit_auroc": {
          "visual": 0.9735678422666029,
          "language": 0.9908121856424326,
          "alignment": 0.9950804339693229
        },
        "six_way_macro_f1": 0.704354798034163,
        "six_way_balanced_accuracy": 0.7827269256709998,
        "six_way_confusion_matrix": [
          [
            155,
            0,
            2,
            0,
            12,
            18
          ],
          [
            4,
            372,
            0,
            8,
            6,
            2
          ],
          [
            0,
            0,
            37,
            4,
            3,
            0
          ],
          [
            20,
            37,
            45,
            489,
            4,
            0
          ],
          [
            2,
            0,
            1,
            0,
            5,
            4
          ],
          [
            5,
            1,
            2,
            0,
            20,
            146
          ]
        ],
        "six_way_labels": [
          "visual",
          "language-prior",
          "alignment",
          "mixed",
          "unclear",
          "no-failure"
        ],
        "signature_mse": 0.17053525857042687
      },
      "prediction_sets": {
        "coverage": 0.8518518518518519,
        "average_set_size": 2.641025641025641,
        "singleton_rate": 0.16025641025641027,
        "empty_set_rate": 0.13319088319088318
      },
      "action_counts": {
        "blur": 896,
        "blank": 1066,
        "stop": 1404,
        "grounding": 456,
        "crop": 316,
        "brightness": 63,
        "relation": 4,
        "noise": 7
      }
    },
    "proactive_no_stop|2|0.95": {
      "row_count": 1404,
      "mean_acquisition_cost": 2.0,
      "diagnostic": {
        "record_count": 1404,
        "source_bit_micro_f1": 0.9460923394377095,
        "source_bit_macro_f1": 0.9480710136557553,
        "source_bit_hamming_loss": 0.04962013295346629,
        "source_bit_auroc": {
          "visual": 0.9735678422666029,
          "language": 0.9908121856424326,
          "alignment": 0.9950804339693229
        },
        "six_way_macro_f1": 0.704354798034163,
        "six_way_balanced_accuracy": 0.7827269256709998,
        "six_way_confusion_matrix": [
          [
            155,
            0,
            2,
            0,
            12,
            18
          ],
          [
            4,
            372,
            0,
            8,
            6,
            2
          ],
          [
            0,
            0,
            37,
            4,
            3,
            0
          ],
          [
            20,
            37,
            45,
            489,
            4,
            0
          ],
          [
            2,
            0,
            1,
            0,
            5,
            4
          ],
          [
            5,
            1,
            2,
            0,
            20,
            146
          ]
        ],
        "six_way_labels": [
          "visual",
          "language-prior",
          "alignment",
          "mixed",
          "unclear",
          "no-failure"
        ],
        "signature_mse": 0.17053525857042687
      },
      "prediction_sets": {
        "coverage": 0.9045584045584045,
        "average_set_size": 3.2321937321937324,
        "singleton_rate": 0.13746438746438747,
        "empty_set_rate": 0.0876068376068376
      },
      "action_counts": {
        "blur": 896,
        "blank": 1066,
        "stop": 1404,
        "grounding": 456,
        "crop": 316,
        "brightness": 63,
        "relation": 4,
        "noise": 7
      }
    },
    "proactive_no_stop|3|0.9": {
      "row_count": 1404,
      "mean_acquisition_cost": 3.0,
      "diagnostic": {
        "record_count": 1404,
        "source_bit_micro_f1": 0.9689664016414465,
        "source_bit_macro_f1": 0.9707851944879389,
        "source_bit_hamming_loss": 0.02872744539411206,
        "source_bit_auroc": {
          "visual": 0.9830534366693484,
          "language": 0.9976402769612646,
          "alignment": 0.9980691690568233
        },
        "six_way_macro_f1": 0.7746630024884271,
        "six_way_balanced_accuracy": 0.8267774037514694,
        "six_way_confusion_matrix": [
          [
            171,
            0,
            0,
            0,
            7,
            9
          ],
          [
            0,
            389,
            0,
            3,
            0,
            0
          ],
          [
            0,
            0,
            42,
            1,
            1,
            0
          ],
          [
            8,
            29,
            23,
            531,
            2,
            2
          ],
          [
            1,
            0,
            1,
            0,
            4,
            6
          ],
          [
            2,
            0,
            1,
            0,
            19,
            152
          ]
        ],
        "six_way_labels": [
          "visual",
          "language-prior",
          "alignment",
          "mixed",
          "unclear",
          "no-failure"
        ],
        "signature_mse": 0.16953441468069977
      },
      "prediction_sets": {
        "coverage": 0.8454415954415955,
        "average_set_size": 2.5633903133903133,
        "singleton_rate": 0.1972934472934473,
        "empty_set_rate": 0.14173789173789172
      },
      "action_counts": {
        "blur": 1182,
        "blank": 1241,
        "grounding": 763,
        "stop": 1404,
        "brightness": 193,
        "crop": 644,
        "noise": 182,
        "relation": 7
      }
    },
    "proactive_no_stop|3|0.95": {
      "row_count": 1404,
      "mean_acquisition_cost": 3.0,
      "diagnostic": {
        "record_count": 1404,
        "source_bit_micro_f1": 0.9689664016414465,
        "source_bit_macro_f1": 0.9707851944879389,
        "source_bit_hamming_loss": 0.02872744539411206,
        "source_bit_auroc": {
          "visual": 0.9830534366693484,
          "language": 0.9976402769612646,
          "alignment": 0.9980691690568233
        },
        "six_way_macro_f1": 0.7746630024884271,
        "six_way_balanced_accuracy": 0.8267774037514694,
        "six_way_confusion_matrix": [
          [
            171,
            0,
            0,
            0,
            7,
            9
          ],
          [
            0,
            389,
            0,
            3,
            0,
            0
          ],
          [
            0,
            0,
            42,
            1,
            1,
            0
          ],
          [
            8,
            29,
            23,
            531,
            2,
            2
          ],
          [
            1,
            0,
            1,
            0,
            4,
            6
          ],
          [
            2,
            0,
            1,
            0,
            19,
            152
          ]
        ],
        "six_way_labels": [
          "visual",
          "language-prior",
          "alignment",
          "mixed",
          "unclear",
          "no-failure"
        ],
        "signature_mse": 0.16953441468069977
      },
      "prediction_sets": {
        "coverage": 0.9038461538461539,
        "average_set_size": 3.7720797720797723,
        "singleton_rate": 0.0811965811965812,
        "empty_set_rate": 0.09544159544159544
      },
      "action_counts": {
        "blur": 1182,
        "blank": 1241,
        "grounding": 763,
        "stop": 1404,
        "brightness": 193,
        "crop": 644,
        "noise": 182,
        "relation": 7
      }
    },
    "proactive_no_stop|4|0.9": {
      "row_count": 1404,
      "mean_acquisition_cost": 4.0,
      "diagnostic": {
        "record_count": 1404,
        "source_bit_micro_f1": 0.9827235772357723,
        "source_bit_macro_f1": 0.9838791715457712,
        "source_bit_hamming_loss": 0.016144349477682812,
        "source_bit_auroc": {
          "visual": 0.990817895733825,
          "language": 0.9997407570710041,
          "alignment": 0.9993993432265037
        },
        "six_way_macro_f1": 0.8046309669850432,
        "six_way_balanced_accuracy": 0.8464122744186494,
        "six_way_confusion_matrix": [
          [
            180,
            0,
            0,
            0,
            1,
            6
          ],
          [
            0,
            390,
            0,
            2,
            0,
            0
          ],
          [
            0,
            0,
            43,
            1,
            0,
            0
          ],
          [
            3,
            19,
            19,
            554,
            0,
            0
          ],
          [
            1,
            0,
            0,
            0,
            4,
            7
          ],
          [
            0,
            0,
            0,
            0,
            21,
            153
          ]
        ],
        "six_way_labels": [
          "visual",
          "language-prior",
          "alignment",
          "mixed",
          "unclear",
          "no-failure"
        ],
        "signature_mse": 0.16837173267047303
      },
      "prediction_sets": {
        "coverage": 0.8482905982905983,
        "average_set_size": 2.5284900284900287,
        "singleton_rate": 0.22293447293447294,
        "empty_set_rate": 0.14316239316239315
      },
      "action_counts": {
        "blur": 1334,
        "blank": 1349,
        "grounding": 939,
        "crop": 1012,
        "stop": 1404,
        "brightness": 577,
        "noise": 393,
        "relation": 12
      }
    },
    "proactive_no_stop|4|0.95": {
      "row_count": 1404,
      "mean_acquisition_cost": 4.0,
      "diagnostic": {
        "record_count": 1404,
        "source_bit_micro_f1": 0.9827235772357723,
        "source_bit_macro_f1": 0.9838791715457712,
        "source_bit_hamming_loss": 0.016144349477682812,
        "source_bit_auroc": {
          "visual": 0.990817895733825,
          "language": 0.9997407570710041,
          "alignment": 0.9993993432265037
        },
        "six_way_macro_f1": 0.8046309669850432,
        "six_way_balanced_accuracy": 0.8464122744186494,
        "six_way_confusion_matrix": [
          [
            180,
            0,
            0,
            0,
            1,
            6
          ],
          [
            0,
            390,
            0,
            2,
            0,
            0
          ],
          [
            0,
            0,
            43,
            1,
            0,
            0
          ],
          [
            3,
            19,
            19,
            554,
            0,
            0
          ],
          [
            1,
            0,
            0,
            0,
            4,
            7
          ],
          [
            0,
            0,
            0,
            0,
            21,
            153
          ]
        ],
        "six_way_labels": [
          "visual",
          "language-prior",
          "alignment",
          "mixed",
          "unclear",
          "no-failure"
        ],
        "signature_mse": 0.16837173267047303
      },
      "prediction_sets": {
        "coverage": 0.9992877492877493,
        "average_set_size": 4.279202279202279,
        "singleton_rate": 0.1915954415954416,
        "empty_set_rate": 0.0
      },
      "action_counts": {
        "blur": 1334,
        "blank": 1349,
        "grounding": 939,
        "crop": 1012,
        "stop": 1404,
        "brightness": 577,
        "noise": 393,
        "relation": 12
      }
    },
    "proactive_no_stop|7|0.9": {
      "row_count": 1404,
      "mean_acquisition_cost": 6.011396011396012,
      "diagnostic": {
        "record_count": 1404,
        "source_bit_micro_f1": 0.9959798994974874,
        "source_bit_macro_f1": 0.9960991647044969,
        "source_bit_hamming_loss": 0.003798670465337132,
        "source_bit_auroc": {
          "visual": 0.9996089254616004,
          "language": 0.9999918348683781,
          "alignment": 0.9999563536600574
        },
        "six_way_macro_f1": 0.8483187259521446,
        "six_way_balanced_accuracy": 0.8647174648333733,
        "six_way_confusion_matrix": [
          [
            186,
            0,
            0,
            0,
            1,
            0
          ],
          [
            0,
            390,
            0,
            2,
            0,
            0
          ],
          [
            0,
            0,
            43,
            1,
            0,
            0
          ],
          [
            2,
            0,
            3,
            590,
            0,
            0
          ],
          [
            0,
            0,
            0,
            0,
            4,
            8
          ],
          [
            0,
            0,
            0,
            0,
            18,
            156
          ]
        ],
        "six_way_labels": [
          "visual",
          "language-prior",
          "alignment",
          "mixed",
          "unclear",
          "no-failure"
        ],
        "signature_mse": 0.16584710970176392
      },
      "prediction_sets": {
        "coverage": 0.8767806267806267,
        "average_set_size": 2.457977207977208,
        "singleton_rate": 0.297008547008547,
        "empty_set_rate": 0.12037037037037036
      },
      "action_counts": {
        "blur": 1404,
        "blank": 1404,
        "grounding": 1404,
        "crop": 1404,
        "brightness": 1404,
        "noise": 1404,
        "stop": 1404,
        "relation": 16
      }
    },
    "proactive_no_stop|7|0.95": {
      "row_count": 1404,
      "mean_acquisition_cost": 6.011396011396012,
      "diagnostic": {
        "record_count": 1404,
        "source_bit_micro_f1": 0.9959798994974874,
        "source_bit_macro_f1": 0.9960991647044969,
        "source_bit_hamming_loss": 0.003798670465337132,
        "source_bit_auroc": {
          "visual": 0.9996089254616004,
          "language": 0.9999918348683781,
          "alignment": 0.9999563536600574
        },
        "six_way_macro_f1": 0.8483187259521446,
        "six_way_balanced_accuracy": 0.8647174648333733,
        "six_way_confusion_matrix": [
          [
            186,
            0,
            0,
            0,
            1,
            0
          ],
          [
            0,
            390,
            0,
            2,
            0,
            0
          ],
          [
            0,
            0,
            43,
            1,
            0,
            0
          ],
          [
            2,
            0,
            3,
            590,
            0,
            0
          ],
          [
            0,
            0,
            0,
            0,
            4,
            8
          ],
          [
            0,
            0,
            0,
            0,
            18,
            156
          ]
        ],
        "six_way_labels": [
          "visual",
          "language-prior",
          "alignment",
          "mixed",
          "unclear",
          "no-failure"
        ],
        "signature_mse": 0.16584710970176392
      },
      "prediction_sets": {
        "coverage": 0.9985754985754985,
        "average_set_size": 4.235754985754986,
        "singleton_rate": 0.22293447293447294,
        "empty_set_rate": 0.0
      },
      "action_counts": {
        "blur": 1404,
        "blank": 1404,
        "grounding": 1404,
        "crop": 1404,
        "brightness": 1404,
        "noise": 1404,
        "stop": 1404,
        "relation": 16
      }
    },
    "proactive_global_aps|1|0.9": {
      "row_count": 1404,
      "mean_acquisition_cost": 1.0,
      "diagnostic": {
        "record_count": 1404,
        "source_bit_micro_f1": 0.8802889576883385,
        "source_bit_macro_f1": 0.8819073805974914,
        "source_bit_hamming_loss": 0.11016144349477683,
        "source_bit_auroc": {
          "visual": 0.9452312330050615,
          "language": 0.9598887909073095,
          "alignment": 0.9843600615205553
        },
        "six_way_macro_f1": 0.5399446560980782,
        "six_way_balanced_accuracy": 0.6323922202109683,
        "six_way_confusion_matrix": [
          [
            74,
            0,
            5,
            5,
            40,
            63
          ],
          [
            9,
            355,
            7,
            7,
            13,
            1
          ],
          [
            1,
            0,
            27,
            4,
            12,
            0
          ],
          [
            52,
            40,
            95,
            395,
            13,
            0
          ],
          [
            2,
            1,
            3,
            0,
            5,
            1
          ],
          [
            10,
            1,
            6,
            0,
            18,
            139
          ]
        ],
        "six_way_labels": [
          "visual",
          "language-prior",
          "alignment",
          "mixed",
          "unclear",
          "no-failure"
        ],
        "signature_mse": 0.16700230151320977
      },
      "prediction_sets": {
        "coverage": 0.957977207977208,
        "average_set_size": 3.8205128205128207,
        "singleton_rate": 0.15669515669515668,
        "empty_set_rate": 0.026353276353276354
      },
      "action_counts": {
        "blur": 481,
        "stop": 1404,
        "grounding": 148,
        "blank": 762,
        "brightness": 8,
        "noise": 5
      }
    },
    "proactive_global_aps|1|0.95": {
      "row_count": 1404,
      "mean_acquisition_cost": 1.0,
      "diagnostic": {
        "record_count": 1404,
        "source_bit_micro_f1": 0.8802889576883385,
        "source_bit_macro_f1": 0.8819073805974914,
        "source_bit_hamming_loss": 0.11016144349477683,
        "source_bit_auroc": {
          "visual": 0.9452312330050615,
          "language": 0.9598887909073095,
          "alignment": 0.9843600615205553
        },
        "six_way_macro_f1": 0.5399446560980782,
        "six_way_balanced_accuracy": 0.6323922202109683,
        "six_way_confusion_matrix": [
          [
            74,
            0,
            5,
            5,
            40,
            63
          ],
          [
            9,
            355,
            7,
            7,
            13,
            1
          ],
          [
            1,
            0,
            27,
            4,
            12,
            0
          ],
          [
            52,
            40,
            95,
            395,
            13,
            0
          ],
          [
            2,
            1,
            3,
            0,
            5,
            1
          ],
          [
            10,
            1,
            6,
            0,
            18,
            139
          ]
        ],
        "six_way_labels": [
          "visual",
          "language-prior",
          "alignment",
          "mixed",
          "unclear",
          "no-failure"
        ],
        "signature_mse": 0.16700230151320977
      },
      "prediction_sets": {
        "coverage": 0.9928774928774928,
        "average_set_size": 4.995726495726496,
        "singleton_rate": 0.06267806267806268,
        "empty_set_rate": 0.0
      },
      "action_counts": {
        "blur": 481,
        "stop": 1404,
        "grounding": 148,
        "blank": 762,
        "brightness": 8,
        "noise": 5
      }
    },
    "proactive_global_aps|2|0.9": {
      "row_count": 1404,
      "mean_acquisition_cost": 1.9992877492877492,
      "diagnostic": {
        "record_count": 1404,
        "source_bit_micro_f1": 0.9460923394377095,
        "source_bit_macro_f1": 0.9480710136557553,
        "source_bit_hamming_loss": 0.04962013295346629,
        "source_bit_auroc": {
          "visual": 0.9735678422666029,
          "language": 0.990814226925338,
          "alignment": 0.9950804339693229
        },
        "six_way_macro_f1": 0.704354798034163,
        "six_way_balanced_accuracy": 0.7827269256709998,
        "six_way_confusion_matrix": [
          [
            155,
            0,
            2,
            0,
            12,
            18
          ],
          [
            4,
            372,
            0,
            8,
            6,
            2
          ],
          [
            0,
            0,
            37,
            4,
            3,
            0
          ],
          [
            20,
            37,
            45,
            489,
            4,
            0
          ],
          [
            2,
            0,
            1,
            0,
            5,
            4
          ],
          [
            5,
            1,
            2,
            0,
            20,
            146
          ]
        ],
        "six_way_labels": [
          "visual",
          "language-prior",
          "alignment",
          "mixed",
          "unclear",
          "no-failure"
        ],
        "signature_mse": 0.1705378118468397
      },
      "prediction_sets": {
        "coverage": 0.9045584045584045,
        "average_set_size": 3.2321937321937324,
        "singleton_rate": 0.13746438746438747,
        "empty_set_rate": 0.0876068376068376
      },
      "action_counts": {
        "blur": 896,
        "blank": 1066,
        "stop": 1404,
        "grounding": 456,
        "crop": 315,
        "brightness": 63,
        "relation": 4,
        "noise": 7
      }
    },
    "proactive_global_aps|2|0.95": {
      "row_count": 1404,
      "mean_acquisition_cost": 1.9992877492877492,
      "diagnostic": {
        "record_count": 1404,
        "source_bit_micro_f1": 0.9460923394377095,
        "source_bit_macro_f1": 0.9480710136557553,
        "source_bit_hamming_loss": 0.04962013295346629,
        "source_bit_auroc": {
          "visual": 0.9735678422666029,
          "language": 0.990814226925338,
          "alignment": 0.9950804339693229
        },
        "six_way_macro_f1": 0.704354798034163,
        "six_way_balanced_accuracy": 0.7827269256709998,
        "six_way_confusion_matrix": [
          [
            155,
            0,
            2,
            0,
            12,
            18
          ],
          [
            4,
            372,
            0,
            8,
            6,
            2
          ],
          [
            0,
            0,
            37,
            4,
            3,
            0
          ],
          [
            20,
            37,
            45,
            489,
            4,
            0
          ],
          [
            2,
            0,
            1,
            0,
            5,
            4
          ],
          [
            5,
            1,
            2,
            0,
            20,
            146
          ]
        ],
        "six_way_labels": [
          "visual",
          "language-prior",
          "alignment",
          "mixed",
          "unclear",
          "no-failure"
        ],
        "signature_mse": 0.1705378118468397
      },
      "prediction_sets": {
        "coverage": 0.9978632478632479,
        "average_set_size": 4.517806267806268,
        "singleton_rate": 0.12108262108262108,
        "empty_set_rate": 0.0
      },
      "action_counts": {
        "blur": 896,
        "blank": 1066,
        "stop": 1404,
        "grounding": 456,
        "crop": 315,
        "brightness": 63,
        "relation": 4,
        "noise": 7
      }
    },
    "proactive_global_aps|3|0.9": {
      "row_count": 1404,
      "mean_acquisition_cost": 2.6118233618233617,
      "diagnostic": {
        "record_count": 1404,
        "source_bit_micro_f1": 0.968437259430331,
        "source_bit_macro_f1": 0.9702737342000244,
        "source_bit_hamming_loss": 0.0292022792022792,
        "source_bit_auroc": {
          "visual": 0.9809066004012588,
          "language": 0.9973585799203083,
          "alignment": 0.9978322317828491
        },
        "six_way_macro_f1": 0.7743091069141969,
        "six_way_balanced_accuracy": 0.8264972917066514,
        "six_way_confusion_matrix": [
          [
            171,
            0,
            0,
            0,
            7,
            9
          ],
          [
            0,
            389,
            0,
            3,
            0,
            0
          ],
          [
            0,
            0,
            42,
            1,
            1,
            0
          ],
          [
            8,
            30,
            23,
            530,
            2,
            2
          ],
          [
            1,
            0,
            1,
            0,
            4,
            6
          ],
          [
            2,
            0,
            1,
            0,
            19,
            152
          ]
        ],
        "six_way_labels": [
          "visual",
          "language-prior",
          "alignment",
          "mixed",
          "unclear",
          "no-failure"
        ],
        "signature_mse": 0.16932689962731784
      },
      "prediction_sets": {
        "coverage": 0.9009971509971509,
        "average_set_size": 3.0284900284900287,
        "singleton_rate": 0.17663817663817663,
        "empty_set_rate": 0.09544159544159544
      },
      "action_counts": {
        "blur": 985,
        "blank": 1233,
        "grounding": 762,
        "stop": 1404,
        "brightness": 127,
        "crop": 442,
        "noise": 111,
        "relation": 7
      }
    },
    "proactive_global_aps|3|0.95": {
      "row_count": 1404,
      "mean_acquisition_cost": 2.6118233618233617,
      "diagnostic": {
        "record_count": 1404,
        "source_bit_micro_f1": 0.968437259430331,
        "source_bit_macro_f1": 0.9702737342000244,
        "source_bit_hamming_loss": 0.0292022792022792,
        "source_bit_auroc": {
          "visual": 0.9809066004012588,
          "language": 0.9973585799203083,
          "alignment": 0.9978322317828491
        },
        "six_way_macro_f1": 0.7743091069141969,
        "six_way_balanced_accuracy": 0.8264972917066514,
        "six_way_confusion_matrix": [
          [
            171,
            0,
            0,
            0,
            7,
            9
          ],
          [
            0,
            389,
            0,
            3,
            0,
            0
          ],
          [
            0,
            0,
            42,
            1,
            1,
            0
          ],
          [
            8,
            30,
            23,
            530,
            2,
            2
          ],
          [
            1,
            0,
            1,
            0,
            4,
            6
          ],
          [
            2,
            0,
            1,
            0,
            19,
            152
          ]
        ],
        "six_way_labels": [
          "visual",
          "language-prior",
          "alignment",
          "mixed",
          "unclear",
          "no-failure"
        ],
        "signature_mse": 0.16932689962731784
      },
      "prediction_sets": {
        "coverage": 0.9992877492877493,
        "average_set_size": 4.430911680911681,
        "singleton_rate": 0.14173789173789172,
        "empty_set_rate": 0.0
      },
      "action_counts": {
        "blur": 985,
        "blank": 1233,
        "grounding": 762,
        "stop": 1404,
        "brightness": 127,
        "crop": 442,
        "noise": 111,
        "relation": 7
      }
    },
    "proactive_global_aps|4|0.9": {
      "row_count": 1404,
      "mean_acquisition_cost": 3.4743589743589745,
      "diagnostic": {
        "record_count": 1404,
        "source_bit_micro_f1": 0.981420208704505,
        "source_bit_macro_f1": 0.9826157454186438,
        "source_bit_hamming_loss": 0.017331433998100665,
        "source_bit_auroc": {
          "visual": 0.9897607723722134,
          "language": 0.9994406884838983,
          "alignment": 0.9994138920064846
        },
        "six_way_macro_f1": 0.8045135025521497,
        "six_way_balanced_accuracy": 0.8461321623738315,
        "six_way_confusion_matrix": [
          [
            180,
            0,
            0,
            0,
            1,
            6
          ],
          [
            0,
            390,
            0,
            2,
            0,
            0
          ],
          [
            0,
            0,
            43,
            1,
            0,
            0
          ],
          [
            2,
            21,
            19,
            553,
            0,
            0
          ],
          [
            1,
            0,
            0,
            0,
            4,
            7
          ],
          [
            0,
            0,
            0,
            0,
            21,
            153
          ]
        ],
        "six_way_labels": [
          "visual",
          "language-prior",
          "alignment",
          "mixed",
          "unclear",
          "no-failure"
        ],
        "signature_mse": 0.16914408332314668
      },
      "prediction_sets": {
        "coverage": 0.8846153846153846,
        "average_set_size": 2.822649572649573,
        "singleton_rate": 0.21153846153846154,
        "empty_set_rate": 0.1103988603988604
      },
      "action_counts": {
        "blur": 1051,
        "blank": 1327,
        "grounding": 926,
        "crop": 735,
        "stop": 1404,
        "brightness": 567,
        "noise": 260,
        "relation": 12
      }
    },
    "proactive_global_aps|4|0.95": {
      "row_count": 1404,
      "mean_acquisition_cost": 3.4743589743589745,
      "diagnostic": {
        "record_count": 1404,
        "source_bit_micro_f1": 0.981420208704505,
        "source_bit_macro_f1": 0.9826157454186438,
        "source_bit_hamming_loss": 0.017331433998100665,
        "source_bit_auroc": {
          "visual": 0.9897607723722134,
          "language": 0.9994406884838983,
          "alignment": 0.9994138920064846
        },
        "six_way_macro_f1": 0.8045135025521497,
        "six_way_balanced_accuracy": 0.8461321623738315,
        "six_way_confusion_matrix": [
          [
            180,
            0,
            0,
            0,
            1,
            6
          ],
          [
            0,
            390,
            0,
            2,
            0,
            0
          ],
          [
            0,
            0,
            43,
            1,
            0,
            0
          ],
          [
            2,
            21,
            19,
            553,
            0,
            0
          ],
          [
            1,
            0,
            0,
            0,
            4,
            7
          ],
          [
            0,
            0,
            0,
            0,
            21,
            153
          ]
        ],
        "six_way_labels": [
          "visual",
          "language-prior",
          "alignment",
          "mixed",
          "unclear",
          "no-failure"
        ],
        "signature_mse": 0.16914408332314668
      },
      "prediction_sets": {
        "coverage": 0.9992877492877493,
        "average_set_size": 4.355413105413105,
        "singleton_rate": 0.16096866096866097,
        "empty_set_rate": 0.0
      },
      "action_counts": {
        "blur": 1051,
        "blank": 1327,
        "grounding": 926,
        "crop": 735,
        "stop": 1404,
        "brightness": 567,
        "noise": 260,
        "relation": 12
      }
    },
    "proactive_global_aps|7|0.9": {
      "row_count": 1404,
      "mean_acquisition_cost": 4.045584045584046,
      "diagnostic": {
        "record_count": 1404,
        "source_bit_micro_f1": 0.9924242424242424,
        "source_bit_macro_f1": 0.9927307260640594,
        "source_bit_hamming_loss": 0.007122507122507123,
        "source_bit_auroc": {
          "visual": 0.997046572496461,
          "language": 0.9995366287804559,
          "alignment": 0.9998940017458536
        },
        "six_way_macro_f1": 0.8397470443491297,
        "six_way_balanced_accuracy": 0.8612542613701697,
        "six_way_confusion_matrix": [
          [
            184,
            0,
            0,
            0,
            2,
            1
          ],
          [
            0,
            390,
            0,
            2,
            0,
            0
          ],
          [
            0,
            0,
            43,
            1,
            0,
            0
          ],
          [
            0,
            5,
            6,
            584,
            0,
            0
          ],
          [
            0,
            0,
            0,
            0,
            4,
            8
          ],
          [
            0,
            0,
            0,
            0,
            18,
            156
          ]
        ],
        "six_way_labels": [
          "visual",
          "language-prior",
          "alignment",
          "mixed",
          "unclear",
          "no-failure"
        ],
        "signature_mse": 0.16735269836030514
      },
      "prediction_sets": {
        "coverage": 0.8839031339031339,
        "average_set_size": 2.8155270655270654,
        "singleton_rate": 0.25071225071225073,
        "empty_set_rate": 0.11467236467236468
      },
      "action_counts": {
        "blur": 1077,
        "blank": 1362,
        "grounding": 958,
        "crop": 808,
        "brightness": 677,
        "stop": 1404,
        "noise": 783,
        "relation": 15
      }
    },
    "proactive_global_aps|7|0.95": {
      "row_count": 1404,
      "mean_acquisition_cost": 4.045584045584046,
      "diagnostic": {
        "record_count": 1404,
        "source_bit_micro_f1": 0.9924242424242424,
        "source_bit_macro_f1": 0.9927307260640594,
        "source_bit_hamming_loss": 0.007122507122507123,
        "source_bit_auroc": {
          "visual": 0.997046572496461,
          "language": 0.9995366287804559,
          "alignment": 0.9998940017458536
        },
        "six_way_macro_f1": 0.8397470443491297,
        "six_way_balanced_accuracy": 0.8612542613701697,
        "six_way_confusion_matrix": [
          [
            184,
            0,
            0,
            0,
            2,
            1
          ],
          [
            0,
            390,
            0,
            2,
            0,
            0
          ],
          [
            0,
            0,
            43,
            1,
            0,
            0
          ],
          [
            0,
            5,
            6,
            584,
            0,
            0
          ],
          [
            0,
            0,
            0,
            0,
            4,
            8
          ],
          [
            0,
            0,
            0,
            0,
            18,
            156
          ]
        ],
        "six_way_labels": [
          "visual",
          "language-prior",
          "alignment",
          "mixed",
          "unclear",
          "no-failure"
        ],
        "signature_mse": 0.16735269836030514
      },
      "prediction_sets": {
        "coverage": 1.0,
        "average_set_size": 4.264245014245014,
        "singleton_rate": 0.18874643874643873,
        "empty_set_rate": 0.0
      },
      "action_counts": {
        "blur": 1077,
        "blank": 1362,
        "grounding": 958,
        "crop": 808,
        "brightness": 677,
        "stop": 1404,
        "noise": 783,
        "relation": 15
      }
    }
  },
  "csv_path": "outputs/week8_ablations/no_signature_regression/frontier/frontier_validation.csv",
  "csv_sha256": "f2409cec747fc72638116197fd8530415258d4ba984b7c5204358c47b55687ce",
  "trajectory_path": "outputs/week8_ablations/no_signature_regression/frontier/trajectories_validation.jsonl",
  "trajectory_sha256": "ee8a06cc8c687f35f7ef66db2a4c8681cb5741284de62f8999b09162b2d5a4f0",
  "report_sha256": "37d0c56d42bab66aa03481a8e2f5ec3f135f652c099043c1d9cbedd4e2443426"
}
	Command being timed: "timeout --signal=TERM --kill-after=5m 1200s env CUDA_VISIBLE_DEVICES=1 python scripts/eval_week8_ablation.py --week8_config configs/experiments/week8_evaluation.yaml --ablation_id no_signature_regression --manifest_path outputs/week5_data/vectorized_manifest.json --diagnostic_checkpoint outputs/week8_ablations/no_signature_regression/diagnostic_checkpoints/diag_deep_sets_standard_seed42.best.pt --policy_checkpoint outputs/week8_ablations/no_signature_regression/policy_checkpoints/policy_deep_sets_standard_lambda0_seed42.best.pt --aps_report outputs/week8_ablations/no_signature_regression/temporary_aps/temporary_aps_deep_sets_standard_seed42.json --freeze_manifest outputs/week8_ablations/no_signature_regression/freeze/week8_stack_freeze.json --teacher_path outputs/teacher_core_contract_v1_recovered --output_dir outputs/week8_ablations/no_signature_regression/frontier --budgets 1 2 3 4 7 --coverages 0.90 0.95 --seed 42 --device cuda:0 --resume"
	User time (seconds): 96.11
	System time (seconds): 6.33
	Percent of CPU this job got: 113%
	Elapsed (wall clock) time (h:mm:ss or m:ss): 1:30.37
	Average shared text size (kbytes): 0
	Average unshared data size (kbytes): 0
	Average stack size (kbytes): 0
	Average total size (kbytes): 0
	Maximum resident set size (kbytes): 1104856
	Average resident set size (kbytes): 0
	Major (requiring I/O) page faults: 0
	Minor (reclaiming a frame) page faults: 212032
	Voluntary context switches: 1607
	Involuntary context switches: 103343
	Swaps: 0
	File system inputs: 0
	File system outputs: 75928
	Socket messages sent: 0
	Socket messages received: 0
	Signals delivered: 0
	Page size (bytes): 4096
	Exit status: 0
no_signature_regression validation frontier exit code: 0
===== shared_vs_independent_heads diagnostic training =====
Timeout 2700s; worker ceiling remaining 2741s
2026-09-12 22:04:44,416 INFO [train_diag] Completed diagnostic run verified; training is unchanged
{
  "encoder": "deep_sets",
  "gru_condition": "standard",
  "seed": 42,
  "budgets": [
    1,
    2,
    4
  ],
  "config_approval": "APPROVED",
  "pilot": false,
  "manifest": "outputs/week5_data/vectorized_manifest.json",
  "output": "outputs/week8_ablations/shared_vs_independent_heads/diagnostic_checkpoints/diag_deep_sets_standard_seed42.best.pt"
}
{
  "best_epoch": 8,
  "checkpoint_path": "outputs/week8_ablations/shared_vs_independent_heads/diagnostic_checkpoints/diag_deep_sets_standard_seed42.best.pt",
  "checkpoint_sha256": "5001ef1c30fb93e3b5e251c90a0717322588c92e6c75eb1a38fec201abec6d2e",
  "config_sha256": "4240f23d700bd50a1ccc30aea2391143b820254edc186882a64d145bb637f133",
  "encoder_name": "deep_sets",
  "format_version": "week5_validation_report_v1",
  "gru_condition": "standard",
  "metrics": {
    "is_valid": true,
    "record_count": 60483,
    "signature_mse": 0.05630558290837019,
    "six_way_balanced_accuracy": 0.573649765661719,
    "six_way_confusion_matrix": [
      [
        4358,
        150,
        456,
        83,
        1168,
        1840
      ],
      [
        204,
        5360,
        366,
        62,
        1856,
        9004
      ],
      [
        33,
        5,
        1225,
        100,
        467,
        58
      ],
      [
        2065,
        605,
        2696,
        18932,
        1082,
        276
      ],
      [
        87,
        1,
        115,
        0,
        189,
        127
      ],
      [
        248,
        90,
        271,
        0,
        654,
        6250
      ]
    ],
    "six_way_labels": [
      "visual",
      "language-prior",
      "alignment",
      "mixed",
      "unclear",
      "no-failure"
    ],
    "six_way_macro_f1": 0.4666653619799724,
    "source_bit_auroc": {
      "alignment": 0.9860841192123634,
      "language": 0.8835497530808173,
      "visual": 0.9594935246421289
    },
    "source_bit_hamming_loss": 0.13333774228571113,
    "source_bit_macro_f1": 0.8653911768237181,
    "source_bit_micro_f1": 0.8618969335799256
  },
  "pilot": false,
  "report_sha256": "c0417706a703e68402c983144daac17ec8c805dcefb7307eb76fe5e7f53f5c81",
  "scientifically_weighted": true,
  "seed": 42,
  "source_manifest_sha256": "1fac2c343e57ca8b6702c4e6a282a7b86a48042a6d133ba84612b5b1c50201ae",
  "stratified_metrics": {
    "pooled": {
      "record_count": 60483,
      "signature_mse": 0.05630558290837019,
      "six_way_balanced_accuracy": 0.573649765661719,
      "six_way_confusion_matrix": [
        [
          4358,
          150,
          456,
          83,
          1168,
          1840
        ],
        [
          204,
          5360,
          366,
          62,
          1856,
          9004
        ],
        [
          33,
          5,
          1225,
          100,
          467,
          58
        ],
        [
          2065,
          605,
          2696,
          18932,
          1082,
          276
        ],
        [
          87,
          1,
          115,
          0,
          189,
          127
        ],
        [
          248,
          90,
          271,
          0,
          654,
          6250
        ]
      ],
      "six_way_labels": [
        "visual",
        "language-prior",
        "alignment",
        "mixed",
        "unclear",
        "no-failure"
      ],
      "six_way_macro_f1": 0.4666653619799724,
      "source_bit_auroc": {
        "alignment": 0.9860841192123634,
        "language": 0.8835497530808173,
        "visual": 0.9594935246421289
      },
      "source_bit_hamming_loss": 0.13333774228571113,
      "source_bit_macro_f1": 0.8653911768237181,
      "source_bit_micro_f1": 0.8618969335799256
    },
    "within_budget": {
      "1": {
        "record_count": 9844,
        "signature_mse": 0.06944572836944883,
        "six_way_balanced_accuracy": 0.48864412625024517,
        "six_way_confusion_matrix": [
          [
            478,
            54,
            122,
            13,
            266,
            377
          ],
          [
            56,
            446,
            85,
            10,
            357,
            1793
          ],
          [
            8,
            2,
            179,
            19,
            91,
            9
          ],
          [
            326,
            71,
            544,
            2898,
            267,
            66
          ],
          [
            16,
            0,
            22,
            0,
            26,
            20
          ],
          [
            44,
            27,
            55,
            0,
            95,
            1002
          ]
        ],
        "six_way_labels": [
          "visual",
          "language-prior",
          "alignment",
          "mixed",
          "unclear",
          "no-failure"
        ],
        "six_way_macro_f1": 0.378508072185002,
        "source_bit_auroc": {
          "alignment": 0.9786507849491605,
          "language": 0.7942392513915636,
          "visual": 0.9340206969780186
        },
        "source_bit_hamming_loss": 0.175301368007585,
        "source_bit_macro_f1": 0.8272839021783686,
        "source_bit_micro_f1": 0.8207347899858028
      },
      "2": {
        "record_count": 17531,
        "signature_mse": 0.061117652587430155,
        "six_way_balanced_accuracy": 0.5396012322232732,
        "six_way_confusion_matrix": [
          [
            1100,
            48,
            159,
            26,
            382,
            617
          ],
          [
            70,
            1250,
            129,
            21,
            578,
            2839
          ],
          [
            12,
            1,
            339,
            32,
            146,
            18
          ],
          [
            597,
            176,
            899,
            5302,
            373,
            93
          ],
          [
            26,
            0,
            37,
            0,
            53,
            35
          ],
          [
            81,
            31,
            88,
            0,
            174,
            1799
          ]
        ],
        "six_way_labels": [
          "visual",
          "language-prior",
          "alignment",
          "mixed",
          "unclear",
          "no-failure"
        ],
        "six_way_macro_f1": 0.43002616330438603,
        "source_bit_auroc": {
          "alignment": 0.9833683104764375,
          "language": 0.8559298849132874,
          "visual": 0.9488141737983554
        },
        "source_bit_hamming_loss": 0.14876504477782215,
        "source_bit_macro_f1": 0.8511286843450501,
        "source_bit_micro_f1": 0.8465882352941176
      },
      "4": {
        "record_count": 33108,
        "signature_mse": 0.049850587576049966,
        "six_way_balanced_accuracy": 0.6169595462023326,
        "six_way_confusion_matrix": [
          [
            2780,
            48,
            175,
            44,
            520,
            846
          ],
          [
            78,
            3664,
            152,
            31,
            921,
            4372
          ],
          [
            13,
            2,
            707,
            49,
            230,
            31
          ],
          [
            1142,
            358,
            1253,
            10732,
            442,
            117
          ],
          [
            45,
            1,
            56,
            0,
            110,
            72
          ],
          [
            123,
            32,
            128,
            0,
            385,
            3449
          ]
        ],
        "six_way_labels": [
          "visual",
          "language-prior",
          "alignment",
          "mixed",
          "unclear",
          "no-failure"
        ],
        "six_way_macro_f1": 0.5115292336474054,
        "source_bit_auroc": {
          "alignment": 0.989182637622082,
          "language": 0.9166384211583308,
          "visual": 0.9705415569663597
        },
        "source_bit_hamming_loss": 0.11269179654464177,
        "source_bit_macro_f1": 0.8847609094409966,
        "source_bit_micro_f1": 0.8825609333850948
      }
    },
    "within_dataset": {
      "hallusionbench": {
        "record_count": 7831,
        "signature_mse": 0.06587232554773621,
        "six_way_balanced_accuracy": 0.4511628643644874,
        "six_way_confusion_matrix": [
          [
            609,
            43,
            37,
            0,
            260,
            300
          ],
          [
            88,
            986,
            87,
            18,
            1009,
            650
          ],
          [
            18,
            3,
            222,
            17,
            203,
            5
          ],
          [
            394,
            274,
            438,
            731,
            510,
            68
          ],
          [
            28,
            1,
            12,
            0,
            133,
            85
          ],
          [
            13,
            13,
            28,
            0,
            198,
            350
          ]
        ],
        "six_way_labels": [
          "visual",
          "language-prior",
          "alignment",
          "mixed",
          "unclear",
          "no-failure"
        ],
        "six_way_macro_f1": 0.3714104094672465,
        "source_bit_auroc": {
          "alignment": 0.9145108989371283,
          "language": 0.8121290412204244,
          "visual": 0.8489139389096312
        },
        "source_bit_hamming_loss": 0.2024432809773124,
        "source_bit_macro_f1": 0.7333873151082466,
        "source_bit_micro_f1": 0.7573221757322176
      },
      "pope": {
        "record_count": 23084,
        "signature_mse": 0.053382504605297934,
        "six_way_balanced_accuracy": 0.554605337385814,
        "six_way_confusion_matrix": [
          [
            2037,
            66,
            18,
            0,
            395,
            1349
          ],
          [
            56,
            3805,
            36,
            11,
            474,
            7756
          ],
          [
            0,
            0,
            0,
            0,
            0,
            0
          ],
          [
            261,
            132,
            119,
            591,
            197,
            59
          ],
          [
            0,
            0,
            0,
            0,
            0,
            0
          ],
          [
            106,
            49,
            4,
            0,
            167,
            5396
          ]
        ],
        "six_way_labels": [
          "visual",
          "language-prior",
          "alignment",
          "mixed",
          "unclear",
          "no-failure"
        ],
        "six_way_macro_f1": 0.37483417198086344,
        "source_bit_auroc": {
          "alignment": 0.9913466342145079,
          "language": 0.8748930964376194,
          "visual": 0.9323219822866207
        },
        "source_bit_hamming_loss": 0.11182348524230347,
        "source_bit_macro_f1": 0.8065630821742853,
        "source_bit_micro_f1": 0.8114255101543856
      },
      "vizwiz": {
        "record_count": 26963,
        "signature_mse": 0.05494205352372772,
        "six_way_balanced_accuracy": 0.4954798476785205,
        "six_way_confusion_matrix": [
          [
            1432,
            1,
            401,
            83,
            381,
            79
          ],
          [
            52,
            328,
            170,
            21,
            185,
            328
          ],
          [
            15,
            2,
            1003,
            83,
            264,
            53
          ],
          [
            1228,
            135,
            2092,
            17386,
            298,
            126
          ],
          [
            59,
            0,
            103,
            0,
            56,
            42
          ],
          [
            88,
            0,
            239,
            0,
            47,
            183
          ]
        ],
        "six_way_labels": [
          "visual",
          "language-prior",
          "alignment",
          "mixed",
          "unclear",
          "no-failure"
        ],
        "six_way_macro_f1": 0.4293634821108184,
        "source_bit_auroc": {
          "alignment": 0.9661563550393518,
          "language": 0.8808085867721189,
          "visual": 0.9543254334079171
        },
        "source_bit_hamming_loss": 0.1241701591069243,
        "source_bit_macro_f1": 0.8661948202349375,
        "source_bit_micro_f1": 0.9077601248966847
      },
      "vsr": {
        "record_count": 2605,
        "signature_mse": 0.06756240468854664,
        "six_way_balanced_accuracy": 0.4179263060069895,
        "six_way_confusion_matrix": [
          [
            280,
            40,
            0,
            0,
            132,
            112
          ],
          [
            8,
            241,
            73,
            12,
            188,
            270
          ],
          [
            0,
            0,
            0,
            0,
            0,
            0
          ],
          [
            182,
            64,
            47,
            224,
            77,
            23
          ],
          [
            0,
            0,
            0,
            0,
            0,
            0
          ],
          [
            41,
            28,
            0,
            0,
            242,
            321
          ]
        ],
        "six_way_labels": [
          "visual",
          "language-prior",
          "alignment",
          "mixed",
          "unclear",
          "no-failure"
        ],
        "six_way_macro_f1": 0.32210389107935394,
        "source_bit_auroc": {
          "alignment": 0.9066765113885532,
          "language": 0.8435608335478213,
          "visual": 0.8857010773629072
        },
        "source_bit_hamming_loss": 0.21113243761996162,
        "source_bit_macro_f1": 0.6758208711387902,
        "source_bit_micro_f1": 0.7071352502662407
      }
    },
    "within_model": {
      "Qwen/Qwen3-VL-8B-Instruct": {
        "record_count": 30242,
        "signature_mse": 0.053412636602229974,
        "six_way_balanced_accuracy": 0.5288295945366843,
        "six_way_confusion_matrix": [
          [
            2301,
            94,
            269,
            57,
            519,
            982
          ],
          [
            110,
            2704,
            141,
            28,
            889,
            4619
          ],
          [
            26,
            5,
            1105,
            55,
            425,
            58
          ],
          [
            1573,
            314,
            2123,
            6135,
            548,
            171
          ],
          [
            72,
            1,
            115,
            0,
            118,
            127
          ],
          [
            188,
            51,
            161,
            0,
            456,
            3702
          ]
        ],
        "six_way_labels": [
          "visual",
          "language-prior",
          "alignment",
          "mixed",
          "unclear",
          "no-failure"
        ],
        "six_way_macro_f1": 0.45126228437630433,
        "source_bit_auroc": {
          "alignment": 0.9786014060383292,
          "language": 0.8926570260865162,
          "visual": 0.9425804081393674
        },
        "source_bit_hamming_loss": 0.14013623437603334,
        "source_bit_macro_f1": 0.8403278007058171,
        "source_bit_micro_f1": 0.8365893784381265
      },
      "google/gemma-4-E4B-it": {
        "record_count": 30241,
        "signature_mse": 0.059198624877560786,
        "six_way_balanced_accuracy": 0.6613411524413372,
        "six_way_confusion_matrix": [
          [
            2057,
            56,
            187,
            26,
            649,
            858
          ],
          [
            94,
            2656,
            225,
            34,
            967,
            4385
          ],
          [
            7,
            0,
            120,
            45,
            42,
            0
          ],
          [
            492,
            291,
            573,
            12797,
            534,
            105
          ],
          [
            15,
            0,
            0,
            0,
            71,
            0
          ],
          [
            60,
            39,
            110,
            0,
            198,
            2548
          ]
        ],
        "six_way_labels": [
          "visual",
          "language-prior",
          "alignment",
          "mixed",
          "unclear",
          "no-failure"
        ],
        "six_way_macro_f1": 0.4517791070137714,
        "source_bit_auroc": {
          "alignment": 0.992128978818412,
          "language": 0.870264082821592,
          "visual": 0.9726482885062049
        },
        "source_bit_hamming_loss": 0.12653902538496303,
        "source_bit_macro_f1": 0.8854595084504341,
        "source_bit_micro_f1": 0.8821161587119034
      }
    }
  },
  "train_rows": 436429,
  "validation_rows": 60483
}
	Command being timed: "timeout --signal=TERM --kill-after=5m 2700s env CUDA_VISIBLE_DEVICES=1 python scripts/train_diag.py --config outputs/week8_data/ablation_configs/shared_vs_independent_heads_diag.yaml --manifest_path outputs/week5_data/vectorized_manifest.json --encoder deep_sets --seed 42 --device cuda:0 --output_dir outputs/week8_ablations/shared_vs_independent_heads/diagnostic_checkpoints --resume"
	User time (seconds): 8.42
	System time (seconds): 5.61
	Percent of CPU this job got: 610%
	Elapsed (wall clock) time (h:mm:ss or m:ss): 0:02.29
	Average shared text size (kbytes): 0
	Average unshared data size (kbytes): 0
	Average stack size (kbytes): 0
	Average total size (kbytes): 0
	Maximum resident set size (kbytes): 531308
	Average resident set size (kbytes): 0
	Major (requiring I/O) page faults: 0
	Minor (reclaiming a frame) page faults: 87836
	Voluntary context switches: 260
	Involuntary context switches: 89740
	Swaps: 0
	File system inputs: 0
	File system outputs: 0
	Socket messages sent: 0
	Socket messages received: 0
	Signals delivered: 0
	Page size (bytes): 4096
	Exit status: 0
shared_vs_independent_heads diagnostic training exit code: 0
===== shared_vs_independent_heads diagnostic freeze =====
Timeout 600s; worker ceiling remaining 2739s
{
  "artifacts": {
    "diagnostic_checkpoint": {
      "path": "outputs/week8_ablations/shared_vs_independent_heads/diagnostic_checkpoints/diag_deep_sets_standard_seed42.best.pt",
      "sha256": "5001ef1c30fb93e3b5e251c90a0717322588c92e6c75eb1a38fec201abec6d2e"
    },
    "diagnostic_config": {
      "path": "outputs/week8_data/ablation_configs/shared_vs_independent_heads_diag.yaml",
      "sha256": "4240f23d700bd50a1ccc30aea2391143b820254edc186882a64d145bb637f133"
    },
    "policy_config": {
      "path": "outputs/week8_data/ablation_configs/shared_vs_independent_heads_policy.yaml",
      "sha256": "9aa3b19f12e0752cfbbaa17800ca45e70d4c6e13bf35b3b32e58594956fe6ea5"
    },
    "selection_report": {
      "path": "outputs/week8_ablations/shared_vs_independent_heads/freeze/predeclared_selection.json",
      "sha256": "64e0c03340da8ca2371e79c3cc8b504f27339fea6962f266a5df141f59a11c37"
    },
    "vector_manifest": {
      "path": "outputs/week5_data/vectorized_manifest.json",
      "sha256": "1fac2c343e57ca8b6702c4e6a282a7b86a48042a6d133ba84612b5b1c50201ae"
    },
    "week8_config": {
      "path": "configs/experiments/week8_evaluation.yaml",
      "sha256": "59748c18da7375db6140f05d6c5ec2670c6ce19eeb25b5931e94868ffe7d9cf6"
    }
  },
  "format_version": "proactive_stack_freeze_v1",
  "freeze_sha256": "870efab2a6dab29c00986516a55fcf80d6b00dfffe3aaa25aedb8d77ef7cd82d",
  "owner_approved": true,
  "status": "FROZEN"
}

	Command being timed: "timeout --signal=TERM --kill-after=5m 600s python scripts/freeze_week8_diagnostic.py --week8_config configs/experiments/week8_evaluation.yaml --ablation_id shared_vs_independent_heads --diag_config outputs/week8_data/ablation_configs/shared_vs_independent_heads_diag.yaml --policy_config outputs/week8_data/ablation_configs/shared_vs_independent_heads_policy.yaml --vector_manifest outputs/week5_data/vectorized_manifest.json --diagnostic_checkpoint outputs/week8_ablations/shared_vs_independent_heads/diagnostic_checkpoints/diag_deep_sets_standard_seed42.best.pt --output_dir outputs/week8_ablations/shared_vs_independent_heads/freeze --approve_freeze --overwrite"
	User time (seconds): 1.73
	System time (seconds): 5.32
	Percent of CPU this job got: 519%
	Elapsed (wall clock) time (h:mm:ss or m:ss): 0:01.35
	Average shared text size (kbytes): 0
	Average unshared data size (kbytes): 0
	Average stack size (kbytes): 0
	Average total size (kbytes): 0
	Maximum resident set size (kbytes): 433996
	Average resident set size (kbytes): 0
	Major (requiring I/O) page faults: 0
	Minor (reclaiming a frame) page faults: 63185
	Voluntary context switches: 176
	Involuntary context switches: 154371
	Swaps: 0
	File system inputs: 0
	File system outputs: 16
	Socket messages sent: 0
	Socket messages received: 0
	Signals delivered: 0
	Page size (bytes): 4096
	Exit status: 0
shared_vs_independent_heads diagnostic freeze exit code: 0
===== shared_vs_independent_heads temporary validation APS =====
Timeout 900s; worker ceiling remaining 2737s
{
  "budgets": [
    1,
    2,
    3,
    4,
    7
  ],
  "calibration_split_used": false,
  "checkpoint_path": "outputs/week8_ablations/shared_vs_independent_heads/diagnostic_checkpoints/diag_deep_sets_standard_seed42.best.pt",
  "checkpoint_sha256": "5001ef1c30fb93e3b5e251c90a0717322588c92e6c75eb1a38fec201abec6d2e",
  "config_sha256": "4240f23d700bd50a1ccc30aea2391143b820254edc186882a64d145bb637f133",
  "coverages": [
    0.9,
    0.95
  ],
  "fit_split": "val",
  "format_version": "temporary_validation_aps_v1",
  "limit": null,
  "report_sha256": "91d37eb357079a64fd558fa661e52bcf9f7feeeb076a366425225c1d58f86724",
  "source_manifest_sha256": "1fac2c343e57ca8b6702c4e6a282a7b86a48042a6d133ba84612b5b1c50201ae",
  "status": "TEMPORARY_NOT_FINAL_CALIBRATION",
  "test_split_used": false,
  "thresholds": {
    "1": {
      "0.9": {
        "alpha": 0.09999999999999998,
        "calibration_count": 9844,
        "target_coverage": 0.9,
        "threshold": 0.9999598264694214,
        "validation_metrics": {
          "average_set_size": 3.4964445347419746,
          "coverage": 0.900142218610321,
          "empty_set_rate": 0.05170662332385209,
          "singleton_rate": 0.2306989028850061
        }
      },
      "0.95": {
        "alpha": 0.050000000000000044,
        "calibration_count": 9844,
        "target_coverage": 0.95,
        "threshold": 0.9999908804893494,
        "validation_metrics": {
          "average_set_size": 3.70865501828525,
          "coverage": 0.9501219016659894,
          "empty_set_rate": 0.012799674928890694,
          "singleton_rate": 0.20012190166598945
        }
      }
    },
    "2": {
      "0.9": {
        "alpha": 0.09999999999999998,
        "calibration_count": 17531,
        "target_coverage": 0.9,
        "threshold": 0.9999773353338242,
        "validation_metrics": {
          "average_set_size": 3.228965831954823,
          "coverage": 0.9000627459928128,
          "empty_set_rate": 0.052535508527750845,
          "singleton_rate": 0.2896012777365809
        }
      },
      "0.95": {
        "alpha": 0.050000000000000044,
        "calibration_count": 17531,
        "target_coverage": 0.95,
        "threshold": 0.9999963045120239,
        "validation_metrics": {
          "average_set_size": 3.5376190747818153,
          "coverage": 0.9504306656779419,
          "empty_set_rate": 0.015287205521647368,
          "singleton_rate": 0.1954252467058354
        }
      }
    },
    "3": {
      "0.9": {
        "alpha": 0.09999999999999998,
        "calibration_count": 25419,
        "target_coverage": 0.9,
        "threshold": 0.9999855756759644,
        "validation_metrics": {
          "average_set_size": 3.0513395491561432,
          "coverage": 0.9001140878870136,
          "empty_set_rate": 0.05582438333530037,
          "singleton_rate": 0.31476454620559424
        }
      },
      "0.95": {
        "alpha": 0.050000000000000044,
        "calibration_count": 25419,
        "target_coverage": 0.95,
        "threshold": 0.9999982118606567,
        "validation_metrics": {
          "average_set_size": 3.4242889177386995,
          "coverage": 0.9505881427278807,
          "empty_set_rate": 0.01911955623746017,
          "singleton_rate": 0.2013454502537472
        }
      }
    },
    "4": {
      "0.9": {
        "alpha": 0.09999999999999998,
        "calibration_count": 33108,
        "target_coverage": 0.9,
        "threshold": 0.999988317489624,
        "validation_metrics": {
          "average_set_size": 2.9118642020055576,
          "coverage": 0.9002053884257581,
          "empty_set_rate": 0.059169989126495105,
          "singleton_rate": 0.3273227014618823
        }
      },
      "0.95": {
        "alpha": 0.050000000000000044,
        "calibration_count": 33108,
        "target_coverage": 0.95,
        "threshold": 0.9999988339841366,
        "validation_metrics": {
          "average_set_size": 3.3603660746647335,
          "coverage": 0.950042285852362,
          "empty_set_rate": 0.023196810438564697,
          "singleton_rate": 0.21191252869397126
        }
      }
    },
    "7": {
      "0.9": {
        "alpha": 0.09999999999999998,
        "calibration_count": 37368,
        "target_coverage": 0.9,
        "threshold": 0.9999911785125732,
        "validation_metrics": {
          "average_set_size": 2.811897880539499,
          "coverage": 0.9001016912866624,
          "empty_set_rate": 0.06395846713765789,
          "singleton_rate": 0.32455576964247485
        }
      },
      "0.95": {
        "alpha": 0.050000000000000044,
        "calibration_count": 37368,
        "target_coverage": 0.95,
        "threshold": 0.9999991357326508,
        "validation_metrics": {
          "average_set_size": 3.2666720188396488,
          "coverage": 0.9500909869406979,
          "empty_set_rate": 0.025529865125240848,
          "singleton_rate": 0.2239884393063584
        }
      }
    }
  }
}
	Command being timed: "timeout --signal=TERM --kill-after=5m 900s env CUDA_VISIBLE_DEVICES=1 python scripts/fit_temporary_aps.py --config outputs/week8_data/ablation_configs/shared_vs_independent_heads_diag.yaml --manifest_path outputs/week5_data/vectorized_manifest.json --checkpoint outputs/week8_ablations/shared_vs_independent_heads/diagnostic_checkpoints/diag_deep_sets_standard_seed42.best.pt --output_dir outputs/week8_ablations/shared_vs_independent_heads/temporary_aps --seed 42 --device cuda:0 --resume"
	User time (seconds): 8.30
	System time (seconds): 5.53
	Percent of CPU this job got: 606%
	Elapsed (wall clock) time (h:mm:ss or m:ss): 0:02.28
	Average shared text size (kbytes): 0
	Average unshared data size (kbytes): 0
	Average stack size (kbytes): 0
	Average total size (kbytes): 0
	Maximum resident set size (kbytes): 531152
	Average resident set size (kbytes): 0
	Major (requiring I/O) page faults: 0
	Minor (reclaiming a frame) page faults: 87524
	Voluntary context switches: 254
	Involuntary context switches: 139926
	Swaps: 0
	File system inputs: 0
	File system outputs: 0
	Socket messages sent: 0
	Socket messages received: 0
	Signals delivered: 0
	Page size (bytes): 4096
	Exit status: 0
shared_vs_independent_heads temporary validation APS exit code: 0
===== shared_vs_independent_heads VOI targets =====
Timeout 2700s; worker ceiling remaining 2735s
2026-09-12 22:04:57,484 INFO [build_voi_targets] Validated complete VOI output; skipping
	Command being timed: "timeout --signal=TERM --kill-after=5m 2700s env CUDA_VISIBLE_DEVICES=1 python scripts/build_voi_targets.py --config outputs/week8_data/ablation_configs/shared_vs_independent_heads_policy.yaml --manifest_path outputs/week5_data/vectorized_manifest.json --state_manifest outputs/week4_reports/final/state_manifest.json --checkpoint outputs/week8_ablations/shared_vs_independent_heads/diagnostic_checkpoints/diag_deep_sets_standard_seed42.best.pt --freeze_manifest outputs/week8_ablations/shared_vs_independent_heads/freeze/week8_diagnostic_freeze.json --temporary_aps outputs/week8_ablations/shared_vs_independent_heads/temporary_aps/temporary_aps_deep_sets_standard_seed42.json --teacher_path outputs/teacher_core_contract_v1_recovered --output_dir outputs/week8_ablations/shared_vs_independent_heads/voi --seed 42 --inference_batch_size 512 --device cuda:0 --resume"
	User time (seconds): 9.17
	System time (seconds): 5.99
	Percent of CPU this job got: 163%
	Elapsed (wall clock) time (h:mm:ss or m:ss): 0:09.29
	Average shared text size (kbytes): 0
	Average unshared data size (kbytes): 0
	Average stack size (kbytes): 0
	Average total size (kbytes): 0
	Maximum resident set size (kbytes): 435428
	Average resident set size (kbytes): 0
	Major (requiring I/O) page faults: 0
	Minor (reclaiming a frame) page faults: 61759
	Voluntary context switches: 178
	Involuntary context switches: 33648
	Swaps: 0
	File system inputs: 0
	File system outputs: 0
	Socket messages sent: 0
	Socket messages received: 0
	Signals delivered: 0
	Page size (bytes): 4096
	Exit status: 0
shared_vs_independent_heads VOI targets exit code: 0
===== shared_vs_independent_heads policy training =====
Timeout 2700s; worker ceiling remaining 2726s
2026-09-12 22:07:32,765 INFO [train_policy] epoch=19 val_loss=0.602363 oracle_agreement=0.8053
2026-09-12 22:08:36,517 INFO [train_policy] epoch=20 val_loss=0.602403 oracle_agreement=0.8022
2026-09-12 22:09:39,965 INFO [train_policy] epoch=21 val_loss=0.603562 oracle_agreement=0.8058
2026-09-12 22:10:48,858 INFO [train_policy] epoch=22 val_loss=0.601982 oracle_agreement=0.8034
2026-09-12 22:11:54,453 INFO [train_policy] epoch=23 val_loss=0.603044 oracle_agreement=0.8027
2026-09-12 22:13:01,867 INFO [train_policy] epoch=24 val_loss=0.600917 oracle_agreement=0.8050
2026-09-12 22:14:10,649 INFO [train_policy] epoch=25 val_loss=0.602517 oracle_agreement=0.8047
2026-09-12 22:15:16,293 INFO [train_policy] epoch=26 val_loss=0.601568 oracle_agreement=0.8074
2026-09-12 22:16:20,561 INFO [train_policy] epoch=27 val_loss=0.601478 oracle_agreement=0.8051
2026-09-12 22:17:30,086 INFO [train_policy] epoch=28 val_loss=0.602159 oracle_agreement=0.8030
2026-09-12 22:18:31,170 INFO [train_policy] epoch=29 val_loss=0.600720 oracle_agreement=0.8039
{
  "encoder": "deep_sets",
  "gru_condition": "standard",
  "cost_multiplier": 0.0,
  "target_kind": "voi",
  "limit": null,
  "seed": 42,
  "pilot": false,
  "config_approval": "APPROVED",
  "output": "outputs/week8_ablations/shared_vs_independent_heads/policy_checkpoints/policy_deep_sets_standard_lambda0_seed42.best.pt"
}
{
  "format_version": "week6_policy_validation_v1",
  "is_valid": true,
  "fit_split": "train",
  "selection_split": "val",
  "calibration_used": false,
  "test_used": false,
  "encoder_name": "deep_sets",
  "gru_condition": "standard",
  "seed": 42,
  "cost_multiplier": 0.0,
  "target_kind": "voi",
  "train_rows": 436429,
  "validation_rows": 60483,
  "best_epoch": 29,
  "metrics": {
    "total": 0.6007201866094211,
    "ranking": 0.07809145041769101,
    "mse": 0.8194972334692837,
    "action_ce": 0.6355088540210556,
    "best_action_accuracy": 0.8038787758543723,
    "stop_prediction_rate": 0.4024767289982309,
    "row_count": 60483
  },
  "checkpoint_path": "outputs/week8_ablations/shared_vs_independent_heads/policy_checkpoints/policy_deep_sets_standard_lambda0_seed42.best.pt",
  "checkpoint_sha256": "8ff56d4f273834dc89e763121e14ef5ddbd090f4847e5a3677cba350464de178",
  "config_sha256": "9aa3b19f12e0752cfbbaa17800ca45e70d4c6e13bf35b3b32e58594956fe6ea5",
  "source_manifest_sha256": "ca88a1f5b370edf171a69541c2c252011a0f0196e6e4c6ba3dadd6a437fcb390",
  "diagnostic_checkpoint_sha256": "5001ef1c30fb93e3b5e251c90a0717322588c92e6c75eb1a38fec201abec6d2e",
  "vector_manifest_sha256": "1fac2c343e57ca8b6702c4e6a282a7b86a48042a6d133ba84612b5b1c50201ae",
  "week5_freeze_sha256": "a44391e891a7e0146927a16fb8d5d43e6e3c43eaa65cb5d5a83d1edb032cf44f",
  "limit": null,
  "report_sha256": "615c422a76f4a5933e4b8ce2da49695947cae8d88deb9bde3edbcfca9fe40584"
}
	Command being timed: "timeout --signal=TERM --kill-after=5m 2700s env CUDA_VISIBLE_DEVICES=1 python scripts/train_policy.py --config outputs/week8_data/ablation_configs/shared_vs_independent_heads_policy.yaml --manifest_path outputs/week5_data/vectorized_manifest.json --voi_manifest outputs/week8_ablations/shared_vs_independent_heads/voi/voi_manifest.json --diagnostic_checkpoint outputs/week8_ablations/shared_vs_independent_heads/diagnostic_checkpoints/diag_deep_sets_standard_seed42.best.pt --freeze_manifest outputs/week8_ablations/shared_vs_independent_heads/freeze/week8_diagnostic_freeze.json --cost_multiplier 0.0 --target_kind voi --seed 42 --device cuda:0 --output_dir outputs/week8_ablations/shared_vs_independent_heads/policy_checkpoints --resume"
	User time (seconds): 823.58
	System time (seconds): 10.01
	Percent of CPU this job got: 101%
	Elapsed (wall clock) time (h:mm:ss or m:ss): 13:40.05
	Average shared text size (kbytes): 0
	Average unshared data size (kbytes): 0
	Average stack size (kbytes): 0
	Average total size (kbytes): 0
	Maximum resident set size (kbytes): 6057532
	Average resident set size (kbytes): 0
	Major (requiring I/O) page faults: 7
	Minor (reclaiming a frame) page faults: 1515222
	Voluntary context switches: 28701
	Involuntary context switches: 157811
	Swaps: 0
	File system inputs: 3584
	File system outputs: 13920
	Socket messages sent: 0
	Socket messages received: 0
	Signals delivered: 0
	Page size (bytes): 4096
	Exit status: 0
shared_vs_independent_heads policy training exit code: 0
===== shared_vs_independent_heads stack freeze =====
Timeout 600s; worker ceiling remaining 1906s
{
  "artifacts": {
    "diagnostic_checkpoint": {
      "path": "outputs/week8_ablations/shared_vs_independent_heads/diagnostic_checkpoints/diag_deep_sets_standard_seed42.best.pt",
      "sha256": "5001ef1c30fb93e3b5e251c90a0717322588c92e6c75eb1a38fec201abec6d2e"
    },
    "diagnostic_config": {
      "path": "outputs/week8_data/ablation_configs/shared_vs_independent_heads_diag.yaml",
      "sha256": "4240f23d700bd50a1ccc30aea2391143b820254edc186882a64d145bb637f133"
    },
    "policy_checkpoint": {
      "path": "outputs/week8_ablations/shared_vs_independent_heads/policy_checkpoints/policy_deep_sets_standard_lambda0_seed42.best.pt",
      "sha256": "8ff56d4f273834dc89e763121e14ef5ddbd090f4847e5a3677cba350464de178"
    },
    "policy_config": {
      "path": "outputs/week8_data/ablation_configs/shared_vs_independent_heads_policy.yaml",
      "sha256": "9aa3b19f12e0752cfbbaa17800ca45e70d4c6e13bf35b3b32e58594956fe6ea5"
    },
    "selection_report": {
      "path": "outputs/week8_ablations/shared_vs_independent_heads/freeze/predeclared_stack_selection.json",
      "sha256": "62b92d9c1654a801b11be1ecc74dc9b4d0e41c5bf4b84a80d9e8dd0d19615df9"
    },
    "vector_manifest": {
      "path": "outputs/week5_data/vectorized_manifest.json",
      "sha256": "1fac2c343e57ca8b6702c4e6a282a7b86a48042a6d133ba84612b5b1c50201ae"
    },
    "week8_config": {
      "path": "configs/experiments/week8_evaluation.yaml",
      "sha256": "59748c18da7375db6140f05d6c5ec2670c6ce19eeb25b5931e94868ffe7d9cf6"
    }
  },
  "format_version": "proactive_stack_freeze_v1",
  "freeze_sha256": "6ba651eb6afde9612c3c8cf735a955a5a8c826bcf20d8940a9d3d23fd1923d6a",
  "owner_approved": true,
  "status": "FROZEN"
}

	Command being timed: "timeout --signal=TERM --kill-after=5m 600s python scripts/freeze_week8_ablation_stack.py --week8_config configs/experiments/week8_evaluation.yaml --ablation_id shared_vs_independent_heads --diag_config outputs/week8_data/ablation_configs/shared_vs_independent_heads_diag.yaml --policy_config outputs/week8_data/ablation_configs/shared_vs_independent_heads_policy.yaml --vector_manifest outputs/week5_data/vectorized_manifest.json --diagnostic_checkpoint outputs/week8_ablations/shared_vs_independent_heads/diagnostic_checkpoints/diag_deep_sets_standard_seed42.best.pt --policy_checkpoint outputs/week8_ablations/shared_vs_independent_heads/policy_checkpoints/policy_deep_sets_standard_lambda0_seed42.best.pt --output_dir outputs/week8_ablations/shared_vs_independent_heads/freeze --approve_freeze --overwrite"
	User time (seconds): 1.81
	System time (seconds): 5.45
	Percent of CPU this job got: 520%
	Elapsed (wall clock) time (h:mm:ss or m:ss): 0:01.39
	Average shared text size (kbytes): 0
	Average unshared data size (kbytes): 0
	Average stack size (kbytes): 0
	Average total size (kbytes): 0
	Maximum resident set size (kbytes): 433584
	Average resident set size (kbytes): 0
	Major (requiring I/O) page faults: 0
	Minor (reclaiming a frame) page faults: 63272
	Voluntary context switches: 176
	Involuntary context switches: 90951
	Swaps: 0
	File system inputs: 0
	File system outputs: 16
	Socket messages sent: 0
	Socket messages received: 0
	Signals delivered: 0
	Page size (bytes): 4096
	Exit status: 0
shared_vs_independent_heads stack freeze exit code: 0
===== shared_vs_independent_heads validation frontier =====
Timeout 1200s; worker ceiling remaining 1904s
{
  "format_version": "week8_ablation_frontier_v1",
  "status": "COMPLETE",
  "ablation_id": "shared_vs_independent_heads",
  "evaluation_split": "val",
  "calibration_used": false,
  "test_used": false,
  "heldout_shift_used": false,
  "post_test_tuning_used": false,
  "seed": 42,
  "week8_config_sha256": "59748c18da7375db6140f05d6c5ec2670c6ce19eeb25b5931e94868ffe7d9cf6",
  "manifest_sha256": "1fac2c343e57ca8b6702c4e6a282a7b86a48042a6d133ba84612b5b1c50201ae",
  "diagnostic_checkpoint_sha256": "5001ef1c30fb93e3b5e251c90a0717322588c92e6c75eb1a38fec201abec6d2e",
  "policy_checkpoint_sha256": "8ff56d4f273834dc89e763121e14ef5ddbd090f4847e5a3677cba350464de178",
  "aps_sha256": "cc3d9395d3a7d5d9229384b0f21eb9f6c3e2289a6fefd305db438d1b27ea9edd",
  "freeze_manifest_sha256": "ef2f9e2816a72bb9e8131ef0b5192852c3ef62f8fe8498031cf1661a4f2db7f6",
  "budgets": [
    1,
    2,
    3,
    4,
    7
  ],
  "coverages": [
    0.9,
    0.95
  ],
  "base_model_instances": 1404,
  "teacher_files": [
    {
      "path": "outputs/teacher_core_contract_v1_recovered/teacher_gemma4_e4b_all_all_shard00-of-04.jsonl",
      "sha256": "46593391081546c310991894934b1436ecfcf1f07956104d59e9e8f4495e1948",
      "selected_rows": 175
    },
    {
      "path": "outputs/teacher_core_contract_v1_recovered/teacher_gemma4_e4b_all_all_shard01-of-04.jsonl",
      "sha256": "3c7d3ca72753bd49d8f344dd9e468877e75567132de20a81ce20467d52e096a9",
      "selected_rows": 180
    },
    {
      "path": "outputs/teacher_core_contract_v1_recovered/teacher_gemma4_e4b_all_all_shard02-of-04.jsonl",
      "sha256": "bff419cdd17e66ccd9eea1a83e248d5f58e16143d662ebd3ba33625b953018ec",
      "selected_rows": 163
    },
    {
      "path": "outputs/teacher_core_contract_v1_recovered/teacher_gemma4_e4b_all_all_shard03-of-04.jsonl",
      "sha256": "9538751d71a3f8a133be26c2de6d4a4b505b3c780a20ee10a15cd24cd0d8a84e",
      "selected_rows": 184
    },
    {
      "path": "outputs/teacher_core_contract_v1_recovered/teacher_qwen3_vl_8b_all_all_shard00-of-04.jsonl",
      "sha256": "53cc79788e76a9ddcf8df20812e5ca0ca7aa918dad85d249107f3b46003c5be4",
      "selected_rows": 162
    },
    {
      "path": "outputs/teacher_core_contract_v1_recovered/teacher_qwen3_vl_8b_all_all_shard01-of-04.jsonl",
      "sha256": "5bcb3927cfca370cce87c95df969dde3f24c26cd901c9733b63bb17180717c65",
      "selected_rows": 179
    },
    {
      "path": "outputs/teacher_core_contract_v1_recovered/teacher_qwen3_vl_8b_all_all_shard02-of-04.jsonl",
      "sha256": "0ae1afb49f1cf578282a62fafea38ffad93bc7d3220929469d31150e2f9c8711",
      "selected_rows": 174
    },
    {
      "path": "outputs/teacher_core_contract_v1_recovered/teacher_qwen3_vl_8b_all_all_shard03-of-04.jsonl",
      "sha256": "4dc9b657f4ea35d7e74e352157f25aee5bd1b2c9c99e13d33755f8f65d55031f",
      "selected_rows": 187
    }
  ],
  "global_aps_fit_split": "val",
  "global_aps_evaluation_split": "val",
  "global_aps_thresholds": {
    "0.9": 0.999996542930603,
    "0.95": 0.9999991655349731
  },
  "summaries": {
    "proactive|1|0.9": {
      "row_count": 1404,
      "mean_acquisition_cost": 0.9992877492877493,
      "diagnostic": {
        "record_count": 1404,
        "source_bit_micro_f1": 0.891124871001032,
        "source_bit_macro_f1": 0.8927588044343832,
        "source_bit_hamming_loss": 0.10018993352326686,
        "source_bit_auroc": {
          "visual": 0.9412838243830901,
          "language": 0.9725549513358156,
          "alignment": 0.9838778733840463
        },
        "six_way_macro_f1": 0.537842459145396,
        "six_way_balanced_accuracy": 0.5883103241296519,
        "six_way_confusion_matrix": [
          [
            80,
            0,
            5,
            2,
            22,
            78
          ],
          [
            4,
            379,
            2,
            5,
            2,
            0
          ],
          [
            3,
            0,
            20,
            3,
            18,
            0
          ],
          [
            50,
            57,
            70,
            405,
            12,
            1
          ],
          [
            6,
            0,
            2,
            0,
            2,
            2
          ],
          [
            19,
            0,
            4,
            0,
            6,
            145
          ]
        ],
        "six_way_labels": [
          "visual",
          "language-prior",
          "alignment",
          "mixed",
          "unclear",
          "no-failure"
        ],
        "signature_mse": 0.031117996517204045
      },
      "prediction_sets": {
        "coverage": 0.8525641025641025,
        "average_set_size": 2.3233618233618234,
        "singleton_rate": 0.4636752136752137,
        "empty_set_rate": 0.08618233618233619
      },
      "action_counts": {
        "blur": 372,
        "stop": 1404,
        "grounding": 98,
        "blank": 885,
        "crop": 25,
        "brightness": 23
      }
    },
    "proactive|1|0.95": {
      "row_count": 1404,
      "mean_acquisition_cost": 0.9992877492877493,
      "diagnostic": {
        "record_count": 1404,
        "source_bit_micro_f1": 0.891124871001032,
        "source_bit_macro_f1": 0.8927588044343832,
        "source_bit_hamming_loss": 0.10018993352326686,
        "source_bit_auroc": {
          "visual": 0.9412838243830901,
          "language": 0.9725549513358156,
          "alignment": 0.9838778733840463
        },
        "six_way_macro_f1": 0.537842459145396,
        "six_way_balanced_accuracy": 0.5883103241296519,
        "six_way_confusion_matrix": [
          [
            80,
            0,
            5,
            2,
            22,
            78
          ],
          [
            4,
            379,
            2,
            5,
            2,
            0
          ],
          [
            3,
            0,
            20,
            3,
            18,
            0
          ],
          [
            50,
            57,
            70,
            405,
            12,
            1
          ],
          [
            6,
            0,
            2,
            0,
            2,
            2
          ],
          [
            19,
            0,
            4,
            0,
            6,
            145
          ]
        ],
        "six_way_labels": [
          "visual",
          "language-prior",
          "alignment",
          "mixed",
          "unclear",
          "no-failure"
        ],
        "signature_mse": 0.031117996517204045
      },
      "prediction_sets": {
        "coverage": 0.9558404558404558,
        "average_set_size": 2.719373219373219,
        "singleton_rate": 0.3924501424501424,
        "empty_set_rate": 0.027065527065527065
      },
      "action_counts": {
        "blur": 372,
        "stop": 1404,
        "grounding": 98,
        "blank": 885,
        "crop": 25,
        "brightness": 23
      }
    },
    "proactive|2|0.9": {
      "row_count": 1404,
      "mean_acquisition_cost": 1.9985754985754987,
      "diagnostic": {
        "record_count": 1404,
        "source_bit_micro_f1": 0.9478328575136258,
        "source_bit_macro_f1": 0.9497141272967632,
        "source_bit_hamming_loss": 0.04772079772079772,
        "source_bit_auroc": {
          "visual": 0.9724679451273538,
          "language": 0.9922533313737018,
          "alignment": 0.997566196948913
        },
        "six_way_macro_f1": 0.7097646721576484,
        "six_way_balanced_accuracy": 0.7809335646484299,
        "six_way_confusion_matrix": [
          [
            154,
            0,
            0,
            1,
            16,
            16
          ],
          [
            1,
            386,
            0,
            3,
            1,
            1
          ],
          [
            0,
            0,
            34,
            2,
            7,
            1
          ],
          [
            18,
            38,
            44,
            488,
            6,
            1
          ],
          [
            3,
            0,
            0,
            0,
            5,
            4
          ],
          [
            1,
            0,
            0,
            0,
            22,
            151
          ]
        ],
        "six_way_labels": [
          "visual",
          "language-prior",
          "alignment",
          "mixed",
          "unclear",
          "no-failure"
        ],
        "signature_mse": 0.016788798894184512
      },
      "prediction_sets": {
        "coverage": 0.8198005698005698,
        "average_set_size": 1.7378917378917378,
        "singleton_rate": 0.5612535612535613,
        "empty_set_rate": 0.1396011396011396
      },
      "action_counts": {
        "blur": 836,
        "crop": 82,
        "stop": 1404,
        "grounding": 765,
        "blank": 1086,
        "brightness": 31,
        "noise": 5,
        "relation": 1
      }
    },
    "proactive|2|0.95": {
      "row_count": 1404,
      "mean_acquisition_cost": 1.9985754985754987,
      "diagnostic": {
        "record_count": 1404,
        "source_bit_micro_f1": 0.9478328575136258,
        "source_bit_macro_f1": 0.9497141272967632,
        "source_bit_hamming_loss": 0.04772079772079772,
        "source_bit_auroc": {
          "visual": 0.9724679451273538,
          "language": 0.9922533313737018,
          "alignment": 0.997566196948913
        },
        "six_way_macro_f1": 0.7097646721576484,
        "six_way_balanced_accuracy": 0.7809335646484299,
        "six_way_confusion_matrix": [
          [
            154,
            0,
            0,
            1,
            16,
            16
          ],
          [
            1,
            386,
            0,
            3,
            1,
            1
          ],
          [
            0,
            0,
            34,
            2,
            7,
            1
          ],
          [
            18,
            38,
            44,
            488,
            6,
            1
          ],
          [
            3,
            0,
            0,
            0,
            5,
            4
          ],
          [
            1,
            0,
            0,
            0,
            22,
            151
          ]
        ],
        "six_way_labels": [
          "visual",
          "language-prior",
          "alignment",
          "mixed",
          "unclear",
          "no-failure"
        ],
        "signature_mse": 0.016788798894184512
      },
      "prediction_sets": {
        "coverage": 0.9173789173789174,
        "average_set_size": 2.4344729344729346,
        "singleton_rate": 0.1972934472934473,
        "empty_set_rate": 0.07834757834757834
      },
      "action_counts": {
        "blur": 836,
        "crop": 82,
        "stop": 1404,
        "grounding": 765,
        "blank": 1086,
        "brightness": 31,
        "noise": 5,
        "relation": 1
      }
    },
    "proactive|3|0.9": {
      "row_count": 1404,
      "mean_acquisition_cost": 2.988603988603989,
      "diagnostic": {
        "record_count": 1404,
        "source_bit_micro_f1": 0.9749232343909928,
        "source_bit_macro_f1": 0.9765530063196204,
        "source_bit_hamming_loss": 0.023266856600189935,
        "source_bit_auroc": {
          "visual": 0.9842612866759683,
          "language": 0.9994753902932916,
          "alignment": 0.9996570644718793
        },
        "six_way_macro_f1": 0.7854494617107814,
        "six_way_balanced_accuracy": 0.858328064768227,
        "six_way_confusion_matrix": [
          [
            169,
            0,
            0,
            0,
            12,
            6
          ],
          [
            0,
            392,
            0,
            0,
            0,
            0
          ],
          [
            0,
            0,
            40,
            2,
            2,
            0
          ],
          [
            6,
            29,
            25,
            534,
            0,
            1
          ],
          [
            0,
            0,
            0,
            0,
            7,
            5
          ],
          [
            3,
            0,
            0,
            0,
            22,
            149
          ]
        ],
        "six_way_labels": [
          "visual",
          "language-prior",
          "alignment",
          "mixed",
          "unclear",
          "no-failure"
        ],
        "signature_mse": 0.00791524950739275
      },
      "prediction_sets": {
        "coverage": 0.8034188034188035,
        "average_set_size": 1.6146723646723646,
        "singleton_rate": 0.5299145299145299,
        "empty_set_rate": 0.17663817663817663
      },
      "action_counts": {
        "blur": 926,
        "crop": 741,
        "blank": 1321,
        "stop": 1404,
        "grounding": 1039,
        "noise": 77,
        "brightness": 88,
        "relation": 4
      }
    },
    "proactive|3|0.95": {
      "row_count": 1404,
      "mean_acquisition_cost": 2.988603988603989,
      "diagnostic": {
        "record_count": 1404,
        "source_bit_micro_f1": 0.9749232343909928,
        "source_bit_macro_f1": 0.9765530063196204,
        "source_bit_hamming_loss": 0.023266856600189935,
        "source_bit_auroc": {
          "visual": 0.9842612866759683,
          "language": 0.9994753902932916,
          "alignment": 0.9996570644718793
        },
        "six_way_macro_f1": 0.7854494617107814,
        "six_way_balanced_accuracy": 0.858328064768227,
        "six_way_confusion_matrix": [
          [
            169,
            0,
            0,
            0,
            12,
            6
          ],
          [
            0,
            392,
            0,
            0,
            0,
            0
          ],
          [
            0,
            0,
            40,
            2,
            2,
            0
          ],
          [
            6,
            29,
            25,
            534,
            0,
            1
          ],
          [
            0,
            0,
            0,
            0,
            7,
            5
          ],
          [
            3,
            0,
            0,
            0,
            22,
            149
          ]
        ],
        "six_way_labels": [
          "visual",
          "language-prior",
          "alignment",
          "mixed",
          "unclear",
          "no-failure"
        ],
        "signature_mse": 0.00791524950739275
      },
      "prediction_sets": {
        "coverage": 0.9024216524216524,
        "average_set_size": 2.358974358974359,
        "singleton_rate": 0.19301994301994302,
        "empty_set_rate": 0.09259259259259259
      },
      "action_counts": {
        "blur": 926,
        "crop": 741,
        "blank": 1321,
        "stop": 1404,
        "grounding": 1039,
        "noise": 77,
        "brightness": 88,
        "relation": 4
      }
    },
    "proactive|4|0.9": {
      "row_count": 1404,
      "mean_acquisition_cost": 3.8176638176638176,
      "diagnostic": {
        "record_count": 1404,
        "source_bit_micro_f1": 0.9850063532401525,
        "source_bit_macro_f1": 0.9860576040081209,
        "source_bit_hamming_loss": 0.014007597340930674,
        "source_bit_auroc": {
          "visual": 0.9904757055127251,
          "language": 0.9999326376641191,
          "alignment": 0.9997755331088665
        },
        "six_way_macro_f1": 0.8122918582864759,
        "six_way_balanced_accuracy": 0.8632061706605318,
        "six_way_confusion_matrix": [
          [
            178,
            0,
            0,
            0,
            3,
            6
          ],
          [
            0,
            392,
            0,
            0,
            0,
            0
          ],
          [
            0,
            0,
            41,
            1,
            2,
            0
          ],
          [
            3,
            24,
            15,
            552,
            0,
            1
          ],
          [
            1,
            0,
            0,
            0,
            6,
            5
          ],
          [
            0,
            0,
            0,
            0,
            23,
            151
          ]
        ],
        "six_way_labels": [
          "visual",
          "language-prior",
          "alignment",
          "mixed",
          "unclear",
          "no-failure"
        ],
        "signature_mse": 0.006841120231779241
      },
      "prediction_sets": {
        "coverage": 0.8084045584045584,
        "average_set_size": 1.566951566951567,
        "singleton_rate": 0.5562678062678063,
        "empty_set_rate": 0.1745014245014245
      },
      "action_counts": {
        "blur": 952,
        "crop": 995,
        "blank": 1383,
        "brightness": 389,
        "stop": 1404,
        "grounding": 1103,
        "noise": 531,
        "relation": 7
      }
    },
    "proactive|4|0.95": {
      "row_count": 1404,
      "mean_acquisition_cost": 3.8176638176638176,
      "diagnostic": {
        "record_count": 1404,
        "source_bit_micro_f1": 0.9850063532401525,
        "source_bit_macro_f1": 0.9860576040081209,
        "source_bit_hamming_loss": 0.014007597340930674,
        "source_bit_auroc": {
          "visual": 0.9904757055127251,
          "language": 0.9999326376641191,
          "alignment": 0.9997755331088665
        },
        "six_way_macro_f1": 0.8122918582864759,
        "six_way_balanced_accuracy": 0.8632061706605318,
        "six_way_confusion_matrix": [
          [
            178,
            0,
            0,
            0,
            3,
            6
          ],
          [
            0,
            392,
            0,
            0,
            0,
            0
          ],
          [
            0,
            0,
            41,
            1,
            2,
            0
          ],
          [
            3,
            24,
            15,
            552,
            0,
            1
          ],
          [
            1,
            0,
            0,
            0,
            6,
            5
          ],
          [
            0,
            0,
            0,
            0,
            23,
            151
          ]
        ],
        "six_way_labels": [
          "visual",
          "language-prior",
          "alignment",
          "mixed",
          "unclear",
          "no-failure"
        ],
        "signature_mse": 0.006841120231779241
      },
      "prediction_sets": {
        "coverage": 0.9116809116809117,
        "average_set_size": 2.4800569800569803,
        "singleton_rate": 0.24216524216524216,
        "empty_set_rate": 0.08547008547008547
      },
      "action_counts": {
        "blur": 952,
        "crop": 995,
        "blank": 1383,
        "brightness": 389,
        "stop": 1404,
        "grounding": 1103,
        "noise": 531,
        "relation": 7
      }
    },
    "proactive|7|0.9": {
      "row_count": 1404,
      "mean_acquisition_cost": 4.7898860398860394,
      "diagnostic": {
        "record_count": 1404,
        "source_bit_micro_f1": 0.9921657821582006,
        "source_bit_macro_f1": 0.9926697884149056,
        "source_bit_hamming_loss": 0.0073599240265906935,
        "source_bit_auroc": {
          "visual": 0.9972522939984316,
          "language": 0.9998734404598602,
          "alignment": 0.9999937648085797
        },
        "six_way_macro_f1": 0.8497348435039216,
        "six_way_balanced_accuracy": 0.881591194471519,
        "six_way_confusion_matrix": [
          [
            185,
            0,
            0,
            0,
            2,
            0
          ],
          [
            0,
            392,
            0,
            0,
            0,
            0
          ],
          [
            0,
            0,
            42,
            1,
            1,
            0
          ],
          [
            4,
            13,
            3,
            575,
            0,
            0
          ],
          [
            1,
            0,
            0,
            0,
            6,
            5
          ],
          [
            0,
            0,
            0,
            0,
            21,
            153
          ]
        ],
        "six_way_labels": [
          "visual",
          "language-prior",
          "alignment",
          "mixed",
          "unclear",
          "no-failure"
        ],
        "signature_mse": 0.007481512800855426
      },
      "prediction_sets": {
        "coverage": 0.8269230769230769,
        "average_set_size": 1.7492877492877492,
        "singleton_rate": 0.3782051282051282,
        "empty_set_rate": 0.16381766381766383
      },
      "action_counts": {
        "blur": 1247,
        "crop": 1069,
        "brightness": 896,
        "blank": 1369,
        "grounding": 1226,
        "stop": 1404,
        "noise": 906,
        "relation": 12
      }
    },
    "proactive|7|0.95": {
      "row_count": 1404,
      "mean_acquisition_cost": 4.7898860398860394,
      "diagnostic": {
        "record_count": 1404,
        "source_bit_micro_f1": 0.9921657821582006,
        "source_bit_macro_f1": 0.9926697884149056,
        "source_bit_hamming_loss": 0.0073599240265906935,
        "source_bit_auroc": {
          "visual": 0.9972522939984316,
          "language": 0.9998734404598602,
          "alignment": 0.9999937648085797
        },
        "six_way_macro_f1": 0.8497348435039216,
        "six_way_balanced_accuracy": 0.881591194471519,
        "six_way_confusion_matrix": [
          [
            185,
            0,
            0,
            0,
            2,
            0
          ],
          [
            0,
            392,
            0,
            0,
            0,
            0
          ],
          [
            0,
            0,
            42,
            1,
            1,
            0
          ],
          [
            4,
            13,
            3,
            575,
            0,
            0
          ],
          [
            1,
            0,
            0,
            0,
            6,
            5
          ],
          [
            0,
            0,
            0,
            0,
            21,
            153
          ]
        ],
        "six_way_labels": [
          "visual",
          "language-prior",
          "alignment",
          "mixed",
          "unclear",
          "no-failure"
        ],
        "signature_mse": 0.007481512800855426
      },
      "prediction_sets": {
        "coverage": 0.9009971509971509,
        "average_set_size": 2.4245014245014245,
        "singleton_rate": 0.2727920227920228,
        "empty_set_rate": 0.09615384615384616
      },
      "action_counts": {
        "blur": 1247,
        "crop": 1069,
        "brightness": 896,
        "blank": 1369,
        "grounding": 1226,
        "stop": 1404,
        "noise": 906,
        "relation": 12
      }
    },
    "proactive_no_stop|1|0.9": {
      "row_count": 1404,
      "mean_acquisition_cost": 1.0,
      "diagnostic": {
        "record_count": 1404,
        "source_bit_micro_f1": 0.891124871001032,
        "source_bit_macro_f1": 0.8927588044343832,
        "source_bit_hamming_loss": 0.10018993352326686,
        "source_bit_auroc": {
          "visual": 0.9412838243830901,
          "language": 0.9726427265007512,
          "alignment": 0.9838778733840463
        },
        "six_way_macro_f1": 0.537842459145396,
        "six_way_balanced_accuracy": 0.5883103241296519,
        "six_way_confusion_matrix": [
          [
            80,
            0,
            5,
            2,
            22,
            78
          ],
          [
            4,
            379,
            2,
            5,
            2,
            0
          ],
          [
            3,
            0,
            20,
            3,
            18,
            0
          ],
          [
            50,
            57,
            70,
            405,
            12,
            1
          ],
          [
            6,
            0,
            2,
            0,
            2,
            2
          ],
          [
            19,
            0,
            4,
            0,
            6,
            145
          ]
        ],
        "six_way_labels": [
          "visual",
          "language-prior",
          "alignment",
          "mixed",
          "unclear",
          "no-failure"
        ],
        "signature_mse": 0.03101538159682765
      },
      "prediction_sets": {
        "coverage": 0.8525641025641025,
        "average_set_size": 2.3233618233618234,
        "singleton_rate": 0.4636752136752137,
        "empty_set_rate": 0.08618233618233619
      },
      "action_counts": {
        "blur": 372,
        "stop": 1404,
        "grounding": 98,
        "blank": 886,
        "crop": 25,
        "brightness": 23
      }
    },
    "proactive_no_stop|1|0.95": {
      "row_count": 1404,
      "mean_acquisition_cost": 1.0,
      "diagnostic": {
        "record_count": 1404,
        "source_bit_micro_f1": 0.891124871001032,
        "source_bit_macro_f1": 0.8927588044343832,
        "source_bit_hamming_loss": 0.10018993352326686,
        "source_bit_auroc": {
          "visual": 0.9412838243830901,
          "language": 0.9726427265007512,
          "alignment": 0.9838778733840463
        },
        "six_way_macro_f1": 0.537842459145396,
        "six_way_balanced_accuracy": 0.5883103241296519,
        "six_way_confusion_matrix": [
          [
            80,
            0,
            5,
            2,
            22,
            78
          ],
          [
            4,
            379,
            2,
            5,
            2,
            0
          ],
          [
            3,
            0,
            20,
            3,
            18,
            0
          ],
          [
            50,
            57,
            70,
            405,
            12,
            1
          ],
          [
            6,
            0,
            2,
            0,
            2,
            2
          ],
          [
            19,
            0,
            4,
            0,
            6,
            145
          ]
        ],
        "six_way_labels": [
          "visual",
          "language-prior",
          "alignment",
          "mixed",
          "unclear",
          "no-failure"
        ],
        "signature_mse": 0.03101538159682765
      },
      "prediction_sets": {
        "coverage": 0.9558404558404558,
        "average_set_size": 2.7186609686609686,
        "singleton_rate": 0.39316239316239315,
        "empty_set_rate": 0.027065527065527065
      },
      "action_counts": {
        "blur": 372,
        "stop": 1404,
        "grounding": 98,
        "blank": 886,
        "crop": 25,
        "brightness": 23
      }
    },
    "proactive_no_stop|2|0.9": {
      "row_count": 1404,
      "mean_acquisition_cost": 2.0,
      "diagnostic": {
        "record_count": 1404,
        "source_bit_micro_f1": 0.9478328575136258,
        "source_bit_macro_f1": 0.9497141272967632,
        "source_bit_hamming_loss": 0.04772079772079772,
        "source_bit_auroc": {
          "visual": 0.9724679451273538,
          "language": 0.992288033183095,
          "alignment": 0.997566196948913
        },
        "six_way_macro_f1": 0.7097646721576484,
        "six_way_balanced_accuracy": 0.7809335646484299,
        "six_way_confusion_matrix": [
          [
            154,
            0,
            0,
            1,
            16,
            16
          ],
          [
            1,
            386,
            0,
            3,
            1,
            1
          ],
          [
            0,
            0,
            34,
            2,
            7,
            1
          ],
          [
            18,
            38,
            44,
            488,
            6,
            1
          ],
          [
            3,
            0,
            0,
            0,
            5,
            4
          ],
          [
            1,
            0,
            0,
            0,
            22,
            151
          ]
        ],
        "six_way_labels": [
          "visual",
          "language-prior",
          "alignment",
          "mixed",
          "unclear",
          "no-failure"
        ],
        "signature_mse": 0.016771639719894545
      },
      "prediction_sets": {
        "coverage": 0.8198005698005698,
        "average_set_size": 1.7386039886039886,
        "singleton_rate": 0.5605413105413105,
        "empty_set_rate": 0.1396011396011396
      },
      "action_counts": {
        "blur": 836,
        "crop": 82,
        "stop": 1404,
        "grounding": 765,
        "blank": 1088,
        "brightness": 31,
        "noise": 5,
        "relation": 1
      }
    },
    "proactive_no_stop|2|0.95": {
      "row_count": 1404,
      "mean_acquisition_cost": 2.0,
      "diagnostic": {
        "record_count": 1404,
        "source_bit_micro_f1": 0.9478328575136258,
        "source_bit_macro_f1": 0.9497141272967632,
        "source_bit_hamming_loss": 0.04772079772079772,
        "source_bit_auroc": {
          "visual": 0.9724679451273538,
          "language": 0.992288033183095,
          "alignment": 0.997566196948913
        },
        "six_way_macro_f1": 0.7097646721576484,
        "six_way_balanced_accuracy": 0.7809335646484299,
        "six_way_confusion_matrix": [
          [
            154,
            0,
            0,
            1,
            16,
            16
          ],
          [
            1,
            386,
            0,
            3,
            1,
            1
          ],
          [
            0,
            0,
            34,
            2,
            7,
            1
          ],
          [
            18,
            38,
            44,
            488,
            6,
            1
          ],
          [
            3,
            0,
            0,
            0,
            5,
            4
          ],
          [
            1,
            0,
            0,
            0,
            22,
            151
          ]
        ],
        "six_way_labels": [
          "visual",
          "language-prior",
          "alignment",
          "mixed",
          "unclear",
          "no-failure"
        ],
        "signature_mse": 0.016771639719894545
      },
      "prediction_sets": {
        "coverage": 0.9173789173789174,
        "average_set_size": 2.435185185185185,
        "singleton_rate": 0.1972934472934473,
        "empty_set_rate": 0.07834757834757834
      },
      "action_counts": {
        "blur": 836,
        "crop": 82,
        "stop": 1404,
        "grounding": 765,
        "blank": 1088,
        "brightness": 31,
        "noise": 5,
        "relation": 1
      }
    },
    "proactive_no_stop|3|0.9": {
      "row_count": 1404,
      "mean_acquisition_cost": 3.0,
      "diagnostic": {
        "record_count": 1404,
        "source_bit_micro_f1": 0.9749232343909928,
        "source_bit_macro_f1": 0.9765530063196204,
        "source_bit_hamming_loss": 0.023266856600189935,
        "source_bit_auroc": {
          "visual": 0.9842612866759682,
          "language": 0.9994815141420079,
          "alignment": 0.9996591428690194
        },
        "six_way_macro_f1": 0.7854494617107814,
        "six_way_balanced_accuracy": 0.858328064768227,
        "six_way_confusion_matrix": [
          [
            169,
            0,
            0,
            0,
            12,
            6
          ],
          [
            0,
            392,
            0,
            0,
            0,
            0
          ],
          [
            0,
            0,
            40,
            2,
            2,
            0
          ],
          [
            6,
            29,
            25,
            534,
            0,
            1
          ],
          [
            0,
            0,
            0,
            0,
            7,
            5
          ],
          [
            3,
            0,
            0,
            0,
            22,
            149
          ]
        ],
        "six_way_labels": [
          "visual",
          "language-prior",
          "alignment",
          "mixed",
          "unclear",
          "no-failure"
        ],
        "signature_mse": 0.007942180038488891
      },
      "prediction_sets": {
        "coverage": 0.8041310541310541,
        "average_set_size": 1.6160968660968662,
        "singleton_rate": 0.5299145299145299,
        "empty_set_rate": 0.17592592592592593
      },
      "action_counts": {
        "blur": 926,
        "crop": 743,
        "blank": 1322,
        "stop": 1404,
        "grounding": 1045,
        "noise": 77,
        "brightness": 95,
        "relation": 4
      }
    },
    "proactive_no_stop|3|0.95": {
      "row_count": 1404,
      "mean_acquisition_cost": 3.0,
      "diagnostic": {
        "record_count": 1404,
        "source_bit_micro_f1": 0.9749232343909928,
        "source_bit_macro_f1": 0.9765530063196204,
        "source_bit_hamming_loss": 0.023266856600189935,
        "source_bit_auroc": {
          "visual": 0.9842612866759682,
          "language": 0.9994815141420079,
          "alignment": 0.9996591428690194
        },
        "six_way_macro_f1": 0.7854494617107814,
        "six_way_balanced_accuracy": 0.858328064768227,
        "six_way_confusion_matrix": [
          [
            169,
            0,
            0,
            0,
            12,
            6
          ],
          [
            0,
            392,
            0,
            0,
            0,
            0
          ],
          [
            0,
            0,
            40,
            2,
            2,
            0
          ],
          [
            6,
            29,
            25,
            534,
            0,
            1
          ],
          [
            0,
            0,
            0,
            0,
            7,
            5
          ],
          [
            3,
            0,
            0,
            0,
            22,
            149
          ]
        ],
        "six_way_labels": [
          "visual",
          "language-prior",
          "alignment",
          "mixed",
          "unclear",
          "no-failure"
        ],
        "signature_mse": 0.007942180038488891
      },
      "prediction_sets": {
        "coverage": 0.9017094017094017,
        "average_set_size": 2.3554131054131053,
        "singleton_rate": 0.19373219373219372,
        "empty_set_rate": 0.0933048433048433
      },
      "action_counts": {
        "blur": 926,
        "crop": 743,
        "blank": 1322,
        "stop": 1404,
        "grounding": 1045,
        "noise": 77,
        "brightness": 95,
        "relation": 4
      }
    },
    "proactive_no_stop|4|0.9": {
      "row_count": 1404,
      "mean_acquisition_cost": 4.0,
      "diagnostic": {
        "record_count": 1404,
        "source_bit_micro_f1": 0.9862944162436548,
        "source_bit_macro_f1": 0.9872604441935696,
        "source_bit_hamming_loss": 0.01282051282051282,
        "source_bit_auroc": {
          "visual": 0.9910582436272164,
          "language": 0.9999571330589849,
          "alignment": 0.9997734547117264
        },
        "six_way_macro_f1": 0.8151298038926477,
        "six_way_balanced_accuracy": 0.8652178844369512,
        "six_way_confusion_matrix": [
          [
            179,
            0,
            0,
            0,
            2,
            6
          ],
          [
            0,
            392,
            0,
            0,
            0,
            0
          ],
          [
            0,
            0,
            41,
            1,
            2,
            0
          ],
          [
            3,
            20,
            15,
            556,
            0,
            1
          ],
          [
            1,
            0,
            0,
            0,
            6,
            5
          ],
          [
            0,
            0,
            0,
            0,
            23,
            151
          ]
        ],
        "six_way_labels": [
          "visual",
          "language-prior",
          "alignment",
          "mixed",
          "unclear",
          "no-failure"
        ],
        "signature_mse": 0.006961787480315998
      },
      "prediction_sets": {
        "coverage": 0.8433048433048433,
        "average_set_size": 1.6032763532763532,
        "singleton_rate": 0.584045584045584,
        "empty_set_rate": 0.14173789173789172
      },
      "action_counts": {
        "blur": 954,
        "crop": 1045,
        "blank": 1384,
        "brightness": 472,
        "stop": 1404,
        "grounding": 1123,
        "noise": 631,
        "relation": 7
      }
    },
    "proactive_no_stop|4|0.95": {
      "row_count": 1404,
      "mean_acquisition_cost": 4.0,
      "diagnostic": {
        "record_count": 1404,
        "source_bit_micro_f1": 0.9862944162436548,
        "source_bit_macro_f1": 0.9872604441935696,
        "source_bit_hamming_loss": 0.01282051282051282,
        "source_bit_auroc": {
          "visual": 0.9910582436272164,
          "language": 0.9999571330589849,
          "alignment": 0.9997734547117264
        },
        "six_way_macro_f1": 0.8151298038926477,
        "six_way_balanced_accuracy": 0.8652178844369512,
        "six_way_confusion_matrix": [
          [
            179,
            0,
            0,
            0,
            2,
            6
          ],
          [
            0,
            392,
            0,
            0,
            0,
            0
          ],
          [
            0,
            0,
            41,
            1,
            2,
            0
          ],
          [
            3,
            20,
            15,
            556,
            0,
            1
          ],
          [
            1,
            0,
            0,
            0,
            6,
            5
          ],
          [
            0,
            0,
            0,
            0,
            23,
            151
          ]
        ],
        "six_way_labels": [
          "visual",
          "language-prior",
          "alignment",
          "mixed",
          "unclear",
          "no-failure"
        ],
        "signature_mse": 0.006961787480315998
      },
      "prediction_sets": {
        "coverage": 0.9081196581196581,
        "average_set_size": 2.4366096866096867,
        "singleton_rate": 0.2706552706552707,
        "empty_set_rate": 0.08831908831908832
      },
      "action_counts": {
        "blur": 954,
        "crop": 1045,
        "blank": 1384,
        "brightness": 472,
        "stop": 1404,
        "grounding": 1123,
        "noise": 631,
        "relation": 7
      }
    },
    "proactive_no_stop|7|0.9": {
      "row_count": 1404,
      "mean_acquisition_cost": 6.011396011396012,
      "diagnostic": {
        "record_count": 1404,
        "source_bit_micro_f1": 0.9972354863030912,
        "source_bit_macro_f1": 0.9973391049155792,
        "source_bit_hamming_loss": 0.0026115859449192783,
        "source_bit_auroc": {
          "visual": 0.9998981576722918,
          "language": 1.0,
          "alignment": 0.9999958432057198
        },
        "six_way_macro_f1": 0.871856731327736,
        "six_way_balanced_accuracy": 0.9143677899581987,
        "six_way_confusion_matrix": [
          [
            187,
            0,
            0,
            0,
            0,
            0
          ],
          [
            0,
            391,
            0,
            1,
            0,
            0
          ],
          [
            0,
            0,
            42,
            1,
            1,
            0
          ],
          [
            3,
            1,
            3,
            588,
            0,
            0
          ],
          [
            0,
            0,
            0,
            0,
            8,
            4
          ],
          [
            0,
            0,
            0,
            0,
            21,
            153
          ]
        ],
        "six_way_labels": [
          "visual",
          "language-prior",
          "alignment",
          "mixed",
          "unclear",
          "no-failure"
        ],
        "signature_mse": 0.008265239770664425
      },
      "prediction_sets": {
        "coverage": 0.8810541310541311,
        "average_set_size": 1.8753561253561253,
        "singleton_rate": 0.3717948717948718,
        "empty_set_rate": 0.11538461538461539
      },
      "action_counts": {
        "blur": 1404,
        "crop": 1404,
        "brightness": 1404,
        "blank": 1404,
        "grounding": 1404,
        "noise": 1404,
        "stop": 1404,
        "relation": 16
      }
    },
    "proactive_no_stop|7|0.95": {
      "row_count": 1404,
      "mean_acquisition_cost": 6.011396011396012,
      "diagnostic": {
        "record_count": 1404,
        "source_bit_micro_f1": 0.9972354863030912,
        "source_bit_macro_f1": 0.9973391049155792,
        "source_bit_hamming_loss": 0.0026115859449192783,
        "source_bit_auroc": {
          "visual": 0.9998981576722918,
          "language": 1.0,
          "alignment": 0.9999958432057198
        },
        "six_way_macro_f1": 0.871856731327736,
        "six_way_balanced_accuracy": 0.9143677899581987,
        "six_way_confusion_matrix": [
          [
            187,
            0,
            0,
            0,
            0,
            0
          ],
          [
            0,
            391,
            0,
            1,
            0,
            0
          ],
          [
            0,
            0,
            42,
            1,
            1,
            0
          ],
          [
            3,
            1,
            3,
            588,
            0,
            0
          ],
          [
            0,
            0,
            0,
            0,
            8,
            4
          ],
          [
            0,
            0,
            0,
            0,
            21,
            153
          ]
        ],
        "six_way_labels": [
          "visual",
          "language-prior",
          "alignment",
          "mixed",
          "unclear",
          "no-failure"
        ],
        "signature_mse": 0.008265239770664425
      },
      "prediction_sets": {
        "coverage": 0.9173789173789174,
        "average_set_size": 2.3917378917378915,
        "singleton_rate": 0.3262108262108262,
        "empty_set_rate": 0.07977207977207977
      },
      "action_counts": {
        "blur": 1404,
        "crop": 1404,
        "brightness": 1404,
        "blank": 1404,
        "grounding": 1404,
        "noise": 1404,
        "stop": 1404,
        "relation": 16
      }
    },
    "proactive_global_aps|1|0.9": {
      "row_count": 1404,
      "mean_acquisition_cost": 0.9992877492877493,
      "diagnostic": {
        "record_count": 1404,
        "source_bit_micro_f1": 0.891124871001032,
        "source_bit_macro_f1": 0.8927588044343832,
        "source_bit_hamming_loss": 0.10018993352326686,
        "source_bit_auroc": {
          "visual": 0.9412838243830901,
          "language": 0.9725549513358156,
          "alignment": 0.9838778733840463
        },
        "six_way_macro_f1": 0.537842459145396,
        "six_way_balanced_accuracy": 0.5883103241296519,
        "six_way_confusion_matrix": [
          [
            80,
            0,
            5,
            2,
            22,
            78
          ],
          [
            4,
            379,
            2,
            5,
            2,
            0
          ],
          [
            3,
            0,
            20,
            3,
            18,
            0
          ],
          [
            50,
            57,
            70,
            405,
            12,
            1
          ],
          [
            6,
            0,
            2,
            0,
            2,
            2
          ],
          [
            19,
            0,
            4,
            0,
            6,
            145
          ]
        ],
        "six_way_labels": [
          "visual",
          "language-prior",
          "alignment",
          "mixed",
          "unclear",
          "no-failure"
        ],
        "signature_mse": 0.031117996517204045
      },
      "prediction_sets": {
        "coverage": 0.9850427350427351,
        "average_set_size": 3.1695156695156697,
        "singleton_rate": 0.15954415954415954,
        "empty_set_rate": 0.007122507122507123
      },
      "action_counts": {
        "blur": 372,
        "stop": 1404,
        "grounding": 98,
        "blank": 885,
        "crop": 25,
        "brightness": 23
      }
    },
    "proactive_global_aps|1|0.95": {
      "row_count": 1404,
      "mean_acquisition_cost": 0.9992877492877493,
      "diagnostic": {
        "record_count": 1404,
        "source_bit_micro_f1": 0.891124871001032,
        "source_bit_macro_f1": 0.8927588044343832,
        "source_bit_hamming_loss": 0.10018993352326686,
        "source_bit_auroc": {
          "visual": 0.9412838243830901,
          "language": 0.9725549513358156,
          "alignment": 0.9838778733840463
        },
        "six_way_macro_f1": 0.537842459145396,
        "six_way_balanced_accuracy": 0.5883103241296519,
        "six_way_confusion_matrix": [
          [
            80,
            0,
            5,
            2,
            22,
            78
          ],
          [
            4,
            379,
            2,
            5,
            2,
            0
          ],
          [
            3,
            0,
            20,
            3,
            18,
            0
          ],
          [
            50,
            57,
            70,
            405,
            12,
            1
          ],
          [
            6,
            0,
            2,
            0,
            2,
            2
          ],
          [
            19,
            0,
            4,
            0,
            6,
            145
          ]
        ],
        "six_way_labels": [
          "visual",
          "language-prior",
          "alignment",
          "mixed",
          "unclear",
          "no-failure"
        ],
        "signature_mse": 0.031117996517204045
      },
      "prediction_sets": {
        "coverage": 0.9971509971509972,
        "average_set_size": 3.7037037037037037,
        "singleton_rate": 0.11823361823361823,
        "empty_set_rate": 0.0
      },
      "action_counts": {
        "blur": 372,
        "stop": 1404,
        "grounding": 98,
        "blank": 885,
        "crop": 25,
        "brightness": 23
      }
    },
    "proactive_global_aps|2|0.9": {
      "row_count": 1404,
      "mean_acquisition_cost": 1.9985754985754987,
      "diagnostic": {
        "record_count": 1404,
        "source_bit_micro_f1": 0.9478328575136258,
        "source_bit_macro_f1": 0.9497141272967632,
        "source_bit_hamming_loss": 0.04772079772079772,
        "source_bit_auroc": {
          "visual": 0.9724679451273538,
          "language": 0.9922533313737018,
          "alignment": 0.997566196948913
        },
        "six_way_macro_f1": 0.7097646721576484,
        "six_way_balanced_accuracy": 0.7809335646484299,
        "six_way_confusion_matrix": [
          [
            154,
            0,
            0,
            1,
            16,
            16
          ],
          [
            1,
            386,
            0,
            3,
            1,
            1
          ],
          [
            0,
            0,
            34,
            2,
            7,
            1
          ],
          [
            18,
            38,
            44,
            488,
            6,
            1
          ],
          [
            3,
            0,
            0,
            0,
            5,
            4
          ],
          [
            1,
            0,
            0,
            0,
            22,
            151
          ]
        ],
        "six_way_labels": [
          "visual",
          "language-prior",
          "alignment",
          "mixed",
          "unclear",
          "no-failure"
        ],
        "signature_mse": 0.016788798894184512
      },
      "prediction_sets": {
        "coverage": 0.9195156695156695,
        "average_set_size": 2.4437321937321936,
        "singleton_rate": 0.1972934472934473,
        "empty_set_rate": 0.07621082621082621
      },
      "action_counts": {
        "blur": 836,
        "crop": 82,
        "stop": 1404,
        "grounding": 765,
        "blank": 1086,
        "brightness": 31,
        "noise": 5,
        "relation": 1
      }
    },
    "proactive_global_aps|2|0.95": {
      "row_count": 1404,
      "mean_acquisition_cost": 1.9985754985754987,
      "diagnostic": {
        "record_count": 1404,
        "source_bit_micro_f1": 0.9478328575136258,
        "source_bit_macro_f1": 0.9497141272967632,
        "source_bit_hamming_loss": 0.04772079772079772,
        "source_bit_auroc": {
          "visual": 0.9724679451273538,
          "language": 0.9922533313737018,
          "alignment": 0.997566196948913
        },
        "six_way_macro_f1": 0.7097646721576484,
        "six_way_balanced_accuracy": 0.7809335646484299,
        "six_way_confusion_matrix": [
          [
            154,
            0,
            0,
            1,
            16,
            16
          ],
          [
            1,
            386,
            0,
            3,
            1,
            1
          ],
          [
            0,
            0,
            34,
            2,
            7,
            1
          ],
          [
            18,
            38,
            44,
            488,
            6,
            1
          ],
          [
            3,
            0,
            0,
            0,
            5,
            4
          ],
          [
            1,
            0,
            0,
            0,
            22,
            151
          ]
        ],
        "six_way_labels": [
          "visual",
          "language-prior",
          "alignment",
          "mixed",
          "unclear",
          "no-failure"
        ],
        "signature_mse": 0.016788798894184512
      },
      "prediction_sets": {
        "coverage": 0.99002849002849,
        "average_set_size": 3.1061253561253563,
        "singleton_rate": 0.18447293447293447,
        "empty_set_rate": 0.00641025641025641
      },
      "action_counts": {
        "blur": 836,
        "crop": 82,
        "stop": 1404,
        "grounding": 765,
        "blank": 1086,
        "brightness": 31,
        "noise": 5,
        "relation": 1
      }
    },
    "proactive_global_aps|3|0.9": {
      "row_count": 1404,
      "mean_acquisition_cost": 2.988603988603989,
      "diagnostic": {
        "record_count": 1404,
        "source_bit_micro_f1": 0.9749232343909928,
        "source_bit_macro_f1": 0.9765530063196204,
        "source_bit_hamming_loss": 0.023266856600189935,
        "source_bit_auroc": {
          "visual": 0.9842612866759683,
          "language": 0.9994753902932916,
          "alignment": 0.9996570644718793
        },
        "six_way_macro_f1": 0.7854494617107814,
        "six_way_balanced_accuracy": 0.858328064768227,
        "six_way_confusion_matrix": [
          [
            169,
            0,
            0,
            0,
            12,
            6
          ],
          [
            0,
            392,
            0,
            0,
            0,
            0
          ],
          [
            0,
            0,
            40,
            2,
            2,
            0
          ],
          [
            6,
            29,
            25,
            534,
            0,
            1
          ],
          [
            0,
            0,
            0,
            0,
            7,
            5
          ],
          [
            3,
            0,
            0,
            0,
            22,
            149
          ]
        ],
        "six_way_labels": [
          "visual",
          "language-prior",
          "alignment",
          "mixed",
          "unclear",
          "no-failure"
        ],
        "signature_mse": 0.00791524950739275
      },
      "prediction_sets": {
        "coverage": 0.8739316239316239,
        "average_set_size": 2.200854700854701,
        "singleton_rate": 0.19943019943019943,
        "empty_set_rate": 0.12108262108262108
      },
      "action_counts": {
        "blur": 926,
        "crop": 741,
        "blank": 1321,
        "stop": 1404,
        "grounding": 1039,
        "noise": 77,
        "brightness": 88,
        "relation": 4
      }
    },
    "proactive_global_aps|3|0.95": {
      "row_count": 1404,
      "mean_acquisition_cost": 2.988603988603989,
      "diagnostic": {
        "record_count": 1404,
        "source_bit_micro_f1": 0.9749232343909928,
        "source_bit_macro_f1": 0.9765530063196204,
        "source_bit_hamming_loss": 0.023266856600189935,
        "source_bit_auroc": {
          "visual": 0.9842612866759683,
          "language": 0.9994753902932916,
          "alignment": 0.9996570644718793
        },
        "six_way_macro_f1": 0.7854494617107814,
        "six_way_balanced_accuracy": 0.858328064768227,
        "six_way_confusion_matrix": [
          [
            169,
            0,
            0,
            0,
            12,
            6
          ],
          [
            0,
            392,
            0,
            0,
            0,
            0
          ],
          [
            0,
            0,
            40,
            2,
            2,
            0
          ],
          [
            6,
            29,
            25,
            534,
            0,
            1
          ],
          [
            0,
            0,
            0,
            0,
            7,
            5
          ],
          [
            3,
            0,
            0,
            0,
            22,
            149
          ]
        ],
        "six_way_labels": [
          "visual",
          "language-prior",
          "alignment",
          "mixed",
          "unclear",
          "no-failure"
        ],
        "signature_mse": 0.00791524950739275
      },
      "prediction_sets": {
        "coverage": 0.9465811965811965,
        "average_set_size": 2.7777777777777777,
        "singleton_rate": 0.1752136752136752,
        "empty_set_rate": 0.04985754985754986
      },
      "action_counts": {
        "blur": 926,
        "crop": 741,
        "blank": 1321,
        "stop": 1404,
        "grounding": 1039,
        "noise": 77,
        "brightness": 88,
        "relation": 4
      }
    },
    "proactive_global_aps|4|0.9": {
      "row_count": 1404,
      "mean_acquisition_cost": 3.8176638176638176,
      "diagnostic": {
        "record_count": 1404,
        "source_bit_micro_f1": 0.9850063532401525,
        "source_bit_macro_f1": 0.9860576040081209,
        "source_bit_hamming_loss": 0.014007597340930674,
        "source_bit_auroc": {
          "visual": 0.9904757055127251,
          "language": 0.9999326376641191,
          "alignment": 0.9997755331088665
        },
        "six_way_macro_f1": 0.8122918582864759,
        "six_way_balanced_accuracy": 0.8632061706605318,
        "six_way_confusion_matrix": [
          [
            178,
            0,
            0,
            0,
            3,
            6
          ],
          [
            0,
            392,
            0,
            0,
            0,
            0
          ],
          [
            0,
            0,
            41,
            1,
            2,
            0
          ],
          [
            3,
            24,
            15,
            552,
            0,
            1
          ],
          [
            1,
            0,
            0,
            0,
            6,
            5
          ],
          [
            0,
            0,
            0,
            0,
            23,
            151
          ]
        ],
        "six_way_labels": [
          "visual",
          "language-prior",
          "alignment",
          "mixed",
          "unclear",
          "no-failure"
        ],
        "signature_mse": 0.006841120231779241
      },
      "prediction_sets": {
        "coverage": 0.8618233618233618,
        "average_set_size": 2.017094017094017,
        "singleton_rate": 0.2727920227920228,
        "empty_set_rate": 0.13532763532763534
      },
      "action_counts": {
        "blur": 952,
        "crop": 995,
        "blank": 1383,
        "brightness": 389,
        "stop": 1404,
        "grounding": 1103,
        "noise": 531,
        "relation": 7
      }
    },
    "proactive_global_aps|4|0.95": {
      "row_count": 1404,
      "mean_acquisition_cost": 3.8176638176638176,
      "diagnostic": {
        "record_count": 1404,
        "source_bit_micro_f1": 0.9850063532401525,
        "source_bit_macro_f1": 0.9860576040081209,
        "source_bit_hamming_loss": 0.014007597340930674,
        "source_bit_auroc": {
          "visual": 0.9904757055127251,
          "language": 0.9999326376641191,
          "alignment": 0.9997755331088665
        },
        "six_way_macro_f1": 0.8122918582864759,
        "six_way_balanced_accuracy": 0.8632061706605318,
        "six_way_confusion_matrix": [
          [
            178,
            0,
            0,
            0,
            3,
            6
          ],
          [
            0,
            392,
            0,
            0,
            0,
            0
          ],
          [
            0,
            0,
            41,
            1,
            2,
            0
          ],
          [
            3,
            24,
            15,
            552,
            0,
            1
          ],
          [
            1,
            0,
            0,
            0,
            6,
            5
          ],
          [
            0,
            0,
            0,
            0,
            23,
            151
          ]
        ],
        "six_way_labels": [
          "visual",
          "language-prior",
          "alignment",
          "mixed",
          "unclear",
          "no-failure"
        ],
        "signature_mse": 0.006841120231779241
      },
      "prediction_sets": {
        "coverage": 0.9309116809116809,
        "average_set_size": 2.571937321937322,
        "singleton_rate": 0.23575498575498577,
        "empty_set_rate": 0.06623931623931624
      },
      "action_counts": {
        "blur": 952,
        "crop": 995,
        "blank": 1383,
        "brightness": 389,
        "stop": 1404,
        "grounding": 1103,
        "noise": 531,
        "relation": 7
      }
    },
    "proactive_global_aps|7|0.9": {
      "row_count": 1404,
      "mean_acquisition_cost": 4.7898860398860394,
      "diagnostic": {
        "record_count": 1404,
        "source_bit_micro_f1": 0.9921657821582006,
        "source_bit_macro_f1": 0.9926697884149056,
        "source_bit_hamming_loss": 0.0073599240265906935,
        "source_bit_auroc": {
          "visual": 0.9972522939984316,
          "language": 0.9998734404598602,
          "alignment": 0.9999937648085797
        },
        "six_way_macro_f1": 0.8497348435039216,
        "six_way_balanced_accuracy": 0.881591194471519,
        "six_way_confusion_matrix": [
          [
            185,
            0,
            0,
            0,
            2,
            0
          ],
          [
            0,
            392,
            0,
            0,
            0,
            0
          ],
          [
            0,
            0,
            42,
            1,
            1,
            0
          ],
          [
            4,
            13,
            3,
            575,
            0,
            0
          ],
          [
            1,
            0,
            0,
            0,
            6,
            5
          ],
          [
            0,
            0,
            0,
            0,
            21,
            153
          ]
        ],
        "six_way_labels": [
          "visual",
          "language-prior",
          "alignment",
          "mixed",
          "unclear",
          "no-failure"
        ],
        "signature_mse": 0.007481512800855426
      },
      "prediction_sets": {
        "coverage": 0.8632478632478633,
        "average_set_size": 2.128205128205128,
        "singleton_rate": 0.3141025641025641,
        "empty_set_rate": 0.13319088319088318
      },
      "action_counts": {
        "blur": 1247,
        "crop": 1069,
        "brightness": 896,
        "blank": 1369,
        "grounding": 1226,
        "stop": 1404,
        "noise": 906,
        "relation": 12
      }
    },
    "proactive_global_aps|7|0.95": {
      "row_count": 1404,
      "mean_acquisition_cost": 4.7898860398860394,
      "diagnostic": {
        "record_count": 1404,
        "source_bit_micro_f1": 0.9921657821582006,
        "source_bit_macro_f1": 0.9926697884149056,
        "source_bit_hamming_loss": 0.0073599240265906935,
        "source_bit_auroc": {
          "visual": 0.9972522939984316,
          "language": 0.9998734404598602,
          "alignment": 0.9999937648085797
        },
        "six_way_macro_f1": 0.8497348435039216,
        "six_way_balanced_accuracy": 0.881591194471519,
        "six_way_confusion_matrix": [
          [
            185,
            0,
            0,
            0,
            2,
            0
          ],
          [
            0,
            392,
            0,
            0,
            0,
            0
          ],
          [
            0,
            0,
            42,
            1,
            1,
            0
          ],
          [
            4,
            13,
            3,
            575,
            0,
            0
          ],
          [
            1,
            0,
            0,
            0,
            6,
            5
          ],
          [
            0,
            0,
            0,
            0,
            21,
            153
          ]
        ],
        "six_way_labels": [
          "visual",
          "language-prior",
          "alignment",
          "mixed",
          "unclear",
          "no-failure"
        ],
        "signature_mse": 0.007481512800855426
      },
      "prediction_sets": {
        "coverage": 0.9024216524216524,
        "average_set_size": 2.4401709401709404,
        "singleton_rate": 0.27136752136752135,
        "empty_set_rate": 0.09472934472934473
      },
      "action_counts": {
        "blur": 1247,
        "crop": 1069,
        "brightness": 896,
        "blank": 1369,
        "grounding": 1226,
        "stop": 1404,
        "noise": 906,
        "relation": 12
      }
    }
  },
  "csv_path": "outputs/week8_ablations/shared_vs_independent_heads/frontier/frontier_validation.csv",
  "csv_sha256": "ad080a815fbb51c2657582dc55af371b54a424070416412ce42ec08219b9f72d",
  "trajectory_path": "outputs/week8_ablations/shared_vs_independent_heads/frontier/trajectories_validation.jsonl",
  "trajectory_sha256": "38a5ee0a78ad871c8a95c7ddc505b7d78fda09a2a448012127dbfb928cd7175c",
  "report_sha256": "49d6e9efeac14c5c54dbb7b890b20aab4df9ca0a85345c45ec84d74adeccabfb"
}
	Command being timed: "timeout --signal=TERM --kill-after=5m 1200s env CUDA_VISIBLE_DEVICES=1 python scripts/eval_week8_ablation.py --week8_config configs/experiments/week8_evaluation.yaml --ablation_id shared_vs_independent_heads --manifest_path outputs/week5_data/vectorized_manifest.json --diagnostic_checkpoint outputs/week8_ablations/shared_vs_independent_heads/diagnostic_checkpoints/diag_deep_sets_standard_seed42.best.pt --policy_checkpoint outputs/week8_ablations/shared_vs_independent_heads/policy_checkpoints/policy_deep_sets_standard_lambda0_seed42.best.pt --aps_report outputs/week8_ablations/shared_vs_independent_heads/temporary_aps/temporary_aps_deep_sets_standard_seed42.json --freeze_manifest outputs/week8_ablations/shared_vs_independent_heads/freeze/week8_stack_freeze.json --teacher_path outputs/teacher_core_contract_v1_recovered --output_dir outputs/week8_ablations/shared_vs_independent_heads/frontier --budgets 1 2 3 4 7 --coverages 0.90 0.95 --seed 42 --device cuda:0 --resume"
	User time (seconds): 128.73
	System time (seconds): 6.20
	Percent of CPU this job got: 110%
	Elapsed (wall clock) time (h:mm:ss or m:ss): 2:02.57
	Average shared text size (kbytes): 0
	Average unshared data size (kbytes): 0
	Average stack size (kbytes): 0
	Average total size (kbytes): 0
	Maximum resident set size (kbytes): 1113204
	Average resident set size (kbytes): 0
	Major (requiring I/O) page faults: 0
	Minor (reclaiming a frame) page faults: 213845
	Voluntary context switches: 1927
	Involuntary context switches: 98386
	Swaps: 0
	File system inputs: 0
	File system outputs: 76088
	Socket messages sent: 0
	Socket messages received: 0
	Signals delivered: 0
	Page size (bytes): 4096
	Exit status: 0
shared_vs_independent_heads validation frontier exit code: 0
===== loss-only VOI policy training =====
Timeout 1782s; worker ceiling remaining 1782s
2026-09-12 22:23:34,836 INFO [train_policy] epoch=0 val_loss=0.561358 oracle_agreement=0.8555
2026-09-12 22:24:42,839 INFO [train_policy] epoch=1 val_loss=0.558840 oracle_agreement=0.8579
2026-09-12 22:25:49,359 INFO [train_policy] epoch=2 val_loss=0.558407 oracle_agreement=0.8575
2026-09-12 22:26:56,178 INFO [train_policy] epoch=3 val_loss=0.556650 oracle_agreement=0.8594
2026-09-12 22:28:02,002 INFO [train_policy] epoch=4 val_loss=0.557856 oracle_agreement=0.8590
2026-09-12 22:29:00,313 INFO [train_policy] epoch=5 val_loss=0.556197 oracle_agreement=0.8597
2026-09-12 22:30:07,741 INFO [train_policy] epoch=6 val_loss=0.557071 oracle_agreement=0.8597
2026-09-12 22:31:14,477 INFO [train_policy] epoch=7 val_loss=0.554125 oracle_agreement=0.8602
2026-09-12 22:32:21,379 INFO [train_policy] epoch=8 val_loss=0.555886 oracle_agreement=0.8610
2026-09-12 22:33:28,128 INFO [train_policy] epoch=9 val_loss=0.554857 oracle_agreement=0.8605
2026-09-12 22:34:33,726 INFO [train_policy] epoch=10 val_loss=0.555734 oracle_agreement=0.8603
2026-09-12 22:35:39,861 INFO [train_policy] epoch=11 val_loss=0.556012 oracle_agreement=0.8603
2026-09-12 22:36:45,860 INFO [train_policy] epoch=12 val_loss=0.554950 oracle_agreement=0.8608
{
  "encoder": "deep_sets",
  "gru_condition": "standard",
  "cost_multiplier": 0.0,
  "target_kind": "loss_only_voi",
  "limit": null,
  "seed": 42,
  "pilot": false,
  "config_approval": "APPROVED",
  "output": "outputs/week8_ablations/loss_only_voi/policy_checkpoints/loss_only_voi_deep_sets_standard_lambda0_seed42.best.pt"
}
{
  "format_version": "week6_policy_validation_v1",
  "is_valid": true,
  "fit_split": "train",
  "selection_split": "val",
  "calibration_used": false,
  "test_used": false,
  "encoder_name": "deep_sets",
  "gru_condition": "standard",
  "seed": 42,
  "cost_multiplier": 0.0,
  "target_kind": "loss_only_voi",
  "train_rows": 436429,
  "validation_rows": 60483,
  "best_epoch": 7,
  "metrics": {
    "total": 0.5541250050770548,
    "ranking": 0.05212469217573574,
    "mse": 0.7789169166551791,
    "action_ce": 0.6145421683294575,
    "best_action_accuracy": 0.8601755865284461,
    "stop_prediction_rate": 0.40533703685333067,
    "row_count": 60483
  },
  "checkpoint_path": "outputs/week8_ablations/loss_only_voi/policy_checkpoints/loss_only_voi_deep_sets_standard_lambda0_seed42.best.pt",
  "checkpoint_sha256": "8b755a5737d89f8062f375e25640ba2645ac240cbad680f606694f5fcc0aa3b7",
  "config_sha256": "33e88aa1bbc4dbaa47309015be7e6e188523dcdf5416cf64d1703aa4c442c9eb",
  "source_manifest_sha256": "80886682b9ebb933236ec2af1a04582b24499e8595f058813baaf9b0b8a8f286",
  "diagnostic_checkpoint_sha256": "2e680eb8ff7859b0420577f0ffb3b06810e6f863deac25b87d7fb3170bf2fb06",
  "vector_manifest_sha256": "1fac2c343e57ca8b6702c4e6a282a7b86a48042a6d133ba84612b5b1c50201ae",
  "week5_freeze_sha256": "d6323ee4dae857fbb6bdca8df392f743924f319339c4e21935d68ebda389a858",
  "limit": null,
  "report_sha256": "370e09af93c7bae161c2be0478c45593c37296aaac1c61284730ac3208019ab0"
}
	Command being timed: "timeout --signal=TERM --kill-after=5m 1782s env CUDA_VISIBLE_DEVICES=1 python scripts/train_policy.py --config configs/experiments/policy_train.yaml --manifest_path outputs/week5_data/vectorized_manifest.json --voi_manifest outputs/week6_voi/voi_manifest.json --diagnostic_checkpoint outputs/week5_checkpoints/diag_deep_sets_standard_seed42.best.pt --freeze_manifest outputs/week5_reports/week5_encoder_freeze.json --cost_multiplier 0.0 --target_kind loss_only_voi --seed 42 --device cuda:0 --output_dir outputs/week8_ablations/loss_only_voi/policy_checkpoints --resume"
	User time (seconds): 974.99
	System time (seconds): 10.59
	Percent of CPU this job got: 101%
	Elapsed (wall clock) time (h:mm:ss or m:ss): 16:10.79
	Average shared text size (kbytes): 0
	Average unshared data size (kbytes): 0
	Average stack size (kbytes): 0
	Average total size (kbytes): 0
	Maximum resident set size (kbytes): 7228224
	Average resident set size (kbytes): 0
	Major (requiring I/O) page faults: 0
	Minor (reclaiming a frame) page faults: 1810137
	Voluntary context switches: 33764
	Involuntary context switches: 255166
	Swaps: 0
	File system inputs: 40
	File system outputs: 17432
	Socket messages sent: 0
	Socket messages received: 0
	Signals delivered: 0
	Page size (bytes): 4096
	Exit status: 0
loss-only VOI policy training exit code: 0
===== loss-only VOI stack freeze =====
Timeout 600s; worker ceiling remaining 811s
{
  "artifacts": {
    "diagnostic_checkpoint": {
      "path": "outputs/week5_checkpoints/diag_deep_sets_standard_seed42.best.pt",
      "sha256": "2e680eb8ff7859b0420577f0ffb3b06810e6f863deac25b87d7fb3170bf2fb06"
    },
    "diagnostic_config": {
      "path": "configs/experiments/diag_bakeoff.yaml",
      "sha256": "0293d3bdbcd91299f7f4ec0e501917e2d40bfcc40b2a33d5591f0ac0330f3d74"
    },
    "policy_checkpoint": {
      "path": "outputs/week8_ablations/loss_only_voi/policy_checkpoints/loss_only_voi_deep_sets_standard_lambda0_seed42.best.pt",
      "sha256": "8b755a5737d89f8062f375e25640ba2645ac240cbad680f606694f5fcc0aa3b7"
    },
    "policy_config": {
      "path": "configs/experiments/policy_train.yaml",
      "sha256": "33e88aa1bbc4dbaa47309015be7e6e188523dcdf5416cf64d1703aa4c442c9eb"
    },
    "selection_report": {
      "path": "outputs/week8_ablations/loss_only_voi/freeze/predeclared_stack_selection.json",
      "sha256": "71c54b821c361f916b80126f778f32fe2c3ace22f48814f19ac219a1dc55503b"
    },
    "vector_manifest": {
      "path": "outputs/week5_data/vectorized_manifest.json",
      "sha256": "1fac2c343e57ca8b6702c4e6a282a7b86a48042a6d133ba84612b5b1c50201ae"
    },
    "week8_config": {
      "path": "configs/experiments/week8_evaluation.yaml",
      "sha256": "59748c18da7375db6140f05d6c5ec2670c6ce19eeb25b5931e94868ffe7d9cf6"
    }
  },
  "format_version": "proactive_stack_freeze_v1",
  "freeze_sha256": "7073c0f95327b0386d4bfcc6048c7aff60b1d88a205e5fba0cf8b7b2f5754548",
  "owner_approved": true,
  "status": "FROZEN"
}

	Command being timed: "timeout --signal=TERM --kill-after=5m 600s python scripts/freeze_week8_ablation_stack.py --week8_config configs/experiments/week8_evaluation.yaml --ablation_id loss_only_voi --diag_config configs/experiments/diag_bakeoff.yaml --policy_config configs/experiments/policy_train.yaml --vector_manifest outputs/week5_data/vectorized_manifest.json --diagnostic_checkpoint outputs/week5_checkpoints/diag_deep_sets_standard_seed42.best.pt --policy_checkpoint outputs/week8_ablations/loss_only_voi/policy_checkpoints/loss_only_voi_deep_sets_standard_lambda0_seed42.best.pt --output_dir outputs/week8_ablations/loss_only_voi/freeze --approve_freeze --overwrite"
	User time (seconds): 1.81
	System time (seconds): 5.49
	Percent of CPU this job got: 541%
	Elapsed (wall clock) time (h:mm:ss or m:ss): 0:01.35
	Average shared text size (kbytes): 0
	Average unshared data size (kbytes): 0
	Average stack size (kbytes): 0
	Average total size (kbytes): 0
	Maximum resident set size (kbytes): 430984
	Average resident set size (kbytes): 0
	Major (requiring I/O) page faults: 0
	Minor (reclaiming a frame) page faults: 62326
	Voluntary context switches: 173
	Involuntary context switches: 38748
	Swaps: 0
	File system inputs: 0
	File system outputs: 16
	Socket messages sent: 0
	Socket messages received: 0
	Signals delivered: 0
	Page size (bytes): 4096
	Exit status: 0
loss-only VOI stack freeze exit code: 0
===== loss-only VOI validation frontier =====
Timeout 810s; worker ceiling remaining 810s
{
  "format_version": "week8_ablation_frontier_v1",
  "status": "COMPLETE",
  "ablation_id": "loss_only_voi",
  "evaluation_split": "val",
  "calibration_used": false,
  "test_used": false,
  "heldout_shift_used": false,
  "post_test_tuning_used": false,
  "seed": 42,
  "week8_config_sha256": "59748c18da7375db6140f05d6c5ec2670c6ce19eeb25b5931e94868ffe7d9cf6",
  "manifest_sha256": "1fac2c343e57ca8b6702c4e6a282a7b86a48042a6d133ba84612b5b1c50201ae",
  "diagnostic_checkpoint_sha256": "2e680eb8ff7859b0420577f0ffb3b06810e6f863deac25b87d7fb3170bf2fb06",
  "policy_checkpoint_sha256": "8b755a5737d89f8062f375e25640ba2645ac240cbad680f606694f5fcc0aa3b7",
  "aps_sha256": "af5b015ee18198370f38a40a34a907b8ab64d4d1bed2afe7e2e693c4d9e9138c",
  "freeze_manifest_sha256": "b38c53fcb5b76236c48c9defb33aaa0440910edbadb055259aeca3dc2f2c63b0",
  "budgets": [
    1,
    2,
    3,
    4,
    7
  ],
  "coverages": [
    0.9,
    0.95
  ],
  "base_model_instances": 1404,
  "teacher_files": [
    {
      "path": "outputs/teacher_core_contract_v1_recovered/teacher_gemma4_e4b_all_all_shard00-of-04.jsonl",
      "sha256": "46593391081546c310991894934b1436ecfcf1f07956104d59e9e8f4495e1948",
      "selected_rows": 175
    },
    {
      "path": "outputs/teacher_core_contract_v1_recovered/teacher_gemma4_e4b_all_all_shard01-of-04.jsonl",
      "sha256": "3c7d3ca72753bd49d8f344dd9e468877e75567132de20a81ce20467d52e096a9",
      "selected_rows": 180
    },
    {
      "path": "outputs/teacher_core_contract_v1_recovered/teacher_gemma4_e4b_all_all_shard02-of-04.jsonl",
      "sha256": "bff419cdd17e66ccd9eea1a83e248d5f58e16143d662ebd3ba33625b953018ec",
      "selected_rows": 163
    },
    {
      "path": "outputs/teacher_core_contract_v1_recovered/teacher_gemma4_e4b_all_all_shard03-of-04.jsonl",
      "sha256": "9538751d71a3f8a133be26c2de6d4a4b505b3c780a20ee10a15cd24cd0d8a84e",
      "selected_rows": 184
    },
    {
      "path": "outputs/teacher_core_contract_v1_recovered/teacher_qwen3_vl_8b_all_all_shard00-of-04.jsonl",
      "sha256": "53cc79788e76a9ddcf8df20812e5ca0ca7aa918dad85d249107f3b46003c5be4",
      "selected_rows": 162
    },
    {
      "path": "outputs/teacher_core_contract_v1_recovered/teacher_qwen3_vl_8b_all_all_shard01-of-04.jsonl",
      "sha256": "5bcb3927cfca370cce87c95df969dde3f24c26cd901c9733b63bb17180717c65",
      "selected_rows": 179
    },
    {
      "path": "outputs/teacher_core_contract_v1_recovered/teacher_qwen3_vl_8b_all_all_shard02-of-04.jsonl",
      "sha256": "0ae1afb49f1cf578282a62fafea38ffad93bc7d3220929469d31150e2f9c8711",
      "selected_rows": 174
    },
    {
      "path": "outputs/teacher_core_contract_v1_recovered/teacher_qwen3_vl_8b_all_all_shard03-of-04.jsonl",
      "sha256": "4dc9b657f4ea35d7e74e352157f25aee5bd1b2c9c99e13d33755f8f65d55031f",
      "selected_rows": 187
    }
  ],
  "global_aps_fit_split": "val",
  "global_aps_evaluation_split": "val",
  "global_aps_thresholds": {
    "0.9": 0.9999997615814209,
    "0.95": 1.0
  },
  "summaries": {
    "proactive|1|0.9": {
      "row_count": 1404,
      "mean_acquisition_cost": 1.0,
      "diagnostic": {
        "record_count": 1404,
        "source_bit_micro_f1": 0.9170305676855895,
        "source_bit_macro_f1": 0.9199017985224686,
        "source_bit_hamming_loss": 0.07668566001899335,
        "source_bit_auroc": {
          "visual": 0.9384566813659092,
          "language": 0.9962746586974982,
          "alignment": 0.987598204264871
        },
        "six_way_macro_f1": 0.5926558814386408,
        "six_way_balanced_accuracy": 0.6845236997620366,
        "six_way_confusion_matrix": [
          [
            100,
            0,
            3,
            1,
            31,
            52
          ],
          [
            3,
            371,
            0,
            16,
            1,
            1
          ],
          [
            1,
            0,
            32,
            2,
            9,
            0
          ],
          [
            20,
            52,
            88,
            427,
            8,
            0
          ],
          [
            5,
            0,
            1,
            0,
            5,
            1
          ],
          [
            28,
            0,
            1,
            0,
            12,
            133
          ]
        ],
        "six_way_labels": [
          "visual",
          "language-prior",
          "alignment",
          "mixed",
          "unclear",
          "no-failure"
        ],
        "signature_mse": 0.011406098551487852
      },
      "prediction_sets": {
        "coverage": 0.9088319088319088,
        "average_set_size": 2.780626780626781,
        "singleton_rate": 0.17165242165242164,
        "empty_set_rate": 0.07407407407407407
      },
      "action_counts": {
        "blank": 1197,
        "stop": 1404,
        "grounding": 170,
        "blur": 36,
        "relation": 1
      }
    },
    "proactive|1|0.95": {
      "row_count": 1404,
      "mean_acquisition_cost": 1.0,
      "diagnostic": {
        "record_count": 1404,
        "source_bit_micro_f1": 0.9170305676855895,
        "source_bit_macro_f1": 0.9199017985224686,
        "source_bit_hamming_loss": 0.07668566001899335,
        "source_bit_auroc": {
          "visual": 0.9384566813659092,
          "language": 0.9962746586974982,
          "alignment": 0.987598204264871
        },
        "six_way_macro_f1": 0.5926558814386408,
        "six_way_balanced_accuracy": 0.6845236997620366,
        "six_way_confusion_matrix": [
          [
            100,
            0,
            3,
            1,
            31,
            52
          ],
          [
            3,
            371,
            0,
            16,
            1,
            1
          ],
          [
            1,
            0,
            32,
            2,
            9,
            0
          ],
          [
            20,
            52,
            88,
            427,
            8,
            0
          ],
          [
            5,
            0,
            1,
            0,
            5,
            1
          ],
          [
            28,
            0,
            1,
            0,
            12,
            133
          ]
        ],
        "six_way_labels": [
          "visual",
          "language-prior",
          "alignment",
          "mixed",
          "unclear",
          "no-failure"
        ],
        "signature_mse": 0.011406098551487852
      },
      "prediction_sets": {
        "coverage": 0.9373219373219374,
        "average_set_size": 3.1666666666666665,
        "singleton_rate": 0.0754985754985755,
        "empty_set_rate": 0.06054131054131054
      },
      "action_counts": {
        "blank": 1197,
        "stop": 1404,
        "grounding": 170,
        "blur": 36,
        "relation": 1
      }
    },
    "proactive|2|0.9": {
      "row_count": 1404,
      "mean_acquisition_cost": 2.0,
      "diagnostic": {
        "record_count": 1404,
        "source_bit_micro_f1": 0.9547092125579002,
        "source_bit_macro_f1": 0.9573536197440079,
        "source_bit_hamming_loss": 0.04178537511870845,
        "source_bit_auroc": {
          "visual": 0.9730810359401575,
          "language": 0.9987772715396173,
          "alignment": 0.9973147108949578
        },
        "six_way_macro_f1": 0.7192143980891457,
        "six_way_balanced_accuracy": 0.8077674643525121,
        "six_way_confusion_matrix": [
          [
            150,
            0,
            0,
            0,
            18,
            19
          ],
          [
            1,
            386,
            0,
            2,
            0,
            3
          ],
          [
            0,
            0,
            40,
            2,
            2,
            0
          ],
          [
            11,
            33,
            45,
            500,
            3,
            3
          ],
          [
            2,
            0,
            0,
            0,
            6,
            4
          ],
          [
            4,
            1,
            2,
            0,
            26,
            141
          ]
        ],
        "six_way_labels": [
          "visual",
          "language-prior",
          "alignment",
          "mixed",
          "unclear",
          "no-failure"
        ],
        "signature_mse": 0.007483467830210667
      },
      "prediction_sets": {
        "coverage": 0.8881766381766382,
        "average_set_size": 2.2856125356125356,
        "singleton_rate": 0.202991452991453,
        "empty_set_rate": 0.099002849002849
      },
      "action_counts": {
        "blank": 1265,
        "blur": 942,
        "stop": 1404,
        "grounding": 498,
        "crop": 54,
        "brightness": 45,
        "relation": 4
      }
    },
    "proactive|2|0.95": {
      "row_count": 1404,
      "mean_acquisition_cost": 2.0,
      "diagnostic": {
        "record_count": 1404,
        "source_bit_micro_f1": 0.9547092125579002,
        "source_bit_macro_f1": 0.9573536197440079,
        "source_bit_hamming_loss": 0.04178537511870845,
        "source_bit_auroc": {
          "visual": 0.9730810359401575,
          "language": 0.9987772715396173,
          "alignment": 0.9973147108949578
        },
        "six_way_macro_f1": 0.7192143980891457,
        "six_way_balanced_accuracy": 0.8077674643525121,
        "six_way_confusion_matrix": [
          [
            150,
            0,
            0,
            0,
            18,
            19
          ],
          [
            1,
            386,
            0,
            2,
            0,
            3
          ],
          [
            0,
            0,
            40,
            2,
            2,
            0
          ],
          [
            11,
            33,
            45,
            500,
            3,
            3
          ],
          [
            2,
            0,
            0,
            0,
            6,
            4
          ],
          [
            4,
            1,
            2,
            0,
            26,
            141
          ]
        ],
        "six_way_labels": [
          "visual",
          "language-prior",
          "alignment",
          "mixed",
          "unclear",
          "no-failure"
        ],
        "signature_mse": 0.007483467830210667
      },
      "prediction_sets": {
        "coverage": 0.9145299145299145,
        "average_set_size": 2.7891737891737893,
        "singleton_rate": 0.09401709401709402,
        "empty_set_rate": 0.08547008547008547
      },
      "action_counts": {
        "blank": 1265,
        "blur": 942,
        "stop": 1404,
        "grounding": 498,
        "crop": 54,
        "brightness": 45,
        "relation": 4
      }
    },
    "proactive|3|0.9": {
      "row_count": 1404,
      "mean_acquisition_cost": 2.9074074074074074,
      "diagnostic": {
        "record_count": 1404,
        "source_bit_micro_f1": 0.9734693877551021,
        "source_bit_macro_f1": 0.9753572979982271,
        "source_bit_hamming_loss": 0.024691358024691357,
        "source_bit_auroc": {
          "visual": 0.9830391787434694,
          "language": 0.9998652753282383,
          "alignment": 0.999106289229746
        },
        "six_way_macro_f1": 0.7866491282567138,
        "six_way_balanced_accuracy": 0.8516065882988514,
        "six_way_confusion_matrix": [
          [
            164,
            0,
            0,
            0,
            7,
            16
          ],
          [
            0,
            388,
            0,
            2,
            0,
            2
          ],
          [
            0,
            0,
            43,
            1,
            0,
            0
          ],
          [
            2,
            26,
            24,
            541,
            0,
            2
          ],
          [
            0,
            0,
            0,
            0,
            6,
            6
          ],
          [
            4,
            0,
            1,
            0,
            20,
            149
          ]
        ],
        "six_way_labels": [
          "visual",
          "language-prior",
          "alignment",
          "mixed",
          "unclear",
          "no-failure"
        ],
        "signature_mse": 0.005334736096092587
      },
      "prediction_sets": {
        "coverage": 0.8561253561253561,
        "average_set_size": 2.0448717948717947,
        "singleton_rate": 0.24074074074074073,
        "empty_set_rate": 0.1339031339031339
      },
      "action_counts": {
        "blank": 1371,
        "blur": 1228,
        "brightness": 82,
        "stop": 1404,
        "grounding": 831,
        "crop": 558,
        "relation": 9,
        "noise": 3
      }
    },
    "proactive|3|0.95": {
      "row_count": 1404,
      "mean_acquisition_cost": 2.9074074074074074,
      "diagnostic": {
        "record_count": 1404,
        "source_bit_micro_f1": 0.9734693877551021,
        "source_bit_macro_f1": 0.9753572979982271,
        "source_bit_hamming_loss": 0.024691358024691357,
        "source_bit_auroc": {
          "visual": 0.9830391787434694,
          "language": 0.9998652753282383,
          "alignment": 0.999106289229746
        },
        "six_way_macro_f1": 0.7866491282567138,
        "six_way_balanced_accuracy": 0.8516065882988514,
        "six_way_confusion_matrix": [
          [
            164,
            0,
            0,
            0,
            7,
            16
          ],
          [
            0,
            388,
            0,
            2,
            0,
            2
          ],
          [
            0,
            0,
            43,
            1,
            0,
            0
          ],
          [
            2,
            26,
            24,
            541,
            0,
            2
          ],
          [
            0,
            0,
            0,
            0,
            6,
            6
          ],
          [
            4,
            0,
            1,
            0,
            20,
            149
          ]
        ],
        "six_way_labels": [
          "visual",
          "language-prior",
          "alignment",
          "mixed",
          "unclear",
          "no-failure"
        ],
        "signature_mse": 0.005334736096092587
      },
      "prediction_sets": {
        "coverage": 0.9009971509971509,
        "average_set_size": 2.786324786324786,
        "singleton_rate": 0.07834757834757834,
        "empty_set_rate": 0.099002849002849
      },
      "action_counts": {
        "blank": 1371,
        "blur": 1228,
        "brightness": 82,
        "stop": 1404,
        "grounding": 831,
        "crop": 558,
        "relation": 9,
        "noise": 3
      }
    },
    "proactive|4|0.9": {
      "row_count": 1404,
      "mean_acquisition_cost": 3.635327635327635,
      "diagnostic": {
        "record_count": 1404,
        "source_bit_micro_f1": 0.9852791878172589,
        "source_bit_macro_f1": 0.9864079114267331,
        "source_bit_hamming_loss": 0.013770180436847104,
        "source_bit_auroc": {
          "visual": 0.9914574655518328,
          "language": 0.999995917434189,
          "alignment": 0.9995531446148731
        },
        "six_way_macro_f1": 0.8151972830913645,
        "six_way_balanced_accuracy": 0.8574883349369006,
        "six_way_confusion_matrix": [
          [
            178,
            0,
            0,
            0,
            2,
            7
          ],
          [
            0,
            390,
            0,
            2,
            0,
            0
          ],
          [
            0,
            0,
            43,
            1,
            0,
            0
          ],
          [
            1,
            17,
            13,
            564,
            0,
            0
          ],
          [
            0,
            0,
            0,
            0,
            5,
            7
          ],
          [
            0,
            0,
            0,
            0,
            25,
            149
          ]
        ],
        "six_way_labels": [
          "visual",
          "language-prior",
          "alignment",
          "mixed",
          "unclear",
          "no-failure"
        ],
        "signature_mse": 0.004468606747012844
      },
      "prediction_sets": {
        "coverage": 0.8411680911680912,
        "average_set_size": 1.9223646723646723,
        "singleton_rate": 0.2670940170940171,
        "empty_set_rate": 0.14957264957264957
      },
      "action_counts": {
        "blank": 1401,
        "blur": 1282,
        "brightness": 561,
        "grounding": 920,
        "stop": 1404,
        "crop": 917,
        "relation": 8,
        "noise": 15
      }
    },
    "proactive|4|0.95": {
      "row_count": 1404,
      "mean_acquisition_cost": 3.635327635327635,
      "diagnostic": {
        "record_count": 1404,
        "source_bit_micro_f1": 0.9852791878172589,
        "source_bit_macro_f1": 0.9864079114267331,
        "source_bit_hamming_loss": 0.013770180436847104,
        "source_bit_auroc": {
          "visual": 0.9914574655518328,
          "language": 0.999995917434189,
          "alignment": 0.9995531446148731
        },
        "six_way_macro_f1": 0.8151972830913645,
        "six_way_balanced_accuracy": 0.8574883349369006,
        "six_way_confusion_matrix": [
          [
            178,
            0,
            0,
            0,
            2,
            7
          ],
          [
            0,
            390,
            0,
            2,
            0,
            0
          ],
          [
            0,
            0,
            43,
            1,
            0,
            0
          ],
          [
            1,
            17,
            13,
            564,
            0,
            0
          ],
          [
            0,
            0,
            0,
            0,
            5,
            7
          ],
          [
            0,
            0,
            0,
            0,
            25,
            149
          ]
        ],
        "six_way_labels": [
          "visual",
          "language-prior",
          "alignment",
          "mixed",
          "unclear",
          "no-failure"
        ],
        "signature_mse": 0.004468606747012844
      },
      "prediction_sets": {
        "coverage": 0.8931623931623932,
        "average_set_size": 2.8497150997150995,
        "singleton_rate": 0.09045584045584046,
        "empty_set_rate": 0.10612535612535613
      },
      "action_counts": {
        "blank": 1401,
        "blur": 1282,
        "brightness": 561,
        "grounding": 920,
        "stop": 1404,
        "crop": 917,
        "relation": 8,
        "noise": 15
      }
    },
    "proactive|7|0.9": {
      "row_count": 1404,
      "mean_acquisition_cost": 4.4408831908831905,
      "diagnostic": {
        "record_count": 1404,
        "source_bit_micro_f1": 0.9969849246231156,
        "source_bit_macro_f1": 0.9970253667755539,
        "source_bit_hamming_loss": 0.002849002849002849,
        "source_bit_auroc": {
          "visual": 0.9999470419895917,
          "language": 1.0,
          "alignment": 0.999684083634701
        },
        "six_way_macro_f1": 0.857898849718045,
        "six_way_balanced_accuracy": 0.8885972361776476,
        "six_way_confusion_matrix": [
          [
            187,
            0,
            0,
            0,
            0,
            0
          ],
          [
            0,
            390,
            0,
            2,
            0,
            0
          ],
          [
            0,
            0,
            43,
            1,
            0,
            0
          ],
          [
            1,
            1,
            3,
            590,
            0,
            0
          ],
          [
            0,
            0,
            0,
            0,
            6,
            6
          ],
          [
            0,
            0,
            0,
            0,
            23,
            151
          ]
        ],
        "six_way_labels": [
          "visual",
          "language-prior",
          "alignment",
          "mixed",
          "unclear",
          "no-failure"
        ],
        "signature_mse": 0.004493133304985669
      },
      "prediction_sets": {
        "coverage": 0.8568376068376068,
        "average_set_size": 1.9024216524216524,
        "singleton_rate": 0.2849002849002849,
        "empty_set_rate": 0.14031339031339032
      },
      "action_counts": {
        "blank": 1404,
        "crop": 984,
        "grounding": 972,
        "stop": 1404,
        "blur": 1283,
        "brightness": 986,
        "noise": 594,
        "relation": 12
      }
    },
    "proactive|7|0.95": {
      "row_count": 1404,
      "mean_acquisition_cost": 4.4408831908831905,
      "diagnostic": {
        "record_count": 1404,
        "source_bit_micro_f1": 0.9969849246231156,
        "source_bit_macro_f1": 0.9970253667755539,
        "source_bit_hamming_loss": 0.002849002849002849,
        "source_bit_auroc": {
          "visual": 0.9999470419895917,
          "language": 1.0,
          "alignment": 0.999684083634701
        },
        "six_way_macro_f1": 0.857898849718045,
        "six_way_balanced_accuracy": 0.8885972361776476,
        "six_way_confusion_matrix": [
          [
            187,
            0,
            0,
            0,
            0,
            0
          ],
          [
            0,
            390,
            0,
            2,
            0,
            0
          ],
          [
            0,
            0,
            43,
            1,
            0,
            0
          ],
          [
            1,
            1,
            3,
            590,
            0,
            0
          ],
          [
            0,
            0,
            0,
            0,
            6,
            6
          ],
          [
            0,
            0,
            0,
            0,
            23,
            151
          ]
        ],
        "six_way_labels": [
          "visual",
          "language-prior",
          "alignment",
          "mixed",
          "unclear",
          "no-failure"
        ],
        "signature_mse": 0.004493133304985669
      },
      "prediction_sets": {
        "coverage": 0.8903133903133903,
        "average_set_size": 3.7286324786324787,
        "singleton_rate": 0.0641025641025641,
        "empty_set_rate": 0.10897435897435898
      },
      "action_counts": {
        "blank": 1404,
        "crop": 984,
        "grounding": 972,
        "stop": 1404,
        "blur": 1283,
        "brightness": 986,
        "noise": 594,
        "relation": 12
      }
    },
    "proactive_no_stop|1|0.9": {
      "row_count": 1404,
      "mean_acquisition_cost": 1.0,
      "diagnostic": {
        "record_count": 1404,
        "source_bit_micro_f1": 0.9170305676855895,
        "source_bit_macro_f1": 0.9199017985224686,
        "source_bit_hamming_loss": 0.07668566001899335,
        "source_bit_auroc": {
          "visual": 0.9384566813659092,
          "language": 0.9962746586974982,
          "alignment": 0.987598204264871
        },
        "six_way_macro_f1": 0.5926558814386408,
        "six_way_balanced_accuracy": 0.6845236997620366,
        "six_way_confusion_matrix": [
          [
            100,
            0,
            3,
            1,
            31,
            52
          ],
          [
            3,
            371,
            0,
            16,
            1,
            1
          ],
          [
            1,
            0,
            32,
            2,
            9,
            0
          ],
          [
            20,
            52,
            88,
            427,
            8,
            0
          ],
          [
            5,
            0,
            1,
            0,
            5,
            1
          ],
          [
            28,
            0,
            1,
            0,
            12,
            133
          ]
        ],
        "six_way_labels": [
          "visual",
          "language-prior",
          "alignment",
          "mixed",
          "unclear",
          "no-failure"
        ],
        "signature_mse": 0.011406098551487852
      },
      "prediction_sets": {
        "coverage": 0.9088319088319088,
        "average_set_size": 2.780626780626781,
        "singleton_rate": 0.17165242165242164,
        "empty_set_rate": 0.07407407407407407
      },
      "action_counts": {
        "blank": 1197,
        "stop": 1404,
        "grounding": 170,
        "blur": 36,
        "relation": 1
      }
    },
    "proactive_no_stop|1|0.95": {
      "row_count": 1404,
      "mean_acquisition_cost": 1.0,
      "diagnostic": {
        "record_count": 1404,
        "source_bit_micro_f1": 0.9170305676855895,
        "source_bit_macro_f1": 0.9199017985224686,
        "source_bit_hamming_loss": 0.07668566001899335,
        "source_bit_auroc": {
          "visual": 0.9384566813659092,
          "language": 0.9962746586974982,
          "alignment": 0.987598204264871
        },
        "six_way_macro_f1": 0.5926558814386408,
        "six_way_balanced_accuracy": 0.6845236997620366,
        "six_way_confusion_matrix": [
          [
            100,
            0,
            3,
            1,
            31,
            52
          ],
          [
            3,
            371,
            0,
            16,
            1,
            1
          ],
          [
            1,
            0,
            32,
            2,
            9,
            0
          ],
          [
            20,
            52,
            88,
            427,
            8,
            0
          ],
          [
            5,
            0,
            1,
            0,
            5,
            1
          ],
          [
            28,
            0,
            1,
            0,
            12,
            133
          ]
        ],
        "six_way_labels": [
          "visual",
          "language-prior",
          "alignment",
          "mixed",
          "unclear",
          "no-failure"
        ],
        "signature_mse": 0.011406098551487852
      },
      "prediction_sets": {
        "coverage": 0.9373219373219374,
        "average_set_size": 3.1666666666666665,
        "singleton_rate": 0.0754985754985755,
        "empty_set_rate": 0.06054131054131054
      },
      "action_counts": {
        "blank": 1197,
        "stop": 1404,
        "grounding": 170,
        "blur": 36,
        "relation": 1
      }
    },
    "proactive_no_stop|2|0.9": {
      "row_count": 1404,
      "mean_acquisition_cost": 2.0,
      "diagnostic": {
        "record_count": 1404,
        "source_bit_micro_f1": 0.9547092125579002,
        "source_bit_macro_f1": 0.9573536197440079,
        "source_bit_hamming_loss": 0.04178537511870845,
        "source_bit_auroc": {
          "visual": 0.9730810359401575,
          "language": 0.9987772715396173,
          "alignment": 0.9973147108949578
        },
        "six_way_macro_f1": 0.7192143980891457,
        "six_way_balanced_accuracy": 0.8077674643525121,
        "six_way_confusion_matrix": [
          [
            150,
            0,
            0,
            0,
            18,
            19
          ],
          [
            1,
            386,
            0,
            2,
            0,
            3
          ],
          [
            0,
            0,
            40,
            2,
            2,
            0
          ],
          [
            11,
            33,
            45,
            500,
            3,
            3
          ],
          [
            2,
            0,
            0,
            0,
            6,
            4
          ],
          [
            4,
            1,
            2,
            0,
            26,
            141
          ]
        ],
        "six_way_labels": [
          "visual",
          "language-prior",
          "alignment",
          "mixed",
          "unclear",
          "no-failure"
        ],
        "signature_mse": 0.007483467830210667
      },
      "prediction_sets": {
        "coverage": 0.8881766381766382,
        "average_set_size": 2.2856125356125356,
        "singleton_rate": 0.202991452991453,
        "empty_set_rate": 0.099002849002849
      },
      "action_counts": {
        "blank": 1265,
        "blur": 942,
        "stop": 1404,
        "grounding": 498,
        "crop": 54,
        "brightness": 45,
        "relation": 4
      }
    },
    "proactive_no_stop|2|0.95": {
      "row_count": 1404,
      "mean_acquisition_cost": 2.0,
      "diagnostic": {
        "record_count": 1404,
        "source_bit_micro_f1": 0.9547092125579002,
        "source_bit_macro_f1": 0.9573536197440079,
        "source_bit_hamming_loss": 0.04178537511870845,
        "source_bit_auroc": {
          "visual": 0.9730810359401575,
          "language": 0.9987772715396173,
          "alignment": 0.9973147108949578
        },
        "six_way_macro_f1": 0.7192143980891457,
        "six_way_balanced_accuracy": 0.8077674643525121,
        "six_way_confusion_matrix": [
          [
            150,
            0,
            0,
            0,
            18,
            19
          ],
          [
            1,
            386,
            0,
            2,
            0,
            3
          ],
          [
            0,
            0,
            40,
            2,
            2,
            0
          ],
          [
            11,
            33,
            45,
            500,
            3,
            3
          ],
          [
            2,
            0,
            0,
            0,
            6,
            4
          ],
          [
            4,
            1,
            2,
            0,
            26,
            141
          ]
        ],
        "six_way_labels": [
          "visual",
          "language-prior",
          "alignment",
          "mixed",
          "unclear",
          "no-failure"
        ],
        "signature_mse": 0.007483467830210667
      },
      "prediction_sets": {
        "coverage": 0.9145299145299145,
        "average_set_size": 2.7891737891737893,
        "singleton_rate": 0.09401709401709402,
        "empty_set_rate": 0.08547008547008547
      },
      "action_counts": {
        "blank": 1265,
        "blur": 942,
        "stop": 1404,
        "grounding": 498,
        "crop": 54,
        "brightness": 45,
        "relation": 4
      }
    },
    "proactive_no_stop|3|0.9": {
      "row_count": 1404,
      "mean_acquisition_cost": 3.0,
      "diagnostic": {
        "record_count": 1404,
        "source_bit_micro_f1": 0.9734693877551021,
        "source_bit_macro_f1": 0.9753572979982271,
        "source_bit_hamming_loss": 0.024691358024691357,
        "source_bit_auroc": {
          "visual": 0.9830391787434694,
          "language": 0.9998652753282383,
          "alignment": 0.999106289229746
        },
        "six_way_macro_f1": 0.7866491282567138,
        "six_way_balanced_accuracy": 0.8516065882988514,
        "six_way_confusion_matrix": [
          [
            164,
            0,
            0,
            0,
            7,
            16
          ],
          [
            0,
            388,
            0,
            2,
            0,
            2
          ],
          [
            0,
            0,
            43,
            1,
            0,
            0
          ],
          [
            2,
            26,
            24,
            541,
            0,
            2
          ],
          [
            0,
            0,
            0,
            0,
            6,
            6
          ],
          [
            4,
            0,
            1,
            0,
            20,
            149
          ]
        ],
        "six_way_labels": [
          "visual",
          "language-prior",
          "alignment",
          "mixed",
          "unclear",
          "no-failure"
        ],
        "signature_mse": 0.005375356908299855
      },
      "prediction_sets": {
        "coverage": 0.8233618233618234,
        "average_set_size": 2.0064102564102564,
        "singleton_rate": 0.21367521367521367,
        "empty_set_rate": 0.16666666666666666
      },
      "action_counts": {
        "blank": 1371,
        "blur": 1296,
        "brightness": 82,
        "stop": 1404,
        "grounding": 854,
        "crop": 582,
        "noise": 18,
        "relation": 9
      }
    },
    "proactive_no_stop|3|0.95": {
      "row_count": 1404,
      "mean_acquisition_cost": 3.0,
      "diagnostic": {
        "record_count": 1404,
        "source_bit_micro_f1": 0.9734693877551021,
        "source_bit_macro_f1": 0.9753572979982271,
        "source_bit_hamming_loss": 0.024691358024691357,
        "source_bit_auroc": {
          "visual": 0.9830391787434694,
          "language": 0.9998652753282383,
          "alignment": 0.999106289229746
        },
        "six_way_macro_f1": 0.7866491282567138,
        "six_way_balanced_accuracy": 0.8516065882988514,
        "six_way_confusion_matrix": [
          [
            164,
            0,
            0,
            0,
            7,
            16
          ],
          [
            0,
            388,
            0,
            2,
            0,
            2
          ],
          [
            0,
            0,
            43,
            1,
            0,
            0
          ],
          [
            2,
            26,
            24,
            541,
            0,
            2
          ],
          [
            0,
            0,
            0,
            0,
            6,
            6
          ],
          [
            4,
            0,
            1,
            0,
            20,
            149
          ]
        ],
        "six_way_labels": [
          "visual",
          "language-prior",
          "alignment",
          "mixed",
          "unclear",
          "no-failure"
        ],
        "signature_mse": 0.005375356908299855
      },
      "prediction_sets": {
        "coverage": 0.8995726495726496,
        "average_set_size": 2.774928774928775,
        "singleton_rate": 0.0868945868945869,
        "empty_set_rate": 0.10042735042735043
      },
      "action_counts": {
        "blank": 1371,
        "blur": 1296,
        "brightness": 82,
        "stop": 1404,
        "grounding": 854,
        "crop": 582,
        "noise": 18,
        "relation": 9
      }
    },
    "proactive_no_stop|4|0.9": {
      "row_count": 1404,
      "mean_acquisition_cost": 4.0,
      "diagnostic": {
        "record_count": 1404,
        "source_bit_micro_f1": 0.9850291804110631,
        "source_bit_macro_f1": 0.9861285077270884,
        "source_bit_hamming_loss": 0.014007597340930674,
        "source_bit_auroc": {
          "visual": 0.9914554287052786,
          "language": 1.0,
          "alignment": 0.9995552230120132
        },
        "six_way_macro_f1": 0.8151972830913645,
        "six_way_balanced_accuracy": 0.8574883349369006,
        "six_way_confusion_matrix": [
          [
            178,
            0,
            0,
            0,
            2,
            7
          ],
          [
            0,
            390,
            0,
            2,
            0,
            0
          ],
          [
            0,
            0,
            43,
            1,
            0,
            0
          ],
          [
            1,
            17,
            13,
            564,
            0,
            0
          ],
          [
            0,
            0,
            0,
            0,
            5,
            7
          ],
          [
            0,
            0,
            0,
            0,
            25,
            149
          ]
        ],
        "six_way_labels": [
          "visual",
          "language-prior",
          "alignment",
          "mixed",
          "unclear",
          "no-failure"
        ],
        "signature_mse": 0.00452262676237867
      },
      "prediction_sets": {
        "coverage": 0.8333333333333334,
        "average_set_size": 1.8839031339031338,
        "singleton_rate": 0.28917378917378916,
        "empty_set_rate": 0.1574074074074074
      },
      "action_counts": {
        "blank": 1401,
        "blur": 1342,
        "brightness": 653,
        "grounding": 991,
        "stop": 1404,
        "crop": 1117,
        "noise": 104,
        "relation": 8
      }
    },
    "proactive_no_stop|4|0.95": {
      "row_count": 1404,
      "mean_acquisition_cost": 4.0,
      "diagnostic": {
        "record_count": 1404,
        "source_bit_micro_f1": 0.9850291804110631,
        "source_bit_macro_f1": 0.9861285077270884,
        "source_bit_hamming_loss": 0.014007597340930674,
        "source_bit_auroc": {
          "visual": 0.9914554287052786,
          "language": 1.0,
          "alignment": 0.9995552230120132
        },
        "six_way_macro_f1": 0.8151972830913645,
        "six_way_balanced_accuracy": 0.8574883349369006,
        "six_way_confusion_matrix": [
          [
            178,
            0,
            0,
            0,
            2,
            7
          ],
          [
            0,
            390,
            0,
            2,
            0,
            0
          ],
          [
            0,
            0,
            43,
            1,
            0,
            0
          ],
          [
            1,
            17,
            13,
            564,
            0,
            0
          ],
          [
            0,
            0,
            0,
            0,
            5,
            7
          ],
          [
            0,
            0,
            0,
            0,
            25,
            149
          ]
        ],
        "six_way_labels": [
          "visual",
          "language-prior",
          "alignment",
          "mixed",
          "unclear",
          "no-failure"
        ],
        "signature_mse": 0.00452262676237867
      },
      "prediction_sets": {
        "coverage": 0.8917378917378918,
        "average_set_size": 2.777065527065527,
        "singleton_rate": 0.16666666666666666,
        "empty_set_rate": 0.10754985754985755
      },
      "action_counts": {
        "blank": 1401,
        "blur": 1342,
        "brightness": 653,
        "grounding": 991,
        "stop": 1404,
        "crop": 1117,
        "noise": 104,
        "relation": 8
      }
    },
    "proactive_no_stop|7|0.9": {
      "row_count": 1404,
      "mean_acquisition_cost": 6.011396011396012,
      "diagnostic": {
        "record_count": 1404,
        "source_bit_micro_f1": 0.9969849246231156,
        "source_bit_macro_f1": 0.9970492589980061,
        "source_bit_hamming_loss": 0.002849002849002849,
        "source_bit_auroc": {
          "visual": 0.9999490788361459,
          "language": 0.9999918348683781,
          "alignment": 0.9997464355489047
        },
        "six_way_macro_f1": 0.8582522796095753,
        "six_way_balanced_accuracy": 0.8888773482224656,
        "six_way_confusion_matrix": [
          [
            187,
            0,
            0,
            0,
            0,
            0
          ],
          [
            0,
            390,
            0,
            2,
            0,
            0
          ],
          [
            0,
            0,
            43,
            1,
            0,
            0
          ],
          [
            1,
            0,
            3,
            591,
            0,
            0
          ],
          [
            0,
            0,
            0,
            0,
            6,
            6
          ],
          [
            0,
            0,
            0,
            0,
            23,
            151
          ]
        ],
        "six_way_labels": [
          "visual",
          "language-prior",
          "alignment",
          "mixed",
          "unclear",
          "no-failure"
        ],
        "signature_mse": 0.004559100802819239
      },
      "prediction_sets": {
        "coverage": 0.8703703703703703,
        "average_set_size": 1.814102564102564,
        "singleton_rate": 0.3789173789173789,
        "empty_set_rate": 0.1267806267806268
      },
      "action_counts": {
        "blank": 1404,
        "crop": 1404,
        "grounding": 1404,
        "blur": 1404,
        "brightness": 1404,
        "noise": 1404,
        "stop": 1404,
        "relation": 16
      }
    },
    "proactive_no_stop|7|0.95": {
      "row_count": 1404,
      "mean_acquisition_cost": 6.011396011396012,
      "diagnostic": {
        "record_count": 1404,
        "source_bit_micro_f1": 0.9969849246231156,
        "source_bit_macro_f1": 0.9970492589980061,
        "source_bit_hamming_loss": 0.002849002849002849,
        "source_bit_auroc": {
          "visual": 0.9999490788361459,
          "language": 0.9999918348683781,
          "alignment": 0.9997464355489047
        },
        "six_way_macro_f1": 0.8582522796095753,
        "six_way_balanced_accuracy": 0.8888773482224656,
        "six_way_confusion_matrix": [
          [
            187,
            0,
            0,
            0,
            0,
            0
          ],
          [
            0,
            390,
            0,
            2,
            0,
            0
          ],
          [
            0,
            0,
            43,
            1,
            0,
            0
          ],
          [
            1,
            0,
            3,
            591,
            0,
            0
          ],
          [
            0,
            0,
            0,
            0,
            6,
            6
          ],
          [
            0,
            0,
            0,
            0,
            23,
            151
          ]
        ],
        "six_way_labels": [
          "visual",
          "language-prior",
          "alignment",
          "mixed",
          "unclear",
          "no-failure"
        ],
        "signature_mse": 0.004559100802819239
      },
      "prediction_sets": {
        "coverage": 0.8974358974358975,
        "average_set_size": 3.5263532763532766,
        "singleton_rate": 0.17592592592592593,
        "empty_set_rate": 0.10113960113960115
      },
      "action_counts": {
        "blank": 1404,
        "crop": 1404,
        "grounding": 1404,
        "blur": 1404,
        "brightness": 1404,
        "noise": 1404,
        "stop": 1404,
        "relation": 16
      }
    },
    "proactive_global_aps|1|0.9": {
      "row_count": 1404,
      "mean_acquisition_cost": 1.0,
      "diagnostic": {
        "record_count": 1404,
        "source_bit_micro_f1": 0.9170305676855895,
        "source_bit_macro_f1": 0.9199017985224686,
        "source_bit_hamming_loss": 0.07668566001899335,
        "source_bit_auroc": {
          "visual": 0.9384566813659092,
          "language": 0.9962746586974982,
          "alignment": 0.987598204264871
        },
        "six_way_macro_f1": 0.5926558814386408,
        "six_way_balanced_accuracy": 0.6845236997620366,
        "six_way_confusion_matrix": [
          [
            100,
            0,
            3,
            1,
            31,
            52
          ],
          [
            3,
            371,
            0,
            16,
            1,
            1
          ],
          [
            1,
            0,
            32,
            2,
            9,
            0
          ],
          [
            20,
            52,
            88,
            427,
            8,
            0
          ],
          [
            5,
            0,
            1,
            0,
            5,
            1
          ],
          [
            28,
            0,
            1,
            0,
            12,
            133
          ]
        ],
        "six_way_labels": [
          "visual",
          "language-prior",
          "alignment",
          "mixed",
          "unclear",
          "no-failure"
        ],
        "signature_mse": 0.011406098551487852
      },
      "prediction_sets": {
        "coverage": 0.9515669515669516,
        "average_set_size": 3.5256410256410255,
        "singleton_rate": 0.051994301994301995,
        "empty_set_rate": 0.04700854700854701
      },
      "action_counts": {
        "blank": 1197,
        "stop": 1404,
        "grounding": 170,
        "blur": 36,
        "relation": 1
      }
    },
    "proactive_global_aps|1|0.95": {
      "row_count": 1404,
      "mean_acquisition_cost": 1.0,
      "diagnostic": {
        "record_count": 1404,
        "source_bit_micro_f1": 0.9170305676855895,
        "source_bit_macro_f1": 0.9199017985224686,
        "source_bit_hamming_loss": 0.07668566001899335,
        "source_bit_auroc": {
          "visual": 0.9384566813659092,
          "language": 0.9962746586974982,
          "alignment": 0.987598204264871
        },
        "six_way_macro_f1": 0.5926558814386408,
        "six_way_balanced_accuracy": 0.6845236997620366,
        "six_way_confusion_matrix": [
          [
            100,
            0,
            3,
            1,
            31,
            52
          ],
          [
            3,
            371,
            0,
            16,
            1,
            1
          ],
          [
            1,
            0,
            32,
            2,
            9,
            0
          ],
          [
            20,
            52,
            88,
            427,
            8,
            0
          ],
          [
            5,
            0,
            1,
            0,
            5,
            1
          ],
          [
            28,
            0,
            1,
            0,
            12,
            133
          ]
        ],
        "six_way_labels": [
          "visual",
          "language-prior",
          "alignment",
          "mixed",
          "unclear",
          "no-failure"
        ],
        "signature_mse": 0.011406098551487852
      },
      "prediction_sets": {
        "coverage": 1.0,
        "average_set_size": 4.907407407407407,
        "singleton_rate": 0.04772079772079772,
        "empty_set_rate": 0.0
      },
      "action_counts": {
        "blank": 1197,
        "stop": 1404,
        "grounding": 170,
        "blur": 36,
        "relation": 1
      }
    },
    "proactive_global_aps|2|0.9": {
      "row_count": 1404,
      "mean_acquisition_cost": 2.0,
      "diagnostic": {
        "record_count": 1404,
        "source_bit_micro_f1": 0.9547092125579002,
        "source_bit_macro_f1": 0.9573536197440079,
        "source_bit_hamming_loss": 0.04178537511870845,
        "source_bit_auroc": {
          "visual": 0.9730810359401575,
          "language": 0.9987772715396173,
          "alignment": 0.9973147108949578
        },
        "six_way_macro_f1": 0.7192143980891457,
        "six_way_balanced_accuracy": 0.8077674643525121,
        "six_way_confusion_matrix": [
          [
            150,
            0,
            0,
            0,
            18,
            19
          ],
          [
            1,
            386,
            0,
            2,
            0,
            3
          ],
          [
            0,
            0,
            40,
            2,
            2,
            0
          ],
          [
            11,
            33,
            45,
            500,
            3,
            3
          ],
          [
            2,
            0,
            0,
            0,
            6,
            4
          ],
          [
            4,
            1,
            2,
            0,
            26,
            141
          ]
        ],
        "six_way_labels": [
          "visual",
          "language-prior",
          "alignment",
          "mixed",
          "unclear",
          "no-failure"
        ],
        "signature_mse": 0.007483467830210667
      },
      "prediction_sets": {
        "coverage": 0.9173789173789174,
        "average_set_size": 2.8625356125356127,
        "singleton_rate": 0.07478632478632478,
        "empty_set_rate": 0.08262108262108261
      },
      "action_counts": {
        "blank": 1265,
        "blur": 942,
        "stop": 1404,
        "grounding": 498,
        "crop": 54,
        "brightness": 45,
        "relation": 4
      }
    },
    "proactive_global_aps|2|0.95": {
      "row_count": 1404,
      "mean_acquisition_cost": 2.0,
      "diagnostic": {
        "record_count": 1404,
        "source_bit_micro_f1": 0.9547092125579002,
        "source_bit_macro_f1": 0.9573536197440079,
        "source_bit_hamming_loss": 0.04178537511870845,
        "source_bit_auroc": {
          "visual": 0.9730810359401575,
          "language": 0.9987772715396173,
          "alignment": 0.9973147108949578
        },
        "six_way_macro_f1": 0.7192143980891457,
        "six_way_balanced_accuracy": 0.8077674643525121,
        "six_way_confusion_matrix": [
          [
            150,
            0,
            0,
            0,
            18,
            19
          ],
          [
            1,
            386,
            0,
            2,
            0,
            3
          ],
          [
            0,
            0,
            40,
            2,
            2,
            0
          ],
          [
            11,
            33,
            45,
            500,
            3,
            3
          ],
          [
            2,
            0,
            0,
            0,
            6,
            4
          ],
          [
            4,
            1,
            2,
            0,
            26,
            141
          ]
        ],
        "six_way_labels": [
          "visual",
          "language-prior",
          "alignment",
          "mixed",
          "unclear",
          "no-failure"
        ],
        "signature_mse": 0.007483467830210667
      },
      "prediction_sets": {
        "coverage": 1.0,
        "average_set_size": 4.510683760683761,
        "singleton_rate": 0.08831908831908832,
        "empty_set_rate": 0.0
      },
      "action_counts": {
        "blank": 1265,
        "blur": 942,
        "stop": 1404,
        "grounding": 498,
        "crop": 54,
        "brightness": 45,
        "relation": 4
      }
    },
    "proactive_global_aps|3|0.9": {
      "row_count": 1404,
      "mean_acquisition_cost": 2.9074074074074074,
      "diagnostic": {
        "record_count": 1404,
        "source_bit_micro_f1": 0.9734693877551021,
        "source_bit_macro_f1": 0.9753572979982271,
        "source_bit_hamming_loss": 0.024691358024691357,
        "source_bit_auroc": {
          "visual": 0.9830391787434694,
          "language": 0.9998652753282383,
          "alignment": 0.999106289229746
        },
        "six_way_macro_f1": 0.7866491282567138,
        "six_way_balanced_accuracy": 0.8516065882988514,
        "six_way_confusion_matrix": [
          [
            164,
            0,
            0,
            0,
            7,
            16
          ],
          [
            0,
            388,
            0,
            2,
            0,
            2
          ],
          [
            0,
            0,
            43,
            1,
            0,
            0
          ],
          [
            2,
            26,
            24,
            541,
            0,
            2
          ],
          [
            0,
            0,
            0,
            0,
            6,
            6
          ],
          [
            4,
            0,
            1,
            0,
            20,
            149
          ]
        ],
        "six_way_labels": [
          "visual",
          "language-prior",
          "alignment",
          "mixed",
          "unclear",
          "no-failure"
        ],
        "signature_mse": 0.005334736096092587
      },
      "prediction_sets": {
        "coverage": 0.8945868945868946,
        "average_set_size": 2.559116809116809,
        "singleton_rate": 0.09971509971509972,
        "empty_set_rate": 0.10541310541310542
      },
      "action_counts": {
        "blank": 1371,
        "blur": 1228,
        "brightness": 82,
        "stop": 1404,
        "grounding": 831,
        "crop": 558,
        "relation": 9,
        "noise": 3
      }
    },
    "proactive_global_aps|3|0.95": {
      "row_count": 1404,
      "mean_acquisition_cost": 2.9074074074074074,
      "diagnostic": {
        "record_count": 1404,
        "source_bit_micro_f1": 0.9734693877551021,
        "source_bit_macro_f1": 0.9753572979982271,
        "source_bit_hamming_loss": 0.024691358024691357,
        "source_bit_auroc": {
          "visual": 0.9830391787434694,
          "language": 0.9998652753282383,
          "alignment": 0.999106289229746
        },
        "six_way_macro_f1": 0.7866491282567138,
        "six_way_balanced_accuracy": 0.8516065882988514,
        "six_way_confusion_matrix": [
          [
            164,
            0,
            0,
            0,
            7,
            16
          ],
          [
            0,
            388,
            0,
            2,
            0,
            2
          ],
          [
            0,
            0,
            43,
            1,
            0,
            0
          ],
          [
            2,
            26,
            24,
            541,
            0,
            2
          ],
          [
            0,
            0,
            0,
            0,
            6,
            6
          ],
          [
            4,
            0,
            1,
            0,
            20,
            149
          ]
        ],
        "six_way_labels": [
          "visual",
          "language-prior",
          "alignment",
          "mixed",
          "unclear",
          "no-failure"
        ],
        "signature_mse": 0.005334736096092587
      },
      "prediction_sets": {
        "coverage": 1.0,
        "average_set_size": 4.3497150997151,
        "singleton_rate": 0.11324786324786325,
        "empty_set_rate": 0.0
      },
      "action_counts": {
        "blank": 1371,
        "blur": 1228,
        "brightness": 82,
        "stop": 1404,
        "grounding": 831,
        "crop": 558,
        "relation": 9,
        "noise": 3
      }
    },
    "proactive_global_aps|4|0.9": {
      "row_count": 1404,
      "mean_acquisition_cost": 3.635327635327635,
      "diagnostic": {
        "record_count": 1404,
        "source_bit_micro_f1": 0.9852791878172589,
        "source_bit_macro_f1": 0.9864079114267331,
        "source_bit_hamming_loss": 0.013770180436847104,
        "source_bit_auroc": {
          "visual": 0.9914574655518328,
          "language": 0.999995917434189,
          "alignment": 0.9995531446148731
        },
        "six_way_macro_f1": 0.8151972830913645,
        "six_way_balanced_accuracy": 0.8574883349369006,
        "six_way_confusion_matrix": [
          [
            178,
            0,
            0,
            0,
            2,
            7
          ],
          [
            0,
            390,
            0,
            2,
            0,
            0
          ],
          [
            0,
            0,
            43,
            1,
            0,
            0
          ],
          [
            1,
            17,
            13,
            564,
            0,
            0
          ],
          [
            0,
            0,
            0,
            0,
            5,
            7
          ],
          [
            0,
            0,
            0,
            0,
            25,
            149
          ]
        ],
        "six_way_labels": [
          "visual",
          "language-prior",
          "alignment",
          "mixed",
          "unclear",
          "no-failure"
        ],
        "signature_mse": 0.004468606747012844
      },
      "prediction_sets": {
        "coverage": 0.8803418803418803,
        "average_set_size": 2.344017094017094,
        "singleton_rate": 0.17022792022792022,
        "empty_set_rate": 0.11538461538461539
      },
      "action_counts": {
        "blank": 1401,
        "blur": 1282,
        "brightness": 561,
        "grounding": 920,
        "stop": 1404,
        "crop": 917,
        "relation": 8,
        "noise": 15
      }
    },
    "proactive_global_aps|4|0.95": {
      "row_count": 1404,
      "mean_acquisition_cost": 3.635327635327635,
      "diagnostic": {
        "record_count": 1404,
        "source_bit_micro_f1": 0.9852791878172589,
        "source_bit_macro_f1": 0.9864079114267331,
        "source_bit_hamming_loss": 0.013770180436847104,
        "source_bit_auroc": {
          "visual": 0.9914574655518328,
          "language": 0.999995917434189,
          "alignment": 0.9995531446148731
        },
        "six_way_macro_f1": 0.8151972830913645,
        "six_way_balanced_accuracy": 0.8574883349369006,
        "six_way_confusion_matrix": [
          [
            178,
            0,
            0,
            0,
            2,
            7
          ],
          [
            0,
            390,
            0,
            2,
            0,
            0
          ],
          [
            0,
            0,
            43,
            1,
            0,
            0
          ],
          [
            1,
            17,
            13,
            564,
            0,
            0
          ],
          [
            0,
            0,
            0,
            0,
            5,
            7
          ],
          [
            0,
            0,
            0,
            0,
            25,
            149
          ]
        ],
        "six_way_labels": [
          "visual",
          "language-prior",
          "alignment",
          "mixed",
          "unclear",
          "no-failure"
        ],
        "signature_mse": 0.004468606747012844
      },
      "prediction_sets": {
        "coverage": 0.9992877492877493,
        "average_set_size": 4.180911680911681,
        "singleton_rate": 0.13247863247863248,
        "empty_set_rate": 0.0
      },
      "action_counts": {
        "blank": 1401,
        "blur": 1282,
        "brightness": 561,
        "grounding": 920,
        "stop": 1404,
        "crop": 917,
        "relation": 8,
        "noise": 15
      }
    },
    "proactive_global_aps|7|0.9": {
      "row_count": 1404,
      "mean_acquisition_cost": 4.4408831908831905,
      "diagnostic": {
        "record_count": 1404,
        "source_bit_micro_f1": 0.9969849246231156,
        "source_bit_macro_f1": 0.9970253667755539,
        "source_bit_hamming_loss": 0.002849002849002849,
        "source_bit_auroc": {
          "visual": 0.9999470419895917,
          "language": 1.0,
          "alignment": 0.999684083634701
        },
        "six_way_macro_f1": 0.857898849718045,
        "six_way_balanced_accuracy": 0.8885972361776476,
        "six_way_confusion_matrix": [
          [
            187,
            0,
            0,
            0,
            0,
            0
          ],
          [
            0,
            390,
            0,
            2,
            0,
            0
          ],
          [
            0,
            0,
            43,
            1,
            0,
            0
          ],
          [
            1,
            1,
            3,
            590,
            0,
            0
          ],
          [
            0,
            0,
            0,
            0,
            6,
            6
          ],
          [
            0,
            0,
            0,
            0,
            23,
            151
          ]
        ],
        "six_way_labels": [
          "visual",
          "language-prior",
          "alignment",
          "mixed",
          "unclear",
          "no-failure"
        ],
        "signature_mse": 0.004493133304985669
      },
      "prediction_sets": {
        "coverage": 0.8839031339031339,
        "average_set_size": 2.2813390313390314,
        "singleton_rate": 0.21367521367521367,
        "empty_set_rate": 0.11396011396011396
      },
      "action_counts": {
        "blank": 1404,
        "crop": 984,
        "grounding": 972,
        "stop": 1404,
        "blur": 1283,
        "brightness": 986,
        "noise": 594,
        "relation": 12
      }
    },
    "proactive_global_aps|7|0.95": {
      "row_count": 1404,
      "mean_acquisition_cost": 4.4408831908831905,
      "diagnostic": {
        "record_count": 1404,
        "source_bit_micro_f1": 0.9969849246231156,
        "source_bit_macro_f1": 0.9970253667755539,
        "source_bit_hamming_loss": 0.002849002849002849,
        "source_bit_auroc": {
          "visual": 0.9999470419895917,
          "language": 1.0,
          "alignment": 0.999684083634701
        },
        "six_way_macro_f1": 0.857898849718045,
        "six_way_balanced_accuracy": 0.8885972361776476,
        "six_way_confusion_matrix": [
          [
            187,
            0,
            0,
            0,
            0,
            0
          ],
          [
            0,
            390,
            0,
            2,
            0,
            0
          ],
          [
            0,
            0,
            43,
            1,
            0,
            0
          ],
          [
            1,
            1,
            3,
            590,
            0,
            0
          ],
          [
            0,
            0,
            0,
            0,
            6,
            6
          ],
          [
            0,
            0,
            0,
            0,
            23,
            151
          ]
        ],
        "six_way_labels": [
          "visual",
          "language-prior",
          "alignment",
          "mixed",
          "unclear",
          "no-failure"
        ],
        "signature_mse": 0.004493133304985669
      },
      "prediction_sets": {
        "coverage": 0.9992877492877493,
        "average_set_size": 4.144586894586895,
        "singleton_rate": 0.15384615384615385,
        "empty_set_rate": 0.0
      },
      "action_counts": {
        "blank": 1404,
        "crop": 984,
        "grounding": 972,
        "stop": 1404,
        "blur": 1283,
        "brightness": 986,
        "noise": 594,
        "relation": 12
      }
    }
  },
  "csv_path": "outputs/week8_ablations/loss_only_voi/frontier/frontier_validation.csv",
  "csv_sha256": "d59c4640a89d0883c54efc4b11fbe6928f5162940d40fca0ff40d373b4dd7b08",
  "trajectory_path": "outputs/week8_ablations/loss_only_voi/frontier/trajectories_validation.jsonl",
  "trajectory_sha256": "4a10399a1bafdd10cf27442162eea373c9c973e1d0bcaf7f3580713a8eaf4d29",
  "report_sha256": "92508500d2e72c62b18efce232b81b56fd3d65f2b699d8b924bce9a2676d45a5"
}
	Command being timed: "timeout --signal=TERM --kill-after=5m 810s env CUDA_VISIBLE_DEVICES=1 python scripts/eval_week8_ablation.py --week8_config configs/experiments/week8_evaluation.yaml --ablation_id loss_only_voi --manifest_path outputs/week5_data/vectorized_manifest.json --diagnostic_checkpoint outputs/week5_checkpoints/diag_deep_sets_standard_seed42.best.pt --policy_checkpoint outputs/week8_ablations/loss_only_voi/policy_checkpoints/loss_only_voi_deep_sets_standard_lambda0_seed42.best.pt --aps_report outputs/week5_reports/temporary_aps_deep_sets_standard_seed42.json --freeze_manifest outputs/week8_ablations/loss_only_voi/freeze/week8_stack_freeze.json --teacher_path outputs/teacher_core_contract_v1_recovered --output_dir outputs/week8_ablations/loss_only_voi/frontier --budgets 1 2 3 4 7 --coverages 0.90 0.95 --seed 42 --device cuda:0 --resume"
	User time (seconds): 100.31
	System time (seconds): 6.36
	Percent of CPU this job got: 113%
	Elapsed (wall clock) time (h:mm:ss or m:ss): 1:34.15
	Average shared text size (kbytes): 0
	Average unshared data size (kbytes): 0
	Average stack size (kbytes): 0
	Average total size (kbytes): 0
	Maximum resident set size (kbytes): 1107212
	Average resident set size (kbytes): 0
	Major (requiring I/O) page faults: 2
	Minor (reclaiming a frame) page faults: 212015
	Voluntary context switches: 1599
	Involuntary context switches: 38649
	Swaps: 0
	File system inputs: 400
	File system outputs: 76064
	Socket messages sent: 0
	Socket messages received: 0
	Signals delivered: 0
	Page size (bytes): 4096
	Exit status: 0
loss-only VOI validation frontier exit code: 0
WORKER_0_ALL_OK=1
