audit_id,image_file,question,gold_answer,clean_answer,probe_results_json,clean_correct,visual_fragile,language_persistence,alignment_instability,label6,insufficient_or_contradictory
audit_0001,images/audit_0001.png,What is this?,xm radio,pioneer car stereo,"[{""probe"":""blank"",""answer"":""gray background"",""applicable"":true,""valid"":true},{""probe"":""blur"",""answer"":""pioneer"",""applicable"":true,""valid"":true},{""probe"":""brightness"",""answer"":""xm radio receiver"",""applicable"":true,""valid"":true},{""probe"":""crop"",""answer"":""radio"",""applicable"":true,""valid"":true},{""probe"":""grounding"",""answer"":""pioneer xm satellite radio receiver"",""applicable"":true,""valid"":true},{""probe"":""noise"",""answer"":""pioneer device"",""applicable"":true,""valid"":true}]",,,,,,
audit_0002,images/audit_0002.png,What magazine is this?,good housekeeping,Good Housekeeping,"[{""probe"":""blank"",""answer"":""none"",""applicable"":true,""valid"":true},{""probe"":""blur"",""answer"":""good housekeeping"",""applicable"":true,""valid"":true},{""probe"":""brightness"",""answer"":""good housekeeping"",""applicable"":true,""valid"":true},{""probe"":""crop"",""answer"":""good housekeeping"",""applicable"":true,""valid"":true},{""probe"":""grounding"",""answer"":""good housekeeping"",""applicable"":true,""valid"":true},{""probe"":""noise"",""answer"":""good housekeeping"",""applicable"":true,""valid"":true}]",,,,,,
audit_0003,images/audit_0003.png,What's that brand name say? I'd like to know what company made that stereo.,sony,The brand name says **SONY**.,"[{""probe"":""blank"",""answer"":""i m sorry but there is no visible brand name or stereo in image you provided image is solid gray color"",""applicable"":true,""valid"":true},{""probe"":""blur"",""answer"":""brand name says sony"",""applicable"":true,""valid"":true},{""probe"":""brightness"",""answer"":""brand name says sony"",""applicable"":true,""valid"":true},{""probe"":""crop"",""answer"":""brand name says sony"",""applicable"":true,""valid"":true},{""probe"":""grounding"",""answer"":""sony"",""applicable"":true,""valid"":true},{""probe"":""noise"",""answer"":""brand name says sony"",""applicable"":true,""valid"":true}]",,,,,,
audit_0004,images/audit_0004.png,Is there a kite in the image?,no,no,"[{""probe"":""blank"",""answer"":""no"",""applicable"":true,""valid"":true},{""probe"":""blur"",""answer"":""no"",""applicable"":true,""valid"":true},{""probe"":""brightness"",""answer"":""no"",""applicable"":true,""valid"":true},{""probe"":""crop"",""answer"":""no"",""applicable"":true,""valid"":true},{""probe"":""grounding"",""answer"":""no"",""applicable"":true,""valid"":true},{""probe"":""noise"",""answer"":""no"",""applicable"":true,""valid"":true}]",,,,,,
audit_0005,images/audit_0005.png,Is there a clock in the image?,no,no,"[{""probe"":""blank"",""answer"":""no"",""applicable"":true,""valid"":true},{""probe"":""blur"",""answer"":""no"",""applicable"":true,""valid"":true},{""probe"":""brightness"",""answer"":""no"",""applicable"":true,""valid"":true},{""probe"":""crop"",""answer"":""no"",""applicable"":true,""valid"":true},{""probe"":""grounding"",""answer"":""no"",""applicable"":true,""valid"":true},{""probe"":""noise"",""answer"":""no"",""applicable"":true,""valid"":true}]",,,,,,
audit_0006,images/audit_0006.png,What does this screen say?,windows boot manager,"The screen displays a Windows Boot Manager error message, which includes text like:

*   ""start. A recent hardware or software change problem:""
*   ""Windows installation disc and restart your computer. Choose a language settings, and then click ""Next,""""
*   ""or your computer.""
*   ""e this disc, contact your system administrator assistance.""
*   ""red device isn't connected or can't be acc"" (likely ""read device isn't connected or can't be accessed"")","[{""probe"":""blank"",""answer"":""screen is solid gray color and contains no visible text"",""applicable"":true,""valid"":true},{""probe"":""blur"",""answer"":""screen displays several error messages including start recent hardware or software prob lem windows installation disc and restart please language settings and then click next on your computer write disc contact your system administrator for assistance could device isn t connected or can t be det ected"",""applicable"":true,""valid"":true},{""probe"":""brightness"",""answer"":""screen displays windows boot manager error message which includes text about recent hardware or software problem instructions to restart computer and specific error code 0000e indicating problem with connected or accessible device"",""applicable"":true,""valid"":true},{""probe"":""crop"",""answer"":""screen displays windows boot manager error message indicating problem with hardware or software and suggests checking installation disc or system settings"",""applicable"":true,""valid"":true},{""probe"":""grounding"",""answer"":""screen displays multiple error messages from windows boot manager indicating problems such as recent hardware software changes need to use windows installation disc to repair computer and specific error code 0000e stating that hard drive device isn t connected or can t be accessed"",""applicable"":true,""valid"":true},{""probe"":""noise"",""answer"":""screen displays windows boot manager error message which includes text about recent hardware or software problem instructions to restart windows installation disc and final error message indicating red device isn t connected or can t be accessed"",""applicable"":true,""valid"":true}]",,,,,,
audit_0007,images/audit_0007.png,"According to the image, is New York the only U.S. state that shares a border with Lake Huron?",no,no,"[{""probe"":""blank"",""answer"":""no"",""applicable"":true,""valid"":true},{""probe"":""blur"",""answer"":""no"",""applicable"":true,""valid"":true},{""probe"":""brightness"",""answer"":""no"",""applicable"":true,""valid"":true},{""probe"":""crop"",""answer"":""no"",""applicable"":true,""valid"":true},{""probe"":""grounding"",""answer"":""no"",""applicable"":true,""valid"":true},{""probe"":""noise"",""answer"":""no"",""applicable"":true,""valid"":true}]",,,,,,
audit_0008,images/audit_0008.png,The toilet contains the cat.,true,true,"[{""probe"":""blank"",""answer"":""false"",""applicable"":true,""valid"":true},{""probe"":""blur"",""answer"":""true"",""applicable"":true,""valid"":true},{""probe"":""brightness"",""answer"":""true"",""applicable"":true,""valid"":true},{""probe"":""crop"",""answer"":""true"",""applicable"":true,""valid"":true},{""probe"":""grounding"",""answer"":""true"",""applicable"":true,""valid"":true},{""probe"":""noise"",""answer"":""true"",""applicable"":true,""valid"":true}]",,,,,,
audit_0009,images/audit_0009.png,Is there a giraffe in the image?,no,no,"[{""probe"":""blank"",""answer"":""no"",""applicable"":true,""valid"":true},{""probe"":""blur"",""answer"":""no"",""applicable"":true,""valid"":true},{""probe"":""brightness"",""answer"":""no"",""applicable"":true,""valid"":true},{""probe"":""crop"",""answer"":""no"",""applicable"":true,""valid"":true},{""probe"":""grounding"",""answer"":""no"",""applicable"":true,""valid"":true},{""probe"":""noise"",""answer"":""no"",""applicable"":true,""valid"":true}]",,,,,,
audit_0010,images/audit_0010.png,What is this bottle?,unanswerable,vitamin,"[{""probe"":""blank"",""answer"":""no bottle"",""applicable"":true,""valid"":true},{""probe"":""blur"",""answer"":""vitamin"",""applicable"":true,""valid"":true},{""probe"":""brightness"",""answer"":""vitamin"",""applicable"":true,""valid"":true},{""probe"":""crop"",""answer"":""unanswerable"",""applicable"":true,""valid"":true},{""probe"":""grounding"",""answer"":""supplement or health product bottle"",""applicable"":true,""valid"":true},{""probe"":""noise"",""answer"":""medicine"",""applicable"":true,""valid"":true}]",,,,,,
audit_0011,images/audit_0011.png,"According to the text given in the image, is this ice-cream a strawberry flavor ice cream?",yes,yes,"[{""probe"":""blank"",""answer"":""no"",""applicable"":true,""valid"":true},{""probe"":""blur"",""answer"":""no"",""applicable"":true,""valid"":true},{""probe"":""brightness"",""answer"":""yes"",""applicable"":true,""valid"":true},{""probe"":""crop"",""answer"":""yes"",""applicable"":true,""valid"":true},{""probe"":""grounding"",""answer"":""yes"",""applicable"":true,""valid"":true},{""probe"":""noise"",""answer"":""yes"",""applicable"":true,""valid"":true}]",,,,,,
audit_0012,images/audit_0012.png,Is there a dining table in the image?,yes,no,"[{""probe"":""blank"",""answer"":""no"",""applicable"":true,""valid"":true},{""probe"":""blur"",""answer"":""no"",""applicable"":true,""valid"":true},{""probe"":""brightness"",""answer"":""no"",""applicable"":true,""valid"":true},{""probe"":""crop"",""answer"":""no"",""applicable"":true,""valid"":true},{""probe"":""grounding"",""answer"":""no"",""applicable"":true,""valid"":true},{""probe"":""noise"",""answer"":""no"",""applicable"":true,""valid"":true}]",,,,,,
audit_0013,images/audit_0013.png,Is there a bus in the image?,yes,yes,"[{""probe"":""blank"",""answer"":""no"",""applicable"":true,""valid"":true},{""probe"":""blur"",""answer"":""yes"",""applicable"":true,""valid"":true},{""probe"":""brightness"",""answer"":""yes"",""applicable"":true,""valid"":true},{""probe"":""crop"",""answer"":""yes"",""applicable"":true,""valid"":true},{""probe"":""grounding"",""answer"":""yes"",""applicable"":true,""valid"":true},{""probe"":""noise"",""answer"":""yes"",""applicable"":true,""valid"":true}]",,,,,,
audit_0014,images/audit_0014.png,Is there a bottle in the image?,yes,yes,"[{""probe"":""blank"",""answer"":""no"",""applicable"":true,""valid"":true},{""probe"":""blur"",""answer"":""no"",""applicable"":true,""valid"":true},{""probe"":""brightness"",""answer"":""yes"",""applicable"":true,""valid"":true},{""probe"":""crop"",""answer"":""yes"",""applicable"":true,""valid"":true},{""probe"":""grounding"",""answer"":""yes"",""applicable"":true,""valid"":true},{""probe"":""noise"",""answer"":""yes"",""applicable"":true,""valid"":true}]",,,,,,
audit_0015,images/audit_0015.png,Can you tell what this says?,unanswerable,System Restore dialog asking if user wants to restore computer to earlier point in time.,"[{""probe"":""blank"",""answer"":""no"",""applicable"":true,""valid"":true},{""probe"":""blur"",""answer"":""no"",""applicable"":true,""valid"":true},{""probe"":""brightness"",""answer"":""yes"",""applicable"":true,""valid"":true},{""probe"":""crop"",""answer"":""restore your computer using system restore"",""applicable"":true,""valid"":true},{""probe"":""grounding"",""answer"":""system restore dialog asking to restore computer to earlier point warning that personal data won t be changed but some programs may be removed and action is irreversible"",""applicable"":true,""valid"":true},{""probe"":""noise"",""answer"":""yes"",""applicable"":true,""valid"":true}]",,,,,,
audit_0016,images/audit_0016.png,Is there a motorcycle in the image?,no,no,"[{""probe"":""blank"",""answer"":""no"",""applicable"":true,""valid"":true},{""probe"":""blur"",""answer"":""no"",""applicable"":true,""valid"":true},{""probe"":""brightness"",""answer"":""no"",""applicable"":true,""valid"":true},{""probe"":""crop"",""answer"":""no"",""applicable"":true,""valid"":true},{""probe"":""grounding"",""answer"":""no"",""applicable"":true,""valid"":true},{""probe"":""noise"",""answer"":""no"",""applicable"":true,""valid"":true}]",,,,,,
audit_0017,images/audit_0017.png,Is there a person in the image?,yes,yes,"[{""probe"":""blank"",""answer"":""no"",""applicable"":true,""valid"":true},{""probe"":""blur"",""answer"":""yes"",""applicable"":true,""valid"":true},{""probe"":""brightness"",""answer"":""yes"",""applicable"":true,""valid"":true},{""probe"":""crop"",""answer"":""yes"",""applicable"":true,""valid"":true},{""probe"":""grounding"",""answer"":""yes"",""applicable"":true,""valid"":true},{""probe"":""noise"",""answer"":""yes"",""applicable"":true,""valid"":true}]",,,,,,
audit_0018,images/audit_0018.png,The sink is touching the cat.,true,true,"[{""probe"":""blank"",""answer"":""false"",""applicable"":true,""valid"":true},{""probe"":""blur"",""answer"":""false"",""applicable"":true,""valid"":true},{""probe"":""brightness"",""answer"":""true"",""applicable"":true,""valid"":true},{""probe"":""crop"",""answer"":""true"",""applicable"":true,""valid"":true},{""probe"":""grounding"",""answer"":""true"",""applicable"":true,""valid"":true},{""probe"":""noise"",""answer"":""true"",""applicable"":true,""valid"":true}]",,,,,,
audit_0019,images/audit_0019.png,What color is the coat in the picture?,red,Red.,"[{""probe"":""blank"",""answer"":""coat is gray"",""applicable"":true,""valid"":true},{""probe"":""blur"",""answer"":""red"",""applicable"":true,""valid"":true},{""probe"":""brightness"",""answer"":""red"",""applicable"":true,""valid"":true},{""probe"":""crop"",""answer"":""red"",""applicable"":true,""valid"":true},{""probe"":""grounding"",""answer"":""red"",""applicable"":true,""valid"":true},{""probe"":""noise"",""answer"":""red"",""applicable"":true,""valid"":true}]",,,,,,
audit_0020,images/audit_0020.png,Can you describe the photo outside the text?,3 trophies,"The photo shows a display of several ornate, silver-colored trophies and cups set up indoors, likely in a hall or venue, with a backdrop that includes a sign reading ""Black Belt Academy"" and a red and blue checkered floor.","[{""probe"":""blank"",""answer"":""i m sorry but there is no photo provided outside of text image you sent is solid gray color"",""applicable"":true,""valid"":true},{""probe"":""blur"",""answer"":""photo shows blurry indoor scene possibly room with some furniture and people present"",""applicable"":true,""valid"":true},{""probe"":""brightness"",""answer"":""photo shows display of several large ornate trophies in indoor setting with banner that reads black belt academy visible in background"",""applicable"":true,""valid"":true},{""probe"":""crop"",""answer"":""photo shows display of several large ornate trophies in what appears to be indoor setting possibly academy or hall trophies are metallic and highly polished with one prominent large silver colored trophy in center in background there is wall with sign that reads black belt academy and floor has red and blue checkered pattern"",""applicable"":true,""valid"":true},{""probe"":""grounding"",""answer"":""photo shows several ornate silver colored trophies displayed indoors against backdrop that includes sign reading black belt academy"",""applicable"":true,""valid"":true},{""probe"":""noise"",""answer"":""photo shows indoor setting likely room decorated for event featuring several trophies displayed on surface in background there is banner that reads black belt academy"",""applicable"":true,""valid"":true}]",,,,,,
audit_0021,images/audit_0021.png,Is there a bicycle in the image?,no,no,"[{""probe"":""blank"",""answer"":""no"",""applicable"":true,""valid"":true},{""probe"":""blur"",""answer"":""no"",""applicable"":true,""valid"":true},{""probe"":""brightness"",""answer"":""no"",""applicable"":true,""valid"":true},{""probe"":""crop"",""answer"":""no"",""applicable"":true,""valid"":true},{""probe"":""grounding"",""answer"":""no"",""applicable"":true,""valid"":true},{""probe"":""noise"",""answer"":""no"",""applicable"":true,""valid"":true}]",,,,,,
audit_0022,images/audit_0022.png,what color is this  hair clip?,white,clear,"[{""probe"":""blank"",""answer"":""gray"",""applicable"":true,""valid"":true},{""probe"":""blur"",""answer"":""white"",""applicable"":true,""valid"":true},{""probe"":""brightness"",""answer"":""white"",""applicable"":true,""valid"":true},{""probe"":""crop"",""answer"":""clear"",""applicable"":true,""valid"":true},{""probe"":""grounding"",""answer"":""clear or translucent white"",""applicable"":true,""valid"":true},{""probe"":""noise"",""answer"":""clear"",""applicable"":true,""valid"":true}]",,,,,,
audit_0023,images/audit_0023.png,What kind of lighter is this?,world gun,world a gun,"[{""probe"":""blank"",""answer"":""zippo"",""applicable"":true,""valid"":true},{""probe"":""blur"",""answer"":""zippo"",""applicable"":true,""valid"":true},{""probe"":""brightness"",""answer"":""gun lighter"",""applicable"":true,""valid"":true},{""probe"":""crop"",""answer"":""world gun"",""applicable"":true,""valid"":true},{""probe"":""grounding"",""answer"":""novelty gun shaped lighter"",""applicable"":true,""valid"":true},{""probe"":""noise"",""answer"":""gun lighter"",""applicable"":true,""valid"":true}]",,,,,,
audit_0024,images/audit_0024.png,"What kind of soda is this, please?",unanswerable,"I am sorry, but the image provided is too blurry and cropped to identify the specific kind of soda.","[{""probe"":""blank"",""answer"":""i cannot tell you what kind of soda this is because you have provided image that is solid gray color and no other context or image of soda"",""applicable"":true,""valid"":true},{""probe"":""blur"",""answer"":""i cannot tell you what kind of soda this is because image is too blurry"",""applicable"":true,""valid"":true},{""probe"":""brightness"",""answer"":""i am sorry but image provided is too blurry to identify kind of soda"",""applicable"":true,""valid"":true},{""probe"":""crop"",""answer"":""i am sorry but image provided is too blurry and indistinct for me to identify type of soda"",""applicable"":true,""valid"":true},{""probe"":""grounding"",""answer"":""cannot be determined from image"",""applicable"":true,""valid"":true},{""probe"":""noise"",""answer"":""i am sorry but image provided is too blurry and indistinct for me to identify specific type of soda"",""applicable"":true,""valid"":true}]",,,,,,
audit_0025,images/audit_0025.png,Is there a skis in the image?,yes,yes,"[{""probe"":""blank"",""answer"":""no"",""applicable"":true,""valid"":true},{""probe"":""blur"",""answer"":""yes"",""applicable"":true,""valid"":true},{""probe"":""brightness"",""answer"":""yes"",""applicable"":true,""valid"":true},{""probe"":""crop"",""answer"":""yes"",""applicable"":true,""valid"":true},{""probe"":""grounding"",""answer"":""yes"",""applicable"":true,""valid"":true},{""probe"":""noise"",""answer"":""yes"",""applicable"":true,""valid"":true}]",,,,,,
audit_0026,images/audit_0026.png,"According to the positive sequence of the images, does the basketball player make a three-point shooting?",no,no,"[{""probe"":""blank"",""answer"":""no"",""applicable"":true,""valid"":true},{""probe"":""blur"",""answer"":""no"",""applicable"":true,""valid"":true},{""probe"":""brightness"",""answer"":""no"",""applicable"":true,""valid"":true},{""probe"":""crop"",""answer"":""no"",""applicable"":true,""valid"":true},{""probe"":""grounding"",""answer"":""no"",""applicable"":true,""valid"":true},{""probe"":""noise"",""answer"":""no"",""applicable"":true,""valid"":true}]",,,,,,
audit_0027,images/audit_0027.png,How many degree of temperature on this remote control?,unanswerable,"The remote control displays a temperature reading, but the specific numerical value is **not clearly legible** in the image.","[{""probe"":""blank"",""answer"":""i cannot determine temperature from image provided as it is solid gray color and does not show remote control or any temperature reading"",""applicable"":true,""valid"":true},{""probe"":""blur"",""answer"":""i cannot determine temperature from image provided as remote control does not display temperature reading"",""applicable"":true,""valid"":true},{""probe"":""brightness"",""answer"":""remote control has temperature setting indicated by temp button but image does not show specific degree of temperature"",""applicable"":true,""valid"":true},{""probe"":""crop"",""answer"":""34 0 c"",""applicable"":true,""valid"":true},{""probe"":""grounding"",""answer"":""not clearly visible"",""applicable"":true,""valid"":true},{""probe"":""noise"",""answer"":""temperature displayed on remote control is 24 0 c"",""applicable"":true,""valid"":true}]",,,,,,
audit_0028,images/audit_0028.png,Is there a horse in the image?,yes,yes,"[{""probe"":""blank"",""answer"":""no"",""applicable"":true,""valid"":true},{""probe"":""blur"",""answer"":""no"",""applicable"":true,""valid"":true},{""probe"":""brightness"",""answer"":""yes"",""applicable"":true,""valid"":true},{""probe"":""crop"",""answer"":""yes"",""applicable"":true,""valid"":true},{""probe"":""grounding"",""answer"":""yes"",""applicable"":true,""valid"":true},{""probe"":""noise"",""answer"":""yes"",""applicable"":true,""valid"":true}]",,,,,,
audit_0029,images/audit_0029.png,"In 2020, did Japan have the largest GDP around the world, followed by the United States, and China, according to the image?",no,no,"[{""probe"":""blank"",""answer"":""no"",""applicable"":true,""valid"":true},{""probe"":""blur"",""answer"":""no"",""applicable"":true,""valid"":true},{""probe"":""brightness"",""answer"":""no"",""applicable"":true,""valid"":true},{""probe"":""crop"",""answer"":""no"",""applicable"":true,""valid"":true},{""probe"":""grounding"",""answer"":""no"",""applicable"":true,""valid"":true},{""probe"":""noise"",""answer"":""no"",""applicable"":true,""valid"":true}]",,,,,,
audit_0030,images/audit_0030.png,Whats in the bag?,chocolate chips,milk chocolate morsels,"[{""probe"":""blank"",""answer"":""nothing"",""applicable"":true,""valid"":true},{""probe"":""blur"",""answer"":""unanswerable"",""applicable"":true,""valid"":true},{""probe"":""brightness"",""answer"":""milk chocolate morsels"",""applicable"":true,""valid"":true},{""probe"":""crop"",""answer"":""milk chocolate morsels"",""applicable"":true,""valid"":true},{""probe"":""grounding"",""answer"":""milk chocolate morsels"",""applicable"":true,""valid"":true},{""probe"":""noise"",""answer"":""morsels"",""applicable"":true,""valid"":true}]",,,,,,
audit_0031,images/audit_0031.png,What temperature is the oven set at?,425,The oven is set at **350**.,"[{""probe"":""blank"",""answer"":""i cannot tell you oven temperature because there is no image or text providing that information"",""applicable"":true,""valid"":true},{""probe"":""blur"",""answer"":""oven is set at 350"",""applicable"":true,""valid"":true},{""probe"":""brightness"",""answer"":""oven is set at 350"",""applicable"":true,""valid"":true},{""probe"":""crop"",""answer"":""350"",""applicable"":true,""valid"":true},{""probe"":""grounding"",""answer"":""350"",""applicable"":true,""valid"":true},{""probe"":""noise"",""answer"":""oven is set at 350"",""applicable"":true,""valid"":true}]",,,,,,
audit_0032,images/audit_0032.png,What is this?,remote control,This is a remote control.,"[{""probe"":""blank"",""answer"":""this is solid gray image"",""applicable"":true,""valid"":true},{""probe"":""blur"",""answer"":""this is remote control"",""applicable"":true,""valid"":true},{""probe"":""brightness"",""answer"":""this is remote control"",""applicable"":true,""valid"":true},{""probe"":""crop"",""answer"":""this is remote control"",""applicable"":true,""valid"":true},{""probe"":""grounding"",""answer"":""remote control"",""applicable"":true,""valid"":true},{""probe"":""noise"",""answer"":""this is remote control"",""applicable"":true,""valid"":true}]",,,,,,
audit_0033,images/audit_0033.png,The toilet is adjacent to the sink.,false,true,"[{""probe"":""blank"",""answer"":""false"",""applicable"":true,""valid"":true},{""probe"":""blur"",""answer"":""false"",""applicable"":true,""valid"":true},{""probe"":""brightness"",""answer"":""false"",""applicable"":true,""valid"":true},{""probe"":""crop"",""answer"":""false"",""applicable"":true,""valid"":true},{""probe"":""grounding"",""answer"":""true"",""applicable"":true,""valid"":true},{""probe"":""noise"",""answer"":""true"",""applicable"":true,""valid"":true}]",,,,,,
audit_0034,images/audit_0034.png,What is this?,unanswerable,"This is a close-up image of a **brown, glazed ceramic or pottery object**.","[{""probe"":""blank"",""answer"":""this is solid gray image"",""applicable"":true,""valid"":true},{""probe"":""blur"",""answer"":""this is blurry image of brown possibly ceramic or pottery object on wooden floor"",""applicable"":true,""valid"":true},{""probe"":""brightness"",""answer"":""this is dark blurry image featuring large dark object on right side against wooden background"",""applicable"":true,""valid"":true},{""probe"":""crop"",""answer"":""this appears to be close up out of focus image of brown possibly ceramic or glass object next to wooden floor"",""applicable"":true,""valid"":true},{""probe"":""grounding"",""answer"":""ceramic vase or pot"",""applicable"":true,""valid"":true},{""probe"":""noise"",""answer"":""this is close up image of brown textured ceramic or pottery object sitting on wooden floor"",""applicable"":true,""valid"":true}]",,,,,,
audit_0035,images/audit_0035.png,Is there a pizza in the image?,no,no,"[{""probe"":""blank"",""answer"":""no"",""applicable"":true,""valid"":true},{""probe"":""blur"",""answer"":""no"",""applicable"":true,""valid"":true},{""probe"":""brightness"",""answer"":""no"",""applicable"":true,""valid"":true},{""probe"":""crop"",""answer"":""no"",""applicable"":true,""valid"":true},{""probe"":""grounding"",""answer"":""no"",""applicable"":true,""valid"":true},{""probe"":""noise"",""answer"":""no"",""applicable"":true,""valid"":true}]",,,,,,
audit_0036,images/audit_0036.png,What is this on this.. what is the label on this cover? What's the name?,unanswerable,"I am sorry, but the image you provided is a dark, abstract gradient and does not contain any visible text, labels, or covers that I can read or identify. Therefore, I cannot tell you what the label or name is.","[{""probe"":""blank"",""answer"":""i am sorry but image you provided is solid gray color and does not contain any visible text labels or cover that i can read to tell you name or label"",""applicable"":true,""valid"":true},{""probe"":""blur"",""answer"":""i am sorry but image you provided is dark blurry gradient and does not contain any visible text labels or cover that i can identify therefore i cannot tell you what it is or what name is"",""applicable"":true,""valid"":true},{""probe"":""brightness"",""answer"":""i am sorry but image you provided is almost entirely black and there is no visible label or text on cover for me to read or identify"",""applicable"":true,""valid"":true},{""probe"":""crop"",""answer"":""i am sorry but image you provided is dark abstract gradient and does not contain any visible labels covers or text that i can read to answer your question"",""applicable"":true,""valid"":true},{""probe"":""grounding"",""answer"":""no label or name is visible in image"",""applicable"":true,""valid"":true},{""probe"":""noise"",""answer"":""i am sorry but image you provided is dark gradient background with no visible text labels or cover information therefore i cannot tell you what label or name is"",""applicable"":true,""valid"":true}]",,,,,,
audit_0037,images/audit_0037.png,What's this?,unanswerable,"This is a bright, out-of-focus light source against a dark background, likely a photograph of a star or a bright light source.","[{""probe"":""blank"",""answer"":""this is solid gray background"",""applicable"":true,""valid"":true},{""probe"":""blur"",""answer"":""this is image of bright glowing object against dark background likely star or bright celestial body"",""applicable"":true,""valid"":true},{""probe"":""brightness"",""answer"":""this is black image with subtle dark gray glow or vignette in center"",""applicable"":true,""valid"":true},{""probe"":""crop"",""answer"":""this is bright out of focus light source likely lens flare or bright light source captured with camera"",""applicable"":true,""valid"":true},{""probe"":""grounding"",""answer"":""bright star or celestial body"",""applicable"":true,""valid"":true},{""probe"":""noise"",""answer"":""this is image of bright diffuse light source against dark background resembling star bright nebula or lens flare"",""applicable"":true,""valid"":true}]",,,,,,
audit_0038,images/audit_0038.png,Is there a bus in the image?,no,no,"[{""probe"":""blank"",""answer"":""no"",""applicable"":true,""valid"":true},{""probe"":""blur"",""answer"":""no"",""applicable"":true,""valid"":true},{""probe"":""brightness"",""answer"":""no"",""applicable"":true,""valid"":true},{""probe"":""crop"",""answer"":""no"",""applicable"":true,""valid"":true},{""probe"":""grounding"",""answer"":""no"",""applicable"":true,""valid"":true},{""probe"":""noise"",""answer"":""no"",""applicable"":true,""valid"":true}]",,,,,,
audit_0039,images/audit_0039.png,Is there a book in the image?,no,no,"[{""probe"":""blank"",""answer"":""no"",""applicable"":true,""valid"":true},{""probe"":""blur"",""answer"":""no"",""applicable"":true,""valid"":true},{""probe"":""brightness"",""answer"":""no"",""applicable"":true,""valid"":true},{""probe"":""crop"",""answer"":""no"",""applicable"":true,""valid"":true},{""probe"":""grounding"",""answer"":""no"",""applicable"":true,""valid"":true},{""probe"":""noise"",""answer"":""no"",""applicable"":true,""valid"":true}]",,,,,,
audit_0040,images/audit_0040.png,What is it?,tv,"It is a living room setup featuring a television on a stand, with a couch in the foreground.","[{""probe"":""blank"",""answer"":""image is solid gray color"",""applicable"":true,""valid"":true},{""probe"":""blur"",""answer"":""it is blurry image of living room with television set on stand"",""applicable"":true,""valid"":true},{""probe"":""brightness"",""answer"":""it is television set on media stand in room"",""applicable"":true,""valid"":true},{""probe"":""crop"",""answer"":""it is television set on media stand"",""applicable"":true,""valid"":true},{""probe"":""grounding"",""answer"":""living room setup"",""applicable"":true,""valid"":true},{""probe"":""noise"",""answer"":""it is living room or entertainment area featuring television set on glass shelving unit"",""applicable"":true,""valid"":true}]",,,,,,
audit_0041,images/audit_0041.png,What is this?,ottoman,ottoman,"[{""probe"":""blank"",""answer"":""gray background"",""applicable"":true,""valid"":true},{""probe"":""blur"",""answer"":""ottoman"",""applicable"":true,""valid"":true},{""probe"":""brightness"",""answer"":""ottoman"",""applicable"":true,""valid"":true},{""probe"":""crop"",""answer"":""ottoman"",""applicable"":true,""valid"":true},{""probe"":""grounding"",""answer"":""ottoman"",""applicable"":true,""valid"":true},{""probe"":""noise"",""answer"":""ottoman"",""applicable"":true,""valid"":true}]",,,,,,
audit_0042,images/audit_0042.png,what is this?,unanswerable,This is a **Nutrition Facts label** from a food product.,"[{""probe"":""blank"",""answer"":""this is solid gray color"",""applicable"":true,""valid"":true},{""probe"":""blur"",""answer"":""based on image it appears to be can or tin with some text printed on it but image is too blurry to determine its specific contents or purpose"",""applicable"":true,""valid"":true},{""probe"":""brightness"",""answer"":""this appears to be nutrition facts label from food product visible in center of dark image"",""applicable"":true,""valid"":true},{""probe"":""crop"",""answer"":""this is close up blurry image of nutrition facts label on food product likely can"",""applicable"":true,""valid"":true},{""probe"":""grounding"",""answer"":""nutrition facts label"",""applicable"":true,""valid"":true},{""probe"":""noise"",""answer"":""this appears to be close up dark image of nutrition facts label from food product"",""applicable"":true,""valid"":true}]",,,,,,
audit_0043,images/audit_0043.png,Is there a handbag in the image?,yes,yes,"[{""probe"":""blank"",""answer"":""no"",""applicable"":true,""valid"":true},{""probe"":""blur"",""answer"":""yes"",""applicable"":true,""valid"":true},{""probe"":""brightness"",""answer"":""yes"",""applicable"":true,""valid"":true},{""probe"":""crop"",""answer"":""yes"",""applicable"":true,""valid"":true},{""probe"":""grounding"",""answer"":""yes"",""applicable"":true,""valid"":true},{""probe"":""noise"",""answer"":""yes"",""applicable"":true,""valid"":true}]",,,,,,
audit_0044,images/audit_0044.png,Can you see if this is 32 bit or 64 bit?  Thanks.,unanswerable,no,"[{""probe"":""blank"",""answer"":""no"",""applicable"":true,""valid"":true},{""probe"":""blur"",""answer"":""no"",""applicable"":true,""valid"":true},{""probe"":""brightness"",""answer"":""no"",""applicable"":true,""valid"":true},{""probe"":""crop"",""answer"":""no"",""applicable"":true,""valid"":true},{""probe"":""grounding"",""answer"":""no"",""applicable"":true,""valid"":true},{""probe"":""noise"",""answer"":""no"",""applicable"":true,""valid"":true}]",,,,,,
audit_0045,images/audit_0045.png,Is there a bowl in the image?,yes,no,"[{""probe"":""blank"",""answer"":""no"",""applicable"":true,""valid"":true},{""probe"":""blur"",""answer"":""no"",""applicable"":true,""valid"":true},{""probe"":""brightness"",""answer"":""no"",""applicable"":true,""valid"":true},{""probe"":""crop"",""answer"":""no"",""applicable"":true,""valid"":true},{""probe"":""grounding"",""answer"":""no"",""applicable"":true,""valid"":true},{""probe"":""noise"",""answer"":""no"",""applicable"":true,""valid"":true}]",,,,,,
audit_0046,images/audit_0046.png,"According to the table, in 2021, did Germany have the highest GDP?",yes,yes,"[{""probe"":""blank"",""answer"":""no"",""applicable"":true,""valid"":true},{""probe"":""blur"",""answer"":""yes"",""applicable"":true,""valid"":true},{""probe"":""brightness"",""answer"":""yes"",""applicable"":true,""valid"":true},{""probe"":""crop"",""answer"":""yes"",""applicable"":true,""valid"":true},{""probe"":""grounding"",""answer"":""yes"",""applicable"":true,""valid"":true},{""probe"":""noise"",""answer"":""yes"",""applicable"":true,""valid"":true}]",,,,,,
audit_0047,images/audit_0047.png,What is this?,candle,candle,"[{""probe"":""blank"",""answer"":""gray background"",""applicable"":true,""valid"":true},{""probe"":""blur"",""answer"":""candle"",""applicable"":true,""valid"":true},{""probe"":""brightness"",""answer"":""candle"",""applicable"":true,""valid"":true},{""probe"":""crop"",""answer"":""candle"",""applicable"":true,""valid"":true},{""probe"":""grounding"",""answer"":""candle on candlestick holder"",""applicable"":true,""valid"":true},{""probe"":""noise"",""answer"":""candle"",""applicable"":true,""valid"":true}]",,,,,,
audit_0048,images/audit_0048.png,What color is this?,blue white grey stripes,blue,"[{""probe"":""blank"",""answer"":""gray"",""applicable"":true,""valid"":true},{""probe"":""blur"",""answer"":""blue"",""applicable"":true,""valid"":true},{""probe"":""brightness"",""answer"":""black"",""applicable"":true,""valid"":true},{""probe"":""crop"",""answer"":""blue"",""applicable"":true,""valid"":true},{""probe"":""grounding"",""answer"":""dark blue or gray with white stripes"",""applicable"":true,""valid"":true},{""probe"":""noise"",""answer"":""blue"",""applicable"":true,""valid"":true}]",,,,,,
audit_0049,images/audit_0049.png,Is there a bear in the image?,no,no,"[{""probe"":""blank"",""answer"":""no"",""applicable"":true,""valid"":true},{""probe"":""blur"",""answer"":""no"",""applicable"":true,""valid"":true},{""probe"":""brightness"",""answer"":""no"",""applicable"":true,""valid"":true},{""probe"":""crop"",""answer"":""no"",""applicable"":true,""valid"":true},{""probe"":""grounding"",""answer"":""no"",""applicable"":true,""valid"":true},{""probe"":""noise"",""answer"":""no"",""applicable"":true,""valid"":true}]",,,,,,
audit_0050,images/audit_0050.png,The car is below the parking meter.,false,false,"[{""probe"":""blank"",""answer"":""false"",""applicable"":true,""valid"":true},{""probe"":""blur"",""answer"":""false"",""applicable"":true,""valid"":true},{""probe"":""brightness"",""answer"":""false"",""applicable"":true,""valid"":true},{""probe"":""crop"",""answer"":""false"",""applicable"":true,""valid"":true},{""probe"":""grounding"",""answer"":""false"",""applicable"":true,""valid"":true},{""probe"":""noise"",""answer"":""false"",""applicable"":true,""valid"":true},{""probe"":""relation"",""answer"":""false"",""applicable"":true,""valid"":true}]",,,,,,
audit_0051,images/audit_0051.png,Is there a person in the image?,yes,yes,"[{""probe"":""blank"",""answer"":""no"",""applicable"":true,""valid"":true},{""probe"":""blur"",""answer"":""yes"",""applicable"":true,""valid"":true},{""probe"":""brightness"",""answer"":""yes"",""applicable"":true,""valid"":true},{""probe"":""crop"",""answer"":""yes"",""applicable"":true,""valid"":true},{""probe"":""grounding"",""answer"":""yes"",""applicable"":true,""valid"":true},{""probe"":""noise"",""answer"":""yes"",""applicable"":true,""valid"":true}]",,,,,,
audit_0052,images/audit_0052.png,what is the number on the building that is yupacai college in prescott arizona ,unanswerable,The number on the building is 3.,"[{""probe"":""blank"",""answer"":""i do not have ability to see image so i cannot tell you number on building for yupacai college in prescott arizona"",""applicable"":true,""valid"":true},{""probe"":""blur"",""answer"":""i cannot determine number on building because image provided is too blurry to read any specific details"",""applicable"":true,""valid"":true},{""probe"":""brightness"",""answer"":""i cannot determine number on building from image provided nor can i confirm if it is yupacai college in prescott arizona"",""applicable"":true,""valid"":true},{""probe"":""crop"",""answer"":""i do not have number on building that is yupacai college in prescott arizona based on image provided"",""applicable"":true,""valid"":true},{""probe"":""grounding"",""answer"":""3"",""applicable"":true,""valid"":true},{""probe"":""noise"",""answer"":""number on building is 3"",""applicable"":true,""valid"":true}]",,,,,,
audit_0053,images/audit_0053.png,Is this monitor on or off?,on,on,"[{""probe"":""blank"",""answer"":""off"",""applicable"":true,""valid"":true},{""probe"":""blur"",""answer"":""on"",""applicable"":true,""valid"":true},{""probe"":""brightness"",""answer"":""on"",""applicable"":true,""valid"":true},{""probe"":""crop"",""answer"":""on"",""applicable"":true,""valid"":true},{""probe"":""grounding"",""answer"":""on"",""applicable"":true,""valid"":true},{""probe"":""noise"",""answer"":""on"",""applicable"":true,""valid"":true}]",,,,,,
audit_0054,images/audit_0054.png,What numbers are on my lock right now?,unanswerable,I cannot see any lock or numbers in the image provided.,"[{""probe"":""blank"",""answer"":""i cannot see your lock so i do not know what numbers are on it"",""applicable"":true,""valid"":true},{""probe"":""blur"",""answer"":""i cannot see any numbers on lock in image provided"",""applicable"":true,""valid"":true},{""probe"":""brightness"",""answer"":""i cannot see any lock or numbers in image provided"",""applicable"":true,""valid"":true},{""probe"":""crop"",""answer"":""i cannot see any lock or numbers in image provided"",""applicable"":true,""valid"":true},{""probe"":""grounding"",""answer"":""i cannot see any lock or numbers in this image"",""applicable"":true,""valid"":true},{""probe"":""noise"",""answer"":""i cannot see any numbers on lock in image provided"",""applicable"":true,""valid"":true}]",,,,,,
audit_0055,images/audit_0055.png,What does it say?,unanswerable,"The text is a message from an organization that refurbishes and donates computers.

**Concise Summary:**

The organization refurbishes and donates computers, funded partly by donations. They are grateful for contributors like GW Micco and others. They offer computers to visually impaired individuals and others, and the service is largely free, though there is a \$100 charge for covering packing, shipping, and replacement parts.","[{""probe"":""blank"",""answer"":""image provided is solid gray color and contains no discernible text"",""applicable"":true,""valid"":true},{""probe"":""blur"",""answer"":""i am sorry but image provided is heavily blurred and i cannot read any of text or discern what it says"",""applicable"":true,""valid"":true},{""probe"":""brightness"",""answer"":""text describes program where donated computers are refurbished by volunteers and given to people with visual impairments it mentions origin of computers process and cost 100 charge for packing shipping and replacement parts otherwise free"",""applicable"":true,""valid"":true},{""probe"":""crop"",""answer"":""provided text is snippet from document likely newsletter or informational piece that discusses volunteers and contributions mentioning volunteers and involvement of users group gw micro expressing gratitude to gw micro for their generosity which involves providing computers to top dot enterprises computer training mentioning microsoft authorized refurbishers and computer training computer distribution stating that computers have been sent to various states and countries canada india peru bhutan pakistan malaysia zimbabwe accessibility discussing use of computers for visually impaired individuals including use of audio cassettes for learning shipping costs mentioning that shipping and replacement are free in short it is update about computer donations distribution to various locations and support for visually impaired users"",""applicable"":true,""valid"":true},{""probe"":""grounding"",""answer"":""text describes computer refurbishment program that donates refurbished pcs mentioning its history volunteers involved and details on how to receive computer including 100 charge for certain items"",""applicable"":true,""valid"":true},{""probe"":""noise"",""answer"":""text is message from organization that refurbishes and donates computers concise summary organization refurbishes and donates computers funded partly by donations with 100 donation mentioned they are grateful for support and offer computers to those in need particularly visually impaired individuals they provide training and support for donated equipment"",""applicable"":true,""valid"":true}]",,,,,,
audit_0056,images/audit_0056.png,Is there a motorcycle in the image?,no,no,"[{""probe"":""blank"",""answer"":""no"",""applicable"":true,""valid"":true},{""probe"":""blur"",""answer"":""no"",""applicable"":true,""valid"":true},{""probe"":""brightness"",""answer"":""no"",""applicable"":true,""valid"":true},{""probe"":""crop"",""answer"":""no"",""applicable"":true,""valid"":true},{""probe"":""grounding"",""answer"":""no"",""applicable"":true,""valid"":true},{""probe"":""noise"",""answer"":""no"",""applicable"":true,""valid"":true}]",,,,,,
audit_0057,images/audit_0057.png,Is there a bicycle in the image?,no,no,"[{""probe"":""blank"",""answer"":""no"",""applicable"":true,""valid"":true},{""probe"":""blur"",""answer"":""no"",""applicable"":true,""valid"":true},{""probe"":""brightness"",""answer"":""no"",""applicable"":true,""valid"":true},{""probe"":""crop"",""answer"":""no"",""applicable"":true,""valid"":true},{""probe"":""grounding"",""answer"":""no"",""applicable"":true,""valid"":true},{""probe"":""noise"",""answer"":""no"",""applicable"":true,""valid"":true}]",,,,,,
audit_0058,images/audit_0058.png,Who is answering my question?,unanswerable,I am Gemma 4.,"[{""probe"":""blank"",""answer"":""i am large language model trained by google"",""applicable"":true,""valid"":true},{""probe"":""blur"",""answer"":""i am gemma 4"",""applicable"":true,""valid"":true},{""probe"":""brightness"",""answer"":""i am gemma 4 large language model developed by google deepmind"",""applicable"":true,""valid"":true},{""probe"":""crop"",""answer"":""i am gemma 4"",""applicable"":true,""valid"":true},{""probe"":""grounding"",""answer"":""large language model"",""applicable"":true,""valid"":true},{""probe"":""noise"",""answer"":""i am gemma 4 large language model developed by google deepmind"",""applicable"":true,""valid"":true}]",,,,,,
audit_0059,images/audit_0059.png,What is the expiry date on this product? What is the barcode ..... ,unanswerable,I cannot determine the expiry date or provide information about the barcode from the image provided. The image is too cropped and does not clearly show those details.,"[{""probe"":""blank"",""answer"":""i am sorry but you have provided image that is solid gray color and does not contain any visible product information expiry date or barcode therefore i cannot answer your questions"",""applicable"":true,""valid"":true},{""probe"":""blur"",""answer"":""i am sorry but image provided is too blurry for me to read expiry date or barcode"",""applicable"":true,""valid"":true},{""probe"":""brightness"",""answer"":""i cannot determine expiry date or provide full description of barcode from image provided as text and specific details are too blurry or obscured"",""applicable"":true,""valid"":true},{""probe"":""crop"",""answer"":""i cannot determine expiry date or read full barcode from provided image because image is blurry and relevant information is not clearly legible"",""applicable"":true,""valid"":true},{""probe"":""grounding"",""answer"":""expiry date is not visible barcode number is 41000 00652"",""applicable"":true,""valid"":true},{""probe"":""noise"",""answer"":""i cannot determine expiry date or provide information about barcode from image provided image is too cropped and blurry to read those details"",""applicable"":true,""valid"":true}]",,,,,,
audit_0060,images/audit_0060.png,Is there a potted plant in the image?,yes,no,"[{""probe"":""blank"",""answer"":""no"",""applicable"":true,""valid"":true},{""probe"":""blur"",""answer"":""no"",""applicable"":true,""valid"":true},{""probe"":""brightness"",""answer"":""no"",""applicable"":true,""valid"":true},{""probe"":""crop"",""answer"":""no"",""applicable"":true,""valid"":true},{""probe"":""grounding"",""answer"":""no"",""applicable"":true,""valid"":true},{""probe"":""noise"",""answer"":""yes"",""applicable"":true,""valid"":true}]",,,,,,
audit_0061,images/audit_0061.png,The cat is at the edge of the sink.,false,true,"[{""probe"":""blank"",""answer"":""false"",""applicable"":true,""valid"":true},{""probe"":""blur"",""answer"":""true"",""applicable"":true,""valid"":true},{""probe"":""brightness"",""answer"":""true"",""applicable"":true,""valid"":true},{""probe"":""crop"",""answer"":""true"",""applicable"":true,""valid"":true},{""probe"":""grounding"",""answer"":""true"",""applicable"":true,""valid"":true},{""probe"":""noise"",""answer"":""true"",""applicable"":true,""valid"":true}]",,,,,,
audit_0062,images/audit_0062.png,The car is in front of the cat.,true,false,"[{""probe"":""blank"",""answer"":""false"",""applicable"":true,""valid"":true},{""probe"":""blur"",""answer"":""false"",""applicable"":true,""valid"":true},{""probe"":""brightness"",""answer"":""false"",""applicable"":true,""valid"":true},{""probe"":""crop"",""answer"":""false"",""applicable"":true,""valid"":true},{""probe"":""grounding"",""answer"":""false"",""applicable"":true,""valid"":true},{""probe"":""noise"",""answer"":""false"",""applicable"":true,""valid"":true},{""probe"":""relation"",""answer"":""false"",""applicable"":true,""valid"":true}]",,,,,,
audit_0063,images/audit_0063.png,The car is behind the suitcase.,true,false,"[{""probe"":""blank"",""answer"":""false"",""applicable"":true,""valid"":true},{""probe"":""blur"",""answer"":""false"",""applicable"":true,""valid"":true},{""probe"":""brightness"",""answer"":""false"",""applicable"":true,""valid"":true},{""probe"":""crop"",""answer"":""false"",""applicable"":true,""valid"":true},{""probe"":""grounding"",""answer"":""false"",""applicable"":true,""valid"":true},{""probe"":""noise"",""answer"":""false"",""applicable"":true,""valid"":true},{""probe"":""relation"",""answer"":""false"",""applicable"":true,""valid"":true}]",,,,,,
audit_0064,images/audit_0064.png,"According to the table, In 2023, did Syria have higher population growth than United Kingdom?",yes,no,"[{""probe"":""blank"",""answer"":""unknown"",""applicable"":true,""valid"":true},{""probe"":""blur"",""answer"":""no"",""applicable"":true,""valid"":true},{""probe"":""brightness"",""answer"":""no"",""applicable"":true,""valid"":true},{""probe"":""crop"",""answer"":""no"",""applicable"":true,""valid"":true},{""probe"":""grounding"",""answer"":""no"",""applicable"":true,""valid"":true},{""probe"":""noise"",""answer"":""no"",""applicable"":true,""valid"":true}]",,,,,,
audit_0065,images/audit_0065.png,The remote is at the edge of the bed.,true,true,"[{""probe"":""blank"",""answer"":""false"",""applicable"":true,""valid"":true},{""probe"":""blur"",""answer"":""true"",""applicable"":true,""valid"":true},{""probe"":""brightness"",""answer"":""true"",""applicable"":true,""valid"":true},{""probe"":""crop"",""answer"":""true"",""applicable"":true,""valid"":true},{""probe"":""grounding"",""answer"":""false"",""applicable"":true,""valid"":true},{""probe"":""noise"",""answer"":""true"",""applicable"":true,""valid"":true}]",,,,,,
audit_0066,images/audit_0066.png,The parking meter is in front of the car.,false,true,"[{""probe"":""blank"",""answer"":""false"",""applicable"":true,""valid"":true},{""probe"":""blur"",""answer"":""true"",""applicable"":true,""valid"":true},{""probe"":""brightness"",""answer"":""true"",""applicable"":true,""valid"":true},{""probe"":""crop"",""answer"":""true"",""applicable"":true,""valid"":true},{""probe"":""grounding"",""answer"":""true"",""applicable"":true,""valid"":true},{""probe"":""noise"",""answer"":""true"",""applicable"":true,""valid"":true},{""probe"":""relation"",""answer"":""false"",""applicable"":true,""valid"":true}]",,,,,,
audit_0067,images/audit_0067.png,The bed is under the suitcase.,false,false,"[{""probe"":""blank"",""answer"":""false"",""applicable"":true,""valid"":true},{""probe"":""blur"",""answer"":""false"",""applicable"":true,""valid"":true},{""probe"":""brightness"",""answer"":""false"",""applicable"":true,""valid"":true},{""probe"":""crop"",""answer"":""false"",""applicable"":true,""valid"":true},{""probe"":""grounding"",""answer"":""false"",""applicable"":true,""valid"":true},{""probe"":""noise"",""answer"":""false"",""applicable"":true,""valid"":true},{""probe"":""relation"",""answer"":""false"",""applicable"":true,""valid"":true}]",,,,,,
audit_0068,images/audit_0068.png,"Homer Simpson comes out of the bushes. According to the positive sequence of the images, are they in the correct order?",no,yes,"[{""probe"":""blank"",""answer"":""no"",""applicable"":true,""valid"":true},{""probe"":""blur"",""answer"":""yes"",""applicable"":true,""valid"":true},{""probe"":""brightness"",""answer"":""yes"",""applicable"":true,""valid"":true},{""probe"":""crop"",""answer"":""yes"",""applicable"":true,""valid"":true},{""probe"":""grounding"",""answer"":""yes"",""applicable"":true,""valid"":true},{""probe"":""noise"",""answer"":""yes"",""applicable"":true,""valid"":true}]",,,,,,
audit_0069,images/audit_0069.png,Are these two men in the images different height? Yes or No,yes,Yes,"[{""probe"":""blank"",""answer"":""no"",""applicable"":true,""valid"":true},{""probe"":""blur"",""answer"":""yes"",""applicable"":true,""valid"":true},{""probe"":""brightness"",""answer"":""yes"",""applicable"":true,""valid"":true},{""probe"":""crop"",""answer"":""yes"",""applicable"":true,""valid"":true},{""probe"":""grounding"",""answer"":""yes"",""applicable"":true,""valid"":true},{""probe"":""noise"",""answer"":""yes"",""applicable"":true,""valid"":true}]",,,,,,
audit_0070,images/audit_0070.png,The cat is at the edge of the sink.,false,true,"[{""probe"":""blank"",""answer"":""false"",""applicable"":true,""valid"":true},{""probe"":""blur"",""answer"":""true"",""applicable"":true,""valid"":true},{""probe"":""brightness"",""answer"":""true"",""applicable"":true,""valid"":true},{""probe"":""crop"",""answer"":""true"",""applicable"":true,""valid"":true},{""probe"":""grounding"",""answer"":""true"",""applicable"":true,""valid"":true},{""probe"":""noise"",""answer"":""true"",""applicable"":true,""valid"":true}]",,,,,,
audit_0071,images/audit_0071.png,The backpack is beside the cat.,false,true,"[{""probe"":""blank"",""answer"":""false"",""applicable"":true,""valid"":true},{""probe"":""blur"",""answer"":""false"",""applicable"":true,""valid"":true},{""probe"":""brightness"",""answer"":""true"",""applicable"":true,""valid"":true},{""probe"":""crop"",""answer"":""true"",""applicable"":true,""valid"":true},{""probe"":""grounding"",""answer"":""true"",""applicable"":true,""valid"":true},{""probe"":""noise"",""answer"":""true"",""applicable"":true,""valid"":true}]",,,,,,
audit_0072,images/audit_0072.png,The cat is facing the backpack.,true,false,"[{""probe"":""blank"",""answer"":""false"",""applicable"":true,""valid"":true},{""probe"":""blur"",""answer"":""false"",""applicable"":true,""valid"":true},{""probe"":""brightness"",""answer"":""false"",""applicable"":true,""valid"":true},{""probe"":""crop"",""answer"":""false"",""applicable"":true,""valid"":true},{""probe"":""grounding"",""answer"":""true"",""applicable"":true,""valid"":true},{""probe"":""noise"",""answer"":""false"",""applicable"":true,""valid"":true}]",,,,,,
audit_0073,images/audit_0073.png,Does the black line align with the blue line? Yes or No,yes,no,"[{""probe"":""blank"",""answer"":""no"",""applicable"":true,""valid"":true},{""probe"":""blur"",""answer"":""no"",""applicable"":true,""valid"":true},{""probe"":""brightness"",""answer"":""no"",""applicable"":true,""valid"":true},{""probe"":""crop"",""answer"":""no"",""applicable"":true,""valid"":true},{""probe"":""grounding"",""answer"":""no"",""applicable"":true,""valid"":true},{""probe"":""noise"",""answer"":""no"",""applicable"":true,""valid"":true}]",,,,,,
audit_0074,images/audit_0074.png,The microwave is touching the cat.,true,true,"[{""probe"":""blank"",""answer"":""false"",""applicable"":true,""valid"":true},{""probe"":""blur"",""answer"":""false"",""applicable"":true,""valid"":true},{""probe"":""brightness"",""answer"":""false"",""applicable"":true,""valid"":true},{""probe"":""crop"",""answer"":""false"",""applicable"":true,""valid"":true},{""probe"":""grounding"",""answer"":""true"",""applicable"":true,""valid"":true},{""probe"":""noise"",""answer"":""true"",""applicable"":true,""valid"":true}]",,,,,,
audit_0075,images/audit_0075.png,"According to the image, does the Euler's Number 'e' range from 2.72 to 2.73?",no,yes,"[{""probe"":""blank"",""answer"":""no"",""applicable"":true,""valid"":true},{""probe"":""blur"",""answer"":""yes"",""applicable"":true,""valid"":true},{""probe"":""brightness"",""answer"":""yes"",""applicable"":true,""valid"":true},{""probe"":""crop"",""answer"":""yes"",""applicable"":true,""valid"":true},{""probe"":""grounding"",""answer"":""no"",""applicable"":true,""valid"":true},{""probe"":""noise"",""answer"":""yes"",""applicable"":true,""valid"":true}]",,,,,,
audit_0076,images/audit_0076.png,The cat is at the edge of the sink.,false,true,"[{""probe"":""blank"",""answer"":""false"",""applicable"":true,""valid"":true},{""probe"":""blur"",""answer"":""true"",""applicable"":true,""valid"":true},{""probe"":""brightness"",""answer"":""true"",""applicable"":true,""valid"":true},{""probe"":""crop"",""answer"":""true"",""applicable"":true,""valid"":true},{""probe"":""grounding"",""answer"":""true"",""applicable"":true,""valid"":true},{""probe"":""noise"",""answer"":""true"",""applicable"":true,""valid"":true}]",,,,,,
audit_0077,images/audit_0077.png,The cat is inside the suitcase.,true,true,"[{""probe"":""blank"",""answer"":""false"",""applicable"":true,""valid"":true},{""probe"":""blur"",""answer"":""false"",""applicable"":true,""valid"":true},{""probe"":""brightness"",""answer"":""true"",""applicable"":true,""valid"":true},{""probe"":""crop"",""answer"":""true"",""applicable"":true,""valid"":true},{""probe"":""grounding"",""answer"":""true"",""applicable"":true,""valid"":true},{""probe"":""noise"",""answer"":""true"",""applicable"":true,""valid"":true}]",,,,,,
audit_0078,images/audit_0078.png,"According to the chart, is China the third largest country by land area in the world?",no,no,"[{""probe"":""blank"",""answer"":""yes"",""applicable"":true,""valid"":true},{""probe"":""blur"",""answer"":""no"",""applicable"":true,""valid"":true},{""probe"":""brightness"",""answer"":""no"",""applicable"":true,""valid"":true},{""probe"":""crop"",""answer"":""no"",""applicable"":true,""valid"":true},{""probe"":""grounding"",""answer"":""no"",""applicable"":true,""valid"":true},{""probe"":""noise"",""answer"":""no"",""applicable"":true,""valid"":true}]",,,,,,
audit_0079,images/audit_0079.png,Are these two men in the images different height? Yes or No,no,Yes,"[{""probe"":""blank"",""answer"":""no"",""applicable"":true,""valid"":true},{""probe"":""blur"",""answer"":""yes"",""applicable"":true,""valid"":true},{""probe"":""brightness"",""answer"":""yes"",""applicable"":true,""valid"":true},{""probe"":""crop"",""answer"":""yes"",""applicable"":true,""valid"":true},{""probe"":""grounding"",""answer"":""yes"",""applicable"":true,""valid"":true},{""probe"":""noise"",""answer"":""yes"",""applicable"":true,""valid"":true}]",,,,,,
audit_0080,images/audit_0080.png,The suitcase is far from the cat.,true,true,"[{""probe"":""blank"",""answer"":""false"",""applicable"":true,""valid"":true},{""probe"":""blur"",""answer"":""false"",""applicable"":true,""valid"":true},{""probe"":""brightness"",""answer"":""true"",""applicable"":true,""valid"":true},{""probe"":""crop"",""answer"":""true"",""applicable"":true,""valid"":true},{""probe"":""grounding"",""answer"":""true"",""applicable"":true,""valid"":true},{""probe"":""noise"",""answer"":""false"",""applicable"":true,""valid"":true}]",,,,,,
audit_0081,images/audit_0081.png,The car is under the cat.,true,true,"[{""probe"":""blank"",""answer"":""false"",""applicable"":true,""valid"":true},{""probe"":""blur"",""answer"":""true"",""applicable"":true,""valid"":true},{""probe"":""brightness"",""answer"":""true"",""applicable"":true,""valid"":true},{""probe"":""crop"",""answer"":""true"",""applicable"":true,""valid"":true},{""probe"":""grounding"",""answer"":""false"",""applicable"":true,""valid"":true},{""probe"":""noise"",""answer"":""true"",""applicable"":true,""valid"":true},{""probe"":""relation"",""answer"":""false"",""applicable"":true,""valid"":true}]",,,,,,
audit_0082,images/audit_0082.png,"According to the positive sequence of the images, is the blue car moving forward?",no,yes,"[{""probe"":""blank"",""answer"":""no"",""applicable"":true,""valid"":true},{""probe"":""blur"",""answer"":""yes"",""applicable"":true,""valid"":true},{""probe"":""brightness"",""answer"":""yes"",""applicable"":true,""valid"":true},{""probe"":""crop"",""answer"":""yes"",""applicable"":true,""valid"":true},{""probe"":""grounding"",""answer"":""yes"",""applicable"":true,""valid"":true},{""probe"":""noise"",""answer"":""yes"",""applicable"":true,""valid"":true}]",,,,,,
audit_0083,images/audit_0083.png,The cat is on top of the suitcase.,true,true,"[{""probe"":""blank"",""answer"":""false"",""applicable"":true,""valid"":true},{""probe"":""blur"",""answer"":""true"",""applicable"":true,""valid"":true},{""probe"":""brightness"",""answer"":""true"",""applicable"":true,""valid"":true},{""probe"":""crop"",""answer"":""true"",""applicable"":true,""valid"":true},{""probe"":""grounding"",""answer"":""true"",""applicable"":true,""valid"":true},{""probe"":""noise"",""answer"":""true"",""applicable"":true,""valid"":true},{""probe"":""relation"",""answer"":""false"",""applicable"":true,""valid"":true}]",,,,,,
audit_0084,images/audit_0084.png,The cat is facing away from the toilet.,true,true,"[{""probe"":""blank"",""answer"":""false"",""applicable"":true,""valid"":true},{""probe"":""blur"",""answer"":""true"",""applicable"":true,""valid"":true},{""probe"":""brightness"",""answer"":""false"",""applicable"":true,""valid"":true},{""probe"":""crop"",""answer"":""false"",""applicable"":true,""valid"":true},{""probe"":""grounding"",""answer"":""true"",""applicable"":true,""valid"":true},{""probe"":""noise"",""answer"":""false"",""applicable"":true,""valid"":true}]",,,,,,
audit_0085,images/audit_0085.png,"According to the positive sequence of the images, does the temperature increase?",yes,yes,"[{""probe"":""blank"",""answer"":""no"",""applicable"":true,""valid"":true},{""probe"":""blur"",""answer"":""yes"",""applicable"":true,""valid"":true},{""probe"":""brightness"",""answer"":""yes"",""applicable"":true,""valid"":true},{""probe"":""crop"",""answer"":""yes"",""applicable"":true,""valid"":true},{""probe"":""grounding"",""answer"":""yes"",""applicable"":true,""valid"":true},{""probe"":""noise"",""answer"":""yes"",""applicable"":true,""valid"":true}]",,,,,,
audit_0086,images/audit_0086.png,The suitcase contains the cat.,false,true,"[{""probe"":""blank"",""answer"":""false"",""applicable"":true,""valid"":true},{""probe"":""blur"",""answer"":""true"",""applicable"":true,""valid"":true},{""probe"":""brightness"",""answer"":""true"",""applicable"":true,""valid"":true},{""probe"":""crop"",""answer"":""true"",""applicable"":true,""valid"":true},{""probe"":""grounding"",""answer"":""true"",""applicable"":true,""valid"":true},{""probe"":""noise"",""answer"":""true"",""applicable"":true,""valid"":true}]",,,,,,
audit_0087,images/audit_0087.png,The cat is touching the bed.,true,true,"[{""probe"":""blank"",""answer"":""false"",""applicable"":true,""valid"":true},{""probe"":""blur"",""answer"":""true"",""applicable"":true,""valid"":true},{""probe"":""brightness"",""answer"":""true"",""applicable"":true,""valid"":true},{""probe"":""crop"",""answer"":""true"",""applicable"":true,""valid"":true},{""probe"":""grounding"",""answer"":""true"",""applicable"":true,""valid"":true},{""probe"":""noise"",""answer"":""true"",""applicable"":true,""valid"":true}]",,,,,,
audit_0088,images/audit_0088.png,"According to the image, did the United States suffer the greatest number of total deaths in World War II, with China having the second-highest?",yes,yes,"[{""probe"":""blank"",""answer"":""no"",""applicable"":true,""valid"":true},{""probe"":""blur"",""answer"":""yes"",""applicable"":true,""valid"":true},{""probe"":""brightness"",""answer"":""yes"",""applicable"":true,""valid"":true},{""probe"":""crop"",""answer"":""no"",""applicable"":true,""valid"":true},{""probe"":""grounding"",""answer"":""yes"",""applicable"":true,""valid"":true},{""probe"":""noise"",""answer"":""no"",""applicable"":true,""valid"":true}]",,,,,,
audit_0089,images/audit_0089.png,The image shows a color illusion. Are two circles in the image different color? Yes or No,yes,yes,"[{""probe"":""blank"",""answer"":""no"",""applicable"":true,""valid"":true},{""probe"":""blur"",""answer"":""yes"",""applicable"":true,""valid"":true},{""probe"":""brightness"",""answer"":""yes"",""applicable"":true,""valid"":true},{""probe"":""crop"",""answer"":""yes"",""applicable"":true,""valid"":true},{""probe"":""grounding"",""answer"":""no"",""applicable"":true,""valid"":true},{""probe"":""noise"",""answer"":""yes"",""applicable"":true,""valid"":true}]",,,,,,
audit_0090,images/audit_0090.png,The book is parallel to the bed.,false,true,"[{""probe"":""blank"",""answer"":""false"",""applicable"":true,""valid"":true},{""probe"":""blur"",""answer"":""true"",""applicable"":true,""valid"":true},{""probe"":""brightness"",""answer"":""true"",""applicable"":true,""valid"":true},{""probe"":""crop"",""answer"":""true"",""applicable"":true,""valid"":true},{""probe"":""grounding"",""answer"":""true"",""applicable"":true,""valid"":true},{""probe"":""noise"",""answer"":""true"",""applicable"":true,""valid"":true}]",,,,,,
audit_0091,images/audit_0091.png,The book is beside the cat.,true,true,"[{""probe"":""blank"",""answer"":""false"",""applicable"":true,""valid"":true},{""probe"":""blur"",""answer"":""true"",""applicable"":true,""valid"":true},{""probe"":""brightness"",""answer"":""true"",""applicable"":true,""valid"":true},{""probe"":""crop"",""answer"":""true"",""applicable"":true,""valid"":true},{""probe"":""grounding"",""answer"":""true"",""applicable"":true,""valid"":true},{""probe"":""noise"",""answer"":""true"",""applicable"":true,""valid"":true}]",,,,,,
audit_0092,images/audit_0092.png,The car is facing away from the parking meter.,false,false,"[{""probe"":""blank"",""answer"":""false"",""applicable"":true,""valid"":true},{""probe"":""blur"",""answer"":""true"",""applicable"":true,""valid"":true},{""probe"":""brightness"",""answer"":""false"",""applicable"":true,""valid"":true},{""probe"":""crop"",""answer"":""false"",""applicable"":true,""valid"":true},{""probe"":""grounding"",""answer"":""false"",""applicable"":true,""valid"":true},{""probe"":""noise"",""answer"":""false"",""applicable"":true,""valid"":true}]",,,,,,
audit_0093,images/audit_0093.png,"According to the positive sequence of the images, does the blue car attempt to leave the parking space?",no,yes,"[{""probe"":""blank"",""answer"":""no"",""applicable"":true,""valid"":true},{""probe"":""blur"",""answer"":""yes"",""applicable"":true,""valid"":true},{""probe"":""brightness"",""answer"":""yes"",""applicable"":true,""valid"":true},{""probe"":""crop"",""answer"":""yes"",""applicable"":true,""valid"":true},{""probe"":""grounding"",""answer"":""yes"",""applicable"":true,""valid"":true},{""probe"":""noise"",""answer"":""yes"",""applicable"":true,""valid"":true}]",,,,,,
audit_0094,images/audit_0094.png,"If BE ⊥ AC, CD ⊥ AB, AF ⊥ BC, then is M the orthocenter of triangle ABC? Please answer yes or no.",no,yes,"[{""probe"":""blank"",""answer"":""no"",""applicable"":true,""valid"":true},{""probe"":""blur"",""answer"":""yes"",""applicable"":true,""valid"":true},{""probe"":""brightness"",""answer"":""yes"",""applicable"":true,""valid"":true},{""probe"":""crop"",""answer"":""yes"",""applicable"":true,""valid"":true},{""probe"":""grounding"",""answer"":""yes"",""applicable"":true,""valid"":true},{""probe"":""noise"",""answer"":""yes"",""applicable"":true,""valid"":true}]",,,,,,
audit_0095,images/audit_0095.png,The cat is above the toilet.,true,true,"[{""probe"":""blank"",""answer"":""false"",""applicable"":true,""valid"":true},{""probe"":""blur"",""answer"":""true"",""applicable"":true,""valid"":true},{""probe"":""brightness"",""answer"":""true"",""applicable"":true,""valid"":true},{""probe"":""crop"",""answer"":""true"",""applicable"":true,""valid"":true},{""probe"":""grounding"",""answer"":""true"",""applicable"":true,""valid"":true},{""probe"":""noise"",""answer"":""true"",""applicable"":true,""valid"":true},{""probe"":""relation"",""answer"":""false"",""applicable"":true,""valid"":true}]",,,,,,
audit_0096,images/audit_0096.png,The cat is touching the car.,false,true,"[{""probe"":""blank"",""answer"":""false"",""applicable"":true,""valid"":true},{""probe"":""blur"",""answer"":""false"",""applicable"":true,""valid"":true},{""probe"":""brightness"",""answer"":""true"",""applicable"":true,""valid"":true},{""probe"":""crop"",""answer"":""true"",""applicable"":true,""valid"":true},{""probe"":""grounding"",""answer"":""true"",""applicable"":true,""valid"":true},{""probe"":""noise"",""answer"":""true"",""applicable"":true,""valid"":true}]",,,,,,
audit_0097,images/audit_0097.png,The cat is in the backpack.,true,true,"[{""probe"":""blank"",""answer"":""false"",""applicable"":true,""valid"":true},{""probe"":""blur"",""answer"":""true"",""applicable"":true,""valid"":true},{""probe"":""brightness"",""answer"":""true"",""applicable"":true,""valid"":true},{""probe"":""crop"",""answer"":""true"",""applicable"":true,""valid"":true},{""probe"":""grounding"",""answer"":""true"",""applicable"":true,""valid"":true},{""probe"":""noise"",""answer"":""true"",""applicable"":true,""valid"":true}]",,,,,,
audit_0098,images/audit_0098.png,"They are growing apart. According to the positive sequence of the images, are they in the correct order? Answer in one sentence.",yes,no,"[{""probe"":""blank"",""answer"":""yes"",""applicable"":true,""valid"":true},{""probe"":""blur"",""answer"":""no"",""applicable"":true,""valid"":true},{""probe"":""brightness"",""answer"":""no"",""applicable"":true,""valid"":true},{""probe"":""crop"",""answer"":""no"",""applicable"":true,""valid"":true},{""probe"":""grounding"",""answer"":""no"",""applicable"":true,""valid"":true},{""probe"":""noise"",""answer"":""no"",""applicable"":true,""valid"":true}]",,,,,,
audit_0099,images/audit_0099.png,"In 2019, were the main policy interest rates of the Central Banks in the Eurozone higher than those of the U.S. Central Bank, the Central Banks in the UK, and Japan?",no,no,"[{""probe"":""blank"",""answer"":""no"",""applicable"":true,""valid"":true},{""probe"":""blur"",""answer"":""no"",""applicable"":true,""valid"":true},{""probe"":""brightness"",""answer"":""no"",""applicable"":true,""valid"":true},{""probe"":""crop"",""answer"":""no"",""applicable"":true,""valid"":true},{""probe"":""grounding"",""answer"":""no"",""applicable"":true,""valid"":true},{""probe"":""noise"",""answer"":""no"",""applicable"":true,""valid"":true}]",,,,,,
audit_0100,images/audit_0100.png,The cat is outside the toilet.,true,true,"[{""probe"":""blank"",""answer"":""false"",""applicable"":true,""valid"":true},{""probe"":""blur"",""answer"":""true"",""applicable"":true,""valid"":true},{""probe"":""brightness"",""answer"":""true"",""applicable"":true,""valid"":true},{""probe"":""crop"",""answer"":""true"",""applicable"":true,""valid"":true},{""probe"":""grounding"",""answer"":""true"",""applicable"":true,""valid"":true},{""probe"":""noise"",""answer"":""false"",""applicable"":true,""valid"":true}]",,,,,,
audit_0101,images/audit_0101.png,The suitcase is surrounding the cat.,false,true,"[{""probe"":""blank"",""answer"":""false"",""applicable"":true,""valid"":true},{""probe"":""blur"",""answer"":""true"",""applicable"":true,""valid"":true},{""probe"":""brightness"",""answer"":""true"",""applicable"":true,""valid"":true},{""probe"":""crop"",""answer"":""true"",""applicable"":true,""valid"":true},{""probe"":""grounding"",""answer"":""false"",""applicable"":true,""valid"":true},{""probe"":""noise"",""answer"":""true"",""applicable"":true,""valid"":true}]",,,,,,
audit_0102,images/audit_0102.png,The suitcase contains the cat.,false,true,"[{""probe"":""blank"",""answer"":""false"",""applicable"":true,""valid"":true},{""probe"":""blur"",""answer"":""true"",""applicable"":true,""valid"":true},{""probe"":""brightness"",""answer"":""true"",""applicable"":true,""valid"":true},{""probe"":""crop"",""answer"":""true"",""applicable"":true,""valid"":true},{""probe"":""grounding"",""answer"":""true"",""applicable"":true,""valid"":true},{""probe"":""noise"",""answer"":""true"",""applicable"":true,""valid"":true}]",,,,,,
audit_0103,images/audit_0103.png,"According to the map, can I take the Blue Line towards the Pentagon on the DC Metro system?",yes,yes,"[{""probe"":""blank"",""answer"":""yes"",""applicable"":true,""valid"":true},{""probe"":""blur"",""answer"":""yes"",""applicable"":true,""valid"":true},{""probe"":""brightness"",""answer"":""yes"",""applicable"":true,""valid"":true},{""probe"":""crop"",""answer"":""yes"",""applicable"":true,""valid"":true},{""probe"":""grounding"",""answer"":""yes"",""applicable"":true,""valid"":true},{""probe"":""noise"",""answer"":""yes"",""applicable"":true,""valid"":true}]",,,,,,
audit_0104,images/audit_0104.png,Is there a bottle in the image?,yes,yes,"[{""probe"":""blank"",""answer"":""no"",""applicable"":true,""valid"":true},{""probe"":""blur"",""answer"":""yes"",""applicable"":true,""valid"":true},{""probe"":""brightness"",""answer"":""no"",""applicable"":true,""valid"":true},{""probe"":""crop"",""answer"":""no"",""applicable"":true,""valid"":true},{""probe"":""grounding"",""answer"":""yes"",""applicable"":true,""valid"":true},{""probe"":""noise"",""answer"":""yes"",""applicable"":true,""valid"":true}]",,,,,,
audit_0105,images/audit_0105.png,Are two circles in the image different color? Yes or No,no,yes,"[{""probe"":""blank"",""answer"":""no"",""applicable"":true,""valid"":true},{""probe"":""blur"",""answer"":""yes"",""applicable"":true,""valid"":true},{""probe"":""brightness"",""answer"":""yes"",""applicable"":true,""valid"":true},{""probe"":""crop"",""answer"":""yes"",""applicable"":true,""valid"":true},{""probe"":""grounding"",""answer"":""no"",""applicable"":true,""valid"":true},{""probe"":""noise"",""answer"":""yes"",""applicable"":true,""valid"":true}]",,,,,,
audit_0106,images/audit_0106.png,The handbag is at the left side of the cat.,false,true,"[{""probe"":""blank"",""answer"":""false"",""applicable"":true,""valid"":true},{""probe"":""blur"",""answer"":""true"",""applicable"":true,""valid"":true},{""probe"":""brightness"",""answer"":""true"",""applicable"":true,""valid"":true},{""probe"":""crop"",""answer"":""true"",""applicable"":true,""valid"":true},{""probe"":""grounding"",""answer"":""true"",""applicable"":true,""valid"":true},{""probe"":""noise"",""answer"":""true"",""applicable"":true,""valid"":true},{""probe"":""relation"",""answer"":""false"",""applicable"":true,""valid"":true}]",,,,,,
audit_0107,images/audit_0107.png,The handbag is on top of the bed.,true,true,"[{""probe"":""blank"",""answer"":""false"",""applicable"":true,""valid"":true},{""probe"":""blur"",""answer"":""true"",""applicable"":true,""valid"":true},{""probe"":""brightness"",""answer"":""true"",""applicable"":true,""valid"":true},{""probe"":""crop"",""answer"":""true"",""applicable"":true,""valid"":true},{""probe"":""grounding"",""answer"":""true"",""applicable"":true,""valid"":true},{""probe"":""noise"",""answer"":""true"",""applicable"":true,""valid"":true},{""probe"":""relation"",""answer"":""false"",""applicable"":true,""valid"":true}]",,,,,,
audit_0108,images/audit_0108.png,The cat is above the suitcase.,true,true,"[{""probe"":""blank"",""answer"":""false"",""applicable"":true,""valid"":true},{""probe"":""blur"",""answer"":""true"",""applicable"":true,""valid"":true},{""probe"":""brightness"",""answer"":""true"",""applicable"":true,""valid"":true},{""probe"":""crop"",""answer"":""true"",""applicable"":true,""valid"":true},{""probe"":""grounding"",""answer"":""true"",""applicable"":true,""valid"":true},{""probe"":""noise"",""answer"":""true"",""applicable"":true,""valid"":true},{""probe"":""relation"",""answer"":""false"",""applicable"":true,""valid"":true}]",,,,,,
audit_0109,images/audit_0109.png,Is there a laptop in the image?,yes,yes,"[{""probe"":""blank"",""answer"":""no"",""applicable"":true,""valid"":true},{""probe"":""blur"",""answer"":""yes"",""applicable"":true,""valid"":true},{""probe"":""brightness"",""answer"":""yes"",""applicable"":true,""valid"":true},{""probe"":""crop"",""answer"":""yes"",""applicable"":true,""valid"":true},{""probe"":""grounding"",""answer"":""yes"",""applicable"":true,""valid"":true},{""probe"":""noise"",""answer"":""yes"",""applicable"":true,""valid"":true}]",,,,,,
audit_0110,images/audit_0110.png,"According to the positive sequence of the images, Is he running clockwise? Answer in one sentence.",no,yes,"[{""probe"":""blank"",""answer"":""no"",""applicable"":true,""valid"":true},{""probe"":""blur"",""answer"":""yes"",""applicable"":true,""valid"":true},{""probe"":""brightness"",""answer"":""yes"",""applicable"":true,""valid"":true},{""probe"":""crop"",""answer"":""yes"",""applicable"":true,""valid"":true},{""probe"":""grounding"",""answer"":""yes"",""applicable"":true,""valid"":true},{""probe"":""noise"",""answer"":""yes"",""applicable"":true,""valid"":true}]",,,,,,
audit_0111,images/audit_0111.png,Is there a handbag in the image?,yes,yes,"[{""probe"":""blank"",""answer"":""no"",""applicable"":true,""valid"":true},{""probe"":""blur"",""answer"":""yes"",""applicable"":true,""valid"":true},{""probe"":""brightness"",""answer"":""yes"",""applicable"":true,""valid"":true},{""probe"":""crop"",""answer"":""yes"",""applicable"":true,""valid"":true},{""probe"":""grounding"",""answer"":""yes"",""applicable"":true,""valid"":true},{""probe"":""noise"",""answer"":""yes"",""applicable"":true,""valid"":true}]",,,,,,
audit_0112,images/audit_0112.png,"According to the map, does the prime meridian intersect the Atlantic Ocean, Southern Ocean, and Arctic Ocean?",yes,yes,"[{""probe"":""blank"",""answer"":""no"",""applicable"":true,""valid"":true},{""probe"":""blur"",""answer"":""no"",""applicable"":true,""valid"":true},{""probe"":""brightness"",""answer"":""yes"",""applicable"":true,""valid"":true},{""probe"":""crop"",""answer"":""no"",""applicable"":true,""valid"":true},{""probe"":""grounding"",""answer"":""yes"",""applicable"":true,""valid"":true},{""probe"":""noise"",""answer"":""no"",""applicable"":true,""valid"":true}]",,,,,,
audit_0113,images/audit_0113.png,The suitcase is beneath the cat.,false,false,"[{""probe"":""blank"",""answer"":""false"",""applicable"":true,""valid"":true},{""probe"":""blur"",""answer"":""false"",""applicable"":true,""valid"":true},{""probe"":""brightness"",""answer"":""false"",""applicable"":true,""valid"":true},{""probe"":""crop"",""answer"":""false"",""applicable"":true,""valid"":true},{""probe"":""grounding"",""answer"":""false"",""applicable"":true,""valid"":true},{""probe"":""noise"",""answer"":""false"",""applicable"":true,""valid"":true}]",,,,,,
audit_0114,images/audit_0114.png,Read the name this box.,unanswerable,unanswerable,"[{""probe"":""blank"",""answer"":""unanswerable"",""applicable"":true,""valid"":true},{""probe"":""blur"",""answer"":""unanswerable"",""applicable"":true,""valid"":true},{""probe"":""brightness"",""answer"":""unanswerable"",""applicable"":true,""valid"":true},{""probe"":""crop"",""answer"":""unanswerable"",""applicable"":true,""valid"":true},{""probe"":""grounding"",""answer"":""unanswerable"",""applicable"":true,""valid"":true},{""probe"":""noise"",""answer"":""unanswerable"",""applicable"":true,""valid"":true}]",,,,,,
audit_0115,images/audit_0115.png,The cat is by the car.,false,true,"[{""probe"":""blank"",""answer"":""false"",""applicable"":true,""valid"":true},{""probe"":""blur"",""answer"":""true"",""applicable"":true,""valid"":true},{""probe"":""brightness"",""answer"":""true"",""applicable"":true,""valid"":true},{""probe"":""crop"",""answer"":""true"",""applicable"":true,""valid"":true},{""probe"":""grounding"",""answer"":""true"",""applicable"":true,""valid"":true},{""probe"":""noise"",""answer"":""true"",""applicable"":true,""valid"":true}]",,,,,,
audit_0116,images/audit_0116.png,The cat is in the backpack.,true,true,"[{""probe"":""blank"",""answer"":""false"",""applicable"":true,""valid"":true},{""probe"":""blur"",""answer"":""true"",""applicable"":true,""valid"":true},{""probe"":""brightness"",""answer"":""true"",""applicable"":true,""valid"":true},{""probe"":""crop"",""answer"":""true"",""applicable"":true,""valid"":true},{""probe"":""grounding"",""answer"":""true"",""applicable"":true,""valid"":true},{""probe"":""noise"",""answer"":""true"",""applicable"":true,""valid"":true}]",,,,,,
audit_0117,images/audit_0117.png,"This man is throwing a woman into the toilet. According to the positive sequence of the images, are they in the correct order? Answer in one word.",yes,yes,"[{""probe"":""blank"",""answer"":""no"",""applicable"":true,""valid"":true},{""probe"":""blur"",""answer"":""no"",""applicable"":true,""valid"":true},{""probe"":""brightness"",""answer"":""yes"",""applicable"":true,""valid"":true},{""probe"":""crop"",""answer"":""no"",""applicable"":true,""valid"":true},{""probe"":""grounding"",""answer"":""yes"",""applicable"":true,""valid"":true},{""probe"":""noise"",""answer"":""yes"",""applicable"":true,""valid"":true}]",,,,,,
audit_0118,images/audit_0118.png,"According to the positive sequence of the images, Is this woman jumping out from the toilet? Answer in one word.",no,no,"[{""probe"":""blank"",""answer"":""no"",""applicable"":true,""valid"":true},{""probe"":""blur"",""answer"":""no"",""applicable"":true,""valid"":true},{""probe"":""brightness"",""answer"":""no"",""applicable"":true,""valid"":true},{""probe"":""crop"",""answer"":""no"",""applicable"":true,""valid"":true},{""probe"":""grounding"",""answer"":""no"",""applicable"":true,""valid"":true},{""probe"":""noise"",""answer"":""no"",""applicable"":true,""valid"":true}]",,,,,,
audit_0119,images/audit_0119.png,Is there a dining table in the image?,yes,yes,"[{""probe"":""blank"",""answer"":""no"",""applicable"":true,""valid"":true},{""probe"":""blur"",""answer"":""yes"",""applicable"":true,""valid"":true},{""probe"":""brightness"",""answer"":""yes"",""applicable"":true,""valid"":true},{""probe"":""crop"",""answer"":""yes"",""applicable"":true,""valid"":true},{""probe"":""grounding"",""answer"":""no"",""applicable"":true,""valid"":true},{""probe"":""noise"",""answer"":""yes"",""applicable"":true,""valid"":true}]",,,,,,
audit_0120,images/audit_0120.png,Is there a bed in the image?,no,yes,"[{""probe"":""blank"",""answer"":""no"",""applicable"":true,""valid"":true},{""probe"":""blur"",""answer"":""yes"",""applicable"":true,""valid"":true},{""probe"":""brightness"",""answer"":""yes"",""applicable"":true,""valid"":true},{""probe"":""crop"",""answer"":""yes"",""applicable"":true,""valid"":true},{""probe"":""grounding"",""answer"":""yes"",""applicable"":true,""valid"":true},{""probe"":""noise"",""answer"":""yes"",""applicable"":true,""valid"":true}]",,,,,,
audit_0121,images/audit_0121.png,The keyboard is detached from the book.,true,true,"[{""probe"":""blank"",""answer"":""false"",""applicable"":true,""valid"":true},{""probe"":""blur"",""answer"":""true"",""applicable"":true,""valid"":true},{""probe"":""brightness"",""answer"":""true"",""applicable"":true,""valid"":true},{""probe"":""crop"",""answer"":""true"",""applicable"":true,""valid"":true},{""probe"":""grounding"",""answer"":""true"",""applicable"":true,""valid"":true},{""probe"":""noise"",""answer"":""true"",""applicable"":true,""valid"":true}]",,,,,,
audit_0122,images/audit_0122.png,The book is parallel to the bed.,false,true,"[{""probe"":""blank"",""answer"":""false"",""applicable"":true,""valid"":true},{""probe"":""blur"",""answer"":""false"",""applicable"":true,""valid"":true},{""probe"":""brightness"",""answer"":""true"",""applicable"":true,""valid"":true},{""probe"":""crop"",""answer"":""false"",""applicable"":true,""valid"":true},{""probe"":""grounding"",""answer"":""true"",""applicable"":true,""valid"":true},{""probe"":""noise"",""answer"":""false"",""applicable"":true,""valid"":true}]",,,,,,
audit_0123,images/audit_0123.png,The cat is touching the suitcase.,false,false,"[{""probe"":""blank"",""answer"":""false"",""applicable"":true,""valid"":true},{""probe"":""blur"",""answer"":""false"",""applicable"":true,""valid"":true},{""probe"":""brightness"",""answer"":""false"",""applicable"":true,""valid"":true},{""probe"":""crop"",""answer"":""false"",""applicable"":true,""valid"":true},{""probe"":""grounding"",""answer"":""false"",""applicable"":true,""valid"":true},{""probe"":""noise"",""answer"":""false"",""applicable"":true,""valid"":true}]",,,,,,
audit_0124,images/audit_0124.png,What color are the pair of pants that I'm wearing,blue,blue,"[{""probe"":""blank"",""answer"":""grey"",""applicable"":true,""valid"":true},{""probe"":""blur"",""answer"":""blue"",""applicable"":true,""valid"":true},{""probe"":""brightness"",""answer"":""blue"",""applicable"":true,""valid"":true},{""probe"":""crop"",""answer"":""blue"",""applicable"":true,""valid"":true},{""probe"":""grounding"",""answer"":""light blue"",""applicable"":true,""valid"":true},{""probe"":""noise"",""answer"":""blue"",""applicable"":true,""valid"":true}]",,,,,,
audit_0125,images/audit_0125.png,"According to the positive sequence of the images, is there a dog in this video? Answer in one word.",no,yes,"[{""probe"":""blank"",""answer"":""no"",""applicable"":true,""valid"":true},{""probe"":""blur"",""answer"":""yes"",""applicable"":true,""valid"":true},{""probe"":""brightness"",""answer"":""yes"",""applicable"":true,""valid"":true},{""probe"":""crop"",""answer"":""yes"",""applicable"":true,""valid"":true},{""probe"":""grounding"",""answer"":""yes"",""applicable"":true,""valid"":true},{""probe"":""noise"",""answer"":""yes"",""applicable"":true,""valid"":true}]",,,,,,
audit_0126,images/audit_0126.png,Are these two men in the images different height? Yes or No,yes,Yes,"[{""probe"":""blank"",""answer"":""no"",""applicable"":true,""valid"":true},{""probe"":""blur"",""answer"":""yes"",""applicable"":true,""valid"":true},{""probe"":""brightness"",""answer"":""yes"",""applicable"":true,""valid"":true},{""probe"":""crop"",""answer"":""yes"",""applicable"":true,""valid"":true},{""probe"":""grounding"",""answer"":""yes"",""applicable"":true,""valid"":true},{""probe"":""noise"",""answer"":""yes"",""applicable"":true,""valid"":true}]",,,,,,
audit_0127,images/audit_0127.png,Is there a knife in the image?,yes,yes,"[{""probe"":""blank"",""answer"":""no"",""applicable"":true,""valid"":true},{""probe"":""blur"",""answer"":""no"",""applicable"":true,""valid"":true},{""probe"":""brightness"",""answer"":""no"",""applicable"":true,""valid"":true},{""probe"":""crop"",""answer"":""yes"",""applicable"":true,""valid"":true},{""probe"":""grounding"",""answer"":""yes"",""applicable"":true,""valid"":true},{""probe"":""noise"",""answer"":""no"",""applicable"":true,""valid"":true}]",,,,,,
audit_0128,images/audit_0128.png,Is there a book in the image?,no,no,"[{""probe"":""blank"",""answer"":""no"",""applicable"":true,""valid"":true},{""probe"":""blur"",""answer"":""no"",""applicable"":true,""valid"":true},{""probe"":""brightness"",""answer"":""no"",""applicable"":true,""valid"":true},{""probe"":""crop"",""answer"":""no"",""applicable"":true,""valid"":true},{""probe"":""grounding"",""answer"":""no"",""applicable"":true,""valid"":true},{""probe"":""noise"",""answer"":""no"",""applicable"":true,""valid"":true}]",,,,,,
audit_0129,images/audit_0129.png,The car is behind the cat.,true,true,"[{""probe"":""blank"",""answer"":""false"",""applicable"":true,""valid"":true},{""probe"":""blur"",""answer"":""true"",""applicable"":true,""valid"":true},{""probe"":""brightness"",""answer"":""true"",""applicable"":true,""valid"":true},{""probe"":""crop"",""answer"":""true"",""applicable"":true,""valid"":true},{""probe"":""grounding"",""answer"":""true"",""applicable"":true,""valid"":true},{""probe"":""noise"",""answer"":""true"",""applicable"":true,""valid"":true},{""probe"":""relation"",""answer"":""true"",""applicable"":true,""valid"":true}]",,,,,,
audit_0130,images/audit_0130.png,The cat is on the toilet.,false,true,"[{""probe"":""blank"",""answer"":""false"",""applicable"":true,""valid"":true},{""probe"":""blur"",""answer"":""true"",""applicable"":true,""valid"":true},{""probe"":""brightness"",""answer"":""true"",""applicable"":true,""valid"":true},{""probe"":""crop"",""answer"":""true"",""applicable"":true,""valid"":true},{""probe"":""grounding"",""answer"":""true"",""applicable"":true,""valid"":true},{""probe"":""noise"",""answer"":""true"",""applicable"":true,""valid"":true}]",,,,,,
audit_0131,images/audit_0131.png,The cat is inside the backpack.,false,false,"[{""probe"":""blank"",""answer"":""false"",""applicable"":true,""valid"":true},{""probe"":""blur"",""answer"":""false"",""applicable"":true,""valid"":true},{""probe"":""brightness"",""answer"":""false"",""applicable"":true,""valid"":true},{""probe"":""crop"",""answer"":""false"",""applicable"":true,""valid"":true},{""probe"":""grounding"",""answer"":""false"",""applicable"":true,""valid"":true},{""probe"":""noise"",""answer"":""false"",""applicable"":true,""valid"":true}]",,,,,,
audit_0132,images/audit_0132.png,can you tell what restaurant this is?,no,porterhouse,"[{""probe"":""blank"",""answer"":""no"",""applicable"":true,""valid"":true},{""probe"":""blur"",""answer"":""no"",""applicable"":true,""valid"":true},{""probe"":""brightness"",""answer"":""house favorites"",""applicable"":true,""valid"":true},{""probe"":""crop"",""answer"":""house fayote"",""applicable"":true,""valid"":true},{""probe"":""grounding"",""answer"":""porterhouse"",""applicable"":true,""valid"":true},{""probe"":""noise"",""answer"":""house fayettes"",""applicable"":true,""valid"":true}]",,,,,,
audit_0133,images/audit_0133.png,Is the red line on the left different length as the red line on the right? Yes or No,yes,no,"[{""probe"":""blank"",""answer"":""no"",""applicable"":true,""valid"":true},{""probe"":""blur"",""answer"":""no"",""applicable"":true,""valid"":true},{""probe"":""brightness"",""answer"":""no"",""applicable"":true,""valid"":true},{""probe"":""crop"",""answer"":""no"",""applicable"":true,""valid"":true},{""probe"":""grounding"",""answer"":""no"",""applicable"":true,""valid"":true},{""probe"":""noise"",""answer"":""no"",""applicable"":true,""valid"":true}]",,,,,,
audit_0134,images/audit_0134.png,"According to the positive sequence of the images, Is he running counterclockwise? Answer in one sentence.",yes,yes,"[{""probe"":""blank"",""answer"":""no"",""applicable"":true,""valid"":true},{""probe"":""blur"",""answer"":""yes"",""applicable"":true,""valid"":true},{""probe"":""brightness"",""answer"":""yes"",""applicable"":true,""valid"":true},{""probe"":""crop"",""answer"":""yes"",""applicable"":true,""valid"":true},{""probe"":""grounding"",""answer"":""yes"",""applicable"":true,""valid"":true},{""probe"":""noise"",""answer"":""yes"",""applicable"":true,""valid"":true}]",,,,,,
audit_0135,images/audit_0135.png,Is there an orange in the image?,no,yes,"[{""probe"":""blank"",""answer"":""no"",""applicable"":true,""valid"":true},{""probe"":""blur"",""answer"":""yes"",""applicable"":true,""valid"":true},{""probe"":""brightness"",""answer"":""yes"",""applicable"":true,""valid"":true},{""probe"":""crop"",""answer"":""yes"",""applicable"":true,""valid"":true},{""probe"":""grounding"",""answer"":""yes"",""applicable"":true,""valid"":true},{""probe"":""noise"",""answer"":""yes"",""applicable"":true,""valid"":true}]",,,,,,
audit_0136,images/audit_0136.png,Is there a dining table in the image?,yes,yes,"[{""probe"":""blank"",""answer"":""no"",""applicable"":true,""valid"":true},{""probe"":""blur"",""answer"":""yes"",""applicable"":true,""valid"":true},{""probe"":""brightness"",""answer"":""yes"",""applicable"":true,""valid"":true},{""probe"":""crop"",""answer"":""yes"",""applicable"":true,""valid"":true},{""probe"":""grounding"",""answer"":""yes"",""applicable"":true,""valid"":true},{""probe"":""noise"",""answer"":""yes"",""applicable"":true,""valid"":true}]",,,,,,
audit_0137,images/audit_0137.png,The car is parallel to the parking meter.,true,true,"[{""probe"":""blank"",""answer"":""false"",""applicable"":true,""valid"":true},{""probe"":""blur"",""answer"":""false"",""applicable"":true,""valid"":true},{""probe"":""brightness"",""answer"":""true"",""applicable"":true,""valid"":true},{""probe"":""crop"",""answer"":""true"",""applicable"":true,""valid"":true},{""probe"":""grounding"",""answer"":""true"",""applicable"":true,""valid"":true},{""probe"":""noise"",""answer"":""true"",""applicable"":true,""valid"":true}]",,,,,,
audit_0138,images/audit_0138.png,The car contains the suitcase.,false,false,"[{""probe"":""blank"",""answer"":""false"",""applicable"":true,""valid"":true},{""probe"":""blur"",""answer"":""false"",""applicable"":true,""valid"":true},{""probe"":""brightness"",""answer"":""false"",""applicable"":true,""valid"":true},{""probe"":""crop"",""answer"":""false"",""applicable"":true,""valid"":true},{""probe"":""grounding"",""answer"":""false"",""applicable"":true,""valid"":true},{""probe"":""noise"",""answer"":""false"",""applicable"":true,""valid"":true}]",,,,,,
audit_0139,images/audit_0139.png,The suitcase is next to the cat.,true,true,"[{""probe"":""blank"",""answer"":""false"",""applicable"":true,""valid"":true},{""probe"":""blur"",""answer"":""true"",""applicable"":true,""valid"":true},{""probe"":""brightness"",""answer"":""true"",""applicable"":true,""valid"":true},{""probe"":""crop"",""answer"":""true"",""applicable"":true,""valid"":true},{""probe"":""grounding"",""answer"":""true"",""applicable"":true,""valid"":true},{""probe"":""noise"",""answer"":""true"",""applicable"":true,""valid"":true}]",,,,,,
audit_0140,images/audit_0140.png,what color is this yarn?,unanswerable,blue,"[{""probe"":""blank"",""answer"":""gray"",""applicable"":true,""valid"":true},{""probe"":""blur"",""answer"":""blue"",""applicable"":true,""valid"":true},{""probe"":""brightness"",""answer"":""blue"",""applicable"":true,""valid"":true},{""probe"":""crop"",""answer"":""blue"",""applicable"":true,""valid"":true},{""probe"":""grounding"",""answer"":""blue"",""applicable"":true,""valid"":true},{""probe"":""noise"",""answer"":""blue"",""applicable"":true,""valid"":true}]",,,,,,
audit_0141,images/audit_0141.png,"According to the table, is the number of gold medals of Germany 8 in winter Olympics in 2022?",no,no,"[{""probe"":""blank"",""answer"":""no"",""applicable"":true,""valid"":true},{""probe"":""blur"",""answer"":""no"",""applicable"":true,""valid"":true},{""probe"":""brightness"",""answer"":""no"",""applicable"":true,""valid"":true},{""probe"":""crop"",""answer"":""no"",""applicable"":true,""valid"":true},{""probe"":""grounding"",""answer"":""no"",""applicable"":true,""valid"":true},{""probe"":""noise"",""answer"":""no"",""applicable"":true,""valid"":true}]",,,,,,
audit_0142,images/audit_0142.png,Is there a motorcycle in the image?,no,yes,"[{""probe"":""blank"",""answer"":""no"",""applicable"":true,""valid"":true},{""probe"":""blur"",""answer"":""no"",""applicable"":true,""valid"":true},{""probe"":""brightness"",""answer"":""no"",""applicable"":true,""valid"":true},{""probe"":""crop"",""answer"":""yes"",""applicable"":true,""valid"":true},{""probe"":""grounding"",""answer"":""yes"",""applicable"":true,""valid"":true},{""probe"":""noise"",""answer"":""yes"",""applicable"":true,""valid"":true}]",,,,,,
audit_0143,images/audit_0143.png,Is the green circle on left smaller than the green circle on the right? Yes or No,no,no,"[{""probe"":""blank"",""answer"":""no"",""applicable"":true,""valid"":true},{""probe"":""blur"",""answer"":""no"",""applicable"":true,""valid"":true},{""probe"":""brightness"",""answer"":""no"",""applicable"":true,""valid"":true},{""probe"":""crop"",""answer"":""no"",""applicable"":true,""valid"":true},{""probe"":""grounding"",""answer"":""no"",""applicable"":true,""valid"":true},{""probe"":""noise"",""answer"":""no"",""applicable"":true,""valid"":true}]",,,,,,
audit_0144,images/audit_0144.png,Is there a sandwich in the image?,yes,yes,"[{""probe"":""blank"",""answer"":""no"",""applicable"":true,""valid"":true},{""probe"":""blur"",""answer"":""yes"",""applicable"":true,""valid"":true},{""probe"":""brightness"",""answer"":""yes"",""applicable"":true,""valid"":true},{""probe"":""crop"",""answer"":""yes"",""applicable"":true,""valid"":true},{""probe"":""grounding"",""answer"":""no"",""applicable"":true,""valid"":true},{""probe"":""noise"",""answer"":""yes"",""applicable"":true,""valid"":true}]",,,,,,
audit_0145,images/audit_0145.png,The cat is on the toilet.,false,true,"[{""probe"":""blank"",""answer"":""false"",""applicable"":true,""valid"":true},{""probe"":""blur"",""answer"":""true"",""applicable"":true,""valid"":true},{""probe"":""brightness"",""answer"":""true"",""applicable"":true,""valid"":true},{""probe"":""crop"",""answer"":""true"",""applicable"":true,""valid"":true},{""probe"":""grounding"",""answer"":""true"",""applicable"":true,""valid"":true},{""probe"":""noise"",""answer"":""true"",""applicable"":true,""valid"":true}]",,,,,,
audit_0146,images/audit_0146.png,The cat is in the suitcase.,true,true,"[{""probe"":""blank"",""answer"":""false"",""applicable"":true,""valid"":true},{""probe"":""blur"",""answer"":""true"",""applicable"":true,""valid"":true},{""probe"":""brightness"",""answer"":""true"",""applicable"":true,""valid"":true},{""probe"":""crop"",""answer"":""true"",""applicable"":true,""valid"":true},{""probe"":""grounding"",""answer"":""true"",""applicable"":true,""valid"":true},{""probe"":""noise"",""answer"":""true"",""applicable"":true,""valid"":true}]",,,,,,
audit_0147,images/audit_0147.png,What kind of Tassimo coffee is this? ,french vanilla,French Vanilla,"[{""probe"":""blank"",""answer"":""this is tassimo coffee pod but specific type or flavor cannot be determined from image as it appears to be plain gray placeholder or blank image without any visible branding text or product details"",""applicable"":true,""valid"":true},{""probe"":""blur"",""answer"":""vanilla latte"",""applicable"":true,""valid"":true},{""probe"":""brightness"",""answer"":""french vanilla"",""applicable"":true,""valid"":true},{""probe"":""crop"",""answer"":""french vanilla"",""applicable"":true,""valid"":true},{""probe"":""grounding"",""answer"":""french vanilla"",""applicable"":true,""valid"":true},{""probe"":""noise"",""answer"":""vanilla"",""applicable"":true,""valid"":true}]",,,,,,
audit_0148,images/audit_0148.png,The keyboard is touching the cup.,false,false,"[{""probe"":""blank"",""answer"":""false"",""applicable"":true,""valid"":true},{""probe"":""blur"",""answer"":""false"",""applicable"":true,""valid"":true},{""probe"":""brightness"",""answer"":""false"",""applicable"":true,""valid"":true},{""probe"":""crop"",""answer"":""false"",""applicable"":true,""valid"":true},{""probe"":""grounding"",""answer"":""false"",""applicable"":true,""valid"":true},{""probe"":""noise"",""answer"":""false"",""applicable"":true,""valid"":true}]",,,,,,
audit_0149,images/audit_0149.png,Is the black solid circle on the left larger than the black solid circle on the right?,no,yes,"[{""probe"":""blank"",""answer"":""no"",""applicable"":true,""valid"":true},{""probe"":""blur"",""answer"":""yes"",""applicable"":true,""valid"":true},{""probe"":""brightness"",""answer"":""yes"",""applicable"":true,""valid"":true},{""probe"":""crop"",""answer"":""yes"",""applicable"":true,""valid"":true},{""probe"":""grounding"",""answer"":""no"",""applicable"":true,""valid"":true},{""probe"":""noise"",""answer"":""yes"",""applicable"":true,""valid"":true}]",,,,,,
audit_0150,images/audit_0150.png,Is the green circle on left larger than the green circle on the right? Yes or No,no,yes,"[{""probe"":""blank"",""answer"":""no"",""applicable"":true,""valid"":true},{""probe"":""blur"",""answer"":""yes"",""applicable"":true,""valid"":true},{""probe"":""brightness"",""answer"":""yes"",""applicable"":true,""valid"":true},{""probe"":""crop"",""answer"":""yes"",""applicable"":true,""valid"":true},{""probe"":""grounding"",""answer"":""yes"",""applicable"":true,""valid"":true},{""probe"":""noise"",""answer"":""yes"",""applicable"":true,""valid"":true}]",,,,,,
audit_0151,images/audit_0151.png,Is there a snowboard in the image?,yes,yes,"[{""probe"":""blank"",""answer"":""no"",""applicable"":true,""valid"":true},{""probe"":""blur"",""answer"":""yes"",""applicable"":true,""valid"":true},{""probe"":""brightness"",""answer"":""yes"",""applicable"":true,""valid"":true},{""probe"":""crop"",""answer"":""yes"",""applicable"":true,""valid"":true},{""probe"":""grounding"",""answer"":""yes"",""applicable"":true,""valid"":true},{""probe"":""noise"",""answer"":""yes"",""applicable"":true,""valid"":true}]",,,,,,
audit_0152,images/audit_0152.png,Is there a tennis racket in the image?,yes,yes,"[{""probe"":""blank"",""answer"":""no"",""applicable"":true,""valid"":true},{""probe"":""blur"",""answer"":""yes"",""applicable"":true,""valid"":true},{""probe"":""brightness"",""answer"":""no"",""applicable"":true,""valid"":true},{""probe"":""crop"",""answer"":""yes"",""applicable"":true,""valid"":true},{""probe"":""grounding"",""answer"":""yes"",""applicable"":true,""valid"":true},{""probe"":""noise"",""answer"":""yes"",""applicable"":true,""valid"":true}]",,,,,,
audit_0153,images/audit_0153.png,The parking meter is at the left side of the car.,false,false,"[{""probe"":""blank"",""answer"":""false"",""applicable"":true,""valid"":true},{""probe"":""blur"",""answer"":""false"",""applicable"":true,""valid"":true},{""probe"":""brightness"",""answer"":""false"",""applicable"":true,""valid"":true},{""probe"":""crop"",""answer"":""false"",""applicable"":true,""valid"":true},{""probe"":""grounding"",""answer"":""false"",""applicable"":true,""valid"":true},{""probe"":""noise"",""answer"":""false"",""applicable"":true,""valid"":true},{""probe"":""relation"",""answer"":""true"",""applicable"":true,""valid"":true}]",,,,,,
audit_0154,images/audit_0154.png,The cat is on top of the backpack.,true,true,"[{""probe"":""blank"",""answer"":""false"",""applicable"":true,""valid"":true},{""probe"":""blur"",""answer"":""true"",""applicable"":true,""valid"":true},{""probe"":""brightness"",""answer"":""true"",""applicable"":true,""valid"":true},{""probe"":""crop"",""answer"":""true"",""applicable"":true,""valid"":true},{""probe"":""grounding"",""answer"":""true"",""applicable"":true,""valid"":true},{""probe"":""noise"",""answer"":""true"",""applicable"":true,""valid"":true},{""probe"":""relation"",""answer"":""true"",""applicable"":true,""valid"":true}]",,,,,,
audit_0155,images/audit_0155.png,Is there a spoon in the image?,yes,no,"[{""probe"":""blank"",""answer"":""no"",""applicable"":true,""valid"":true},{""probe"":""blur"",""answer"":""no"",""applicable"":true,""valid"":true},{""probe"":""brightness"",""answer"":""yes"",""applicable"":true,""valid"":true},{""probe"":""crop"",""answer"":""yes"",""applicable"":true,""valid"":true},{""probe"":""grounding"",""answer"":""no"",""applicable"":true,""valid"":true},{""probe"":""noise"",""answer"":""no"",""applicable"":true,""valid"":true}]",,,,,,
audit_0156,images/audit_0156.png,"Hi, do you see a serial number? It should say SN and then WX on this passport. Thank you.",unanswerable,no,"[{""probe"":""blank"",""answer"":""no"",""applicable"":true,""valid"":true},{""probe"":""blur"",""answer"":""no"",""applicable"":true,""valid"":true},{""probe"":""brightness"",""answer"":""no"",""applicable"":true,""valid"":true},{""probe"":""crop"",""answer"":""no"",""applicable"":true,""valid"":true},{""probe"":""grounding"",""answer"":""no"",""applicable"":true,""valid"":true},{""probe"":""noise"",""answer"":""no"",""applicable"":true,""valid"":true}]",,,,,,
audit_0157,images/audit_0157.png,The cat is under the car.,true,true,"[{""probe"":""blank"",""answer"":""false"",""applicable"":true,""valid"":true},{""probe"":""blur"",""answer"":""true"",""applicable"":true,""valid"":true},{""probe"":""brightness"",""answer"":""true"",""applicable"":true,""valid"":true},{""probe"":""crop"",""answer"":""true"",""applicable"":true,""valid"":true},{""probe"":""grounding"",""answer"":""true"",""applicable"":true,""valid"":true},{""probe"":""noise"",""answer"":""true"",""applicable"":true,""valid"":true},{""probe"":""relation"",""answer"":""false"",""applicable"":true,""valid"":true}]",,,,,,
audit_0158,images/audit_0158.png,Are these two men in the images the same height? Yes or No,yes,yes,"[{""probe"":""blank"",""answer"":""no"",""applicable"":true,""valid"":true},{""probe"":""blur"",""answer"":""yes"",""applicable"":true,""valid"":true},{""probe"":""brightness"",""answer"":""no"",""applicable"":true,""valid"":true},{""probe"":""crop"",""answer"":""no"",""applicable"":true,""valid"":true},{""probe"":""grounding"",""answer"":""yes"",""applicable"":true,""valid"":true},{""probe"":""noise"",""answer"":""no"",""applicable"":true,""valid"":true}]",,,,,,
audit_0159,images/audit_0159.png,"According to the chart, does UK have the largest population in the world, followed by China and USA?",yes,no,"[{""probe"":""blank"",""answer"":""no"",""applicable"":true,""valid"":true},{""probe"":""blur"",""answer"":""no"",""applicable"":true,""valid"":true},{""probe"":""brightness"",""answer"":""no"",""applicable"":true,""valid"":true},{""probe"":""crop"",""answer"":""no"",""applicable"":true,""valid"":true},{""probe"":""grounding"",""answer"":""no"",""applicable"":true,""valid"":true},{""probe"":""noise"",""answer"":""no"",""applicable"":true,""valid"":true}]",,,,,,
audit_0160,images/audit_0160.png,Is there a dining table in the image?,yes,yes,"[{""probe"":""blank"",""answer"":""no"",""applicable"":true,""valid"":true},{""probe"":""blur"",""answer"":""yes"",""applicable"":true,""valid"":true},{""probe"":""brightness"",""answer"":""yes"",""applicable"":true,""valid"":true},{""probe"":""crop"",""answer"":""yes"",""applicable"":true,""valid"":true},{""probe"":""grounding"",""answer"":""no"",""applicable"":true,""valid"":true},{""probe"":""noise"",""answer"":""yes"",""applicable"":true,""valid"":true}]",,,,,,
audit_0161,images/audit_0161.png,The cat is surrounding the remote.,false,true,"[{""probe"":""blank"",""answer"":""false"",""applicable"":true,""valid"":true},{""probe"":""blur"",""answer"":""false"",""applicable"":true,""valid"":true},{""probe"":""brightness"",""answer"":""false"",""applicable"":true,""valid"":true},{""probe"":""crop"",""answer"":""true"",""applicable"":true,""valid"":true},{""probe"":""grounding"",""answer"":""false"",""applicable"":true,""valid"":true},{""probe"":""noise"",""answer"":""false"",""applicable"":true,""valid"":true}]",,,,,,
audit_0162,images/audit_0162.png,The cat is on top of the keyboard.,false,true,"[{""probe"":""blank"",""answer"":""false"",""applicable"":true,""valid"":true},{""probe"":""blur"",""answer"":""true"",""applicable"":true,""valid"":true},{""probe"":""brightness"",""answer"":""true"",""applicable"":true,""valid"":true},{""probe"":""crop"",""answer"":""true"",""applicable"":true,""valid"":true},{""probe"":""grounding"",""answer"":""true"",""applicable"":true,""valid"":true},{""probe"":""noise"",""answer"":""true"",""applicable"":true,""valid"":true},{""probe"":""relation"",""answer"":""false"",""applicable"":true,""valid"":true}]",,,,,,
audit_0163,images/audit_0163.png,What color is this band?,gold,Gold.,"[{""probe"":""blank"",""answer"":""gray"",""applicable"":true,""valid"":true},{""probe"":""blur"",""answer"":""gold"",""applicable"":true,""valid"":true},{""probe"":""brightness"",""answer"":""gold"",""applicable"":true,""valid"":true},{""probe"":""crop"",""answer"":""gold"",""applicable"":true,""valid"":true},{""probe"":""grounding"",""answer"":""gold"",""applicable"":true,""valid"":true},{""probe"":""noise"",""answer"":""gold"",""applicable"":true,""valid"":true}]",,,,,,
audit_0164,images/audit_0164.png,what's the name,unanswerable,euphoria,"[{""probe"":""blank"",""answer"":""no name"",""applicable"":true,""valid"":true},{""probe"":""blur"",""answer"":""unanswerable"",""applicable"":true,""valid"":true},{""probe"":""brightness"",""answer"":""euphony"",""applicable"":true,""valid"":true},{""probe"":""crop"",""answer"":""euph"",""applicable"":true,""valid"":true},{""probe"":""grounding"",""answer"":""euphoria"",""applicable"":true,""valid"":true},{""probe"":""noise"",""answer"":""iphone"",""applicable"":true,""valid"":true}]",,,,,,
audit_0165,images/audit_0165.png,The cat is in the suitcase.,false,false,"[{""probe"":""blank"",""answer"":""false"",""applicable"":true,""valid"":true},{""probe"":""blur"",""answer"":""false"",""applicable"":true,""valid"":true},{""probe"":""brightness"",""answer"":""false"",""applicable"":true,""valid"":true},{""probe"":""crop"",""answer"":""false"",""applicable"":true,""valid"":true},{""probe"":""grounding"",""answer"":""false"",""applicable"":true,""valid"":true},{""probe"":""noise"",""answer"":""false"",""applicable"":true,""valid"":true}]",,,,,,
audit_0166,images/audit_0166.png,"According to the table, which country in Europe has the higher GDP in 2021?","Germany had the highest GDP in Europe in 2021,",Germany,"[{""probe"":""blank"",""answer"":""france"",""applicable"":true,""valid"":true},{""probe"":""blur"",""answer"":""germany"",""applicable"":true,""valid"":true},{""probe"":""brightness"",""answer"":""germany"",""applicable"":true,""valid"":true},{""probe"":""crop"",""answer"":""germany"",""applicable"":true,""valid"":true},{""probe"":""grounding"",""answer"":""germany"",""applicable"":true,""valid"":true},{""probe"":""noise"",""answer"":""germany"",""applicable"":true,""valid"":true}]",,,,,,
audit_0167,images/audit_0167.png,Is there a person in the image?,yes,yes,"[{""probe"":""blank"",""answer"":""no"",""applicable"":true,""valid"":true},{""probe"":""blur"",""answer"":""no"",""applicable"":true,""valid"":true},{""probe"":""brightness"",""answer"":""no"",""applicable"":true,""valid"":true},{""probe"":""crop"",""answer"":""no"",""applicable"":true,""valid"":true},{""probe"":""grounding"",""answer"":""yes"",""applicable"":true,""valid"":true},{""probe"":""noise"",""answer"":""no"",""applicable"":true,""valid"":true}]",,,,,,
audit_0168,images/audit_0168.png,"Based on the map, are the Himalayas Mountains located in Asia?",no,yes,"[{""probe"":""blank"",""answer"":""no"",""applicable"":true,""valid"":true},{""probe"":""blur"",""answer"":""yes"",""applicable"":true,""valid"":true},{""probe"":""brightness"",""answer"":""yes"",""applicable"":true,""valid"":true},{""probe"":""crop"",""answer"":""yes"",""applicable"":true,""valid"":true},{""probe"":""grounding"",""answer"":""yes"",""applicable"":true,""valid"":true},{""probe"":""noise"",""answer"":""yes"",""applicable"":true,""valid"":true}]",,,,,,
audit_0169,images/audit_0169.png,Is there a tv in the image?,yes,yes,"[{""probe"":""blank"",""answer"":""no"",""applicable"":true,""valid"":true},{""probe"":""blur"",""answer"":""yes"",""applicable"":true,""valid"":true},{""probe"":""brightness"",""answer"":""yes"",""applicable"":true,""valid"":true},{""probe"":""crop"",""answer"":""yes"",""applicable"":true,""valid"":true},{""probe"":""grounding"",""answer"":""yes"",""applicable"":true,""valid"":true},{""probe"":""noise"",""answer"":""yes"",""applicable"":true,""valid"":true}]",,,,,,
audit_0170,images/audit_0170.png,The cat is within the suitcase.,true,true,"[{""probe"":""blank"",""answer"":""false"",""applicable"":true,""valid"":true},{""probe"":""blur"",""answer"":""false"",""applicable"":true,""valid"":true},{""probe"":""brightness"",""answer"":""true"",""applicable"":true,""valid"":true},{""probe"":""crop"",""answer"":""true"",""applicable"":true,""valid"":true},{""probe"":""grounding"",""answer"":""true"",""applicable"":true,""valid"":true},{""probe"":""noise"",""answer"":""false"",""applicable"":true,""valid"":true}]",,,,,,
audit_0171,images/audit_0171.png,The cat is on the microwave.,false,false,"[{""probe"":""blank"",""answer"":""false"",""applicable"":true,""valid"":true},{""probe"":""blur"",""answer"":""false"",""applicable"":true,""valid"":true},{""probe"":""brightness"",""answer"":""false"",""applicable"":true,""valid"":true},{""probe"":""crop"",""answer"":""false"",""applicable"":true,""valid"":true},{""probe"":""grounding"",""answer"":""false"",""applicable"":true,""valid"":true},{""probe"":""noise"",""answer"":""false"",""applicable"":true,""valid"":true}]",,,,,,
audit_0172,images/audit_0172.png,The cat is on top of the microwave.,false,false,"[{""probe"":""blank"",""answer"":""false"",""applicable"":true,""valid"":true},{""probe"":""blur"",""answer"":""false"",""applicable"":true,""valid"":true},{""probe"":""brightness"",""answer"":""false"",""applicable"":true,""valid"":true},{""probe"":""crop"",""answer"":""false"",""applicable"":true,""valid"":true},{""probe"":""grounding"",""answer"":""false"",""applicable"":true,""valid"":true},{""probe"":""noise"",""answer"":""false"",""applicable"":true,""valid"":true},{""probe"":""relation"",""answer"":""false"",""applicable"":true,""valid"":true}]",,,,,,
audit_0173,images/audit_0173.png,What is this?,oreos,This is a package of Oreo cookies.,"[{""probe"":""blank"",""answer"":""this is solid gray image"",""applicable"":true,""valid"":true},{""probe"":""blur"",""answer"":""image is too blurry to identify clearly"",""applicable"":true,""valid"":true},{""probe"":""brightness"",""answer"":""this is close up somewhat blurry image of package of oreo cookies"",""applicable"":true,""valid"":true},{""probe"":""crop"",""answer"":""this appears to be close up blurry image of reese s peanut butter cup product packaging"",""applicable"":true,""valid"":true},{""probe"":""grounding"",""answer"":""package of oreo cookies"",""applicable"":true,""valid"":true},{""probe"":""noise"",""answer"":""this appears to be close up blurry image of snack or candy wrapper featuring text able stuf and orfo"",""applicable"":true,""valid"":true}]",,,,,,
audit_0174,images/audit_0174.png,What is this?,water,water bottle,"[{""probe"":""blank"",""answer"":""gray background"",""applicable"":true,""valid"":true},{""probe"":""blur"",""answer"":""water bottle"",""applicable"":true,""valid"":true},{""probe"":""brightness"",""answer"":""water bottle"",""applicable"":true,""valid"":true},{""probe"":""crop"",""answer"":""water bottle"",""applicable"":true,""valid"":true},{""probe"":""grounding"",""answer"":""water bottle"",""applicable"":true,""valid"":true},{""probe"":""noise"",""answer"":""water bottle"",""applicable"":true,""valid"":true}]",,,,,,
audit_0175,images/audit_0175.png,Is there a handbag in the image?,yes,yes,"[{""probe"":""blank"",""answer"":""no"",""applicable"":true,""valid"":true},{""probe"":""blur"",""answer"":""yes"",""applicable"":true,""valid"":true},{""probe"":""brightness"",""answer"":""yes"",""applicable"":true,""valid"":true},{""probe"":""crop"",""answer"":""yes"",""applicable"":true,""valid"":true},{""probe"":""grounding"",""answer"":""yes"",""applicable"":true,""valid"":true},{""probe"":""noise"",""answer"":""yes"",""applicable"":true,""valid"":true}]",,,,,,
audit_0176,images/audit_0176.png,"According to the image, in 2020, did China have a larger population aged between 50 and 54 years than those aged between 0 and 4 years?",yes,no,"[{""probe"":""blank"",""answer"":""yes"",""applicable"":true,""valid"":true},{""probe"":""blur"",""answer"":""yes"",""applicable"":true,""valid"":true},{""probe"":""brightness"",""answer"":""no"",""applicable"":true,""valid"":true},{""probe"":""crop"",""answer"":""yes"",""applicable"":true,""valid"":true},{""probe"":""grounding"",""answer"":""no"",""applicable"":true,""valid"":true},{""probe"":""noise"",""answer"":""yes"",""applicable"":true,""valid"":true}]",,,,,,
audit_0177,images/audit_0177.png,Are two circles in the image different color? Yes or No,no,no,"[{""probe"":""blank"",""answer"":""no"",""applicable"":true,""valid"":true},{""probe"":""blur"",""answer"":""no"",""applicable"":true,""valid"":true},{""probe"":""brightness"",""answer"":""no"",""applicable"":true,""valid"":true},{""probe"":""crop"",""answer"":""no"",""applicable"":true,""valid"":true},{""probe"":""grounding"",""answer"":""no"",""applicable"":true,""valid"":true},{""probe"":""noise"",""answer"":""no"",""applicable"":true,""valid"":true}]",,,,,,
audit_0178,images/audit_0178.png,Is there a broccoli in the image?,yes,yes,"[{""probe"":""blank"",""answer"":""no"",""applicable"":true,""valid"":true},{""probe"":""blur"",""answer"":""yes"",""applicable"":true,""valid"":true},{""probe"":""brightness"",""answer"":""yes"",""applicable"":true,""valid"":true},{""probe"":""crop"",""answer"":""yes"",""applicable"":true,""valid"":true},{""probe"":""grounding"",""answer"":""no"",""applicable"":true,""valid"":true},{""probe"":""noise"",""answer"":""yes"",""applicable"":true,""valid"":true}]",,,,,,
audit_0179,images/audit_0179.png,The car is parallel to the parking meter.,true,false,"[{""probe"":""blank"",""answer"":""false"",""applicable"":true,""valid"":true},{""probe"":""blur"",""answer"":""false"",""applicable"":true,""valid"":true},{""probe"":""brightness"",""answer"":""false"",""applicable"":true,""valid"":true},{""probe"":""crop"",""answer"":""false"",""applicable"":true,""valid"":true},{""probe"":""grounding"",""answer"":""true"",""applicable"":true,""valid"":true},{""probe"":""noise"",""answer"":""false"",""applicable"":true,""valid"":true}]",,,,,,
audit_0180,images/audit_0180.png,What denomination of currency is this?,1 dollar,One dollar.,"[{""probe"":""blank"",""answer"":""i cannot determine denomination of currency because there is no image of currency provided input only contains solid gray image and some characters"",""applicable"":true,""valid"":true},{""probe"":""blur"",""answer"":""one dollar"",""applicable"":true,""valid"":true},{""probe"":""brightness"",""answer"":""one dollar"",""applicable"":true,""valid"":true},{""probe"":""crop"",""answer"":""one dollar"",""applicable"":true,""valid"":true},{""probe"":""grounding"",""answer"":""one dollar"",""applicable"":true,""valid"":true},{""probe"":""noise"",""answer"":""one dollar"",""applicable"":true,""valid"":true}]",,,,,,
