state_id,dataset,model_id,subset_size,permutation_count,js_drift,bit_l1_drift,hidden_relative_l2_drift,set_disagreement,action_agreement
state:b58f54f32d6e7c42c239ccf8,vizwiz,Qwen/Qwen3-VL-8B-Instruct,3,6.0,0.0,0.0,0.0,0.0,1.0
state:0f5fad1b9ca64ef041621a6e,vsr,google/gemma-4-E4B-it,3,6.0,0.0,0.0,0.0,0.0,1.0
state:0a705d86edf2995266ecec8a,pope,Qwen/Qwen3-VL-8B-Instruct,2,2.0,0.0,0.0,0.0,0.0,1.0
state:492784582a86dfba75ec4224,pope,google/gemma-4-E4B-it,2,2.0,0.0,0.0,0.0,0.0,1.0
state:0f27e0aa034d9a655e8f95da,pope,Qwen/Qwen3-VL-8B-Instruct,3,6.0,0.0,0.0,0.0,0.0,1.0
state:8e77baddd7a69bcab71c5918,hallusionbench,Qwen/Qwen3-VL-8B-Instruct,4,10.0,0.0,0.0,0.0,0.0,1.0
state:92d77f46e69fab775ebf3cff,hallusionbench,google/gemma-4-E4B-it,3,6.0,0.0,0.0,0.0,0.0,1.0
state:7a554fac3df76b9a7dbdc8d0,pope,google/gemma-4-E4B-it,3,6.0,0.0,0.0,0.0,0.0,1.0
state:79034549a7302e5e68d20203,hallusionbench,google/gemma-4-E4B-it,4,10.0,0.0,0.0,0.0,0.0,1.0
state:fdb2b5cd1c00604eb2ad20c1,vizwiz,Qwen/Qwen3-VL-8B-Instruct,4,10.0,0.0,0.0,0.0,0.0,1.0
state:d9eb56ac11b8e3824901e5da,vizwiz,Qwen/Qwen3-VL-8B-Instruct,2,2.0,0.0,0.0,0.0,0.0,1.0
state:a9d1bdc2e721318590c31e77,pope,google/gemma-4-E4B-it,2,2.0,0.0,0.0,0.0,0.0,1.0
state:da5f99263529966fccff53a7,vizwiz,Qwen/Qwen3-VL-8B-Instruct,4,10.0,0.0,0.0,0.0,0.0,1.0
state:65d097ddb38801fe59c83975,vsr,Qwen/Qwen3-VL-8B-Instruct,4,10.0,0.0,0.0,0.0,0.0,1.0
state:bdb4e6d51685d06e7915a35e,pope,Qwen/Qwen3-VL-8B-Instruct,3,6.0,0.0,0.0,0.0,0.0,1.0
state:02664f666ce1ee78d009df71,vizwiz,google/gemma-4-E4B-it,2,2.0,0.0,0.0,0.0,0.0,1.0
state:0cdd8af92a7b53c45ae87d06,pope,Qwen/Qwen3-VL-8B-Instruct,2,2.0,0.0,0.0,0.0,0.0,1.0
state:d412e68fb41bf7eef95c18d4,vizwiz,Qwen/Qwen3-VL-8B-Instruct,2,2.0,0.0,0.0,0.0,0.0,1.0
state:934f61038f5bf751dbee86d0,pope,google/gemma-4-E4B-it,2,2.0,0.0,0.0,0.0,0.0,1.0
state:7830bac91456c04aa92a2f37,pope,google/gemma-4-E4B-it,4,10.0,0.0,0.0,0.0,0.0,1.0
state:752fff2c37d8f4cc1c016b11,hallusionbench,Qwen/Qwen3-VL-8B-Instruct,4,10.0,0.0,0.0,0.0,0.0,1.0
state:145176efea8a97b14db828b5,hallusionbench,Qwen/Qwen3-VL-8B-Instruct,4,10.0,0.0,0.0,0.0,0.0,1.0
state:0a33152e891734c8bf976f67,vizwiz,google/gemma-4-E4B-it,4,10.0,0.0,0.0,0.0,0.0,1.0
state:644816d2e65c09fd010015b7,pope,google/gemma-4-E4B-it,3,6.0,0.0,0.0,0.0,0.0,1.0
state:03ca18e76c14d5671f0066b9,vizwiz,Qwen/Qwen3-VL-8B-Instruct,4,10.0,0.0,0.0,0.0,0.0,1.0
state:5e9d9d59ddc33e45d769adcd,vizwiz,google/gemma-4-E4B-it,4,10.0,0.0,0.0,0.0,0.0,1.0
state:e26bd6e1c51a515556955078,pope,google/gemma-4-E4B-it,3,6.0,0.0,0.0,0.0,0.0,1.0
state:b6233489927662decc6edb1b,pope,Qwen/Qwen3-VL-8B-Instruct,3,6.0,0.0,0.0,0.0,0.0,1.0
state:43dcc876e3b8e03e84eea24a,vizwiz,Qwen/Qwen3-VL-8B-Instruct,3,6.0,0.0,0.0,0.0,0.0,1.0
state:15a9b7c5a4b6218ed403b98e,pope,Qwen/Qwen3-VL-8B-Instruct,4,10.0,0.0,0.0,0.0,0.0,1.0
state:f8d72bfab2a965f4b2e067b6,vizwiz,google/gemma-4-E4B-it,3,6.0,0.0,0.0,0.0,0.0,1.0
state:41f10ccef8b58216946dbcc5,pope,Qwen/Qwen3-VL-8B-Instruct,2,2.0,0.0,0.0,0.0,0.0,1.0
state:e28ee61684c93b31ee4f6953,vizwiz,google/gemma-4-E4B-it,2,2.0,0.0,0.0,0.0,0.0,1.0
state:5423e39185a5d898e16b2b72,pope,google/gemma-4-E4B-it,4,10.0,0.0,0.0,0.0,0.0,1.0
state:619fa872de4a9b653fa7d9e0,hallusionbench,Qwen/Qwen3-VL-8B-Instruct,4,10.0,0.0,0.0,0.0,0.0,1.0
state:a8d29f13f22d9bdced4dd380,pope,google/gemma-4-E4B-it,2,2.0,0.0,0.0,0.0,0.0,1.0
state:43342427107d516acac528af,vizwiz,google/gemma-4-E4B-it,4,10.0,0.0,0.0,0.0,0.0,1.0
state:49b9f79adde993739bbd4a90,vsr,google/gemma-4-E4B-it,3,6.0,0.0,0.0,0.0,0.0,1.0
state:4badbd8625c6ea6a368771a5,hallusionbench,google/gemma-4-E4B-it,2,2.0,0.0,0.0,0.0,0.0,1.0
state:979f08ad0de960a6bcf4aff0,vizwiz,Qwen/Qwen3-VL-8B-Instruct,2,2.0,0.0,0.0,0.0,0.0,1.0
state:8a5e670f51ebff3a9a013af7,vizwiz,google/gemma-4-E4B-it,2,2.0,0.0,0.0,0.0,0.0,1.0
state:c00750d97832b82d1df50856,pope,Qwen/Qwen3-VL-8B-Instruct,4,10.0,0.0,0.0,0.0,0.0,1.0
state:ec28eafe20e3fe6f3be2b38f,vizwiz,Qwen/Qwen3-VL-8B-Instruct,3,6.0,0.0,0.0,0.0,0.0,1.0
state:6794456f98d76f27360ba87f,pope,google/gemma-4-E4B-it,4,10.0,0.0,0.0,0.0,0.0,1.0
state:a95939fb593d002476925b20,vsr,Qwen/Qwen3-VL-8B-Instruct,4,10.0,0.0,0.0,0.0,0.0,1.0
state:f49befaa350303601f3b74e5,vizwiz,google/gemma-4-E4B-it,2,2.0,0.0,0.0,0.0,0.0,1.0
state:a4ccae55e71d76ec1e7e054d,hallusionbench,google/gemma-4-E4B-it,2,2.0,0.0,0.0,0.0,0.0,1.0
state:14dfc88c56f475c18fda95c4,vizwiz,Qwen/Qwen3-VL-8B-Instruct,4,10.0,0.0,0.0,0.0,0.0,1.0
state:1536cbf2faa67b6d72d2eeec,vizwiz,Qwen/Qwen3-VL-8B-Instruct,4,10.0,0.0,0.0,0.0,0.0,1.0
state:a301e9f675ca27a52d59b6df,vizwiz,google/gemma-4-E4B-it,3,6.0,0.0,0.0,0.0,0.0,1.0
state:b065f492ea70ea113605377c,pope,Qwen/Qwen3-VL-8B-Instruct,3,6.0,0.0,0.0,0.0,0.0,1.0
state:aeb7c59e3ea1ac7da88eee38,vizwiz,Qwen/Qwen3-VL-8B-Instruct,3,6.0,0.0,0.0,0.0,0.0,1.0
state:57c165aac52d85c9b15eb4c7,pope,Qwen/Qwen3-VL-8B-Instruct,2,2.0,0.0,0.0,0.0,0.0,1.0
state:2e5b47eb47d9cb353f5ccf1f,vizwiz,google/gemma-4-E4B-it,3,6.0,0.0,0.0,0.0,0.0,1.0
state:c944ef80df25e944d1904b4a,pope,google/gemma-4-E4B-it,2,2.0,0.0,0.0,0.0,0.0,1.0
state:363b3165ae2a8667cc0ea790,vizwiz,Qwen/Qwen3-VL-8B-Instruct,3,6.0,0.0,0.0,0.0,0.0,1.0
state:cb91ee93d49393c795e535b2,hallusionbench,google/gemma-4-E4B-it,3,6.0,0.0,0.0,0.0,0.0,1.0
state:1f14e508423c7545231f5ac9,vsr,Qwen/Qwen3-VL-8B-Instruct,3,6.0,0.0,0.0,0.0,0.0,1.0
state:bbd28e139ee9630feb049247,pope,Qwen/Qwen3-VL-8B-Instruct,4,10.0,0.0,0.0,0.0,0.0,1.0
state:f7165f5b08a30fa83b567311,pope,Qwen/Qwen3-VL-8B-Instruct,3,6.0,0.0,0.0,0.0,0.0,1.0
state:46bec3d44a783ba9926fac1c,pope,Qwen/Qwen3-VL-8B-Instruct,2,2.0,0.0,0.0,0.0,0.0,1.0
state:4e200a009fcd0a2878001621,pope,Qwen/Qwen3-VL-8B-Instruct,3,6.0,0.0,0.0,0.0,0.0,1.0
state:9ee72a2de96bfd063937dab4,vizwiz,Qwen/Qwen3-VL-8B-Instruct,3,6.0,0.0,0.0,0.0,0.0,1.0
state:5c424ae2afddce431749ded3,vizwiz,google/gemma-4-E4B-it,3,6.0,0.0,0.0,0.0,0.0,1.0
state:6b209b08f9665e5dce0d15a0,hallusionbench,google/gemma-4-E4B-it,2,2.0,0.0,0.0,0.0,0.0,1.0
state:11615b8de9f07e94b29727e6,hallusionbench,Qwen/Qwen3-VL-8B-Instruct,4,10.0,0.0,0.0,0.0,0.0,1.0
state:357c47c249a3c445aedde3e3,pope,google/gemma-4-E4B-it,2,2.0,0.0,0.0,0.0,0.0,1.0
state:66e99a9cd2ac6571af2d1cb4,pope,google/gemma-4-E4B-it,4,10.0,0.0,0.0,0.0,0.0,1.0
state:15c87cbd76dacf581f06a40a,pope,Qwen/Qwen3-VL-8B-Instruct,3,6.0,0.0,0.0,0.0,0.0,1.0
state:f6f2a8d19dd261851799300c,vizwiz,google/gemma-4-E4B-it,3,6.0,0.0,0.0,0.0,0.0,1.0
state:12c0e4cd5ab075afe59b662f,vizwiz,google/gemma-4-E4B-it,4,10.0,0.0,0.0,0.0,0.0,1.0
state:8d40eddd7581c16881abfce0,pope,Qwen/Qwen3-VL-8B-Instruct,4,10.0,0.0,0.0,0.0,0.0,1.0
state:f100293ab6b115d2a03e465e,pope,google/gemma-4-E4B-it,3,6.0,0.0,0.0,0.0,0.0,1.0
state:5dee22f5effa9dc9cb9c1c0a,pope,google/gemma-4-E4B-it,4,10.0,0.0,0.0,0.0,0.0,1.0
state:eeee489f10f2217cef201d48,vizwiz,google/gemma-4-E4B-it,3,6.0,0.0,0.0,0.0,0.0,1.0
state:367a05922c44b4c032f8c4f5,vizwiz,google/gemma-4-E4B-it,3,6.0,0.0,0.0,0.0,0.0,1.0
state:dbcf5cd63d1d5e3b9d67d01c,vizwiz,google/gemma-4-E4B-it,4,10.0,0.0,0.0,0.0,0.0,1.0
state:96e16027dae65bd92a29fb00,hallusionbench,Qwen/Qwen3-VL-8B-Instruct,4,10.0,0.0,0.0,0.0,0.0,1.0
state:e1e9dc1df4632b5495dcfd5a,pope,google/gemma-4-E4B-it,2,2.0,0.0,0.0,0.0,0.0,1.0
state:5251d6b9c8636b14e8bd2267,vizwiz,google/gemma-4-E4B-it,3,6.0,0.0,0.0,0.0,0.0,1.0
state:77d6f62db29ecf392132efeb,pope,google/gemma-4-E4B-it,3,6.0,0.0,0.0,0.0,0.0,1.0
state:980070d1211059f5a1bdc70f,hallusionbench,google/gemma-4-E4B-it,3,6.0,0.0,0.0,0.0,0.0,1.0
state:03ac22a2b4c32bf4d546b3a8,pope,Qwen/Qwen3-VL-8B-Instruct,4,10.0,0.0,0.0,0.0,0.0,1.0
state:88867ef23dfdf41a03b8772c,pope,google/gemma-4-E4B-it,3,6.0,0.0,0.0,0.0,0.0,1.0
state:2666032a36374b35f8ed832e,vizwiz,google/gemma-4-E4B-it,4,10.0,0.0,0.0,0.0,0.0,1.0
state:f8dcb83987623d3170d25047,vizwiz,Qwen/Qwen3-VL-8B-Instruct,3,6.0,0.0,0.0,0.0,0.0,1.0
state:44a39ab232877bd4d94784c6,vizwiz,google/gemma-4-E4B-it,3,6.0,0.0,0.0,0.0,0.0,1.0
state:5541f267d95ba98fff216440,pope,Qwen/Qwen3-VL-8B-Instruct,3,6.0,0.0,0.0,0.0,0.0,1.0
state:a2950114b214623f5dd6ea5c,vizwiz,Qwen/Qwen3-VL-8B-Instruct,4,10.0,0.0,0.0,0.0,0.0,1.0
state:0a7683ba75f14abc0f887e41,pope,Qwen/Qwen3-VL-8B-Instruct,4,10.0,0.0,0.0,0.0,0.0,1.0
state:d7295deaf4bb16328d91f05a,pope,google/gemma-4-E4B-it,2,2.0,0.0,0.0,0.0,0.0,1.0
state:7f1f698ecb11a348ec18d3ee,vizwiz,google/gemma-4-E4B-it,2,2.0,0.0,0.0,0.0,0.0,1.0
state:2371e63676f3d17b9dcc97fc,vizwiz,Qwen/Qwen3-VL-8B-Instruct,4,10.0,0.0,0.0,0.0,0.0,1.0
state:4bc214b67ee174228968a7d0,pope,google/gemma-4-E4B-it,2,2.0,0.0,0.0,0.0,0.0,1.0
state:56aa32e8c2db8c3aa41b8afb,vizwiz,google/gemma-4-E4B-it,3,6.0,0.0,0.0,0.0,0.0,1.0
state:5b4e0405180c46c503945864,pope,google/gemma-4-E4B-it,3,6.0,0.0,0.0,0.0,0.0,1.0
state:eabcd590fe8cf0b08ce6d378,vizwiz,google/gemma-4-E4B-it,2,2.0,0.0,0.0,0.0,0.0,1.0
state:3af799ec0e2f3ee7d2ff6f12,hallusionbench,Qwen/Qwen3-VL-8B-Instruct,2,2.0,0.0,0.0,0.0,0.0,1.0
state:06a25b728a8fd78d74b94e3c,vizwiz,google/gemma-4-E4B-it,4,10.0,0.0,0.0,0.0,0.0,1.0
state:d435cf30863d77142e7822d9,pope,google/gemma-4-E4B-it,3,6.0,0.0,0.0,0.0,0.0,1.0
state:559c305ed94d38201495aa99,vizwiz,google/gemma-4-E4B-it,4,10.0,0.0,0.0,0.0,0.0,1.0
state:0a275b54ba3d1c3230341f6d,pope,Qwen/Qwen3-VL-8B-Instruct,4,10.0,0.0,0.0,0.0,0.0,1.0
state:5f74ac4e31098eaae9e48985,vizwiz,google/gemma-4-E4B-it,4,10.0,0.0,0.0,0.0,0.0,1.0
state:df4a7cc0428e5d0e6a471406,pope,Qwen/Qwen3-VL-8B-Instruct,4,10.0,0.0,0.0,0.0,0.0,1.0
state:ec3811214da0fd2d5463369e,vizwiz,google/gemma-4-E4B-it,2,2.0,0.0,0.0,0.0,0.0,1.0
state:8a5a4cfd4bd0871c4b664152,pope,Qwen/Qwen3-VL-8B-Instruct,4,10.0,0.0,0.0,0.0,0.0,1.0
state:268caa9523ba128d48e2397a,pope,google/gemma-4-E4B-it,4,10.0,0.0,0.0,0.0,0.0,1.0
state:6b87b7e27b61e418c41c43e8,vizwiz,google/gemma-4-E4B-it,4,10.0,0.0,0.0,0.0,0.0,1.0
state:4f3042869bc4658196135030,hallusionbench,Qwen/Qwen3-VL-8B-Instruct,2,2.0,0.0,0.0,0.0,0.0,1.0
state:7fcac8ab45f5bbd1864c960b,pope,Qwen/Qwen3-VL-8B-Instruct,4,10.0,0.0,0.0,0.0,0.0,1.0
state:b34fecab7f0dd0826defe884,hallusionbench,google/gemma-4-E4B-it,2,2.0,0.0,0.0,0.0,0.0,1.0
state:2fdcfbc40d48c9a80354dd7f,pope,Qwen/Qwen3-VL-8B-Instruct,2,2.0,0.0,0.0,0.0,0.0,1.0
state:ad77dd97b2f23a950cbc4aef,pope,Qwen/Qwen3-VL-8B-Instruct,3,6.0,0.0,0.0,0.0,0.0,1.0
state:d5f95c818345cc63b7e756e9,pope,Qwen/Qwen3-VL-8B-Instruct,4,10.0,0.0,0.0,0.0,0.0,1.0
state:9961921d188e2d69b2ae9a9d,pope,google/gemma-4-E4B-it,3,6.0,0.0,0.0,0.0,0.0,1.0
state:246255c90df0dd43e691ba6b,pope,Qwen/Qwen3-VL-8B-Instruct,2,2.0,0.0,0.0,0.0,0.0,1.0
state:782c80ed1f27d7d3a8439123,vizwiz,google/gemma-4-E4B-it,4,10.0,0.0,0.0,0.0,0.0,1.0
state:3a2fc830f930126205156a39,hallusionbench,Qwen/Qwen3-VL-8B-Instruct,2,2.0,0.0,0.0,0.0,0.0,1.0
state:6c9dec3a6d711ae4a0a83b86,pope,google/gemma-4-E4B-it,3,6.0,0.0,0.0,0.0,0.0,1.0
state:fc864014eb5276f8454a308f,vizwiz,Qwen/Qwen3-VL-8B-Instruct,3,6.0,0.0,0.0,0.0,0.0,1.0
state:ffe6969e2d8fa4cce4beb40d,pope,google/gemma-4-E4B-it,3,6.0,0.0,0.0,0.0,0.0,1.0
state:1a905dcbc1355c5bb3bdbc8d,vizwiz,Qwen/Qwen3-VL-8B-Instruct,2,2.0,0.0,0.0,0.0,0.0,1.0
state:b6aa5fbdd2454e83cf1b2d7a,hallusionbench,Qwen/Qwen3-VL-8B-Instruct,3,6.0,0.0,0.0,0.0,0.0,1.0
state:5d0204c2f6d11ec629e65e8f,hallusionbench,google/gemma-4-E4B-it,2,2.0,0.0,0.0,0.0,0.0,1.0
state:a21c7e23a0a29bf088d67eab,hallusionbench,google/gemma-4-E4B-it,4,10.0,0.0,0.0,0.0,0.0,1.0
state:9496aaaca49369683b8eb977,vizwiz,Qwen/Qwen3-VL-8B-Instruct,2,2.0,0.0,0.0,0.0,0.0,1.0
state:a2a55f8be7babf32600fb55e,pope,Qwen/Qwen3-VL-8B-Instruct,2,2.0,0.0,0.0,0.0,0.0,1.0
state:4597b6ce3641b468ad088a03,vizwiz,google/gemma-4-E4B-it,3,6.0,0.0,0.0,0.0,0.0,1.0
state:988ced4cba79414b34899d31,pope,Qwen/Qwen3-VL-8B-Instruct,4,10.0,0.0,0.0,0.0,0.0,1.0
state:24d7f2d4cc6039705a2ae6bf,pope,Qwen/Qwen3-VL-8B-Instruct,3,6.0,0.0,0.0,0.0,0.0,1.0
state:002f6bd5f20aec853cbe3d1c,vizwiz,google/gemma-4-E4B-it,4,10.0,0.0,0.0,0.0,0.0,1.0
state:4975c3b6d1b539fde02336f2,vizwiz,google/gemma-4-E4B-it,3,6.0,0.0,0.0,0.0,0.0,1.0
state:de9c902ccc7a9d81e3fa843f,hallusionbench,google/gemma-4-E4B-it,3,6.0,0.0,0.0,0.0,0.0,1.0
state:b9b3d606aac29791bb2c52dc,pope,Qwen/Qwen3-VL-8B-Instruct,4,10.0,0.0,0.0,0.0,0.0,1.0
state:9d40d1fdd90172aed97f1261,pope,google/gemma-4-E4B-it,3,6.0,0.0,0.0,0.0,0.0,1.0
state:1571566c30e843634d541d75,pope,google/gemma-4-E4B-it,3,6.0,0.0,0.0,0.0,0.0,1.0
state:c649b67c8ff4bec25f95dcb2,vizwiz,google/gemma-4-E4B-it,2,2.0,0.0,0.0,0.0,0.0,1.0
state:07a5db76dea58e1d2220fc85,pope,Qwen/Qwen3-VL-8B-Instruct,3,6.0,0.0,0.0,0.0,0.0,1.0
state:1d82ef2f82332143f4081d59,vsr,Qwen/Qwen3-VL-8B-Instruct,4,10.0,0.0,0.0,0.0,0.0,1.0
state:0bc1f9a46b70fb181424dbdd,pope,google/gemma-4-E4B-it,3,6.0,0.0,0.0,0.0,0.0,1.0
state:a23f202c17addff805f07421,pope,google/gemma-4-E4B-it,4,10.0,0.0,0.0,0.0,0.0,1.0
state:ab3e002b44b0c623af6d82d7,vizwiz,Qwen/Qwen3-VL-8B-Instruct,2,2.0,0.0,0.0,0.0,0.0,1.0
state:7b7812fe458483d1f7801d7c,pope,google/gemma-4-E4B-it,2,2.0,0.0,0.0,0.0,0.0,1.0
state:be02b3daef76821df09370a1,vizwiz,Qwen/Qwen3-VL-8B-Instruct,3,6.0,0.0,0.0,0.0,0.0,1.0
state:e48169f09e3562ac0145c299,pope,google/gemma-4-E4B-it,2,2.0,0.0,0.0,0.0,0.0,1.0
state:da63c100a556509e508d15e8,hallusionbench,google/gemma-4-E4B-it,4,10.0,0.0,0.0,0.0,0.0,1.0
state:7d079a0fef22fe0c462764b8,hallusionbench,Qwen/Qwen3-VL-8B-Instruct,2,2.0,0.0,0.0,0.0,0.0,1.0
state:e4b892777fa48a7f742cee27,vizwiz,Qwen/Qwen3-VL-8B-Instruct,4,10.0,0.0,0.0,0.0,0.0,1.0
state:7ac5f41ca51d654bf7827569,pope,google/gemma-4-E4B-it,2,2.0,0.0,0.0,0.0,0.0,1.0
state:e9a75300ef45c143c3e26c8c,pope,Qwen/Qwen3-VL-8B-Instruct,2,2.0,0.0,0.0,0.0,0.0,1.0
state:d48964341da3208d725824c1,pope,Qwen/Qwen3-VL-8B-Instruct,4,10.0,0.0,0.0,0.0,0.0,1.0
state:1dad030e30dddbf708548fd7,pope,google/gemma-4-E4B-it,2,2.0,0.0,0.0,0.0,0.0,1.0
state:a5162a22ce969176fa0fd7f2,vizwiz,google/gemma-4-E4B-it,2,2.0,0.0,0.0,0.0,0.0,1.0
state:1d06f57d212613c1354d83cd,pope,Qwen/Qwen3-VL-8B-Instruct,2,2.0,0.0,0.0,0.0,0.0,1.0
state:b1c649d5f9a4ba47a512b921,vizwiz,google/gemma-4-E4B-it,4,10.0,0.0,0.0,0.0,0.0,1.0
state:ad630d93ddd79cc4de358e42,vizwiz,google/gemma-4-E4B-it,3,6.0,0.0,0.0,0.0,0.0,1.0
state:ca656291a3543fa93aaf12b8,vizwiz,Qwen/Qwen3-VL-8B-Instruct,2,2.0,0.0,0.0,0.0,0.0,1.0
state:1482ae1ddb364e0a52a62531,pope,google/gemma-4-E4B-it,2,2.0,0.0,0.0,0.0,0.0,1.0
state:254d55aaabd0c15f5779856f,pope,Qwen/Qwen3-VL-8B-Instruct,3,6.0,0.0,0.0,0.0,0.0,1.0
state:6bb87af4c88da64b5d669ebb,vizwiz,google/gemma-4-E4B-it,4,10.0,0.0,0.0,0.0,0.0,1.0
state:ec9bd4ce5539bfef1e799d66,vizwiz,google/gemma-4-E4B-it,2,2.0,0.0,0.0,0.0,0.0,1.0
state:301038666a5ff341691b0cf2,vizwiz,Qwen/Qwen3-VL-8B-Instruct,4,10.0,0.0,0.0,0.0,0.0,1.0
state:105a74916fc360d377e0e54e,pope,Qwen/Qwen3-VL-8B-Instruct,3,6.0,0.0,0.0,0.0,0.0,1.0
state:33d8e775f0505c29b7c4acda,vizwiz,Qwen/Qwen3-VL-8B-Instruct,4,10.0,0.0,0.0,0.0,0.0,1.0
state:b96137f4979a1e9afa78e62b,pope,google/gemma-4-E4B-it,2,2.0,0.0,0.0,0.0,0.0,1.0
state:4fafb6f3d8702a77ad2e86a0,pope,google/gemma-4-E4B-it,4,10.0,0.0,0.0,0.0,0.0,1.0
state:df35fdf5d198e2d88bedb9dc,vizwiz,google/gemma-4-E4B-it,3,6.0,0.0,0.0,0.0,0.0,1.0
state:d9e71da45688a191e0901225,pope,Qwen/Qwen3-VL-8B-Instruct,4,10.0,0.0,0.0,0.0,0.0,1.0
state:7da572b0d7ee1ca079e4cba1,pope,Qwen/Qwen3-VL-8B-Instruct,4,10.0,0.0,0.0,0.0,0.0,1.0
state:e35b470e0af6a61fbcfb776e,pope,Qwen/Qwen3-VL-8B-Instruct,4,10.0,0.0,0.0,0.0,0.0,1.0
state:c4c900384a29980de7930374,pope,Qwen/Qwen3-VL-8B-Instruct,3,6.0,0.0,0.0,0.0,0.0,1.0
state:790c8441399b1de535091560,pope,Qwen/Qwen3-VL-8B-Instruct,2,2.0,0.0,0.0,0.0,0.0,1.0
state:93d4182d96b1ed48af05553c,pope,google/gemma-4-E4B-it,2,2.0,0.0,0.0,0.0,0.0,1.0
state:bd73129feec95718670e5d5a,vizwiz,google/gemma-4-E4B-it,3,6.0,0.0,0.0,0.0,0.0,1.0
state:42e933f5b452a1d55ca29d4c,hallusionbench,google/gemma-4-E4B-it,2,2.0,0.0,0.0,0.0,0.0,1.0
state:4a66b9e27de2d5e508aeed50,pope,Qwen/Qwen3-VL-8B-Instruct,3,6.0,0.0,0.0,0.0,0.0,1.0
state:6800070406e37f2948fc08bc,pope,google/gemma-4-E4B-it,4,10.0,0.0,0.0,0.0,0.0,1.0
state:835d6d4fa736b088d2c8e865,pope,google/gemma-4-E4B-it,2,2.0,0.0,0.0,0.0,0.0,1.0
state:d627bfe8fbbdff954e44788b,pope,Qwen/Qwen3-VL-8B-Instruct,2,2.0,0.0,0.0,0.0,0.0,1.0
state:2900f3b3e8341428b51cf8a9,pope,google/gemma-4-E4B-it,2,2.0,0.0,0.0,0.0,0.0,1.0
state:21cc6d8d90266c687f1a4efe,vizwiz,google/gemma-4-E4B-it,2,2.0,0.0,0.0,0.0,0.0,1.0
state:73ddb11a8142e43a0d92ae55,pope,google/gemma-4-E4B-it,4,10.0,0.0,0.0,0.0,0.0,1.0
state:5ac57f29fdeb3f4ebb0ab0bd,vizwiz,Qwen/Qwen3-VL-8B-Instruct,2,2.0,0.0,0.0,0.0,0.0,1.0
state:27f6c6de10a1c2124af1acc4,pope,google/gemma-4-E4B-it,3,6.0,0.0,0.0,0.0,0.0,1.0
state:f6207f6b11693af423987a35,pope,Qwen/Qwen3-VL-8B-Instruct,3,6.0,0.0,0.0,0.0,0.0,1.0
state:8550c677be7f0a38b3a0ebde,pope,Qwen/Qwen3-VL-8B-Instruct,4,10.0,0.0,0.0,0.0,0.0,1.0
state:e3aceeadafc781e3a68c577e,vizwiz,Qwen/Qwen3-VL-8B-Instruct,4,10.0,0.0,0.0,0.0,0.0,1.0
state:fabfae7ee3d08ef005ed1aa8,pope,google/gemma-4-E4B-it,3,6.0,0.0,0.0,0.0,0.0,1.0
state:f01c7b734377d5bbf8aac28d,pope,Qwen/Qwen3-VL-8B-Instruct,2,2.0,0.0,0.0,0.0,0.0,1.0
state:88edfee48cfb2fb0cb9e571f,pope,Qwen/Qwen3-VL-8B-Instruct,2,2.0,0.0,0.0,0.0,0.0,1.0
state:d5d32756592dee0a418e0b9c,vizwiz,Qwen/Qwen3-VL-8B-Instruct,3,6.0,0.0,0.0,0.0,0.0,1.0
state:75d2bcb337f82e056bd675da,vizwiz,Qwen/Qwen3-VL-8B-Instruct,4,10.0,0.0,0.0,0.0,0.0,1.0
state:d72ede181c1332e0200b8c7b,pope,google/gemma-4-E4B-it,4,10.0,0.0,0.0,0.0,0.0,1.0
state:0f36d9448753768a86c3dbf5,pope,Qwen/Qwen3-VL-8B-Instruct,3,6.0,0.0,0.0,0.0,0.0,1.0
state:0f633d31c0b6a301d3f95233,pope,Qwen/Qwen3-VL-8B-Instruct,4,10.0,0.0,0.0,0.0,0.0,1.0
state:79dbd17209bf64ab49d2698e,pope,google/gemma-4-E4B-it,4,10.0,0.0,0.0,0.0,0.0,1.0
state:ebf07c4ffb1c78e9b7a1bea1,pope,google/gemma-4-E4B-it,4,10.0,0.0,0.0,0.0,0.0,1.0
state:8678b06a1efd480055ff4e57,vizwiz,Qwen/Qwen3-VL-8B-Instruct,3,6.0,0.0,0.0,0.0,0.0,1.0
state:f5bd634ca028782e0ca85242,pope,google/gemma-4-E4B-it,2,2.0,0.0,0.0,0.0,0.0,1.0
state:82eeeb2ca28137c3d872d574,pope,Qwen/Qwen3-VL-8B-Instruct,4,10.0,0.0,0.0,0.0,0.0,1.0
state:c0cc2bb574398d711c76e290,pope,google/gemma-4-E4B-it,2,2.0,0.0,0.0,0.0,0.0,1.0
state:b1866aacedcfce2db6b18307,hallusionbench,Qwen/Qwen3-VL-8B-Instruct,4,10.0,0.0,0.0,0.0,0.0,1.0
state:6cf15bdf1f4b06e2659d6cd0,hallusionbench,google/gemma-4-E4B-it,2,2.0,0.0,0.0,0.0,0.0,1.0
state:d88d4d26fc1fc47761f9a7d8,pope,Qwen/Qwen3-VL-8B-Instruct,3,6.0,0.0,0.0,0.0,0.0,1.0
state:5563451d98e397fbc8ed914d,vizwiz,Qwen/Qwen3-VL-8B-Instruct,3,6.0,0.0,0.0,0.0,0.0,1.0
state:c4167bf95d4a9a54ffc7f460,pope,google/gemma-4-E4B-it,4,10.0,0.0,0.0,0.0,0.0,1.0
state:188e46f64064e64ecfd94128,vizwiz,google/gemma-4-E4B-it,3,6.0,0.0,0.0,0.0,0.0,1.0
state:31a028cc373abd8fb5914a17,vizwiz,Qwen/Qwen3-VL-8B-Instruct,2,2.0,0.0,0.0,0.0,0.0,1.0
state:3a0c6309130d0f4a7118cc95,hallusionbench,Qwen/Qwen3-VL-8B-Instruct,4,10.0,0.0,0.0,0.0,0.0,1.0
state:4e121fcb508aa632ac1f6f2e,pope,Qwen/Qwen3-VL-8B-Instruct,2,2.0,0.0,0.0,0.0,0.0,1.0
state:3d84e7b7ccfccec89c411ed5,pope,google/gemma-4-E4B-it,3,6.0,0.0,0.0,0.0,0.0,1.0
state:093a798a23930a4251ef8b9a,pope,google/gemma-4-E4B-it,3,6.0,0.0,0.0,0.0,0.0,1.0
state:557bf9ea091958ee3cd2c966,pope,google/gemma-4-E4B-it,2,2.0,0.0,0.0,0.0,0.0,1.0
state:d2af021f4999834b8163f184,vizwiz,Qwen/Qwen3-VL-8B-Instruct,4,10.0,0.0,0.0,0.0,0.0,1.0
state:043f07334f6767382f0e70be,pope,Qwen/Qwen3-VL-8B-Instruct,2,2.0,0.0,0.0,0.0,0.0,1.0
state:86945109e4eb90a867486fe3,vizwiz,Qwen/Qwen3-VL-8B-Instruct,4,10.0,0.0,0.0,0.0,0.0,1.0
state:21429f22c59d1e7e84bca64b,vizwiz,google/gemma-4-E4B-it,3,6.0,0.0,0.0,0.0,0.0,1.0
state:7d16288ebb3b5f9ee544c2e7,hallusionbench,Qwen/Qwen3-VL-8B-Instruct,3,6.0,0.0,0.0,0.0,0.0,1.0
state:4f708445444a2ae7580912c1,pope,google/gemma-4-E4B-it,4,10.0,0.0,0.0,0.0,0.0,1.0
state:5d43311026956bf54dccd222,vizwiz,Qwen/Qwen3-VL-8B-Instruct,3,6.0,0.0,0.0,0.0,0.0,1.0
state:81b270f6d606b6a6838526c3,pope,google/gemma-4-E4B-it,4,10.0,0.0,0.0,0.0,0.0,1.0
state:b84dec37f16b1cc8be74189e,vizwiz,google/gemma-4-E4B-it,3,6.0,0.0,0.0,0.0,0.0,1.0
state:4cbc89f80917a44a89b7a731,vsr,Qwen/Qwen3-VL-8B-Instruct,2,2.0,0.0,0.0,0.0,0.0,1.0
state:b7500f6c867ed486aafb5933,pope,google/gemma-4-E4B-it,4,10.0,0.0,0.0,0.0,0.0,1.0
state:ad8660dbcb882c375e064c44,vsr,google/gemma-4-E4B-it,3,6.0,0.0,0.0,0.0,0.0,1.0
state:180e09f6b6122c36b0915d58,pope,google/gemma-4-E4B-it,4,10.0,0.0,0.0,0.0,0.0,1.0
state:e8fcbed72bc17d5a8287fd67,vizwiz,Qwen/Qwen3-VL-8B-Instruct,4,10.0,0.0,0.0,0.0,0.0,1.0
state:550c4712df738b46e1a05f12,hallusionbench,google/gemma-4-E4B-it,2,2.0,0.0,0.0,0.0,0.0,1.0
state:6355f3cb658558e3e9e64f48,pope,Qwen/Qwen3-VL-8B-Instruct,4,10.0,0.0,0.0,0.0,0.0,1.0
state:8ecdda36fe4daab61ba58e26,hallusionbench,google/gemma-4-E4B-it,4,10.0,0.0,0.0,0.0,0.0,1.0
state:3eb2f74e859403254a064c83,vizwiz,Qwen/Qwen3-VL-8B-Instruct,4,10.0,0.0,0.0,0.0,0.0,1.0
state:06c7dcf5510c030ad8e514ed,pope,Qwen/Qwen3-VL-8B-Instruct,2,2.0,0.0,0.0,0.0,0.0,1.0
state:fd45e3eb50d407f914c4336d,hallusionbench,google/gemma-4-E4B-it,4,10.0,0.0,0.0,0.0,0.0,1.0
state:998925aa9ef31bbcb31b9b6c,vizwiz,Qwen/Qwen3-VL-8B-Instruct,3,6.0,0.0,0.0,0.0,0.0,1.0
state:029ee9119b3a2fcb35604cfc,pope,Qwen/Qwen3-VL-8B-Instruct,3,6.0,0.0,0.0,0.0,0.0,1.0
state:0621f9ac05cdb435b4f95372,pope,google/gemma-4-E4B-it,3,6.0,0.0,0.0,0.0,0.0,1.0
state:cad3ee9ada37ff067ece2c02,pope,Qwen/Qwen3-VL-8B-Instruct,3,6.0,0.0,0.0,0.0,0.0,1.0
state:2e20475868623f1d2c9f7268,vizwiz,google/gemma-4-E4B-it,4,10.0,0.0,0.0,0.0,0.0,1.0
state:cb4598cd740ec045e730f424,hallusionbench,Qwen/Qwen3-VL-8B-Instruct,2,2.0,0.0,0.0,0.0,0.0,1.0
state:2a41b54de3d714c54e490034,vizwiz,google/gemma-4-E4B-it,2,2.0,0.0,0.0,0.0,0.0,1.0
state:275978b2b8a563fef9303494,hallusionbench,Qwen/Qwen3-VL-8B-Instruct,2,2.0,0.0,0.0,0.0,0.0,1.0
state:44f4dd486a51a7c64af22520,pope,google/gemma-4-E4B-it,2,2.0,0.0,0.0,0.0,0.0,1.0
state:152a57e14b57fba8af8e8e43,vizwiz,Qwen/Qwen3-VL-8B-Instruct,3,6.0,0.0,0.0,0.0,0.0,1.0
state:8eed16321c13f92a63ee11fd,pope,Qwen/Qwen3-VL-8B-Instruct,3,6.0,0.0,0.0,0.0,0.0,1.0
state:de69c6216f1d9ecbe8ee8d68,pope,Qwen/Qwen3-VL-8B-Instruct,3,6.0,0.0,0.0,0.0,0.0,1.0
state:72de55d66877f49ee093ab4e,vizwiz,google/gemma-4-E4B-it,4,10.0,0.0,0.0,0.0,0.0,1.0
state:ef8747e38f06546216bf4ae3,pope,google/gemma-4-E4B-it,4,10.0,0.0,0.0,0.0,0.0,1.0
state:41485f7e495b6e3eb7d335eb,vizwiz,google/gemma-4-E4B-it,2,2.0,0.0,0.0,0.0,0.0,1.0
state:c9a8969dfd9ddc1bff29af12,vizwiz,google/gemma-4-E4B-it,3,6.0,0.0,0.0,0.0,0.0,1.0
state:4f04fc07b33ca0b529b661eb,vizwiz,Qwen/Qwen3-VL-8B-Instruct,3,6.0,0.0,0.0,0.0,0.0,1.0
state:4814db6c212a215b51cde0e4,hallusionbench,google/gemma-4-E4B-it,2,2.0,0.0,0.0,0.0,0.0,1.0
state:3083999a59f5f815bf7b3302,pope,Qwen/Qwen3-VL-8B-Instruct,4,10.0,0.0,0.0,0.0,0.0,1.0
state:dfbb994ebf8e7e96aca49907,vizwiz,google/gemma-4-E4B-it,2,2.0,0.0,0.0,0.0,0.0,1.0
state:da92c6e9ef4fc9708a682134,vizwiz,Qwen/Qwen3-VL-8B-Instruct,4,10.0,0.0,0.0,0.0,0.0,1.0
state:9cff9d1df39c757a33ff6c5d,vizwiz,Qwen/Qwen3-VL-8B-Instruct,2,2.0,0.0,0.0,0.0,0.0,1.0
state:07564ae51bdc1a91ecba525f,vizwiz,google/gemma-4-E4B-it,4,10.0,0.0,0.0,0.0,0.0,1.0
state:ab319839817cff4f618c50a3,vizwiz,Qwen/Qwen3-VL-8B-Instruct,4,10.0,0.0,0.0,0.0,0.0,1.0
state:07da28a715959c950fc92185,pope,Qwen/Qwen3-VL-8B-Instruct,3,6.0,0.0,0.0,0.0,0.0,1.0
state:b8b4eb2fd7793f322493fc6f,pope,google/gemma-4-E4B-it,4,10.0,0.0,0.0,0.0,0.0,1.0
state:ba2055c02384ac045a886884,pope,Qwen/Qwen3-VL-8B-Instruct,2,2.0,0.0,0.0,0.0,0.0,1.0
state:023374b2abb9c990bccdd53a,vizwiz,google/gemma-4-E4B-it,3,6.0,0.0,0.0,0.0,0.0,1.0
state:7d1727696c0fda7d86c17f3e,vizwiz,google/gemma-4-E4B-it,2,2.0,0.0,0.0,0.0,0.0,1.0
state:bf9a9b22ce9ff960587797a5,vizwiz,google/gemma-4-E4B-it,4,10.0,0.0,0.0,0.0,0.0,1.0
state:96982e2bdd3f99f2951d3cc9,vizwiz,google/gemma-4-E4B-it,2,2.0,0.0,0.0,0.0,0.0,1.0
state:92f4cb13d758b2c4074a840f,vsr,Qwen/Qwen3-VL-8B-Instruct,4,10.0,0.0,0.0,0.0,0.0,1.0
state:4c4868af3d0600bb616a1e5c,vizwiz,google/gemma-4-E4B-it,4,10.0,0.0,0.0,0.0,0.0,1.0
state:2e4515a66fc2846a50848851,hallusionbench,google/gemma-4-E4B-it,3,6.0,0.0,0.0,0.0,0.0,1.0
state:2300d5a5f5b7d2bad8a82692,vizwiz,google/gemma-4-E4B-it,4,10.0,0.0,0.0,0.0,0.0,1.0
state:97969de3f7564780f264a768,hallusionbench,google/gemma-4-E4B-it,4,10.0,0.0,0.0,0.0,0.0,1.0
state:fe55e0fabaefa0257f67efa2,vizwiz,Qwen/Qwen3-VL-8B-Instruct,4,10.0,0.0,0.0,0.0,0.0,1.0
state:6f50d62ecbf5d3e58bf028c6,pope,Qwen/Qwen3-VL-8B-Instruct,4,10.0,0.0,0.0,0.0,0.0,1.0
state:a3b62660bb1b5dd78052432c,pope,google/gemma-4-E4B-it,4,10.0,0.0,0.0,0.0,0.0,1.0
state:779cb32510f9e3167cde10fe,pope,google/gemma-4-E4B-it,4,10.0,0.0,0.0,0.0,0.0,1.0
state:f7625662a02aed7b1b6aadbe,vizwiz,google/gemma-4-E4B-it,2,2.0,0.0,0.0,0.0,0.0,1.0
state:20e8c2e0206947966da8d3cc,pope,google/gemma-4-E4B-it,4,10.0,0.0,0.0,0.0,0.0,1.0
state:87358a3287e389754cab630c,pope,google/gemma-4-E4B-it,3,6.0,0.0,0.0,0.0,0.0,1.0
state:75a1a42be20ba408759ad0b6,vizwiz,google/gemma-4-E4B-it,4,10.0,0.0,0.0,0.0,0.0,1.0
state:a5bde3b6d4ae713c4e8728aa,pope,google/gemma-4-E4B-it,4,10.0,0.0,0.0,0.0,0.0,1.0
state:f24c67788b5ef90ce1108c24,vizwiz,google/gemma-4-E4B-it,4,10.0,0.0,0.0,0.0,0.0,1.0
state:351d1c6be4f945786b02d278,pope,Qwen/Qwen3-VL-8B-Instruct,3,6.0,0.0,0.0,0.0,0.0,1.0
state:98d99e3bd2c7a2f6fb50a01a,hallusionbench,google/gemma-4-E4B-it,2,2.0,0.0,0.0,0.0,0.0,1.0
state:204bd2fd1f80aeeff2034342,vizwiz,Qwen/Qwen3-VL-8B-Instruct,3,6.0,0.0,0.0,0.0,0.0,1.0
state:68418eb4351915b42ca7768e,vizwiz,Qwen/Qwen3-VL-8B-Instruct,4,10.0,0.0,0.0,0.0,0.0,1.0
state:c0b883d56ac7c7436257a9e3,vizwiz,google/gemma-4-E4B-it,4,10.0,0.0,0.0,0.0,0.0,1.0
state:79f5a32dc74981924e55aa31,vizwiz,Qwen/Qwen3-VL-8B-Instruct,2,2.0,0.0,0.0,0.0,0.0,1.0
state:dcf1d7b9ffe63825ead75cc8,vizwiz,google/gemma-4-E4B-it,2,2.0,0.0,0.0,0.0,0.0,1.0
state:8cefb60928ce3c2615e50f6d,pope,Qwen/Qwen3-VL-8B-Instruct,3,6.0,0.0,0.0,0.0,0.0,1.0
state:c547daa802cf2a0f848e58b4,vizwiz,google/gemma-4-E4B-it,3,6.0,0.0,0.0,0.0,0.0,1.0
state:9739cf4679cb5b7cf8129954,pope,Qwen/Qwen3-VL-8B-Instruct,3,6.0,0.0,0.0,0.0,0.0,1.0
state:ef535d9bbd80f7045dd1179a,vizwiz,google/gemma-4-E4B-it,3,6.0,0.0,0.0,0.0,0.0,1.0
state:b48a9a946d9233af787ab2f5,vizwiz,Qwen/Qwen3-VL-8B-Instruct,4,10.0,0.0,0.0,0.0,0.0,1.0
state:88eee6bb9dc6790367d1b1d8,pope,google/gemma-4-E4B-it,2,2.0,0.0,0.0,0.0,0.0,1.0
state:a539c298e49b724b43e99ba5,pope,Qwen/Qwen3-VL-8B-Instruct,3,6.0,0.0,0.0,0.0,0.0,1.0
state:2fe0ab53f6beedd58f56adb2,hallusionbench,Qwen/Qwen3-VL-8B-Instruct,2,2.0,0.0,0.0,0.0,0.0,1.0
state:234401aa4215257ff8e29b92,vizwiz,Qwen/Qwen3-VL-8B-Instruct,4,10.0,0.0,0.0,0.0,0.0,1.0
state:46e30f34cf09c7e163d5035f,pope,google/gemma-4-E4B-it,3,6.0,0.0,0.0,0.0,0.0,1.0
state:e90df578dffe2dbf359dbb5a,hallusionbench,google/gemma-4-E4B-it,3,6.0,0.0,0.0,0.0,0.0,1.0
state:0632ab0f3dd44738e6566f32,pope,google/gemma-4-E4B-it,4,10.0,0.0,0.0,0.0,0.0,1.0
state:e8e3e9a94204e7bdb66bbc0b,pope,Qwen/Qwen3-VL-8B-Instruct,2,2.0,0.0,0.0,0.0,0.0,1.0
state:bd4b8a450ad799bdaba4d5e7,vizwiz,Qwen/Qwen3-VL-8B-Instruct,3,6.0,0.0,0.0,0.0,0.0,1.0
state:d9ebbde0634f7a989f9cf513,pope,Qwen/Qwen3-VL-8B-Instruct,4,10.0,0.0,0.0,0.0,0.0,1.0
state:78bc8b4a957388f407b464fa,vizwiz,Qwen/Qwen3-VL-8B-Instruct,4,10.0,0.0,0.0,0.0,0.0,1.0
state:6654e4fbcb5b8aa3c54d0694,pope,google/gemma-4-E4B-it,4,10.0,0.0,0.0,0.0,0.0,1.0
state:024b8684c248922dd5091a8e,hallusionbench,Qwen/Qwen3-VL-8B-Instruct,2,2.0,0.0,0.0,0.0,0.0,1.0
state:15390e2b63c865b479ab74f0,vizwiz,google/gemma-4-E4B-it,3,6.0,0.0,0.0,0.0,0.0,1.0
state:f557445cb63852fd96826e09,vizwiz,Qwen/Qwen3-VL-8B-Instruct,2,2.0,0.0,0.0,0.0,0.0,1.0
state:8216a42fc95b67c79f206707,pope,Qwen/Qwen3-VL-8B-Instruct,4,10.0,0.0,0.0,0.0,0.0,1.0
state:6c2064a63f1f89e30da7c68e,hallusionbench,Qwen/Qwen3-VL-8B-Instruct,2,2.0,0.0,0.0,0.0,0.0,1.0
state:9bd9865dab8d71fd0bee5b06,pope,google/gemma-4-E4B-it,4,10.0,0.0,0.0,0.0,0.0,1.0
state:925399352612945a5db41e36,pope,google/gemma-4-E4B-it,3,6.0,0.0,0.0,0.0,0.0,1.0
state:0d899fab89c09f61b482e751,vizwiz,google/gemma-4-E4B-it,4,10.0,0.0,0.0,0.0,0.0,1.0
state:66b0ba22d0ba5661090ec7fb,vizwiz,google/gemma-4-E4B-it,4,10.0,0.0,0.0,0.0,0.0,1.0
state:984ce19f99948ee1beaae733,pope,Qwen/Qwen3-VL-8B-Instruct,4,10.0,0.0,0.0,0.0,0.0,1.0
state:ea74543c2b976623b17e37b8,pope,google/gemma-4-E4B-it,4,10.0,0.0,0.0,0.0,0.0,1.0
state:d40155340969b8d9b5314496,vizwiz,Qwen/Qwen3-VL-8B-Instruct,2,2.0,0.0,0.0,0.0,0.0,1.0
state:381fc397b0bd6c6aa095c62d,pope,Qwen/Qwen3-VL-8B-Instruct,4,10.0,0.0,0.0,0.0,0.0,1.0
state:1b4259119a0c8fb160db2ec2,vizwiz,Qwen/Qwen3-VL-8B-Instruct,3,6.0,0.0,0.0,0.0,0.0,1.0
state:90c710b88b3488b2c77d3daf,vizwiz,Qwen/Qwen3-VL-8B-Instruct,2,2.0,0.0,0.0,0.0,0.0,1.0
state:5b9645ecc7d15b8911da5fa3,vizwiz,google/gemma-4-E4B-it,4,10.0,0.0,0.0,0.0,0.0,1.0
state:573f9db166518f48fb95d269,pope,google/gemma-4-E4B-it,4,10.0,0.0,0.0,0.0,0.0,1.0
state:0a8bf259ab235f714c0e1172,vizwiz,google/gemma-4-E4B-it,3,6.0,0.0,0.0,0.0,0.0,1.0
state:3cce65f5915b8758d8500b92,hallusionbench,Qwen/Qwen3-VL-8B-Instruct,3,6.0,0.0,0.0,0.0,0.0,1.0
state:966084b94508cf644a206b70,vizwiz,google/gemma-4-E4B-it,2,2.0,0.0,0.0,0.0,0.0,1.0
state:99f346fabb1dffc3dcdac03e,pope,Qwen/Qwen3-VL-8B-Instruct,2,2.0,0.0,0.0,0.0,0.0,1.0
state:b71d6550d80d02c3913cf9a0,vizwiz,google/gemma-4-E4B-it,2,2.0,0.0,0.0,0.0,0.0,1.0
state:42f3486b6ed08b8ea31f5d04,vizwiz,google/gemma-4-E4B-it,2,2.0,0.0,0.0,0.0,0.0,1.0
state:c9cb17bc24b3d048cbe4e98c,vizwiz,Qwen/Qwen3-VL-8B-Instruct,3,6.0,0.0,0.0,0.0,0.0,1.0
state:6a3ab37ae8486a26fc4f536b,vizwiz,Qwen/Qwen3-VL-8B-Instruct,4,10.0,0.0,0.0,0.0,0.0,1.0
state:0f70fccea50a27dc9001d6a0,vizwiz,Qwen/Qwen3-VL-8B-Instruct,3,6.0,0.0,0.0,0.0,0.0,1.0
state:348e3855ebb3a90792133508,pope,google/gemma-4-E4B-it,3,6.0,0.0,0.0,0.0,0.0,1.0
state:162665663a6b0c112a706e72,hallusionbench,google/gemma-4-E4B-it,4,10.0,0.0,0.0,0.0,0.0,1.0
state:84abe6cad57d3ebb2b0e3d2e,vizwiz,Qwen/Qwen3-VL-8B-Instruct,2,2.0,0.0,0.0,0.0,0.0,1.0
state:5152ff1e14eedcb1f85d36db,pope,Qwen/Qwen3-VL-8B-Instruct,3,6.0,0.0,0.0,0.0,0.0,1.0
state:118bd7960e17eaed9e7d82e5,pope,Qwen/Qwen3-VL-8B-Instruct,3,6.0,0.0,0.0,0.0,0.0,1.0
state:0d5763cb123e18530cc12cc4,vizwiz,google/gemma-4-E4B-it,4,10.0,0.0,0.0,0.0,0.0,1.0
state:e0e1454b0e9469744872231c,vizwiz,Qwen/Qwen3-VL-8B-Instruct,4,10.0,0.0,0.0,0.0,0.0,1.0
state:e7d07305935784ad00cf934d,pope,google/gemma-4-E4B-it,3,6.0,0.0,0.0,0.0,0.0,1.0
state:f2ddd75c110f9cf2adb9fc52,pope,Qwen/Qwen3-VL-8B-Instruct,4,10.0,0.0,0.0,0.0,0.0,1.0
state:be6ff5dbd8196bb9759de37d,pope,Qwen/Qwen3-VL-8B-Instruct,4,10.0,0.0,0.0,0.0,0.0,1.0
state:2261c5613bbb0595fc389791,vizwiz,google/gemma-4-E4B-it,2,2.0,0.0,0.0,0.0,0.0,1.0
state:f361c60c92fb6fbefaf0f039,pope,google/gemma-4-E4B-it,3,6.0,0.0,0.0,0.0,0.0,1.0
state:4afe29fb1f17c9f7a5a03aa7,vizwiz,google/gemma-4-E4B-it,2,2.0,0.0,0.0,0.0,0.0,1.0
state:514193a48ba04f6ab776102c,pope,Qwen/Qwen3-VL-8B-Instruct,2,2.0,0.0,0.0,0.0,0.0,1.0
state:5962e727314ab2a24aeaea4e,vizwiz,Qwen/Qwen3-VL-8B-Instruct,4,10.0,0.0,0.0,0.0,0.0,1.0
state:12ffbb535651060306b59084,hallusionbench,google/gemma-4-E4B-it,2,2.0,0.0,0.0,0.0,0.0,1.0
state:86965a6e807e8ef97fc95a95,pope,google/gemma-4-E4B-it,4,10.0,0.0,0.0,0.0,0.0,1.0
state:7423d137335078b038bcc3c7,vizwiz,Qwen/Qwen3-VL-8B-Instruct,2,2.0,0.0,0.0,0.0,0.0,1.0
state:759ec59c2f33973bdc3b669d,vizwiz,Qwen/Qwen3-VL-8B-Instruct,4,10.0,0.0,0.0,0.0,0.0,1.0
state:155df78a7e8518cd5fb89d82,hallusionbench,Qwen/Qwen3-VL-8B-Instruct,3,6.0,0.0,0.0,0.0,0.0,1.0
state:4fa2c716afb9413904379778,hallusionbench,google/gemma-4-E4B-it,2,2.0,0.0,0.0,0.0,0.0,1.0
state:a712740cbab2b462ce7dc3c4,vsr,Qwen/Qwen3-VL-8B-Instruct,3,6.0,0.0,0.0,0.0,0.0,1.0
state:b0f776e3adfedd8668aaac4c,pope,google/gemma-4-E4B-it,3,6.0,0.0,0.0,0.0,0.0,1.0
state:84ff113c763f975c1e8a137c,vizwiz,google/gemma-4-E4B-it,2,2.0,0.0,0.0,0.0,0.0,1.0
state:e8183a11d652f82dc01edd44,hallusionbench,google/gemma-4-E4B-it,3,6.0,0.0,0.0,0.0,0.0,1.0
state:255e6a4d5738bc2eb0c1add4,vizwiz,google/gemma-4-E4B-it,3,6.0,0.0,0.0,0.0,0.0,1.0
state:470ac70c7720a4452d87db58,hallusionbench,google/gemma-4-E4B-it,4,10.0,0.0,0.0,0.0,0.0,1.0
state:3a970dd152b053e1cb6878ba,pope,google/gemma-4-E4B-it,4,10.0,0.0,0.0,0.0,0.0,1.0
state:b53b5e00eb2564b22c7d7b34,vizwiz,Qwen/Qwen3-VL-8B-Instruct,4,10.0,0.0,0.0,0.0,0.0,1.0
state:553390fe01f03e85fce602df,vizwiz,google/gemma-4-E4B-it,3,6.0,0.0,0.0,0.0,0.0,1.0
state:c139c460f059801412c16e89,pope,Qwen/Qwen3-VL-8B-Instruct,4,10.0,0.0,0.0,0.0,0.0,1.0
state:0e598657180c424dc8849888,pope,google/gemma-4-E4B-it,2,2.0,0.0,0.0,0.0,0.0,1.0
state:662c8cac689b7c0b0e9e617e,pope,Qwen/Qwen3-VL-8B-Instruct,2,2.0,0.0,0.0,0.0,0.0,1.0
state:86c6587c207fc8c8d5f67f3d,vizwiz,google/gemma-4-E4B-it,3,6.0,0.0,0.0,0.0,0.0,1.0
state:75c6cc3453679cc84b189704,vizwiz,google/gemma-4-E4B-it,4,10.0,0.0,0.0,0.0,0.0,1.0
state:9dc9d7f1419291237b9dedfd,hallusionbench,Qwen/Qwen3-VL-8B-Instruct,4,10.0,0.0,0.0,0.0,0.0,1.0
state:2c315cd9b10be51efbc053e9,vizwiz,google/gemma-4-E4B-it,4,10.0,0.0,0.0,0.0,0.0,1.0
state:d1973b1c2954b6aee0d3fa3d,hallusionbench,google/gemma-4-E4B-it,3,6.0,0.0,0.0,0.0,0.0,1.0
state:514c595b3ebc7e28bf15c227,vsr,google/gemma-4-E4B-it,2,2.0,0.0,0.0,0.0,0.0,1.0
state:38f2872156204c7a0b3abf52,vizwiz,Qwen/Qwen3-VL-8B-Instruct,4,10.0,0.0,0.0,0.0,0.0,1.0
state:b6496cdaf432100e663d7ef5,pope,google/gemma-4-E4B-it,4,10.0,0.0,0.0,0.0,0.0,1.0
state:81df75354237bd9e422bc88b,vizwiz,google/gemma-4-E4B-it,3,6.0,0.0,0.0,0.0,0.0,1.0
state:c0c07b9fd6eb548c0d863385,pope,google/gemma-4-E4B-it,2,2.0,0.0,0.0,0.0,0.0,1.0
state:90f84acb011f21a98f58cba0,hallusionbench,Qwen/Qwen3-VL-8B-Instruct,3,6.0,0.0,0.0,0.0,0.0,1.0
state:1330d4911c6456885b3e4217,pope,google/gemma-4-E4B-it,3,6.0,0.0,0.0,0.0,0.0,1.0
state:2a2df82a669cf46e79955e8f,vizwiz,google/gemma-4-E4B-it,3,6.0,0.0,0.0,0.0,0.0,1.0
state:c7ae3745d37d7de18af3afd8,pope,google/gemma-4-E4B-it,3,6.0,0.0,0.0,0.0,0.0,1.0
state:1053b499065f75f94d10bbcf,pope,google/gemma-4-E4B-it,3,6.0,0.0,0.0,0.0,0.0,1.0
state:26815a8c9848d3d3e64b8a73,pope,Qwen/Qwen3-VL-8B-Instruct,3,6.0,0.0,0.0,0.0,0.0,1.0
state:234e29a33456a1eba34eced2,hallusionbench,google/gemma-4-E4B-it,3,6.0,0.0,0.0,0.0,0.0,1.0
state:ceac9dc98871efaf50e0e157,vizwiz,Qwen/Qwen3-VL-8B-Instruct,2,2.0,0.0,0.0,0.0,0.0,1.0
state:afb8a0d68a67e68880a4140d,pope,google/gemma-4-E4B-it,4,10.0,0.0,0.0,0.0,0.0,1.0
state:bfbd1c932749905bc0b1a544,vizwiz,google/gemma-4-E4B-it,4,10.0,0.0,0.0,0.0,0.0,1.0
state:6290e7597414122820557f08,vizwiz,Qwen/Qwen3-VL-8B-Instruct,3,6.0,0.0,0.0,0.0,0.0,1.0
state:4bf63e1a32db7a3641b49bcd,pope,google/gemma-4-E4B-it,3,6.0,0.0,0.0,0.0,0.0,1.0
state:4531ae0d9bbf383cfef967b2,hallusionbench,google/gemma-4-E4B-it,2,2.0,0.0,0.0,0.0,0.0,1.0
state:bb38b959909b57210caeb6f1,vizwiz,Qwen/Qwen3-VL-8B-Instruct,4,10.0,0.0,0.0,0.0,0.0,1.0
state:4a2e2e877ac28a6559fdcbe6,vizwiz,Qwen/Qwen3-VL-8B-Instruct,3,6.0,0.0,0.0,0.0,0.0,1.0
state:e9607993a8e86cf12dccd704,pope,Qwen/Qwen3-VL-8B-Instruct,2,2.0,0.0,0.0,0.0,0.0,1.0
state:90284c6acfa18a5ea0d6e0f0,hallusionbench,Qwen/Qwen3-VL-8B-Instruct,3,6.0,0.0,0.0,0.0,0.0,1.0
state:ad3fa020d5967ba61941a9fc,vsr,google/gemma-4-E4B-it,2,2.0,0.0,0.0,0.0,0.0,1.0
state:68d592e5bb5af7ec10120714,hallusionbench,google/gemma-4-E4B-it,3,6.0,0.0,0.0,0.0,0.0,1.0
state:0645eb64ffbddedaad7725e4,pope,Qwen/Qwen3-VL-8B-Instruct,4,10.0,0.0,0.0,0.0,0.0,1.0
state:07245ec0f34de4a84859f795,pope,Qwen/Qwen3-VL-8B-Instruct,4,10.0,0.0,0.0,0.0,0.0,1.0
state:11f70c278a2742b3f4e39dd7,pope,Qwen/Qwen3-VL-8B-Instruct,2,2.0,0.0,0.0,0.0,0.0,1.0
state:7ccee8cbf996209479d0003f,hallusionbench,google/gemma-4-E4B-it,3,6.0,0.0,0.0,0.0,0.0,1.0
state:e5a9c4c69a02528f908b6634,vizwiz,Qwen/Qwen3-VL-8B-Instruct,4,10.0,0.0,0.0,0.0,0.0,1.0
state:19723bf625099d3c6fa77537,vizwiz,Qwen/Qwen3-VL-8B-Instruct,2,2.0,0.0,0.0,0.0,0.0,1.0
state:236169d130ad0ee08e15700e,vizwiz,google/gemma-4-E4B-it,3,6.0,0.0,0.0,0.0,0.0,1.0
state:2a18c85eef6ee7d46c7caa6d,pope,Qwen/Qwen3-VL-8B-Instruct,4,10.0,0.0,0.0,0.0,0.0,1.0
state:a6b7d47c0b412cf2460eefee,vizwiz,Qwen/Qwen3-VL-8B-Instruct,4,10.0,0.0,0.0,0.0,0.0,1.0
state:347d9f18f033aa95a2645092,pope,Qwen/Qwen3-VL-8B-Instruct,4,10.0,0.0,0.0,0.0,0.0,1.0
state:6d3acd8d9b328ee84a0b427d,vizwiz,google/gemma-4-E4B-it,2,2.0,0.0,0.0,0.0,0.0,1.0
state:e23be7ea840643f39274d26e,vizwiz,google/gemma-4-E4B-it,4,10.0,0.0,0.0,0.0,0.0,1.0
state:68abac7889d70e12c5447093,vizwiz,Qwen/Qwen3-VL-8B-Instruct,4,10.0,0.0,0.0,0.0,0.0,1.0
state:83f7452a96b71570a5e4efdf,pope,google/gemma-4-E4B-it,4,10.0,0.0,0.0,0.0,0.0,1.0
state:7558618026cf392dedc40a3d,pope,google/gemma-4-E4B-it,2,2.0,0.0,0.0,0.0,0.0,1.0
state:30cb3df3bfac855d0848be51,vizwiz,google/gemma-4-E4B-it,3,6.0,0.0,0.0,0.0,0.0,1.0
state:5e4283311db8c7384e4eb8a3,vizwiz,google/gemma-4-E4B-it,3,6.0,0.0,0.0,0.0,0.0,1.0
state:ffa791fcf389fa1afd749887,pope,google/gemma-4-E4B-it,3,6.0,0.0,0.0,0.0,0.0,1.0
state:00133e4b1e4f1780c65399ac,pope,Qwen/Qwen3-VL-8B-Instruct,3,6.0,0.0,0.0,0.0,0.0,1.0
state:0573f67b18b5ad0b70f28732,vizwiz,Qwen/Qwen3-VL-8B-Instruct,4,10.0,0.0,0.0,0.0,0.0,1.0
state:e0429260ff26e956fe5ab9c7,vizwiz,Qwen/Qwen3-VL-8B-Instruct,4,10.0,0.0,0.0,0.0,0.0,1.0
state:d2d066dd99862d116f4586fa,pope,Qwen/Qwen3-VL-8B-Instruct,4,10.0,0.0,0.0,0.0,0.0,1.0
state:8baa545a4a2253fd4b649a30,vizwiz,Qwen/Qwen3-VL-8B-Instruct,3,6.0,0.0,0.0,0.0,0.0,1.0
state:444c10f86b6e6771380bec92,vizwiz,google/gemma-4-E4B-it,2,2.0,0.0,0.0,0.0,0.0,1.0
state:3847b2a326ee249658ef8488,hallusionbench,Qwen/Qwen3-VL-8B-Instruct,2,2.0,0.0,0.0,0.0,0.0,1.0
state:f093a62dd85d786dc3ad68c9,pope,Qwen/Qwen3-VL-8B-Instruct,3,6.0,0.0,0.0,0.0,0.0,1.0
state:e02612597ca17e6c610da423,hallusionbench,Qwen/Qwen3-VL-8B-Instruct,2,2.0,0.0,0.0,0.0,0.0,1.0
state:c2462eb313ddc4175dbe0983,vsr,google/gemma-4-E4B-it,3,6.0,0.0,0.0,0.0,0.0,1.0
state:4517e9fc770fc7681540d4f5,hallusionbench,google/gemma-4-E4B-it,4,10.0,0.0,0.0,0.0,0.0,1.0
state:c07823baea166f792c00cee6,pope,google/gemma-4-E4B-it,4,10.0,0.0,0.0,0.0,0.0,1.0
state:8255210d8859f1c892af64fe,vizwiz,Qwen/Qwen3-VL-8B-Instruct,3,6.0,0.0,0.0,0.0,0.0,1.0
state:4c63829c5034bb37a510abf6,hallusionbench,Qwen/Qwen3-VL-8B-Instruct,4,10.0,0.0,0.0,0.0,0.0,1.0
state:78102e1168a7b15a02211eec,vizwiz,google/gemma-4-E4B-it,4,10.0,0.0,0.0,0.0,0.0,1.0
state:f0ce19800824a724ccf876bc,pope,Qwen/Qwen3-VL-8B-Instruct,3,6.0,0.0,0.0,0.0,0.0,1.0
state:3a3533b54f6ea41e372ebdaa,pope,google/gemma-4-E4B-it,4,10.0,0.0,0.0,0.0,0.0,1.0
state:62fe7028385f82a840151579,pope,Qwen/Qwen3-VL-8B-Instruct,2,2.0,0.0,0.0,0.0,0.0,1.0
state:30db69ef290c99c13528aa77,pope,Qwen/Qwen3-VL-8B-Instruct,3,6.0,0.0,0.0,0.0,0.0,1.0
state:9601bb53be6d1994b7db53eb,pope,Qwen/Qwen3-VL-8B-Instruct,3,6.0,0.0,0.0,0.0,0.0,1.0
state:db6bc025c349b9a4f6f5ca67,vizwiz,Qwen/Qwen3-VL-8B-Instruct,3,6.0,0.0,0.0,0.0,0.0,1.0
state:2c5d49f003c81b18d17b558c,vizwiz,google/gemma-4-E4B-it,3,6.0,0.0,0.0,0.0,0.0,1.0
state:675edf2624d3f2dfe81cfe18,pope,google/gemma-4-E4B-it,3,6.0,0.0,0.0,0.0,0.0,1.0
state:fe6a27b5f728a7a5afc6a0b1,vizwiz,Qwen/Qwen3-VL-8B-Instruct,3,6.0,0.0,0.0,0.0,0.0,1.0
state:821fb966a84be7238a1f6934,vizwiz,google/gemma-4-E4B-it,4,10.0,0.0,0.0,0.0,0.0,1.0
state:650c2ff39ffcceedd0dfd1ef,vizwiz,google/gemma-4-E4B-it,2,2.0,0.0,0.0,0.0,0.0,1.0
state:f0517eba414dbd3001b77554,pope,google/gemma-4-E4B-it,4,10.0,0.0,0.0,0.0,0.0,1.0
state:b801fb38115a7c829d8717ae,pope,Qwen/Qwen3-VL-8B-Instruct,4,10.0,0.0,0.0,0.0,0.0,1.0
state:a0ec1bb6021b401e034040b9,vsr,google/gemma-4-E4B-it,4,10.0,0.0,0.0,0.0,0.0,1.0
state:508d53992270a0454d146985,vizwiz,google/gemma-4-E4B-it,3,6.0,0.0,0.0,0.0,0.0,1.0
state:7f6f97f3cd3373ee3a864c40,vizwiz,Qwen/Qwen3-VL-8B-Instruct,2,2.0,0.0,0.0,0.0,0.0,1.0
state:993f1d07c29760e413cf1cc6,pope,google/gemma-4-E4B-it,3,6.0,0.0,0.0,0.0,0.0,1.0
state:03066186dee767bd6a63d9fa,vizwiz,google/gemma-4-E4B-it,4,10.0,0.0,0.0,0.0,0.0,1.0
state:ad9c540da6f47aacf26c1930,pope,google/gemma-4-E4B-it,4,10.0,0.0,0.0,0.0,0.0,1.0
state:753dd678c5e098e388eda5e7,vizwiz,Qwen/Qwen3-VL-8B-Instruct,4,10.0,0.0,0.0,0.0,0.0,1.0
state:bc1ec4134cdc28c0fbb8362e,vizwiz,google/gemma-4-E4B-it,4,10.0,0.0,0.0,0.0,0.0,1.0
state:a27557c889d93d87f06944d2,vsr,Qwen/Qwen3-VL-8B-Instruct,2,2.0,0.0,0.0,0.0,0.0,1.0
state:bb079cb5c7cc25f9e444ad33,pope,google/gemma-4-E4B-it,2,2.0,0.0,0.0,0.0,0.0,1.0
state:eacd4b79637051fe150b12c2,hallusionbench,Qwen/Qwen3-VL-8B-Instruct,4,10.0,0.0,0.0,0.0,0.0,1.0
state:a8d8bf60a032ca7355fe2cbc,vizwiz,google/gemma-4-E4B-it,3,6.0,0.0,0.0,0.0,0.0,1.0
state:67cd27a7bcc478db2e019839,vizwiz,Qwen/Qwen3-VL-8B-Instruct,3,6.0,0.0,0.0,0.0,0.0,1.0
state:bd56d34fcb4a48404e4d5009,pope,Qwen/Qwen3-VL-8B-Instruct,3,6.0,0.0,0.0,0.0,0.0,1.0
state:d86f880ec5b93d17c1039ae5,pope,Qwen/Qwen3-VL-8B-Instruct,2,2.0,0.0,0.0,0.0,0.0,1.0
state:b5c7a79fa329dad3e2b10077,pope,Qwen/Qwen3-VL-8B-Instruct,2,2.0,0.0,0.0,0.0,0.0,1.0
state:65f78894776d1d56870b3ec9,vizwiz,google/gemma-4-E4B-it,4,10.0,0.0,0.0,0.0,0.0,1.0
state:ccaeec31200ad8f1f79a09c3,vizwiz,Qwen/Qwen3-VL-8B-Instruct,4,10.0,0.0,0.0,0.0,0.0,1.0
state:8fe089f8e0ad96ce65c8c7ee,pope,google/gemma-4-E4B-it,2,2.0,0.0,0.0,0.0,0.0,1.0
state:8e4436fd47b77827cc71cfbc,pope,Qwen/Qwen3-VL-8B-Instruct,3,6.0,0.0,0.0,0.0,0.0,1.0
state:8b15218f210d9726ac8738e2,vizwiz,google/gemma-4-E4B-it,2,2.0,0.0,0.0,0.0,0.0,1.0
state:8731a875dfc482f2daf2f0a1,pope,google/gemma-4-E4B-it,2,2.0,0.0,0.0,0.0,0.0,1.0
state:7efb509cf59b66c17759b257,pope,Qwen/Qwen3-VL-8B-Instruct,2,2.0,0.0,0.0,0.0,0.0,1.0
state:812ef68e8eddf9ac8d1e882d,pope,google/gemma-4-E4B-it,4,10.0,0.0,0.0,0.0,0.0,1.0
state:6961a104f7afd8791bc4e072,vizwiz,Qwen/Qwen3-VL-8B-Instruct,4,10.0,0.0,0.0,0.0,0.0,1.0
state:14c1aa8e32875ad6be3464aa,vizwiz,Qwen/Qwen3-VL-8B-Instruct,4,10.0,0.0,0.0,0.0,0.0,1.0
state:92d87796cbdbb5ea1beaa808,pope,Qwen/Qwen3-VL-8B-Instruct,3,6.0,0.0,0.0,0.0,0.0,1.0
state:6fd6f3b60c17e1c632e45e62,vizwiz,google/gemma-4-E4B-it,2,2.0,0.0,0.0,0.0,0.0,1.0
state:96b4be818861ab6a4a11e1f6,pope,Qwen/Qwen3-VL-8B-Instruct,4,10.0,0.0,0.0,0.0,0.0,1.0
state:aeb2184fcb354018fef5d7bc,pope,Qwen/Qwen3-VL-8B-Instruct,4,10.0,0.0,0.0,0.0,0.0,1.0
state:243b6407291e0522d8400601,vsr,Qwen/Qwen3-VL-8B-Instruct,4,10.0,0.0,0.0,0.0,0.0,1.0
state:64abce068f7276d035cc3323,pope,google/gemma-4-E4B-it,2,2.0,0.0,0.0,0.0,0.0,1.0
state:a0b8f281124389fe5702f9c6,hallusionbench,google/gemma-4-E4B-it,2,2.0,0.0,0.0,0.0,0.0,1.0
state:bd64a7cd5061fa5f764c38d5,vizwiz,Qwen/Qwen3-VL-8B-Instruct,3,6.0,0.0,0.0,0.0,0.0,1.0
state:c6f6ee569fcf8dc9226d3e0c,vizwiz,Qwen/Qwen3-VL-8B-Instruct,4,10.0,0.0,0.0,0.0,0.0,1.0
state:cac85106f89ef86d8147cd21,vizwiz,google/gemma-4-E4B-it,4,10.0,0.0,0.0,0.0,0.0,1.0
state:57302d5d2cd6de325032c7ad,vizwiz,google/gemma-4-E4B-it,3,6.0,0.0,0.0,0.0,0.0,1.0
state:5355193a6e948f7858caa250,vizwiz,Qwen/Qwen3-VL-8B-Instruct,4,10.0,0.0,0.0,0.0,0.0,1.0
state:4577746ec88a893a8f111558,vizwiz,Qwen/Qwen3-VL-8B-Instruct,2,2.0,0.0,0.0,0.0,0.0,1.0
state:555fe1011f54ba0298029737,pope,Qwen/Qwen3-VL-8B-Instruct,4,10.0,0.0,0.0,0.0,0.0,1.0
state:81881f31e0b570e7cd03ac6d,vizwiz,Qwen/Qwen3-VL-8B-Instruct,4,10.0,0.0,0.0,0.0,0.0,1.0
state:74df5dc1f618307622a7fd30,vizwiz,Qwen/Qwen3-VL-8B-Instruct,2,2.0,0.0,0.0,0.0,0.0,1.0
state:8da7fad469a21a1054ebc368,hallusionbench,google/gemma-4-E4B-it,2,2.0,0.0,0.0,0.0,0.0,1.0
state:e1a09ae13b6d5b309f3848dd,pope,google/gemma-4-E4B-it,4,10.0,0.0,0.0,0.0,0.0,1.0
state:08ad3d9d9ab37c18585ae119,vizwiz,google/gemma-4-E4B-it,2,2.0,0.0,0.0,0.0,0.0,1.0
state:1bbbeb35ca6705a1e78714b0,hallusionbench,Qwen/Qwen3-VL-8B-Instruct,4,10.0,0.0,0.0,0.0,0.0,1.0
state:8f56a2800ab8c123f81ea475,hallusionbench,Qwen/Qwen3-VL-8B-Instruct,3,6.0,0.0,0.0,0.0,0.0,1.0
state:de2c73f1876045995599af7c,vizwiz,google/gemma-4-E4B-it,2,2.0,0.0,0.0,0.0,0.0,1.0
state:aacbf7c8dc8c108135aa4178,hallusionbench,google/gemma-4-E4B-it,4,10.0,0.0,0.0,0.0,0.0,1.0
state:4ddea8edef58e496a533c48d,hallusionbench,google/gemma-4-E4B-it,3,6.0,0.0,0.0,0.0,0.0,1.0
state:455ba2740d8ed0396ed8f82a,pope,google/gemma-4-E4B-it,4,10.0,0.0,0.0,0.0,0.0,1.0
state:16aab24a264d63d1436aa586,vizwiz,google/gemma-4-E4B-it,2,2.0,0.0,0.0,0.0,0.0,1.0
state:8ea7bfd2448db456f0a978f0,vizwiz,google/gemma-4-E4B-it,3,6.0,0.0,0.0,0.0,0.0,1.0
state:73b9f6489d76d7b284284a99,pope,google/gemma-4-E4B-it,4,10.0,0.0,0.0,0.0,0.0,1.0
state:ab034ae52b88c6dcb6409abd,pope,Qwen/Qwen3-VL-8B-Instruct,2,2.0,0.0,0.0,0.0,0.0,1.0
state:0e2b54c1dc6dad0c8882c9c5,pope,Qwen/Qwen3-VL-8B-Instruct,2,2.0,0.0,0.0,0.0,0.0,1.0
state:b483e5ca8e707b60ef62d14d,vizwiz,google/gemma-4-E4B-it,2,2.0,0.0,0.0,0.0,0.0,1.0
state:03a8804639c490a62edff1f5,pope,Qwen/Qwen3-VL-8B-Instruct,2,2.0,0.0,0.0,0.0,0.0,1.0
state:c41d104066ed5bb59a5516bb,vizwiz,Qwen/Qwen3-VL-8B-Instruct,3,6.0,0.0,0.0,0.0,0.0,1.0
state:68f21094024d8cb287eefeac,pope,Qwen/Qwen3-VL-8B-Instruct,3,6.0,0.0,0.0,0.0,0.0,1.0
state:365997dbe3a6f9ac92dc5824,pope,google/gemma-4-E4B-it,3,6.0,0.0,0.0,0.0,0.0,1.0
state:659f8b3d625d6022a9fa18b3,vizwiz,Qwen/Qwen3-VL-8B-Instruct,3,6.0,0.0,0.0,0.0,0.0,1.0
state:d08e8355018cf0d0b140f6a3,vizwiz,google/gemma-4-E4B-it,2,2.0,0.0,0.0,0.0,0.0,1.0
state:089e5e9c5c9452f16aef8561,vizwiz,Qwen/Qwen3-VL-8B-Instruct,2,2.0,0.0,0.0,0.0,0.0,1.0
state:0105728376fa1a12b43d324a,vsr,google/gemma-4-E4B-it,4,10.0,0.0,0.0,0.0,0.0,1.0
state:b0b2f607ffa0116c5d4486ca,vizwiz,google/gemma-4-E4B-it,4,10.0,0.0,0.0,0.0,0.0,1.0
state:1caeace4e9f55774e5e659d5,vizwiz,Qwen/Qwen3-VL-8B-Instruct,2,2.0,0.0,0.0,0.0,0.0,1.0
state:ff68d2bf7337285f279cd040,pope,google/gemma-4-E4B-it,4,10.0,0.0,0.0,0.0,0.0,1.0
state:a77e610a2a679de32a5a402c,vizwiz,Qwen/Qwen3-VL-8B-Instruct,3,6.0,0.0,0.0,0.0,0.0,1.0
state:0224490880ea248b8f1d956c,vizwiz,Qwen/Qwen3-VL-8B-Instruct,3,6.0,0.0,0.0,0.0,0.0,1.0
state:c120bf4bd5cf4fb136afd7bb,vizwiz,google/gemma-4-E4B-it,4,10.0,0.0,0.0,0.0,0.0,1.0
state:931e269edaac4208c604508b,vizwiz,google/gemma-4-E4B-it,2,2.0,0.0,0.0,0.0,0.0,1.0
state:0aeafd1a7c80d30701619fc9,hallusionbench,google/gemma-4-E4B-it,2,2.0,0.0,0.0,0.0,0.0,1.0
state:ac43fdd44285595e7d9a1bf9,pope,google/gemma-4-E4B-it,2,2.0,0.0,0.0,0.0,0.0,1.0
state:994ee09c1c2b7151e3d6beca,vizwiz,Qwen/Qwen3-VL-8B-Instruct,3,6.0,0.0,0.0,0.0,0.0,1.0
state:3871af21f5ff6c4bc5958ed8,vizwiz,Qwen/Qwen3-VL-8B-Instruct,3,6.0,0.0,0.0,0.0,0.0,1.0
state:9740b3757f294245a6ada16f,hallusionbench,Qwen/Qwen3-VL-8B-Instruct,3,6.0,0.0,0.0,0.0,0.0,1.0
state:dc54e73b5ba55eb027c07626,pope,Qwen/Qwen3-VL-8B-Instruct,4,10.0,0.0,0.0,0.0,0.0,1.0
state:38d00c589772955a2b736adf,pope,google/gemma-4-E4B-it,4,10.0,0.0,0.0,0.0,0.0,1.0
state:cfc58a2a6509eb3e5d546fcd,vizwiz,google/gemma-4-E4B-it,2,2.0,0.0,0.0,0.0,0.0,1.0
state:4a9c273df046269d44acbb55,hallusionbench,Qwen/Qwen3-VL-8B-Instruct,2,2.0,0.0,0.0,0.0,0.0,1.0
state:0417c731356c0c26b7f6ee00,vizwiz,Qwen/Qwen3-VL-8B-Instruct,2,2.0,0.0,0.0,0.0,0.0,1.0
state:92fdc76c5e372020519c1b89,pope,google/gemma-4-E4B-it,2,2.0,0.0,0.0,0.0,0.0,1.0
state:98bff1d1a858d48c54c8e7c7,pope,google/gemma-4-E4B-it,3,6.0,0.0,0.0,0.0,0.0,1.0
state:a6f7890909f8de42d883a434,vizwiz,google/gemma-4-E4B-it,3,6.0,0.0,0.0,0.0,0.0,1.0
state:5f1202d56e4526e2b438a879,pope,google/gemma-4-E4B-it,3,6.0,0.0,0.0,0.0,0.0,1.0
state:b95ff403e65d5eea1a8eed5c,vizwiz,google/gemma-4-E4B-it,4,10.0,0.0,0.0,0.0,0.0,1.0
state:8ce95a236fee115fdac9fde1,pope,Qwen/Qwen3-VL-8B-Instruct,3,6.0,0.0,0.0,0.0,0.0,1.0
state:1da07326a15f9d0f6b62eb22,vizwiz,Qwen/Qwen3-VL-8B-Instruct,2,2.0,0.0,0.0,0.0,0.0,1.0
state:dd45d2f57d85452178d45f35,vizwiz,google/gemma-4-E4B-it,3,6.0,0.0,0.0,0.0,0.0,1.0
state:fde207f6d74595f78ed3b3ae,pope,google/gemma-4-E4B-it,3,6.0,0.0,0.0,0.0,0.0,1.0
state:a2348bbcafe65751f6f10203,pope,google/gemma-4-E4B-it,3,6.0,0.0,0.0,0.0,0.0,1.0
state:6c55214089db99061b6ddf29,vizwiz,google/gemma-4-E4B-it,3,6.0,0.0,0.0,0.0,0.0,1.0
state:429ea6d345f1e905d796b1a8,pope,google/gemma-4-E4B-it,4,10.0,0.0,0.0,0.0,0.0,1.0
state:ec743934cbc51d28085a9553,hallusionbench,Qwen/Qwen3-VL-8B-Instruct,4,10.0,0.0,0.0,0.0,0.0,1.0
state:69521ccc90f440f789617b1a,pope,google/gemma-4-E4B-it,3,6.0,0.0,0.0,0.0,0.0,1.0
state:f0f71a33178ab6fc784c6a56,pope,Qwen/Qwen3-VL-8B-Instruct,3,6.0,0.0,0.0,0.0,0.0,1.0
state:ea37644577472ed78a47204d,pope,Qwen/Qwen3-VL-8B-Instruct,3,6.0,0.0,0.0,0.0,0.0,1.0
state:7e8cb983ef9866a7741f64c5,pope,google/gemma-4-E4B-it,3,6.0,0.0,0.0,0.0,0.0,1.0
state:b88edbb77b9b81861855d3af,pope,google/gemma-4-E4B-it,3,6.0,0.0,0.0,0.0,0.0,1.0
state:e5d792cfb1e1028c80147e6d,vizwiz,google/gemma-4-E4B-it,2,2.0,0.0,0.0,0.0,0.0,1.0
state:a3238aff82a3e4beca024062,vizwiz,google/gemma-4-E4B-it,3,6.0,0.0,0.0,0.0,0.0,1.0
state:ee1013ff21fc31b669dd134f,vizwiz,google/gemma-4-E4B-it,4,10.0,0.0,0.0,0.0,0.0,1.0
state:3534dc28a304ccfbeedb42dc,pope,google/gemma-4-E4B-it,3,6.0,0.0,0.0,0.0,0.0,1.0
state:7e4e4effba29ca85bd5a469a,hallusionbench,Qwen/Qwen3-VL-8B-Instruct,4,10.0,0.0,0.0,0.0,0.0,1.0
state:9c10e9ca948b53ebe6c6fc0e,pope,google/gemma-4-E4B-it,3,6.0,0.0,0.0,0.0,0.0,1.0
state:af950b2de5656d274d7f24a7,pope,google/gemma-4-E4B-it,4,10.0,0.0,0.0,0.0,0.0,1.0
state:514b704eb59f8f9ee694bfa1,vizwiz,Qwen/Qwen3-VL-8B-Instruct,2,2.0,0.0,0.0,0.0,0.0,1.0
state:52deb6c085b32901ed3df202,vizwiz,google/gemma-4-E4B-it,3,6.0,0.0,0.0,0.0,0.0,1.0
state:1bce0f0fef3e1711223cb046,vizwiz,Qwen/Qwen3-VL-8B-Instruct,2,2.0,0.0,0.0,0.0,0.0,1.0
state:07e4438ef68e2043faf9e29e,vizwiz,Qwen/Qwen3-VL-8B-Instruct,4,10.0,0.0,0.0,0.0,0.0,1.0
state:cda875c44673f587a634e0dd,vizwiz,google/gemma-4-E4B-it,2,2.0,0.0,0.0,0.0,0.0,1.0
state:33e53e98fd4d09dce5e4d6b9,pope,google/gemma-4-E4B-it,3,6.0,0.0,0.0,0.0,0.0,1.0
state:be59ec9afb24233e3725b144,vizwiz,Qwen/Qwen3-VL-8B-Instruct,2,2.0,0.0,0.0,0.0,0.0,1.0
state:6c60ab02b3f4d8c38bd59b6f,vizwiz,google/gemma-4-E4B-it,2,2.0,0.0,0.0,0.0,0.0,1.0
state:4997adfb8f5feb5b18cead0c,vsr,google/gemma-4-E4B-it,3,6.0,0.0,0.0,0.0,0.0,1.0
state:ac9ac92cd4b43eab8b770b84,pope,Qwen/Qwen3-VL-8B-Instruct,3,6.0,0.0,0.0,0.0,0.0,1.0
state:df3ce52af898d771e446774f,vizwiz,google/gemma-4-E4B-it,2,2.0,0.0,0.0,0.0,0.0,1.0
state:f123f214f5542da4f05707a1,vizwiz,Qwen/Qwen3-VL-8B-Instruct,3,6.0,0.0,0.0,0.0,0.0,1.0
state:916bfe161abb5946dc3c772c,pope,Qwen/Qwen3-VL-8B-Instruct,3,6.0,0.0,0.0,0.0,0.0,1.0
state:4d35120a455862ade01965b2,vizwiz,google/gemma-4-E4B-it,4,10.0,0.0,0.0,0.0,0.0,1.0
state:3f2ee89b02c7d2791ea74fba,vizwiz,google/gemma-4-E4B-it,4,10.0,0.0,0.0,0.0,0.0,1.0
state:b8eb6b59d30e9f092405223a,vizwiz,google/gemma-4-E4B-it,3,6.0,0.0,0.0,0.0,0.0,1.0
state:6a01514bc9a9295986574f4e,hallusionbench,google/gemma-4-E4B-it,3,6.0,0.0,0.0,0.0,0.0,1.0
state:f68966eea740f917469ee706,hallusionbench,Qwen/Qwen3-VL-8B-Instruct,4,10.0,0.0,0.0,0.0,0.0,1.0
state:9904f9f4ef9d44d84a6fe6eb,pope,Qwen/Qwen3-VL-8B-Instruct,2,2.0,0.0,0.0,0.0,0.0,1.0
state:cd4449b9cb4d62bf4cea21d1,pope,Qwen/Qwen3-VL-8B-Instruct,2,2.0,0.0,0.0,0.0,0.0,1.0
state:9771bf707862075b056b296e,vizwiz,Qwen/Qwen3-VL-8B-Instruct,3,6.0,0.0,0.0,0.0,0.0,1.0
state:77a01481b851d22c8f22f7cb,vizwiz,google/gemma-4-E4B-it,3,6.0,0.0,0.0,0.0,0.0,1.0
state:8cb76cdd273beb1fb40edba1,vizwiz,google/gemma-4-E4B-it,4,10.0,0.0,0.0,0.0,0.0,1.0
state:08060b138c0a2e3404468eaa,vizwiz,Qwen/Qwen3-VL-8B-Instruct,3,6.0,0.0,0.0,0.0,0.0,1.0
state:aac02ecc0e7fff6641de7aab,vizwiz,google/gemma-4-E4B-it,4,10.0,0.0,0.0,0.0,0.0,1.0
state:a5b69d57c7ccc6c2bbea5e9e,pope,google/gemma-4-E4B-it,4,10.0,0.0,0.0,0.0,0.0,1.0
state:c151079830b49d0bbe32f92e,pope,google/gemma-4-E4B-it,4,10.0,0.0,0.0,0.0,0.0,1.0
state:5fb101452469dd8c1fb83d8b,hallusionbench,google/gemma-4-E4B-it,2,2.0,0.0,0.0,0.0,0.0,1.0
state:20ae78bffd176d47936206fd,pope,google/gemma-4-E4B-it,2,2.0,0.0,0.0,0.0,0.0,1.0
state:dc988da641f674bb52dddf3a,pope,Qwen/Qwen3-VL-8B-Instruct,2,2.0,0.0,0.0,0.0,0.0,1.0
state:105c625fad4b6cc3fc92b5ac,vizwiz,Qwen/Qwen3-VL-8B-Instruct,3,6.0,0.0,0.0,0.0,0.0,1.0
state:d7624ea12a0aa66b27bd61bc,pope,google/gemma-4-E4B-it,2,2.0,0.0,0.0,0.0,0.0,1.0
state:b297b3915e7bc9a953ea3b10,hallusionbench,google/gemma-4-E4B-it,2,2.0,0.0,0.0,0.0,0.0,1.0
state:124c86accc1271dde9ac53b5,hallusionbench,Qwen/Qwen3-VL-8B-Instruct,3,6.0,0.0,0.0,0.0,0.0,1.0
state:9e9f69429afc958ce57ae914,vizwiz,google/gemma-4-E4B-it,3,6.0,0.0,0.0,0.0,0.0,1.0
state:a62abe29c0de63dbdc75e9c6,pope,google/gemma-4-E4B-it,4,10.0,0.0,0.0,0.0,0.0,1.0
state:0742ea126cbec69caa822ea4,vizwiz,google/gemma-4-E4B-it,2,2.0,0.0,0.0,0.0,0.0,1.0
state:d207e92f9808e86ab00ff3a1,hallusionbench,google/gemma-4-E4B-it,2,2.0,0.0,0.0,0.0,0.0,1.0
state:76f10da0b135b21eae938f29,pope,google/gemma-4-E4B-it,4,10.0,0.0,0.0,0.0,0.0,1.0
state:431ebacd4708199235df272c,pope,google/gemma-4-E4B-it,2,2.0,0.0,0.0,0.0,0.0,1.0
state:8b972432a44aa10229d3d7ff,vizwiz,Qwen/Qwen3-VL-8B-Instruct,4,10.0,0.0,0.0,0.0,0.0,1.0
state:b768241145396053f591fc9f,pope,google/gemma-4-E4B-it,4,10.0,0.0,0.0,0.0,0.0,1.0
state:33e516dd3693af622e6fde82,hallusionbench,google/gemma-4-E4B-it,3,6.0,0.0,0.0,0.0,0.0,1.0
state:b543fa994093d5ce5dc27b3d,pope,google/gemma-4-E4B-it,2,2.0,0.0,0.0,0.0,0.0,1.0
state:39f19a022283035832b724b9,pope,google/gemma-4-E4B-it,2,2.0,0.0,0.0,0.0,0.0,1.0
state:a0a1c394a0d53e4a6db36377,vizwiz,Qwen/Qwen3-VL-8B-Instruct,3,6.0,0.0,0.0,0.0,0.0,1.0
state:6b47d2efb47e9ab2a2e1ffda,vizwiz,Qwen/Qwen3-VL-8B-Instruct,2,2.0,0.0,0.0,0.0,0.0,1.0
state:803761910f4fb4a86480e861,pope,google/gemma-4-E4B-it,4,10.0,0.0,0.0,0.0,0.0,1.0
state:3e6936bf75d5e5a3921773c9,vizwiz,Qwen/Qwen3-VL-8B-Instruct,2,2.0,0.0,0.0,0.0,0.0,1.0
state:1d7a2099b4207d6976ce06f6,pope,google/gemma-4-E4B-it,3,6.0,0.0,0.0,0.0,0.0,1.0
state:6e317f19810da5f20e899968,vizwiz,Qwen/Qwen3-VL-8B-Instruct,4,10.0,0.0,0.0,0.0,0.0,1.0
state:b6918e17db17b9e4b639c2eb,vizwiz,Qwen/Qwen3-VL-8B-Instruct,3,6.0,0.0,0.0,0.0,0.0,1.0
state:f81acb22dfbd4453876a6832,pope,google/gemma-4-E4B-it,4,10.0,0.0,0.0,0.0,0.0,1.0
state:29ed7a92edde6cd2c2f4df79,hallusionbench,google/gemma-4-E4B-it,2,2.0,0.0,0.0,0.0,0.0,1.0
state:062b7ceee6d8373e0281835f,vizwiz,Qwen/Qwen3-VL-8B-Instruct,4,10.0,0.0,0.0,0.0,0.0,1.0
state:1514a1a2c499791535930c84,hallusionbench,Qwen/Qwen3-VL-8B-Instruct,3,6.0,0.0,0.0,0.0,0.0,1.0
state:faff9aed7cb341877a1d4749,pope,google/gemma-4-E4B-it,3,6.0,0.0,0.0,0.0,0.0,1.0
state:33b7dc3eb718b36f6da604d1,vizwiz,google/gemma-4-E4B-it,3,6.0,0.0,0.0,0.0,0.0,1.0
state:05a3ed77299039d72f69f449,vizwiz,Qwen/Qwen3-VL-8B-Instruct,2,2.0,0.0,0.0,0.0,0.0,1.0
state:5c3e935097cf6ac3721c93aa,vizwiz,google/gemma-4-E4B-it,2,2.0,0.0,0.0,0.0,0.0,1.0
state:24e3e33aef0cfcb4a4377441,pope,Qwen/Qwen3-VL-8B-Instruct,2,2.0,0.0,0.0,0.0,0.0,1.0
state:9f2cb5537b51ada2f7cac029,hallusionbench,google/gemma-4-E4B-it,2,2.0,0.0,0.0,0.0,0.0,1.0
state:3e46af2de819684e9c2a06a0,vizwiz,Qwen/Qwen3-VL-8B-Instruct,4,10.0,0.0,0.0,0.0,0.0,1.0
state:7f81c8c195b762be7ae8dfbe,hallusionbench,Qwen/Qwen3-VL-8B-Instruct,4,10.0,0.0,0.0,0.0,0.0,1.0
state:a382703dee066efd5c83f045,vizwiz,google/gemma-4-E4B-it,2,2.0,0.0,0.0,0.0,0.0,1.0
state:383a69bb4f68c3f01f8102f6,pope,google/gemma-4-E4B-it,4,10.0,0.0,0.0,0.0,0.0,1.0
state:6b369c67d14f6eb6d444b50e,vsr,google/gemma-4-E4B-it,2,2.0,0.0,0.0,0.0,0.0,1.0
state:ecf0b228d16a68e97eca12de,pope,Qwen/Qwen3-VL-8B-Instruct,3,6.0,0.0,0.0,0.0,0.0,1.0
state:e689d5b766dd28a529454158,hallusionbench,Qwen/Qwen3-VL-8B-Instruct,2,2.0,0.0,0.0,0.0,0.0,1.0
state:0ff32b2044784336195c91fc,vizwiz,Qwen/Qwen3-VL-8B-Instruct,3,6.0,0.0,0.0,0.0,0.0,1.0
state:c7a23db59cb4c51fb0db5f6c,vizwiz,google/gemma-4-E4B-it,4,10.0,0.0,0.0,0.0,0.0,1.0
state:b06b539c2f2a21795d3dfa02,vizwiz,Qwen/Qwen3-VL-8B-Instruct,4,10.0,0.0,0.0,0.0,0.0,1.0
state:5c9f2ea492e69d23c19384fa,vizwiz,google/gemma-4-E4B-it,3,6.0,0.0,0.0,0.0,0.0,1.0
state:c47f3e56b4712133b778d13b,pope,google/gemma-4-E4B-it,3,6.0,0.0,0.0,0.0,0.0,1.0
state:70c850cabf5f63e0ce3a162d,pope,google/gemma-4-E4B-it,3,6.0,0.0,0.0,0.0,0.0,1.0
state:fe5bac040dfc9c0f28001ce2,vsr,Qwen/Qwen3-VL-8B-Instruct,2,2.0,0.0,0.0,0.0,0.0,1.0
state:ad4f88fdeccc44e40689e8c9,vizwiz,google/gemma-4-E4B-it,3,6.0,0.0,0.0,0.0,0.0,1.0
state:0b9b34c9bc84ce325615fdf3,vizwiz,google/gemma-4-E4B-it,4,10.0,0.0,0.0,0.0,0.0,1.0
state:9fe47fb5b039548b2bbfdb59,pope,google/gemma-4-E4B-it,4,10.0,0.0,0.0,0.0,0.0,1.0
state:ba20f4511a3762494d942761,vizwiz,Qwen/Qwen3-VL-8B-Instruct,4,10.0,0.0,0.0,0.0,0.0,1.0
state:1fdd0e0daa2671b9ecc31946,pope,Qwen/Qwen3-VL-8B-Instruct,3,6.0,0.0,0.0,0.0,0.0,1.0
state:1aac46d6aef30ff66651136c,vizwiz,google/gemma-4-E4B-it,3,6.0,0.0,0.0,0.0,0.0,1.0
state:2a4ff4a725abec12a98b9e5a,pope,google/gemma-4-E4B-it,3,6.0,0.0,0.0,0.0,0.0,1.0
state:0ff27265df63e8fb201ea315,hallusionbench,google/gemma-4-E4B-it,2,2.0,0.0,0.0,0.0,0.0,1.0
state:73eee229c0bcf6130adec4da,hallusionbench,google/gemma-4-E4B-it,2,2.0,0.0,0.0,0.0,0.0,1.0
state:0f23ea9c1daf6533a2ee45f4,vizwiz,Qwen/Qwen3-VL-8B-Instruct,2,2.0,0.0,0.0,0.0,0.0,1.0
state:8d80ce05fe148d32a62df625,vizwiz,Qwen/Qwen3-VL-8B-Instruct,4,10.0,0.0,0.0,0.0,0.0,1.0
state:88507810a17e8f0f8d24bd4c,vizwiz,Qwen/Qwen3-VL-8B-Instruct,4,10.0,0.0,0.0,0.0,0.0,1.0
state:343b2e639ad43cb648711d88,pope,Qwen/Qwen3-VL-8B-Instruct,3,6.0,0.0,0.0,0.0,0.0,1.0
state:b9a97084b6e2f10c42283eb1,pope,Qwen/Qwen3-VL-8B-Instruct,3,6.0,0.0,0.0,0.0,0.0,1.0
state:d21b55b0ede1bde52d22e6a0,pope,google/gemma-4-E4B-it,2,2.0,0.0,0.0,0.0,0.0,1.0
state:b12f7657a4821a684309883b,vizwiz,google/gemma-4-E4B-it,3,6.0,0.0,0.0,0.0,0.0,1.0
state:29996003fd775d8ec4b2c16d,pope,google/gemma-4-E4B-it,3,6.0,0.0,0.0,0.0,0.0,1.0
state:672f12784b8f919ba39d4f21,pope,google/gemma-4-E4B-it,4,10.0,0.0,0.0,0.0,0.0,1.0
state:196be5e73b9219a1c59a0287,pope,google/gemma-4-E4B-it,3,6.0,0.0,0.0,0.0,0.0,1.0
state:878cfcc37fbf757ca5cbbab8,vizwiz,google/gemma-4-E4B-it,4,10.0,0.0,0.0,0.0,0.0,1.0
state:8e27473010af1a4de6919c9a,hallusionbench,Qwen/Qwen3-VL-8B-Instruct,4,10.0,0.0,0.0,0.0,0.0,1.0
state:3874f3fe3260bc2b07771dc0,hallusionbench,google/gemma-4-E4B-it,2,2.0,0.0,0.0,0.0,0.0,1.0
state:4483f34058a096c547a5adf9,vizwiz,google/gemma-4-E4B-it,2,2.0,0.0,0.0,0.0,0.0,1.0
state:084650963ba32984ca704114,vizwiz,Qwen/Qwen3-VL-8B-Instruct,4,10.0,0.0,0.0,0.0,0.0,1.0
state:93dea56b486a85598d147fc6,hallusionbench,Qwen/Qwen3-VL-8B-Instruct,4,10.0,0.0,0.0,0.0,0.0,1.0
state:85ea8a2ac4ef787d2f4288de,vizwiz,google/gemma-4-E4B-it,3,6.0,0.0,0.0,0.0,0.0,1.0
state:63927b4cc7c0348e9b0a3c77,vizwiz,google/gemma-4-E4B-it,4,10.0,0.0,0.0,0.0,0.0,1.0
state:959abd2e87b9e3fb6541770b,vizwiz,google/gemma-4-E4B-it,4,10.0,0.0,0.0,0.0,0.0,1.0
state:e5d9175a132bb3a0566d67da,vizwiz,google/gemma-4-E4B-it,4,10.0,0.0,0.0,0.0,0.0,1.0
state:0749dc957784536a078bc092,pope,google/gemma-4-E4B-it,3,6.0,0.0,0.0,0.0,0.0,1.0
state:5c88ec712170fdf768ba7a84,hallusionbench,google/gemma-4-E4B-it,2,2.0,0.0,0.0,0.0,0.0,1.0
state:006f6267add5eb43b942a2b6,hallusionbench,Qwen/Qwen3-VL-8B-Instruct,4,10.0,0.0,0.0,0.0,0.0,1.0
state:0ab57b4afb64ffea29a01e14,pope,google/gemma-4-E4B-it,3,6.0,0.0,0.0,0.0,0.0,1.0
state:df9ca3b6157f19dc1e5f3a04,vizwiz,Qwen/Qwen3-VL-8B-Instruct,2,2.0,0.0,0.0,0.0,0.0,1.0
state:57a7ddf722153ad478a771b0,pope,Qwen/Qwen3-VL-8B-Instruct,2,2.0,0.0,0.0,0.0,0.0,1.0
state:e032da4a5d3e3f7eb2f7da2b,pope,Qwen/Qwen3-VL-8B-Instruct,2,2.0,0.0,0.0,0.0,0.0,1.0
state:4cca5a41e4a58aac7d095d73,pope,google/gemma-4-E4B-it,4,10.0,0.0,0.0,0.0,0.0,1.0
state:daa6a8734be1b0134277f9d3,vizwiz,google/gemma-4-E4B-it,2,2.0,0.0,0.0,0.0,0.0,1.0
state:09fc181f744f90955f32e3e7,vizwiz,Qwen/Qwen3-VL-8B-Instruct,4,10.0,0.0,0.0,0.0,0.0,1.0
state:d7fc7ba6a71a583d834f2f17,vizwiz,google/gemma-4-E4B-it,3,6.0,0.0,0.0,0.0,0.0,1.0
state:b8a42cf60a3b347fb2a814b0,vsr,Qwen/Qwen3-VL-8B-Instruct,3,6.0,0.0,0.0,0.0,0.0,1.0
state:b7323876cb2b0a672b0e4b4e,hallusionbench,Qwen/Qwen3-VL-8B-Instruct,2,2.0,0.0,0.0,0.0,0.0,1.0
state:1533454a7c9d6656947b37da,pope,Qwen/Qwen3-VL-8B-Instruct,4,10.0,0.0,0.0,0.0,0.0,1.0
state:9f319e977dc93f83bb2c69ec,hallusionbench,google/gemma-4-E4B-it,2,2.0,0.0,0.0,0.0,0.0,1.0
state:b329240af2551f17f81edef6,pope,Qwen/Qwen3-VL-8B-Instruct,3,6.0,0.0,0.0,0.0,0.0,1.0
state:7ddb7ee91a7b70fd940fb792,pope,google/gemma-4-E4B-it,4,10.0,0.0,0.0,0.0,0.0,1.0
state:154658334ae4b006cb9d0982,vizwiz,google/gemma-4-E4B-it,4,10.0,0.0,0.0,0.0,0.0,1.0
state:85de0754e017562476222241,pope,Qwen/Qwen3-VL-8B-Instruct,4,10.0,0.0,0.0,0.0,0.0,1.0
state:a3183e0c6835e958cd399f6a,vizwiz,google/gemma-4-E4B-it,2,2.0,0.0,0.0,0.0,0.0,1.0
state:7f9791930900504a8bab6b8f,vizwiz,Qwen/Qwen3-VL-8B-Instruct,2,2.0,0.0,0.0,0.0,0.0,1.0
state:63f9f87847d1c7bbb114f5d4,pope,Qwen/Qwen3-VL-8B-Instruct,3,6.0,0.0,0.0,0.0,0.0,1.0
state:0822b9dfa4b7cd5c1ef44fdf,pope,google/gemma-4-E4B-it,2,2.0,0.0,0.0,0.0,0.0,1.0
state:bd08edb6accb4682d4875370,pope,Qwen/Qwen3-VL-8B-Instruct,4,10.0,0.0,0.0,0.0,0.0,1.0
state:0204fb52a18ac7e5332ff76d,vizwiz,google/gemma-4-E4B-it,3,6.0,0.0,0.0,0.0,0.0,1.0
state:0cb00cecb087e0ebb280d7d1,hallusionbench,google/gemma-4-E4B-it,2,2.0,0.0,0.0,0.0,0.0,1.0
state:6b28436bb69ac54c8564ce2b,vizwiz,Qwen/Qwen3-VL-8B-Instruct,4,10.0,0.0,0.0,0.0,0.0,1.0
state:2871699cff1722848cfd9a63,pope,google/gemma-4-E4B-it,3,6.0,0.0,0.0,0.0,0.0,1.0
state:bf131c25ebaeafd26583309b,pope,google/gemma-4-E4B-it,3,6.0,0.0,0.0,0.0,0.0,1.0
state:2cf5f14cb1724081cf84f635,pope,Qwen/Qwen3-VL-8B-Instruct,2,2.0,0.0,0.0,0.0,0.0,1.0
state:4e36e97e802bc89061a85288,vizwiz,Qwen/Qwen3-VL-8B-Instruct,2,2.0,0.0,0.0,0.0,0.0,1.0
state:1f12f749dd6c095775db1d89,vizwiz,google/gemma-4-E4B-it,3,6.0,0.0,0.0,0.0,0.0,1.0
state:d273956c7445fca9b3c70ac1,vizwiz,Qwen/Qwen3-VL-8B-Instruct,4,10.0,0.0,0.0,0.0,0.0,1.0
state:8f7dc84998e0215d7f219148,vsr,google/gemma-4-E4B-it,3,6.0,0.0,0.0,0.0,0.0,1.0
state:cb86b23c23abd09703c22857,pope,Qwen/Qwen3-VL-8B-Instruct,3,6.0,0.0,0.0,0.0,0.0,1.0
state:e230957683ced2aa6b38bb0f,vizwiz,Qwen/Qwen3-VL-8B-Instruct,3,6.0,0.0,0.0,0.0,0.0,1.0
state:1b7cbec16313e7538343a260,pope,Qwen/Qwen3-VL-8B-Instruct,3,6.0,0.0,0.0,0.0,0.0,1.0
state:9a2d1bb2dcb91b4ba5f0958f,vizwiz,Qwen/Qwen3-VL-8B-Instruct,3,6.0,0.0,0.0,0.0,0.0,1.0
state:7d875d24ffec173de8ed6489,pope,google/gemma-4-E4B-it,4,10.0,0.0,0.0,0.0,0.0,1.0
state:48c0925a8a8016aaaebd64ab,pope,Qwen/Qwen3-VL-8B-Instruct,3,6.0,0.0,0.0,0.0,0.0,1.0
state:7b0bc176fccb1ce3eb6ac788,pope,google/gemma-4-E4B-it,4,10.0,0.0,0.0,0.0,0.0,1.0
state:9b3571c1f4f6010b173d544f,pope,Qwen/Qwen3-VL-8B-Instruct,2,2.0,0.0,0.0,0.0,0.0,1.0
state:9ffe0d71339f43fb2a1b3c95,hallusionbench,Qwen/Qwen3-VL-8B-Instruct,4,10.0,0.0,0.0,0.0,0.0,1.0
state:c97930de52acc521ec57b7f3,vizwiz,google/gemma-4-E4B-it,3,6.0,0.0,0.0,0.0,0.0,1.0
state:df20b38e2d7313a8b570be39,vizwiz,Qwen/Qwen3-VL-8B-Instruct,2,2.0,0.0,0.0,0.0,0.0,1.0
state:f88c74b3f7ee3da2f9833b6a,pope,google/gemma-4-E4B-it,2,2.0,0.0,0.0,0.0,0.0,1.0
state:8601c300ae7d20b781b94a07,vsr,google/gemma-4-E4B-it,3,6.0,0.0,0.0,0.0,0.0,1.0
state:15b144ce73d7dfb101544fb2,pope,Qwen/Qwen3-VL-8B-Instruct,2,2.0,0.0,0.0,0.0,0.0,1.0
state:d0a707dac9dfe171a2071e7a,vsr,Qwen/Qwen3-VL-8B-Instruct,3,6.0,0.0,0.0,0.0,0.0,1.0
state:f940839ad92087339d3b8bdb,vizwiz,google/gemma-4-E4B-it,4,10.0,0.0,0.0,0.0,0.0,1.0
state:91e75205dc373e206162c70d,vizwiz,Qwen/Qwen3-VL-8B-Instruct,3,6.0,0.0,0.0,0.0,0.0,1.0
state:96fc7680371994344dac0088,hallusionbench,Qwen/Qwen3-VL-8B-Instruct,4,10.0,0.0,0.0,0.0,0.0,1.0
state:79732a744e409dd12dfc3797,pope,Qwen/Qwen3-VL-8B-Instruct,4,10.0,0.0,0.0,0.0,0.0,1.0
state:dc12e87cc8c3a5af2635804b,vizwiz,google/gemma-4-E4B-it,2,2.0,0.0,0.0,0.0,0.0,1.0
state:0722fae0ee20482325815d06,pope,google/gemma-4-E4B-it,2,2.0,0.0,0.0,0.0,0.0,1.0
state:16dcebcb529d06228508378e,pope,Qwen/Qwen3-VL-8B-Instruct,2,2.0,0.0,0.0,0.0,0.0,1.0
state:bd560a6ffdce47c3caeca8ca,vizwiz,Qwen/Qwen3-VL-8B-Instruct,3,6.0,0.0,0.0,0.0,0.0,1.0
state:76e4caa8e1550e11d3ad6a86,vizwiz,Qwen/Qwen3-VL-8B-Instruct,2,2.0,0.0,0.0,0.0,0.0,1.0
state:0337008159634b7a6ba66944,pope,google/gemma-4-E4B-it,3,6.0,0.0,0.0,0.0,0.0,1.0
state:f1e3228e70b95816f0701b93,vizwiz,Qwen/Qwen3-VL-8B-Instruct,2,2.0,0.0,0.0,0.0,0.0,1.0
state:a478d4f6b529ad7acf23323e,vizwiz,Qwen/Qwen3-VL-8B-Instruct,3,6.0,0.0,0.0,0.0,0.0,1.0
state:584c44471d53c2da2794e7dd,pope,google/gemma-4-E4B-it,3,6.0,0.0,0.0,0.0,0.0,1.0
state:04f7215166fc2b66868fe047,vizwiz,google/gemma-4-E4B-it,3,6.0,0.0,0.0,0.0,0.0,1.0
state:3e260205a0c658fba98ca8ae,pope,Qwen/Qwen3-VL-8B-Instruct,4,10.0,0.0,0.0,0.0,0.0,1.0
state:4135a2a883b4575ca3560395,pope,Qwen/Qwen3-VL-8B-Instruct,3,6.0,0.0,0.0,0.0,0.0,1.0
state:53f55d5dcc838188e26f287b,hallusionbench,google/gemma-4-E4B-it,3,6.0,0.0,0.0,0.0,0.0,1.0
state:0e5f6fcfdd0f9734a925e363,pope,google/gemma-4-E4B-it,4,10.0,0.0,0.0,0.0,0.0,1.0
state:468bce29b0f22c944e5e6ff0,pope,google/gemma-4-E4B-it,3,6.0,0.0,0.0,0.0,0.0,1.0
state:b915c838ae63e8680880568c,vizwiz,Qwen/Qwen3-VL-8B-Instruct,3,6.0,0.0,0.0,0.0,0.0,1.0
state:bce5eb2cb2b363baf890cb18,hallusionbench,Qwen/Qwen3-VL-8B-Instruct,3,6.0,0.0,0.0,0.0,0.0,1.0
state:ee8ce1099323af9c8d13edbb,hallusionbench,google/gemma-4-E4B-it,2,2.0,0.0,0.0,0.0,0.0,1.0
state:0b061b44208e6d0468ab9176,pope,Qwen/Qwen3-VL-8B-Instruct,2,2.0,0.0,0.0,0.0,0.0,1.0
state:0b2d01a1d6d7f14bef6215d5,pope,google/gemma-4-E4B-it,2,2.0,0.0,0.0,0.0,0.0,1.0
state:4b861e6866fd8ce3852abe27,pope,Qwen/Qwen3-VL-8B-Instruct,4,10.0,0.0,0.0,0.0,0.0,1.0
state:bcded49088feaa7cca45ce8a,hallusionbench,Qwen/Qwen3-VL-8B-Instruct,4,10.0,0.0,0.0,0.0,0.0,1.0
state:86c580ce4be293ec11d77a9c,vizwiz,google/gemma-4-E4B-it,4,10.0,0.0,0.0,0.0,0.0,1.0
state:7c20211880abbf48a6acadbd,hallusionbench,google/gemma-4-E4B-it,3,6.0,0.0,0.0,0.0,0.0,1.0
state:e02f9b3303b9e3bfeaac7626,vizwiz,Qwen/Qwen3-VL-8B-Instruct,4,10.0,0.0,0.0,0.0,0.0,1.0
state:52e404722a32fd73e39def28,hallusionbench,google/gemma-4-E4B-it,2,2.0,0.0,0.0,0.0,0.0,1.0
state:a8c9cd641e8de8156eb9b35b,pope,Qwen/Qwen3-VL-8B-Instruct,2,2.0,0.0,0.0,0.0,0.0,1.0
state:730f14d28baa500aa5f8421e,pope,google/gemma-4-E4B-it,2,2.0,0.0,0.0,0.0,0.0,1.0
state:d54afeb79e57c470ef936075,vizwiz,Qwen/Qwen3-VL-8B-Instruct,3,6.0,0.0,0.0,0.0,0.0,1.0
state:4abba7ef29fd3e2351f15e9f,vizwiz,google/gemma-4-E4B-it,4,10.0,0.0,0.0,0.0,0.0,1.0
state:75e2a172cc7de80a6ffa6531,vizwiz,Qwen/Qwen3-VL-8B-Instruct,2,2.0,0.0,0.0,0.0,0.0,1.0
state:08e332d02d7b24a98af32edd,hallusionbench,google/gemma-4-E4B-it,2,2.0,0.0,0.0,0.0,0.0,1.0
state:ee8a53deac4f0b73707e9af5,vsr,google/gemma-4-E4B-it,3,6.0,0.0,0.0,0.0,0.0,1.0
state:71f0e75081560cf8534a3780,hallusionbench,google/gemma-4-E4B-it,2,2.0,0.0,0.0,0.0,0.0,1.0
state:c04f230f917a71744ddab2b2,pope,google/gemma-4-E4B-it,2,2.0,0.0,0.0,0.0,0.0,1.0
state:ec87521390f51a728dc01594,vizwiz,Qwen/Qwen3-VL-8B-Instruct,2,2.0,0.0,0.0,0.0,0.0,1.0
state:c09dffc92b3a4bd04ca8a46b,pope,google/gemma-4-E4B-it,3,6.0,0.0,0.0,0.0,0.0,1.0
state:f4c4be12ebda65ceb3df6485,vizwiz,Qwen/Qwen3-VL-8B-Instruct,3,6.0,0.0,0.0,0.0,0.0,1.0
state:da3b2b8a19797945cf4d73d3,pope,google/gemma-4-E4B-it,4,10.0,0.0,0.0,0.0,0.0,1.0
state:c3794331aad26dac15647fdd,vizwiz,Qwen/Qwen3-VL-8B-Instruct,3,6.0,0.0,0.0,0.0,0.0,1.0
state:c906974e505eb2be0974d462,vizwiz,google/gemma-4-E4B-it,3,6.0,0.0,0.0,0.0,0.0,1.0
state:170bc542f0ad6f3b98bf3cac,pope,Qwen/Qwen3-VL-8B-Instruct,2,2.0,0.0,0.0,0.0,0.0,1.0
state:e6019a4d1fbab56cdfadac79,pope,google/gemma-4-E4B-it,4,10.0,0.0,0.0,0.0,0.0,1.0
state:dcfa7fd64c32fc0bca96b511,vizwiz,google/gemma-4-E4B-it,2,2.0,0.0,0.0,0.0,0.0,1.0
state:59dc6304af2113d22498654f,hallusionbench,google/gemma-4-E4B-it,3,6.0,0.0,0.0,0.0,0.0,1.0
state:78e54953810e7291ba6efc23,vizwiz,google/gemma-4-E4B-it,4,10.0,0.0,0.0,0.0,0.0,1.0
state:193c201f9465d7574d802337,vizwiz,google/gemma-4-E4B-it,4,10.0,0.0,0.0,0.0,0.0,1.0
state:59948eda934848e1c52c32b1,pope,google/gemma-4-E4B-it,3,6.0,0.0,0.0,0.0,0.0,1.0
state:c1be8ee8c3c98b1152679042,vizwiz,Qwen/Qwen3-VL-8B-Instruct,2,2.0,0.0,0.0,0.0,0.0,1.0
state:e665687c7f38e088df5332b2,hallusionbench,Qwen/Qwen3-VL-8B-Instruct,2,2.0,0.0,0.0,0.0,0.0,1.0
state:1c56b3a71656bd92690653b8,hallusionbench,Qwen/Qwen3-VL-8B-Instruct,3,6.0,0.0,0.0,0.0,0.0,1.0
state:ab0f6413dd847f2896c3aa38,hallusionbench,Qwen/Qwen3-VL-8B-Instruct,4,10.0,0.0,0.0,0.0,0.0,1.0
state:b0b8c6de88e1a5f87f6aea67,pope,Qwen/Qwen3-VL-8B-Instruct,2,2.0,0.0,0.0,0.0,0.0,1.0
state:0db0909ecd78e5c445d5d704,vsr,Qwen/Qwen3-VL-8B-Instruct,3,6.0,0.0,0.0,0.0,0.0,1.0
state:5c1ec8eaf31735a323f52bc9,pope,Qwen/Qwen3-VL-8B-Instruct,2,2.0,0.0,0.0,0.0,0.0,1.0
state:a823e17a5586aaf6eb97c5b3,pope,Qwen/Qwen3-VL-8B-Instruct,4,10.0,0.0,0.0,0.0,0.0,1.0
state:f239917f2cbbcb90ba7771a1,vizwiz,google/gemma-4-E4B-it,2,2.0,0.0,0.0,0.0,0.0,1.0
state:c844dbc1257645cf3b5fe4be,pope,Qwen/Qwen3-VL-8B-Instruct,2,2.0,0.0,0.0,0.0,0.0,1.0
state:bf6035e850238bf35c6b9e18,vizwiz,Qwen/Qwen3-VL-8B-Instruct,3,6.0,0.0,0.0,0.0,0.0,1.0
state:99526c82126b72644fca3752,pope,google/gemma-4-E4B-it,4,10.0,0.0,0.0,0.0,0.0,1.0
state:7fdac2532f1e56be62888689,vsr,Qwen/Qwen3-VL-8B-Instruct,4,10.0,0.0,0.0,0.0,0.0,1.0
state:0fe68de886fc05648fc7f101,hallusionbench,Qwen/Qwen3-VL-8B-Instruct,3,6.0,0.0,0.0,0.0,0.0,1.0
state:ce4215d99f483399b0583e48,pope,google/gemma-4-E4B-it,2,2.0,0.0,0.0,0.0,0.0,1.0
state:1fdf08b2ce2dc4d531b94020,pope,Qwen/Qwen3-VL-8B-Instruct,3,6.0,0.0,0.0,0.0,0.0,1.0
state:1c44a6493ec725b6808e8601,vizwiz,Qwen/Qwen3-VL-8B-Instruct,3,6.0,0.0,0.0,0.0,0.0,1.0
state:ed8da83eb9c811b8d5b5bc14,vizwiz,Qwen/Qwen3-VL-8B-Instruct,4,10.0,0.0,0.0,0.0,0.0,1.0
state:5f67b0804a953e7cf99fbe2f,vsr,google/gemma-4-E4B-it,3,6.0,0.0,0.0,0.0,0.0,1.0
state:c26740dacb4e83e2cf692898,pope,google/gemma-4-E4B-it,3,6.0,0.0,0.0,0.0,0.0,1.0
state:19acdfa6125febb4749afab1,vizwiz,Qwen/Qwen3-VL-8B-Instruct,3,6.0,0.0,0.0,0.0,0.0,1.0
state:9c90bdbbc5dd8dbbf979de59,vizwiz,google/gemma-4-E4B-it,2,2.0,0.0,0.0,0.0,0.0,1.0
state:b14635eb0c46777a21fcd327,vizwiz,google/gemma-4-E4B-it,3,6.0,0.0,0.0,0.0,0.0,1.0
state:9441aeef42ce30ba2c897b76,pope,google/gemma-4-E4B-it,4,10.0,0.0,0.0,0.0,0.0,1.0
state:5651af5d15251796654b2fc0,pope,Qwen/Qwen3-VL-8B-Instruct,2,2.0,0.0,0.0,0.0,0.0,1.0
state:4b928d496624fcbc3d6f830c,pope,google/gemma-4-E4B-it,2,2.0,0.0,0.0,0.0,0.0,1.0
state:732e9d88402c4a6b60564e18,pope,Qwen/Qwen3-VL-8B-Instruct,2,2.0,0.0,0.0,0.0,0.0,1.0
state:c6c6245511c8dcc39b221671,pope,google/gemma-4-E4B-it,4,10.0,0.0,0.0,0.0,0.0,1.0
state:48efbaac20b13b814675e7f8,vizwiz,Qwen/Qwen3-VL-8B-Instruct,3,6.0,0.0,0.0,0.0,0.0,1.0
state:e5760172a4890fee95030843,pope,google/gemma-4-E4B-it,4,10.0,0.0,0.0,0.0,0.0,1.0
state:e02705358cfe507e23e58a20,pope,Qwen/Qwen3-VL-8B-Instruct,2,2.0,0.0,0.0,0.0,0.0,1.0
state:77e6b8b92dbbcba0eb81e3ff,pope,google/gemma-4-E4B-it,2,2.0,0.0,0.0,0.0,0.0,1.0
state:f6c9185f9056bfb01e32fea2,vizwiz,google/gemma-4-E4B-it,4,10.0,0.0,0.0,0.0,0.0,1.0
state:691f2e818b9c0755594315fd,hallusionbench,Qwen/Qwen3-VL-8B-Instruct,2,2.0,0.0,0.0,0.0,0.0,1.0
state:63c04feea17f568cf9f3c7b2,pope,google/gemma-4-E4B-it,3,6.0,0.0,0.0,0.0,0.0,1.0
state:9acd82811435be75ca9be43c,pope,Qwen/Qwen3-VL-8B-Instruct,4,10.0,0.0,0.0,0.0,0.0,1.0
state:896032857527c910fc4bb3c6,vsr,google/gemma-4-E4B-it,3,6.0,0.0,0.0,0.0,0.0,1.0
state:89d1ac2bee379da42b6465ae,pope,Qwen/Qwen3-VL-8B-Instruct,3,6.0,0.0,0.0,0.0,0.0,1.0
state:b39c3cd36f9db8f4d1542522,pope,google/gemma-4-E4B-it,4,10.0,0.0,0.0,0.0,0.0,1.0
state:0bf52465a1497ba00e34bbcd,vizwiz,Qwen/Qwen3-VL-8B-Instruct,2,2.0,0.0,0.0,0.0,0.0,1.0
state:43dc6ff605bff3b03bdb3b4d,pope,Qwen/Qwen3-VL-8B-Instruct,4,10.0,0.0,0.0,0.0,0.0,1.0
state:c7aa22d2f534cb2b0e7e51c7,vizwiz,Qwen/Qwen3-VL-8B-Instruct,3,6.0,0.0,0.0,0.0,0.0,1.0
state:a6b4c0ac02d02b1533524f61,vsr,Qwen/Qwen3-VL-8B-Instruct,4,10.0,0.0,0.0,0.0,0.0,1.0
state:7efe7e3a062e0aeaee058a99,vizwiz,Qwen/Qwen3-VL-8B-Instruct,4,10.0,0.0,0.0,0.0,0.0,1.0
state:a9a8e434c07a6675b92c211b,vizwiz,Qwen/Qwen3-VL-8B-Instruct,4,10.0,0.0,0.0,0.0,0.0,1.0
state:3600551daf2866e95e1d8866,vizwiz,Qwen/Qwen3-VL-8B-Instruct,4,10.0,0.0,0.0,0.0,0.0,1.0
state:8b7478f2d0aa2810c000b303,pope,Qwen/Qwen3-VL-8B-Instruct,2,2.0,0.0,0.0,0.0,0.0,1.0
state:b869375701df8ce1b19d0381,pope,Qwen/Qwen3-VL-8B-Instruct,2,2.0,0.0,0.0,0.0,0.0,1.0
state:cec408d378d82de003c8ac3f,hallusionbench,Qwen/Qwen3-VL-8B-Instruct,2,2.0,0.0,0.0,0.0,0.0,1.0
state:7c4c6266ae7a4c7afe5b9f80,vizwiz,Qwen/Qwen3-VL-8B-Instruct,4,10.0,0.0,0.0,0.0,0.0,1.0
state:44545020ee9726f0f19ec398,vizwiz,google/gemma-4-E4B-it,4,10.0,0.0,0.0,0.0,0.0,1.0
state:2b2c6d7b44b2f75cdab1d177,vizwiz,Qwen/Qwen3-VL-8B-Instruct,4,10.0,0.0,0.0,0.0,0.0,1.0
state:a9a93d527cf9f3d9cebe2b67,vizwiz,google/gemma-4-E4B-it,4,10.0,0.0,0.0,0.0,0.0,1.0
state:ad39a3d263691316fbe01625,vizwiz,google/gemma-4-E4B-it,2,2.0,0.0,0.0,0.0,0.0,1.0
state:42df5d8f0c7b210d75a9f805,pope,google/gemma-4-E4B-it,2,2.0,0.0,0.0,0.0,0.0,1.0
state:c5676219228b66d371c7e42f,pope,google/gemma-4-E4B-it,2,2.0,0.0,0.0,0.0,0.0,1.0
state:c839143201cc9f9529d411cc,vizwiz,Qwen/Qwen3-VL-8B-Instruct,2,2.0,0.0,0.0,0.0,0.0,1.0
state:df26ef6529654cfa1d09287e,hallusionbench,Qwen/Qwen3-VL-8B-Instruct,4,10.0,0.0,0.0,0.0,0.0,1.0
state:6995f955840ec919ce403be9,pope,Qwen/Qwen3-VL-8B-Instruct,4,10.0,0.0,0.0,0.0,0.0,1.0
state:93a8d30a47c48c5f4a293eeb,hallusionbench,Qwen/Qwen3-VL-8B-Instruct,4,10.0,0.0,0.0,0.0,0.0,1.0
state:d8ff20ceb4c50f389d29abfd,vizwiz,Qwen/Qwen3-VL-8B-Instruct,4,10.0,0.0,0.0,0.0,0.0,1.0
state:48c7fe86eea4ddd3ef662adb,vizwiz,google/gemma-4-E4B-it,4,10.0,0.0,0.0,0.0,0.0,1.0
state:18960b14b33f35efa4a46ea2,vsr,Qwen/Qwen3-VL-8B-Instruct,2,2.0,0.0,0.0,0.0,0.0,1.0
state:9581e161d9411e24c02289e4,vizwiz,Qwen/Qwen3-VL-8B-Instruct,2,2.0,0.0,0.0,0.0,0.0,1.0
state:b40f08f003842699a741784b,vizwiz,google/gemma-4-E4B-it,3,6.0,0.0,0.0,0.0,0.0,1.0
state:d2ab66251c41e4740708e468,pope,google/gemma-4-E4B-it,3,6.0,0.0,0.0,0.0,0.0,1.0
state:9da349277fe76bfb782d3a14,hallusionbench,Qwen/Qwen3-VL-8B-Instruct,4,10.0,0.0,0.0,0.0,0.0,1.0
state:3865661ce69e4e4634c28fbf,pope,Qwen/Qwen3-VL-8B-Instruct,4,10.0,0.0,0.0,0.0,0.0,1.0
state:3b06795491b98688b4db0d12,pope,google/gemma-4-E4B-it,2,2.0,0.0,0.0,0.0,0.0,1.0
state:30c4d7ef6aacbad88b3fc819,pope,google/gemma-4-E4B-it,2,2.0,0.0,0.0,0.0,0.0,1.0
state:9dd9a6768828cd6163a401fb,pope,Qwen/Qwen3-VL-8B-Instruct,2,2.0,0.0,0.0,0.0,0.0,1.0
state:da70ae4886ccf1fa433aef9a,pope,google/gemma-4-E4B-it,4,10.0,0.0,0.0,0.0,0.0,1.0
state:aea9eb42c58ae7d304d83f17,hallusionbench,google/gemma-4-E4B-it,3,6.0,0.0,0.0,0.0,0.0,1.0
state:70905e61a0b461b6783299b4,pope,google/gemma-4-E4B-it,4,10.0,0.0,0.0,0.0,0.0,1.0
state:397fc37f2140004d34ba23d6,vizwiz,google/gemma-4-E4B-it,4,10.0,0.0,0.0,0.0,0.0,1.0
state:9a3ce69bfd73ba3a15cf5054,pope,Qwen/Qwen3-VL-8B-Instruct,3,6.0,0.0,0.0,0.0,0.0,1.0
state:1f6cc1cf987a3c2b765593fa,vizwiz,Qwen/Qwen3-VL-8B-Instruct,3,6.0,0.0,0.0,0.0,0.0,1.0
state:9e976f11d5c22636252f74b8,pope,Qwen/Qwen3-VL-8B-Instruct,2,2.0,0.0,0.0,0.0,0.0,1.0
state:15f63782249d9a9c1b438f12,vizwiz,google/gemma-4-E4B-it,3,6.0,0.0,0.0,0.0,0.0,1.0
state:9f5a5d8b01e6a915d3404a92,vizwiz,google/gemma-4-E4B-it,2,2.0,0.0,0.0,0.0,0.0,1.0
state:60c8cb54d371736e0f1c1d86,hallusionbench,Qwen/Qwen3-VL-8B-Instruct,2,2.0,0.0,0.0,0.0,0.0,1.0
state:3c2397731e652e12afc3ea04,hallusionbench,google/gemma-4-E4B-it,4,10.0,0.0,0.0,0.0,0.0,1.0
state:c97a6b167777273c47232fc9,pope,Qwen/Qwen3-VL-8B-Instruct,3,6.0,0.0,0.0,0.0,0.0,1.0
state:dafedfa22174b86cee31a02a,hallusionbench,google/gemma-4-E4B-it,2,2.0,0.0,0.0,0.0,0.0,1.0
state:820e2058045be347ee409593,pope,google/gemma-4-E4B-it,2,2.0,0.0,0.0,0.0,0.0,1.0
state:14006eb340e3c2816c708a1d,hallusionbench,Qwen/Qwen3-VL-8B-Instruct,4,10.0,0.0,0.0,0.0,0.0,1.0
state:5599b676ab023190784300dc,vizwiz,google/gemma-4-E4B-it,2,2.0,0.0,0.0,0.0,0.0,1.0
state:56b696d6f2437b0b8a9f9ce5,pope,google/gemma-4-E4B-it,3,6.0,0.0,0.0,0.0,0.0,1.0
state:70de2067cef060d6c188a786,pope,Qwen/Qwen3-VL-8B-Instruct,3,6.0,0.0,0.0,0.0,0.0,1.0
state:3bd1f34908836f8cd773cb93,vizwiz,google/gemma-4-E4B-it,3,6.0,0.0,0.0,0.0,0.0,1.0
state:b8183c90339388c0a71dce45,vizwiz,Qwen/Qwen3-VL-8B-Instruct,2,2.0,0.0,0.0,0.0,0.0,1.0
state:4b25fb9c144b2cbe37ad8a0b,pope,Qwen/Qwen3-VL-8B-Instruct,4,10.0,0.0,0.0,0.0,0.0,1.0
state:98abd1c8f98a1a981d173d41,vizwiz,google/gemma-4-E4B-it,4,10.0,0.0,0.0,0.0,0.0,1.0
state:68a2d17bf01ed442dfdd198d,pope,google/gemma-4-E4B-it,2,2.0,0.0,0.0,0.0,0.0,1.0
state:dc35dd0292881575678594d7,vizwiz,Qwen/Qwen3-VL-8B-Instruct,3,6.0,0.0,0.0,0.0,0.0,1.0
state:358085b3be3389c7771b6d51,hallusionbench,Qwen/Qwen3-VL-8B-Instruct,3,6.0,0.0,0.0,0.0,0.0,1.0
state:3ca1f9565dc3f869610ed5b9,vizwiz,Qwen/Qwen3-VL-8B-Instruct,2,2.0,0.0,0.0,0.0,0.0,1.0
state:d6dd5a553bb83bffc87196d0,pope,google/gemma-4-E4B-it,2,2.0,0.0,0.0,0.0,0.0,1.0
state:c33ea30500adce63700f7e56,vizwiz,Qwen/Qwen3-VL-8B-Instruct,2,2.0,0.0,0.0,0.0,0.0,1.0
state:61e6dfb2e5132cade23dd467,pope,Qwen/Qwen3-VL-8B-Instruct,4,10.0,0.0,0.0,0.0,0.0,1.0
state:79f77bdf0a89235848d6ef08,vizwiz,google/gemma-4-E4B-it,4,10.0,0.0,0.0,0.0,0.0,1.0
state:7ca301cfcc35051ccc3299ef,pope,google/gemma-4-E4B-it,4,10.0,0.0,0.0,0.0,0.0,1.0
state:d2d5d9a6cec578382edd2a49,vizwiz,google/gemma-4-E4B-it,3,6.0,0.0,0.0,0.0,0.0,1.0
state:82c7293a257561abf52b496d,hallusionbench,Qwen/Qwen3-VL-8B-Instruct,4,10.0,0.0,0.0,0.0,0.0,1.0
state:1c7529af57ad6d239eb0bb8d,pope,google/gemma-4-E4B-it,3,6.0,0.0,0.0,0.0,0.0,1.0
state:52a13291a703ece0d3a197bf,pope,google/gemma-4-E4B-it,4,10.0,0.0,0.0,0.0,0.0,1.0
state:284b9571fa437e45f31bd6e2,pope,google/gemma-4-E4B-it,3,6.0,0.0,0.0,0.0,0.0,1.0
state:8013ba242b6d03f97e644771,pope,google/gemma-4-E4B-it,2,2.0,0.0,0.0,0.0,0.0,1.0
state:ea61c26568d29b7bab4328d6,pope,google/gemma-4-E4B-it,3,6.0,0.0,0.0,0.0,0.0,1.0
state:c6512181a18beebda75f0d6f,hallusionbench,google/gemma-4-E4B-it,3,6.0,0.0,0.0,0.0,0.0,1.0
state:2fb133c5692a0e5d9f1c655a,pope,Qwen/Qwen3-VL-8B-Instruct,3,6.0,0.0,0.0,0.0,0.0,1.0
state:d4dbc40d07ac67c3901d18b4,vizwiz,google/gemma-4-E4B-it,4,10.0,0.0,0.0,0.0,0.0,1.0
state:cf02ffb021e5460d5f885263,vizwiz,Qwen/Qwen3-VL-8B-Instruct,4,10.0,0.0,0.0,0.0,0.0,1.0
state:3fe490fdf621c688f1afdb73,vizwiz,Qwen/Qwen3-VL-8B-Instruct,4,10.0,0.0,0.0,0.0,0.0,1.0
state:ddb030bf2a016a7bdc162b89,vizwiz,Qwen/Qwen3-VL-8B-Instruct,3,6.0,0.0,0.0,0.0,0.0,1.0
state:cce46ca551022537765cd1d2,pope,Qwen/Qwen3-VL-8B-Instruct,4,10.0,0.0,0.0,0.0,0.0,1.0
state:22bc83019d6822977784468f,pope,Qwen/Qwen3-VL-8B-Instruct,3,6.0,0.0,0.0,0.0,0.0,1.0
state:4f15a2cf0a512bdba77b5dae,vizwiz,Qwen/Qwen3-VL-8B-Instruct,3,6.0,0.0,0.0,0.0,0.0,1.0
state:fe5329214138d3d84137dfd5,vsr,Qwen/Qwen3-VL-8B-Instruct,3,6.0,0.0,0.0,0.0,0.0,1.0
state:9c981ad2325e2af519853189,pope,Qwen/Qwen3-VL-8B-Instruct,2,2.0,0.0,0.0,0.0,0.0,1.0
state:c8f9cf02b90658a4e1cb1feb,hallusionbench,google/gemma-4-E4B-it,4,10.0,0.0,0.0,0.0,0.0,1.0
state:a6a99bc77a00975b896f834c,pope,Qwen/Qwen3-VL-8B-Instruct,4,10.0,0.0,0.0,0.0,0.0,1.0
state:5e06cd08bb9106b8e57afcf2,pope,Qwen/Qwen3-VL-8B-Instruct,3,6.0,0.0,0.0,0.0,0.0,1.0
state:7da52ff4fe925e2dde6986b7,pope,Qwen/Qwen3-VL-8B-Instruct,4,10.0,0.0,0.0,0.0,0.0,1.0
state:bab5e496dd2f991da458e16a,pope,google/gemma-4-E4B-it,3,6.0,0.0,0.0,0.0,0.0,1.0
state:e390fefe255799efc2b522fb,pope,google/gemma-4-E4B-it,3,6.0,0.0,0.0,0.0,0.0,1.0
state:b2c20651ca186b7b08389c70,pope,google/gemma-4-E4B-it,2,2.0,0.0,0.0,0.0,0.0,1.0
state:da69f29203faa02dc8ffe13d,pope,Qwen/Qwen3-VL-8B-Instruct,2,2.0,0.0,0.0,0.0,0.0,1.0
state:b0dedb143cda1a4c60c9fa65,hallusionbench,Qwen/Qwen3-VL-8B-Instruct,4,10.0,0.0,0.0,0.0,0.0,1.0
state:9c2f9f79630798bce79e118f,pope,Qwen/Qwen3-VL-8B-Instruct,3,6.0,0.0,0.0,0.0,0.0,1.0
state:70493c7e3ef66b39c94a03cf,pope,google/gemma-4-E4B-it,2,2.0,0.0,0.0,0.0,0.0,1.0
state:d9c0f275f49854a8887712cd,pope,google/gemma-4-E4B-it,4,10.0,0.0,0.0,0.0,0.0,1.0
state:1cf8f4a1798982811400758e,vsr,Qwen/Qwen3-VL-8B-Instruct,3,6.0,0.0,0.0,0.0,0.0,1.0
state:cdf505025b42920cf640832c,pope,google/gemma-4-E4B-it,4,10.0,0.0,0.0,0.0,0.0,1.0
state:121a26dc6dd90031fa11a362,hallusionbench,Qwen/Qwen3-VL-8B-Instruct,3,6.0,0.0,0.0,0.0,0.0,1.0
state:3dfe29a1ba48b74fe0fa0e05,pope,google/gemma-4-E4B-it,2,2.0,0.0,0.0,0.0,0.0,1.0
state:05587765f03c5b5128cc8270,vizwiz,google/gemma-4-E4B-it,3,6.0,0.0,0.0,0.0,0.0,1.0
state:aa43bf24e8dfbd6cf351bd70,pope,Qwen/Qwen3-VL-8B-Instruct,4,10.0,0.0,0.0,0.0,0.0,1.0
state:e63691f60a6c5360bc45b754,vizwiz,Qwen/Qwen3-VL-8B-Instruct,4,10.0,0.0,0.0,0.0,0.0,1.0
state:9a1f1955b648df16cb203906,pope,Qwen/Qwen3-VL-8B-Instruct,4,10.0,0.0,0.0,0.0,0.0,1.0
state:270e873e0d5b93a0d68d2217,pope,google/gemma-4-E4B-it,4,10.0,0.0,0.0,0.0,0.0,1.0
state:f9b71c05bcd083e1961bd868,pope,Qwen/Qwen3-VL-8B-Instruct,4,10.0,0.0,0.0,0.0,0.0,1.0
state:b78f917b4860392e258a53c7,vizwiz,Qwen/Qwen3-VL-8B-Instruct,3,6.0,0.0,0.0,0.0,0.0,1.0
state:63ebce9c00c92d0f0dc06bf2,pope,Qwen/Qwen3-VL-8B-Instruct,4,10.0,0.0,0.0,0.0,0.0,1.0
state:51564f91b672cdc15c8e01f1,pope,Qwen/Qwen3-VL-8B-Instruct,4,10.0,0.0,0.0,0.0,0.0,1.0
state:7a99e0269ed4d3e215370adf,pope,Qwen/Qwen3-VL-8B-Instruct,3,6.0,0.0,0.0,0.0,0.0,1.0
state:a472f1cb4b52260734c7dc5d,pope,Qwen/Qwen3-VL-8B-Instruct,4,10.0,0.0,0.0,0.0,0.0,1.0
state:6bbc31a1b38a24a988173dcd,hallusionbench,Qwen/Qwen3-VL-8B-Instruct,3,6.0,0.0,0.0,0.0,0.0,1.0
state:e7be6cb0866a10b052f8ca26,vizwiz,Qwen/Qwen3-VL-8B-Instruct,3,6.0,0.0,0.0,0.0,0.0,1.0
state:80ddf51cd56f5cf6b4b1f602,pope,google/gemma-4-E4B-it,4,10.0,0.0,0.0,0.0,0.0,1.0
state:b8027fe98c7e32dda83eba55,hallusionbench,google/gemma-4-E4B-it,4,10.0,0.0,0.0,0.0,0.0,1.0
state:7680b98f785439fe138e51bb,vizwiz,Qwen/Qwen3-VL-8B-Instruct,2,2.0,0.0,0.0,0.0,0.0,1.0
state:638f3380d0462388e8827e59,vizwiz,Qwen/Qwen3-VL-8B-Instruct,2,2.0,0.0,0.0,0.0,0.0,1.0
state:8aaa15e05d0c77b8cd2f8032,vizwiz,google/gemma-4-E4B-it,3,6.0,0.0,0.0,0.0,0.0,1.0
state:e8a0c8b215c85e1d8212e707,vizwiz,Qwen/Qwen3-VL-8B-Instruct,2,2.0,0.0,0.0,0.0,0.0,1.0
state:61922e3a9bb23b9c14fe82d4,vizwiz,google/gemma-4-E4B-it,3,6.0,0.0,0.0,0.0,0.0,1.0
state:765a1725f09378b3ea299c68,vsr,google/gemma-4-E4B-it,2,2.0,0.0,0.0,0.0,0.0,1.0
state:7663634426f367d59cf3f0cf,hallusionbench,google/gemma-4-E4B-it,3,6.0,0.0,0.0,0.0,0.0,1.0
state:b2f95cd38226d989d721bb6a,pope,google/gemma-4-E4B-it,4,10.0,0.0,0.0,0.0,0.0,1.0
state:2a2e7216611c3cb2f7eab350,pope,google/gemma-4-E4B-it,3,6.0,0.0,0.0,0.0,0.0,1.0
state:c69d8d06d70f51d196121ecf,vizwiz,google/gemma-4-E4B-it,2,2.0,0.0,0.0,0.0,0.0,1.0
state:1a0950c1dfca5c3056b08351,pope,google/gemma-4-E4B-it,2,2.0,0.0,0.0,0.0,0.0,1.0
state:3c9a4ebf7e570a6ac49b04ee,vizwiz,Qwen/Qwen3-VL-8B-Instruct,2,2.0,0.0,0.0,0.0,0.0,1.0
state:873e44bb6f1ccea53d797df7,vizwiz,google/gemma-4-E4B-it,4,10.0,0.0,0.0,0.0,0.0,1.0
state:3af1d1dbbc6287df7d75bc61,hallusionbench,Qwen/Qwen3-VL-8B-Instruct,3,6.0,0.0,0.0,0.0,0.0,1.0
state:8e97659cdb59f8cd7931d6dd,pope,Qwen/Qwen3-VL-8B-Instruct,2,2.0,0.0,0.0,0.0,0.0,1.0
state:3056ce9afde11d1c5c60a0b4,pope,Qwen/Qwen3-VL-8B-Instruct,3,6.0,0.0,0.0,0.0,0.0,1.0
state:96b2aefe48a711d9b4edf95d,pope,Qwen/Qwen3-VL-8B-Instruct,4,10.0,0.0,0.0,0.0,0.0,1.0
state:b73402e73a3fe29b8f01ac58,pope,Qwen/Qwen3-VL-8B-Instruct,4,10.0,0.0,0.0,0.0,0.0,1.0
state:cc17d477ac0ef432703398e8,vizwiz,google/gemma-4-E4B-it,2,2.0,0.0,0.0,0.0,0.0,1.0
state:1f318c77f874b4cc6cc5ec4c,vizwiz,Qwen/Qwen3-VL-8B-Instruct,3,6.0,0.0,0.0,0.0,0.0,1.0
state:7036f9cc1a84f8aa0436ac9e,pope,google/gemma-4-E4B-it,2,2.0,0.0,0.0,0.0,0.0,1.0
state:cdb34591c2c2eaf20b259ebb,vizwiz,google/gemma-4-E4B-it,3,6.0,0.0,0.0,0.0,0.0,1.0
state:f010c580879d01bbcc367a21,vizwiz,google/gemma-4-E4B-it,2,2.0,0.0,0.0,0.0,0.0,1.0
state:30f341983a84e32739b22af2,hallusionbench,Qwen/Qwen3-VL-8B-Instruct,2,2.0,0.0,0.0,0.0,0.0,1.0
state:029b0176a297d99d0995a174,vizwiz,Qwen/Qwen3-VL-8B-Instruct,3,6.0,0.0,0.0,0.0,0.0,1.0
state:1afe2ca6a169744a2f77ecaf,vizwiz,Qwen/Qwen3-VL-8B-Instruct,3,6.0,0.0,0.0,0.0,0.0,1.0
state:a751e9d883136061fd854d07,pope,Qwen/Qwen3-VL-8B-Instruct,3,6.0,0.0,0.0,0.0,0.0,1.0
state:b0965af7dbf0bceae7637ebc,vizwiz,google/gemma-4-E4B-it,3,6.0,0.0,0.0,0.0,0.0,1.0
state:009f5a82e5e9c9c38b70bc8f,pope,Qwen/Qwen3-VL-8B-Instruct,2,2.0,0.0,0.0,0.0,0.0,1.0
state:e1dbff18e6143542f894caa8,vizwiz,google/gemma-4-E4B-it,4,10.0,0.0,0.0,0.0,0.0,1.0
state:19f15a20c8090a8c8a019548,hallusionbench,Qwen/Qwen3-VL-8B-Instruct,4,10.0,0.0,0.0,0.0,0.0,1.0
state:4a0cf9dbcf829c81db60c1f3,hallusionbench,Qwen/Qwen3-VL-8B-Instruct,3,6.0,0.0,0.0,0.0,0.0,1.0
state:682a0284a4bb1dad00119508,vizwiz,google/gemma-4-E4B-it,3,6.0,0.0,0.0,0.0,0.0,1.0
state:5ead8bbfbd6a787eba7b6302,pope,Qwen/Qwen3-VL-8B-Instruct,2,2.0,0.0,0.0,0.0,0.0,1.0
state:5af55d3b663a2e3577343fbb,vizwiz,google/gemma-4-E4B-it,4,10.0,0.0,0.0,0.0,0.0,1.0
state:86ddda943c6110233eb3c0eb,pope,google/gemma-4-E4B-it,3,6.0,0.0,0.0,0.0,0.0,1.0
state:c3ebf95b0173a1ada72d9a06,vizwiz,google/gemma-4-E4B-it,2,2.0,0.0,0.0,0.0,0.0,1.0
state:21e1f388f31122dc31d19af2,pope,google/gemma-4-E4B-it,4,10.0,0.0,0.0,0.0,0.0,1.0
state:168b5c64431a3ee4187ad355,vizwiz,google/gemma-4-E4B-it,3,6.0,0.0,0.0,0.0,0.0,1.0
state:fd65b138005284f09567f933,pope,Qwen/Qwen3-VL-8B-Instruct,4,10.0,0.0,0.0,0.0,0.0,1.0
state:955b351c20e2b3167d9fee3b,hallusionbench,Qwen/Qwen3-VL-8B-Instruct,3,6.0,0.0,0.0,0.0,0.0,1.0
state:7c72f7bdcc2a12a309705b2d,pope,Qwen/Qwen3-VL-8B-Instruct,3,6.0,0.0,0.0,0.0,0.0,1.0
state:fdba2df296bee8f541809ca6,vizwiz,Qwen/Qwen3-VL-8B-Instruct,4,10.0,0.0,0.0,0.0,0.0,1.0
state:b3ee4d6b912d75239890edca,pope,Qwen/Qwen3-VL-8B-Instruct,2,2.0,0.0,0.0,0.0,0.0,1.0
state:9a9861fdf7a43e45f35b200e,vizwiz,Qwen/Qwen3-VL-8B-Instruct,2,2.0,0.0,0.0,0.0,0.0,1.0
state:c76ba3ae41565e094baa6941,pope,google/gemma-4-E4B-it,2,2.0,0.0,0.0,0.0,0.0,1.0
state:e9d303373321f810da1acd8f,hallusionbench,google/gemma-4-E4B-it,2,2.0,0.0,0.0,0.0,0.0,1.0
state:cee011129bfb91a062e24cf6,vizwiz,google/gemma-4-E4B-it,3,6.0,0.0,0.0,0.0,0.0,1.0
state:e332d6bfd6b03e712caf0a74,vizwiz,google/gemma-4-E4B-it,3,6.0,0.0,0.0,0.0,0.0,1.0
state:382a9a749bba37764355b7e3,vizwiz,Qwen/Qwen3-VL-8B-Instruct,2,2.0,0.0,0.0,0.0,0.0,1.0
state:33bcac39ff9a9f1236a15686,vizwiz,Qwen/Qwen3-VL-8B-Instruct,2,2.0,0.0,0.0,0.0,0.0,1.0
state:a55468fe618590e3cff15fd0,pope,google/gemma-4-E4B-it,3,6.0,0.0,0.0,0.0,0.0,1.0
state:47974113004ba662cde8eb3f,pope,google/gemma-4-E4B-it,3,6.0,0.0,0.0,0.0,0.0,1.0
state:7a4a86c3f10c843ba42af4d4,pope,google/gemma-4-E4B-it,4,10.0,0.0,0.0,0.0,0.0,1.0
state:ab3a7b3d0e157237f4b29640,pope,Qwen/Qwen3-VL-8B-Instruct,4,10.0,0.0,0.0,0.0,0.0,1.0
state:7ffa728a9158174964b2679b,hallusionbench,google/gemma-4-E4B-it,3,6.0,0.0,0.0,0.0,0.0,1.0
state:25f7b8eb2c734b94783ad48c,pope,Qwen/Qwen3-VL-8B-Instruct,4,10.0,0.0,0.0,0.0,0.0,1.0
state:058c6bf8ef0d69c280f6f6b1,pope,google/gemma-4-E4B-it,2,2.0,0.0,0.0,0.0,0.0,1.0
state:499b2297a840a3485c802b1b,vizwiz,Qwen/Qwen3-VL-8B-Instruct,4,10.0,0.0,0.0,0.0,0.0,1.0
state:a9642b9447ec33d9170b5365,pope,Qwen/Qwen3-VL-8B-Instruct,2,2.0,0.0,0.0,0.0,0.0,1.0
state:71ad50d4c58931ae0c9fd9c9,pope,google/gemma-4-E4B-it,4,10.0,0.0,0.0,0.0,0.0,1.0
state:693135363a74922002e706d5,pope,google/gemma-4-E4B-it,3,6.0,0.0,0.0,0.0,0.0,1.0
state:b91de780c666c775514966a5,vsr,Qwen/Qwen3-VL-8B-Instruct,2,2.0,0.0,0.0,0.0,0.0,1.0
state:769b3727146df85dd02fa41e,vsr,google/gemma-4-E4B-it,4,10.0,0.0,0.0,0.0,0.0,1.0
state:b586f5a6d1fc373a07828e3d,vizwiz,google/gemma-4-E4B-it,3,6.0,0.0,0.0,0.0,0.0,1.0
state:29db1703fa914d827c7e3ab4,pope,Qwen/Qwen3-VL-8B-Instruct,2,2.0,0.0,0.0,0.0,0.0,1.0
state:f809975423b36f9e44b2c795,pope,google/gemma-4-E4B-it,2,2.0,0.0,0.0,0.0,0.0,1.0
state:06b41b152bd75565e0771441,pope,Qwen/Qwen3-VL-8B-Instruct,2,2.0,0.0,0.0,0.0,0.0,1.0
state:31df5e59902605d5d3c2268f,vizwiz,google/gemma-4-E4B-it,4,10.0,0.0,0.0,0.0,0.0,1.0
state:6d4f0199cab95429bcc17fb8,vizwiz,google/gemma-4-E4B-it,4,10.0,0.0,0.0,0.0,0.0,1.0
state:e253228b2a892cc4cd119151,vizwiz,Qwen/Qwen3-VL-8B-Instruct,2,2.0,0.0,0.0,0.0,0.0,1.0
state:3e57b99eab384c3fb1b64372,vizwiz,google/gemma-4-E4B-it,4,10.0,0.0,0.0,0.0,0.0,1.0
state:d60ca381c3084037699c1ec1,vizwiz,Qwen/Qwen3-VL-8B-Instruct,2,2.0,0.0,0.0,0.0,0.0,1.0
state:80ac9611b4dc48a71fb8f397,pope,Qwen/Qwen3-VL-8B-Instruct,4,10.0,0.0,0.0,0.0,0.0,1.0
state:26d56917588a373bd49049b3,vizwiz,Qwen/Qwen3-VL-8B-Instruct,4,10.0,0.0,0.0,0.0,0.0,1.0
state:e00438d5e1072a4b6208ed24,vizwiz,google/gemma-4-E4B-it,4,10.0,0.0,0.0,0.0,0.0,1.0
state:70c1e47b9029fa657985100a,vizwiz,Qwen/Qwen3-VL-8B-Instruct,2,2.0,0.0,0.0,0.0,0.0,1.0
state:886f3f96aad4e4b6b851d5e4,vizwiz,Qwen/Qwen3-VL-8B-Instruct,3,6.0,0.0,0.0,0.0,0.0,1.0
state:42d5c86ff7d72ad44533fe10,vizwiz,google/gemma-4-E4B-it,3,6.0,0.0,0.0,0.0,0.0,1.0
state:8e96e3700a4d4e8511ed246d,pope,google/gemma-4-E4B-it,2,2.0,0.0,0.0,0.0,0.0,1.0
state:a5b1d7cd5247d605e0524fcd,hallusionbench,google/gemma-4-E4B-it,2,2.0,0.0,0.0,0.0,0.0,1.0
state:ed924f6e31157c6cf02d5dad,pope,Qwen/Qwen3-VL-8B-Instruct,3,6.0,0.0,0.0,0.0,0.0,1.0
state:c4820bab242d1d62ac6b65e5,vizwiz,google/gemma-4-E4B-it,2,2.0,0.0,0.0,0.0,0.0,1.0
state:dbd78b899ba6303f37fc4b79,pope,Qwen/Qwen3-VL-8B-Instruct,4,10.0,0.0,0.0,0.0,0.0,1.0
state:83fa7938463abd83fc06aa33,pope,Qwen/Qwen3-VL-8B-Instruct,4,10.0,0.0,0.0,0.0,0.0,1.0
state:6a364c0fc13cfaba8f0423e9,vizwiz,google/gemma-4-E4B-it,3,6.0,0.0,0.0,0.0,0.0,1.0
state:237c16ca23ed48f91cbb69a1,pope,google/gemma-4-E4B-it,3,6.0,0.0,0.0,0.0,0.0,1.0
state:868ec09815acd7c133e5cbb0,vsr,Qwen/Qwen3-VL-8B-Instruct,3,6.0,0.0,0.0,0.0,0.0,1.0
state:0f2e5cec7e35d453fde70ec9,pope,google/gemma-4-E4B-it,2,2.0,0.0,0.0,0.0,0.0,1.0
state:bb602dbb7da9c2c79546665e,vizwiz,google/gemma-4-E4B-it,2,2.0,0.0,0.0,0.0,0.0,1.0
state:298f30e1d8293b1d80643309,vsr,Qwen/Qwen3-VL-8B-Instruct,4,10.0,0.0,0.0,0.0,0.0,1.0
state:ecdfd8c28006a1ad3bee9aef,vizwiz,Qwen/Qwen3-VL-8B-Instruct,4,10.0,0.0,0.0,0.0,0.0,1.0
state:dbf4c0aa6894c690ec1215c8,vsr,Qwen/Qwen3-VL-8B-Instruct,2,2.0,0.0,0.0,0.0,0.0,1.0
state:88ebff6d6f1fb4b7d82df3c9,vizwiz,Qwen/Qwen3-VL-8B-Instruct,3,6.0,0.0,0.0,0.0,0.0,1.0
state:9ee0dd657efac3a15eef9c29,vizwiz,Qwen/Qwen3-VL-8B-Instruct,3,6.0,0.0,0.0,0.0,0.0,1.0
state:244be58314d88b0fc0d4f6f0,pope,google/gemma-4-E4B-it,4,10.0,0.0,0.0,0.0,0.0,1.0
state:6f2608fa81793466cd97f9a9,pope,google/gemma-4-E4B-it,3,6.0,0.0,0.0,0.0,0.0,1.0
state:22fe19d587b1fd1aa2e95746,vizwiz,Qwen/Qwen3-VL-8B-Instruct,2,2.0,0.0,0.0,0.0,0.0,1.0
state:427b45299e48876562b8a220,hallusionbench,google/gemma-4-E4B-it,2,2.0,0.0,0.0,0.0,0.0,1.0
state:c7c5ddfde6edc1367e307c3d,vizwiz,Qwen/Qwen3-VL-8B-Instruct,3,6.0,0.0,0.0,0.0,0.0,1.0
state:4f34b88de864c6a993181de7,hallusionbench,google/gemma-4-E4B-it,3,6.0,0.0,0.0,0.0,0.0,1.0
state:4627af3ad5345229c84f5c80,hallusionbench,google/gemma-4-E4B-it,2,2.0,0.0,0.0,0.0,0.0,1.0
state:5a30722ce0306ee0dd0c5d44,pope,Qwen/Qwen3-VL-8B-Instruct,2,2.0,0.0,0.0,0.0,0.0,1.0
state:d60b7458f63ee0d26a467d3d,vizwiz,Qwen/Qwen3-VL-8B-Instruct,3,6.0,0.0,0.0,0.0,0.0,1.0
state:c5506a7fdd9801ec948d2077,pope,google/gemma-4-E4B-it,3,6.0,0.0,0.0,0.0,0.0,1.0
state:1e631b704c72d321e2e21f76,pope,google/gemma-4-E4B-it,3,6.0,0.0,0.0,0.0,0.0,1.0
state:b562c9f5bddacadda0314055,hallusionbench,google/gemma-4-E4B-it,3,6.0,0.0,0.0,0.0,0.0,1.0
state:3dd7fafa0b7d0b17c32b2457,vsr,google/gemma-4-E4B-it,3,6.0,0.0,0.0,0.0,0.0,1.0
state:79f81305b0da31e27007e110,pope,Qwen/Qwen3-VL-8B-Instruct,4,10.0,0.0,0.0,0.0,0.0,1.0
state:b4382c6c4b498aa5567cf7fa,vizwiz,Qwen/Qwen3-VL-8B-Instruct,4,10.0,0.0,0.0,0.0,0.0,1.0
state:3eacbb77595ff1aaa0a6b03d,hallusionbench,Qwen/Qwen3-VL-8B-Instruct,4,10.0,0.0,0.0,0.0,0.0,1.0
state:799cc9b0f9ae5bb382edb655,hallusionbench,Qwen/Qwen3-VL-8B-Instruct,3,6.0,0.0,0.0,0.0,0.0,1.0
state:192f4922527284393f21aff3,pope,google/gemma-4-E4B-it,3,6.0,0.0,0.0,0.0,0.0,1.0
state:231e31955c1ade4695edc276,pope,Qwen/Qwen3-VL-8B-Instruct,4,10.0,0.0,0.0,0.0,0.0,1.0
state:2eeb13ae215c7b52ee09fd02,hallusionbench,Qwen/Qwen3-VL-8B-Instruct,4,10.0,0.0,0.0,0.0,0.0,1.0
state:e3a436f9b507f3825f3079de,pope,Qwen/Qwen3-VL-8B-Instruct,2,2.0,0.0,0.0,0.0,0.0,1.0
state:df1f9e2f990480336397393b,hallusionbench,google/gemma-4-E4B-it,3,6.0,0.0,0.0,0.0,0.0,1.0
state:dfdd0490dc7853147a808c5a,vizwiz,google/gemma-4-E4B-it,2,2.0,0.0,0.0,0.0,0.0,1.0
state:090127469dacfda581a25dbf,pope,Qwen/Qwen3-VL-8B-Instruct,3,6.0,0.0,0.0,0.0,0.0,1.0
state:6e2d8f55dd06a2e7032db54e,pope,Qwen/Qwen3-VL-8B-Instruct,2,2.0,0.0,0.0,0.0,0.0,1.0
state:a3ff4e9956dcd11b23ba00f4,vizwiz,google/gemma-4-E4B-it,4,10.0,0.0,0.0,0.0,0.0,1.0
state:ee144b0b176674095d8ede0f,pope,Qwen/Qwen3-VL-8B-Instruct,4,10.0,0.0,0.0,0.0,0.0,1.0
state:9237f3d3a6dcac870bfa4613,vizwiz,Qwen/Qwen3-VL-8B-Instruct,3,6.0,0.0,0.0,0.0,0.0,1.0
state:a47b89adfdee6151bfd0bda1,hallusionbench,google/gemma-4-E4B-it,2,2.0,0.0,0.0,0.0,0.0,1.0
state:75250ca9db54fee5ccd40216,pope,google/gemma-4-E4B-it,2,2.0,0.0,0.0,0.0,0.0,1.0
state:db687a1b0d62cdced6194897,pope,Qwen/Qwen3-VL-8B-Instruct,2,2.0,0.0,0.0,0.0,0.0,1.0
state:743357eac057f1ec77277bb9,pope,Qwen/Qwen3-VL-8B-Instruct,2,2.0,0.0,0.0,0.0,0.0,1.0
state:34de92b015d98712e8389e66,pope,Qwen/Qwen3-VL-8B-Instruct,3,6.0,0.0,0.0,0.0,0.0,1.0
state:7709fea1c4fa294c52d7d45d,hallusionbench,google/gemma-4-E4B-it,4,10.0,0.0,0.0,0.0,0.0,1.0
state:3e64ac05c26e6fbc6dd7d17c,pope,google/gemma-4-E4B-it,4,10.0,0.0,0.0,0.0,0.0,1.0
state:e46a1e17598b95f8184e809a,vizwiz,Qwen/Qwen3-VL-8B-Instruct,3,6.0,0.0,0.0,0.0,0.0,1.0
state:987e892fb52a9dbc3b7979d6,hallusionbench,Qwen/Qwen3-VL-8B-Instruct,4,10.0,0.0,0.0,0.0,0.0,1.0
state:4a1f5af15eb014d8d7db5d44,pope,Qwen/Qwen3-VL-8B-Instruct,2,2.0,0.0,0.0,0.0,0.0,1.0
state:39e1e5620f6b55bcfbcbb1ac,pope,Qwen/Qwen3-VL-8B-Instruct,3,6.0,0.0,0.0,0.0,0.0,1.0
state:858dd4d095b9cd90069e3ac3,vizwiz,Qwen/Qwen3-VL-8B-Instruct,4,10.0,0.0,0.0,0.0,0.0,1.0
state:4d3962b70dfc032f6384913a,hallusionbench,google/gemma-4-E4B-it,4,10.0,0.0,0.0,0.0,0.0,1.0
state:d22dcf13063e169b738c95e3,vizwiz,Qwen/Qwen3-VL-8B-Instruct,3,6.0,0.0,0.0,0.0,0.0,1.0
state:759ca1176a1fac4e3e3457bf,hallusionbench,google/gemma-4-E4B-it,2,2.0,0.0,0.0,0.0,0.0,1.0
state:2fdb345debea2a0244cd2e21,pope,Qwen/Qwen3-VL-8B-Instruct,4,10.0,0.0,0.0,0.0,0.0,1.0
state:1b2a854fb4783bc2e486b761,pope,Qwen/Qwen3-VL-8B-Instruct,2,2.0,0.0,0.0,0.0,0.0,1.0
state:57c17f333e74ba1f5984f97a,hallusionbench,Qwen/Qwen3-VL-8B-Instruct,2,2.0,0.0,0.0,0.0,0.0,1.0
state:b5094b0c0608a165ea48abad,pope,Qwen/Qwen3-VL-8B-Instruct,2,2.0,0.0,0.0,0.0,0.0,1.0
state:39227f11399ce1cb92df6caa,vizwiz,Qwen/Qwen3-VL-8B-Instruct,2,2.0,0.0,0.0,0.0,0.0,1.0
state:8c14343caf0911281a2d83f2,pope,google/gemma-4-E4B-it,3,6.0,0.0,0.0,0.0,0.0,1.0
state:dcb22a0cd1c08300eb93f67d,vizwiz,google/gemma-4-E4B-it,4,10.0,0.0,0.0,0.0,0.0,1.0
state:c1cd53a8fb2265b4222737cb,vizwiz,google/gemma-4-E4B-it,2,2.0,0.0,0.0,0.0,0.0,1.0
state:640f27899fa75022680182d5,pope,google/gemma-4-E4B-it,2,2.0,0.0,0.0,0.0,0.0,1.0
state:2bb34bf771b10cf20e309e38,vizwiz,Qwen/Qwen3-VL-8B-Instruct,4,10.0,0.0,0.0,0.0,0.0,1.0
state:a3c13f8e9181ff9e4dc285b1,vizwiz,Qwen/Qwen3-VL-8B-Instruct,4,10.0,0.0,0.0,0.0,0.0,1.0
state:cdc0d5b0970201738a655630,hallusionbench,google/gemma-4-E4B-it,4,10.0,0.0,0.0,0.0,0.0,1.0
state:a1947346351434c4e3a6d609,vizwiz,Qwen/Qwen3-VL-8B-Instruct,2,2.0,0.0,0.0,0.0,0.0,1.0
state:2f20e6d7eae771e459086591,pope,Qwen/Qwen3-VL-8B-Instruct,3,6.0,0.0,0.0,0.0,0.0,1.0
state:9640845670e3903364e2ed1c,vizwiz,Qwen/Qwen3-VL-8B-Instruct,3,6.0,0.0,0.0,0.0,0.0,1.0
state:eb894068cd57eca5cce6e045,pope,Qwen/Qwen3-VL-8B-Instruct,2,2.0,0.0,0.0,0.0,0.0,1.0
state:dbc869175100f2b659283dd8,pope,Qwen/Qwen3-VL-8B-Instruct,3,6.0,0.0,0.0,0.0,0.0,1.0
state:99e5a88ad1de34f528742bf7,vizwiz,google/gemma-4-E4B-it,2,2.0,0.0,0.0,0.0,0.0,1.0
state:5aecb72bf5a325241236df78,vizwiz,google/gemma-4-E4B-it,2,2.0,0.0,0.0,0.0,0.0,1.0
state:299cc60925bd856bbfb8e4cc,pope,google/gemma-4-E4B-it,3,6.0,0.0,0.0,0.0,0.0,1.0
state:769a16edb6a035931354e6a6,pope,google/gemma-4-E4B-it,3,6.0,0.0,0.0,0.0,0.0,1.0
state:29139a3f9ae29ab8eb96a99e,vizwiz,google/gemma-4-E4B-it,4,10.0,0.0,0.0,0.0,0.0,1.0
state:1dda86400ef7cd6029811e52,hallusionbench,Qwen/Qwen3-VL-8B-Instruct,4,10.0,0.0,0.0,0.0,0.0,1.0
state:1e491440d56ebeae6eb2cedc,hallusionbench,google/gemma-4-E4B-it,2,2.0,0.0,0.0,0.0,0.0,1.0
state:fb748af7141a6f91ba8a5364,vizwiz,google/gemma-4-E4B-it,2,2.0,0.0,0.0,0.0,0.0,1.0
state:6be58a7e30b40246dd4afbde,pope,Qwen/Qwen3-VL-8B-Instruct,4,10.0,0.0,0.0,0.0,0.0,1.0
state:f9d6cf2517911cec4c60f58c,pope,google/gemma-4-E4B-it,4,10.0,0.0,0.0,0.0,0.0,1.0
state:00208bf783f1cfb3e1ccb655,vsr,Qwen/Qwen3-VL-8B-Instruct,2,2.0,0.0,0.0,0.0,0.0,1.0
state:fa89462ad4c15083e1e0ac10,pope,Qwen/Qwen3-VL-8B-Instruct,3,6.0,0.0,0.0,0.0,0.0,1.0
state:7ba83f5a8933b1f949a26ea0,vizwiz,google/gemma-4-E4B-it,4,10.0,0.0,0.0,0.0,0.0,1.0
state:f5de5c7cf6f0ceedee5d43df,hallusionbench,Qwen/Qwen3-VL-8B-Instruct,3,6.0,0.0,0.0,0.0,0.0,1.0
state:a8f4b3fc2b567f7f5d39a145,hallusionbench,google/gemma-4-E4B-it,4,10.0,0.0,0.0,0.0,0.0,1.0
state:b21f1ab3910cb66109c2c201,pope,google/gemma-4-E4B-it,3,6.0,0.0,0.0,0.0,0.0,1.0
state:30ee30290f6b18a91ddc42b3,pope,Qwen/Qwen3-VL-8B-Instruct,4,10.0,0.0,0.0,0.0,0.0,1.0
state:3bd815e4882bc7a90bdcd253,hallusionbench,Qwen/Qwen3-VL-8B-Instruct,4,10.0,0.0,0.0,0.0,0.0,1.0
state:13523c27baf5ec53a9a4514d,pope,Qwen/Qwen3-VL-8B-Instruct,2,2.0,0.0,0.0,0.0,0.0,1.0
state:f36e1bfc60a513798274f7c6,vizwiz,google/gemma-4-E4B-it,3,6.0,0.0,0.0,0.0,0.0,1.0
state:6bd2be6ca8b7e93676816579,vizwiz,Qwen/Qwen3-VL-8B-Instruct,3,6.0,0.0,0.0,0.0,0.0,1.0
state:9e15413976639b3b62801a0a,vsr,google/gemma-4-E4B-it,4,10.0,0.0,0.0,0.0,0.0,1.0
state:0c4647e87ca4414e1636ca49,pope,google/gemma-4-E4B-it,4,10.0,0.0,0.0,0.0,0.0,1.0
state:696f8e3a25b0127dc70f24c8,pope,google/gemma-4-E4B-it,2,2.0,0.0,0.0,0.0,0.0,1.0
state:1e848dfd336a58e716b6e365,vizwiz,google/gemma-4-E4B-it,2,2.0,0.0,0.0,0.0,0.0,1.0
state:f14fe8a415bbf8e99038963f,vizwiz,Qwen/Qwen3-VL-8B-Instruct,2,2.0,0.0,0.0,0.0,0.0,1.0
state:21523673e9ee7f3ad6849456,pope,Qwen/Qwen3-VL-8B-Instruct,2,2.0,0.0,0.0,0.0,0.0,1.0
state:facc4d0b913bd86fb833a9b6,pope,google/gemma-4-E4B-it,2,2.0,0.0,0.0,0.0,0.0,1.0
state:21a6dc7c7a0fb693b9983c33,vizwiz,Qwen/Qwen3-VL-8B-Instruct,2,2.0,0.0,0.0,0.0,0.0,1.0
state:c3cf92531334bf31675971f0,pope,Qwen/Qwen3-VL-8B-Instruct,4,10.0,0.0,0.0,0.0,0.0,1.0
state:03afdefe340c1135782028f6,pope,Qwen/Qwen3-VL-8B-Instruct,3,6.0,0.0,0.0,0.0,0.0,1.0
state:7b2e3269d5490a082a8781dc,vizwiz,google/gemma-4-E4B-it,2,2.0,0.0,0.0,0.0,0.0,1.0
state:9877e4f90f00785d95a61616,vizwiz,google/gemma-4-E4B-it,3,6.0,0.0,0.0,0.0,0.0,1.0
state:cd1d233289bbe3dd9aeafd40,pope,Qwen/Qwen3-VL-8B-Instruct,4,10.0,0.0,0.0,0.0,0.0,1.0
state:a0879f85cf82dcda91af6a7c,vizwiz,Qwen/Qwen3-VL-8B-Instruct,3,6.0,0.0,0.0,0.0,0.0,1.0
state:0d4103fc1f4257b33fc468d8,hallusionbench,Qwen/Qwen3-VL-8B-Instruct,3,6.0,0.0,0.0,0.0,0.0,1.0
state:090c92a37d027e13eeb9ce4a,pope,Qwen/Qwen3-VL-8B-Instruct,3,6.0,0.0,0.0,0.0,0.0,1.0
state:ac10f55f98fc841c334a8443,vizwiz,Qwen/Qwen3-VL-8B-Instruct,4,10.0,0.0,0.0,0.0,0.0,1.0
state:7ce3ffe45811b19d32902131,vizwiz,Qwen/Qwen3-VL-8B-Instruct,3,6.0,0.0,0.0,0.0,0.0,1.0
state:919d42cf42a33462fc2b1bf5,pope,google/gemma-4-E4B-it,3,6.0,0.0,0.0,0.0,0.0,1.0
state:9d68e93a630b07d84652f068,vizwiz,google/gemma-4-E4B-it,2,2.0,0.0,0.0,0.0,0.0,1.0
state:7dd96d79d4eac84b1d9e91aa,vizwiz,google/gemma-4-E4B-it,3,6.0,0.0,0.0,0.0,0.0,1.0
state:932739da578b76b96ef78a8e,pope,google/gemma-4-E4B-it,4,10.0,0.0,0.0,0.0,0.0,1.0
state:df6bd67b3cd2d0328feead14,vizwiz,google/gemma-4-E4B-it,3,6.0,0.0,0.0,0.0,0.0,1.0
state:33655c27a0e61c667982120d,vizwiz,google/gemma-4-E4B-it,3,6.0,0.0,0.0,0.0,0.0,1.0
state:c6d2d8f0d22e5152c2bd4f31,vizwiz,google/gemma-4-E4B-it,4,10.0,0.0,0.0,0.0,0.0,1.0
state:fffe694a3d96f542d13bbef1,hallusionbench,google/gemma-4-E4B-it,2,2.0,0.0,0.0,0.0,0.0,1.0
state:97bd541af7c0a941524a6f5f,pope,google/gemma-4-E4B-it,2,2.0,0.0,0.0,0.0,0.0,1.0
state:5df5d616a78a4970407ff099,hallusionbench,Qwen/Qwen3-VL-8B-Instruct,4,10.0,0.0,0.0,0.0,0.0,1.0
state:26b19e764b0a3f02308d0028,pope,Qwen/Qwen3-VL-8B-Instruct,3,6.0,0.0,0.0,0.0,0.0,1.0
state:f5fa853881f3fc6929f16ced,vizwiz,google/gemma-4-E4B-it,3,6.0,0.0,0.0,0.0,0.0,1.0
state:6c9c7b127713ff4e8bdb798b,pope,google/gemma-4-E4B-it,3,6.0,0.0,0.0,0.0,0.0,1.0
state:6a6414d2c0987e7e5602d84d,vizwiz,google/gemma-4-E4B-it,4,10.0,0.0,0.0,0.0,0.0,1.0
state:37ba7d13b3e7c5a5180adef2,pope,Qwen/Qwen3-VL-8B-Instruct,4,10.0,0.0,0.0,0.0,0.0,1.0
state:a005017baac1ed83dd7fbcda,vizwiz,Qwen/Qwen3-VL-8B-Instruct,4,10.0,0.0,0.0,0.0,0.0,1.0
state:a8379c9e70ee6b84ab63f666,pope,Qwen/Qwen3-VL-8B-Instruct,4,10.0,0.0,0.0,0.0,0.0,1.0
state:5a9ea814568c523bca1868aa,vizwiz,Qwen/Qwen3-VL-8B-Instruct,3,6.0,0.0,0.0,0.0,0.0,1.0
state:5cfe3e75cb46ded376e29e47,pope,Qwen/Qwen3-VL-8B-Instruct,2,2.0,0.0,0.0,0.0,0.0,1.0
state:45c8672aff755d02f52c79dc,hallusionbench,google/gemma-4-E4B-it,2,2.0,0.0,0.0,0.0,0.0,1.0
state:c391eb61444020b6d91a0670,vizwiz,google/gemma-4-E4B-it,2,2.0,0.0,0.0,0.0,0.0,1.0
state:6b97af375b56307b1bbbc1b7,vizwiz,google/gemma-4-E4B-it,4,10.0,0.0,0.0,0.0,0.0,1.0
state:73e89ff8e04715e952b26882,vizwiz,Qwen/Qwen3-VL-8B-Instruct,2,2.0,0.0,0.0,0.0,0.0,1.0
state:4af8f8e5fceb8d5335617230,hallusionbench,google/gemma-4-E4B-it,4,10.0,0.0,0.0,0.0,0.0,1.0
state:159c8d4ce323e637cf544d4e,pope,google/gemma-4-E4B-it,3,6.0,0.0,0.0,0.0,0.0,1.0
state:828d3fe38e72f20cc41f0b72,vizwiz,google/gemma-4-E4B-it,4,10.0,0.0,0.0,0.0,0.0,1.0
state:06ca3c9d59f3596e745dbe7a,pope,google/gemma-4-E4B-it,3,6.0,0.0,0.0,0.0,0.0,1.0
state:9f22fb7cdb58567e0a99b226,vizwiz,google/gemma-4-E4B-it,4,10.0,0.0,0.0,0.0,0.0,1.0
state:c27cacf3f5c317b7a321ad3b,pope,Qwen/Qwen3-VL-8B-Instruct,4,10.0,0.0,0.0,0.0,0.0,1.0
state:db0afd539eb6dacec739b956,vizwiz,Qwen/Qwen3-VL-8B-Instruct,2,2.0,0.0,0.0,0.0,0.0,1.0
state:fa0f60c153344ef3af585949,vizwiz,Qwen/Qwen3-VL-8B-Instruct,3,6.0,0.0,0.0,0.0,0.0,1.0
state:9d40a5f4ef6ebf5dd2e699fb,pope,google/gemma-4-E4B-it,4,10.0,0.0,0.0,0.0,0.0,1.0
state:16cf03757d1dc2bf035c680b,vizwiz,google/gemma-4-E4B-it,4,10.0,0.0,0.0,0.0,0.0,1.0
state:85429a110fa781c0ef7416b8,pope,google/gemma-4-E4B-it,3,6.0,0.0,0.0,0.0,0.0,1.0
state:9626318216a3075265dd44c4,pope,Qwen/Qwen3-VL-8B-Instruct,3,6.0,0.0,0.0,0.0,0.0,1.0
state:ccbaa877f614a2963ca7a89c,vizwiz,Qwen/Qwen3-VL-8B-Instruct,3,6.0,0.0,0.0,0.0,0.0,1.0
state:63bf39da1c28591a9ed652fe,vizwiz,google/gemma-4-E4B-it,3,6.0,0.0,0.0,0.0,0.0,1.0
state:69998825a82569aa629ea405,pope,google/gemma-4-E4B-it,2,2.0,0.0,0.0,0.0,0.0,1.0
state:8bd395b3924894e0cc7979ff,pope,google/gemma-4-E4B-it,3,6.0,0.0,0.0,0.0,0.0,1.0
state:684cda89c4034b99da58ccff,vsr,Qwen/Qwen3-VL-8B-Instruct,3,6.0,0.0,0.0,0.0,0.0,1.0
state:756286239815a9aeedbacb7d,pope,google/gemma-4-E4B-it,2,2.0,0.0,0.0,0.0,0.0,1.0
state:6e020128b370501ae5d677a1,vsr,Qwen/Qwen3-VL-8B-Instruct,2,2.0,0.0,0.0,0.0,0.0,1.0
state:a3904e533d4f52024fbc8c5c,vizwiz,google/gemma-4-E4B-it,4,10.0,0.0,0.0,0.0,0.0,1.0
state:8d1f2bb0976b99666657074d,pope,Qwen/Qwen3-VL-8B-Instruct,3,6.0,0.0,0.0,0.0,0.0,1.0
state:3940ec68400b68a7cf812f5d,vizwiz,google/gemma-4-E4B-it,3,6.0,0.0,0.0,0.0,0.0,1.0
state:25de199c10626ae5f6044053,pope,Qwen/Qwen3-VL-8B-Instruct,2,2.0,0.0,0.0,0.0,0.0,1.0
state:47388244f3ab3929b9cb4af2,vizwiz,Qwen/Qwen3-VL-8B-Instruct,4,10.0,0.0,0.0,0.0,0.0,1.0
state:dc2ac0eb2f26b32dce147908,hallusionbench,google/gemma-4-E4B-it,4,10.0,0.0,0.0,0.0,0.0,1.0
state:4d9925304c6004d0eb774421,hallusionbench,google/gemma-4-E4B-it,4,10.0,0.0,0.0,0.0,0.0,1.0
state:4be410f1ecad1e8e560cb34f,hallusionbench,Qwen/Qwen3-VL-8B-Instruct,4,10.0,0.0,0.0,0.0,0.0,1.0
state:ead8252c670eb7bec87710e3,pope,google/gemma-4-E4B-it,4,10.0,0.0,0.0,0.0,0.0,1.0
state:0154070b7654fb20b6d51b69,pope,Qwen/Qwen3-VL-8B-Instruct,2,2.0,0.0,0.0,0.0,0.0,1.0
state:9e5a1e3b52ef68330ad94225,hallusionbench,google/gemma-4-E4B-it,4,10.0,0.0,0.0,0.0,0.0,1.0
state:ebe94c8b2d2ee0f8be98a8c3,pope,Qwen/Qwen3-VL-8B-Instruct,3,6.0,0.0,0.0,0.0,0.0,1.0
state:af8b17bf5218305de89449c4,pope,google/gemma-4-E4B-it,3,6.0,0.0,0.0,0.0,0.0,1.0
state:2acfdc26a18a3121bebc6107,pope,Qwen/Qwen3-VL-8B-Instruct,4,10.0,0.0,0.0,0.0,0.0,1.0
state:41d77e91950b37e791dc049d,hallusionbench,Qwen/Qwen3-VL-8B-Instruct,3,6.0,0.0,0.0,0.0,0.0,1.0
state:f8ee43c475a8e6705a582c37,vsr,Qwen/Qwen3-VL-8B-Instruct,4,10.0,0.0,0.0,0.0,0.0,1.0
state:05984aaf9ad897e2d1ed556c,pope,Qwen/Qwen3-VL-8B-Instruct,4,10.0,0.0,0.0,0.0,0.0,1.0
state:29ebf55d954a02c4d204c3fd,vizwiz,Qwen/Qwen3-VL-8B-Instruct,2,2.0,0.0,0.0,0.0,0.0,1.0
state:16729c1f61fd80434431b4f9,vizwiz,Qwen/Qwen3-VL-8B-Instruct,3,6.0,0.0,0.0,0.0,0.0,1.0
state:f6d4417e25b387cb1b87ac5e,vizwiz,Qwen/Qwen3-VL-8B-Instruct,2,2.0,0.0,0.0,0.0,0.0,1.0
state:e437c5599c9105b119874dcb,vsr,Qwen/Qwen3-VL-8B-Instruct,2,2.0,0.0,0.0,0.0,0.0,1.0
state:7517fea334f2d6ce884fb8b1,hallusionbench,Qwen/Qwen3-VL-8B-Instruct,3,6.0,0.0,0.0,0.0,0.0,1.0
state:9f9a2b5dc1e4ba2ff78a0191,vizwiz,Qwen/Qwen3-VL-8B-Instruct,2,2.0,0.0,0.0,0.0,0.0,1.0
state:6ecdfdab28da787bd1f0810f,vizwiz,Qwen/Qwen3-VL-8B-Instruct,2,2.0,0.0,0.0,0.0,0.0,1.0
state:c21157860e581e33c3fb9e88,pope,Qwen/Qwen3-VL-8B-Instruct,3,6.0,0.0,0.0,0.0,0.0,1.0
state:5dd89e044d98ace3c71cfbf4,vizwiz,Qwen/Qwen3-VL-8B-Instruct,4,10.0,0.0,0.0,0.0,0.0,1.0
state:8489dee2ff19ddb9e79bf178,vizwiz,Qwen/Qwen3-VL-8B-Instruct,2,2.0,0.0,0.0,0.0,0.0,1.0
state:fc92fa0e4f94e76b909cd35c,vizwiz,Qwen/Qwen3-VL-8B-Instruct,3,6.0,0.0,0.0,0.0,0.0,1.0
state:1379af606e0d609b2d073e35,vsr,google/gemma-4-E4B-it,2,2.0,0.0,0.0,0.0,0.0,1.0
state:9e34eb6fe6f4a6cf3d50aa7f,vizwiz,Qwen/Qwen3-VL-8B-Instruct,2,2.0,0.0,0.0,0.0,0.0,1.0
state:19513653f4e37cc3c3f3a09c,vizwiz,Qwen/Qwen3-VL-8B-Instruct,3,6.0,0.0,0.0,0.0,0.0,1.0
state:54f7d3ce0c3674bf9b94abb8,vizwiz,google/gemma-4-E4B-it,4,10.0,0.0,0.0,0.0,0.0,1.0
state:fa06b3f33f16bbe2d0f4c75f,vizwiz,Qwen/Qwen3-VL-8B-Instruct,3,6.0,0.0,0.0,0.0,0.0,1.0
state:798c70de013d8e70b838b80d,vizwiz,google/gemma-4-E4B-it,4,10.0,0.0,0.0,0.0,0.0,1.0
state:b074adcca470ced1aad44788,pope,Qwen/Qwen3-VL-8B-Instruct,2,2.0,0.0,0.0,0.0,0.0,1.0
state:a518eaeca6e6cb5e9047249e,vizwiz,google/gemma-4-E4B-it,2,2.0,0.0,0.0,0.0,0.0,1.0
state:07b07a3a0272a1e12e7a82b6,vizwiz,Qwen/Qwen3-VL-8B-Instruct,3,6.0,0.0,0.0,0.0,0.0,1.0
state:71c5fe8803ec368c61a8b684,pope,google/gemma-4-E4B-it,2,2.0,0.0,0.0,0.0,0.0,1.0
state:bc828a800337b151efe84308,pope,Qwen/Qwen3-VL-8B-Instruct,3,6.0,0.0,0.0,0.0,0.0,1.0
state:187856038b87eaf299952891,pope,Qwen/Qwen3-VL-8B-Instruct,2,2.0,0.0,0.0,0.0,0.0,1.0
state:fa56bcaef8f1b7815d7f7896,vizwiz,Qwen/Qwen3-VL-8B-Instruct,2,2.0,0.0,0.0,0.0,0.0,1.0
state:b08774d8d7e82094dd291291,pope,google/gemma-4-E4B-it,3,6.0,0.0,0.0,0.0,0.0,1.0
state:f03fe172fe3e39beda85daf7,vizwiz,Qwen/Qwen3-VL-8B-Instruct,4,10.0,0.0,0.0,0.0,0.0,1.0
state:4507a9eef490b856a3073aea,vizwiz,google/gemma-4-E4B-it,2,2.0,0.0,0.0,0.0,0.0,1.0
state:a552c5ef576c46283a6b9c47,hallusionbench,google/gemma-4-E4B-it,2,2.0,0.0,0.0,0.0,0.0,1.0
state:c4e465050c7f4a9c642d5a89,vsr,google/gemma-4-E4B-it,4,10.0,0.0,0.0,0.0,0.0,1.0
state:e25591ca3055bf5a237bd2dd,vsr,Qwen/Qwen3-VL-8B-Instruct,3,6.0,0.0,0.0,0.0,0.0,1.0
state:74a4661755d0b12753a5241b,pope,google/gemma-4-E4B-it,3,6.0,0.0,0.0,0.0,0.0,1.0
state:db4789bb7433a528a6a5f0ee,vizwiz,Qwen/Qwen3-VL-8B-Instruct,2,2.0,0.0,0.0,0.0,0.0,1.0
state:89ba48f800d7dd516af3f7bb,vizwiz,google/gemma-4-E4B-it,3,6.0,0.0,0.0,0.0,0.0,1.0
state:b37783415d42218870adc78f,vsr,google/gemma-4-E4B-it,3,6.0,0.0,0.0,0.0,0.0,1.0
state:9d916ca71a2d1b8f95d8a118,vsr,google/gemma-4-E4B-it,2,2.0,0.0,0.0,0.0,0.0,1.0
state:2b39be8b20f49907e93b31d9,pope,Qwen/Qwen3-VL-8B-Instruct,3,6.0,0.0,0.0,0.0,0.0,1.0
state:b90b1aa5d10514ec18877089,vizwiz,google/gemma-4-E4B-it,3,6.0,0.0,0.0,0.0,0.0,1.0
state:c5856a36912fac0fdbb64013,pope,google/gemma-4-E4B-it,2,2.0,0.0,0.0,0.0,0.0,1.0
state:a962bedbe49fa4a9ffdfd448,vizwiz,google/gemma-4-E4B-it,2,2.0,0.0,0.0,0.0,0.0,1.0
state:45fa2d5c533c8da49466a3d0,pope,Qwen/Qwen3-VL-8B-Instruct,2,2.0,0.0,0.0,0.0,0.0,1.0
state:635587145f1d2271dc1a996b,pope,google/gemma-4-E4B-it,3,6.0,0.0,0.0,0.0,0.0,1.0
state:878f872af8d9292a500c5c01,vizwiz,google/gemma-4-E4B-it,3,6.0,0.0,0.0,0.0,0.0,1.0
state:de2e401920f05229c2a353f7,hallusionbench,Qwen/Qwen3-VL-8B-Instruct,2,2.0,0.0,0.0,0.0,0.0,1.0
state:1fbb252c320f66b558676296,vsr,Qwen/Qwen3-VL-8B-Instruct,4,10.0,0.0,0.0,0.0,0.0,1.0
state:6a949850ed39e5d99665b4c9,pope,Qwen/Qwen3-VL-8B-Instruct,3,6.0,0.0,0.0,0.0,0.0,1.0
state:32f81c0822cc3236bdf9cba9,vsr,Qwen/Qwen3-VL-8B-Instruct,3,6.0,0.0,0.0,0.0,0.0,1.0
state:7a90cd31e259a3d449a311ce,pope,Qwen/Qwen3-VL-8B-Instruct,4,10.0,0.0,0.0,0.0,0.0,1.0
state:872613bc66b9de5806c91e05,pope,google/gemma-4-E4B-it,4,10.0,0.0,0.0,0.0,0.0,1.0
state:a1c6e83631b0294e41f6fa4f,pope,Qwen/Qwen3-VL-8B-Instruct,3,6.0,0.0,0.0,0.0,0.0,1.0
state:6d3a541b52ab18db3d6ddb86,hallusionbench,google/gemma-4-E4B-it,4,10.0,0.0,0.0,0.0,0.0,1.0
state:4dccb8094433791b57adbf24,pope,Qwen/Qwen3-VL-8B-Instruct,2,2.0,0.0,0.0,0.0,0.0,1.0
state:cfa1f0e624b49491b9ec7b40,hallusionbench,google/gemma-4-E4B-it,3,6.0,0.0,0.0,0.0,0.0,1.0
state:6b0addee0d2fb7e084638184,hallusionbench,Qwen/Qwen3-VL-8B-Instruct,4,10.0,0.0,0.0,0.0,0.0,1.0
state:eab31bd545e6d62828d5bf4a,pope,Qwen/Qwen3-VL-8B-Instruct,2,2.0,0.0,0.0,0.0,0.0,1.0
state:34b0227ec7b9cb514fc9fc99,pope,google/gemma-4-E4B-it,4,10.0,0.0,0.0,0.0,0.0,1.0
state:15373df8ec55d9cf7eddf02c,pope,google/gemma-4-E4B-it,3,6.0,0.0,0.0,0.0,0.0,1.0
state:149573141ac66e30a14392f8,vizwiz,google/gemma-4-E4B-it,2,2.0,0.0,0.0,0.0,0.0,1.0
state:5fbec5dbed0db5353f6d2246,vizwiz,Qwen/Qwen3-VL-8B-Instruct,3,6.0,0.0,0.0,0.0,0.0,1.0
state:66783faf50ddeed0a175c0be,pope,Qwen/Qwen3-VL-8B-Instruct,3,6.0,0.0,0.0,0.0,0.0,1.0
state:9e5c5ee04b17fb5c7dd918b9,vizwiz,Qwen/Qwen3-VL-8B-Instruct,4,10.0,0.0,0.0,0.0,0.0,1.0
state:ad77172f41c69a8d240ded79,vsr,google/gemma-4-E4B-it,4,10.0,0.0,0.0,0.0,0.0,1.0
state:6a39582548645a884d77651e,pope,Qwen/Qwen3-VL-8B-Instruct,3,6.0,0.0,0.0,0.0,0.0,1.0
state:7a0e03dd7e4218e5b3bfd396,vizwiz,Qwen/Qwen3-VL-8B-Instruct,2,2.0,0.0,0.0,0.0,0.0,1.0
state:6233c2465c63ce63015bbf0e,vizwiz,google/gemma-4-E4B-it,2,2.0,0.0,0.0,0.0,0.0,1.0
state:45e4341b91c0faeb61f4117b,pope,google/gemma-4-E4B-it,4,10.0,0.0,0.0,0.0,0.0,1.0
state:4fd478bf045cd54c62ab06b4,pope,Qwen/Qwen3-VL-8B-Instruct,4,10.0,0.0,0.0,0.0,0.0,1.0
state:2c30536d7c0b5ce824b82201,hallusionbench,Qwen/Qwen3-VL-8B-Instruct,2,2.0,0.0,0.0,0.0,0.0,1.0
state:d8d19ea7e72199d72fb91f9d,pope,google/gemma-4-E4B-it,4,10.0,0.0,0.0,0.0,0.0,1.0
state:4fb4ca3936183e02c9b76967,pope,google/gemma-4-E4B-it,3,6.0,0.0,0.0,0.0,0.0,1.0
state:7f7328b887c6b08803f757a2,pope,Qwen/Qwen3-VL-8B-Instruct,4,10.0,0.0,0.0,0.0,0.0,1.0
state:17ce123601a817b47abfaa07,vizwiz,Qwen/Qwen3-VL-8B-Instruct,4,10.0,0.0,0.0,0.0,0.0,1.0
state:5140186dfc0509ed3a68dc9a,vizwiz,Qwen/Qwen3-VL-8B-Instruct,3,6.0,0.0,0.0,0.0,0.0,1.0
state:b8c6c99a61ffd91b43ab188d,vizwiz,Qwen/Qwen3-VL-8B-Instruct,4,10.0,0.0,0.0,0.0,0.0,1.0
state:9fe97c28286910fbc9593638,vizwiz,google/gemma-4-E4B-it,3,6.0,0.0,0.0,0.0,0.0,1.0
state:8d41b49832702fcc47a68c51,vizwiz,Qwen/Qwen3-VL-8B-Instruct,4,10.0,0.0,0.0,0.0,0.0,1.0
state:5c293ffc487f7660ff492cf7,pope,google/gemma-4-E4B-it,2,2.0,0.0,0.0,0.0,0.0,1.0
state:067f6aa6de91ad777a2ad7b5,vizwiz,Qwen/Qwen3-VL-8B-Instruct,4,10.0,0.0,0.0,0.0,0.0,1.0
state:d52eace0e3645eece44da9ad,vizwiz,Qwen/Qwen3-VL-8B-Instruct,3,6.0,0.0,0.0,0.0,0.0,1.0
state:5ccba0d6c9d6f5dc89f5334c,pope,google/gemma-4-E4B-it,3,6.0,0.0,0.0,0.0,0.0,1.0
state:659adfd5c53b78be85ac589b,pope,google/gemma-4-E4B-it,2,2.0,0.0,0.0,0.0,0.0,1.0
state:0d13a76e80d965cb1b8c58c4,pope,google/gemma-4-E4B-it,4,10.0,0.0,0.0,0.0,0.0,1.0
state:3bad72c22cc9684f55eaafe0,vizwiz,Qwen/Qwen3-VL-8B-Instruct,3,6.0,0.0,0.0,0.0,0.0,1.0
state:45aa4ea5850938ccf51813cd,hallusionbench,Qwen/Qwen3-VL-8B-Instruct,3,6.0,0.0,0.0,0.0,0.0,1.0
state:1295d0602d3408686b3aedff,pope,google/gemma-4-E4B-it,4,10.0,0.0,0.0,0.0,0.0,1.0
state:b6c6209aeca3a442991888f6,vizwiz,Qwen/Qwen3-VL-8B-Instruct,2,2.0,0.0,0.0,0.0,0.0,1.0
state:2b6b1905e7b3d12afe198a69,pope,Qwen/Qwen3-VL-8B-Instruct,3,6.0,0.0,0.0,0.0,0.0,1.0
state:12fdf527ecb90e97789d6c63,pope,google/gemma-4-E4B-it,3,6.0,0.0,0.0,0.0,0.0,1.0
state:5d34918bf7abe9f4ec01578a,pope,google/gemma-4-E4B-it,2,2.0,0.0,0.0,0.0,0.0,1.0
state:c53a725041401226913ecc31,vizwiz,Qwen/Qwen3-VL-8B-Instruct,3,6.0,0.0,0.0,0.0,0.0,1.0
state:f8abd3d591e1afcb9d2a4d50,pope,google/gemma-4-E4B-it,3,6.0,0.0,0.0,0.0,0.0,1.0
state:8e882769ec89ca7802908775,pope,Qwen/Qwen3-VL-8B-Instruct,2,2.0,0.0,0.0,0.0,0.0,1.0
state:c2d554748991e8b40f15b333,pope,Qwen/Qwen3-VL-8B-Instruct,2,2.0,0.0,0.0,0.0,0.0,1.0
state:e43644c507d40328545f7ed5,pope,google/gemma-4-E4B-it,3,6.0,0.0,0.0,0.0,0.0,1.0
state:be3063ca006c49bc72fce7db,hallusionbench,Qwen/Qwen3-VL-8B-Instruct,4,10.0,0.0,0.0,0.0,0.0,1.0
state:35e8bd06d8648e970c774e14,pope,google/gemma-4-E4B-it,2,2.0,0.0,0.0,0.0,0.0,1.0
state:b9f9c59e26871c94c4b09fc3,pope,google/gemma-4-E4B-it,2,2.0,0.0,0.0,0.0,0.0,1.0
state:4669a06c92bb3e70de5db731,vizwiz,Qwen/Qwen3-VL-8B-Instruct,4,10.0,0.0,0.0,0.0,0.0,1.0
state:ac8854eb57c880087b412adc,hallusionbench,google/gemma-4-E4B-it,3,6.0,0.0,0.0,0.0,0.0,1.0
state:892a7a39ef921b2bfab258a4,vizwiz,google/gemma-4-E4B-it,2,2.0,0.0,0.0,0.0,0.0,1.0
state:0f6d7f91a65a40c465d6485a,vizwiz,google/gemma-4-E4B-it,2,2.0,0.0,0.0,0.0,0.0,1.0
state:7502b0e1d04ce6448edf8db5,pope,Qwen/Qwen3-VL-8B-Instruct,4,10.0,0.0,0.0,0.0,0.0,1.0
state:16ba9b7864d9d6ec0b93a8f0,vizwiz,google/gemma-4-E4B-it,4,10.0,0.0,0.0,0.0,0.0,1.0
state:954ef9056e40d5eb068011f4,pope,google/gemma-4-E4B-it,2,2.0,0.0,0.0,0.0,0.0,1.0
state:785f1773f533e3f35263faef,vizwiz,Qwen/Qwen3-VL-8B-Instruct,3,6.0,0.0,0.0,0.0,0.0,1.0
state:2c92dbd7470f617f7310a08a,vizwiz,Qwen/Qwen3-VL-8B-Instruct,4,10.0,0.0,0.0,0.0,0.0,1.0
state:a510b8f46d9cd90437c1bd8e,pope,Qwen/Qwen3-VL-8B-Instruct,2,2.0,0.0,0.0,0.0,0.0,1.0
state:cc2c047e75e88f03c3a9e708,pope,google/gemma-4-E4B-it,4,10.0,0.0,0.0,0.0,0.0,1.0
state:ab6429ab95cccfa4036b8713,pope,google/gemma-4-E4B-it,4,10.0,0.0,0.0,0.0,0.0,1.0
state:8bedab92412a805b10c4c8dc,hallusionbench,google/gemma-4-E4B-it,4,10.0,0.0,0.0,0.0,0.0,1.0
state:95a4aa541e63a1dc0d597364,pope,Qwen/Qwen3-VL-8B-Instruct,2,2.0,0.0,0.0,0.0,0.0,1.0
state:c2ddf87ec98e82de7bee7aee,vizwiz,google/gemma-4-E4B-it,4,10.0,0.0,0.0,0.0,0.0,1.0
state:76bb92f10e4c44999537b1a8,vizwiz,Qwen/Qwen3-VL-8B-Instruct,4,10.0,0.0,0.0,0.0,0.0,1.0
state:281b041070a5464a3a995daa,vizwiz,google/gemma-4-E4B-it,4,10.0,0.0,0.0,0.0,0.0,1.0
state:68844737fabdb1b050dbfb4c,vizwiz,google/gemma-4-E4B-it,3,6.0,0.0,0.0,0.0,0.0,1.0
state:b96f1927e82c233bfe00dc81,pope,Qwen/Qwen3-VL-8B-Instruct,3,6.0,0.0,0.0,0.0,0.0,1.0
state:c123f3d35c34594483bd3ffa,pope,Qwen/Qwen3-VL-8B-Instruct,3,6.0,0.0,0.0,0.0,0.0,1.0
state:a35dc747f6a207f66a87455d,pope,google/gemma-4-E4B-it,4,10.0,0.0,0.0,0.0,0.0,1.0
state:e10d15183f23f816a315a726,vizwiz,Qwen/Qwen3-VL-8B-Instruct,2,2.0,0.0,0.0,0.0,0.0,1.0
state:2901be4b55ec48b63c6d19dc,pope,google/gemma-4-E4B-it,4,10.0,0.0,0.0,0.0,0.0,1.0
state:28fe81e0e33211d667a2aaaf,hallusionbench,google/gemma-4-E4B-it,4,10.0,0.0,0.0,0.0,0.0,1.0
state:145930b27b511f7c011275ab,vizwiz,google/gemma-4-E4B-it,2,2.0,0.0,0.0,0.0,0.0,1.0
state:56b0a381bdb8917be49791f3,vizwiz,google/gemma-4-E4B-it,4,10.0,0.0,0.0,0.0,0.0,1.0
state:335eb94942a86e32ba5af450,hallusionbench,google/gemma-4-E4B-it,2,2.0,0.0,0.0,0.0,0.0,1.0
state:c46acdfc35761c5e6962beda,vizwiz,Qwen/Qwen3-VL-8B-Instruct,3,6.0,0.0,0.0,0.0,0.0,1.0
state:088759ce99975eab9f30d656,hallusionbench,Qwen/Qwen3-VL-8B-Instruct,3,6.0,0.0,0.0,0.0,0.0,1.0
state:624fe1d9cc4e97ecd5e17b0f,hallusionbench,google/gemma-4-E4B-it,2,2.0,0.0,0.0,0.0,0.0,1.0
state:ccbd10cbddf05538bd5683f0,pope,google/gemma-4-E4B-it,2,2.0,0.0,0.0,0.0,0.0,1.0
state:eb6017746836b9c90efcd929,pope,Qwen/Qwen3-VL-8B-Instruct,3,6.0,0.0,0.0,0.0,0.0,1.0
state:e5bf7b85596dab87f10f21e2,pope,Qwen/Qwen3-VL-8B-Instruct,2,2.0,0.0,0.0,0.0,0.0,1.0
state:ebddfacf2e216e86fe39f6f8,pope,Qwen/Qwen3-VL-8B-Instruct,4,10.0,0.0,0.0,0.0,0.0,1.0
state:204f83fdb7130e288b01fee7,pope,google/gemma-4-E4B-it,2,2.0,0.0,0.0,0.0,0.0,1.0
state:cfbe3a092b6a00cf750a7ef9,vizwiz,google/gemma-4-E4B-it,2,2.0,0.0,0.0,0.0,0.0,1.0
state:2cd6bd34614c7d4f6309893e,pope,Qwen/Qwen3-VL-8B-Instruct,3,6.0,0.0,0.0,0.0,0.0,1.0
state:f63f0f4474b52a1ba820430f,vizwiz,google/gemma-4-E4B-it,4,10.0,0.0,0.0,0.0,0.0,1.0
state:c64909d80685bf409fb56125,vizwiz,google/gemma-4-E4B-it,2,2.0,0.0,0.0,0.0,0.0,1.0
state:49211e05613ba7e0d1b36a7b,pope,google/gemma-4-E4B-it,4,10.0,0.0,0.0,0.0,0.0,1.0
state:891b2a02f1b5f65449afdee8,vizwiz,google/gemma-4-E4B-it,3,6.0,0.0,0.0,0.0,0.0,1.0
state:2fd32ea50ecf5acdfc44cb00,vizwiz,Qwen/Qwen3-VL-8B-Instruct,4,10.0,0.0,0.0,0.0,0.0,1.0
state:17b61fd274ec9aae05148fb6,hallusionbench,google/gemma-4-E4B-it,3,6.0,0.0,0.0,0.0,0.0,1.0
state:11946a583db11a2a1d156018,vizwiz,google/gemma-4-E4B-it,2,2.0,0.0,0.0,0.0,0.0,1.0
state:4cf6d52a6da8faf016ff9e08,pope,Qwen/Qwen3-VL-8B-Instruct,3,6.0,0.0,0.0,0.0,0.0,1.0
state:f98932bb9d6636a6b239a5b1,vizwiz,Qwen/Qwen3-VL-8B-Instruct,2,2.0,0.0,0.0,0.0,0.0,1.0
state:d77368740cf1a0d60f698a1d,vizwiz,Qwen/Qwen3-VL-8B-Instruct,2,2.0,0.0,0.0,0.0,0.0,1.0
state:9be476d5539997f97402767e,vizwiz,google/gemma-4-E4B-it,4,10.0,0.0,0.0,0.0,0.0,1.0
state:2a45540133953494680a9436,vizwiz,Qwen/Qwen3-VL-8B-Instruct,2,2.0,0.0,0.0,0.0,0.0,1.0
state:c2a020f372eb52480008b64d,pope,google/gemma-4-E4B-it,3,6.0,0.0,0.0,0.0,0.0,1.0
state:11b7006b1d2df6de5d352076,hallusionbench,Qwen/Qwen3-VL-8B-Instruct,4,10.0,0.0,0.0,0.0,0.0,1.0
state:bf1467a42cccb6d91a55a41f,pope,Qwen/Qwen3-VL-8B-Instruct,3,6.0,0.0,0.0,0.0,0.0,1.0
state:be64e6e12c3985d5494d4c4b,vizwiz,Qwen/Qwen3-VL-8B-Instruct,2,2.0,0.0,0.0,0.0,0.0,1.0
state:e37370ce07155196801f0b07,hallusionbench,google/gemma-4-E4B-it,4,10.0,0.0,0.0,0.0,0.0,1.0
state:ace0460135933fb9a7e96a7f,vizwiz,Qwen/Qwen3-VL-8B-Instruct,4,10.0,0.0,0.0,0.0,0.0,1.0
state:66fda6e61ee0530dba91ac73,pope,google/gemma-4-E4B-it,2,2.0,0.0,0.0,0.0,0.0,1.0
state:6d8820c923a21211d8eac742,pope,Qwen/Qwen3-VL-8B-Instruct,4,10.0,0.0,0.0,0.0,0.0,1.0
state:9f9af66c52893f889418d311,vizwiz,google/gemma-4-E4B-it,4,10.0,0.0,0.0,0.0,0.0,1.0
state:3e8056c5ecdae9d906e59fd9,pope,Qwen/Qwen3-VL-8B-Instruct,4,10.0,0.0,0.0,0.0,0.0,1.0
state:921a45514739b48b74ecee0b,pope,Qwen/Qwen3-VL-8B-Instruct,2,2.0,0.0,0.0,0.0,0.0,1.0
state:f1584f1de813efc405560639,pope,Qwen/Qwen3-VL-8B-Instruct,2,2.0,0.0,0.0,0.0,0.0,1.0
state:6b40dfb12b89aaae69b030e5,pope,Qwen/Qwen3-VL-8B-Instruct,3,6.0,0.0,0.0,0.0,0.0,1.0
state:12bc4e84c50eca1e5777985b,vizwiz,google/gemma-4-E4B-it,4,10.0,0.0,0.0,0.0,0.0,1.0
state:62581aa1f0fdcd838b7865c2,pope,Qwen/Qwen3-VL-8B-Instruct,2,2.0,0.0,0.0,0.0,0.0,1.0
state:486d466a9a2779e38655970d,pope,google/gemma-4-E4B-it,2,2.0,0.0,0.0,0.0,0.0,1.0
state:4b7078cf5d540a8e4a8ed27c,pope,google/gemma-4-E4B-it,2,2.0,0.0,0.0,0.0,0.0,1.0
state:6a90e41a8dfdcacd9357faef,pope,google/gemma-4-E4B-it,4,10.0,0.0,0.0,0.0,0.0,1.0
state:299edc6a2cc58768a7f8a3ff,hallusionbench,google/gemma-4-E4B-it,2,2.0,0.0,0.0,0.0,0.0,1.0
state:cfa287ddd920ac4785060a8a,pope,google/gemma-4-E4B-it,3,6.0,0.0,0.0,0.0,0.0,1.0
state:f298d7b8c7f389db2faf5af8,pope,Qwen/Qwen3-VL-8B-Instruct,4,10.0,0.0,0.0,0.0,0.0,1.0
state:0c25e96f008fbeb248d5b157,vizwiz,Qwen/Qwen3-VL-8B-Instruct,4,10.0,0.0,0.0,0.0,0.0,1.0
state:1d167cd63010d832f2c85247,vizwiz,google/gemma-4-E4B-it,3,6.0,0.0,0.0,0.0,0.0,1.0
state:a25f4936c246a8d8b3290bcc,vizwiz,google/gemma-4-E4B-it,4,10.0,0.0,0.0,0.0,0.0,1.0
state:41e6e601f145f9b2d66cf1fa,hallusionbench,Qwen/Qwen3-VL-8B-Instruct,3,6.0,0.0,0.0,0.0,0.0,1.0
state:dd1c886b3bf8ada06541305a,vizwiz,google/gemma-4-E4B-it,3,6.0,0.0,0.0,0.0,0.0,1.0
state:12c0a438e611148d7b305dab,vizwiz,Qwen/Qwen3-VL-8B-Instruct,3,6.0,0.0,0.0,0.0,0.0,1.0
state:a68da3232de8824036f49777,pope,google/gemma-4-E4B-it,2,2.0,0.0,0.0,0.0,0.0,1.0
state:0758ed5b371b2c675391bf09,hallusionbench,Qwen/Qwen3-VL-8B-Instruct,4,10.0,0.0,0.0,0.0,0.0,1.0
state:525d0434acbe63216b19e6ad,pope,google/gemma-4-E4B-it,3,6.0,0.0,0.0,0.0,0.0,1.0
state:1cb222edad8219d79178a124,pope,Qwen/Qwen3-VL-8B-Instruct,4,10.0,0.0,0.0,0.0,0.0,1.0
state:0339443c3743ccb883a4978c,vizwiz,google/gemma-4-E4B-it,4,10.0,0.0,0.0,0.0,0.0,1.0
state:74008cafa4f0f3476f91b77f,pope,Qwen/Qwen3-VL-8B-Instruct,3,6.0,0.0,0.0,0.0,0.0,1.0
state:32961c198d3496537a4840ac,vizwiz,google/gemma-4-E4B-it,4,10.0,0.0,0.0,0.0,0.0,1.0
state:9b7b44b69812d6b092d86abc,vizwiz,Qwen/Qwen3-VL-8B-Instruct,2,2.0,0.0,0.0,0.0,0.0,1.0
state:97eb06fce7fa6e29642218b4,pope,google/gemma-4-E4B-it,2,2.0,0.0,0.0,0.0,0.0,1.0
state:80397ab6fc2fa1586f504189,hallusionbench,google/gemma-4-E4B-it,3,6.0,0.0,0.0,0.0,0.0,1.0
state:a90bc959f4477685a51e77db,vizwiz,google/gemma-4-E4B-it,3,6.0,0.0,0.0,0.0,0.0,1.0
state:58d5d41554e2b92a53b6962f,vizwiz,google/gemma-4-E4B-it,2,2.0,0.0,0.0,0.0,0.0,1.0
state:65108443a00c394df8989fe2,hallusionbench,Qwen/Qwen3-VL-8B-Instruct,2,2.0,0.0,0.0,0.0,0.0,1.0
state:8d2170624f314035038eb58b,hallusionbench,google/gemma-4-E4B-it,3,6.0,0.0,0.0,0.0,0.0,1.0
state:34153a5ab98f4b7a588a3fa7,vizwiz,google/gemma-4-E4B-it,3,6.0,0.0,0.0,0.0,0.0,1.0
state:0877d45ed3da48d9f0c74b39,vsr,google/gemma-4-E4B-it,4,10.0,0.0,0.0,0.0,0.0,1.0
state:a8a4f60eef524d404b92749a,hallusionbench,google/gemma-4-E4B-it,2,2.0,0.0,0.0,0.0,0.0,1.0
state:5af0423f5d1eb73749c16b49,pope,Qwen/Qwen3-VL-8B-Instruct,4,10.0,0.0,0.0,0.0,0.0,1.0
state:1b9ec6eec99b89947d2fdb90,pope,google/gemma-4-E4B-it,3,6.0,0.0,0.0,0.0,0.0,1.0
state:1ae7d4e5e805557809cf9575,pope,google/gemma-4-E4B-it,4,10.0,0.0,0.0,0.0,0.0,1.0
state:5caf6b1c2590c1ef558f78cd,vizwiz,google/gemma-4-E4B-it,2,2.0,0.0,0.0,0.0,0.0,1.0
state:613bfed7cb84eade59da056d,pope,Qwen/Qwen3-VL-8B-Instruct,3,6.0,0.0,0.0,0.0,0.0,1.0
state:1e61881ea12c00c182014503,pope,google/gemma-4-E4B-it,3,6.0,0.0,0.0,0.0,0.0,1.0
state:9c9f8a8fbb1d8e2decd3f682,vizwiz,google/gemma-4-E4B-it,3,6.0,0.0,0.0,0.0,0.0,1.0
state:9f31e95ae915c6c51c486a46,pope,Qwen/Qwen3-VL-8B-Instruct,4,10.0,0.0,0.0,0.0,0.0,1.0
state:db2f45dd1becbdaf9aa8cb6d,vizwiz,google/gemma-4-E4B-it,4,10.0,0.0,0.0,0.0,0.0,1.0
state:616e4b3a39c720d17be9315b,pope,google/gemma-4-E4B-it,4,10.0,0.0,0.0,0.0,0.0,1.0
state:4dc615fc86d7f27b08e39695,vizwiz,google/gemma-4-E4B-it,2,2.0,0.0,0.0,0.0,0.0,1.0
state:b2c566a20a7f6d94122c793d,pope,Qwen/Qwen3-VL-8B-Instruct,2,2.0,0.0,0.0,0.0,0.0,1.0
state:ed2f656242cde90bc938f79f,vizwiz,google/gemma-4-E4B-it,3,6.0,0.0,0.0,0.0,0.0,1.0
state:53abed397cc8b216e01a04dd,pope,Qwen/Qwen3-VL-8B-Instruct,3,6.0,0.0,0.0,0.0,0.0,1.0
state:321eb986ed4e267309ba11a7,pope,Qwen/Qwen3-VL-8B-Instruct,2,2.0,0.0,0.0,0.0,0.0,1.0
state:bcb73bc620ba66936fcd195c,hallusionbench,google/gemma-4-E4B-it,4,10.0,0.0,0.0,0.0,0.0,1.0
state:934180186f460adc0adf4374,hallusionbench,google/gemma-4-E4B-it,3,6.0,0.0,0.0,0.0,0.0,1.0
state:a72737896a051f1ab7092ec9,pope,google/gemma-4-E4B-it,3,6.0,0.0,0.0,0.0,0.0,1.0
state:7e1426cf9ef27894574cf2d3,vizwiz,google/gemma-4-E4B-it,3,6.0,0.0,0.0,0.0,0.0,1.0
state:e2e6fb1de8292bbece389bc7,vsr,Qwen/Qwen3-VL-8B-Instruct,3,6.0,0.0,0.0,0.0,0.0,1.0
state:e611044c719c55b44d6ec52c,pope,Qwen/Qwen3-VL-8B-Instruct,4,10.0,0.0,0.0,0.0,0.0,1.0
state:6e610418f46d5d98543af8a2,pope,google/gemma-4-E4B-it,4,10.0,0.0,0.0,0.0,0.0,1.0
state:2ce7493d5da3fb55a331a0f6,pope,google/gemma-4-E4B-it,4,10.0,0.0,0.0,0.0,0.0,1.0
state:6a0f33c687a2a7fc29352e3a,vizwiz,google/gemma-4-E4B-it,3,6.0,0.0,0.0,0.0,0.0,1.0
state:0ae863e13887a9d4d5d7daff,pope,google/gemma-4-E4B-it,4,10.0,0.0,0.0,0.0,0.0,1.0
state:2056c98b21cfbc500d2bc52c,pope,Qwen/Qwen3-VL-8B-Instruct,2,2.0,0.0,0.0,0.0,0.0,1.0
state:cce57afc2eb7c646c4616b89,vizwiz,Qwen/Qwen3-VL-8B-Instruct,3,6.0,0.0,0.0,0.0,0.0,1.0
state:30af94bb022f6c61fb65528a,pope,Qwen/Qwen3-VL-8B-Instruct,4,10.0,0.0,0.0,0.0,0.0,1.0
state:e0ffa037b388643b894abe7a,vizwiz,google/gemma-4-E4B-it,4,10.0,0.0,0.0,0.0,0.0,1.0
state:c96434b8019748056c5406a9,vizwiz,google/gemma-4-E4B-it,3,6.0,0.0,0.0,0.0,0.0,1.0
state:c2bf5e9a6933fba9843c0db7,pope,google/gemma-4-E4B-it,4,10.0,0.0,0.0,0.0,0.0,1.0
state:474c2707ae8cbe1fab8763a6,hallusionbench,Qwen/Qwen3-VL-8B-Instruct,3,6.0,0.0,0.0,0.0,0.0,1.0
state:ea349fe53711910c86b1dce0,vizwiz,google/gemma-4-E4B-it,3,6.0,0.0,0.0,0.0,0.0,1.0
state:a8a753550b215284c1d69d2e,vizwiz,google/gemma-4-E4B-it,4,10.0,0.0,0.0,0.0,0.0,1.0
state:52015a1de999a502298d9119,vizwiz,Qwen/Qwen3-VL-8B-Instruct,2,2.0,0.0,0.0,0.0,0.0,1.0
state:7dba3d4f471fcddeffde1233,vizwiz,google/gemma-4-E4B-it,4,10.0,0.0,0.0,0.0,0.0,1.0
state:e01bd52226b101aaaaad2651,vizwiz,Qwen/Qwen3-VL-8B-Instruct,4,10.0,0.0,0.0,0.0,0.0,1.0
state:67dfaf5a3c35e86132816a6a,pope,google/gemma-4-E4B-it,3,6.0,0.0,0.0,0.0,0.0,1.0
state:fa530ee441690db44ac1534a,vizwiz,google/gemma-4-E4B-it,4,10.0,0.0,0.0,0.0,0.0,1.0
state:cfc9c097929acc960846c3eb,hallusionbench,google/gemma-4-E4B-it,3,6.0,0.0,0.0,0.0,0.0,1.0
state:b7e14b6aa5e3e1acbc11b4b3,pope,Qwen/Qwen3-VL-8B-Instruct,4,10.0,0.0,0.0,0.0,0.0,1.0
state:f561ef27700e1829d912f082,vizwiz,google/gemma-4-E4B-it,3,6.0,0.0,0.0,0.0,0.0,1.0
state:63996e174f9308e5d94dc9a4,pope,Qwen/Qwen3-VL-8B-Instruct,3,6.0,0.0,0.0,0.0,0.0,1.0
state:f75ca2c86762433e5ae4faf7,vizwiz,Qwen/Qwen3-VL-8B-Instruct,3,6.0,0.0,0.0,0.0,0.0,1.0
state:6d36685cc02fc6b41cc019a7,pope,Qwen/Qwen3-VL-8B-Instruct,4,10.0,0.0,0.0,0.0,0.0,1.0
state:d356a44a4ff92e03aeeb0cff,hallusionbench,google/gemma-4-E4B-it,3,6.0,0.0,0.0,0.0,0.0,1.0
state:0c2439874e508a265f1997c2,pope,google/gemma-4-E4B-it,4,10.0,0.0,0.0,0.0,0.0,1.0
state:0ca52de0b8b046e9df60a1bb,pope,google/gemma-4-E4B-it,3,6.0,0.0,0.0,0.0,0.0,1.0
state:22a63f3238364d9abc7d602f,pope,Qwen/Qwen3-VL-8B-Instruct,3,6.0,0.0,0.0,0.0,0.0,1.0
state:eaad0acfeab1beea3c1d9027,vizwiz,google/gemma-4-E4B-it,4,10.0,0.0,0.0,0.0,0.0,1.0
state:c2b6fa06d3ae3e1ad396ce5b,vizwiz,google/gemma-4-E4B-it,4,10.0,0.0,0.0,0.0,0.0,1.0
state:6242c05482453ad5639a32b4,vizwiz,Qwen/Qwen3-VL-8B-Instruct,4,10.0,0.0,0.0,0.0,0.0,1.0
state:8046c34d3fcec471b9b8b3bf,vizwiz,google/gemma-4-E4B-it,3,6.0,0.0,0.0,0.0,0.0,1.0
state:46264ec955d60cee98dd8786,vizwiz,Qwen/Qwen3-VL-8B-Instruct,3,6.0,0.0,0.0,0.0,0.0,1.0
state:7f22131f5868e24b6d9fdbfb,vizwiz,google/gemma-4-E4B-it,4,10.0,0.0,0.0,0.0,0.0,1.0
state:2fb9305b087c85f3c216e76f,vsr,Qwen/Qwen3-VL-8B-Instruct,2,2.0,0.0,0.0,0.0,0.0,1.0
state:8880c35c274df9feb30248f7,hallusionbench,google/gemma-4-E4B-it,4,10.0,0.0,0.0,0.0,0.0,1.0
state:9de125aaeeede09e95b04715,hallusionbench,Qwen/Qwen3-VL-8B-Instruct,4,10.0,0.0,0.0,0.0,0.0,1.0
state:d316c01940ff28e5112bfacd,vizwiz,Qwen/Qwen3-VL-8B-Instruct,2,2.0,0.0,0.0,0.0,0.0,1.0
state:031b8ef556734c84b858fbc7,pope,Qwen/Qwen3-VL-8B-Instruct,4,10.0,0.0,0.0,0.0,0.0,1.0
state:de9266dcc6f05c6e14327ce1,pope,google/gemma-4-E4B-it,3,6.0,0.0,0.0,0.0,0.0,1.0
state:26181ad5c13b6f88f617f61f,vizwiz,google/gemma-4-E4B-it,4,10.0,0.0,0.0,0.0,0.0,1.0
state:7e46a9a58a34d9e1a0ed2861,hallusionbench,Qwen/Qwen3-VL-8B-Instruct,4,10.0,0.0,0.0,0.0,0.0,1.0
state:6b691514506c493980362b7e,vizwiz,google/gemma-4-E4B-it,4,10.0,0.0,0.0,0.0,0.0,1.0
state:a4efb06f01da449334798fb8,hallusionbench,Qwen/Qwen3-VL-8B-Instruct,2,2.0,0.0,0.0,0.0,0.0,1.0
state:c0f2eb38ad05a155d4337e5e,vizwiz,Qwen/Qwen3-VL-8B-Instruct,2,2.0,0.0,0.0,0.0,0.0,1.0
state:65c71d69fcd852850151e3f0,hallusionbench,Qwen/Qwen3-VL-8B-Instruct,2,2.0,0.0,0.0,0.0,0.0,1.0
state:86734878e7d4102ac27c5315,pope,google/gemma-4-E4B-it,2,2.0,0.0,0.0,0.0,0.0,1.0
state:401327ac0fba688ba71eb235,pope,Qwen/Qwen3-VL-8B-Instruct,3,6.0,0.0,0.0,0.0,0.0,1.0
state:7bb6e9633adeb70a39f9a1f6,pope,Qwen/Qwen3-VL-8B-Instruct,3,6.0,0.0,0.0,0.0,0.0,1.0
state:15570c19f5e27bb56e58eccc,vizwiz,google/gemma-4-E4B-it,3,6.0,0.0,0.0,0.0,0.0,1.0
state:5884cd1391c06c36181abfc8,pope,Qwen/Qwen3-VL-8B-Instruct,4,10.0,0.0,0.0,0.0,0.0,1.0
state:524e60b818bc7147a689e3f2,vizwiz,Qwen/Qwen3-VL-8B-Instruct,4,10.0,0.0,0.0,0.0,0.0,1.0
state:47da29b0085dbb12ef1b0a67,pope,Qwen/Qwen3-VL-8B-Instruct,2,2.0,0.0,0.0,0.0,0.0,1.0
state:68cdf4b2d7f4ba723a58eb6c,pope,google/gemma-4-E4B-it,3,6.0,0.0,0.0,0.0,0.0,1.0
state:30a60f50d6731abeb04d99cd,pope,Qwen/Qwen3-VL-8B-Instruct,2,2.0,0.0,0.0,0.0,0.0,1.0
state:9d0f3146fdf125af60bdd020,vizwiz,google/gemma-4-E4B-it,2,2.0,0.0,0.0,0.0,0.0,1.0
state:a2fea44824af2aade8403f17,pope,google/gemma-4-E4B-it,4,10.0,0.0,0.0,0.0,0.0,1.0
state:b7c474319f0c6b215a652c05,vsr,Qwen/Qwen3-VL-8B-Instruct,2,2.0,0.0,0.0,0.0,0.0,1.0
state:16c5cf925719ef365b57f2ec,vizwiz,Qwen/Qwen3-VL-8B-Instruct,2,2.0,0.0,0.0,0.0,0.0,1.0
state:a1bf47954968a6949f257726,hallusionbench,Qwen/Qwen3-VL-8B-Instruct,2,2.0,0.0,0.0,0.0,0.0,1.0
state:4e6fae78d81613e69cd506cc,hallusionbench,Qwen/Qwen3-VL-8B-Instruct,4,10.0,0.0,0.0,0.0,0.0,1.0
state:492367d95ec890a7f6a9dbd0,vizwiz,Qwen/Qwen3-VL-8B-Instruct,4,10.0,0.0,0.0,0.0,0.0,1.0
state:c2a10a03d19ace76383fb7e6,vsr,Qwen/Qwen3-VL-8B-Instruct,4,10.0,0.0,0.0,0.0,0.0,1.0
state:1156d4f37b78022f621ee27c,pope,Qwen/Qwen3-VL-8B-Instruct,2,2.0,0.0,0.0,0.0,0.0,1.0
state:021776574235536eef3bc3fc,vizwiz,google/gemma-4-E4B-it,4,10.0,0.0,0.0,0.0,0.0,1.0
state:5ea82acbeb66bf45be0efe7f,pope,Qwen/Qwen3-VL-8B-Instruct,3,6.0,0.0,0.0,0.0,0.0,1.0
state:3e43d34134f626fc459d48d9,vizwiz,Qwen/Qwen3-VL-8B-Instruct,3,6.0,0.0,0.0,0.0,0.0,1.0
state:839f60bc1052968b811e595f,pope,google/gemma-4-E4B-it,2,2.0,0.0,0.0,0.0,0.0,1.0
state:2116f437bfea7390f6562db6,vizwiz,Qwen/Qwen3-VL-8B-Instruct,3,6.0,0.0,0.0,0.0,0.0,1.0
state:4a758eb07fded530da25ed03,hallusionbench,google/gemma-4-E4B-it,2,2.0,0.0,0.0,0.0,0.0,1.0
state:ffa1eb698e1461322fdeed59,vizwiz,Qwen/Qwen3-VL-8B-Instruct,4,10.0,0.0,0.0,0.0,0.0,1.0
state:feaf4f32bdbf0a70e983e178,vizwiz,google/gemma-4-E4B-it,4,10.0,0.0,0.0,0.0,0.0,1.0
state:443cacda02032c7c05bdb74d,pope,Qwen/Qwen3-VL-8B-Instruct,2,2.0,0.0,0.0,0.0,0.0,1.0
state:a0209e2606a9243221f48ea9,vizwiz,Qwen/Qwen3-VL-8B-Instruct,3,6.0,0.0,0.0,0.0,0.0,1.0
state:2e50b90638f0fc8849ea916c,vizwiz,google/gemma-4-E4B-it,4,10.0,0.0,0.0,0.0,0.0,1.0
state:d6762185bb74a39876739082,pope,google/gemma-4-E4B-it,3,6.0,0.0,0.0,0.0,0.0,1.0
state:149b53cd5b316f58cac5f106,vizwiz,Qwen/Qwen3-VL-8B-Instruct,2,2.0,0.0,0.0,0.0,0.0,1.0
state:b6e9bd10bbea31380335d82f,vizwiz,Qwen/Qwen3-VL-8B-Instruct,2,2.0,0.0,0.0,0.0,0.0,1.0
state:2a1c048ce395b57357b1875c,vizwiz,Qwen/Qwen3-VL-8B-Instruct,2,2.0,0.0,0.0,0.0,0.0,1.0
state:593c6795ff128f65534ee8b9,vizwiz,Qwen/Qwen3-VL-8B-Instruct,4,10.0,0.0,0.0,0.0,0.0,1.0
state:bc1fb582948ee13c7ffb0bcc,pope,google/gemma-4-E4B-it,2,2.0,0.0,0.0,0.0,0.0,1.0
state:a8e3c47ad616219a7355c6d0,vizwiz,google/gemma-4-E4B-it,3,6.0,0.0,0.0,0.0,0.0,1.0
state:73cbe815fcd137f421dc04be,hallusionbench,google/gemma-4-E4B-it,4,10.0,0.0,0.0,0.0,0.0,1.0
state:b2ea328805413a7f58826f4c,vizwiz,Qwen/Qwen3-VL-8B-Instruct,4,10.0,0.0,0.0,0.0,0.0,1.0
state:908058ff6232ac832890a09c,hallusionbench,Qwen/Qwen3-VL-8B-Instruct,4,10.0,0.0,0.0,0.0,0.0,1.0
state:53d1910c2efb81140d38410a,vizwiz,google/gemma-4-E4B-it,3,6.0,0.0,0.0,0.0,0.0,1.0
state:443f900fc8d8dcd5af0f49b2,hallusionbench,Qwen/Qwen3-VL-8B-Instruct,2,2.0,0.0,0.0,0.0,0.0,1.0
state:4c088b1a1a3065d0450a163b,vizwiz,Qwen/Qwen3-VL-8B-Instruct,3,6.0,0.0,0.0,0.0,0.0,1.0
state:3526e56c639848342df42f51,pope,Qwen/Qwen3-VL-8B-Instruct,4,10.0,0.0,0.0,0.0,0.0,1.0
state:ea5429cb4f47f3f7917c6264,pope,google/gemma-4-E4B-it,3,6.0,0.0,0.0,0.0,0.0,1.0
state:72c2b9bc7f611b539ba096a9,pope,google/gemma-4-E4B-it,2,2.0,0.0,0.0,0.0,0.0,1.0
state:25f481d6b7cc62a37cf682ef,pope,google/gemma-4-E4B-it,3,6.0,0.0,0.0,0.0,0.0,1.0
state:63acf464fdd5f4e276ec9e90,vizwiz,google/gemma-4-E4B-it,2,2.0,0.0,0.0,0.0,0.0,1.0
state:b8fa7d990cf3a10b554117bd,pope,google/gemma-4-E4B-it,3,6.0,0.0,0.0,0.0,0.0,1.0
state:9a454671748f0c5c47c6c731,pope,Qwen/Qwen3-VL-8B-Instruct,2,2.0,0.0,0.0,0.0,0.0,1.0
state:f5279f194793c30831b7ff48,pope,google/gemma-4-E4B-it,3,6.0,0.0,0.0,0.0,0.0,1.0
state:af7ff3af9a8292573b8fa0eb,vizwiz,Qwen/Qwen3-VL-8B-Instruct,4,10.0,0.0,0.0,0.0,0.0,1.0
state:b60f939ad06a8d24e09c8bf9,vizwiz,Qwen/Qwen3-VL-8B-Instruct,4,10.0,0.0,0.0,0.0,0.0,1.0
state:7907b40f014480b82e16baab,pope,Qwen/Qwen3-VL-8B-Instruct,3,6.0,0.0,0.0,0.0,0.0,1.0
state:1b1bb9169a3d7dc0b338a429,vizwiz,Qwen/Qwen3-VL-8B-Instruct,3,6.0,0.0,0.0,0.0,0.0,1.0
state:5afbc90edbebc895f64205e7,pope,google/gemma-4-E4B-it,2,2.0,0.0,0.0,0.0,0.0,1.0
state:b71549fb0132f15c0b3b76a6,pope,Qwen/Qwen3-VL-8B-Instruct,3,6.0,0.0,0.0,0.0,0.0,1.0
state:5f55a81120695d531df008b7,pope,google/gemma-4-E4B-it,3,6.0,0.0,0.0,0.0,0.0,1.0
state:ee49f7e348f0b04f1c05f992,vizwiz,Qwen/Qwen3-VL-8B-Instruct,3,6.0,0.0,0.0,0.0,0.0,1.0
state:ecb66669e8a1e2d83bab3aaa,pope,Qwen/Qwen3-VL-8B-Instruct,3,6.0,0.0,0.0,0.0,0.0,1.0
state:be901f6c9c0cac337021c06c,vizwiz,Qwen/Qwen3-VL-8B-Instruct,2,2.0,0.0,0.0,0.0,0.0,1.0
state:1e1026893c0b2b4cfade1c2c,pope,Qwen/Qwen3-VL-8B-Instruct,3,6.0,0.0,0.0,0.0,0.0,1.0
state:14b27f45bd5c1a727ecb2608,pope,Qwen/Qwen3-VL-8B-Instruct,3,6.0,0.0,0.0,0.0,0.0,1.0
state:3fcc62e817b4f94a0c78303e,pope,google/gemma-4-E4B-it,2,2.0,0.0,0.0,0.0,0.0,1.0
state:3438a6880197634c16384788,pope,google/gemma-4-E4B-it,4,10.0,0.0,0.0,0.0,0.0,1.0
state:1a145352dccdf7817afe348f,pope,Qwen/Qwen3-VL-8B-Instruct,3,6.0,0.0,0.0,0.0,0.0,1.0
state:ddd1cd1b9e725bf4b4698ac4,pope,Qwen/Qwen3-VL-8B-Instruct,3,6.0,0.0,0.0,0.0,0.0,1.0
state:218f32b29dd900ab72b352a5,vsr,Qwen/Qwen3-VL-8B-Instruct,4,10.0,0.0,0.0,0.0,0.0,1.0
state:f71fb257aa3f32a23214125b,pope,google/gemma-4-E4B-it,2,2.0,0.0,0.0,0.0,0.0,1.0
state:c7e186b5158809da6fd8b29e,vizwiz,google/gemma-4-E4B-it,2,2.0,0.0,0.0,0.0,0.0,1.0
state:43d3bdbbccd21fd1322e94a3,hallusionbench,google/gemma-4-E4B-it,4,10.0,0.0,0.0,0.0,0.0,1.0
state:b1444ab73f8d1f9e004cd8b3,pope,Qwen/Qwen3-VL-8B-Instruct,3,6.0,0.0,0.0,0.0,0.0,1.0
state:43dff1f25fddc393e1a8a6cb,pope,google/gemma-4-E4B-it,3,6.0,0.0,0.0,0.0,0.0,1.0
state:6aa39a1b6affb563b31c4466,vizwiz,google/gemma-4-E4B-it,2,2.0,0.0,0.0,0.0,0.0,1.0
state:cd60decb4bd9f484b83c101c,pope,google/gemma-4-E4B-it,3,6.0,0.0,0.0,0.0,0.0,1.0
state:3a6ac38e5e2eda27f0f21553,pope,google/gemma-4-E4B-it,4,10.0,0.0,0.0,0.0,0.0,1.0
state:17386155e8085cff2f77cb48,pope,Qwen/Qwen3-VL-8B-Instruct,2,2.0,0.0,0.0,0.0,0.0,1.0
state:4b5ef1a4c126622c964b62d8,pope,google/gemma-4-E4B-it,3,6.0,0.0,0.0,0.0,0.0,1.0
state:33a02ee7fa73d1905af96e0a,pope,google/gemma-4-E4B-it,4,10.0,0.0,0.0,0.0,0.0,1.0
state:1fbba575299a0e1c7c9954d9,pope,Qwen/Qwen3-VL-8B-Instruct,2,2.0,0.0,0.0,0.0,0.0,1.0
state:4dd43d228d59a53452e51407,pope,Qwen/Qwen3-VL-8B-Instruct,3,6.0,0.0,0.0,0.0,0.0,1.0
state:c01e8115f10cde4d595f6b7d,pope,google/gemma-4-E4B-it,2,2.0,0.0,0.0,0.0,0.0,1.0
state:5f87774bbbc3d89a5a401b82,pope,Qwen/Qwen3-VL-8B-Instruct,2,2.0,0.0,0.0,0.0,0.0,1.0
state:98984f773a3ae291d7c50218,pope,google/gemma-4-E4B-it,3,6.0,0.0,0.0,0.0,0.0,1.0
state:63f69fd81bc044f93efd277e,vizwiz,Qwen/Qwen3-VL-8B-Instruct,3,6.0,0.0,0.0,0.0,0.0,1.0
state:cea4ff230a350a0c4336b894,hallusionbench,google/gemma-4-E4B-it,3,6.0,0.0,0.0,0.0,0.0,1.0
state:405a7ae757aac523e64ce08e,pope,Qwen/Qwen3-VL-8B-Instruct,2,2.0,0.0,0.0,0.0,0.0,1.0
state:6fc3e6c1f59564d85f14423c,pope,Qwen/Qwen3-VL-8B-Instruct,2,2.0,0.0,0.0,0.0,0.0,1.0
state:cb39d550dc46a306a26169be,vizwiz,google/gemma-4-E4B-it,4,10.0,0.0,0.0,0.0,0.0,1.0
state:3e23175dd46f50ecf4886c3e,vsr,google/gemma-4-E4B-it,3,6.0,0.0,0.0,0.0,0.0,1.0
state:f6ec544a51ca749bdb481392,pope,google/gemma-4-E4B-it,4,10.0,0.0,0.0,0.0,0.0,1.0
state:605adc0a13674a6a9082f4a0,vizwiz,Qwen/Qwen3-VL-8B-Instruct,2,2.0,0.0,0.0,0.0,0.0,1.0
state:3caba00546dd30e5240068df,hallusionbench,Qwen/Qwen3-VL-8B-Instruct,2,2.0,0.0,0.0,0.0,0.0,1.0
state:fe0d682faea5231100745740,pope,Qwen/Qwen3-VL-8B-Instruct,3,6.0,0.0,0.0,0.0,0.0,1.0
state:fe62ae31c2fd188bcfb5b44e,pope,Qwen/Qwen3-VL-8B-Instruct,3,6.0,0.0,0.0,0.0,0.0,1.0
state:f68aea91aa96a5196ce61e69,pope,Qwen/Qwen3-VL-8B-Instruct,4,10.0,0.0,0.0,0.0,0.0,1.0
state:41b799e303920ab53090aa2b,vizwiz,Qwen/Qwen3-VL-8B-Instruct,4,10.0,0.0,0.0,0.0,0.0,1.0
state:294648cb01d8690afe6de4fb,vizwiz,google/gemma-4-E4B-it,2,2.0,0.0,0.0,0.0,0.0,1.0
state:cd1d4e9a008132c9fb0a31ef,pope,Qwen/Qwen3-VL-8B-Instruct,3,6.0,0.0,0.0,0.0,0.0,1.0
state:0e992ec6755764378e79c0de,pope,Qwen/Qwen3-VL-8B-Instruct,4,10.0,0.0,0.0,0.0,0.0,1.0
state:17f460af3631d3b48e2908d0,pope,Qwen/Qwen3-VL-8B-Instruct,2,2.0,0.0,0.0,0.0,0.0,1.0
state:a33fdd3098f7b8eea98c281a,vizwiz,Qwen/Qwen3-VL-8B-Instruct,2,2.0,0.0,0.0,0.0,0.0,1.0
state:4d1ef60cd31b66e5857cb2cb,vizwiz,Qwen/Qwen3-VL-8B-Instruct,2,2.0,0.0,0.0,0.0,0.0,1.0
state:c2d3360421d4aa1bd373e11b,pope,google/gemma-4-E4B-it,4,10.0,0.0,0.0,0.0,0.0,1.0
state:aa0ef1d58381a8b69d17dc25,vsr,google/gemma-4-E4B-it,2,2.0,0.0,0.0,0.0,0.0,1.0
state:74f7acde32bf44254d61ce6c,pope,Qwen/Qwen3-VL-8B-Instruct,3,6.0,0.0,0.0,0.0,0.0,1.0
state:34c03fce5a2946265edf0763,hallusionbench,Qwen/Qwen3-VL-8B-Instruct,4,10.0,0.0,0.0,0.0,0.0,1.0
state:45d5ccb7c03632463ad1a0d0,vsr,Qwen/Qwen3-VL-8B-Instruct,4,10.0,0.0,0.0,0.0,0.0,1.0
state:e4d095630f904b2f16531a26,pope,google/gemma-4-E4B-it,4,10.0,0.0,0.0,0.0,0.0,1.0
state:4420fb235c2ca6291ef0cb9d,hallusionbench,google/gemma-4-E4B-it,4,10.0,0.0,0.0,0.0,0.0,1.0
state:103676ffa4e1b174f84b39fb,vizwiz,Qwen/Qwen3-VL-8B-Instruct,3,6.0,0.0,0.0,0.0,0.0,1.0
state:251f805bb86a0c57d7bb5393,pope,google/gemma-4-E4B-it,3,6.0,0.0,0.0,0.0,0.0,1.0
state:5b194b389ca850190c57f5e8,pope,Qwen/Qwen3-VL-8B-Instruct,3,6.0,0.0,0.0,0.0,0.0,1.0
state:418f8e0fb37c54af1400194c,vizwiz,Qwen/Qwen3-VL-8B-Instruct,3,6.0,0.0,0.0,0.0,0.0,1.0
state:86dab5186278571ef2115774,pope,google/gemma-4-E4B-it,4,10.0,0.0,0.0,0.0,0.0,1.0
state:4c96642618874f0e3bc15ec0,pope,google/gemma-4-E4B-it,2,2.0,0.0,0.0,0.0,0.0,1.0
state:ef6c7b9ca4d0a764689ac0cc,pope,google/gemma-4-E4B-it,4,10.0,0.0,0.0,0.0,0.0,1.0
state:b6b4239b7738a1520b4e9b2d,vizwiz,Qwen/Qwen3-VL-8B-Instruct,2,2.0,0.0,0.0,0.0,0.0,1.0
state:632ef7a28e6514954a154c38,pope,google/gemma-4-E4B-it,3,6.0,0.0,0.0,0.0,0.0,1.0
state:a6270afd0b5d8d7124aa04c9,pope,Qwen/Qwen3-VL-8B-Instruct,4,10.0,0.0,0.0,0.0,0.0,1.0
state:62396217515d2103a8edeb53,vizwiz,google/gemma-4-E4B-it,4,10.0,0.0,0.0,0.0,0.0,1.0
state:3d462cfa45f843c8cf5c0a72,pope,google/gemma-4-E4B-it,4,10.0,0.0,0.0,0.0,0.0,1.0
state:a54e6efb0746885aa86c88e7,hallusionbench,google/gemma-4-E4B-it,3,6.0,0.0,0.0,0.0,0.0,1.0
state:825f2f7ee0c704e922e9bf70,vizwiz,google/gemma-4-E4B-it,2,2.0,0.0,0.0,0.0,0.0,1.0
state:38d06e6265360c84cc60ead6,vizwiz,Qwen/Qwen3-VL-8B-Instruct,2,2.0,0.0,0.0,0.0,0.0,1.0
state:47bddd5a2df3150b36639ac4,pope,google/gemma-4-E4B-it,3,6.0,0.0,0.0,0.0,0.0,1.0
state:0212208dd9f6536511ac323f,pope,Qwen/Qwen3-VL-8B-Instruct,2,2.0,0.0,0.0,0.0,0.0,1.0
state:d3424d391a24e2949d0c51b6,pope,google/gemma-4-E4B-it,3,6.0,0.0,0.0,0.0,0.0,1.0
state:bc1dada8d56f9a3d3f80acee,vizwiz,google/gemma-4-E4B-it,2,2.0,0.0,0.0,0.0,0.0,1.0
state:fe46c39e0d83c497bbd7ac30,vsr,Qwen/Qwen3-VL-8B-Instruct,4,10.0,0.0,0.0,0.0,0.0,1.0
state:591fb7b1e775541aaf107c23,hallusionbench,google/gemma-4-E4B-it,4,10.0,0.0,0.0,0.0,0.0,1.0
state:a283ebdd2f974c9a341b3b9e,pope,Qwen/Qwen3-VL-8B-Instruct,4,10.0,0.0,0.0,0.0,0.0,1.0
state:f4934f3e2e2312cc302e2443,pope,google/gemma-4-E4B-it,4,10.0,0.0,0.0,0.0,0.0,1.0
state:4c158dbbb822507abce94546,vizwiz,Qwen/Qwen3-VL-8B-Instruct,4,10.0,0.0,0.0,0.0,0.0,1.0
state:4f1aaa4485ea7f0b85ee945c,pope,google/gemma-4-E4B-it,2,2.0,0.0,0.0,0.0,0.0,1.0
state:bfeffbb92212776480d37e30,pope,Qwen/Qwen3-VL-8B-Instruct,4,10.0,0.0,0.0,0.0,0.0,1.0
state:7430c2829b95fec9425acdf4,pope,Qwen/Qwen3-VL-8B-Instruct,2,2.0,0.0,0.0,0.0,0.0,1.0
state:b55ba52af340540f0dbc2550,pope,Qwen/Qwen3-VL-8B-Instruct,2,2.0,0.0,0.0,0.0,0.0,1.0
state:1bc516b104fb35b8f3fb40d4,hallusionbench,Qwen/Qwen3-VL-8B-Instruct,4,10.0,0.0,0.0,0.0,0.0,1.0
state:07be7fb4f6d9eb9aedb2f415,pope,Qwen/Qwen3-VL-8B-Instruct,4,10.0,0.0,0.0,0.0,0.0,1.0
state:d18a7b98b412819230ee09cf,hallusionbench,Qwen/Qwen3-VL-8B-Instruct,2,2.0,0.0,0.0,0.0,0.0,1.0
state:30e48a77b4838f12b43ed01a,pope,Qwen/Qwen3-VL-8B-Instruct,3,6.0,0.0,0.0,0.0,0.0,1.0
state:15b34395a8f92cd400a3717b,vizwiz,Qwen/Qwen3-VL-8B-Instruct,4,10.0,0.0,0.0,0.0,0.0,1.0
state:eeb15752acee3b888d5bd694,pope,google/gemma-4-E4B-it,2,2.0,0.0,0.0,0.0,0.0,1.0
state:afdc1f9af9a3864f22039a5e,hallusionbench,Qwen/Qwen3-VL-8B-Instruct,3,6.0,0.0,0.0,0.0,0.0,1.0
state:421b13af8edbaa68f985ef0d,pope,google/gemma-4-E4B-it,3,6.0,0.0,0.0,0.0,0.0,1.0
state:d1be88cf85263a31821b5f3e,hallusionbench,Qwen/Qwen3-VL-8B-Instruct,2,2.0,0.0,0.0,0.0,0.0,1.0
state:7b440e3c0d2bcd93fb6875b6,vizwiz,Qwen/Qwen3-VL-8B-Instruct,2,2.0,0.0,0.0,0.0,0.0,1.0
state:99d8f5a14639377fa3d034c1,pope,google/gemma-4-E4B-it,2,2.0,0.0,0.0,0.0,0.0,1.0
state:17c60be40fa52d1030204ee0,pope,google/gemma-4-E4B-it,3,6.0,0.0,0.0,0.0,0.0,1.0
state:8c5a985793800e2c5da8687a,pope,google/gemma-4-E4B-it,2,2.0,0.0,0.0,0.0,0.0,1.0
state:e4c21b28da6b0397f953d00e,vizwiz,google/gemma-4-E4B-it,3,6.0,0.0,0.0,0.0,0.0,1.0
state:59ed47e85265ef461e268b32,pope,google/gemma-4-E4B-it,3,6.0,0.0,0.0,0.0,0.0,1.0
state:53da45bf67e11fd681719d6b,pope,google/gemma-4-E4B-it,4,10.0,0.0,0.0,0.0,0.0,1.0
state:009c7e97d317483dff81c203,pope,google/gemma-4-E4B-it,3,6.0,0.0,0.0,0.0,0.0,1.0
state:45c2e73992a974cf0f5abd4f,pope,Qwen/Qwen3-VL-8B-Instruct,4,10.0,0.0,0.0,0.0,0.0,1.0
state:b0a98cc20834685b96b997c9,pope,Qwen/Qwen3-VL-8B-Instruct,2,2.0,0.0,0.0,0.0,0.0,1.0
state:46fc4f4280eed474c8219062,pope,Qwen/Qwen3-VL-8B-Instruct,4,10.0,0.0,0.0,0.0,0.0,1.0
state:12b6aec14db617e8756bd3ac,vizwiz,google/gemma-4-E4B-it,3,6.0,0.0,0.0,0.0,0.0,1.0
state:c9ca8193c27b5871cc38d519,hallusionbench,Qwen/Qwen3-VL-8B-Instruct,4,10.0,0.0,0.0,0.0,0.0,1.0
state:186a827ced08baee577ef63c,vizwiz,Qwen/Qwen3-VL-8B-Instruct,4,10.0,0.0,0.0,0.0,0.0,1.0
state:e900546a420208a50ef85fb2,pope,google/gemma-4-E4B-it,4,10.0,0.0,0.0,0.0,0.0,1.0
state:77a77ba6b4ab88b50642f92b,pope,Qwen/Qwen3-VL-8B-Instruct,3,6.0,0.0,0.0,0.0,0.0,1.0
state:34881eeedbfe589802e7784a,vizwiz,google/gemma-4-E4B-it,2,2.0,0.0,0.0,0.0,0.0,1.0
state:ea78d96d35f83bb092da7397,vizwiz,google/gemma-4-E4B-it,3,6.0,0.0,0.0,0.0,0.0,1.0
state:6c0f751b1079a89f66481225,vizwiz,Qwen/Qwen3-VL-8B-Instruct,3,6.0,0.0,0.0,0.0,0.0,1.0
state:013f06e176525814ef1ed625,vizwiz,Qwen/Qwen3-VL-8B-Instruct,2,2.0,0.0,0.0,0.0,0.0,1.0
state:dd581ba3d25152da46be4af5,pope,google/gemma-4-E4B-it,2,2.0,0.0,0.0,0.0,0.0,1.0
state:b2c3144543a426b2d9d4d3cf,vizwiz,Qwen/Qwen3-VL-8B-Instruct,2,2.0,0.0,0.0,0.0,0.0,1.0
state:4d2d13da793bcc5b7bbadf9c,hallusionbench,google/gemma-4-E4B-it,2,2.0,0.0,0.0,0.0,0.0,1.0
state:cdb6286eeab9ae233c898c61,pope,google/gemma-4-E4B-it,3,6.0,0.0,0.0,0.0,0.0,1.0
state:d2b93e6f7c321eedddef2750,vizwiz,Qwen/Qwen3-VL-8B-Instruct,4,10.0,0.0,0.0,0.0,0.0,1.0
state:cddeeb1705a7be89123e460c,vizwiz,google/gemma-4-E4B-it,4,10.0,0.0,0.0,0.0,0.0,1.0
state:0e19d7e475fcea7fa0360c5b,vizwiz,google/gemma-4-E4B-it,4,10.0,0.0,0.0,0.0,0.0,1.0
state:904d418f76c2ca8586417f43,pope,Qwen/Qwen3-VL-8B-Instruct,3,6.0,0.0,0.0,0.0,0.0,1.0
state:fa9b02323caa6062733e4d88,pope,google/gemma-4-E4B-it,2,2.0,0.0,0.0,0.0,0.0,1.0
state:ba4eb4b32f7802d88f429538,vizwiz,Qwen/Qwen3-VL-8B-Instruct,4,10.0,0.0,0.0,0.0,0.0,1.0
state:bd64c82093872115c5a43612,pope,Qwen/Qwen3-VL-8B-Instruct,3,6.0,0.0,0.0,0.0,0.0,1.0
state:1fe7317588e16cbbe9b34291,vizwiz,Qwen/Qwen3-VL-8B-Instruct,3,6.0,0.0,0.0,0.0,0.0,1.0
state:934dfafa1ca0c5bb37730880,vsr,google/gemma-4-E4B-it,2,2.0,0.0,0.0,0.0,0.0,1.0
state:baf0296ab489391a207e60cd,pope,Qwen/Qwen3-VL-8B-Instruct,4,10.0,0.0,0.0,0.0,0.0,1.0
state:b1442208cc42c5911215aa1d,vizwiz,google/gemma-4-E4B-it,3,6.0,0.0,0.0,0.0,0.0,1.0
state:c7f790ceaae44889d1b643ea,pope,google/gemma-4-E4B-it,4,10.0,0.0,0.0,0.0,0.0,1.0
state:8922cb653d687c60810aeab6,vizwiz,Qwen/Qwen3-VL-8B-Instruct,3,6.0,0.0,0.0,0.0,0.0,1.0
state:b0282879e976624af7194775,hallusionbench,google/gemma-4-E4B-it,4,10.0,0.0,0.0,0.0,0.0,1.0
state:512397a4c42567f6bc7af415,hallusionbench,google/gemma-4-E4B-it,2,2.0,0.0,0.0,0.0,0.0,1.0
state:b175bf74e900632e6be61280,vizwiz,Qwen/Qwen3-VL-8B-Instruct,3,6.0,0.0,0.0,0.0,0.0,1.0
state:8111145d962f6489970ebe5b,hallusionbench,google/gemma-4-E4B-it,4,10.0,0.0,0.0,0.0,0.0,1.0
state:b53c5d44d8fa6ea1d0e55384,vizwiz,google/gemma-4-E4B-it,2,2.0,0.0,0.0,0.0,0.0,1.0
state:490a8dc687663ba91a7fb6d2,vizwiz,google/gemma-4-E4B-it,4,10.0,0.0,0.0,0.0,0.0,1.0
state:496d7d2c8eff82a2ae14d8a8,hallusionbench,google/gemma-4-E4B-it,2,2.0,0.0,0.0,0.0,0.0,1.0
state:842a872e79ba941319e55cf0,vizwiz,google/gemma-4-E4B-it,2,2.0,0.0,0.0,0.0,0.0,1.0
state:ea04c334688e959bb8c8727d,vizwiz,google/gemma-4-E4B-it,4,10.0,0.0,0.0,0.0,0.0,1.0
state:defb9d925c0afab45f1fdf6c,vizwiz,google/gemma-4-E4B-it,3,6.0,0.0,0.0,0.0,0.0,1.0
state:667b63946189f3b941a2a649,pope,Qwen/Qwen3-VL-8B-Instruct,3,6.0,0.0,0.0,0.0,0.0,1.0
state:57ca3c3e41f0610a23fa2b0f,hallusionbench,google/gemma-4-E4B-it,3,6.0,0.0,0.0,0.0,0.0,1.0
state:ef7e23a177df8f8e2177aeb7,vizwiz,google/gemma-4-E4B-it,3,6.0,0.0,0.0,0.0,0.0,1.0
state:fce3f17bc84555cf98a598b5,pope,Qwen/Qwen3-VL-8B-Instruct,3,6.0,0.0,0.0,0.0,0.0,1.0
state:2741c2b0f0e268fd02f5a5a2,pope,Qwen/Qwen3-VL-8B-Instruct,2,2.0,0.0,0.0,0.0,0.0,1.0
state:a6fbe92ec555f66de2539e33,vizwiz,Qwen/Qwen3-VL-8B-Instruct,3,6.0,0.0,0.0,0.0,0.0,1.0
state:ff59e09ed991b3f3c90053b1,pope,Qwen/Qwen3-VL-8B-Instruct,3,6.0,0.0,0.0,0.0,0.0,1.0
state:898bf026d9ece38434f930e5,pope,google/gemma-4-E4B-it,2,2.0,0.0,0.0,0.0,0.0,1.0
state:2e4cdebe892a26eee1b7fa92,vizwiz,Qwen/Qwen3-VL-8B-Instruct,2,2.0,0.0,0.0,0.0,0.0,1.0
state:70dd1279151dea454b65eaaf,vizwiz,google/gemma-4-E4B-it,3,6.0,0.0,0.0,0.0,0.0,1.0
state:a5c811b590844ec5859bad15,vizwiz,google/gemma-4-E4B-it,3,6.0,0.0,0.0,0.0,0.0,1.0
state:ed95114e63878c66e5e7bda9,hallusionbench,Qwen/Qwen3-VL-8B-Instruct,2,2.0,0.0,0.0,0.0,0.0,1.0
state:5ef99dd41c754922fe37b025,hallusionbench,google/gemma-4-E4B-it,2,2.0,0.0,0.0,0.0,0.0,1.0
state:c4bedb48358748f6504d7a53,vizwiz,google/gemma-4-E4B-it,3,6.0,0.0,0.0,0.0,0.0,1.0
state:731378984e9304082d56a5ad,pope,Qwen/Qwen3-VL-8B-Instruct,4,10.0,0.0,0.0,0.0,0.0,1.0
state:b7084364f41b72d0ddcd1c8e,vizwiz,google/gemma-4-E4B-it,4,10.0,0.0,0.0,0.0,0.0,1.0
state:6b5c69816cd228b217ec0875,pope,google/gemma-4-E4B-it,2,2.0,0.0,0.0,0.0,0.0,1.0
state:ec6bab9e2cb984b715b2f1ab,vizwiz,Qwen/Qwen3-VL-8B-Instruct,3,6.0,0.0,0.0,0.0,0.0,1.0
state:85763f298c3a3035a0b95883,vizwiz,Qwen/Qwen3-VL-8B-Instruct,4,10.0,0.0,0.0,0.0,0.0,1.0
state:8fee406e5f40e597291d1893,vizwiz,Qwen/Qwen3-VL-8B-Instruct,3,6.0,0.0,0.0,0.0,0.0,1.0
state:f800046d99a5b91ce74a4ffa,pope,Qwen/Qwen3-VL-8B-Instruct,2,2.0,0.0,0.0,0.0,0.0,1.0
state:73520c07ac0985567e9a96e2,pope,Qwen/Qwen3-VL-8B-Instruct,3,6.0,0.0,0.0,0.0,0.0,1.0
state:04ea8618516bb4f16c3f7144,vizwiz,google/gemma-4-E4B-it,3,6.0,0.0,0.0,0.0,0.0,1.0
state:47c1d9d4615b1736a68a3d09,pope,Qwen/Qwen3-VL-8B-Instruct,2,2.0,0.0,0.0,0.0,0.0,1.0
state:8510517b265d46c8dad84337,pope,Qwen/Qwen3-VL-8B-Instruct,4,10.0,0.0,0.0,0.0,0.0,1.0
state:3dc396290f63d8bcf9576bb5,pope,google/gemma-4-E4B-it,4,10.0,0.0,0.0,0.0,0.0,1.0
state:5f21158c8e83d38cc271fd1c,vizwiz,Qwen/Qwen3-VL-8B-Instruct,3,6.0,0.0,0.0,0.0,0.0,1.0
state:53610cb96e09d2de062bc0dd,pope,google/gemma-4-E4B-it,3,6.0,0.0,0.0,0.0,0.0,1.0
state:6ac31e453b173bdad0364202,pope,Qwen/Qwen3-VL-8B-Instruct,3,6.0,0.0,0.0,0.0,0.0,1.0
state:08196c8bc1a626888ae33d7d,pope,Qwen/Qwen3-VL-8B-Instruct,2,2.0,0.0,0.0,0.0,0.0,1.0
state:7e0424aa1dd5012985bc6deb,pope,google/gemma-4-E4B-it,4,10.0,0.0,0.0,0.0,0.0,1.0
state:3a2dc825cff2ca95d31f9f9b,vizwiz,google/gemma-4-E4B-it,2,2.0,0.0,0.0,0.0,0.0,1.0
state:82923e137812f03721d4be2f,pope,Qwen/Qwen3-VL-8B-Instruct,4,10.0,0.0,0.0,0.0,0.0,1.0
state:b34fa9151c3f9080dc4b57f1,vizwiz,google/gemma-4-E4B-it,2,2.0,0.0,0.0,0.0,0.0,1.0
state:995192091fff412e562ab8ca,vizwiz,google/gemma-4-E4B-it,4,10.0,0.0,0.0,0.0,0.0,1.0
state:76295d6bdf06a8e5d9042684,vizwiz,google/gemma-4-E4B-it,4,10.0,0.0,0.0,0.0,0.0,1.0
state:d56ab373e4ee96e49d2b7c26,pope,Qwen/Qwen3-VL-8B-Instruct,2,2.0,0.0,0.0,0.0,0.0,1.0
state:4c5ff22aef65301735462e0a,pope,google/gemma-4-E4B-it,4,10.0,0.0,0.0,0.0,0.0,1.0
state:24ce9881ee039e7566e06771,vizwiz,google/gemma-4-E4B-it,4,10.0,0.0,0.0,0.0,0.0,1.0
state:745492ee98e098897df53035,vizwiz,Qwen/Qwen3-VL-8B-Instruct,3,6.0,0.0,0.0,0.0,0.0,1.0
state:28be67b6f9596451dbdafe5f,vizwiz,google/gemma-4-E4B-it,4,10.0,0.0,0.0,0.0,0.0,1.0
state:0014a78ce72d366be1f2b793,pope,google/gemma-4-E4B-it,3,6.0,0.0,0.0,0.0,0.0,1.0
state:3dd34b104a70b614b006c028,hallusionbench,Qwen/Qwen3-VL-8B-Instruct,2,2.0,0.0,0.0,0.0,0.0,1.0
state:aeee35871b0a63a6b6a42721,hallusionbench,Qwen/Qwen3-VL-8B-Instruct,3,6.0,0.0,0.0,0.0,0.0,1.0
state:c4695b6ec412f1f5a61d5e14,pope,Qwen/Qwen3-VL-8B-Instruct,4,10.0,0.0,0.0,0.0,0.0,1.0
state:de8e4bbd30bb06cded927f76,pope,google/gemma-4-E4B-it,3,6.0,0.0,0.0,0.0,0.0,1.0
state:cd0525dcd8bc67ef8a0b7d49,pope,Qwen/Qwen3-VL-8B-Instruct,3,6.0,0.0,0.0,0.0,0.0,1.0
state:6411b73bdbaa4b09c7d4b932,pope,Qwen/Qwen3-VL-8B-Instruct,3,6.0,0.0,0.0,0.0,0.0,1.0
state:f60693983b798e7bde43c6b7,vizwiz,Qwen/Qwen3-VL-8B-Instruct,2,2.0,0.0,0.0,0.0,0.0,1.0
state:5c9d3fcafa4e45142c56f0ce,pope,Qwen/Qwen3-VL-8B-Instruct,3,6.0,0.0,0.0,0.0,0.0,1.0
state:b6de61d85d26776d81d9b7c7,vizwiz,google/gemma-4-E4B-it,2,2.0,0.0,0.0,0.0,0.0,1.0
state:e6789e45427170ea5f1f02bd,vizwiz,Qwen/Qwen3-VL-8B-Instruct,2,2.0,0.0,0.0,0.0,0.0,1.0
state:ee2669d62d22efe1361b5a51,vizwiz,Qwen/Qwen3-VL-8B-Instruct,2,2.0,0.0,0.0,0.0,0.0,1.0
state:aef3b5b696ecbfe94cf106fc,pope,google/gemma-4-E4B-it,2,2.0,0.0,0.0,0.0,0.0,1.0
state:4e6774acf326673809ecf106,pope,google/gemma-4-E4B-it,3,6.0,0.0,0.0,0.0,0.0,1.0
state:f9c34e92e266ae73bfb72ea7,vizwiz,google/gemma-4-E4B-it,2,2.0,0.0,0.0,0.0,0.0,1.0
state:f194ebe2837d6d759da84a4e,vizwiz,Qwen/Qwen3-VL-8B-Instruct,4,10.0,0.0,0.0,0.0,0.0,1.0
state:1424c237154a8e8574fb6e50,pope,Qwen/Qwen3-VL-8B-Instruct,4,10.0,0.0,0.0,0.0,0.0,1.0
state:8e58092abbbfe32b83f32a4b,vizwiz,Qwen/Qwen3-VL-8B-Instruct,3,6.0,0.0,0.0,0.0,0.0,1.0
state:58c7bb6a1be1e139178970b8,vizwiz,google/gemma-4-E4B-it,3,6.0,0.0,0.0,0.0,0.0,1.0
state:2570e444d24ea8fab842250d,pope,google/gemma-4-E4B-it,2,2.0,0.0,0.0,0.0,0.0,1.0
state:714f7dd5bdf5671169cb1434,vizwiz,Qwen/Qwen3-VL-8B-Instruct,2,2.0,0.0,0.0,0.0,0.0,1.0
state:f9a3e153c761a15cd46ff859,vizwiz,Qwen/Qwen3-VL-8B-Instruct,4,10.0,0.0,0.0,0.0,0.0,1.0
state:87cbdf2b1ab2c1fc4e1f2d9d,vizwiz,google/gemma-4-E4B-it,3,6.0,0.0,0.0,0.0,0.0,1.0
state:e01b8a1be3b76c4e42e328a3,vizwiz,Qwen/Qwen3-VL-8B-Instruct,2,2.0,0.0,0.0,0.0,0.0,1.0
state:ac026a82f0ba68dc770611b4,pope,google/gemma-4-E4B-it,2,2.0,0.0,0.0,0.0,0.0,1.0
state:b3b4bf8056ea0bdc836bb51f,pope,google/gemma-4-E4B-it,3,6.0,0.0,0.0,0.0,0.0,1.0
state:cd3aa58a0523643c2309f7d7,vizwiz,google/gemma-4-E4B-it,4,10.0,0.0,0.0,0.0,0.0,1.0
state:dd3e8308ed47f8fc677a873a,pope,Qwen/Qwen3-VL-8B-Instruct,4,10.0,0.0,0.0,0.0,0.0,1.0
state:337189a34f986a9f877f6c7c,vizwiz,google/gemma-4-E4B-it,4,10.0,0.0,0.0,0.0,0.0,1.0
state:120a47c7dd34d1ff80ef0ee9,vizwiz,Qwen/Qwen3-VL-8B-Instruct,4,10.0,0.0,0.0,0.0,0.0,1.0
state:703133ba649e149a7841fc93,vizwiz,Qwen/Qwen3-VL-8B-Instruct,4,10.0,0.0,0.0,0.0,0.0,1.0
state:57aa520de033421080a04403,vizwiz,google/gemma-4-E4B-it,2,2.0,0.0,0.0,0.0,0.0,1.0
state:8e0ab6148b923953eaf08324,pope,Qwen/Qwen3-VL-8B-Instruct,2,2.0,0.0,0.0,0.0,0.0,1.0
state:1a727b6ed56b71d0b42b5b3f,vizwiz,google/gemma-4-E4B-it,2,2.0,0.0,0.0,0.0,0.0,1.0
state:c90f2e60d8b79bf7a6c734ca,vsr,Qwen/Qwen3-VL-8B-Instruct,3,6.0,0.0,0.0,0.0,0.0,1.0
state:a0ef0accd3080cb3666728fa,vizwiz,google/gemma-4-E4B-it,3,6.0,0.0,0.0,0.0,0.0,1.0
state:f99c5b1d15bf1fe54fb7afc2,pope,Qwen/Qwen3-VL-8B-Instruct,2,2.0,0.0,0.0,0.0,0.0,1.0
state:c9046fa36f360916ebd9d376,pope,google/gemma-4-E4B-it,4,10.0,0.0,0.0,0.0,0.0,1.0
state:290e42000a94ab4d00fd944b,vsr,Qwen/Qwen3-VL-8B-Instruct,2,2.0,0.0,0.0,0.0,0.0,1.0
state:bbfeedbe636a46860445ed23,pope,Qwen/Qwen3-VL-8B-Instruct,2,2.0,0.0,0.0,0.0,0.0,1.0
state:a212eae6ea05b7174722e84a,pope,Qwen/Qwen3-VL-8B-Instruct,2,2.0,0.0,0.0,0.0,0.0,1.0
state:899e9ede3e92187e6dd2db03,pope,Qwen/Qwen3-VL-8B-Instruct,4,10.0,0.0,0.0,0.0,0.0,1.0
state:406cd63139ed2f365be98896,pope,Qwen/Qwen3-VL-8B-Instruct,4,10.0,0.0,0.0,0.0,0.0,1.0
state:43c1d40153eb67dff42fca9d,vizwiz,Qwen/Qwen3-VL-8B-Instruct,2,2.0,0.0,0.0,0.0,0.0,1.0
state:6ac50b1b7ff8a78cd08aa64c,pope,Qwen/Qwen3-VL-8B-Instruct,4,10.0,0.0,0.0,0.0,0.0,1.0
state:fe20b08fe7ad6e06cfc72911,vizwiz,Qwen/Qwen3-VL-8B-Instruct,3,6.0,0.0,0.0,0.0,0.0,1.0
state:cfc3c0ce8dce4b61c6e82258,pope,Qwen/Qwen3-VL-8B-Instruct,3,6.0,0.0,0.0,0.0,0.0,1.0
state:8eb6fb22d5a5e9bfcf5fd330,pope,google/gemma-4-E4B-it,3,6.0,0.0,0.0,0.0,0.0,1.0
state:6975e3015d4ff28b0ca26565,vizwiz,google/gemma-4-E4B-it,4,10.0,0.0,0.0,0.0,0.0,1.0
state:1681646e670adbc8e5f3cf0a,pope,Qwen/Qwen3-VL-8B-Instruct,3,6.0,0.0,0.0,0.0,0.0,1.0
state:a68992db54086ad812b1aeb4,hallusionbench,google/gemma-4-E4B-it,3,6.0,0.0,0.0,0.0,0.0,1.0
state:c439444f559867c6db1cdb44,vizwiz,Qwen/Qwen3-VL-8B-Instruct,3,6.0,0.0,0.0,0.0,0.0,1.0
state:5c7707b305d9efe51ded02bf,pope,Qwen/Qwen3-VL-8B-Instruct,3,6.0,0.0,0.0,0.0,0.0,1.0
state:15c8a9d60c23d6d46117d780,pope,google/gemma-4-E4B-it,3,6.0,0.0,0.0,0.0,0.0,1.0
state:b504db25a230ba12a1d51b4d,vizwiz,google/gemma-4-E4B-it,4,10.0,0.0,0.0,0.0,0.0,1.0
state:01cefa8313c42e8406714c4c,vizwiz,google/gemma-4-E4B-it,4,10.0,0.0,0.0,0.0,0.0,1.0
state:24e2bf9cb72a4bdc72af91e7,vsr,Qwen/Qwen3-VL-8B-Instruct,2,2.0,0.0,0.0,0.0,0.0,1.0
state:15e71322d1a53e20a17498b0,pope,Qwen/Qwen3-VL-8B-Instruct,3,6.0,0.0,0.0,0.0,0.0,1.0
state:c4557b0c7190665aebc153a8,pope,google/gemma-4-E4B-it,3,6.0,0.0,0.0,0.0,0.0,1.0
state:33760babd2908f02528324d2,vizwiz,Qwen/Qwen3-VL-8B-Instruct,2,2.0,0.0,0.0,0.0,0.0,1.0
state:17fcb6f95ac8e47c1de51815,vizwiz,Qwen/Qwen3-VL-8B-Instruct,4,10.0,0.0,0.0,0.0,0.0,1.0
state:26d6b333c2408d8488b35bfd,pope,Qwen/Qwen3-VL-8B-Instruct,3,6.0,0.0,0.0,0.0,0.0,1.0
state:17a8fdf2101e09d2aa10372e,vizwiz,Qwen/Qwen3-VL-8B-Instruct,2,2.0,0.0,0.0,0.0,0.0,1.0
state:9812863eada5edec23c3cd4d,vizwiz,Qwen/Qwen3-VL-8B-Instruct,3,6.0,0.0,0.0,0.0,0.0,1.0
state:0512b5635700f1bd26ea8f36,pope,google/gemma-4-E4B-it,2,2.0,0.0,0.0,0.0,0.0,1.0
state:117f0a5325f18eca1d77839d,pope,Qwen/Qwen3-VL-8B-Instruct,4,10.0,0.0,0.0,0.0,0.0,1.0
state:d41f5adb2ed97ff2ffe5b52c,pope,Qwen/Qwen3-VL-8B-Instruct,3,6.0,0.0,0.0,0.0,0.0,1.0
state:408694fcb26247046d37b2f0,vizwiz,google/gemma-4-E4B-it,3,6.0,0.0,0.0,0.0,0.0,1.0
state:a5a0e5234c6cff8d181d5e8a,vizwiz,google/gemma-4-E4B-it,2,2.0,0.0,0.0,0.0,0.0,1.0
state:67391546401a7bb740969601,vizwiz,google/gemma-4-E4B-it,3,6.0,0.0,0.0,0.0,0.0,1.0
state:67ed36ed42d0282de4857bf7,vizwiz,google/gemma-4-E4B-it,4,10.0,0.0,0.0,0.0,0.0,1.0
state:9ac074038cc91af9313233e1,hallusionbench,google/gemma-4-E4B-it,2,2.0,0.0,0.0,0.0,0.0,1.0
state:c0d1b77d82faca32ec124b6f,pope,google/gemma-4-E4B-it,2,2.0,0.0,0.0,0.0,0.0,1.0
state:f996f102a95ef3b1498cacb4,pope,google/gemma-4-E4B-it,4,10.0,0.0,0.0,0.0,0.0,1.0
state:0359c9ae33503ca2f2783c84,pope,Qwen/Qwen3-VL-8B-Instruct,3,6.0,0.0,0.0,0.0,0.0,1.0
state:65f321762a05e980ebfa3ea6,pope,Qwen/Qwen3-VL-8B-Instruct,4,10.0,0.0,0.0,0.0,0.0,1.0
state:a810bbbe4ad0e0c52a405439,vizwiz,Qwen/Qwen3-VL-8B-Instruct,2,2.0,0.0,0.0,0.0,0.0,1.0
state:abab47688c790290dfc000eb,vizwiz,google/gemma-4-E4B-it,4,10.0,0.0,0.0,0.0,0.0,1.0
state:71dfb9e3f814e3c0cfdd82e9,vizwiz,Qwen/Qwen3-VL-8B-Instruct,4,10.0,0.0,0.0,0.0,0.0,1.0
state:260b12f075e46bc4beff2567,pope,Qwen/Qwen3-VL-8B-Instruct,2,2.0,0.0,0.0,0.0,0.0,1.0
state:a940a1d4b14266beb3216496,pope,Qwen/Qwen3-VL-8B-Instruct,3,6.0,0.0,0.0,0.0,0.0,1.0
state:ef8df67806bbd27c5cfd96f5,pope,Qwen/Qwen3-VL-8B-Instruct,4,10.0,0.0,0.0,0.0,0.0,1.0
state:6524f828a34dd33c8213812f,pope,google/gemma-4-E4B-it,4,10.0,0.0,0.0,0.0,0.0,1.0
state:ae29762568d7c25dba6a2fd3,vizwiz,Qwen/Qwen3-VL-8B-Instruct,3,6.0,0.0,0.0,0.0,0.0,1.0
state:adc4395abc7d408ddc364fe1,pope,google/gemma-4-E4B-it,2,2.0,0.0,0.0,0.0,0.0,1.0
state:c0939c20619f1bdd9f472eef,vizwiz,Qwen/Qwen3-VL-8B-Instruct,4,10.0,0.0,0.0,0.0,0.0,1.0
state:0b43009ddead0de43c32db38,pope,Qwen/Qwen3-VL-8B-Instruct,2,2.0,0.0,0.0,0.0,0.0,1.0
state:8d02c4006029804c33f0afc1,pope,google/gemma-4-E4B-it,3,6.0,0.0,0.0,0.0,0.0,1.0
state:75998634977ba582bdf33004,pope,google/gemma-4-E4B-it,4,10.0,0.0,0.0,0.0,0.0,1.0
state:62fceb80daad291ad2877e42,pope,google/gemma-4-E4B-it,2,2.0,0.0,0.0,0.0,0.0,1.0
state:02d7c4850275fe676504afb8,vizwiz,google/gemma-4-E4B-it,4,10.0,0.0,0.0,0.0,0.0,1.0
state:7c3265cfcd13a462f5957746,pope,google/gemma-4-E4B-it,3,6.0,0.0,0.0,0.0,0.0,1.0
state:6ff5b2c73b18680a3ed437d8,vizwiz,Qwen/Qwen3-VL-8B-Instruct,4,10.0,0.0,0.0,0.0,0.0,1.0
state:0440158a3515e9ec5b2edab5,pope,Qwen/Qwen3-VL-8B-Instruct,3,6.0,0.0,0.0,0.0,0.0,1.0
state:277a85e80eab3be585c8e0cc,vizwiz,Qwen/Qwen3-VL-8B-Instruct,4,10.0,0.0,0.0,0.0,0.0,1.0
state:276394fe2201e12d5cdb862d,pope,Qwen/Qwen3-VL-8B-Instruct,3,6.0,0.0,0.0,0.0,0.0,1.0
state:f9d0232665d39bfaaa0f1f4c,hallusionbench,Qwen/Qwen3-VL-8B-Instruct,3,6.0,0.0,0.0,0.0,0.0,1.0
state:ec45c5b247983c54e44c3e17,vizwiz,google/gemma-4-E4B-it,2,2.0,0.0,0.0,0.0,0.0,1.0
state:46685ad1add7385c7c1e52e8,pope,google/gemma-4-E4B-it,3,6.0,0.0,0.0,0.0,0.0,1.0
state:7a2f46d36cc2911baec41f64,pope,google/gemma-4-E4B-it,4,10.0,0.0,0.0,0.0,0.0,1.0
state:ace191b6681f1ef58ba1a50f,pope,Qwen/Qwen3-VL-8B-Instruct,3,6.0,0.0,0.0,0.0,0.0,1.0
state:7fd0f50109216c1dd5aed226,vizwiz,google/gemma-4-E4B-it,3,6.0,0.0,0.0,0.0,0.0,1.0
state:f2b6334c779e8b83ee9ede3f,vizwiz,google/gemma-4-E4B-it,3,6.0,0.0,0.0,0.0,0.0,1.0
state:85d88ca133f2f205c38423cc,pope,google/gemma-4-E4B-it,4,10.0,0.0,0.0,0.0,0.0,1.0
state:34ff0871442f7429b93fea43,vizwiz,google/gemma-4-E4B-it,2,2.0,0.0,0.0,0.0,0.0,1.0
state:3308ae5b45b748516e1f5919,pope,Qwen/Qwen3-VL-8B-Instruct,4,10.0,0.0,0.0,0.0,0.0,1.0
state:813493006ff1c3eee24f3e4e,vizwiz,google/gemma-4-E4B-it,4,10.0,0.0,0.0,0.0,0.0,1.0
state:b7f5b975dde5022170065783,vizwiz,google/gemma-4-E4B-it,4,10.0,0.0,0.0,0.0,0.0,1.0
state:5a9a5f95077d17786c780ef1,pope,Qwen/Qwen3-VL-8B-Instruct,4,10.0,0.0,0.0,0.0,0.0,1.0
state:69e1b0feb8ecbd86ff71090d,pope,google/gemma-4-E4B-it,2,2.0,0.0,0.0,0.0,0.0,1.0
state:2bd8483ce6068c65d0023173,pope,google/gemma-4-E4B-it,4,10.0,0.0,0.0,0.0,0.0,1.0
state:49c84bd941134f45aed00eb6,pope,Qwen/Qwen3-VL-8B-Instruct,3,6.0,0.0,0.0,0.0,0.0,1.0
state:b5bdfe7c720b85f73c303b83,vsr,Qwen/Qwen3-VL-8B-Instruct,2,2.0,0.0,0.0,0.0,0.0,1.0
state:104c352374f171e904854e69,pope,Qwen/Qwen3-VL-8B-Instruct,3,6.0,0.0,0.0,0.0,0.0,1.0
state:be47bf53e69b610d66540897,vizwiz,Qwen/Qwen3-VL-8B-Instruct,3,6.0,0.0,0.0,0.0,0.0,1.0
state:ae971f6c7ada831f76c97837,hallusionbench,google/gemma-4-E4B-it,2,2.0,0.0,0.0,0.0,0.0,1.0
state:bbc24bce3c684eb2cce26525,vizwiz,google/gemma-4-E4B-it,4,10.0,0.0,0.0,0.0,0.0,1.0
state:a8f9ec0bf2efd4e2de98a47e,pope,google/gemma-4-E4B-it,2,2.0,0.0,0.0,0.0,0.0,1.0
state:0c91de8169c9934573934ec7,pope,google/gemma-4-E4B-it,2,2.0,0.0,0.0,0.0,0.0,1.0
state:242bd3b0d6647cff8b363259,pope,Qwen/Qwen3-VL-8B-Instruct,4,10.0,0.0,0.0,0.0,0.0,1.0
state:e3fef096a9197191f8a55334,pope,Qwen/Qwen3-VL-8B-Instruct,2,2.0,0.0,0.0,0.0,0.0,1.0
state:b6f834950ff1c7c39a007ff6,pope,google/gemma-4-E4B-it,2,2.0,0.0,0.0,0.0,0.0,1.0
state:270b2c220cd163949631d638,pope,Qwen/Qwen3-VL-8B-Instruct,2,2.0,0.0,0.0,0.0,0.0,1.0
state:2011565744bcf5e2593fcd00,vizwiz,Qwen/Qwen3-VL-8B-Instruct,3,6.0,0.0,0.0,0.0,0.0,1.0
state:0744e2b880d4ae19954cc396,pope,Qwen/Qwen3-VL-8B-Instruct,2,2.0,0.0,0.0,0.0,0.0,1.0
state:068c6e3b5c6930aa124c8372,pope,google/gemma-4-E4B-it,4,10.0,0.0,0.0,0.0,0.0,1.0
state:1b614823192395ec500bc933,pope,google/gemma-4-E4B-it,3,6.0,0.0,0.0,0.0,0.0,1.0
state:8b22bd94b8411bae4e0b7d53,pope,google/gemma-4-E4B-it,4,10.0,0.0,0.0,0.0,0.0,1.0
state:adad25811800e40f0668ae47,pope,google/gemma-4-E4B-it,4,10.0,0.0,0.0,0.0,0.0,1.0
state:8bfddf68c3b5497b01e56679,pope,Qwen/Qwen3-VL-8B-Instruct,4,10.0,0.0,0.0,0.0,0.0,1.0
state:bd2cd5a6410b73d129f75b59,pope,Qwen/Qwen3-VL-8B-Instruct,3,6.0,0.0,0.0,0.0,0.0,1.0
state:2105b924339ec1500d334950,vizwiz,google/gemma-4-E4B-it,4,10.0,0.0,0.0,0.0,0.0,1.0
state:032b19b4217f3495cf4d396f,vizwiz,google/gemma-4-E4B-it,4,10.0,0.0,0.0,0.0,0.0,1.0
state:4f2d00170ee4f874a9bd5d0c,vsr,Qwen/Qwen3-VL-8B-Instruct,4,10.0,0.0,0.0,0.0,0.0,1.0
state:51adf85d1479a2e0cd8f69c4,vizwiz,google/gemma-4-E4B-it,2,2.0,0.0,0.0,0.0,0.0,1.0
state:7cdbb8430fe7ff28320694ed,pope,Qwen/Qwen3-VL-8B-Instruct,3,6.0,0.0,0.0,0.0,0.0,1.0
state:11ff4ff270ff4b9ad0f93854,vizwiz,google/gemma-4-E4B-it,2,2.0,0.0,0.0,0.0,0.0,1.0
state:c48c4d082f2e6a06f37f3044,pope,google/gemma-4-E4B-it,3,6.0,0.0,0.0,0.0,0.0,1.0
state:bcb6528faeec2f7b4a15e866,pope,Qwen/Qwen3-VL-8B-Instruct,2,2.0,0.0,0.0,0.0,0.0,1.0
state:a6e7da41df1972f4ec4e2635,vizwiz,google/gemma-4-E4B-it,3,6.0,0.0,0.0,0.0,0.0,1.0
state:0568c6490da834105b4d03a5,pope,google/gemma-4-E4B-it,3,6.0,0.0,0.0,0.0,0.0,1.0
state:50627ee4e2db6ceb9f18df2c,vizwiz,Qwen/Qwen3-VL-8B-Instruct,4,10.0,0.0,0.0,0.0,0.0,1.0
state:c46cdeb11da0eeb31558fd63,pope,Qwen/Qwen3-VL-8B-Instruct,2,2.0,0.0,0.0,0.0,0.0,1.0
state:59b241732e17d59496b87112,vsr,Qwen/Qwen3-VL-8B-Instruct,2,2.0,0.0,0.0,0.0,0.0,1.0
state:8864d4e274565c5f158c6264,pope,google/gemma-4-E4B-it,2,2.0,0.0,0.0,0.0,0.0,1.0
state:ce5ffeae06d563c3d4194377,vizwiz,google/gemma-4-E4B-it,2,2.0,0.0,0.0,0.0,0.0,1.0
state:2d02f49e27e239ca718975af,vizwiz,google/gemma-4-E4B-it,4,10.0,0.0,0.0,0.0,0.0,1.0
state:039b92d60e6aba4226169505,vizwiz,google/gemma-4-E4B-it,3,6.0,0.0,0.0,0.0,0.0,1.0
state:cb1fd38330d4b93333481fee,pope,Qwen/Qwen3-VL-8B-Instruct,3,6.0,0.0,0.0,0.0,0.0,1.0
state:6e309e0ee2002c8e74a414ba,pope,Qwen/Qwen3-VL-8B-Instruct,4,10.0,0.0,0.0,0.0,0.0,1.0
state:95485cb73dc68aaadf69e531,pope,Qwen/Qwen3-VL-8B-Instruct,2,2.0,0.0,0.0,0.0,0.0,1.0
state:269172d56bf33e2c133e057c,pope,google/gemma-4-E4B-it,2,2.0,0.0,0.0,0.0,0.0,1.0
state:e7b4963318daa6a308fa8523,pope,google/gemma-4-E4B-it,3,6.0,0.0,0.0,0.0,0.0,1.0
state:d87908d67fe32cb899a9095e,pope,google/gemma-4-E4B-it,3,6.0,0.0,0.0,0.0,0.0,1.0
state:4680c1724f00efd7c1e280f3,pope,Qwen/Qwen3-VL-8B-Instruct,2,2.0,0.0,0.0,0.0,0.0,1.0
state:3e96e1bb218c21dfd369f9cd,vizwiz,google/gemma-4-E4B-it,3,6.0,0.0,0.0,0.0,0.0,1.0
state:7bd8e509d2fd29af4b9a4ffc,vizwiz,Qwen/Qwen3-VL-8B-Instruct,2,2.0,0.0,0.0,0.0,0.0,1.0
state:935c13caae9b786128234f4a,pope,google/gemma-4-E4B-it,4,10.0,0.0,0.0,0.0,0.0,1.0
state:64b664e25dc3b75c3919445e,pope,google/gemma-4-E4B-it,2,2.0,0.0,0.0,0.0,0.0,1.0
state:199b792c7a7af81513b15964,vizwiz,Qwen/Qwen3-VL-8B-Instruct,3,6.0,0.0,0.0,0.0,0.0,1.0
state:bb1e8689abad23f819bb4dff,pope,Qwen/Qwen3-VL-8B-Instruct,2,2.0,0.0,0.0,0.0,0.0,1.0
state:d3dd191578333f4e1fa2b6d1,vizwiz,Qwen/Qwen3-VL-8B-Instruct,4,10.0,0.0,0.0,0.0,0.0,1.0
state:23181db8ceeffa4f23cca247,vizwiz,Qwen/Qwen3-VL-8B-Instruct,2,2.0,0.0,0.0,0.0,0.0,1.0
state:ade62c838802839d7a16ce75,vizwiz,google/gemma-4-E4B-it,4,10.0,0.0,0.0,0.0,0.0,1.0
state:2090bd215c6e8139262f0ae8,vizwiz,Qwen/Qwen3-VL-8B-Instruct,2,2.0,0.0,0.0,0.0,0.0,1.0
state:30e2c580cbfff8134a0ab0b9,hallusionbench,google/gemma-4-E4B-it,4,10.0,0.0,0.0,0.0,0.0,1.0
state:948c772d47b561a98ad04e3a,pope,Qwen/Qwen3-VL-8B-Instruct,3,6.0,0.0,0.0,0.0,0.0,1.0
state:06bfe2769904232ed40fefd1,vizwiz,google/gemma-4-E4B-it,2,2.0,0.0,0.0,0.0,0.0,1.0
state:e61a0114ccbd72b4d3529025,vizwiz,Qwen/Qwen3-VL-8B-Instruct,3,6.0,0.0,0.0,0.0,0.0,1.0
state:eb183c1bd82b5316c3b9729a,hallusionbench,google/gemma-4-E4B-it,4,10.0,0.0,0.0,0.0,0.0,1.0
state:67f9768cc870ce5d38bb73d1,vizwiz,Qwen/Qwen3-VL-8B-Instruct,4,10.0,0.0,0.0,0.0,0.0,1.0
state:06d86acf28bb09ea54e247e0,vizwiz,Qwen/Qwen3-VL-8B-Instruct,2,2.0,0.0,0.0,0.0,0.0,1.0
state:7fbc94c378735f4616d78cae,vizwiz,google/gemma-4-E4B-it,4,10.0,0.0,0.0,0.0,0.0,1.0
state:c49199717a12673c4892a16d,pope,Qwen/Qwen3-VL-8B-Instruct,4,10.0,0.0,0.0,0.0,0.0,1.0
state:6bea696dce2d6e03e335e33f,pope,Qwen/Qwen3-VL-8B-Instruct,2,2.0,0.0,0.0,0.0,0.0,1.0
state:5df6a78aaec33d2bf4e692c9,pope,google/gemma-4-E4B-it,4,10.0,0.0,0.0,0.0,0.0,1.0
state:206758f6213eaab165e95e8d,hallusionbench,Qwen/Qwen3-VL-8B-Instruct,4,10.0,0.0,0.0,0.0,0.0,1.0
state:dea98fa1d9c0fa076a1c2e20,hallusionbench,Qwen/Qwen3-VL-8B-Instruct,3,6.0,0.0,0.0,0.0,0.0,1.0
state:a3bc558e50f1b6fbac3775ec,pope,Qwen/Qwen3-VL-8B-Instruct,2,2.0,0.0,0.0,0.0,0.0,1.0
state:f7caf2f608d1f095e59aa361,vizwiz,Qwen/Qwen3-VL-8B-Instruct,3,6.0,0.0,0.0,0.0,0.0,1.0
state:85510169ddec98d309c69caa,vizwiz,Qwen/Qwen3-VL-8B-Instruct,3,6.0,0.0,0.0,0.0,0.0,1.0
state:565006d6e517f19b97ec196d,hallusionbench,Qwen/Qwen3-VL-8B-Instruct,4,10.0,0.0,0.0,0.0,0.0,1.0
state:c6a84340e969a5da03cdcb4c,vizwiz,google/gemma-4-E4B-it,4,10.0,0.0,0.0,0.0,0.0,1.0
state:683fff96cff698feb9c2c18a,pope,Qwen/Qwen3-VL-8B-Instruct,3,6.0,0.0,0.0,0.0,0.0,1.0
state:8fe33e640865bd62ba020ff0,vizwiz,google/gemma-4-E4B-it,2,2.0,0.0,0.0,0.0,0.0,1.0
state:a7748b8381bcdbd1e508bb05,pope,Qwen/Qwen3-VL-8B-Instruct,3,6.0,0.0,0.0,0.0,0.0,1.0
state:1ff4955097e80024c5056fa5,vizwiz,google/gemma-4-E4B-it,4,10.0,0.0,0.0,0.0,0.0,1.0
state:8dc2c2f31117b257a3b11653,vizwiz,google/gemma-4-E4B-it,2,2.0,0.0,0.0,0.0,0.0,1.0
state:474d6950edfaa9242e98bdad,hallusionbench,Qwen/Qwen3-VL-8B-Instruct,3,6.0,0.0,0.0,0.0,0.0,1.0
state:0c3080419d00888595758c4d,vizwiz,google/gemma-4-E4B-it,4,10.0,0.0,0.0,0.0,0.0,1.0
state:9a4e502546d3f8d0c38596c9,vsr,Qwen/Qwen3-VL-8B-Instruct,3,6.0,0.0,0.0,0.0,0.0,1.0
state:2f0dfc844652472ea78e5834,vizwiz,Qwen/Qwen3-VL-8B-Instruct,4,10.0,0.0,0.0,0.0,0.0,1.0
state:775b63ccff8af5c10a6dca5c,vizwiz,Qwen/Qwen3-VL-8B-Instruct,4,10.0,0.0,0.0,0.0,0.0,1.0
state:400fe5969957cefea6794d71,vizwiz,Qwen/Qwen3-VL-8B-Instruct,2,2.0,0.0,0.0,0.0,0.0,1.0
state:531aef12caf013bc161faad1,hallusionbench,google/gemma-4-E4B-it,2,2.0,0.0,0.0,0.0,0.0,1.0
state:ecbd0a6ba766d2276afa02a3,vsr,Qwen/Qwen3-VL-8B-Instruct,3,6.0,0.0,0.0,0.0,0.0,1.0
state:b995fe1b768803d762a1583c,vizwiz,Qwen/Qwen3-VL-8B-Instruct,4,10.0,0.0,0.0,0.0,0.0,1.0
state:af29d87485ec086a8b40d9be,vizwiz,google/gemma-4-E4B-it,2,2.0,0.0,0.0,0.0,0.0,1.0
state:1777dd61891c616fb76b53b7,pope,google/gemma-4-E4B-it,2,2.0,0.0,0.0,0.0,0.0,1.0
state:a9c277b096c7a041c5658fb8,vizwiz,Qwen/Qwen3-VL-8B-Instruct,4,10.0,0.0,0.0,0.0,0.0,1.0
state:2cf48b2dbf4d3f850396f0d7,vizwiz,Qwen/Qwen3-VL-8B-Instruct,2,2.0,0.0,0.0,0.0,0.0,1.0
state:fc4bb38c2593b61bef0f9f72,vizwiz,google/gemma-4-E4B-it,2,2.0,0.0,0.0,0.0,0.0,1.0
state:e6824c671b566931e30c8f40,pope,Qwen/Qwen3-VL-8B-Instruct,4,10.0,0.0,0.0,0.0,0.0,1.0
state:2979e55eb2746aa4a48d8427,vizwiz,google/gemma-4-E4B-it,3,6.0,0.0,0.0,0.0,0.0,1.0
state:4f0fa319f1c00e2ad37f335a,pope,google/gemma-4-E4B-it,4,10.0,0.0,0.0,0.0,0.0,1.0
state:964583f5b94015460c7c3a4d,hallusionbench,Qwen/Qwen3-VL-8B-Instruct,2,2.0,0.0,0.0,0.0,0.0,1.0
state:49468064171b198de7cfb3e8,vizwiz,google/gemma-4-E4B-it,4,10.0,0.0,0.0,0.0,0.0,1.0
state:7659d8981010e96bfd58cfd1,pope,google/gemma-4-E4B-it,2,2.0,0.0,0.0,0.0,0.0,1.0
state:a7e78a1017ba29b2aecf258f,pope,google/gemma-4-E4B-it,4,10.0,0.0,0.0,0.0,0.0,1.0
state:fcb131932dcb22e5f04c311f,vizwiz,google/gemma-4-E4B-it,3,6.0,0.0,0.0,0.0,0.0,1.0
state:bbc0d85958be7b57f6f1d00c,vizwiz,Qwen/Qwen3-VL-8B-Instruct,3,6.0,0.0,0.0,0.0,0.0,1.0
state:09007e024302ff21bd3ede86,vizwiz,Qwen/Qwen3-VL-8B-Instruct,2,2.0,0.0,0.0,0.0,0.0,1.0
state:c64fa28112a3ab91330fff6a,pope,Qwen/Qwen3-VL-8B-Instruct,2,2.0,0.0,0.0,0.0,0.0,1.0
state:595bac034cd777fc1bf25ced,hallusionbench,google/gemma-4-E4B-it,3,6.0,0.0,0.0,0.0,0.0,1.0
state:b8df5f0a2aa454aae19a8862,pope,google/gemma-4-E4B-it,3,6.0,0.0,0.0,0.0,0.0,1.0
state:8e37e7b34bfa772b8e2127e0,pope,google/gemma-4-E4B-it,2,2.0,0.0,0.0,0.0,0.0,1.0
state:1e6c9ea0dfe7f176c66b800d,vizwiz,google/gemma-4-E4B-it,3,6.0,0.0,0.0,0.0,0.0,1.0
state:da130d9a281675ac7e45dfde,pope,google/gemma-4-E4B-it,2,2.0,0.0,0.0,0.0,0.0,1.0
state:e50c2395f5269af3e730c4fb,pope,google/gemma-4-E4B-it,3,6.0,0.0,0.0,0.0,0.0,1.0
state:e38815622bd1ad90635c94d4,vizwiz,Qwen/Qwen3-VL-8B-Instruct,2,2.0,0.0,0.0,0.0,0.0,1.0
state:8f735039932b8cf34d6b76cc,vizwiz,Qwen/Qwen3-VL-8B-Instruct,4,10.0,0.0,0.0,0.0,0.0,1.0
state:e45f42592bb4010c38eaa321,vizwiz,google/gemma-4-E4B-it,2,2.0,0.0,0.0,0.0,0.0,1.0
state:f95c08f1e0711b8eded449b0,vizwiz,google/gemma-4-E4B-it,2,2.0,0.0,0.0,0.0,0.0,1.0
state:2e2f5715c2e0006a9f4d873f,vizwiz,Qwen/Qwen3-VL-8B-Instruct,2,2.0,0.0,0.0,0.0,0.0,1.0
state:67341e8397962575f5aaa7da,pope,google/gemma-4-E4B-it,3,6.0,0.0,0.0,0.0,0.0,1.0
state:aed39af0213ce810d73c8e33,pope,Qwen/Qwen3-VL-8B-Instruct,2,2.0,0.0,0.0,0.0,0.0,1.0
state:c89b02cc9fdace5a8816d9e2,vizwiz,google/gemma-4-E4B-it,2,2.0,0.0,0.0,0.0,0.0,1.0
state:e60587951ca504609b3e66c7,hallusionbench,Qwen/Qwen3-VL-8B-Instruct,4,10.0,0.0,0.0,0.0,0.0,1.0
state:eae88e44841953b2a3779509,vsr,google/gemma-4-E4B-it,4,10.0,0.0,0.0,0.0,0.0,1.0
state:9adedd9219d29674590ef0bd,hallusionbench,Qwen/Qwen3-VL-8B-Instruct,2,2.0,0.0,0.0,0.0,0.0,1.0
state:9dae83257501e0ee0b728162,vizwiz,google/gemma-4-E4B-it,4,10.0,0.0,0.0,0.0,0.0,1.0
state:3eb6c9021e3a25b656f53381,vizwiz,Qwen/Qwen3-VL-8B-Instruct,3,6.0,0.0,0.0,0.0,0.0,1.0
state:5d7feecf077dafce487f26dc,pope,Qwen/Qwen3-VL-8B-Instruct,4,10.0,0.0,0.0,0.0,0.0,1.0
state:8e51f5a537ddc06070b9a2bc,vsr,Qwen/Qwen3-VL-8B-Instruct,2,2.0,0.0,0.0,0.0,0.0,1.0
state:a0c01391b6dc125f52714aab,pope,Qwen/Qwen3-VL-8B-Instruct,3,6.0,0.0,0.0,0.0,0.0,1.0
state:9ed24091265bb0aa760c131b,hallusionbench,google/gemma-4-E4B-it,2,2.0,0.0,0.0,0.0,0.0,1.0
state:fbce6b2cbe99753c3124902b,vizwiz,google/gemma-4-E4B-it,4,10.0,0.0,0.0,0.0,0.0,1.0
state:d40c535132480027253e30f6,pope,Qwen/Qwen3-VL-8B-Instruct,2,2.0,0.0,0.0,0.0,0.0,1.0
state:3ca8f0cdac9c9331fbe7c257,vizwiz,google/gemma-4-E4B-it,2,2.0,0.0,0.0,0.0,0.0,1.0
state:48291f6867dc1031a085b16b,vizwiz,google/gemma-4-E4B-it,2,2.0,0.0,0.0,0.0,0.0,1.0
state:3ae0d8c521e8a6a0d5fc760f,pope,google/gemma-4-E4B-it,3,6.0,0.0,0.0,0.0,0.0,1.0
state:6dae4ad194926b18c2846b51,vsr,Qwen/Qwen3-VL-8B-Instruct,3,6.0,0.0,0.0,0.0,0.0,1.0
state:006975daa67b6be305ebc2ab,pope,google/gemma-4-E4B-it,3,6.0,0.0,0.0,0.0,0.0,1.0
state:3492d4f45082bfb56a127b3d,pope,Qwen/Qwen3-VL-8B-Instruct,3,6.0,0.0,0.0,0.0,0.0,1.0
state:1b49974c28fd96d11514cc5f,vizwiz,google/gemma-4-E4B-it,4,10.0,0.0,0.0,0.0,0.0,1.0
state:dc6ca66450379ff3f499f2fc,pope,Qwen/Qwen3-VL-8B-Instruct,2,2.0,0.0,0.0,0.0,0.0,1.0
state:1f8547538e62b73e09c83d5f,pope,Qwen/Qwen3-VL-8B-Instruct,2,2.0,0.0,0.0,0.0,0.0,1.0
state:09db6a528c9ac73a856296f4,vizwiz,Qwen/Qwen3-VL-8B-Instruct,2,2.0,0.0,0.0,0.0,0.0,1.0
state:523848a231098a761a346cd2,vizwiz,Qwen/Qwen3-VL-8B-Instruct,3,6.0,0.0,0.0,0.0,0.0,1.0
state:3b9ad6a5eed6024506cc1b38,pope,Qwen/Qwen3-VL-8B-Instruct,4,10.0,0.0,0.0,0.0,0.0,1.0
state:731c9f3f45bf6d9f5388503e,pope,google/gemma-4-E4B-it,4,10.0,0.0,0.0,0.0,0.0,1.0
state:507c43a9a265ef387d86817f,vizwiz,google/gemma-4-E4B-it,4,10.0,0.0,0.0,0.0,0.0,1.0
state:287306ddd54dfa877dc92385,pope,Qwen/Qwen3-VL-8B-Instruct,4,10.0,0.0,0.0,0.0,0.0,1.0
state:5c5e8323e7f335a76e87ac00,vizwiz,google/gemma-4-E4B-it,4,10.0,0.0,0.0,0.0,0.0,1.0
state:2812ec9db7b857a0ff2368b8,pope,google/gemma-4-E4B-it,4,10.0,0.0,0.0,0.0,0.0,1.0
state:10e1d86f40bb4a837c3c583e,hallusionbench,google/gemma-4-E4B-it,3,6.0,0.0,0.0,0.0,0.0,1.0
state:fd48a390838c8b23341787b7,pope,Qwen/Qwen3-VL-8B-Instruct,4,10.0,0.0,0.0,0.0,0.0,1.0
state:b650e787ca7fc987f20f90ac,pope,google/gemma-4-E4B-it,4,10.0,0.0,0.0,0.0,0.0,1.0
state:cb5f1bb97f0a42a8e888f0d3,vizwiz,Qwen/Qwen3-VL-8B-Instruct,2,2.0,0.0,0.0,0.0,0.0,1.0
state:7310f74c3efb033e783dbb74,vizwiz,google/gemma-4-E4B-it,4,10.0,0.0,0.0,0.0,0.0,1.0
state:0d520b09529632d203230b76,vizwiz,google/gemma-4-E4B-it,4,10.0,0.0,0.0,0.0,0.0,1.0
state:eeb70e86642923fbfeb364c1,pope,google/gemma-4-E4B-it,2,2.0,0.0,0.0,0.0,0.0,1.0
state:64e9dc55217cb887017a620c,vizwiz,google/gemma-4-E4B-it,4,10.0,0.0,0.0,0.0,0.0,1.0
state:fead83077f7b0125d40e60d9,vizwiz,Qwen/Qwen3-VL-8B-Instruct,2,2.0,0.0,0.0,0.0,0.0,1.0
state:15be3f3285b107ecef3b5f9b,vizwiz,Qwen/Qwen3-VL-8B-Instruct,4,10.0,0.0,0.0,0.0,0.0,1.0
state:2248adc627175a70d956d4bf,vizwiz,google/gemma-4-E4B-it,2,2.0,0.0,0.0,0.0,0.0,1.0
state:e9d046bad51de8571515bbe5,hallusionbench,google/gemma-4-E4B-it,2,2.0,0.0,0.0,0.0,0.0,1.0
state:7b571f2cfb984795ed74a56d,pope,Qwen/Qwen3-VL-8B-Instruct,3,6.0,0.0,0.0,0.0,0.0,1.0
state:e566cb441438e4fcdf44471d,pope,Qwen/Qwen3-VL-8B-Instruct,2,2.0,0.0,0.0,0.0,0.0,1.0
state:89f4619021477cb3b8d71a06,vizwiz,Qwen/Qwen3-VL-8B-Instruct,2,2.0,0.0,0.0,0.0,0.0,1.0
state:6fbe487e808cbe93aa13a085,pope,google/gemma-4-E4B-it,2,2.0,0.0,0.0,0.0,0.0,1.0
state:9274e8abd855e58ceb667629,vizwiz,google/gemma-4-E4B-it,3,6.0,0.0,0.0,0.0,0.0,1.0
state:6d3992cd41b5a7ae14ab2e77,vizwiz,Qwen/Qwen3-VL-8B-Instruct,4,10.0,0.0,0.0,0.0,0.0,1.0
state:c31a5ec29896f9c5f4f7c100,pope,Qwen/Qwen3-VL-8B-Instruct,2,2.0,0.0,0.0,0.0,0.0,1.0
state:c13422116fd5a4360740c937,vizwiz,google/gemma-4-E4B-it,4,10.0,0.0,0.0,0.0,0.0,1.0
state:f6f85ec4e2f32d8fe0b81ea2,vizwiz,Qwen/Qwen3-VL-8B-Instruct,4,10.0,0.0,0.0,0.0,0.0,1.0
state:bf1ef782422ca127de20779b,pope,Qwen/Qwen3-VL-8B-Instruct,3,6.0,0.0,0.0,0.0,0.0,1.0
state:0b24b0e499e8e0510a3ef4cf,pope,google/gemma-4-E4B-it,2,2.0,0.0,0.0,0.0,0.0,1.0
state:f393c22db024edeb1448fbc9,vizwiz,google/gemma-4-E4B-it,4,10.0,0.0,0.0,0.0,0.0,1.0
state:29864d316e510360ff22acc2,vizwiz,google/gemma-4-E4B-it,3,6.0,0.0,0.0,0.0,0.0,1.0
state:e496fa366613837831ddccc8,vizwiz,Qwen/Qwen3-VL-8B-Instruct,3,6.0,0.0,0.0,0.0,0.0,1.0
state:a04ebf32612c0f936ae98de6,vizwiz,Qwen/Qwen3-VL-8B-Instruct,4,10.0,0.0,0.0,0.0,0.0,1.0
state:d12051da14f2636f7220dfb2,vizwiz,google/gemma-4-E4B-it,3,6.0,0.0,0.0,0.0,0.0,1.0
state:bb01965409d4cd2d46d11ce7,pope,google/gemma-4-E4B-it,3,6.0,0.0,0.0,0.0,0.0,1.0
state:0d88265e6f43b5c67ace2526,pope,google/gemma-4-E4B-it,3,6.0,0.0,0.0,0.0,0.0,1.0
state:ae08f71b04f0fd35f128945d,pope,Qwen/Qwen3-VL-8B-Instruct,3,6.0,0.0,0.0,0.0,0.0,1.0
state:84eaf4edb7fd264231c5fa36,pope,google/gemma-4-E4B-it,4,10.0,0.0,0.0,0.0,0.0,1.0
state:9461588e80d10d7ccf7ec66c,pope,Qwen/Qwen3-VL-8B-Instruct,3,6.0,0.0,0.0,0.0,0.0,1.0
state:2b71fc1e2cc003a4a4338f15,vizwiz,google/gemma-4-E4B-it,2,2.0,0.0,0.0,0.0,0.0,1.0
state:c4ba60a64b1960539b2882e8,pope,Qwen/Qwen3-VL-8B-Instruct,3,6.0,0.0,0.0,0.0,0.0,1.0
state:510d66274f6961d70b04e196,pope,google/gemma-4-E4B-it,4,10.0,0.0,0.0,0.0,0.0,1.0
state:2b971841db1ebd869d0d693a,vizwiz,Qwen/Qwen3-VL-8B-Instruct,3,6.0,0.0,0.0,0.0,0.0,1.0
state:df185990c33ab5bbec864813,vsr,google/gemma-4-E4B-it,2,2.0,0.0,0.0,0.0,0.0,1.0
state:0574f2424c2189215e670aa3,pope,google/gemma-4-E4B-it,4,10.0,0.0,0.0,0.0,0.0,1.0
state:ab05e4d8424ca1b9e76500db,vizwiz,google/gemma-4-E4B-it,3,6.0,0.0,0.0,0.0,0.0,1.0
state:2e699f16396d0c17fb3e7f1b,pope,Qwen/Qwen3-VL-8B-Instruct,3,6.0,0.0,0.0,0.0,0.0,1.0
state:e4afb361363689a3fd70b96b,pope,google/gemma-4-E4B-it,2,2.0,0.0,0.0,0.0,0.0,1.0
state:9ac8ee6714f93a2829e98fc5,pope,google/gemma-4-E4B-it,2,2.0,0.0,0.0,0.0,0.0,1.0
state:9412187d8d54e24cbf12529d,vizwiz,google/gemma-4-E4B-it,2,2.0,0.0,0.0,0.0,0.0,1.0
state:8efb3673f9dde9f624ea39d8,pope,google/gemma-4-E4B-it,4,10.0,0.0,0.0,0.0,0.0,1.0
state:778e63cec429d708f669235f,hallusionbench,Qwen/Qwen3-VL-8B-Instruct,4,10.0,0.0,0.0,0.0,0.0,1.0
state:4a789a0d464a5c32c518c500,vizwiz,google/gemma-4-E4B-it,2,2.0,0.0,0.0,0.0,0.0,1.0
state:d712998ae4a54bfe428c3cac,vizwiz,Qwen/Qwen3-VL-8B-Instruct,2,2.0,0.0,0.0,0.0,0.0,1.0
state:733021622c134acfb24b25d7,vizwiz,google/gemma-4-E4B-it,4,10.0,0.0,0.0,0.0,0.0,1.0
state:d244376e47b88c024eab6c4b,vsr,google/gemma-4-E4B-it,4,10.0,0.0,0.0,0.0,0.0,1.0
state:831459285b0eb575106bbfc3,vizwiz,google/gemma-4-E4B-it,4,10.0,0.0,0.0,0.0,0.0,1.0
state:759efe78410184efc6991702,vsr,google/gemma-4-E4B-it,3,6.0,0.0,0.0,0.0,0.0,1.0
state:e3c6fa7df265cdfc2f8326d3,pope,Qwen/Qwen3-VL-8B-Instruct,2,2.0,0.0,0.0,0.0,0.0,1.0
state:75142db5f97a5f32658f7784,vizwiz,Qwen/Qwen3-VL-8B-Instruct,3,6.0,0.0,0.0,0.0,0.0,1.0
state:aad2fa441429345a2dd7c046,hallusionbench,Qwen/Qwen3-VL-8B-Instruct,4,10.0,0.0,0.0,0.0,0.0,1.0
state:e752ba6d2e429a0c5d918d88,hallusionbench,google/gemma-4-E4B-it,4,10.0,0.0,0.0,0.0,0.0,1.0
state:6a219da8ff912ab3f5abd657,vizwiz,Qwen/Qwen3-VL-8B-Instruct,3,6.0,0.0,0.0,0.0,0.0,1.0
state:ec01dc3c5593d9b8161e31ec,vizwiz,Qwen/Qwen3-VL-8B-Instruct,4,10.0,0.0,0.0,0.0,0.0,1.0
state:c0edeb152cb8cad79a7f954d,pope,Qwen/Qwen3-VL-8B-Instruct,2,2.0,0.0,0.0,0.0,0.0,1.0
state:b3f871cc3fe14824c06ae48e,vizwiz,Qwen/Qwen3-VL-8B-Instruct,4,10.0,0.0,0.0,0.0,0.0,1.0
state:4c12e73236524bcc56fcf30d,vizwiz,Qwen/Qwen3-VL-8B-Instruct,3,6.0,0.0,0.0,0.0,0.0,1.0
state:95e8d870a0aba6291aee8ed0,vizwiz,google/gemma-4-E4B-it,2,2.0,0.0,0.0,0.0,0.0,1.0
state:9c6adb8d84c022bf7717906a,vizwiz,google/gemma-4-E4B-it,3,6.0,0.0,0.0,0.0,0.0,1.0
state:7cf72b1b66885b99e5e212ad,vizwiz,Qwen/Qwen3-VL-8B-Instruct,4,10.0,0.0,0.0,0.0,0.0,1.0
state:5f466cf6eebfbfbc9c3501e3,vizwiz,google/gemma-4-E4B-it,3,6.0,0.0,0.0,0.0,0.0,1.0
state:ad5ca67382b4935bc80c5abd,pope,Qwen/Qwen3-VL-8B-Instruct,3,6.0,0.0,0.0,0.0,0.0,1.0
state:d132242d2bcb253d11afe712,pope,Qwen/Qwen3-VL-8B-Instruct,4,10.0,0.0,0.0,0.0,0.0,1.0
state:ecb8679d2e770571136fb8c5,vizwiz,google/gemma-4-E4B-it,3,6.0,0.0,0.0,0.0,0.0,1.0
state:d9375cc35b17ea53ede54041,vizwiz,Qwen/Qwen3-VL-8B-Instruct,4,10.0,0.0,0.0,0.0,0.0,1.0
state:54987a317472e767336a8608,pope,google/gemma-4-E4B-it,4,10.0,0.0,0.0,0.0,0.0,1.0
state:1ffb1fd66fa0205b47d5c38f,hallusionbench,google/gemma-4-E4B-it,4,10.0,0.0,0.0,0.0,0.0,1.0
state:c25928e4181f9a7266404084,pope,google/gemma-4-E4B-it,4,10.0,0.0,0.0,0.0,0.0,1.0
state:56002c516dd730f672e062b8,pope,google/gemma-4-E4B-it,3,6.0,0.0,0.0,0.0,0.0,1.0
state:c18b618557a434904266b3cc,hallusionbench,Qwen/Qwen3-VL-8B-Instruct,3,6.0,0.0,0.0,0.0,0.0,1.0
state:820adacea124f1623ebd3217,vizwiz,Qwen/Qwen3-VL-8B-Instruct,4,10.0,0.0,0.0,0.0,0.0,1.0
state:347db8651a7f1e9bce746d3f,vizwiz,Qwen/Qwen3-VL-8B-Instruct,2,2.0,0.0,0.0,0.0,0.0,1.0
state:ec9d7f30564aa86f7ce89c0e,pope,google/gemma-4-E4B-it,4,10.0,0.0,0.0,0.0,0.0,1.0
state:f8e36f7c80f5d5131f84ee2f,vizwiz,google/gemma-4-E4B-it,4,10.0,0.0,0.0,0.0,0.0,1.0
state:c4658f448fc6007e68ce80ee,vizwiz,google/gemma-4-E4B-it,4,10.0,0.0,0.0,0.0,0.0,1.0
state:21568de3511ef8bc24ea1d8e,hallusionbench,google/gemma-4-E4B-it,4,10.0,0.0,0.0,0.0,0.0,1.0
state:2206a732d61a72a5fe4165ff,vizwiz,google/gemma-4-E4B-it,3,6.0,0.0,0.0,0.0,0.0,1.0
state:356a85193718a163e71eccbd,vsr,Qwen/Qwen3-VL-8B-Instruct,3,6.0,0.0,0.0,0.0,0.0,1.0
state:aad48c11f743c4c875309463,pope,Qwen/Qwen3-VL-8B-Instruct,4,10.0,0.0,0.0,0.0,0.0,1.0
state:b4141b35dd8f7342b91ce567,vizwiz,google/gemma-4-E4B-it,4,10.0,0.0,0.0,0.0,0.0,1.0
state:dd038b107fb02b4e43080b67,pope,Qwen/Qwen3-VL-8B-Instruct,2,2.0,0.0,0.0,0.0,0.0,1.0
state:e204757b7ecee13a492e12dd,vizwiz,google/gemma-4-E4B-it,2,2.0,0.0,0.0,0.0,0.0,1.0
state:424f6270b485e7acc81c8c8b,vizwiz,Qwen/Qwen3-VL-8B-Instruct,4,10.0,0.0,0.0,0.0,0.0,1.0
state:b3f9c35bea7c2b467443ff45,vizwiz,Qwen/Qwen3-VL-8B-Instruct,3,6.0,0.0,0.0,0.0,0.0,1.0
state:2ff4f5025b139064f98f5da0,pope,google/gemma-4-E4B-it,4,10.0,0.0,0.0,0.0,0.0,1.0
state:1a35a9e076e1f7a185a3035a,pope,Qwen/Qwen3-VL-8B-Instruct,2,2.0,0.0,0.0,0.0,0.0,1.0
state:c8173868cc2f7e1b05106cef,pope,google/gemma-4-E4B-it,4,10.0,0.0,0.0,0.0,0.0,1.0
state:fc155654bbf6e4d5fa806636,vizwiz,Qwen/Qwen3-VL-8B-Instruct,3,6.0,0.0,0.0,0.0,0.0,1.0
state:3e220a743d7148bd4b2be277,pope,Qwen/Qwen3-VL-8B-Instruct,3,6.0,0.0,0.0,0.0,0.0,1.0
state:0dd0f1865e1d7616dee5c8f4,vizwiz,Qwen/Qwen3-VL-8B-Instruct,2,2.0,0.0,0.0,0.0,0.0,1.0
state:1f6ab983550da86d0ff027b6,vizwiz,google/gemma-4-E4B-it,4,10.0,0.0,0.0,0.0,0.0,1.0
state:1314b150aa907549ad0bb627,pope,Qwen/Qwen3-VL-8B-Instruct,4,10.0,0.0,0.0,0.0,0.0,1.0
state:c1adbd87182f8d46bf794706,pope,Qwen/Qwen3-VL-8B-Instruct,4,10.0,0.0,0.0,0.0,0.0,1.0
state:0e768d52f3004f94145c18e9,pope,google/gemma-4-E4B-it,3,6.0,0.0,0.0,0.0,0.0,1.0
state:845dcb11d7e1a430ff0c3e08,vizwiz,google/gemma-4-E4B-it,4,10.0,0.0,0.0,0.0,0.0,1.0
state:21e84baaf5c6fd12d5d0298c,pope,google/gemma-4-E4B-it,2,2.0,0.0,0.0,0.0,0.0,1.0
state:478264c586e846bac70ef46b,pope,Qwen/Qwen3-VL-8B-Instruct,4,10.0,0.0,0.0,0.0,0.0,1.0
