state_id,dataset,model_id,subset_size,permutation_count,js_drift,bit_l1_drift,hidden_relative_l2_drift,set_disagreement
state:b58f54f32d6e7c42c239ccf8,vizwiz,Qwen/Qwen3-VL-8B-Instruct,3,6.0,0.00016600263044143956,0.015826450453864178,0.04701641141537215,0.08888888888888868
state:0f5fad1b9ca64ef041621a6e,vsr,google/gemma-4-E4B-it,3,6.0,0.0012689122229593958,0.052115983433193645,0.08394488552198176,0.11999999999999977
state:0a705d86edf2995266ecec8a,pope,Qwen/Qwen3-VL-8B-Instruct,2,2.0,3.1492731380179684e-06,0.0006585782393813133,0.027038716415665364,0.16666666666666663
state:492784582a86dfba75ec4224,pope,google/gemma-4-E4B-it,2,2.0,1.1259768894756521e-05,0.004089701762495679,0.021123203380824088,0.0
state:0f27e0aa034d9a655e8f95da,pope,Qwen/Qwen3-VL-8B-Instruct,3,6.0,1.5967567875788942e-05,0.0021198840822762573,0.029967152733485658,0.05555555555555547
state:8e77baddd7a69bcab71c5918,hallusionbench,Qwen/Qwen3-VL-8B-Instruct,4,10.0,4.741160595828787e-05,0.007586308745667335,0.029029360150052048,0.05925925925925901
state:92d77f46e69fab775ebf3cff,hallusionbench,google/gemma-4-E4B-it,3,6.0,5.5132979721943174e-05,0.0030101162071029344,0.05020926340347492,0.2222222222222221
state:7a554fac3df76b9a7dbdc8d0,pope,google/gemma-4-E4B-it,3,6.0,7.110129027611921e-06,0.0007000619856019694,0.034837746470053145,0.09999999999999976
state:79034549a7302e5e68d20203,hallusionbench,google/gemma-4-E4B-it,4,10.0,7.685347268534498e-05,0.004571643459960342,0.04433303790379298,0.05925925925925901
state:fdb2b5cd1c00604eb2ad20c1,vizwiz,Qwen/Qwen3-VL-8B-Instruct,4,10.0,0.0006983265338504974,0.014927649497985852,0.060965629028068555,0.3111111111111112
state:d9eb56ac11b8e3824901e5da,vizwiz,Qwen/Qwen3-VL-8B-Instruct,2,2.0,3.646058247149063e-05,0.004404685115332541,0.047118069718395196,0.16666666666666663
state:a9d1bdc2e721318590c31e77,pope,google/gemma-4-E4B-it,2,2.0,3.449175516656046e-06,0.001303822833506274,0.022622479840384156,0.16666666666666663
state:da5f99263529966fccff53a7,vizwiz,Qwen/Qwen3-VL-8B-Instruct,4,10.0,0.00015802753535768354,0.0406173124909401,0.03264732014645181,0.0888888888888889
state:65d097ddb38801fe59c83975,vsr,Qwen/Qwen3-VL-8B-Instruct,4,10.0,0.00016461723710923599,0.0037417737953364845,0.14590136626852448,0.14222222222222236
state:bdb4e6d51685d06e7915a35e,pope,Qwen/Qwen3-VL-8B-Instruct,3,6.0,1.655541132087404e-05,0.003857801047464212,0.019755794716972076,0.0
state:02664f666ce1ee78d009df71,vizwiz,google/gemma-4-E4B-it,2,2.0,2.6480039173479955e-05,0.00021854849364899565,0.029067441023535732,0.0
state:0cdd8af92a7b53c45ae87d06,pope,Qwen/Qwen3-VL-8B-Instruct,2,2.0,4.0629487217337215e-05,0.012301577255129814,0.04210458094836317,0.0
state:d412e68fb41bf7eef95c18d4,vizwiz,Qwen/Qwen3-VL-8B-Instruct,2,2.0,4.658199532451673e-06,0.016011089086532593,0.02586599964795619,0.5
state:934f61038f5bf751dbee86d0,pope,google/gemma-4-E4B-it,2,2.0,4.570485477905183e-06,0.0018130721373381675,0.024379594334215115,0.0
state:7830bac91456c04aa92a2f37,pope,google/gemma-4-E4B-it,4,10.0,9.981112344138442e-06,0.0008216412831097842,0.03654464449600273,0.09259259259259234
state:752fff2c37d8f4cc1c016b11,hallusionbench,Qwen/Qwen3-VL-8B-Instruct,4,10.0,7.202474448795342e-05,0.006869886480271821,0.07737322333733336,0.1444444444444446
state:145176efea8a97b14db828b5,hallusionbench,Qwen/Qwen3-VL-8B-Instruct,4,10.0,0.0012944074588603354,0.01252192060404923,0.0688642410260932,0.033333333333333326
state:0a33152e891734c8bf976f67,vizwiz,google/gemma-4-E4B-it,4,10.0,2.0462610058386254e-06,0.01222221016883851,0.03836729678427228,0.23703703703703716
state:644816d2e65c09fd010015b7,pope,google/gemma-4-E4B-it,3,6.0,1.1062768065657945e-05,0.0006047118219056532,0.044254430565552144,0.0
state:03ca18e76c14d5671f0066b9,vizwiz,Qwen/Qwen3-VL-8B-Instruct,4,10.0,0.0001266328278266854,0.0006001809064764441,0.07506897572994883,0.1333333333333332
state:5e9d9d59ddc33e45d769adcd,vizwiz,google/gemma-4-E4B-it,4,10.0,0.00012722584889535425,0.0005258086031972198,0.046483755757408,0.3111111111111112
state:e26bd6e1c51a515556955078,pope,google/gemma-4-E4B-it,3,6.0,1.2516398716343492e-05,0.004289471233884494,0.07023930538054654,0.2222222222222222
state:b6233489927662decc6edb1b,pope,Qwen/Qwen3-VL-8B-Instruct,3,6.0,6.077026631942735e-05,0.006501076743006706,0.024766151851109905,0.09999999999999976
state:43dcc876e3b8e03e84eea24a,vizwiz,Qwen/Qwen3-VL-8B-Instruct,3,6.0,2.91897853471295e-06,0.014146613578001658,0.04554535715950371,0.30000000000000004
state:15a9b7c5a4b6218ed403b98e,pope,Qwen/Qwen3-VL-8B-Instruct,4,10.0,7.399755328051005e-05,0.0013465783241554165,0.04674127837648446,0.059259259259259234
state:f8d72bfab2a965f4b2e067b6,vizwiz,google/gemma-4-E4B-it,3,6.0,5.652075310972447e-08,0.005382031202316284,0.010299668889238242,0.16666666666666663
state:41f10ccef8b58216946dbcc5,pope,Qwen/Qwen3-VL-8B-Instruct,2,2.0,4.057861651595633e-06,0.002148378873243928,0.013318113782509093,0.16666666666666663
state:e28ee61684c93b31ee4f6953,vizwiz,google/gemma-4-E4B-it,2,2.0,0.0019590881291342947,0.05842908751219511,0.054173708791312475,0.0
state:5423e39185a5d898e16b2b72,pope,google/gemma-4-E4B-it,4,10.0,0.0005893587021015133,0.029776943698525432,0.0573578036748537,0.17037037037037017
state:619fa872de4a9b653fa7d9e0,hallusionbench,Qwen/Qwen3-VL-8B-Instruct,4,10.0,3.026909806677936e-05,0.007322096182033419,0.021800065204984072,0.033333333333333326
state:a8d29f13f22d9bdced4dd380,pope,google/gemma-4-E4B-it,2,2.0,1.5644076957044748e-06,0.0005690925754606724,0.024086422087536686,0.0
state:43342427107d516acac528af,vizwiz,google/gemma-4-E4B-it,4,10.0,3.4905583868387504e-06,0.00012886040036391933,0.04534988970189629,0.3111111111111112
state:49b9f79adde993739bbd4a90,vsr,google/gemma-4-E4B-it,3,6.0,3.808530728783698e-07,0.00016397957248652043,0.048264340849000206,0.0
state:4badbd8625c6ea6a368771a5,hallusionbench,google/gemma-4-E4B-it,2,2.0,1.3218143178884796e-05,0.006113482639193535,0.0279859018807427,0.16666666666666663
state:979f08ad0de960a6bcf4aff0,vizwiz,Qwen/Qwen3-VL-8B-Instruct,2,2.0,0.00012980007655287587,0.027593255043029785,0.03037619896216598,0.16666666666666663
state:8a5e670f51ebff3a9a013af7,vizwiz,google/gemma-4-E4B-it,2,2.0,0.0003542013798909148,0.0011954640485782875,0.03841881053993147,0.33333333333333337
state:c00750d97832b82d1df50856,pope,Qwen/Qwen3-VL-8B-Instruct,4,10.0,0.0001110417752161189,0.008989619612693787,0.03696735383570781,0.07777777777777761
state:ec28eafe20e3fe6f3be2b38f,vizwiz,Qwen/Qwen3-VL-8B-Instruct,3,6.0,9.653590713088367e-06,0.007449507713317871,0.05701198747685608,0.3555555555555556
state:6794456f98d76f27360ba87f,pope,google/gemma-4-E4B-it,4,10.0,7.794288316075364e-06,0.0001178790455742451,0.056720497484503245,0.23888888888888893
state:a95939fb593d002476925b20,vsr,Qwen/Qwen3-VL-8B-Instruct,4,10.0,0.00012532803925640741,0.0025332937080747796,0.05121558991488219,0.11851851851851847
state:f49befaa350303601f3b74e5,vizwiz,google/gemma-4-E4B-it,2,2.0,7.669873506403838e-05,0.0011882555340889667,0.03463107482833686,0.0
state:a4ccae55e71d76ec1e7e054d,hallusionbench,google/gemma-4-E4B-it,2,2.0,0.00014367859429160475,0.004972346127033234,0.026209331519701475,0.0
state:14dfc88c56f475c18fda95c4,vizwiz,Qwen/Qwen3-VL-8B-Instruct,4,10.0,2.7534888004983468e-05,0.002161006750538941,0.04944597686098089,0.17777777777777792
state:1536cbf2faa67b6d72d2eeec,vizwiz,Qwen/Qwen3-VL-8B-Instruct,4,10.0,4.049651104790894e-05,0.01605879485607147,0.0247573645083858,0.06666666666666687
state:a301e9f675ca27a52d59b6df,vizwiz,google/gemma-4-E4B-it,3,6.0,1.3351856116398893e-06,9.409026824869215e-05,0.03887537019380983,0.2222222222222221
state:b065f492ea70ea113605377c,pope,Qwen/Qwen3-VL-8B-Instruct,3,6.0,3.447699599203007e-05,0.0035621671057823622,0.022021532503784417,0.05555555555555536
state:aeb7c59e3ea1ac7da88eee38,vizwiz,Qwen/Qwen3-VL-8B-Instruct,3,6.0,0.00021120198812261056,0.053364902996690944,0.07797012727171002,0.15555555555555534
state:57c165aac52d85c9b15eb4c7,pope,Qwen/Qwen3-VL-8B-Instruct,2,2.0,5.203919581773856e-05,0.006926936097443104,0.01871756015260992,0.0
state:2e5b47eb47d9cb353f5ccf1f,vizwiz,google/gemma-4-E4B-it,3,6.0,2.311440987984334e-08,0.0027397366033660164,0.007656876081806745,0.30000000000000004
state:c944ef80df25e944d1904b4a,pope,google/gemma-4-E4B-it,2,2.0,3.526217798309159e-06,0.0006419194396585226,0.02994081191992777,0.33333333333333337
state:363b3165ae2a8667cc0ea790,vizwiz,Qwen/Qwen3-VL-8B-Instruct,3,6.0,0.0015757551531887764,0.04581916497813332,0.04022386958902796,0.05555555555555536
state:cb91ee93d49393c795e535b2,hallusionbench,google/gemma-4-E4B-it,3,6.0,9.700642358051956e-05,0.024508650104204832,0.03255947266524102,0.05555555555555536
state:1f14e508423c7545231f5ac9,vsr,Qwen/Qwen3-VL-8B-Instruct,3,6.0,7.202438595405465e-06,0.0007860024925321341,0.03869863560638605,0.08888888888888868
state:bbd28e139ee9630feb049247,pope,Qwen/Qwen3-VL-8B-Instruct,4,10.0,6.76667209554994e-05,0.008380096685141326,0.03225651588288398,0.05925925925925901
state:f7165f5b08a30fa83b567311,pope,Qwen/Qwen3-VL-8B-Instruct,3,6.0,8.930851077633274e-06,0.0030720687160889306,0.0170020943667125,0.0
state:46bec3d44a783ba9926fac1c,pope,Qwen/Qwen3-VL-8B-Instruct,2,2.0,2.1181798114140047e-05,0.0031890515238046646,0.023817549606987693,0.0
state:4e200a009fcd0a2878001621,pope,Qwen/Qwen3-VL-8B-Instruct,3,6.0,5.8337688767980036e-05,0.01306418908966911,0.06539504094088273,0.40000000000000013
state:9ee72a2de96bfd063937dab4,vizwiz,Qwen/Qwen3-VL-8B-Instruct,3,6.0,3.243753232562995e-06,0.0038840282294485182,0.06672703706150018,0.48888888888888904
state:5c424ae2afddce431749ded3,vizwiz,google/gemma-4-E4B-it,3,6.0,0.00021627881029099755,0.009505252917278995,0.03273226421834723,0.08888888888888868
state:6b209b08f9665e5dce0d15a0,hallusionbench,google/gemma-4-E4B-it,2,2.0,0.0001714629180704577,0.00457131731127447,0.04275478283750913,0.16666666666666663
state:11615b8de9f07e94b29727e6,hallusionbench,Qwen/Qwen3-VL-8B-Instruct,4,10.0,4.658944919811197e-05,0.0011147124831768407,0.09728020008444772,0.26111111111111107
state:357c47c249a3c445aedde3e3,pope,google/gemma-4-E4B-it,2,2.0,1.1924603012513203e-05,0.004066773202794138,0.021061724007247977,0.0
state:66e99a9cd2ac6571af2d1cb4,pope,google/gemma-4-E4B-it,4,10.0,6.574373518656074e-06,0.0008615498151630163,0.03456296794611268,0.05925925925925901
state:15c87cbd76dacf581f06a40a,pope,Qwen/Qwen3-VL-8B-Instruct,3,6.0,1.6555878269934962e-05,0.004345298951698662,0.08886576353515611,0.18666666666666643
state:f6f2a8d19dd261851799300c,vizwiz,google/gemma-4-E4B-it,3,6.0,3.892126119187005e-05,0.017462303241093952,0.054268920669436484,0.2666666666666667
state:12c0e4cd5ab075afe59b662f,vizwiz,google/gemma-4-E4B-it,4,10.0,5.008889497102542e-05,0.02157509684562684,0.0684418605502522,0.14074074074074083
state:8d40eddd7581c16881abfce0,pope,Qwen/Qwen3-VL-8B-Instruct,4,10.0,5.335919771108442e-06,0.000511555951088667,0.04202250143116164,0.08888888888888868
state:f100293ab6b115d2a03e465e,pope,google/gemma-4-E4B-it,3,6.0,3.415002357177739e-05,0.0035171896581434547,0.022220164469204284,0.09999999999999976
state:5dee22f5effa9dc9cb9c1c0a,pope,google/gemma-4-E4B-it,4,10.0,6.753536275590188e-05,0.007517678774893274,0.03127778863652797,0.0
state:eeee489f10f2217cef201d48,vizwiz,google/gemma-4-E4B-it,3,6.0,2.9481690276795466e-06,0.0036953787008921304,0.027921900645534823,0.0
state:367a05922c44b4c032f8c4f5,vizwiz,google/gemma-4-E4B-it,3,6.0,7.013278523494568e-07,0.024595369895299275,0.034755616086865976,0.2222222222222221
state:dbcf5cd63d1d5e3b9d67d01c,vizwiz,google/gemma-4-E4B-it,4,10.0,7.227712152967203e-10,7.845878601073775e-05,0.037549893110403985,0.0
state:96e16027dae65bd92a29fb00,hallusionbench,Qwen/Qwen3-VL-8B-Instruct,4,10.0,0.0011316254727923767,0.04316144362092018,0.08049590417957855,0.0777777777777775
state:e1e9dc1df4632b5495dcfd5a,pope,google/gemma-4-E4B-it,2,2.0,2.8379983025747426e-05,0.007954949513077736,0.016114714874815438,0.0
state:5251d6b9c8636b14e8bd2267,vizwiz,google/gemma-4-E4B-it,3,6.0,4.430213698319558e-10,8.891026178995769e-05,0.035990351837089714,0.0
state:77d6f62db29ecf392132efeb,pope,google/gemma-4-E4B-it,3,6.0,8.722307854263556e-05,0.00993658835068345,0.027412976460920533,0.0
state:980070d1211059f5a1bdc70f,hallusionbench,google/gemma-4-E4B-it,3,6.0,0.0006193848003288155,0.043723072727314294,0.05430491010936331,0.05555555555555536
state:03ac22a2b4c32bf4d546b3a8,pope,Qwen/Qwen3-VL-8B-Instruct,4,10.0,1.4492934317647162e-05,0.0008763014338910628,0.03817843732630213,0.09777777777777785
state:88867ef23dfdf41a03b8772c,pope,google/gemma-4-E4B-it,3,6.0,7.671695385577719e-05,0.002475357029955679,0.04620356674414161,0.05555555555555547
state:2666032a36374b35f8ed832e,vizwiz,google/gemma-4-E4B-it,4,10.0,2.2425932384019846e-06,4.611998883774504e-05,0.03873718634245043,0.3555555555555556
state:f8dcb83987623d3170d25047,vizwiz,Qwen/Qwen3-VL-8B-Instruct,3,6.0,0.00024971986877342915,0.0009259374863985637,0.06039632355776741,0.4
state:44a39ab232877bd4d94784c6,vizwiz,google/gemma-4-E4B-it,3,6.0,2.7563433274030014e-08,0.005781968434651656,0.0536086969138871,0.4444444444444444
state:5541f267d95ba98fff216440,pope,Qwen/Qwen3-VL-8B-Instruct,3,6.0,1.8264439022711797e-05,0.0015264091904706827,0.0443593347392679,0.17777777777777792
state:a2950114b214623f5dd6ea5c,vizwiz,Qwen/Qwen3-VL-8B-Instruct,4,10.0,3.6226803816925307e-06,0.00020093804108909375,0.043387350722796585,0.23703703703703716
state:0a7683ba75f14abc0f887e41,pope,Qwen/Qwen3-VL-8B-Instruct,4,10.0,4.471570441216233e-06,0.0006128795258700803,0.03276053818669756,0.059259259259259234
state:d7295deaf4bb16328d91f05a,pope,google/gemma-4-E4B-it,2,2.0,3.16834872894202e-05,0.012980980332940817,0.020799916195545307,0.16666666666666663
state:7f1f698ecb11a348ec18d3ee,vizwiz,google/gemma-4-E4B-it,2,2.0,3.4465167043344177e-07,0.021682433784008026,0.03329110639176682,0.6666666666666667
state:2371e63676f3d17b9dcc97fc,vizwiz,Qwen/Qwen3-VL-8B-Instruct,4,10.0,0.0010996283138462986,0.020517100691795333,0.03621144011472657,0.033333333333333326
state:4bc214b67ee174228968a7d0,pope,google/gemma-4-E4B-it,2,2.0,4.669769611389793e-06,0.0004366773646324873,0.03603571988248249,0.16666666666666663
state:56aa32e8c2db8c3aa41b8afb,vizwiz,google/gemma-4-E4B-it,3,6.0,4.407132491403679e-06,0.00010026701056631282,0.0424385647433686,0.2222222222222221
state:5b4e0405180c46c503945864,pope,google/gemma-4-E4B-it,3,6.0,3.3663033534093e-05,0.0035885002774496875,0.022093740267162303,0.0
state:eabcd590fe8cf0b08ce6d378,vizwiz,google/gemma-4-E4B-it,2,2.0,0.00013627863636661683,0.023074664175510406,0.0470886457708788,0.0
state:3af799ec0e2f3ee7d2ff6f12,hallusionbench,Qwen/Qwen3-VL-8B-Instruct,2,2.0,1.198584157206627e-07,0.000599592924118042,0.042406781629168035,0.6666666666666667
state:06a25b728a8fd78d74b94e3c,vizwiz,google/gemma-4-E4B-it,4,10.0,0.00010174499748087117,0.00023576395949931328,0.0658884685825434,0.45925925925925926
state:d435cf30863d77142e7822d9,pope,google/gemma-4-E4B-it,3,6.0,1.5901334877298355e-05,0.0008995713924378049,0.0510068640455393,0.2222222222222222
state:559c305ed94d38201495aa99,vizwiz,google/gemma-4-E4B-it,4,10.0,1.2007087632427951e-05,0.02117178201675416,0.05450261182399079,0.1777777777777778
state:0a275b54ba3d1c3230341f6d,pope,Qwen/Qwen3-VL-8B-Instruct,4,10.0,5.081888866420539e-06,0.0007072457484900863,0.033695686506478126,0.0888888888888889
state:5f74ac4e31098eaae9e48985,vizwiz,google/gemma-4-E4B-it,4,10.0,3.6842356889029165e-06,0.01375752925872802,0.01984460657101673,0.3666666666666667
state:df4a7cc0428e5d0e6a471406,pope,Qwen/Qwen3-VL-8B-Instruct,4,10.0,2.4087761394524012e-06,0.0005625911056995482,0.03278661739255606,0.0777777777777775
state:ec3811214da0fd2d5463369e,vizwiz,google/gemma-4-E4B-it,2,2.0,3.18246483336731e-08,0.00038745999336242676,0.04262445649241667,0.5
state:8a5a4cfd4bd0871c4b664152,pope,Qwen/Qwen3-VL-8B-Instruct,4,10.0,8.414370276476371e-05,0.01024903677403927,0.030814881425352523,0.08888888888888868
state:268caa9523ba128d48e2397a,pope,google/gemma-4-E4B-it,4,10.0,2.268500943816732e-06,0.0005581770837306977,0.030055576196328905,0.07777777777777761
state:6b87b7e27b61e418c41c43e8,vizwiz,google/gemma-4-E4B-it,4,10.0,2.6814273268797173e-08,0.006892356872558602,0.014012338581203855,0.23333333333333328
state:4f3042869bc4658196135030,hallusionbench,Qwen/Qwen3-VL-8B-Instruct,2,2.0,8.44415092897911e-05,0.013489236123859882,0.01503862755155775,0.16666666666666663
state:7fcac8ab45f5bbd1864c960b,pope,Qwen/Qwen3-VL-8B-Instruct,4,10.0,8.783653188201505e-06,0.0008470725920051514,0.038627109065968425,0.05925925925925901
state:b34fecab7f0dd0826defe884,hallusionbench,google/gemma-4-E4B-it,2,2.0,6.624103440936249e-05,0.015648353844881058,0.018343310964454206,0.16666666666666663
state:2fdcfbc40d48c9a80354dd7f,pope,Qwen/Qwen3-VL-8B-Instruct,2,2.0,6.862299356650447e-07,0.0016165431588888168,0.0065890712310846655,0.0
state:ad77dd97b2f23a950cbc4aef,pope,Qwen/Qwen3-VL-8B-Instruct,3,6.0,2.8198306692185936e-06,0.0005800000702341519,0.02784264952991097,0.08888888888888868
state:d5f95c818345cc63b7e756e9,pope,Qwen/Qwen3-VL-8B-Instruct,4,10.0,2.7770094199746975e-05,0.001464861147105694,0.03868317542746531,0.07777777777777761
state:9961921d188e2d69b2ae9a9d,pope,google/gemma-4-E4B-it,3,6.0,5.14954073740249e-06,9.629511633748835e-05,0.04857495484221275,0.17777777777777792
state:246255c90df0dd43e691ba6b,pope,Qwen/Qwen3-VL-8B-Instruct,2,2.0,3.3907676546655083e-06,0.0013073244244878879,0.022611715322912968,0.0
state:782c80ed1f27d7d3a8439123,vizwiz,google/gemma-4-E4B-it,4,10.0,1.9535407284125857e-05,7.796174017129509e-05,0.05921927328763937,0.2518518518518519
state:3a2fc830f930126205156a39,hallusionbench,Qwen/Qwen3-VL-8B-Instruct,2,2.0,5.540452659240347e-09,0.006596297025680542,0.01613319283365509,0.0
state:6c9dec3a6d711ae4a0a83b86,pope,google/gemma-4-E4B-it,3,6.0,2.8604158087717205e-05,0.008075166454849144,0.03628145361537124,0.19555555555555548
state:fc864014eb5276f8454a308f,vizwiz,Qwen/Qwen3-VL-8B-Instruct,3,6.0,5.668475992769394e-07,0.014281709988911947,0.05704689908367869,0.5333333333333333
state:ffe6969e2d8fa4cce4beb40d,pope,google/gemma-4-E4B-it,3,6.0,4.193026686552043e-05,0.007731301761749718,0.021440974944363762,0.08888888888888868
state:1a905dcbc1355c5bb3bdbc8d,vizwiz,Qwen/Qwen3-VL-8B-Instruct,2,2.0,2.310542115901947e-07,0.0011420752853155136,0.02501817371460209,0.6666666666666667
state:b6aa5fbdd2454e83cf1b2d7a,hallusionbench,Qwen/Qwen3-VL-8B-Instruct,3,6.0,1.8309852319433537e-06,0.006075521310170491,0.055318276728920805,0.2222222222222221
state:5d0204c2f6d11ec629e65e8f,hallusionbench,google/gemma-4-E4B-it,2,2.0,1.6834151461291366e-05,0.002091333099087933,0.04082583680818172,0.0
state:a21c7e23a0a29bf088d67eab,hallusionbench,google/gemma-4-E4B-it,4,10.0,0.000696071045717079,0.03322384759783745,0.07537207640804616,0.0777777777777775
state:9496aaaca49369683b8eb977,vizwiz,Qwen/Qwen3-VL-8B-Instruct,2,2.0,0.00014383755769105595,0.026236608624458313,0.020108772316562582,0.0
state:a2a55f8be7babf32600fb55e,pope,Qwen/Qwen3-VL-8B-Instruct,2,2.0,1.1277236086223156e-05,0.0017518103122711182,0.011341517531818984,0.0
state:4597b6ce3641b468ad088a03,vizwiz,google/gemma-4-E4B-it,3,6.0,2.5506874854114164e-06,0.0002516429004673452,0.03687718596695711,0.2222222222222222
state:988ced4cba79414b34899d31,pope,Qwen/Qwen3-VL-8B-Instruct,4,10.0,4.281324630856242e-06,0.0006949591729790061,0.030560313696747023,0.05925925925925901
state:24d7f2d4cc6039705a2ae6bf,pope,Qwen/Qwen3-VL-8B-Instruct,3,6.0,4.001445949286763e-06,3.4315079271133676e-05,0.05014554871114022,0.2222222222222222
state:002f6bd5f20aec853cbe3d1c,vizwiz,google/gemma-4-E4B-it,4,10.0,0.005490767761767648,0.015535599474460465,0.07841551535013881,0.0
state:4975c3b6d1b539fde02336f2,vizwiz,google/gemma-4-E4B-it,3,6.0,1.198419713882544e-05,0.015154987573623657,0.058260682087701944,0.2666666666666667
state:de9c902ccc7a9d81e3fa843f,hallusionbench,google/gemma-4-E4B-it,3,6.0,1.8280269625479114e-05,0.005435214481419975,0.03547219216074167,0.08888888888888868
state:b9b3d606aac29791bb2c52dc,pope,Qwen/Qwen3-VL-8B-Instruct,4,10.0,0.0011092051839512152,0.0205932775268775,0.06199875662465999,0.08888888888888868
state:9d40d1fdd90172aed97f1261,pope,google/gemma-4-E4B-it,3,6.0,8.267007233717976e-05,0.00876073318067938,0.05334144545416415,0.11111111111111127
state:1571566c30e843634d541d75,pope,google/gemma-4-E4B-it,3,6.0,5.8543432077434465e-06,0.0006640565892060598,0.03183396894005398,0.15111111111111086
state:c649b67c8ff4bec25f95dcb2,vizwiz,google/gemma-4-E4B-it,2,2.0,2.3911718498873726e-07,0.019742637872695923,0.02618501780496731,0.5
state:07a5db76dea58e1d2220fc85,pope,Qwen/Qwen3-VL-8B-Instruct,3,6.0,7.230185334820386e-06,0.002696646067003409,0.01804198558379721,0.08888888888888868
state:1d82ef2f82332143f4081d59,vsr,Qwen/Qwen3-VL-8B-Instruct,4,10.0,0.0004691409543198143,0.019111867360770706,0.05487558729385759,0.033333333333333215
state:0bc1f9a46b70fb181424dbdd,pope,google/gemma-4-E4B-it,3,6.0,0.00047539738534753965,0.02557267036495937,0.056895685989764654,0.0
state:a23f202c17addff805f07421,pope,google/gemma-4-E4B-it,4,10.0,0.007321315641717961,0.07209197029471398,0.17033960829002967,0.059259259259259234
state:ab3e002b44b0c623af6d82d7,vizwiz,Qwen/Qwen3-VL-8B-Instruct,2,2.0,6.118554459163025e-06,0.0008670747056385153,0.04380250108631986,0.5
state:7b7812fe458483d1f7801d7c,pope,google/gemma-4-E4B-it,2,2.0,4.092870356617453e-06,0.014089737087488174,0.02203182331892765,0.0
state:be02b3daef76821df09370a1,vizwiz,Qwen/Qwen3-VL-8B-Instruct,3,6.0,0.0008058273026775907,0.026089134091004478,0.054285228321994256,0.18333333333333335
state:e48169f09e3562ac0145c299,pope,google/gemma-4-E4B-it,2,2.0,4.539330402500861e-06,0.0004128396976739168,0.03597292465529357,0.0
state:da63c100a556509e508d15e8,hallusionbench,google/gemma-4-E4B-it,4,10.0,0.00016075404160326577,0.011175793175766557,0.058710162229017114,0.059259259259259234
state:7d079a0fef22fe0c462764b8,hallusionbench,Qwen/Qwen3-VL-8B-Instruct,2,2.0,1.2299043034655915e-06,0.004251920618116856,0.039772815914340565,0.0
state:e4b892777fa48a7f742cee27,vizwiz,Qwen/Qwen3-VL-8B-Instruct,4,10.0,2.0723404054679066e-05,0.014023033082485209,0.03512404155117387,0.3777777777777779
state:7ac5f41ca51d654bf7827569,pope,google/gemma-4-E4B-it,2,2.0,2.1659900290647585e-06,0.0006733187474310398,0.024573564718370782,0.16666666666666663
state:e9a75300ef45c143c3e26c8c,pope,Qwen/Qwen3-VL-8B-Instruct,2,2.0,2.657921455955542e-07,0.001393388956785202,0.0295926838230106,0.0
state:d48964341da3208d725824c1,pope,Qwen/Qwen3-VL-8B-Instruct,4,10.0,4.9587450698555216e-05,0.0013838127652707043,0.04483903623498233,0.07777777777777761
state:1dad030e30dddbf708548fd7,pope,google/gemma-4-E4B-it,2,2.0,1.10467861960016e-05,0.004099992203919101,0.021126370193850066,0.0
state:a5162a22ce969176fa0fd7f2,vizwiz,google/gemma-4-E4B-it,2,2.0,2.9893794963096006e-08,0.01741930842399597,0.02364139171363954,0.5
state:1d06f57d212613c1354d83cd,pope,Qwen/Qwen3-VL-8B-Instruct,2,2.0,2.6784228636621537e-05,0.007852626964449883,0.01570358886451609,0.16666666666666663
state:b1c649d5f9a4ba47a512b921,vizwiz,google/gemma-4-E4B-it,4,10.0,2.7133832315428867e-06,7.964418793564133e-05,0.04263865385703358,0.40000000000000013
state:ad630d93ddd79cc4de358e42,vizwiz,google/gemma-4-E4B-it,3,6.0,3.4556092004468356e-07,0.015751757555537742,0.02983419802132581,0.11111111111111127
state:ca656291a3543fa93aaf12b8,vizwiz,Qwen/Qwen3-VL-8B-Instruct,2,2.0,7.647609322625226e-05,0.0015051279260660522,0.03484173994911401,0.0
state:1482ae1ddb364e0a52a62531,pope,google/gemma-4-E4B-it,2,2.0,8.227386173979527e-06,0.001940002664923668,0.024527003796701762,0.16666666666666663
state:254d55aaabd0c15f5779856f,pope,Qwen/Qwen3-VL-8B-Instruct,3,6.0,8.594491776999424e-05,0.0017968331635024196,0.04936511393196801,0.1444444444444445
state:6bb87af4c88da64b5d669ebb,vizwiz,google/gemma-4-E4B-it,4,10.0,1.871871729210712e-09,0.00012308359146118164,0.03091647566606969,0.16666666666666663
state:ec9bd4ce5539bfef1e799d66,vizwiz,google/gemma-4-E4B-it,2,2.0,5.406675002537955e-07,0.021287783980369568,0.03336262495284516,0.6666666666666667
state:301038666a5ff341691b0cf2,vizwiz,Qwen/Qwen3-VL-8B-Instruct,4,10.0,0.000988272280816454,0.01843785997014491,0.08332744174314458,0.07259259259259254
state:105a74916fc360d377e0e54e,pope,Qwen/Qwen3-VL-8B-Instruct,3,6.0,0.00013542416955243447,0.010310076332340637,0.031106722301810556,0.09999999999999976
state:33d8e775f0505c29b7c4acda,vizwiz,Qwen/Qwen3-VL-8B-Instruct,4,10.0,0.00018942750598759805,0.01981166031648174,0.08002138798942707,0.22962962962962963
state:b96137f4979a1e9afa78e62b,pope,google/gemma-4-E4B-it,2,2.0,1.386984253177766e-05,0.014291772618889809,0.0427303755283601,0.16666666666666663
state:4fafb6f3d8702a77ad2e86a0,pope,google/gemma-4-E4B-it,4,10.0,5.418772696828802e-05,0.0010268484483822245,0.04127838988438566,0.08888888888888868
state:df35fdf5d198e2d88bedb9dc,vizwiz,google/gemma-4-E4B-it,3,6.0,3.0130342378480528e-05,0.00023442523524863648,0.05638506535080547,0.33333333333333326
state:d9e71da45688a191e0901225,pope,Qwen/Qwen3-VL-8B-Instruct,4,10.0,4.086913106198221e-05,0.007674140930175777,0.023851353096935826,0.033333333333333215
state:7da572b0d7ee1ca079e4cba1,pope,Qwen/Qwen3-VL-8B-Instruct,4,10.0,6.488577035674184e-05,0.008350707404315467,0.03267123611476596,0.033333333333333215
state:e35b470e0af6a61fbcfb776e,pope,Qwen/Qwen3-VL-8B-Instruct,4,10.0,6.947849233681283e-05,0.0013177454116521403,0.04462541600751332,0.0
state:c4c900384a29980de7930374,pope,Qwen/Qwen3-VL-8B-Instruct,3,6.0,0.0009665291852892609,0.0605828542676237,0.08184599219863514,0.05555555555555536
state:790c8441399b1de535091560,pope,Qwen/Qwen3-VL-8B-Instruct,2,2.0,6.804200833287945e-06,0.0019814204424619675,0.012188235806426013,0.16666666666666663
state:93d4182d96b1ed48af05553c,pope,google/gemma-4-E4B-it,2,2.0,4.3701394865010276e-07,0.0057491849293001,0.032060689950576454,0.0
state:bd73129feec95718670e5d5a,vizwiz,google/gemma-4-E4B-it,3,6.0,9.584302295327058e-10,0.00014627973238627115,0.03986239944080193,0.711111111111111
state:42e933f5b452a1d55ca29d4c,hallusionbench,google/gemma-4-E4B-it,2,2.0,0.00018434894444758712,0.011727885692380369,0.0383150752015383,0.16666666666666663
state:4a66b9e27de2d5e508aeed50,pope,Qwen/Qwen3-VL-8B-Instruct,3,6.0,1.8524033307586396e-05,0.002405326949883601,0.030549543345500543,0.0
state:6800070406e37f2948fc08bc,pope,google/gemma-4-E4B-it,4,10.0,0.009305482800556547,0.06543237149429842,0.11300107307816824,0.05925925925925901
state:835d6d4fa736b088d2c8e865,pope,google/gemma-4-E4B-it,2,2.0,6.066021534692479e-06,0.0011896230280399323,0.010622724182879196,0.16666666666666663
state:d627bfe8fbbdff954e44788b,pope,Qwen/Qwen3-VL-8B-Instruct,2,2.0,8.204517947658488e-06,0.004196936264634132,0.03211909658884169,0.16666666666666663
state:2900f3b3e8341428b51cf8a9,pope,google/gemma-4-E4B-it,2,2.0,2.125190079700714e-05,0.0022410303354263306,0.025550467917792172,0.16666666666666663
state:21cc6d8d90266c687f1a4efe,vizwiz,google/gemma-4-E4B-it,2,2.0,4.6532747853437086e-07,0.0035047531127929688,0.009823877213185681,0.0
state:73ddb11a8142e43a0d92ae55,pope,google/gemma-4-E4B-it,4,10.0,0.00012335190238807345,0.020263662934303282,0.07418109961569315,0.09259259259259256
state:5ac57f29fdeb3f4ebb0ab0bd,vizwiz,Qwen/Qwen3-VL-8B-Instruct,2,2.0,0.0007034156500716432,0.025413647294044495,0.036319492192002076,0.16666666666666663
state:27f6c6de10a1c2124af1acc4,pope,google/gemma-4-E4B-it,3,6.0,4.012928073672991e-06,0.0006175204956283172,0.026466483652125776,0.05555555555555547
state:f6207f6b11693af423987a35,pope,Qwen/Qwen3-VL-8B-Instruct,3,6.0,3.458248782300929e-05,0.003566852434434824,0.02202919368241282,0.08888888888888868
state:8550c677be7f0a38b3a0ebde,pope,Qwen/Qwen3-VL-8B-Instruct,4,10.0,3.8583090874012254e-05,0.00710851570591331,0.02433532622238817,0.05925925925925901
state:e3aceeadafc781e3a68c577e,vizwiz,Qwen/Qwen3-VL-8B-Instruct,4,10.0,0.00029301951437818387,0.010393730660434811,0.04520235951263627,0.1703703703703705
state:fabfae7ee3d08ef005ed1aa8,pope,google/gemma-4-E4B-it,3,6.0,1.6260675875559025e-05,0.0038800090551376343,0.020026623677178525,0.0
state:f01c7b734377d5bbf8aac28d,pope,Qwen/Qwen3-VL-8B-Instruct,2,2.0,3.4617128453445876e-06,0.0014743625215487555,0.0231553387246969,0.16666666666666663
state:88edfee48cfb2fb0cb9e571f,pope,Qwen/Qwen3-VL-8B-Instruct,2,2.0,6.766017606144757e-06,0.0038899313658475876,0.03196564675282927,0.16666666666666663
state:d5d32756592dee0a418e0b9c,vizwiz,Qwen/Qwen3-VL-8B-Instruct,3,6.0,0.007826920913710018,0.04193241563108233,0.07861948960072845,0.0
state:75d2bcb337f82e056bd675da,vizwiz,Qwen/Qwen3-VL-8B-Instruct,4,10.0,3.895040238271729e-05,0.026541119813919066,0.04736126839031316,0.05925925925925901
state:d72ede181c1332e0200b8c7b,pope,google/gemma-4-E4B-it,4,10.0,4.267199122268953e-10,0.00016901016235348898,0.06695841535179495,0.0
state:0f36d9448753768a86c3dbf5,pope,Qwen/Qwen3-VL-8B-Instruct,3,6.0,4.089964859644639e-06,0.0005558443566163381,0.030351337447692386,0.05555555555555536
state:0f633d31c0b6a301d3f95233,pope,Qwen/Qwen3-VL-8B-Instruct,4,10.0,7.415915981578954e-05,0.004341617247118848,0.026500278664806125,0.08888888888888868
state:79dbd17209bf64ab49d2698e,pope,google/gemma-4-E4B-it,4,10.0,4.356163125320194e-05,0.005623893868178122,0.02093785841110937,0.059259259259259234
state:ebf07c4ffb1c78e9b7a1bea1,pope,google/gemma-4-E4B-it,4,10.0,0.00011894807426996218,0.006567762419581407,0.033138709786471814,0.059259259259259234
state:8678b06a1efd480055ff4e57,vizwiz,Qwen/Qwen3-VL-8B-Instruct,3,6.0,0.00016141016124471483,0.036571030815442405,0.029206477264922422,0.05555555555555547
state:f5bd634ca028782e0ca85242,pope,google/gemma-4-E4B-it,2,2.0,1.3514817341331626e-06,0.005232036113739014,0.009506597207453523,0.0
state:82eeeb2ca28137c3d872d574,pope,Qwen/Qwen3-VL-8B-Instruct,4,10.0,6.749106141975422e-05,0.00147071250823501,0.04590284771948273,0.08888888888888868
state:c0cc2bb574398d711c76e290,pope,google/gemma-4-E4B-it,2,2.0,7.976632958588245e-06,0.002005593851208687,0.012753572054022319,0.16666666666666663
state:b1866aacedcfce2db6b18307,hallusionbench,Qwen/Qwen3-VL-8B-Instruct,4,10.0,1.2237068218108919e-06,0.00010301124828401509,0.05377725247733006,0.41481481481481497
state:6cf15bdf1f4b06e2659d6cd0,hallusionbench,google/gemma-4-E4B-it,2,2.0,0.0006429574281632825,0.021173685789108276,0.08809004763541196,0.16666666666666663
state:d88d4d26fc1fc47761f9a7d8,pope,Qwen/Qwen3-VL-8B-Instruct,3,6.0,3.486122021184256e-05,0.0035066867195483707,0.02228635643002651,0.0
state:5563451d98e397fbc8ed914d,vizwiz,Qwen/Qwen3-VL-8B-Instruct,3,6.0,8.483481335988705e-05,0.016755784551302593,0.03577616772448848,0.09999999999999987
state:c4167bf95d4a9a54ffc7f460,pope,google/gemma-4-E4B-it,4,10.0,1.278869256387823e-05,0.03197362214326858,0.0629982398783939,0.41481481481481497
state:188e46f64064e64ecfd94128,vizwiz,google/gemma-4-E4B-it,3,6.0,0.00022688911226741583,0.008295601279112627,0.04251930218466657,0.11999999999999988
state:31a028cc373abd8fb5914a17,vizwiz,Qwen/Qwen3-VL-8B-Instruct,2,2.0,9.522497004487899e-05,0.009117573499679565,0.0434971884186448,0.16666666666666663
state:3a0c6309130d0f4a7118cc95,hallusionbench,Qwen/Qwen3-VL-8B-Instruct,4,10.0,0.007550403330461859,0.006659172886138548,0.1087672869114105,0.12222222222222201
state:4e121fcb508aa632ac1f6f2e,pope,Qwen/Qwen3-VL-8B-Instruct,2,2.0,2.5348183758198018e-05,0.010774383321404457,0.015655484435805264,0.0
state:3d84e7b7ccfccec89c411ed5,pope,google/gemma-4-E4B-it,3,6.0,4.590243708551955e-06,0.0006394463901718458,0.028367548591798505,0.06666666666666665
state:093a798a23930a4251ef8b9a,pope,google/gemma-4-E4B-it,3,6.0,3.928819944830187e-06,0.0006415415813939562,0.026424337737309164,0.09999999999999976
state:557bf9ea091958ee3cd2c966,pope,google/gemma-4-E4B-it,2,2.0,6.950681404511221e-08,0.00038187881000339985,0.020991330701533244,0.0
state:d2af021f4999834b8163f184,vizwiz,Qwen/Qwen3-VL-8B-Instruct,4,10.0,0.0008268265889395459,0.023649653494358068,0.05678570151337532,0.09259259259259234
state:043f07334f6767382f0e70be,pope,Qwen/Qwen3-VL-8B-Instruct,2,2.0,4.377380536734728e-06,0.00038491934537887573,0.03589434255154783,0.16666666666666663
state:86945109e4eb90a867486fe3,vizwiz,Qwen/Qwen3-VL-8B-Instruct,4,10.0,0.0001382659933999169,0.007781082391738914,0.05650432444267671,0.337037037037037
state:21429f22c59d1e7e84bca64b,vizwiz,google/gemma-4-E4B-it,3,6.0,5.277250459641644e-06,0.007461460100279926,0.038242699927714514,0.16666666666666663
state:7d16288ebb3b5f9ee544c2e7,hallusionbench,Qwen/Qwen3-VL-8B-Instruct,3,6.0,0.0001582125562401182,0.01011467455989786,0.03758407620455487,0.05555555555555547
state:4f708445444a2ae7580912c1,pope,google/gemma-4-E4B-it,4,10.0,3.97168522808649e-05,0.00525578160770237,0.026611549606467506,0.059259259259259234
state:5d43311026956bf54dccd222,vizwiz,Qwen/Qwen3-VL-8B-Instruct,3,6.0,2.5895788019069836e-05,0.017277019719282787,0.07028554947330824,0.19999999999999996
state:81b270f6d606b6a6838526c3,pope,google/gemma-4-E4B-it,4,10.0,1.8650238106697387e-06,0.0008146200710325502,0.06468307331378212,0.1166666666666667
state:b84dec37f16b1cc8be74189e,vizwiz,google/gemma-4-E4B-it,3,6.0,3.2647193509460023e-09,0.000781648688846189,0.040082274164640865,0.5222222222222221
state:4cbc89f80917a44a89b7a731,vsr,Qwen/Qwen3-VL-8B-Instruct,2,2.0,3.466505314306038e-05,0.010040446184575558,0.03948388885281894,0.16666666666666663
state:b7500f6c867ed486aafb5933,pope,google/gemma-4-E4B-it,4,10.0,4.396908682640686e-06,0.0007130684703588443,0.03182813598214263,0.05925925925925901
state:ad8660dbcb882c375e064c44,vsr,google/gemma-4-E4B-it,3,6.0,3.955367483208171e-06,0.00433894081248178,0.031122368018607877,0.0888888888888888
state:180e09f6b6122c36b0915d58,pope,google/gemma-4-E4B-it,4,10.0,5.879379584108843e-05,0.008214015290141107,0.019089795945523447,0.05925925925925901
state:e8fcbed72bc17d5a8287fd67,vizwiz,Qwen/Qwen3-VL-8B-Instruct,4,10.0,4.69078440103475e-10,0.0001131892204284668,0.05556616663926618,0.0
state:550c4712df738b46e1a05f12,hallusionbench,google/gemma-4-E4B-it,2,2.0,7.945530114395882e-07,0.0012034988030791283,0.0073119912943891965,0.0
state:6355f3cb658558e3e9e64f48,pope,Qwen/Qwen3-VL-8B-Instruct,4,10.0,1.4218664957937686e-05,0.0009308832883834842,0.03326706223096933,0.09777777777777763
state:8ecdda36fe4daab61ba58e26,hallusionbench,google/gemma-4-E4B-it,4,10.0,0.00016701438905400963,0.06973763942718506,0.058886339883498534,0.25703703703703706
state:3eb2f74e859403254a064c83,vizwiz,Qwen/Qwen3-VL-8B-Instruct,4,10.0,0.00010557262688558448,0.023137233853340135,0.04778538419538644,0.11851851851851847
state:06c7dcf5510c030ad8e514ed,pope,Qwen/Qwen3-VL-8B-Instruct,2,2.0,5.118753497261543e-07,0.0001199629477923736,0.02824696980695324,0.6666666666666667
state:fd45e3eb50d407f914c4336d,hallusionbench,google/gemma-4-E4B-it,4,10.0,5.493648612671339e-05,4.900987513337008e-05,0.08252784941780998,0.3111111111111112
state:998925aa9ef31bbcb31b9b6c,vizwiz,Qwen/Qwen3-VL-8B-Instruct,3,6.0,9.28851139229922e-07,0.000163490571139846,0.04733471966945279,0.48888888888888904
state:029ee9119b3a2fcb35604cfc,pope,Qwen/Qwen3-VL-8B-Instruct,3,6.0,0.0001756565979061076,0.004091955816900535,0.09732090524037038,0.22777777777777775
state:0621f9ac05cdb435b4f95372,pope,google/gemma-4-E4B-it,3,6.0,4.685026236176444e-05,0.004869584252850877,0.025533388550507387,0.0
state:cad3ee9ada37ff067ece2c02,pope,Qwen/Qwen3-VL-8B-Instruct,3,6.0,3.255281294408605e-05,0.0035934806801378727,0.021703475134546034,0.08888888888888868
state:2e20475868623f1d2c9f7268,vizwiz,google/gemma-4-E4B-it,4,10.0,2.061026878736007e-06,6.27492277999364e-05,0.05078714780066608,0.48888888888888893
state:cb4598cd740ec045e730f424,hallusionbench,Qwen/Qwen3-VL-8B-Instruct,2,2.0,0.0002864310859351264,0.006947154208319262,0.033763880958185936,0.16666666666666663
state:2a41b54de3d714c54e490034,vizwiz,google/gemma-4-E4B-it,2,2.0,8.817270667331934e-05,0.018824756145477295,0.06140612791747004,0.0
state:275978b2b8a563fef9303494,hallusionbench,Qwen/Qwen3-VL-8B-Instruct,2,2.0,8.764947011745841e-08,0.018527105450630188,0.028001624472915147,0.0
state:44f4dd486a51a7c64af22520,pope,google/gemma-4-E4B-it,2,2.0,5.796318336678249e-05,0.005989528261125088,0.02144293935148055,0.0
state:152a57e14b57fba8af8e8e43,vizwiz,Qwen/Qwen3-VL-8B-Instruct,3,6.0,3.200988012410283e-05,0.00018252183063951732,0.07005237938553659,0.43333333333333335
state:8eed16321c13f92a63ee11fd,pope,Qwen/Qwen3-VL-8B-Instruct,3,6.0,3.4538644750175565e-05,0.0035501612971226373,0.022024954225982333,0.08888888888888868
state:de69c6216f1d9ecbe8ee8d68,pope,Qwen/Qwen3-VL-8B-Instruct,3,6.0,5.769484757939052e-05,0.0059957328873376054,0.022442523981939275,0.05555555555555536
state:72de55d66877f49ee093ab4e,vizwiz,google/gemma-4-E4B-it,4,10.0,7.2368802794229755e-06,0.027026966214179993,0.04385062054337984,0.35555555555555574
state:ef8747e38f06546216bf4ae3,pope,google/gemma-4-E4B-it,4,10.0,5.510003841442518e-05,0.00764762288890779,0.027198787789801,0.033333333333333326
state:41485f7e495b6e3eb7d335eb,vizwiz,google/gemma-4-E4B-it,2,2.0,2.0389600479308487e-07,0.008452966809272766,0.013260280549854234,0.0
state:c9a8969dfd9ddc1bff29af12,vizwiz,google/gemma-4-E4B-it,3,6.0,6.224863985438447e-06,0.00011746077749800558,0.05122197696476132,0.3555555555555556
state:4f04fc07b33ca0b529b661eb,vizwiz,Qwen/Qwen3-VL-8B-Instruct,3,6.0,9.01951446877007e-06,0.013966192801793417,0.05482139810086307,0.2888888888888891
state:4814db6c212a215b51cde0e4,hallusionbench,google/gemma-4-E4B-it,2,2.0,3.940856256252987e-06,0.0017396847251802683,0.014593525373137389,0.0
state:3083999a59f5f815bf7b3302,pope,Qwen/Qwen3-VL-8B-Instruct,4,10.0,8.782714215482429e-05,0.001410668867320055,0.048454530334482514,0.08888888888888868
state:dfbb994ebf8e7e96aca49907,vizwiz,google/gemma-4-E4B-it,2,2.0,8.727505381627593e-07,0.00905562937259674,0.03857684480013428,0.6666666666666667
state:da92c6e9ef4fc9708a682134,vizwiz,Qwen/Qwen3-VL-8B-Instruct,4,10.0,0.0001417016801863749,0.00119771180266981,0.07281268634316361,0.1555555555555559
state:9cff9d1df39c757a33ff6c5d,vizwiz,Qwen/Qwen3-VL-8B-Instruct,2,2.0,4.492978094472594e-06,0.02421952784061432,0.027454040886927503,0.16666666666666663
state:07564ae51bdc1a91ecba525f,vizwiz,google/gemma-4-E4B-it,4,10.0,0.0002185578982608194,0.022682032585144046,0.04176482961956362,0.08000000000000007
state:ab319839817cff4f618c50a3,vizwiz,Qwen/Qwen3-VL-8B-Instruct,4,10.0,6.875319607106491e-06,0.02746930174529555,0.06017298736843893,0.41481481481481486
state:07da28a715959c950fc92185,pope,Qwen/Qwen3-VL-8B-Instruct,3,6.0,5.792474409988444e-06,0.000893966785345886,0.0632544353657174,0.288888888888889
state:b8b4eb2fd7793f322493fc6f,pope,google/gemma-4-E4B-it,4,10.0,0.0002808139113546583,0.019643970091128737,0.044505629458456195,0.1955555555555557
state:ba2055c02384ac045a886884,pope,Qwen/Qwen3-VL-8B-Instruct,2,2.0,6.929427948744545e-05,0.007726777112111449,0.03803872165003551,0.33333333333333337
state:023374b2abb9c990bccdd53a,vizwiz,google/gemma-4-E4B-it,3,6.0,1.4009741304201257e-05,0.007333934307098389,0.018369501747337622,0.2666666666666667
state:7d1727696c0fda7d86c17f3e,vizwiz,google/gemma-4-E4B-it,2,2.0,1.448225900011589e-06,0.00417027622461319,0.020782415285058153,0.6666666666666667
state:bf9a9b22ce9ff960587797a5,vizwiz,google/gemma-4-E4B-it,4,10.0,2.2887726490443652e-08,0.0005584704875945867,0.047974687816647175,0.38888888888888884
state:96982e2bdd3f99f2951d3cc9,vizwiz,google/gemma-4-E4B-it,2,2.0,2.3811279243336317e-07,0.007132053375244141,0.034682214401899225,0.33333333333333337
state:92f4cb13d758b2c4074a840f,vsr,Qwen/Qwen3-VL-8B-Instruct,4,10.0,0.0005197803348399078,0.023251193543282554,0.05381814102520599,0.033333333333333215
state:4c4868af3d0600bb616a1e5c,vizwiz,google/gemma-4-E4B-it,4,10.0,1.7321271387139012e-09,0.00012635707855224165,0.04352596485227426,0.5333333333333332
state:2e4515a66fc2846a50848851,hallusionbench,google/gemma-4-E4B-it,3,6.0,1.0977724034677243e-05,0.00048525332257061876,0.04986123499139562,0.2500000000000001
state:2300d5a5f5b7d2bad8a82692,vizwiz,google/gemma-4-E4B-it,4,10.0,1.149956219575434e-06,0.01673930287361145,0.048705913964359505,0.45925925925925926
state:97969de3f7564780f264a768,hallusionbench,google/gemma-4-E4B-it,4,10.0,1.4416240101333732e-05,0.0023909405712038367,0.04999194014904098,0.18518518518518534
state:fe55e0fabaefa0257f67efa2,vizwiz,Qwen/Qwen3-VL-8B-Instruct,4,10.0,6.48100216842711e-05,0.06714414954185484,0.12519819264356702,0.40000000000000013
state:6f50d62ecbf5d3e58bf028c6,pope,Qwen/Qwen3-VL-8B-Instruct,4,10.0,2.124172563921407e-05,0.0027589601552608636,0.03335990435400121,0.07777777777777761
state:a3b62660bb1b5dd78052432c,pope,google/gemma-4-E4B-it,4,10.0,8.328395538652391e-06,0.0012521543912589507,0.03473991442969329,0.14814814814814825
state:779cb32510f9e3167cde10fe,pope,google/gemma-4-E4B-it,4,10.0,5.2714720545254454e-05,0.00669123057276011,0.027513685369427922,0.0
state:f7625662a02aed7b1b6aadbe,vizwiz,google/gemma-4-E4B-it,2,2.0,4.8028339230898335e-11,6.586313247680664e-05,0.03725445483340256,0.0
state:20e8c2e0206947966da8d3cc,pope,google/gemma-4-E4B-it,4,10.0,6.119770744494448e-05,0.0011402792384615167,0.04882529039353226,0.05925925925925901
state:87358a3287e389754cab630c,pope,google/gemma-4-E4B-it,3,6.0,0.0004887405618495999,0.0186625470717748,0.049461779072554765,0.05555555555555536
state:75a1a42be20ba408759ad0b6,vizwiz,google/gemma-4-E4B-it,4,10.0,2.496547673178425e-05,0.0004090388417535085,0.05587672759359053,0.1333333333333333
state:a5bde3b6d4ae713c4e8728aa,pope,google/gemma-4-E4B-it,4,10.0,2.300107262140872e-05,0.0049224663339555354,0.023908626625653004,0.05925925925925901
state:f24c67788b5ef90ce1108c24,vizwiz,google/gemma-4-E4B-it,4,10.0,9.366783827145481e-07,0.010866386890411351,0.02716559347187653,0.188888888888889
state:351d1c6be4f945786b02d278,pope,Qwen/Qwen3-VL-8B-Instruct,3,6.0,3.437640677625316e-05,0.003594773407611581,0.021986523298891537,0.05555555555555536
state:98d99e3bd2c7a2f6fb50a01a,hallusionbench,google/gemma-4-E4B-it,2,2.0,0.0006238067818511827,0.005334076471626759,0.03400066400250185,0.0
state:204bd2fd1f80aeeff2034342,vizwiz,Qwen/Qwen3-VL-8B-Instruct,3,6.0,0.0010688824918789121,0.022728804029611638,0.05896693761917915,0.22666666666666668
state:68418eb4351915b42ca7768e,vizwiz,Qwen/Qwen3-VL-8B-Instruct,4,10.0,2.857497744332637e-06,8.604888604169414e-05,0.05365149137604827,0.3111111111111111
state:c0b883d56ac7c7436257a9e3,vizwiz,google/gemma-4-E4B-it,4,10.0,1.7074471773999813e-06,0.03876130104064943,0.059106832630054375,0.41481481481481486
state:79f5a32dc74981924e55aa31,vizwiz,Qwen/Qwen3-VL-8B-Instruct,2,2.0,0.0001880661412434873,0.007119424641132355,0.020270790648737127,0.33333333333333337
state:dcf1d7b9ffe63825ead75cc8,vizwiz,google/gemma-4-E4B-it,2,2.0,2.459156723439278e-06,7.041640492388979e-05,0.0371146186190936,0.6666666666666667
state:8cefb60928ce3c2615e50f6d,pope,Qwen/Qwen3-VL-8B-Instruct,3,6.0,5.4934318946557615e-06,0.0007544977900882686,0.036285629864893296,0.06666666666666665
state:c547daa802cf2a0f848e58b4,vizwiz,google/gemma-4-E4B-it,3,6.0,0.00022820957449241487,0.007119042643656333,0.03495257837592504,0.15111111111111108
state:9739cf4679cb5b7cf8129954,pope,Qwen/Qwen3-VL-8B-Instruct,3,6.0,4.490695451797005e-06,0.0006026063217884842,0.03526146808024638,0.05555555555555547
state:ef535d9bbd80f7045dd1179a,vizwiz,google/gemma-4-E4B-it,3,6.0,0.0013944840367296017,0.02122913498351409,0.0712182014561363,0.2766666666666667
state:b48a9a946d9233af787ab2f5,vizwiz,Qwen/Qwen3-VL-8B-Instruct,4,10.0,6.4257342556601e-06,5.263380731777012e-05,0.07190863863317311,0.4740740740740742
state:88eee6bb9dc6790367d1b1d8,pope,google/gemma-4-E4B-it,2,2.0,6.77125702781765e-05,0.006917295354242015,0.025487510507231664,0.16666666666666663
state:a539c298e49b724b43e99ba5,pope,Qwen/Qwen3-VL-8B-Instruct,3,6.0,0.0004675163038072885,0.023707511369138956,0.051884318396891935,0.08888888888888868
state:2fe0ab53f6beedd58f56adb2,hallusionbench,Qwen/Qwen3-VL-8B-Instruct,2,2.0,0.0006974027560052118,0.02046516159765588,0.043224573562264626,0.0
state:234401aa4215257ff8e29b92,vizwiz,Qwen/Qwen3-VL-8B-Instruct,4,10.0,5.851429153009085e-05,0.023056353926658613,0.049252401597998596,0.14222222222222236
state:46e30f34cf09c7e163d5035f,pope,google/gemma-4-E4B-it,3,6.0,4.4507967443200765e-05,0.007269649197243971,0.023148960404263823,0.05555555555555536
state:e90df578dffe2dbf359dbb5a,hallusionbench,google/gemma-4-E4B-it,3,6.0,0.00012934023168095367,0.024149080738425237,0.043110790851910934,0.05555555555555547
state:0632ab0f3dd44738e6566f32,pope,google/gemma-4-E4B-it,4,10.0,3.369552533381932e-05,0.005894265901297326,0.023712687711578206,0.05925925925925901
state:e8e3e9a94204e7bdb66bbc0b,pope,Qwen/Qwen3-VL-8B-Instruct,2,2.0,1.8477160639312344e-06,0.0021485863253474236,0.0275995290840612,0.33333333333333337
state:bd4b8a450ad799bdaba4d5e7,vizwiz,Qwen/Qwen3-VL-8B-Instruct,3,6.0,0.000310829776005981,0.04246221428588289,0.06590902032562812,0.15777777777777768
state:d9ebbde0634f7a989f9cf513,pope,Qwen/Qwen3-VL-8B-Instruct,4,10.0,6.312132690761515e-05,0.00112724981867359,0.04725135158342627,0.07777777777777761
state:78bc8b4a957388f407b464fa,vizwiz,Qwen/Qwen3-VL-8B-Instruct,4,10.0,8.51128301850121e-06,0.03353704214096069,0.08354983240782343,0.24444444444444458
state:6654e4fbcb5b8aa3c54d0694,pope,google/gemma-4-E4B-it,4,10.0,0.0007026479637543528,0.014830849467828955,0.0916428768140638,0.07777777777777761
state:024b8684c248922dd5091a8e,hallusionbench,Qwen/Qwen3-VL-8B-Instruct,2,2.0,0.0012632112819622213,0.034439798444509506,0.11276954078024802,0.16666666666666663
state:15390e2b63c865b479ab74f0,vizwiz,google/gemma-4-E4B-it,3,6.0,4.7614911117291605e-08,0.005133933491177005,0.015176024164257666,0.2666666666666667
state:f557445cb63852fd96826e09,vizwiz,Qwen/Qwen3-VL-8B-Instruct,2,2.0,2.0369053064304945e-05,0.00037189360591582954,0.026165951961051998,0.0
state:8216a42fc95b67c79f206707,pope,Qwen/Qwen3-VL-8B-Instruct,4,10.0,4.6783135802192987e-05,0.001921631181612611,0.040549727768988165,0.033333333333333326
state:6c2064a63f1f89e30da7c68e,hallusionbench,Qwen/Qwen3-VL-8B-Instruct,2,2.0,1.2216564867289909e-05,0.0019885129295289516,0.026351848340841044,0.0
state:9bd9865dab8d71fd0bee5b06,pope,google/gemma-4-E4B-it,4,10.0,3.865121335976556e-05,0.007676685731858024,0.025475696574727494,0.033333333333333326
state:925399352612945a5db41e36,pope,google/gemma-4-E4B-it,3,6.0,4.5673949144341125e-06,0.006121290977009469,0.03196648531583168,0.11111111111111127
state:0d899fab89c09f61b482e751,vizwiz,google/gemma-4-E4B-it,4,10.0,9.639357860895163e-06,9.945830795914379e-05,0.04773310349592096,0.23703703703703682
state:66b0ba22d0ba5661090ec7fb,vizwiz,google/gemma-4-E4B-it,4,10.0,7.449908704776111e-10,0.00017910361289976695,0.03824354501072343,0.0
state:984ce19f99948ee1beaae733,pope,Qwen/Qwen3-VL-8B-Instruct,4,10.0,2.607449317167326e-06,0.0005496207624673844,0.030211136387067166,0.08888888888888868
state:ea74543c2b976623b17e37b8,pope,google/gemma-4-E4B-it,4,10.0,0.00033816243337487785,0.015007545724511146,0.044519241918776396,0.08888888888888868
state:d40155340969b8d9b5314496,vizwiz,Qwen/Qwen3-VL-8B-Instruct,2,2.0,3.9350480582281536e-08,0.00022576376795768738,0.004694410175857195,0.5
state:381fc397b0bd6c6aa095c62d,pope,Qwen/Qwen3-VL-8B-Instruct,4,10.0,4.043012223593142e-05,0.008904710095375768,0.025583822645638684,0.08888888888888868
state:1b4259119a0c8fb160db2ec2,vizwiz,Qwen/Qwen3-VL-8B-Instruct,3,6.0,0.0007159833620950306,0.01190645446574005,0.04280264400651852,0.08888888888888868
state:90c710b88b3488b2c77d3daf,vizwiz,Qwen/Qwen3-VL-8B-Instruct,2,2.0,8.615243999450815e-08,0.005704969706130214,0.024718586023108276,0.16666666666666663
state:5b9645ecc7d15b8911da5fa3,vizwiz,google/gemma-4-E4B-it,4,10.0,8.52189109164701e-05,0.007547468021512049,0.03425260225597015,0.3555555555555556
state:573f9db166518f48fb95d269,pope,google/gemma-4-E4B-it,4,10.0,3.15328730368412e-05,0.006846986245363949,0.023300453612590984,0.0
state:0a8bf259ab235f714c0e1172,vizwiz,google/gemma-4-E4B-it,3,6.0,2.040373252489066e-06,0.012696935070885576,0.038656302762925296,0.3777777777777779
state:3cce65f5915b8758d8500b92,hallusionbench,Qwen/Qwen3-VL-8B-Instruct,3,6.0,0.0015219461002542413,0.03477129777085489,0.12242693721287375,0.0
state:966084b94508cf644a206b70,vizwiz,google/gemma-4-E4B-it,2,2.0,3.2347944130958555e-08,0.00011172890663146973,0.0395314751614337,0.8333333333333334
state:99f346fabb1dffc3dcdac03e,pope,Qwen/Qwen3-VL-8B-Instruct,2,2.0,1.3303490386162983e-05,0.0033033364452421665,0.011789879002335931,0.16666666666666663
state:b71d6550d80d02c3913cf9a0,vizwiz,google/gemma-4-E4B-it,2,2.0,1.687894659158889e-10,8.922815322875977e-05,0.033050837396805824,0.5
state:42f3486b6ed08b8ea31f5d04,vizwiz,google/gemma-4-E4B-it,2,2.0,6.975577637169277e-07,0.06863018870353699,0.061865843932099346,0.0
state:c9cb17bc24b3d048cbe4e98c,vizwiz,Qwen/Qwen3-VL-8B-Instruct,3,6.0,4.9265331002250264e-05,0.03967461114128431,0.0786072844398151,0.20000000000000007
state:6a3ab37ae8486a26fc4f536b,vizwiz,Qwen/Qwen3-VL-8B-Instruct,4,10.0,0.0003416777822023055,0.07377164006233217,0.0843018639497675,0.1333333333333333
state:0f70fccea50a27dc9001d6a0,vizwiz,Qwen/Qwen3-VL-8B-Instruct,3,6.0,0.0003095728750466205,0.04973887403806051,0.06071995588236342,0.10666666666666658
state:348e3855ebb3a90792133508,pope,google/gemma-4-E4B-it,3,6.0,6.637371016012601e-05,0.006790380148837964,0.02600763179126972,0.08888888888888868
state:162665663a6b0c112a706e72,hallusionbench,google/gemma-4-E4B-it,4,10.0,0.00019387997091032956,0.00970379608683288,0.03194168085007295,0.08888888888888868
state:84abe6cad57d3ebb2b0e3d2e,vizwiz,Qwen/Qwen3-VL-8B-Instruct,2,2.0,1.9357307813109736e-05,0.015211628749966621,0.05805549267358547,0.6666666666666667
state:5152ff1e14eedcb1f85d36db,pope,Qwen/Qwen3-VL-8B-Instruct,3,6.0,1.0128106408463841e-05,0.0008137266979449448,0.03485981997991069,0.0
state:118bd7960e17eaed9e7d82e5,pope,Qwen/Qwen3-VL-8B-Instruct,3,6.0,1.612656600725964e-05,0.001198121967415015,0.06136384327705366,0.3555555555555556
state:0d5763cb123e18530cc12cc4,vizwiz,google/gemma-4-E4B-it,4,10.0,2.4083384940548166e-06,0.00037949854508040565,0.04015425773577606,0.0
state:e0e1454b0e9469744872231c,vizwiz,Qwen/Qwen3-VL-8B-Instruct,4,10.0,0.04475971714858191,0.22188122153282164,0.17512181809432462,0.34444444444444444
state:e7d07305935784ad00cf934d,pope,google/gemma-4-E4B-it,3,6.0,0.0005282404790379515,0.023852510791685846,0.06281905634324521,0.05555555555555536
state:f2ddd75c110f9cf2adb9fc52,pope,Qwen/Qwen3-VL-8B-Instruct,4,10.0,0.00013105611269009768,0.011890712752938275,0.023597272141516606,0.0888888888888889
state:be6ff5dbd8196bb9759de37d,pope,Qwen/Qwen3-VL-8B-Instruct,4,10.0,3.0433478809534703e-05,0.006999782640486956,0.022559171688368754,0.0777777777777775
state:2261c5613bbb0595fc389791,vizwiz,google/gemma-4-E4B-it,2,2.0,0.00038064578295841326,0.03631645441055298,0.026729997376641966,0.16666666666666663
state:f361c60c92fb6fbefaf0f039,pope,google/gemma-4-E4B-it,3,6.0,1.9753845269419266e-05,0.0051305457727216395,0.027764238789198325,0.0888888888888888
state:4afe29fb1f17c9f7a5a03aa7,vizwiz,google/gemma-4-E4B-it,2,2.0,8.300228138831764e-07,0.00010232396016363055,0.021395825974667472,0.0
state:514193a48ba04f6ab776102c,pope,Qwen/Qwen3-VL-8B-Instruct,2,2.0,6.63782638588472e-06,0.0009818598628044128,0.036900259231169796,0.0
state:5962e727314ab2a24aeaea4e,vizwiz,Qwen/Qwen3-VL-8B-Instruct,4,10.0,5.792334103476235e-05,0.011615586280822755,0.04032101957751111,0.16296296296296298
state:12ffbb535651060306b59084,hallusionbench,google/gemma-4-E4B-it,2,2.0,3.048244567841351e-05,0.013542249255806382,0.03747045977751985,0.0
state:86965a6e807e8ef97fc95a95,pope,google/gemma-4-E4B-it,4,10.0,0.0026267338719944285,0.09440087623894214,0.10820093905842187,0.07777777777777761
state:7423d137335078b038bcc3c7,vizwiz,Qwen/Qwen3-VL-8B-Instruct,2,2.0,4.6100416677071415e-09,0.007927078753709793,0.020423461533285114,0.0
state:759ec59c2f33973bdc3b669d,vizwiz,Qwen/Qwen3-VL-8B-Instruct,4,10.0,0.0006691893589173764,0.013334118034690623,0.12506206638655706,0.13703703703703685
state:155df78a7e8518cd5fb89d82,hallusionbench,Qwen/Qwen3-VL-8B-Instruct,3,6.0,1.849428827283949e-05,0.004009838578187757,0.02284634279962868,0.08888888888888868
state:4fa2c716afb9413904379778,hallusionbench,google/gemma-4-E4B-it,2,2.0,9.7475231721085e-06,0.036653727293014526,0.030981844490342702,0.0
state:a712740cbab2b462ce7dc3c4,vsr,Qwen/Qwen3-VL-8B-Instruct,3,6.0,3.441341588875058e-06,0.0011114751161282281,0.05051672983231759,0.26666666666666683
state:b0f776e3adfedd8668aaac4c,pope,google/gemma-4-E4B-it,3,6.0,3.7701858321660956e-05,0.0033387890240798392,0.02319529970282612,0.0888888888888888
state:84ff113c763f975c1e8a137c,vizwiz,google/gemma-4-E4B-it,2,2.0,2.756605478005856e-06,0.00013159483205527067,0.03348827459363889,0.0
state:e8183a11d652f82dc01edd44,hallusionbench,google/gemma-4-E4B-it,3,6.0,1.926187495438671e-06,0.00047088119026739156,0.07556747224518456,0.4
state:255e6a4d5738bc2eb0c1add4,vizwiz,google/gemma-4-E4B-it,3,6.0,8.656087621797098e-07,0.027050173944897126,0.049399961908017695,0.4
state:470ac70c7720a4452d87db58,hallusionbench,google/gemma-4-E4B-it,4,10.0,0.0008508203632412444,0.013266673833131784,0.04324719053034139,0.05925925925925901
state:3a970dd152b053e1cb6878ba,pope,google/gemma-4-E4B-it,4,10.0,6.934012379792998e-05,0.0016126161794818472,0.033683235497451204,0.059259259259259345
state:b53b5e00eb2564b22c7d7b34,vizwiz,Qwen/Qwen3-VL-8B-Instruct,4,10.0,9.051587526296557e-06,0.003286829010467027,0.06689339537471697,0.3555555555555556
state:553390fe01f03e85fce602df,vizwiz,google/gemma-4-E4B-it,3,6.0,2.18714181963073e-06,0.00011524748212347428,0.025938245644921958,0.2222222222222221
state:c139c460f059801412c16e89,pope,Qwen/Qwen3-VL-8B-Instruct,4,10.0,0.00041362627010980486,0.010945228551645415,0.060582806725857294,0.13703703703703696
state:0e598657180c424dc8849888,pope,google/gemma-4-E4B-it,2,2.0,2.6490201359096605e-05,0.004367810674011707,0.01671460191357993,0.0
state:662c8cac689b7c0b0e9e617e,pope,Qwen/Qwen3-VL-8B-Instruct,2,2.0,1.3290066840359065e-05,0.001697806641459465,0.03524773287254008,0.16666666666666663
state:86c6587c207fc8c8d5f67f3d,vizwiz,google/gemma-4-E4B-it,3,6.0,5.139311434158163e-06,0.02119971977339848,0.03814495632679426,0.0
state:75c6cc3453679cc84b189704,vizwiz,google/gemma-4-E4B-it,4,10.0,4.3413795973340665e-06,0.005557308197021493,0.056847550051802226,0.2777777777777778
state:9dc9d7f1419291237b9dedfd,hallusionbench,Qwen/Qwen3-VL-8B-Instruct,4,10.0,0.00013762312828180995,0.01081972572952509,0.08801014041866383,0.08888888888888857
state:2c315cd9b10be51efbc053e9,vizwiz,google/gemma-4-E4B-it,4,10.0,2.96231954075609e-07,0.00304678190033882,0.0499472087278738,0.4296296296296298
state:d1973b1c2954b6aee0d3fa3d,hallusionbench,google/gemma-4-E4B-it,3,6.0,3.8523977576345174e-06,0.021055807669957478,0.05629453005698392,0.43333333333333335
state:514c595b3ebc7e28bf15c227,vsr,google/gemma-4-E4B-it,2,2.0,9.457384279584712e-06,0.004465082660317421,0.01408994168672435,0.4
state:38f2872156204c7a0b3abf52,vizwiz,Qwen/Qwen3-VL-8B-Instruct,4,10.0,0.0009141373846140915,0.053115031346678734,0.0812048909284887,0.3648148148148149
state:b6496cdaf432100e663d7ef5,pope,google/gemma-4-E4B-it,4,10.0,4.464063241132821e-05,0.00791499753482639,0.026801695827450792,0.07777777777777772
state:81df75354237bd9e422bc88b,vizwiz,google/gemma-4-E4B-it,3,6.0,4.558640514088526e-10,0.0003959172301822485,0.03580650092347936,0.0
state:c0c07b9fd6eb548c0d863385,pope,google/gemma-4-E4B-it,2,2.0,2.7050319120859633e-06,0.00077767763286829,0.02477965770634851,0.16666666666666663
state:90f84acb011f21a98f58cba0,hallusionbench,Qwen/Qwen3-VL-8B-Instruct,3,6.0,7.918608350533692e-05,0.006842697815348704,0.030189744645873505,0.08888888888888868
state:1330d4911c6456885b3e4217,pope,google/gemma-4-E4B-it,3,6.0,1.1153009005664729e-05,0.0008743427590363556,0.035075312947409315,0.08888888888888868
state:2a2df82a669cf46e79955e8f,vizwiz,google/gemma-4-E4B-it,3,6.0,2.560373912755485e-07,0.00438161359892951,0.02865612885150806,0.3555555555555555
state:c7ae3745d37d7de18af3afd8,pope,google/gemma-4-E4B-it,3,6.0,4.546212609950512e-06,0.006098015182134178,0.032036574096641623,0.2000000000000003
state:1053b499065f75f94d10bbcf,pope,google/gemma-4-E4B-it,3,6.0,1.978313312686852e-05,0.005151859699354746,0.027982521938487895,0.08888888888888868
state:26815a8c9848d3d3e64b8a73,pope,Qwen/Qwen3-VL-8B-Instruct,3,6.0,1.0032659042689823e-05,0.00019192913229440197,0.06206615583148473,0.11999999999999977
state:234e29a33456a1eba34eced2,hallusionbench,google/gemma-4-E4B-it,3,6.0,6.257522004951826e-05,0.003781986733277639,0.0525505324759215,0.16666666666666663
state:ceac9dc98871efaf50e0e157,vizwiz,Qwen/Qwen3-VL-8B-Instruct,2,2.0,0.00010054129234418277,0.01695960760116577,0.021527531624581004,0.16666666666666663
state:afb8a0d68a67e68880a4140d,pope,google/gemma-4-E4B-it,4,10.0,3.7693829833890004e-06,0.0006365281343460084,0.03755737504389733,0.033333333333333326
state:bfbd1c932749905bc0b1a544,vizwiz,google/gemma-4-E4B-it,4,10.0,1.1782401598260419e-06,2.5459537864662705e-05,0.05187355342788466,0.2518518518518519
state:6290e7597414122820557f08,vizwiz,Qwen/Qwen3-VL-8B-Instruct,3,6.0,0.0004714452310329972,0.046256930754275845,0.054254680007992225,0.08888888888888868
state:4bf63e1a32db7a3641b49bcd,pope,google/gemma-4-E4B-it,3,6.0,2.0997473488165497e-05,0.004460351541638361,0.014626150517954697,0.09999999999999987
state:4531ae0d9bbf383cfef967b2,hallusionbench,google/gemma-4-E4B-it,2,2.0,1.7343544117984393e-06,0.0013488829135894775,0.009922960792439922,0.16666666666666663
state:bb38b959909b57210caeb6f1,vizwiz,Qwen/Qwen3-VL-8B-Instruct,4,10.0,2.495141066136571e-09,7.761120796203613e-05,0.10283211016938891,0.0
state:4a2e2e877ac28a6559fdcbe6,vizwiz,Qwen/Qwen3-VL-8B-Instruct,3,6.0,0.000514755660174897,0.06465793227430873,0.04681682030579583,0.0
state:e9607993a8e86cf12dccd704,pope,Qwen/Qwen3-VL-8B-Instruct,2,2.0,0.0001737149626800205,0.007624502293765545,0.03277458165250642,0.16666666666666663
state:90284c6acfa18a5ea0d6e0f0,hallusionbench,Qwen/Qwen3-VL-8B-Instruct,3,6.0,0.00014555941433975082,0.0093433970792426,0.07273155610931759,0.09999999999999976
state:ad3fa020d5967ba61941a9fc,vsr,google/gemma-4-E4B-it,2,2.0,0.0001287925150085681,0.006050117313861847,0.09599303895287802,0.0
state:68d592e5bb5af7ec10120714,hallusionbench,google/gemma-4-E4B-it,3,6.0,0.0017310215872903465,0.05352840570008588,0.07229221104614743,0.11111111111111127
state:0645eb64ffbddedaad7725e4,pope,Qwen/Qwen3-VL-8B-Instruct,4,10.0,0.0005049288778341981,0.0180550143867731,0.04582010184834104,0.08888888888888868
state:07245ec0f34de4a84859f795,pope,Qwen/Qwen3-VL-8B-Instruct,4,10.0,0.00012891269510637054,0.0032946753501892087,0.049169357564844265,0.12444444444444458
state:11f70c278a2742b3f4e39dd7,pope,Qwen/Qwen3-VL-8B-Instruct,2,2.0,3.649627343081717e-06,0.002756044501438737,0.009607126401977254,0.16666666666666663
state:7ccee8cbf996209479d0003f,hallusionbench,google/gemma-4-E4B-it,3,6.0,0.0004244825296210277,0.020631224744849724,0.040435177649217044,0.09999999999999987
state:e5a9c4c69a02528f908b6634,vizwiz,Qwen/Qwen3-VL-8B-Instruct,4,10.0,3.921359191181544e-07,0.027705838680267325,0.05014136806606224,0.23333333333333328
state:19723bf625099d3c6fa77537,vizwiz,Qwen/Qwen3-VL-8B-Instruct,2,2.0,1.3120155339264275e-05,0.003282641526311636,0.01174452606525501,0.0
state:236169d130ad0ee08e15700e,vizwiz,google/gemma-4-E4B-it,3,6.0,7.828691404440606e-06,0.0003847442114622229,0.039447976069134326,0.2222222222222221
state:2a18c85eef6ee7d46c7caa6d,pope,Qwen/Qwen3-VL-8B-Instruct,4,10.0,4.110177362571726e-06,0.0005804810859262766,0.03176397837108654,0.08888888888888868
state:a6b7d47c0b412cf2460eefee,vizwiz,Qwen/Qwen3-VL-8B-Instruct,4,10.0,0.0002504101928486702,0.033598061390221125,0.04796500541027007,0.15555555555555567
state:347d9f18f033aa95a2645092,pope,Qwen/Qwen3-VL-8B-Instruct,4,10.0,3.598928136140884e-05,0.007105048280209294,0.026130717924878415,0.0
state:6d3acd8d9b328ee84a0b427d,vizwiz,google/gemma-4-E4B-it,2,2.0,3.014755288936139e-06,0.008430786430835724,0.03462689210611625,0.0
state:e23be7ea840643f39274d26e,vizwiz,google/gemma-4-E4B-it,4,10.0,6.151178662415436e-07,0.01991499781608581,0.03684075719563163,0.23703703703703682
state:68abac7889d70e12c5447093,vizwiz,Qwen/Qwen3-VL-8B-Instruct,4,10.0,4.874507519376664e-06,0.00639239028096199,0.04157938590329287,0.45925925925925937
state:83f7452a96b71570a5e4efdf,pope,google/gemma-4-E4B-it,4,10.0,6.416046497439629e-05,0.012886250540614139,0.03338482815978316,0.05925925925925901
state:7558618026cf392dedc40a3d,pope,google/gemma-4-E4B-it,2,2.0,3.854434645748201e-05,0.001780507154762745,0.02148092915163282,0.0
state:30cb3df3bfac855d0848be51,vizwiz,google/gemma-4-E4B-it,3,6.0,1.5250654441321183e-06,5.66484753411108e-05,0.03639777360444984,0.2222222222222222
state:5e4283311db8c7384e4eb8a3,vizwiz,google/gemma-4-E4B-it,3,6.0,6.554170328357921e-07,0.022362930907143475,0.05440577471755547,0.35555555555555574
state:ffa791fcf389fa1afd749887,pope,google/gemma-4-E4B-it,3,6.0,3.7116232720180036e-05,0.0037014072812679745,0.023138114730205828,0.08888888888888868
state:00133e4b1e4f1780c65399ac,pope,Qwen/Qwen3-VL-8B-Instruct,3,6.0,0.0011278328293493783,0.061590159932772316,0.08840957479911689,0.15555555555555534
state:0573f67b18b5ad0b70f28732,vizwiz,Qwen/Qwen3-VL-8B-Instruct,4,10.0,6.663013378979541e-05,0.009849770963191973,0.05085166608125555,0.14222222222222247
state:e0429260ff26e956fe5ab9c7,vizwiz,Qwen/Qwen3-VL-8B-Instruct,4,10.0,2.2407918995461047e-07,0.023040773868560783,0.038916089854585736,0.2666666666666667
state:d2d066dd99862d116f4586fa,pope,Qwen/Qwen3-VL-8B-Instruct,4,10.0,5.7047534144437764e-05,0.0020913243482937106,0.05072172855373749,0.09259259259259234
state:8baa545a4a2253fd4b649a30,vizwiz,Qwen/Qwen3-VL-8B-Instruct,3,6.0,7.175009242084364e-07,0.00018457085874008027,0.03242995346100728,0.40000000000000013
state:444c10f86b6e6771380bec92,vizwiz,google/gemma-4-E4B-it,2,2.0,1.6432412590997042e-07,0.005735844373703003,0.013696273739716072,0.5
state:3847b2a326ee249658ef8488,hallusionbench,Qwen/Qwen3-VL-8B-Instruct,2,2.0,1.5696380249013097e-05,0.003925133227937749,0.03134951446554715,0.0
state:f093a62dd85d786dc3ad68c9,pope,Qwen/Qwen3-VL-8B-Instruct,3,6.0,4.481503617635109e-06,0.0006031225331955612,0.035256191484573735,0.08888888888888868
state:e02612597ca17e6c610da423,hallusionbench,Qwen/Qwen3-VL-8B-Instruct,2,2.0,4.111756488446802e-06,0.020568914711475372,0.05349758708103994,0.0
state:c2462eb313ddc4175dbe0983,vsr,google/gemma-4-E4B-it,3,6.0,3.5334826586631665e-05,0.02396086189481948,0.057923176995501396,0.35555555555555574
state:4517e9fc770fc7681540d4f5,hallusionbench,google/gemma-4-E4B-it,4,10.0,0.00020764958009646638,0.012804066650569434,0.04179371774668758,0.07777777777777761
state:c07823baea166f792c00cee6,pope,google/gemma-4-E4B-it,4,10.0,6.96743239957954e-05,0.009536877758800988,0.03182861100155373,0.033333333333333215
state:8255210d8859f1c892af64fe,vizwiz,Qwen/Qwen3-VL-8B-Instruct,3,6.0,0.0002104300642652513,0.05544521666080173,0.03914182014313419,0.05555555555555536
state:4c63829c5034bb37a510abf6,hallusionbench,Qwen/Qwen3-VL-8B-Instruct,4,10.0,0.00019085564557269933,0.003729488602957643,0.04579546975334455,0.059259259259259234
state:78102e1168a7b15a02211eec,vizwiz,google/gemma-4-E4B-it,4,10.0,1.376296452189227e-06,0.011023802757263201,0.04874286643675238,0.2777777777777778
state:f0ce19800824a724ccf876bc,pope,Qwen/Qwen3-VL-8B-Instruct,3,6.0,2.0490380779824783e-06,2.9126289316789352e-05,0.04203482677182944,0.3555555555555556
state:3a3533b54f6ea41e372ebdaa,pope,google/gemma-4-E4B-it,4,10.0,1.3677572415971426e-06,0.00011747056996682658,0.04986162502538266,0.4296296296296297
state:62fe7028385f82a840151579,pope,Qwen/Qwen3-VL-8B-Instruct,2,2.0,9.329485387390973e-05,0.022278136453110164,0.10096086578973973,0.0
state:30db69ef290c99c13528aa77,pope,Qwen/Qwen3-VL-8B-Instruct,3,6.0,3.438533606602787e-05,0.003467657913764318,0.022149114062496637,0.08888888888888868
state:9601bb53be6d1994b7db53eb,pope,Qwen/Qwen3-VL-8B-Instruct,3,6.0,6.06170377222107e-05,0.0064980946481227875,0.02474048023501392,0.05555555555555536
state:db6bc025c349b9a4f6f5ca67,vizwiz,Qwen/Qwen3-VL-8B-Instruct,3,6.0,0.00014561183707486564,0.04198160664074951,0.043927086174805764,0.08888888888888868
state:2c5d49f003c81b18d17b558c,vizwiz,google/gemma-4-E4B-it,3,6.0,4.961940298470366e-06,0.011014819145202637,0.042886181239216614,0.16666666666666663
state:675edf2624d3f2dfe81cfe18,pope,google/gemma-4-E4B-it,3,6.0,3.2707946882165616e-05,0.0035447236926605306,0.02161316314237521,0.05555555555555536
state:fe6a27b5f728a7a5afc6a0b1,vizwiz,Qwen/Qwen3-VL-8B-Instruct,3,6.0,8.485680728457646e-07,1.6530425859362374e-05,0.02866376587678933,0.2222222222222221
state:821fb966a84be7238a1f6934,vizwiz,google/gemma-4-E4B-it,4,10.0,7.420291746658332e-07,0.016401891708374028,0.029100361906770345,0.2777777777777778
state:650c2ff39ffcceedd0dfd1ef,vizwiz,google/gemma-4-E4B-it,2,2.0,4.866210193020091e-06,4.059312868776033e-05,0.030596246761659045,0.0
state:f0517eba414dbd3001b77554,pope,google/gemma-4-E4B-it,4,10.0,2.8107304966653175e-05,0.004540993478149171,0.06960325518825744,0.18518518518518523
state:b801fb38115a7c829d8717ae,pope,Qwen/Qwen3-VL-8B-Instruct,4,10.0,4.886610811530483e-05,0.008804201558232309,0.028543180404979926,0.033333333333333215
state:a0ec1bb6021b401e034040b9,vsr,google/gemma-4-E4B-it,4,10.0,7.427554802922663e-05,0.004605119800789903,0.08496819573070166,0.3481481481481481
state:508d53992270a0454d146985,vizwiz,google/gemma-4-E4B-it,3,6.0,5.685133683603298e-06,9.20794257884457e-05,0.055312698460507057,0.2222222222222221
state:7f6f97f3cd3373ee3a864c40,vizwiz,Qwen/Qwen3-VL-8B-Instruct,2,2.0,0.00020962610277173782,0.018722163513302803,0.034023424692431394,0.0
state:993f1d07c29760e413cf1cc6,pope,google/gemma-4-E4B-it,3,6.0,7.539823112033223e-06,0.002758217561576103,0.01818520798626555,0.0888888888888888
state:03066186dee767bd6a63d9fa,vizwiz,google/gemma-4-E4B-it,4,10.0,2.2149166306395807e-06,0.013023225218057632,0.03207294218680484,0.3555555555555555
state:ad9c540da6f47aacf26c1930,pope,google/gemma-4-E4B-it,4,10.0,1.4198979031564408e-05,0.0008296552114188628,0.03449282143821472,0.08888888888888868
state:753dd678c5e098e388eda5e7,vizwiz,Qwen/Qwen3-VL-8B-Instruct,4,10.0,2.924638221668474e-07,0.005285828113555912,0.04027046912562832,0.09999999999999998
state:bc1ec4134cdc28c0fbb8362e,vizwiz,google/gemma-4-E4B-it,4,10.0,5.8533595760156905e-09,0.0003427398204803644,0.058882449929909576,0.6555555555555556
state:a27557c889d93d87f06944d2,vsr,Qwen/Qwen3-VL-8B-Instruct,2,2.0,6.032286957518239e-06,0.001672675833106041,0.011087475171201483,0.0
state:bb079cb5c7cc25f9e444ad33,pope,google/gemma-4-E4B-it,2,2.0,3.253703140029848e-05,0.010210499167442322,0.04848670605212729,0.0
state:eacd4b79637051fe150b12c2,hallusionbench,Qwen/Qwen3-VL-8B-Instruct,4,10.0,1.9738015839994155e-05,0.001010508658364415,0.044842325377228175,0.05925925925925901
state:a8d8bf60a032ca7355fe2cbc,vizwiz,google/gemma-4-E4B-it,3,6.0,8.329028964553593e-05,0.0004409541696885529,0.06021716629779821,0.4
state:67cd27a7bcc478db2e019839,vizwiz,Qwen/Qwen3-VL-8B-Instruct,3,6.0,0.0001635340257314457,0.033486153237618055,0.05554541023650536,0.08888888888888868
state:bd56d34fcb4a48404e4d5009,pope,Qwen/Qwen3-VL-8B-Instruct,3,6.0,4.492374776007437e-06,0.0037830060658355555,0.021722293867885323,0.2844444444444445
state:d86f880ec5b93d17c1039ae5,pope,Qwen/Qwen3-VL-8B-Instruct,2,2.0,8.065358104626758e-08,0.000376732787117362,0.021000550682102506,0.0
state:b5c7a79fa329dad3e2b10077,pope,Qwen/Qwen3-VL-8B-Instruct,2,2.0,2.521101649074067e-06,0.000764078926295042,0.024578864911206165,0.0
state:65f78894776d1d56870b3ec9,vizwiz,google/gemma-4-E4B-it,4,10.0,2.326736100487519e-05,0.00019133107294690976,0.06414840555250367,0.1333333333333332
state:ccaeec31200ad8f1f79a09c3,vizwiz,Qwen/Qwen3-VL-8B-Instruct,4,10.0,0.0014253035437694214,0.035637364536523816,0.11166580168460997,0.14444444444444426
state:8fe089f8e0ad96ce65c8c7ee,pope,google/gemma-4-E4B-it,2,2.0,1.453152464521944e-05,0.0032950476743280888,0.012566956959430522,0.0
state:8e4436fd47b77827cc71cfbc,pope,Qwen/Qwen3-VL-8B-Instruct,3,6.0,9.802731065769248e-05,0.0032604062413762827,0.05245085729101538,0.09999999999999976
state:8b15218f210d9726ac8738e2,vizwiz,google/gemma-4-E4B-it,2,2.0,2.298650675182367e-07,0.015843555331230164,0.01893865677243802,0.0
state:8731a875dfc482f2daf2f0a1,pope,google/gemma-4-E4B-it,2,2.0,0.0001279227316767872,0.00962730310857296,0.03995168820581577,0.0
state:7efb509cf59b66c17759b257,pope,Qwen/Qwen3-VL-8B-Instruct,2,2.0,1.340094337619216e-05,0.0032404065132141113,0.011889333689547754,0.16666666666666663
state:812ef68e8eddf9ac8d1e882d,pope,google/gemma-4-E4B-it,4,10.0,4.252054805413298e-06,0.0006992674991488368,0.033214314603319084,0.08888888888888868
state:6961a104f7afd8791bc4e072,vizwiz,Qwen/Qwen3-VL-8B-Instruct,4,10.0,1.127295027637337e-06,0.04817224144935608,0.10619956732686292,0.42592592592592604
state:14c1aa8e32875ad6be3464aa,vizwiz,Qwen/Qwen3-VL-8B-Instruct,4,10.0,1.1811419079754664e-08,0.000330430269241333,0.044248263891524045,0.16666666666666663
state:92d87796cbdbb5ea1beaa808,pope,Qwen/Qwen3-VL-8B-Instruct,3,6.0,4.434484533805054e-06,0.0005955548129147828,0.03521761575584436,0.05555555555555536
state:6fd6f3b60c17e1c632e45e62,vizwiz,google/gemma-4-E4B-it,2,2.0,0.0003749907130049214,0.016637834924040362,0.024800924481450486,0.33333333333333337
state:96b4be818861ab6a4a11e1f6,pope,Qwen/Qwen3-VL-8B-Instruct,4,10.0,1.3306759366590395e-05,0.0009115339955314994,0.03507763949603373,0.05925925925925901
state:aeb2184fcb354018fef5d7bc,pope,Qwen/Qwen3-VL-8B-Instruct,4,10.0,9.628771283380889e-05,0.0029664498427882787,0.04054729909303665,0.033333333333333215
state:243b6407291e0522d8400601,vsr,Qwen/Qwen3-VL-8B-Instruct,4,10.0,0.0004616126854805563,0.019647789970040318,0.050768879993873466,0.07777777777777772
state:64abce068f7276d035cc3323,pope,google/gemma-4-E4B-it,2,2.0,3.449882552505168e-06,0.0004748259671032429,0.022042642555335026,0.0
state:a0b8f281124389fe5702f9c6,hallusionbench,google/gemma-4-E4B-it,2,2.0,2.266590931512624e-06,0.002527844160795212,0.022399011856239687,0.0
state:bd64a7cd5061fa5f764c38d5,vizwiz,Qwen/Qwen3-VL-8B-Instruct,3,6.0,1.3179291408810317e-06,0.0038084540930059343,0.022618961312759308,0.0
state:c6f6ee569fcf8dc9226d3e0c,vizwiz,Qwen/Qwen3-VL-8B-Instruct,4,10.0,0.0015985773538239347,0.009130413628008682,0.06309858701390755,0.28888888888888886
state:cac85106f89ef86d8147cd21,vizwiz,google/gemma-4-E4B-it,4,10.0,6.79183438428516e-10,0.0001925909519195468,0.04301777578177123,0.0
state:57302d5d2cd6de325032c7ad,vizwiz,google/gemma-4-E4B-it,3,6.0,8.76864753518806e-06,0.00693658987681071,0.01250972263075171,0.30000000000000004
state:5355193a6e948f7858caa250,vizwiz,Qwen/Qwen3-VL-8B-Instruct,4,10.0,1.4770237486437924e-05,0.00013945955346570838,0.06670662563479349,0.23703703703703716
state:4577746ec88a893a8f111558,vizwiz,Qwen/Qwen3-VL-8B-Instruct,2,2.0,0.0004483902510249309,0.014697745442390442,0.030279655473294396,0.0
state:555fe1011f54ba0298029737,pope,Qwen/Qwen3-VL-8B-Instruct,4,10.0,2.6312932697216353e-07,0.010547267198562648,0.04500205924609209,0.06666666666666665
state:81881f31e0b570e7cd03ac6d,vizwiz,Qwen/Qwen3-VL-8B-Instruct,4,10.0,1.7380679201368548e-05,0.0007731703220633657,0.0686667743998159,0.3555555555555556
state:74df5dc1f618307622a7fd30,vizwiz,Qwen/Qwen3-VL-8B-Instruct,2,2.0,3.910055899191565e-07,0.0017430298030376434,0.010294769467126359,0.0
state:8da7fad469a21a1054ebc368,hallusionbench,google/gemma-4-E4B-it,2,2.0,2.238614152303263e-05,0.007198795676231384,0.023295812556252793,0.0
state:e1a09ae13b6d5b309f3848dd,pope,google/gemma-4-E4B-it,4,10.0,2.4206046822918706e-05,0.0018778414835833226,0.0382374350988885,0.05925925925925901
state:08ad3d9d9ab37c18585ae119,vizwiz,google/gemma-4-E4B-it,2,2.0,2.2310828795730973e-07,0.03923717141151428,0.03567078605079032,0.0
state:1bbbeb35ca6705a1e78714b0,hallusionbench,Qwen/Qwen3-VL-8B-Instruct,4,10.0,1.4535591601302376e-05,0.0010493715107440904,0.04197660535412615,0.033333333333333215
state:8f56a2800ab8c123f81ea475,hallusionbench,Qwen/Qwen3-VL-8B-Instruct,3,6.0,0.00034518707577119146,0.013944720228513084,0.030552620026925298,0.09999999999999976
state:de2c73f1876045995599af7c,vizwiz,google/gemma-4-E4B-it,2,2.0,2.8438924107587093e-07,0.005192574113607407,0.026051617464156,0.6666666666666667
state:aacbf7c8dc8c108135aa4178,hallusionbench,google/gemma-4-E4B-it,4,10.0,1.3042144681491219e-05,0.002895388184206236,0.07238232060245083,0.31666666666666676
state:4ddea8edef58e496a533c48d,hallusionbench,google/gemma-4-E4B-it,3,6.0,8.292713465531602e-05,0.0214149405558904,0.03512855030648827,0.08888888888888868
state:455ba2740d8ed0396ed8f82a,pope,google/gemma-4-E4B-it,4,10.0,8.902523332226108e-05,0.005874857204707951,0.03428159010318786,0.07777777777777761
state:16aab24a264d63d1436aa586,vizwiz,google/gemma-4-E4B-it,2,2.0,1.0868933086874653e-06,4.327459100750275e-05,0.01540917368941937,0.0
state:8ea7bfd2448db456f0a978f0,vizwiz,google/gemma-4-E4B-it,3,6.0,2.9801069852454823e-06,0.02831806076897514,0.05838039193536975,0.0
state:73b9f6489d76d7b284284a99,pope,google/gemma-4-E4B-it,4,10.0,4.740464676062947e-06,0.0007191065326333046,0.03268764385243593,0.18518518518518534
state:ab034ae52b88c6dcb6409abd,pope,Qwen/Qwen3-VL-8B-Instruct,2,2.0,2.8955784992840258e-05,0.005519230545587561,0.018348995858971397,0.0
state:0e2b54c1dc6dad0c8882c9c5,pope,Qwen/Qwen3-VL-8B-Instruct,2,2.0,7.457702652587319e-08,0.00038092490285634995,0.0210205751362661,0.16666666666666663
state:b483e5ca8e707b60ef62d14d,vizwiz,google/gemma-4-E4B-it,2,2.0,2.8153563005376874e-09,0.011265486478805542,0.016664831438811045,0.0
state:03a8804639c490a62edff1f5,pope,Qwen/Qwen3-VL-8B-Instruct,2,2.0,1.7826435490700663e-06,0.0006271190941333771,0.024818549650745744,0.33333333333333337
state:c41d104066ed5bb59a5516bb,vizwiz,Qwen/Qwen3-VL-8B-Instruct,3,6.0,1.8874531444529476e-05,0.010131771128625492,0.05282433182714791,0.14666666666666672
state:68f21094024d8cb287eefeac,pope,Qwen/Qwen3-VL-8B-Instruct,3,6.0,6.448904635296637e-06,0.00029497938966313895,0.06708623733382055,0.28222222222222226
state:365997dbe3a6f9ac92dc5824,pope,google/gemma-4-E4B-it,3,6.0,0.000586473798184567,0.010096363819078155,0.06044252105439682,0.05555555555555547
state:659f8b3d625d6022a9fa18b3,vizwiz,Qwen/Qwen3-VL-8B-Instruct,3,6.0,2.2298214517423474e-05,0.013356909569766798,0.040114962232831765,0.08888888888888868
state:d08e8355018cf0d0b140f6a3,vizwiz,google/gemma-4-E4B-it,2,2.0,7.577433252834322e-07,0.04607448726892471,0.04693157890572516,0.0
state:089e5e9c5c9452f16aef8561,vizwiz,Qwen/Qwen3-VL-8B-Instruct,2,2.0,7.077083257444759e-05,0.01992961543146521,0.02743361208222784,0.0
state:0105728376fa1a12b43d324a,vsr,google/gemma-4-E4B-it,4,10.0,1.0883047306974526e-05,0.025928036868572236,0.09009260325748404,0.3555555555555555
state:b0b2f607ffa0116c5d4486ca,vizwiz,google/gemma-4-E4B-it,4,10.0,6.746103499295738e-09,0.0007155323028564364,0.05195488206507882,0.4444444444444444
state:1caeace4e9f55774e5e659d5,vizwiz,Qwen/Qwen3-VL-8B-Instruct,2,2.0,0.0002095410904353859,0.02302747689827811,0.05493374019539232,0.0
state:ff68d2bf7337285f279cd040,pope,google/gemma-4-E4B-it,4,10.0,0.00021396699337595366,0.001288610922856606,0.06097939127298088,0.08888888888888868
state:a77e610a2a679de32a5a402c,vizwiz,Qwen/Qwen3-VL-8B-Instruct,3,6.0,1.100271849659746e-05,0.0018873795456278986,0.05627850077031687,0.40000000000000013
state:0224490880ea248b8f1d956c,vizwiz,Qwen/Qwen3-VL-8B-Instruct,3,6.0,1.6198993769233313e-05,0.00043359908805642696,0.04543892072351473,0.40000000000000013
state:c120bf4bd5cf4fb136afd7bb,vizwiz,google/gemma-4-E4B-it,4,10.0,0.0002754442616278265,0.0025154480637502143,0.04509915110485201,0.16370370370370368
state:931e269edaac4208c604508b,vizwiz,google/gemma-4-E4B-it,2,2.0,4.551060196772965e-08,0.00674806535243988,0.01849502450986551,0.0
state:0aeafd1a7c80d30701619fc9,hallusionbench,google/gemma-4-E4B-it,2,2.0,1.872340314884851e-05,0.0022604053374379873,0.020403818494802592,0.16666666666666663
state:ac43fdd44285595e7d9a1bf9,pope,google/gemma-4-E4B-it,2,2.0,2.268709772679318e-06,0.0006958292797207832,0.024591595284306933,0.0
state:994ee09c1c2b7151e3d6beca,vizwiz,Qwen/Qwen3-VL-8B-Instruct,3,6.0,1.231191953282924e-09,7.053216298421224e-05,0.05775638502831494,0.6888888888888889
state:3871af21f5ff6c4bc5958ed8,vizwiz,Qwen/Qwen3-VL-8B-Instruct,3,6.0,1.863907714954863e-05,0.010490672455893616,0.020591347215076716,0.2666666666666667
state:9740b3757f294245a6ada16f,hallusionbench,Qwen/Qwen3-VL-8B-Instruct,3,6.0,0.000442670860623636,0.023450957461499732,0.0821464804001613,0.0
state:dc54e73b5ba55eb027c07626,pope,Qwen/Qwen3-VL-8B-Instruct,4,10.0,4.8682439899131935e-06,0.0007684732740744947,0.032679324668755866,0.15407407407407414
state:38d00c589772955a2b736adf,pope,google/gemma-4-E4B-it,4,10.0,4.682427000394227e-05,0.0050503679085522986,0.025856986523999488,0.033333333333333326
state:cfc58a2a6509eb3e5d546fcd,vizwiz,google/gemma-4-E4B-it,2,2.0,7.716823598081389e-06,9.843357838690281e-05,0.029111219583311844,0.0
state:4a9c273df046269d44acbb55,hallusionbench,Qwen/Qwen3-VL-8B-Instruct,2,2.0,8.804297231645804e-05,0.013646304607391357,0.03146643329428892,0.0
state:0417c731356c0c26b7f6ee00,vizwiz,Qwen/Qwen3-VL-8B-Instruct,2,2.0,2.5943839932711927e-08,0.0007522106170654297,0.02138026498051458,0.5
state:92fdc76c5e372020519c1b89,pope,google/gemma-4-E4B-it,2,2.0,4.387630785037522e-06,0.0003859037533402443,0.03592856675309107,0.16666666666666663
state:98bff1d1a858d48c54c8e7c7,pope,google/gemma-4-E4B-it,3,6.0,1.0297725507161995e-05,0.0022028553196125436,0.03188895154186363,0.08888888888888868
state:a6f7890909f8de42d883a434,vizwiz,google/gemma-4-E4B-it,3,6.0,6.408515264222359e-07,0.032607047094239124,0.0421432998256668,0.3555555555555556
state:5f1202d56e4526e2b438a879,pope,google/gemma-4-E4B-it,3,6.0,1.3202733771197312e-05,0.0003936072385689234,0.04918211221233455,0.17777777777777792
state:b95ff403e65d5eea1a8eed5c,vizwiz,google/gemma-4-E4B-it,4,10.0,3.637077573929423e-06,0.00012184075312688505,0.05093577908775271,0.41481481481481497
state:8ce95a236fee115fdac9fde1,pope,Qwen/Qwen3-VL-8B-Instruct,3,6.0,4.434786040593716e-06,0.0008951850597643191,0.04709391836197774,0.11999999999999977
state:1da07326a15f9d0f6b62eb22,vizwiz,Qwen/Qwen3-VL-8B-Instruct,2,2.0,0.0005385505513838682,0.03349835425615311,0.028069950034704968,0.4
state:dd45d2f57d85452178d45f35,vizwiz,google/gemma-4-E4B-it,3,6.0,0.0028235849619666956,0.009922462127178733,0.037616360260713834,0.24
state:fde207f6d74595f78ed3b3ae,pope,google/gemma-4-E4B-it,3,6.0,1.0900066423210548e-06,0.0006003897999309707,0.024142849820821835,0.0
state:a2348bbcafe65751f6f10203,pope,google/gemma-4-E4B-it,3,6.0,0.00010099210203624669,0.005240929597574803,0.02709019964028097,0.08888888888888868
state:6c55214089db99061b6ddf29,vizwiz,google/gemma-4-E4B-it,3,6.0,1.605257605029639e-05,0.011964589357376099,0.024009269423349633,0.18888888888888888
state:429ea6d345f1e905d796b1a8,pope,google/gemma-4-E4B-it,4,10.0,6.999343606905964e-06,0.0007851820811629473,0.03147744423752136,0.07777777777777761
state:ec743934cbc51d28085a9553,hallusionbench,Qwen/Qwen3-VL-8B-Instruct,4,10.0,0.006521224114655969,0.005317366210656474,0.11357900762786603,0.033333333333333215
state:69521ccc90f440f789617b1a,pope,google/gemma-4-E4B-it,3,6.0,4.798267516128886e-06,0.0006589049007743597,0.0356467619694764,0.15111111111111097
state:f0f71a33178ab6fc784c6a56,pope,Qwen/Qwen3-VL-8B-Instruct,3,6.0,7.69769258451469e-05,0.010112855428208908,0.02631189962928171,0.05555555555555536
state:ea37644577472ed78a47204d,pope,Qwen/Qwen3-VL-8B-Instruct,3,6.0,4.197320238740565e-06,0.0005959405098110437,0.02797381103497737,0.09999999999999987
state:7e8cb983ef9866a7741f64c5,pope,google/gemma-4-E4B-it,3,6.0,6.285158342272507e-05,0.006604081330200036,0.025170928862249295,0.0
state:b88edbb77b9b81861855d3af,pope,google/gemma-4-E4B-it,3,6.0,4.583680937565826e-05,0.004119851807546297,0.026043856141149947,0.17777777777777792
state:e5d792cfb1e1028c80147e6d,vizwiz,google/gemma-4-E4B-it,2,2.0,4.22472383385926e-06,1.5583067579427734e-05,0.026680236398367353,0.6666666666666667
state:a3238aff82a3e4beca024062,vizwiz,google/gemma-4-E4B-it,3,6.0,6.332717503420115e-06,4.454531477273951e-05,0.047333894991869435,0.4
state:ee1013ff21fc31b669dd134f,vizwiz,google/gemma-4-E4B-it,4,10.0,0.0003663653970299473,0.021773999547585843,0.07966053394220031,0.12592592592592589
state:3534dc28a304ccfbeedb42dc,pope,google/gemma-4-E4B-it,3,6.0,3.324280312927842e-05,0.0036467825217793384,0.021914608873096708,0.08888888888888868
state:7e4e4effba29ca85bd5a469a,hallusionbench,Qwen/Qwen3-VL-8B-Instruct,4,10.0,6.352889768850759e-05,0.01118337655439972,0.059433005310103225,0.18518518518518534
state:9c10e9ca948b53ebe6c6fc0e,pope,google/gemma-4-E4B-it,3,6.0,2.918350174957034e-05,0.004114412374797718,0.027044905383405385,0.09999999999999987
state:af950b2de5656d274d7f24a7,pope,google/gemma-4-E4B-it,4,10.0,9.773776002534465e-07,0.0021991100534796714,0.02712258785257072,0.15555555555555556
state:514b704eb59f8f9ee694bfa1,vizwiz,Qwen/Qwen3-VL-8B-Instruct,2,2.0,0.0003105819204337774,0.009899646043777466,0.021974143356729304,0.0
state:52deb6c085b32901ed3df202,vizwiz,google/gemma-4-E4B-it,3,6.0,7.2555432896461795e-06,5.8167500861220724e-05,0.03827481370737498,0.2222222222222221
state:1bce0f0fef3e1711223cb046,vizwiz,Qwen/Qwen3-VL-8B-Instruct,2,2.0,8.439916206920788e-06,0.007672708481550217,0.02314852319331631,0.16666666666666663
state:07e4438ef68e2043faf9e29e,vizwiz,Qwen/Qwen3-VL-8B-Instruct,4,10.0,0.005411304554251311,0.1610932894051075,0.14902320756707021,0.0777777777777775
state:cda875c44673f587a634e0dd,vizwiz,google/gemma-4-E4B-it,2,2.0,1.8645556279979126e-07,0.007229655981063843,0.019649501812822857,0.5
state:33e53e98fd4d09dce5e4d6b9,pope,google/gemma-4-E4B-it,3,6.0,3.5510219367532085e-05,0.00361135883981155,0.022582039821180986,0.08888888888888868
state:be59ec9afb24233e3725b144,vizwiz,Qwen/Qwen3-VL-8B-Instruct,2,2.0,3.65291134643369e-05,0.01167256385087967,0.03711952411776268,0.0
state:6c60ab02b3f4d8c38bd59b6f,vizwiz,google/gemma-4-E4B-it,2,2.0,7.543929562583936e-07,0.016733407974243164,0.0334597879154575,0.0
state:4997adfb8f5feb5b18cead0c,vsr,google/gemma-4-E4B-it,3,6.0,5.105385149042338e-05,0.015412107420464357,0.11416906091414386,0.15111111111111108
state:ac9ac92cd4b43eab8b770b84,pope,Qwen/Qwen3-VL-8B-Instruct,3,6.0,7.664303724300434e-05,0.013649888957540194,0.04573929045976249,0.05555555555555536
state:df3ce52af898d771e446774f,vizwiz,google/gemma-4-E4B-it,2,2.0,1.8394321180751942e-10,4.851818084716797e-05,0.014198151354592521,0.6666666666666667
state:f123f214f5542da4f05707a1,vizwiz,Qwen/Qwen3-VL-8B-Instruct,3,6.0,0.000112052399858953,0.01004399876627656,0.036059800512685966,0.23888888888888893
state:916bfe161abb5946dc3c772c,pope,Qwen/Qwen3-VL-8B-Instruct,3,6.0,0.00011968410821233307,0.011735759856593276,0.03106573881400219,0.08888888888888868
state:4d35120a455862ade01965b2,vizwiz,google/gemma-4-E4B-it,4,10.0,6.100710335746627e-07,0.020700955390930188,0.029939155321983373,0.28148148148148155
state:3f2ee89b02c7d2791ea74fba,vizwiz,google/gemma-4-E4B-it,4,10.0,3.318460033204284e-05,0.011151379048824305,0.025324582995534792,0.0888888888888889
state:b8eb6b59d30e9f092405223a,vizwiz,google/gemma-4-E4B-it,3,6.0,1.2871614686914175e-06,0.00011419887111211817,0.0368377310118731,0.0
state:6a01514bc9a9295986574f4e,hallusionbench,google/gemma-4-E4B-it,3,6.0,5.304190732449778e-05,0.007290407185460405,0.0366430203141061,0.0
state:f68966eea740f917469ee706,hallusionbench,Qwen/Qwen3-VL-8B-Instruct,4,10.0,0.0001984897977844493,0.019955194741487502,0.028156807470385885,0.07777777777777761
state:9904f9f4ef9d44d84a6fe6eb,pope,Qwen/Qwen3-VL-8B-Instruct,2,2.0,3.6032409770240875e-06,0.002742309123277664,0.009556113577529954,0.0
state:cd4449b9cb4d62bf4cea21d1,pope,Qwen/Qwen3-VL-8B-Instruct,2,2.0,1.4438227632877292e-06,0.0005366983823478222,0.023704606690987604,0.16666666666666663
state:9771bf707862075b056b296e,vizwiz,Qwen/Qwen3-VL-8B-Instruct,3,6.0,5.4529060926027635e-06,0.00022826989394766594,0.04306029300942623,0.2666666666666667
state:77a01481b851d22c8f22f7cb,vizwiz,google/gemma-4-E4B-it,3,6.0,2.9731193902473597e-06,0.023435960213343304,0.04713611883644483,0.30000000000000004
state:8cb76cdd273beb1fb40edba1,vizwiz,google/gemma-4-E4B-it,4,10.0,4.9127547165034445e-06,7.54401167796459e-05,0.05607357563493146,0.48888888888888904
state:08060b138c0a2e3404468eaa,vizwiz,Qwen/Qwen3-VL-8B-Instruct,3,6.0,0.00031691099410176044,0.016665976959201443,0.06232073115801479,0.18888888888888877
state:aac02ecc0e7fff6641de7aab,vizwiz,google/gemma-4-E4B-it,4,10.0,0.0029198050386078575,0.04642115758600995,0.06783836168301532,0.2666666666666667
state:a5b69d57c7ccc6c2bbea5e9e,pope,google/gemma-4-E4B-it,4,10.0,6.422593736899467e-05,0.006862277146428832,0.03013128119876263,0.09259259259259234
state:c151079830b49d0bbe32f92e,pope,google/gemma-4-E4B-it,4,10.0,7.688594128937544e-05,0.0023792797327041536,0.06835496789841015,0.4296296296296298
state:5fb101452469dd8c1fb83d8b,hallusionbench,google/gemma-4-E4B-it,2,2.0,9.365487167994861e-06,0.007329493761062622,0.013190074118476777,0.0
state:20ae78bffd176d47936206fd,pope,google/gemma-4-E4B-it,2,2.0,4.1115559585608145e-05,0.005342664327031343,0.04199509852375414,0.0
state:dc988da641f674bb52dddf3a,pope,Qwen/Qwen3-VL-8B-Instruct,2,2.0,7.300321495184974e-06,0.0065439119935035706,0.03399704772886737,0.16666666666666663
state:105c625fad4b6cc3fc92b5ac,vizwiz,Qwen/Qwen3-VL-8B-Instruct,3,6.0,5.405173749825889e-07,1.8915348846348934e-05,0.03607375619245496,0.0
state:d7624ea12a0aa66b27bd61bc,pope,google/gemma-4-E4B-it,2,2.0,0.00015403647123866764,0.01078739296644926,0.02608235152456408,0.16666666666666663
state:b297b3915e7bc9a953ea3b10,hallusionbench,google/gemma-4-E4B-it,2,2.0,1.951666762167156e-05,0.003989245742559433,0.018627000999726973,0.0
state:124c86accc1271dde9ac53b5,hallusionbench,Qwen/Qwen3-VL-8B-Instruct,3,6.0,1.3706871837181491e-05,0.005844724571539283,0.03303719972698804,0.1333333333333333
state:9e9f69429afc958ce57ae914,vizwiz,google/gemma-4-E4B-it,3,6.0,2.2289939930096296e-07,0.010253800286187054,0.050102964173657755,0.30000000000000004
state:a62abe29c0de63dbdc75e9c6,pope,google/gemma-4-E4B-it,4,10.0,4.597525853692187e-06,0.0007425558473914861,0.03834479694992902,0.11555555555555541
state:0742ea126cbec69caa822ea4,vizwiz,google/gemma-4-E4B-it,2,2.0,1.38794217294322e-05,0.0004794077241854211,0.019920674352762978,0.16666666666666663
state:d207e92f9808e86ab00ff3a1,hallusionbench,google/gemma-4-E4B-it,2,2.0,0.0007248086317738397,0.04059070348739624,0.03708899763805182,0.16666666666666663
state:76f10da0b135b21eae938f29,pope,google/gemma-4-E4B-it,4,10.0,7.0009191619171475e-06,0.007274465570226316,0.03833248677057158,0.11851851851851858
state:431ebacd4708199235df272c,pope,google/gemma-4-E4B-it,2,2.0,4.500452308499366e-06,0.00040556234307587147,0.035970971082799,0.16666666666666663
state:8b972432a44aa10229d3d7ff,vizwiz,Qwen/Qwen3-VL-8B-Instruct,4,10.0,3.684340875388751e-05,0.012891490757465363,0.056883911717761936,0.14222222222222247
state:b768241145396053f591fc9f,pope,google/gemma-4-E4B-it,4,10.0,9.181044446621061e-05,0.0019743760069832203,0.11470040280900108,0.09851851851851856
state:33e516dd3693af622e6fde82,hallusionbench,google/gemma-4-E4B-it,3,6.0,0.00035398132059908386,0.029241570581992466,0.054022853913282695,0.14444444444444426
state:b543fa994093d5ce5dc27b3d,pope,google/gemma-4-E4B-it,2,2.0,1.2784569026007633e-05,0.0040976193886308465,0.020840007365470488,0.16666666666666663
state:39f19a022283035832b724b9,pope,google/gemma-4-E4B-it,2,2.0,0.00012127502645905772,0.029475197196006775,0.05479858101055665,0.0
state:a0a1c394a0d53e4a6db36377,vizwiz,Qwen/Qwen3-VL-8B-Instruct,3,6.0,7.923747854756451e-07,0.00015781066354571112,0.04007471543338688,0.0
state:6b47d2efb47e9ab2a2e1ffda,vizwiz,Qwen/Qwen3-VL-8B-Instruct,2,2.0,0.0025052858674054503,0.016611329279839993,0.05722296601658845,0.0
state:803761910f4fb4a86480e861,pope,google/gemma-4-E4B-it,4,10.0,0.00035835161859645447,0.013757823668420316,0.05161716880424955,0.033333333333333326
state:3e6936bf75d5e5a3921773c9,vizwiz,Qwen/Qwen3-VL-8B-Instruct,2,2.0,3.3524334208545075e-05,0.017332442104816437,0.014745901284741639,0.0
state:1d7a2099b4207d6976ce06f6,pope,google/gemma-4-E4B-it,3,6.0,4.789877308463662e-05,0.00773783369610707,0.027975087913731326,0.0
state:6e317f19810da5f20e899968,vizwiz,Qwen/Qwen3-VL-8B-Instruct,4,10.0,9.594397929481778e-06,0.003846846818923955,0.037509561934551315,0.3111111111111112
state:b6918e17db17b9e4b639c2eb,vizwiz,Qwen/Qwen3-VL-8B-Instruct,3,6.0,1.8828870188841818e-05,0.036696990331014,0.07298762434481153,0.2222222222222222
state:f81acb22dfbd4453876a6832,pope,google/gemma-4-E4B-it,4,10.0,0.00021914913924803934,0.01139758860692382,0.029197924684169686,0.09259259259259234
state:29ed7a92edde6cd2c2f4df79,hallusionbench,google/gemma-4-E4B-it,2,2.0,3.9496006092858825e-05,0.011961176991462708,0.04631214568990325,0.0
state:062b7ceee6d8373e0281835f,vizwiz,Qwen/Qwen3-VL-8B-Instruct,4,10.0,1.7728804907036212e-05,0.001770988088101149,0.057283012033039864,0.137777777777778
state:1514a1a2c499791535930c84,hallusionbench,Qwen/Qwen3-VL-8B-Instruct,3,6.0,3.5256251772879654e-05,0.007178970302144687,0.02944528017268553,0.08888888888888868
state:faff9aed7cb341877a1d4749,pope,google/gemma-4-E4B-it,3,6.0,6.621750954292145e-05,0.003925925379412054,0.02645617846503098,0.08888888888888868
state:33b7dc3eb718b36f6da604d1,vizwiz,google/gemma-4-E4B-it,3,6.0,8.411610492693657e-08,0.00803436835606893,0.015100469826646116,0.30000000000000004
state:05a3ed77299039d72f69f449,vizwiz,Qwen/Qwen3-VL-8B-Instruct,2,2.0,5.59510615873351e-06,0.008963851806583989,0.07661241600951674,0.33333333333333337
state:5c3e935097cf6ac3721c93aa,vizwiz,google/gemma-4-E4B-it,2,2.0,1.9052471240719002e-06,0.013807207345962524,0.030387145078366016,0.5
state:24e3e33aef0cfcb4a4377441,pope,Qwen/Qwen3-VL-8B-Instruct,2,2.0,5.567961261821121e-07,0.001614464446902275,0.006510851002200107,0.0
state:9f2cb5537b51ada2f7cac029,hallusionbench,google/gemma-4-E4B-it,2,2.0,0.0001473800168552195,0.007788494229316711,0.03241182025872281,0.16666666666666663
state:3e46af2de819684e9c2a06a0,vizwiz,Qwen/Qwen3-VL-8B-Instruct,4,10.0,0.00025078373825300406,0.010225805123336618,0.07408167675378685,0.16666666666666663
state:7f81c8c195b762be7ae8dfbe,hallusionbench,Qwen/Qwen3-VL-8B-Instruct,4,10.0,0.0003588675520049369,0.016524459161701085,0.044467260074554135,0.09259259259259234
state:a382703dee066efd5c83f045,vizwiz,google/gemma-4-E4B-it,2,2.0,1.8741635657408932e-07,0.006276756525039673,0.02511134159522835,0.0
state:383a69bb4f68c3f01f8102f6,pope,google/gemma-4-E4B-it,4,10.0,1.9600521692206247e-06,0.000876418976113209,0.026153149021165334,0.12740740740740764
state:6b369c67d14f6eb6d444b50e,vsr,google/gemma-4-E4B-it,2,2.0,4.595236673039674e-05,0.0055098899843102345,0.03882838613262955,0.0
state:ecf0b228d16a68e97eca12de,pope,Qwen/Qwen3-VL-8B-Instruct,3,6.0,0.0007133905454589435,0.028710187119243186,0.05462477840539081,0.0
state:e689d5b766dd28a529454158,hallusionbench,Qwen/Qwen3-VL-8B-Instruct,2,2.0,0.00017834785503249593,0.021696719340980053,0.0545661836992072,0.0
state:0ff32b2044784336195c91fc,vizwiz,Qwen/Qwen3-VL-8B-Instruct,3,6.0,2.2042044324656738e-05,0.00010802950494811132,0.07195658308850356,0.3555555555555556
state:c7a23db59cb4c51fb0db5f6c,vizwiz,google/gemma-4-E4B-it,4,10.0,4.5206830392176654e-07,0.009992676228284836,0.028239370231714397,0.1333333333333333
state:b06b539c2f2a21795d3dfa02,vizwiz,Qwen/Qwen3-VL-8B-Instruct,4,10.0,4.5837180385177554e-05,0.009422560818493367,0.028382147561258828,0.059259259259259234
state:5c9f2ea492e69d23c19384fa,vizwiz,google/gemma-4-E4B-it,3,6.0,4.2227906781176304e-08,0.008726980951097252,0.026086332911816685,0.30000000000000004
state:c47f3e56b4712133b778d13b,pope,google/gemma-4-E4B-it,3,6.0,8.053005679156812e-06,0.0012898418741921335,0.03411195916363713,0.15777777777777768
state:70c850cabf5f63e0ce3a162d,pope,google/gemma-4-E4B-it,3,6.0,1.61960989100123e-05,0.007696203473541473,0.03009914839812372,0.288888888888889
state:fe5bac040dfc9c0f28001ce2,vsr,Qwen/Qwen3-VL-8B-Instruct,2,2.0,8.314816099361472e-06,0.0014907966902057979,0.014122780238495456,0.16666666666666663
state:ad4f88fdeccc44e40689e8c9,vizwiz,google/gemma-4-E4B-it,3,6.0,1.5712460956792833e-06,3.157587384016046e-05,0.038123894028652884,0.2222222222222221
state:0b9b34c9bc84ce325615fdf3,vizwiz,google/gemma-4-E4B-it,4,10.0,2.2266129001920857e-05,0.01627381945028901,0.07462491825460837,0.23703703703703716
state:9fe47fb5b039548b2bbfdb59,pope,google/gemma-4-E4B-it,4,10.0,4.7865719805414515e-05,0.0062034114822745335,0.027133794110455342,0.07777777777777761
state:ba20f4511a3762494d942761,vizwiz,Qwen/Qwen3-VL-8B-Instruct,4,10.0,7.483840280828582e-08,0.00605570554733279,0.08011934107783514,0.5
state:1fdd0e0daa2671b9ecc31946,pope,Qwen/Qwen3-VL-8B-Instruct,3,6.0,1.3753303222695183e-05,0.004199048090312216,0.03987205536380646,0.05555555555555536
state:1aac46d6aef30ff66651136c,vizwiz,google/gemma-4-E4B-it,3,6.0,3.6957974769785064e-06,0.030172619554731567,0.048000019384119776,0.30000000000000016
state:2a4ff4a725abec12a98b9e5a,pope,google/gemma-4-E4B-it,3,6.0,4.6727064896652295e-06,0.0006257016211748245,0.03551707201131816,0.15111111111111108
state:0ff27265df63e8fb201ea315,hallusionbench,google/gemma-4-E4B-it,2,2.0,0.00044136387302488877,0.014450028538703918,0.03571321567472872,0.16666666666666663
state:73eee229c0bcf6130adec4da,hallusionbench,google/gemma-4-E4B-it,2,2.0,1.3685395796965012e-05,0.005696214735507965,0.037267621539638994,0.0
state:0f23ea9c1daf6533a2ee45f4,vizwiz,Qwen/Qwen3-VL-8B-Instruct,2,2.0,1.3709894837916781e-05,0.010026123374700546,0.015283957039035186,0.16666666666666663
state:8d80ce05fe148d32a62df625,vizwiz,Qwen/Qwen3-VL-8B-Instruct,4,10.0,0.00017237277590864214,0.04596219837665557,0.08838375608327763,0.3111111111111112
state:88507810a17e8f0f8d24bd4c,vizwiz,Qwen/Qwen3-VL-8B-Instruct,4,10.0,0.00017146717500923526,0.04438863545656204,0.08317068580746219,0.37037037037037046
state:343b2e639ad43cb648711d88,pope,Qwen/Qwen3-VL-8B-Instruct,3,6.0,8.073606259709501e-05,0.00766001683142449,0.02817910051258813,0.05555555555555536
state:b9a97084b6e2f10c42283eb1,pope,Qwen/Qwen3-VL-8B-Instruct,3,6.0,1.1482751662118383e-05,0.0008256785157654021,0.044716211638715184,0.11999999999999977
state:d21b55b0ede1bde52d22e6a0,pope,google/gemma-4-E4B-it,2,2.0,1.3796700767503e-05,0.002812502905726433,0.015601119602049853,0.0
state:b12f7657a4821a684309883b,vizwiz,google/gemma-4-E4B-it,3,6.0,5.48023601006409e-06,0.00716454121801587,0.04905017725546451,0.2666666666666667
state:29996003fd775d8ec4b2c16d,pope,google/gemma-4-E4B-it,3,6.0,2.9434945729233847e-05,0.004129673478018958,0.026828272763721413,0.08888888888888868
state:672f12784b8f919ba39d4f21,pope,google/gemma-4-E4B-it,4,10.0,5.501875043506921e-06,0.0002357392130215708,0.05179821666040923,0.1703703703703705
state:196be5e73b9219a1c59a0287,pope,google/gemma-4-E4B-it,3,6.0,1.048962048835607e-05,0.0008372298131386315,0.03493812158853483,0.05555555555555536
state:878cfcc37fbf757ca5cbbab8,vizwiz,google/gemma-4-E4B-it,4,10.0,1.1694569334210064e-07,0.029563977718353264,0.03917928082285736,0.3555555555555556
state:8e27473010af1a4de6919c9a,hallusionbench,Qwen/Qwen3-VL-8B-Instruct,4,10.0,2.3887891787090185e-06,0.0008374336548149675,0.03141100959319883,0.12592592592592555
state:3874f3fe3260bc2b07771dc0,hallusionbench,google/gemma-4-E4B-it,2,2.0,6.0895767352447364e-05,0.014910328143741935,0.027819238634857395,0.16666666666666663
state:4483f34058a096c547a5adf9,vizwiz,google/gemma-4-E4B-it,2,2.0,3.979480410972374e-09,0.0004158616065979004,0.020055786995804892,0.0
state:084650963ba32984ca704114,vizwiz,Qwen/Qwen3-VL-8B-Instruct,4,10.0,0.0004450586245923319,0.05037376353968283,0.07761337456530142,0.14814814814814792
state:93dea56b486a85598d147fc6,hallusionbench,Qwen/Qwen3-VL-8B-Instruct,4,10.0,0.0016132847162494053,0.08072167009115219,0.11382158010683818,0.19999999999999984
state:85ea8a2ac4ef787d2f4288de,vizwiz,google/gemma-4-E4B-it,3,6.0,5.400764859099655e-07,0.00016018603734361628,0.019187095940393833,0.40000000000000013
state:63927b4cc7c0348e9b0a3c77,vizwiz,google/gemma-4-E4B-it,4,10.0,1.592332135755498e-06,0.009656940698623662,0.03901535990853255,0.1333333333333332
state:959abd2e87b9e3fb6541770b,vizwiz,google/gemma-4-E4B-it,4,10.0,1.3806270956446073e-05,0.00022908040249602023,0.07710070958202261,0.4111111111111112
state:e5d9175a132bb3a0566d67da,vizwiz,google/gemma-4-E4B-it,4,10.0,7.649335721260976e-06,0.017251881361007703,0.046978590182582526,0.1777777777777778
state:0749dc957784536a078bc092,pope,google/gemma-4-E4B-it,3,6.0,3.4612147261240176e-05,0.00347588433780604,0.022258880887121708,0.09999999999999976
state:5c88ec712170fdf768ba7a84,hallusionbench,google/gemma-4-E4B-it,2,2.0,1.0183721601497611e-07,0.0010462142527103424,0.028349373447587062,0.16666666666666663
state:006f6267add5eb43b942a2b6,hallusionbench,Qwen/Qwen3-VL-8B-Instruct,4,10.0,3.671516012515606e-05,0.008740654177963724,0.058561540731799026,0.11555555555555541
state:0ab57b4afb64ffea29a01e14,pope,google/gemma-4-E4B-it,3,6.0,5.234012941113461e-05,0.009559487510058614,0.019768898603293887,0.0
state:df9ca3b6157f19dc1e5f3a04,vizwiz,Qwen/Qwen3-VL-8B-Instruct,2,2.0,9.5910598479657e-05,0.003880321979522705,0.030772103012810584,0.33333333333333337
state:57a7ddf722153ad478a771b0,pope,Qwen/Qwen3-VL-8B-Instruct,2,2.0,1.3875266880087947e-05,0.007845279993489385,0.021318939755607037,0.0
state:e032da4a5d3e3f7eb2f7da2b,pope,Qwen/Qwen3-VL-8B-Instruct,2,2.0,9.592072621501756e-10,0.008728384971618652,0.020320247014558163,0.8333333333333334
state:4cca5a41e4a58aac7d095d73,pope,google/gemma-4-E4B-it,4,10.0,5.442844069708886e-06,0.0007444158429279968,0.035045198995264995,0.09259259259259234
state:daa6a8734be1b0134277f9d3,vizwiz,google/gemma-4-E4B-it,2,2.0,6.321494058650346e-09,0.0030775070190429688,0.00767007962532924,0.0
state:09fc181f744f90955f32e3e7,vizwiz,Qwen/Qwen3-VL-8B-Instruct,4,10.0,0.0001411258104948087,0.024489632956683622,0.04442248837533024,0.3222222222222222
state:d7fc7ba6a71a583d834f2f17,vizwiz,google/gemma-4-E4B-it,3,6.0,4.890538430457368e-10,0.00023922655317517214,0.07943649054218059,0.0
state:b8a42cf60a3b347fb2a814b0,vsr,Qwen/Qwen3-VL-8B-Instruct,3,6.0,0.00011933539541761875,0.012273595564895217,0.06605645837281438,0.20000000000000007
state:b7323876cb2b0a672b0e4b4e,hallusionbench,Qwen/Qwen3-VL-8B-Instruct,2,2.0,0.00021358716391733606,0.015375742397736758,0.04351482923443875,0.16666666666666663
state:1533454a7c9d6656947b37da,pope,Qwen/Qwen3-VL-8B-Instruct,4,10.0,2.8429866836775728e-05,0.006296433955430984,0.04370314308517681,0.07777777777777761
state:9f319e977dc93f83bb2c69ec,hallusionbench,google/gemma-4-E4B-it,2,2.0,5.982133513209041e-05,0.0021592359989881516,0.05421356871771981,0.6666666666666667
state:b329240af2551f17f81edef6,pope,Qwen/Qwen3-VL-8B-Instruct,3,6.0,0.00011994741991020748,0.008871792660405239,0.023769686764634437,0.09999999999999976
state:7ddb7ee91a7b70fd940fb792,pope,google/gemma-4-E4B-it,4,10.0,3.6927677107237386e-05,0.005480712978169322,0.0292621147286985,0.059259259259259234
state:154658334ae4b006cb9d0982,vizwiz,google/gemma-4-E4B-it,4,10.0,1.8513274748606756e-08,0.0027964770793914794,0.05126705988391773,0.3222222222222223
state:85de0754e017562476222241,pope,Qwen/Qwen3-VL-8B-Instruct,4,10.0,0.00013359466028979513,0.05790838897228241,0.06264569186891995,0.13888888888888884
state:a3183e0c6835e958cd399f6a,vizwiz,google/gemma-4-E4B-it,2,2.0,2.1999821075728973e-07,0.0017663240432739258,0.015243114840501639,0.0
state:7f9791930900504a8bab6b8f,vizwiz,Qwen/Qwen3-VL-8B-Instruct,2,2.0,0.00043819824002365925,0.040294796228408813,0.02938903038281,0.16666666666666663
state:63f9f87847d1c7bbb114f5d4,pope,Qwen/Qwen3-VL-8B-Instruct,3,6.0,8.389664600300701e-05,0.007394095158411396,0.027387727365561353,0.09999999999999976
state:0822b9dfa4b7cd5c1ef44fdf,pope,google/gemma-4-E4B-it,2,2.0,4.364714667323063e-06,0.0008929036557674408,0.02791932857247334,0.0
state:bd08edb6accb4682d4875370,pope,Qwen/Qwen3-VL-8B-Instruct,4,10.0,5.0978007723522274e-05,0.0068437341786921025,0.028822530546849124,0.08888888888888868
state:0204fb52a18ac7e5332ff76d,vizwiz,google/gemma-4-E4B-it,3,6.0,9.604197675664173e-07,0.03135053316752116,0.05413024490023758,0.48888888888888904
state:0cb00cecb087e0ebb280d7d1,hallusionbench,google/gemma-4-E4B-it,2,2.0,2.5403480647082618e-06,0.034657180309295654,0.038976272905275416,0.0
state:6b28436bb69ac54c8564ce2b,vizwiz,Qwen/Qwen3-VL-8B-Instruct,4,10.0,0.00022876145363785906,0.021313323527574535,0.039745487059828215,0.17777777777777792
state:2871699cff1722848cfd9a63,pope,google/gemma-4-E4B-it,3,6.0,4.647201363978454e-06,0.0006218153155512282,0.035460118115830726,0.05555555555555547
state:bf131c25ebaeafd26583309b,pope,google/gemma-4-E4B-it,3,6.0,8.201785170931878e-05,0.002461441303441663,0.047538351123142975,0.05555555555555536
state:2cf5f14cb1724081cf84f635,pope,Qwen/Qwen3-VL-8B-Instruct,2,2.0,7.219583250846911e-05,0.0072392867878079414,0.019606295909191055,0.0
state:4e36e97e802bc89061a85288,vizwiz,Qwen/Qwen3-VL-8B-Instruct,2,2.0,0.000683668262073403,0.036888718605041504,0.04208817996030126,0.16666666666666663
state:1f12f749dd6c095775db1d89,vizwiz,google/gemma-4-E4B-it,3,6.0,5.143436355400101e-06,7.365924587550883e-05,0.05081646049039132,0.0
state:d273956c7445fca9b3c70ac1,vizwiz,Qwen/Qwen3-VL-8B-Instruct,4,10.0,0.00022355278359083557,0.011085110306739804,0.0788459388616098,0.32592592592592595
state:8f7dc84998e0215d7f219148,vsr,google/gemma-4-E4B-it,3,6.0,0.0006353700982451719,0.03189681000157584,0.0618405164788297,0.09999999999999987
state:cb86b23c23abd09703c22857,pope,Qwen/Qwen3-VL-8B-Instruct,3,6.0,0.00011606062556668814,0.00917930124948422,0.02417106470812773,0.08888888888888868
state:e230957683ced2aa6b38bb0f,vizwiz,Qwen/Qwen3-VL-8B-Instruct,3,6.0,0.002157457224354914,0.0727156533135308,0.12804818042874283,0.1466666666666666
state:1b7cbec16313e7538343a260,pope,Qwen/Qwen3-VL-8B-Instruct,3,6.0,4.429907092436212e-06,0.00048589597766598064,0.031063048278364213,0.09999999999999987
state:9a2d1bb2dcb91b4ba5f0958f,vizwiz,Qwen/Qwen3-VL-8B-Instruct,3,6.0,0.00019369047521056661,0.013335711856295044,0.07526360762407251,0.11999999999999977
state:7d875d24ffec173de8ed6489,pope,google/gemma-4-E4B-it,4,10.0,0.00023210076551073177,0.0371878679282963,0.09117511028640798,0.1962962962962963
state:48c0925a8a8016aaaebd64ab,pope,Qwen/Qwen3-VL-8B-Instruct,3,6.0,0.0002483195414007403,0.02327001260386573,0.08703302871473761,0.0888888888888888
state:7b0bc176fccb1ce3eb6ac788,pope,google/gemma-4-E4B-it,4,10.0,4.965783553732539e-06,0.0008093463536352008,0.03779919159900165,0.05925925925925901
state:9b3571c1f4f6010b173d544f,pope,Qwen/Qwen3-VL-8B-Instruct,2,2.0,1.4504876362543009e-05,0.003262551035732031,0.01238610039530587,0.16666666666666663
state:9ffe0d71339f43fb2a1b3c95,hallusionbench,Qwen/Qwen3-VL-8B-Instruct,4,10.0,0.00019348177441512064,0.014275445956736804,0.03805810001472259,0.0888888888888889
state:c97930de52acc521ec57b7f3,vizwiz,google/gemma-4-E4B-it,3,6.0,0.00018631823399653923,0.0018178757746530512,0.05220283178072193,0.3777777777777779
state:df20b38e2d7313a8b570be39,vizwiz,Qwen/Qwen3-VL-8B-Instruct,2,2.0,9.415378227260897e-05,0.006940774619579315,0.019770039526315543,0.33333333333333337
state:f88c74b3f7ee3da2f9833b6a,pope,google/gemma-4-E4B-it,2,2.0,4.932347542181476e-06,0.00048236967995762825,0.03611784223927228,0.16666666666666663
state:8601c300ae7d20b781b94a07,vsr,google/gemma-4-E4B-it,3,6.0,0.000449965047381278,0.021742329997424464,0.06132472858855481,0.19333333333333347
state:15b144ce73d7dfb101544fb2,pope,Qwen/Qwen3-VL-8B-Instruct,2,2.0,7.075775174483789e-06,0.0020097270607948303,0.01228634551824894,0.16666666666666663
state:d0a707dac9dfe171a2071e7a,vsr,Qwen/Qwen3-VL-8B-Instruct,3,6.0,0.0002608603427403055,0.015475199971761971,0.03950549529333797,0.05555555555555536
state:f940839ad92087339d3b8bdb,vizwiz,google/gemma-4-E4B-it,4,10.0,8.974917083937817e-06,5.220314873441989e-05,0.05407094496499046,0.33333333333333337
state:91e75205dc373e206162c70d,vizwiz,Qwen/Qwen3-VL-8B-Instruct,3,6.0,2.233873282976131e-05,0.00020932993599368885,0.054610460722536634,0.48888888888888904
state:96fc7680371994344dac0088,hallusionbench,Qwen/Qwen3-VL-8B-Instruct,4,10.0,0.00044029896533411385,0.021817993189615675,0.057796701968887705,0.0777777777777775
state:79732a744e409dd12dfc3797,pope,Qwen/Qwen3-VL-8B-Instruct,4,10.0,3.945134124661757e-06,0.0005237293522804886,0.025689516208837936,0.033333333333333326
state:dc12e87cc8c3a5af2635804b,vizwiz,google/gemma-4-E4B-it,2,2.0,2.556235634086438e-05,0.011603102000663057,0.060037152217626205,0.0
state:0722fae0ee20482325815d06,pope,google/gemma-4-E4B-it,2,2.0,1.6117808241920306e-07,0.0017259567975997925,0.014660335936873086,0.6666666666666667
state:16dcebcb529d06228508378e,pope,Qwen/Qwen3-VL-8B-Instruct,2,2.0,2.6886358713776043e-05,0.004334580153226852,0.03952500763886532,0.5
state:bd560a6ffdce47c3caeca8ca,vizwiz,Qwen/Qwen3-VL-8B-Instruct,3,6.0,1.8412376703813175e-05,0.0056700098017851515,0.040131974215858464,0.41666666666666674
state:76e4caa8e1550e11d3ad6a86,vizwiz,Qwen/Qwen3-VL-8B-Instruct,2,2.0,1.6945026528368829e-06,0.0075957439839839935,0.024191697273707267,0.0
state:0337008159634b7a6ba66944,pope,google/gemma-4-E4B-it,3,6.0,0.00028974859445386004,0.040305854907880224,0.08177396293328931,0.05555555555555547
state:f1e3228e70b95816f0701b93,vizwiz,Qwen/Qwen3-VL-8B-Instruct,2,2.0,8.069354031646191e-05,0.0019321590662002563,0.03236219304640396,0.33333333333333337
state:a478d4f6b529ad7acf23323e,vizwiz,Qwen/Qwen3-VL-8B-Instruct,3,6.0,7.832399390801468e-05,0.012026408066352209,0.07422573616516748,0.4111111111111112
state:584c44471d53c2da2794e7dd,pope,google/gemma-4-E4B-it,3,6.0,1.1386936000098862e-05,0.0005611752357152806,0.04406743281462264,0.17777777777777792
state:04f7215166fc2b66868fe047,vizwiz,google/gemma-4-E4B-it,3,6.0,5.409983176013588e-07,0.007747693194283385,0.027775061250521076,0.3111111111111112
state:3e260205a0c658fba98ca8ae,pope,Qwen/Qwen3-VL-8B-Instruct,4,10.0,4.988425506993199e-05,0.008799559399485578,0.026079223701948876,0.07777777777777772
state:4135a2a883b4575ca3560395,pope,Qwen/Qwen3-VL-8B-Instruct,3,6.0,4.242974706639477e-05,0.00761136422968573,0.021545382613482773,0.05555555555555547
state:53f55d5dcc838188e26f287b,hallusionbench,google/gemma-4-E4B-it,3,6.0,8.627164835993543e-05,0.008260350208729506,0.03078416107541424,0.09999999999999976
state:0e5f6fcfdd0f9734a925e363,pope,google/gemma-4-E4B-it,4,10.0,0.00019183920957525555,0.014481258243322364,0.03166305952689106,0.08888888888888868
state:468bce29b0f22c944e5e6ff0,pope,google/gemma-4-E4B-it,3,6.0,0.00047622974635183873,0.009025788751083988,0.06451806594315095,0.08888888888888868
state:b915c838ae63e8680880568c,vizwiz,Qwen/Qwen3-VL-8B-Instruct,3,6.0,7.978766192588204e-07,0.0002661886198135714,0.03099341720172526,0.3555555555555556
state:bce5eb2cb2b363baf890cb18,hallusionbench,Qwen/Qwen3-VL-8B-Instruct,3,6.0,4.6401085820504e-05,0.010017215532975065,0.044081006258599696,0.20000000000000007
state:ee8ce1099323af9c8d13edbb,hallusionbench,google/gemma-4-E4B-it,2,2.0,1.0773165951983343e-05,0.004351064562797546,0.02648081718748248,0.0
state:0b061b44208e6d0468ab9176,pope,Qwen/Qwen3-VL-8B-Instruct,2,2.0,6.8120930511738915e-06,0.0019827913492918015,0.012191492976326771,0.0
state:0b2d01a1d6d7f14bef6215d5,pope,google/gemma-4-E4B-it,2,2.0,3.441148765884048e-06,0.0013011599503442994,0.02259809671929861,0.16666666666666663
state:4b861e6866fd8ce3852abe27,pope,Qwen/Qwen3-VL-8B-Instruct,4,10.0,3.6218656880490964e-05,0.00838287028484046,0.025465980506804174,0.033333333333333326
state:bcded49088feaa7cca45ce8a,hallusionbench,Qwen/Qwen3-VL-8B-Instruct,4,10.0,0.0024812573802147136,0.01148355509940302,0.10329629285643803,0.14814814814814814
state:86c580ce4be293ec11d77a9c,vizwiz,google/gemma-4-E4B-it,4,10.0,2.7111940662482237e-06,0.007900729179382338,0.027576874364527403,0.25555555555555554
state:7c20211880abbf48a6acadbd,hallusionbench,google/gemma-4-E4B-it,3,6.0,0.000194069707701843,0.025098522504170755,0.03836381615407299,0.0
state:e02f9b3303b9e3bfeaac7626,vizwiz,Qwen/Qwen3-VL-8B-Instruct,4,10.0,0.0018304921986624615,0.023723344877362253,0.10302941988182482,0.24444444444444446
state:52e404722a32fd73e39def28,hallusionbench,google/gemma-4-E4B-it,2,2.0,1.1611678407561713e-05,0.05479054152965546,0.041417569438105976,0.33333333333333337
state:a8c9cd641e8de8156eb9b35b,pope,Qwen/Qwen3-VL-8B-Instruct,2,2.0,8.817276821712383e-06,0.0041616975731813,0.02216181170519748,0.0
state:730f14d28baa500aa5f8421e,pope,google/gemma-4-E4B-it,2,2.0,7.251094337939573e-08,0.00038087740540504456,0.02101217847817586,0.16666666666666663
state:d54afeb79e57c470ef936075,vizwiz,Qwen/Qwen3-VL-8B-Instruct,3,6.0,0.0015900041228972435,0.06495842637701167,0.11468216366254684,0.05555555555555536
state:4abba7ef29fd3e2351f15e9f,vizwiz,google/gemma-4-E4B-it,4,10.0,1.0197744321059564e-06,0.01968588113784791,0.040435882906470544,0.48888888888888904
state:75e2a172cc7de80a6ffa6531,vizwiz,Qwen/Qwen3-VL-8B-Instruct,2,2.0,0.0002528282114589943,0.008526504039764404,0.01752458009673908,0.0
state:08e332d02d7b24a98af32edd,hallusionbench,google/gemma-4-E4B-it,2,2.0,4.888417521260605e-05,0.006068749056794331,0.08538952388442293,0.0
state:ee8a53deac4f0b73707e9af5,vsr,google/gemma-4-E4B-it,3,6.0,0.0008159232212538,0.003077666457140064,0.05055328903608128,0.30000000000000004
state:71f0e75081560cf8534a3780,hallusionbench,google/gemma-4-E4B-it,2,2.0,0.0006285537596458327,0.009679607581347227,0.035935222446198616,0.0
state:c04f230f917a71744ddab2b2,pope,google/gemma-4-E4B-it,2,2.0,1.4566773130029434e-05,0.0036245230585336685,0.012533658020728282,0.0
state:ec87521390f51a728dc01594,vizwiz,Qwen/Qwen3-VL-8B-Instruct,2,2.0,6.0660635318409784e-05,0.012319562956690788,0.01674588638656222,0.33333333333333337
state:c09dffc92b3a4bd04ca8a46b,pope,google/gemma-4-E4B-it,3,6.0,7.21447797631772e-05,0.003153691358521529,0.048870404171347887,0.08888888888888868
state:f4c4be12ebda65ceb3df6485,vizwiz,Qwen/Qwen3-VL-8B-Instruct,3,6.0,0.0013503041467861144,0.06036758629812137,0.17998213676981284,0.38444444444444437
state:da3b2b8a19797945cf4d73d3,pope,google/gemma-4-E4B-it,4,10.0,2.156157535838666e-07,0.0013363909721374467,0.06698112555675377,0.41481481481481486
state:c3794331aad26dac15647fdd,vizwiz,Qwen/Qwen3-VL-8B-Instruct,3,6.0,2.161659401872331e-05,0.009530596142414858,0.04699968127605506,0.14444444444444438
state:c906974e505eb2be0974d462,vizwiz,google/gemma-4-E4B-it,3,6.0,6.108893869893538e-10,0.00013239847289192586,0.034420809956657694,0.0
state:170bc542f0ad6f3b98bf3cac,pope,Qwen/Qwen3-VL-8B-Instruct,2,2.0,5.268141789383987e-05,0.005810368340462446,0.020457557949281484,0.0
state:e6019a4d1fbab56cdfadac79,pope,google/gemma-4-E4B-it,4,10.0,7.678517213647506e-06,0.0007473639957606793,0.03396754860825812,0.059259259259259234
state:dcfa7fd64c32fc0bca96b511,vizwiz,google/gemma-4-E4B-it,2,2.0,2.1567009117394586e-05,0.007331550121307373,0.04516992749245481,0.5
state:59dc6304af2113d22498654f,hallusionbench,google/gemma-4-E4B-it,3,6.0,0.00019291369829788616,0.009896248378532214,0.03588206984215316,0.05555555555555547
state:78e54953810e7291ba6efc23,vizwiz,google/gemma-4-E4B-it,4,10.0,3.382996660649601e-05,0.00015854598343140403,0.07200054781397437,0.45925925925925937
state:193c201f9465d7574d802337,vizwiz,google/gemma-4-E4B-it,4,10.0,5.613166515393129e-06,0.012279442548751828,0.05000326875256835,0.26296296296296284
state:59948eda934848e1c52c32b1,pope,google/gemma-4-E4B-it,3,6.0,4.924314882421349e-06,0.0006603195021549737,0.03584410959135338,0.09999999999999976
state:c1be8ee8c3c98b1152679042,vizwiz,Qwen/Qwen3-VL-8B-Instruct,2,2.0,6.2108849227302045e-06,0.008609529584646225,0.027000043120206995,0.0
state:e665687c7f38e088df5332b2,hallusionbench,Qwen/Qwen3-VL-8B-Instruct,2,2.0,0.0004919522743564594,0.0038392920869227964,0.04048659006473224,0.16666666666666663
state:1c56b3a71656bd92690653b8,hallusionbench,Qwen/Qwen3-VL-8B-Instruct,3,6.0,1.0235664322557128e-05,0.0008086494377089994,0.034963329386665,0.08888888888888868
state:ab0f6413dd847f2896c3aa38,hallusionbench,Qwen/Qwen3-VL-8B-Instruct,4,10.0,0.0006870241908517371,0.01853399102576076,0.042708237656679485,0.07777777777777761
state:b0b8c6de88e1a5f87f6aea67,pope,Qwen/Qwen3-VL-8B-Instruct,2,2.0,1.61551021515267e-06,0.006337903439998627,0.018107588381441213,0.0
state:0db0909ecd78e5c445d5d704,vsr,Qwen/Qwen3-VL-8B-Instruct,3,6.0,0.00035218481343890327,0.00803534192851253,0.051052770648415076,0.08888888888888868
state:5c1ec8eaf31735a323f52bc9,pope,Qwen/Qwen3-VL-8B-Instruct,2,2.0,9.077067743232866e-06,0.0019005050417035818,0.0124133578374679,0.0
state:a823e17a5586aaf6eb97c5b3,pope,Qwen/Qwen3-VL-8B-Instruct,4,10.0,3.556548620647694e-07,0.019063584804534916,0.06949915255772934,0.45925925925925937
state:f239917f2cbbcb90ba7771a1,vizwiz,google/gemma-4-E4B-it,2,2.0,6.0739233323256235e-09,0.00022172927856445312,0.022983969616549763,0.6666666666666667
state:c844dbc1257645cf3b5fe4be,pope,Qwen/Qwen3-VL-8B-Instruct,2,2.0,8.636003239596054e-07,0.001490122638642788,0.006730109148936124,0.16666666666666663
state:bf6035e850238bf35c6b9e18,vizwiz,Qwen/Qwen3-VL-8B-Instruct,3,6.0,0.00020073316267637558,0.029267622364891926,0.04129418005841313,0.17777777777777792
state:99526c82126b72644fca3752,pope,google/gemma-4-E4B-it,4,10.0,5.2009196995766626e-05,0.007058558752760291,0.026371993216670046,0.033333333333333326
state:7fdac2532f1e56be62888689,vsr,Qwen/Qwen3-VL-8B-Instruct,4,10.0,0.0002493174657287469,0.015334543732516295,0.06908971205203049,0.033333333333333326
state:0fe68de886fc05648fc7f101,hallusionbench,Qwen/Qwen3-VL-8B-Instruct,3,6.0,4.249269892748949e-05,0.007596534883810415,0.021557785843516527,0.0
state:ce4215d99f483399b0583e48,pope,google/gemma-4-E4B-it,2,2.0,3.0910141871735484e-05,0.008657232858240604,0.017931021112866853,0.16666666666666663
state:1fdf08b2ce2dc4d531b94020,pope,Qwen/Qwen3-VL-8B-Instruct,3,6.0,4.496430494718042e-06,0.0006025071876744429,0.03523391671190298,0.08888888888888868
state:1c44a6493ec725b6808e8601,vizwiz,Qwen/Qwen3-VL-8B-Instruct,3,6.0,0.000878842303676733,0.04733067815893972,0.15497982895393092,0.05555555555555536
state:ed8da83eb9c811b8d5b5bc14,vizwiz,Qwen/Qwen3-VL-8B-Instruct,4,10.0,0.0002470302705774579,0.0010702801329898648,0.07931080023959805,0.22962962962962963
state:5f67b0804a953e7cf99fbe2f,vsr,google/gemma-4-E4B-it,3,6.0,3.4273300096718548e-06,0.0011868058289918638,0.031184018314854706,0.1777777777777778
state:c26740dacb4e83e2cf692898,pope,google/gemma-4-E4B-it,3,6.0,0.0020346209016944825,0.08903364857865705,0.06376942771066192,0.2666666666666667
state:19acdfa6125febb4749afab1,vizwiz,Qwen/Qwen3-VL-8B-Instruct,3,6.0,2.4883473512772664e-06,0.005747827597790282,0.037165238083039995,0.16666666666666663
state:9c90bdbbc5dd8dbbf979de59,vizwiz,google/gemma-4-E4B-it,2,2.0,5.326934724013158e-07,0.0030492544174194336,0.020039262564640326,0.0
state:b14635eb0c46777a21fcd327,vizwiz,google/gemma-4-E4B-it,3,6.0,3.151226140386811e-07,0.005852454238467771,0.01677507831470315,0.0
state:9441aeef42ce30ba2c897b76,pope,google/gemma-4-E4B-it,4,10.0,7.93463524093127e-05,0.005505276103722281,0.03156220630542542,0.0777777777777775
state:5651af5d15251796654b2fc0,pope,Qwen/Qwen3-VL-8B-Instruct,2,2.0,1.7523827672757155e-05,0.0013583486434072256,0.03399238462480786,0.16666666666666663
state:4b928d496624fcbc3d6f830c,pope,google/gemma-4-E4B-it,2,2.0,0.00018512963758914912,0.0113902036100626,0.039167461409718406,0.0
state:732e9d88402c4a6b60564e18,pope,Qwen/Qwen3-VL-8B-Instruct,2,2.0,7.68636338640237e-05,0.006713684648275375,0.024406309345160866,0.0
state:c6c6245511c8dcc39b221671,pope,google/gemma-4-E4B-it,4,10.0,3.710807095596379e-06,0.0006786916777491303,0.027812635443143847,0.08888888888888868
state:48efbaac20b13b814675e7f8,vizwiz,Qwen/Qwen3-VL-8B-Instruct,3,6.0,4.003120601821862e-05,0.01115126116848032,0.05286239886226847,0.14444444444444438
state:e5760172a4890fee95030843,pope,google/gemma-4-E4B-it,4,10.0,3.388729640976838e-05,0.007224447429180142,0.024043307422557815,0.07777777777777761
state:e02705358cfe507e23e58a20,pope,Qwen/Qwen3-VL-8B-Instruct,2,2.0,4.511853598693766e-06,0.00040884455665946007,0.03595068834753123,0.0
state:77e6b8b92dbbcba0eb81e3ff,pope,google/gemma-4-E4B-it,2,2.0,3.5024617489332597e-06,0.0013339298257051269,0.022831508090571367,0.16666666666666663
state:f6c9185f9056bfb01e32fea2,vizwiz,google/gemma-4-E4B-it,4,10.0,5.796814557117996e-07,7.144707080444234e-05,0.04458431940359996,0.40000000000000013
state:691f2e818b9c0755594315fd,hallusionbench,Qwen/Qwen3-VL-8B-Instruct,2,2.0,1.0706876759295403e-05,0.003093463834375143,0.01111805419544705,0.16666666666666663
state:63c04feea17f568cf9f3c7b2,pope,google/gemma-4-E4B-it,3,6.0,3.8431509160762826e-05,0.008868201325337093,0.020549661158364572,0.0
state:9acd82811435be75ca9be43c,pope,Qwen/Qwen3-VL-8B-Instruct,4,10.0,0.0002601940526125701,0.008406733778474517,0.05205091256475825,0.05925925925925901
state:896032857527c910fc4bb3c6,vsr,google/gemma-4-E4B-it,3,6.0,1.3085306684700651e-05,0.02181115746498108,0.06089702619002562,0.30000000000000004
state:89d1ac2bee379da42b6465ae,pope,Qwen/Qwen3-VL-8B-Instruct,3,6.0,9.770119799257833e-06,0.0020844010222289297,0.032036555980325135,0.0888888888888888
state:b39c3cd36f9db8f4d1542522,pope,google/gemma-4-E4B-it,4,10.0,6.830929509112708e-05,0.010788984186947355,0.031041233404660067,0.09259259259259234
state:0bf52465a1497ba00e34bbcd,vizwiz,Qwen/Qwen3-VL-8B-Instruct,2,2.0,0.00018314727711019312,0.003987349569797516,0.032176301152974054,0.0
state:43dc6ff605bff3b03bdb3b4d,pope,Qwen/Qwen3-VL-8B-Instruct,4,10.0,7.908169305327137e-05,0.00795897226780653,0.03143121332754803,0.0
state:c7aa22d2f534cb2b0e7e51c7,vizwiz,Qwen/Qwen3-VL-8B-Instruct,3,6.0,5.779393691752787e-05,0.0002398901971092752,0.05926043924058041,0.30000000000000004
state:a6b4c0ac02d02b1533524f61,vsr,Qwen/Qwen3-VL-8B-Instruct,4,10.0,0.003217592566377235,0.09063540318980813,0.14821365696983793,0.1703703703703705
state:7efe7e3a062e0aeaee058a99,vizwiz,Qwen/Qwen3-VL-8B-Instruct,4,10.0,0.0002088024162514689,0.021467558568401723,0.03958862729356211,0.1407407407407406
state:a9a8e434c07a6675b92c211b,vizwiz,Qwen/Qwen3-VL-8B-Instruct,4,10.0,4.484301791514533e-06,0.013184719383716592,0.04333646362816835,0.41481481481481497
state:3600551daf2866e95e1d8866,vizwiz,Qwen/Qwen3-VL-8B-Instruct,4,10.0,1.1018162197993538e-05,6.685271786412982e-05,0.061997942418640935,0.23703703703703716
state:8b7478f2d0aa2810c000b303,pope,Qwen/Qwen3-VL-8B-Instruct,2,2.0,4.945699384989146e-07,0.0016200379468500614,0.006484167393362024,0.16666666666666663
state:b869375701df8ce1b19d0381,pope,Qwen/Qwen3-VL-8B-Instruct,2,2.0,2.955404141843595e-06,0.001224280335009098,0.008454490044018324,0.0
state:cec408d378d82de003c8ac3f,hallusionbench,Qwen/Qwen3-VL-8B-Instruct,2,2.0,4.820924464579024e-05,0.009969189763069153,0.0283498142612935,0.16666666666666663
state:7c4c6266ae7a4c7afe5b9f80,vizwiz,Qwen/Qwen3-VL-8B-Instruct,4,10.0,0.0005054860604620678,0.040475721359252925,0.05174609937664696,0.24444444444444446
state:44545020ee9726f0f19ec398,vizwiz,google/gemma-4-E4B-it,4,10.0,3.995872815246212e-08,0.004392913579940783,0.027946086355826932,0.23333333333333328
state:2b2c6d7b44b2f75cdab1d177,vizwiz,Qwen/Qwen3-VL-8B-Instruct,4,10.0,3.887223945426622e-05,0.021002781391143806,0.04983755690363922,0.05925925925925901
state:a9a93d527cf9f3d9cebe2b67,vizwiz,google/gemma-4-E4B-it,4,10.0,0.0005966342228978655,0.034788634777069095,0.051206802314028056,0.06666666666666665
state:ad39a3d263691316fbe01625,vizwiz,google/gemma-4-E4B-it,2,2.0,1.6296329495528963e-08,0.010608196258544922,0.011192701259474466,0.0
state:42df5d8f0c7b210d75a9f805,pope,google/gemma-4-E4B-it,2,2.0,1.3135191055042177e-05,0.0033373329788446426,0.011723599569024934,0.16666666666666663
state:c5676219228b66d371c7e42f,pope,google/gemma-4-E4B-it,2,2.0,2.8049357343453636e-06,0.0009904191829264164,0.02459047027217785,0.0
state:c839143201cc9f9529d411cc,vizwiz,Qwen/Qwen3-VL-8B-Instruct,2,2.0,0.0001355493214495353,0.012355774641036987,0.02277262822638915,0.0
state:df26ef6529654cfa1d09287e,hallusionbench,Qwen/Qwen3-VL-8B-Instruct,4,10.0,8.519789598089681e-05,0.038796741366386424,0.04921862424215341,0.25703703703703706
state:6995f955840ec919ce403be9,pope,Qwen/Qwen3-VL-8B-Instruct,4,10.0,3.237080976730237e-05,0.00810206647962331,0.024776047660868477,0.07777777777777761
state:93a8d30a47c48c5f4a293eeb,hallusionbench,Qwen/Qwen3-VL-8B-Instruct,4,10.0,4.9554831985759e-05,0.006147413561120638,0.028735854733482714,0.1518518518518518
state:d8ff20ceb4c50f389d29abfd,vizwiz,Qwen/Qwen3-VL-8B-Instruct,4,10.0,8.365401137773934e-08,0.004152575731277475,0.0201735496695226,0.23703703703703682
state:48c7fe86eea4ddd3ef662adb,vizwiz,google/gemma-4-E4B-it,4,10.0,0.000725565698868718,0.0029398373214644205,0.08201086880427749,0.2777777777777778
state:18960b14b33f35efa4a46ea2,vsr,Qwen/Qwen3-VL-8B-Instruct,2,2.0,0.0002200220865607688,0.04117535729892552,0.06666789225421749,0.0
state:9581e161d9411e24c02289e4,vizwiz,Qwen/Qwen3-VL-8B-Instruct,2,2.0,4.890052486579096e-05,0.008002534043043852,0.025956412242729265,0.0
state:b40f08f003842699a741784b,vizwiz,google/gemma-4-E4B-it,3,6.0,3.9404782001516355e-05,0.00030469754508684793,0.04410763510349049,0.0
state:d2ab66251c41e4740708e468,pope,google/gemma-4-E4B-it,3,6.0,7.310921540248056e-05,0.007973343910028538,0.026925951802880817,0.05555555555555536
state:9da349277fe76bfb782d3a14,hallusionbench,Qwen/Qwen3-VL-8B-Instruct,4,10.0,1.759478606811668e-05,0.0006891096808249175,0.092263183533228,0.30925925925925923
state:3865661ce69e4e4634c28fbf,pope,Qwen/Qwen3-VL-8B-Instruct,4,10.0,5.436721026400518e-06,0.0010418437141924918,0.0725487479647722,0.1444444444444445
state:3b06795491b98688b4db0d12,pope,google/gemma-4-E4B-it,2,2.0,0.00015157064649695164,0.011812421958893538,0.039850616274791396,0.0
state:30c4d7ef6aacbad88b3fc819,pope,google/gemma-4-E4B-it,2,2.0,4.3868702081942744e-06,0.0003861389122903347,0.035945560400327904,0.0
state:9dd9a6768828cd6163a401fb,pope,Qwen/Qwen3-VL-8B-Instruct,2,2.0,3.453735348316495e-06,0.0014629361539846286,0.02307297689444661,0.0
state:da70ae4886ccf1fa433aef9a,pope,google/gemma-4-E4B-it,4,10.0,0.0005726778250179673,0.009188413501836976,0.08086481220004949,0.05925925925925901
state:aea9eb42c58ae7d304d83f17,hallusionbench,google/gemma-4-E4B-it,3,6.0,4.001715113710057e-05,0.012741394538049169,0.08189952131969834,0.14444444444444438
state:70905e61a0b461b6783299b4,pope,google/gemma-4-E4B-it,4,10.0,4.405459222196753e-06,0.000667462665587646,0.03214403391965335,0.07777777777777772
state:397fc37f2140004d34ba23d6,vizwiz,google/gemma-4-E4B-it,4,10.0,5.80228240970824e-06,0.00012312216138525402,0.040073511411451226,0.23703703703703682
state:9a3ce69bfd73ba3a15cf5054,pope,Qwen/Qwen3-VL-8B-Instruct,3,6.0,6.513585277678092e-06,0.00022843348051536534,0.05602943181583089,0.1533333333333332
state:1f6cc1cf987a3c2b765593fa,vizwiz,Qwen/Qwen3-VL-8B-Instruct,3,6.0,1.3562250373544586e-06,0.013113736278480953,0.031670282030460045,0.0
state:9e976f11d5c22636252f74b8,pope,Qwen/Qwen3-VL-8B-Instruct,2,2.0,2.9951034396559777e-06,0.0011357422918081284,0.008475448995781293,0.16666666666666663
state:15f63782249d9a9c1b438f12,vizwiz,google/gemma-4-E4B-it,3,6.0,3.192557121495661e-05,0.034100400076972126,0.024269861497557887,0.09999999999999976
state:9f5a5d8b01e6a915d3404a92,vizwiz,google/gemma-4-E4B-it,2,2.0,1.4046498536744853e-05,0.0011648684740066528,0.015281398262592451,0.0
state:60c8cb54d371736e0f1c1d86,hallusionbench,Qwen/Qwen3-VL-8B-Instruct,2,2.0,1.8707767208291629e-06,0.0006291456520557404,0.0504066889093058,0.19999999999999996
state:3c2397731e652e12afc3ea04,hallusionbench,google/gemma-4-E4B-it,4,10.0,0.0006739719828272109,0.0021439804135297805,0.04218593154273127,0.3111111111111112
state:c97a6b167777273c47232fc9,pope,Qwen/Qwen3-VL-8B-Instruct,3,6.0,4.283558091044373e-06,0.005256736651062965,0.02676825627775693,0.1533333333333332
state:dafedfa22174b86cee31a02a,hallusionbench,google/gemma-4-E4B-it,2,2.0,5.248927564714272e-05,0.02492368221282959,0.027911518831630122,0.0
state:820e2058045be347ee409593,pope,google/gemma-4-E4B-it,2,2.0,4.477387796923344e-06,0.0004002051427960396,0.035969556637759914,0.0
state:14006eb340e3c2816c708a1d,hallusionbench,Qwen/Qwen3-VL-8B-Instruct,4,10.0,0.0006463134290732514,0.025349031556397682,0.09285509576578722,0.11111111111111116
state:5599b676ab023190784300dc,vizwiz,google/gemma-4-E4B-it,2,2.0,5.105255696721226e-07,0.0003196299076080322,0.013036677533105138,0.5
state:56b696d6f2437b0b8a9f9ce5,pope,google/gemma-4-E4B-it,3,6.0,3.935195144474858e-06,0.0006097462804367145,0.026028143821769625,0.08888888888888868
state:70de2067cef060d6c188a786,pope,Qwen/Qwen3-VL-8B-Instruct,3,6.0,6.483162239030575e-05,0.00909354630857706,0.02503782516853668,0.08888888888888868
state:3bd1f34908836f8cd773cb93,vizwiz,google/gemma-4-E4B-it,3,6.0,4.482857012201653e-09,0.0005720125304328194,0.0410432928514603,0.48888888888888904
state:b8183c90339388c0a71dce45,vizwiz,Qwen/Qwen3-VL-8B-Instruct,2,2.0,0.00047032687580065733,0.026983007788658142,0.04772490269895267,0.0
state:4b25fb9c144b2cbe37ad8a0b,pope,Qwen/Qwen3-VL-8B-Instruct,4,10.0,5.6852853372176144e-05,0.008215445503592492,0.021406997053796006,0.0888888888888889
state:98abd1c8f98a1a981d173d41,vizwiz,google/gemma-4-E4B-it,4,10.0,1.9877693678147743e-06,4.378723358968717e-05,0.035178395747472176,0.37037037037037046
state:68a2d17bf01ed442dfdd198d,pope,google/gemma-4-E4B-it,2,2.0,5.029998520809484e-08,0.000390123575925827,0.02101400964444436,0.0
state:dc35dd0292881575678594d7,vizwiz,Qwen/Qwen3-VL-8B-Instruct,3,6.0,3.855686261550771e-06,4.8215761125902645e-05,0.039972419869814674,0.30000000000000004
state:358085b3be3389c7771b6d51,hallusionbench,Qwen/Qwen3-VL-8B-Instruct,3,6.0,0.0026262166613464787,0.014718291313430304,0.09778290002795703,0.08888888888888868
state:3ca1f9565dc3f869610ed5b9,vizwiz,Qwen/Qwen3-VL-8B-Instruct,2,2.0,1.5047322127602075e-07,0.0015548132359981537,0.00991282035088107,0.0
state:d6dd5a553bb83bffc87196d0,pope,google/gemma-4-E4B-it,2,2.0,8.02168052403537e-05,0.007559414487332106,0.021045471242597178,0.16666666666666663
state:c33ea30500adce63700f7e56,vizwiz,Qwen/Qwen3-VL-8B-Instruct,2,2.0,1.8567836151858476e-06,0.0056128837168216705,0.046965451749370085,0.0
state:61e6dfb2e5132cade23dd467,pope,Qwen/Qwen3-VL-8B-Instruct,4,10.0,1.007102574142556e-05,0.0008319720532745167,0.03641885861617692,0.09777777777777785
state:79f77bdf0a89235848d6ef08,vizwiz,google/gemma-4-E4B-it,4,10.0,2.683432975807967e-06,0.05007225841283799,0.06304001620241034,0.1333333333333333
state:7ca301cfcc35051ccc3299ef,pope,google/gemma-4-E4B-it,4,10.0,4.645486558141016e-05,0.006434872187674046,0.023951705869909044,0.05925925925925901
state:d2d5d9a6cec578382edd2a49,vizwiz,google/gemma-4-E4B-it,3,6.0,1.3001898831984196e-08,0.00028410885069104125,0.042648234758926096,0.16666666666666663
state:82c7293a257561abf52b496d,hallusionbench,Qwen/Qwen3-VL-8B-Instruct,4,10.0,6.15533905829692e-05,0.008684421647340058,0.07055035835120134,0.16444444444444462
state:1c7529af57ad6d239eb0bb8d,pope,google/gemma-4-E4B-it,3,6.0,3.574470616095329e-05,0.003738084885602196,0.022557702708189763,0.09999999999999976
state:52a13291a703ece0d3a197bf,pope,google/gemma-4-E4B-it,4,10.0,4.948429759911387e-05,0.005995406927540898,0.023196659823589337,0.033333333333333326
state:284b9571fa437e45f31bd6e2,pope,google/gemma-4-E4B-it,3,6.0,1.1300865099843077e-05,0.0009612415287847398,0.07597365000484778,0.2222222222222222
state:8013ba242b6d03f97e644771,pope,google/gemma-4-E4B-it,2,2.0,5.554196180993602e-06,0.013581052422523499,0.02509850633970085,0.16666666666666663
state:ea61c26568d29b7bab4328d6,pope,google/gemma-4-E4B-it,3,6.0,8.893932223061545e-05,0.0018252434630186252,0.050230042840087405,0.15555555555555545
state:c6512181a18beebda75f0d6f,hallusionbench,google/gemma-4-E4B-it,3,6.0,0.00015358577472212836,0.010403823004000704,0.05215382062643438,0.08888888888888868
state:2fb133c5692a0e5d9f1c655a,pope,Qwen/Qwen3-VL-8B-Instruct,3,6.0,1.098806957194621e-05,0.003814844802642862,0.020183918980462682,0.08888888888888868
state:d4dbc40d07ac67c3901d18b4,vizwiz,google/gemma-4-E4B-it,4,10.0,0.00015003209040750733,0.0007380769948940635,0.03800600070366448,0.32592592592592595
state:cf02ffb021e5460d5f885263,vizwiz,Qwen/Qwen3-VL-8B-Instruct,4,10.0,0.00036757388057205445,0.007475152898114175,0.05566855312381764,0.059259259259259234
state:3fe490fdf621c688f1afdb73,vizwiz,Qwen/Qwen3-VL-8B-Instruct,4,10.0,0.00019884436320136161,0.04308285295963288,0.04233290192448624,0.04000000000000015
state:ddb030bf2a016a7bdc162b89,vizwiz,Qwen/Qwen3-VL-8B-Instruct,3,6.0,1.4210712056792718e-07,0.0007886985937754313,0.1043897915095749,0.2777777777777778
state:cce46ca551022537765cd1d2,pope,Qwen/Qwen3-VL-8B-Instruct,4,10.0,0.00016607915408253007,0.01641303684562445,0.02264810445363995,0.08888888888888868
state:22bc83019d6822977784468f,pope,Qwen/Qwen3-VL-8B-Instruct,3,6.0,3.483938929375765e-05,0.0036003125521043935,0.022190146052778123,0.08888888888888868
state:4f15a2cf0a512bdba77b5dae,vizwiz,Qwen/Qwen3-VL-8B-Instruct,3,6.0,0.0008426314939263294,0.018932412481970234,0.06485000668509987,0.08888888888888868
state:fe5329214138d3d84137dfd5,vsr,Qwen/Qwen3-VL-8B-Instruct,3,6.0,0.00011497515768657124,0.0058341476445396626,0.030735891932433514,0.05555555555555547
state:9c981ad2325e2af519853189,pope,Qwen/Qwen3-VL-8B-Instruct,2,2.0,1.3348852955432408e-05,0.0032490305602550507,0.011839832082691775,0.0
state:c8f9cf02b90658a4e1cb1feb,hallusionbench,google/gemma-4-E4B-it,4,10.0,0.00018480012683953713,0.027915016598999497,0.08616662023079119,0.08888888888888868
state:a6a99bc77a00975b896f834c,pope,Qwen/Qwen3-VL-8B-Instruct,4,10.0,5.9375884738884644e-06,0.0006846622005105019,0.033813956001593044,0.05925925925925901
state:5e06cd08bb9106b8e57afcf2,pope,Qwen/Qwen3-VL-8B-Instruct,3,6.0,5.383384433653664e-06,0.0004957030630773964,0.03280446165374206,0.09999999999999976
state:7da52ff4fe925e2dde6986b7,pope,Qwen/Qwen3-VL-8B-Instruct,4,10.0,6.249173687605877e-05,0.009059068374335765,0.03269294435290083,0.033333333333333326
state:bab5e496dd2f991da458e16a,pope,google/gemma-4-E4B-it,3,6.0,0.00016034280778988279,0.005902983702374816,0.04075997031658069,0.08888888888888868
state:e390fefe255799efc2b522fb,pope,google/gemma-4-E4B-it,3,6.0,5.745306681347377e-05,0.00600161279241244,0.022406458314431884,0.0
state:b2c20651ca186b7b08389c70,pope,google/gemma-4-E4B-it,2,2.0,5.009241436557806e-09,0.00014209747314453125,0.045458934904273426,1.0
state:da69f29203faa02dc8ffe13d,pope,Qwen/Qwen3-VL-8B-Instruct,2,2.0,2.2987160691922674e-05,0.007987580262124538,0.03803576992890523,0.16666666666666663
state:b0dedb143cda1a4c60c9fa65,hallusionbench,Qwen/Qwen3-VL-8B-Instruct,4,10.0,7.942719544430494e-06,4.2840478963634965e-05,0.057885316478213204,0.37037037037037046
state:9c2f9f79630798bce79e118f,pope,Qwen/Qwen3-VL-8B-Instruct,3,6.0,2.788374579578235e-05,0.009051279591706892,0.04229713574218876,0.11111111111111127
state:70493c7e3ef66b39c94a03cf,pope,google/gemma-4-E4B-it,2,2.0,3.192446898690131e-06,0.003455189522355795,0.032532006570167575,0.0
state:d9c0f275f49854a8887712cd,pope,google/gemma-4-E4B-it,4,10.0,7.929075467619967e-05,0.005194410399853953,0.03231223776783147,0.07777777777777772
state:1cf8f4a1798982811400758e,vsr,Qwen/Qwen3-VL-8B-Instruct,3,6.0,7.239442146382605e-05,0.0031297144507536558,0.04874530969970781,0.08888888888888868
state:cdf505025b42920cf640832c,pope,google/gemma-4-E4B-it,4,10.0,2.604870208467143e-05,0.0053100898582488345,0.02396540731134199,0.07777777777777761
state:121a26dc6dd90031fa11a362,hallusionbench,Qwen/Qwen3-VL-8B-Instruct,3,6.0,0.00059897699965926,0.023717707436945706,0.0643079996095843,0.08888888888888868
state:3dfe29a1ba48b74fe0fa0e05,pope,google/gemma-4-E4B-it,2,2.0,3.0470177284658306e-06,0.0020875255577266216,0.01364457602858816,0.16666666666666663
state:05587765f03c5b5128cc8270,vizwiz,google/gemma-4-E4B-it,3,6.0,5.655635406843894e-07,0.016810346394777298,0.042472734620367505,0.40000000000000013
state:aa43bf24e8dfbd6cf351bd70,pope,Qwen/Qwen3-VL-8B-Instruct,4,10.0,0.00018258909812896988,0.016964989732950932,0.023965052590573313,0.05925925925925901
state:e63691f60a6c5360bc45b754,vizwiz,Qwen/Qwen3-VL-8B-Instruct,4,10.0,2.0639878845411294e-09,0.0003812515735626132,0.082756427817677,0.0
state:9a1f1955b648df16cb203906,pope,Qwen/Qwen3-VL-8B-Instruct,4,10.0,0.00014549182305472513,0.01341086208820343,0.035254792450479945,0.09259259259259234
state:270e873e0d5b93a0d68d2217,pope,google/gemma-4-E4B-it,4,10.0,4.743111215499339e-05,0.006222615744918584,0.02138268677720844,0.09259259259259234
state:f9b71c05bcd083e1961bd868,pope,Qwen/Qwen3-VL-8B-Instruct,4,10.0,3.848946905958315e-06,0.0006447403226047799,0.03467281522120893,0.07777777777777761
state:b78f917b4860392e258a53c7,vizwiz,Qwen/Qwen3-VL-8B-Instruct,3,6.0,1.0521200496477476e-05,0.014685225155618467,0.05426215497841396,0.3777777777777779
state:63ebce9c00c92d0f0dc06bf2,pope,Qwen/Qwen3-VL-8B-Instruct,4,10.0,4.270490035152232e-06,0.00020135207283602076,0.07325240108611433,0.14074074074074083
state:51564f91b672cdc15c8e01f1,pope,Qwen/Qwen3-VL-8B-Instruct,4,10.0,4.213976590953446e-05,0.00552141945809126,0.022505406934789356,0.05925925925925901
state:7a99e0269ed4d3e215370adf,pope,Qwen/Qwen3-VL-8B-Instruct,3,6.0,3.2019903441424515e-05,0.0033519850629899115,0.02151025259720607,0.0
state:a472f1cb4b52260734c7dc5d,pope,Qwen/Qwen3-VL-8B-Instruct,4,10.0,5.7377113987481546e-05,0.014732824414968515,0.06716106531488962,0.3555555555555556
state:6bbc31a1b38a24a988173dcd,hallusionbench,Qwen/Qwen3-VL-8B-Instruct,3,6.0,3.474108386087909e-05,0.0035894051608112132,0.022072684292970223,0.05555555555555536
state:e7be6cb0866a10b052f8ca26,vizwiz,Qwen/Qwen3-VL-8B-Instruct,3,6.0,9.389417350871969e-05,0.03728686438666451,0.06937670026723809,0.1777777777777778
state:80ddf51cd56f5cf6b4b1f602,pope,google/gemma-4-E4B-it,4,10.0,8.281776521727456e-05,0.00584052290413638,0.03678639096795069,0.07777777777777761
state:b8027fe98c7e32dda83eba55,hallusionbench,google/gemma-4-E4B-it,4,10.0,4.586405608482042e-06,0.0003599214574205689,0.0424061748193646,0.20925925925925926
state:7680b98f785439fe138e51bb,vizwiz,Qwen/Qwen3-VL-8B-Instruct,2,2.0,8.601223835687596e-06,0.010207049548625946,0.01882830141937913,0.0
state:638f3380d0462388e8827e59,vizwiz,Qwen/Qwen3-VL-8B-Instruct,2,2.0,3.5887275016869515e-08,0.0032016634941101074,0.011966346342045884,0.0
state:8aaa15e05d0c77b8cd2f8032,vizwiz,google/gemma-4-E4B-it,3,6.0,1.6617296796526189e-06,8.171460811150993e-05,0.03571614794720092,0.3555555555555556
state:e8a0c8b215c85e1d8212e707,vizwiz,Qwen/Qwen3-VL-8B-Instruct,2,2.0,1.5278332273191554e-05,0.0038011260330677032,0.03694429139208674,0.25
state:61922e3a9bb23b9c14fe82d4,vizwiz,google/gemma-4-E4B-it,3,6.0,0.0003112516333090579,0.02530382739173039,0.05266409301228812,0.0
state:765a1725f09378b3ea299c68,vsr,google/gemma-4-E4B-it,2,2.0,5.845860556950325e-07,0.0007083974778652191,0.02877761614809853,0.16666666666666663
state:7663634426f367d59cf3f0cf,hallusionbench,google/gemma-4-E4B-it,3,6.0,0.00040159220209026996,0.02591904146700269,0.04143437347684882,0.08888888888888868
state:b2f95cd38226d989d721bb6a,pope,google/gemma-4-E4B-it,4,10.0,2.668173871609322e-05,0.018987437188625333,0.06311317902531562,0.23703703703703682
state:2a2e7216611c3cb2f7eab350,pope,google/gemma-4-E4B-it,3,6.0,2.3429013404483835e-06,0.0009267095269428358,0.08672224715451635,0.1533333333333331
state:c69d8d06d70f51d196121ecf,vizwiz,google/gemma-4-E4B-it,2,2.0,5.993842756153075e-07,0.007354959845542908,0.03179406543162824,0.0
state:1a0950c1dfca5c3056b08351,pope,google/gemma-4-E4B-it,2,2.0,4.638100708208435e-06,0.0004324822220951319,0.03599414575671819,0.0
state:3c9a4ebf7e570a6ac49b04ee,vizwiz,Qwen/Qwen3-VL-8B-Instruct,2,2.0,0.002145939888294196,0.08660505712032318,0.06823310332551748,0.0
state:873e44bb6f1ccea53d797df7,vizwiz,google/gemma-4-E4B-it,4,10.0,5.559629136468856e-05,0.0004913728323299305,0.05481576010853636,0.18888888888888888
state:3af1d1dbbc6287df7d75bc61,hallusionbench,Qwen/Qwen3-VL-8B-Instruct,3,6.0,0.0010498417261981924,0.020310580006076228,0.06046852415413098,0.05555555555555536
state:8e97659cdb59f8cd7931d6dd,pope,Qwen/Qwen3-VL-8B-Instruct,2,2.0,4.114907527042713e-06,0.002946872729808092,0.010592958536168063,0.0
state:3056ce9afde11d1c5c60a0b4,pope,Qwen/Qwen3-VL-8B-Instruct,3,6.0,1.65742430779996e-05,0.0038622888581206403,0.019756225765723962,0.05555555555555547
state:96b2aefe48a711d9b4edf95d,pope,Qwen/Qwen3-VL-8B-Instruct,4,10.0,0.0001154424329269621,0.0027605940727517013,0.04737645922274127,0.11111111111111116
state:b73402e73a3fe29b8f01ac58,pope,Qwen/Qwen3-VL-8B-Instruct,4,10.0,7.885314480878278e-05,0.005690354169146303,0.03695081658145838,0.033333333333333326
state:cc17d477ac0ef432703398e8,vizwiz,google/gemma-4-E4B-it,2,2.0,5.304531965694835e-09,0.0009542703628540039,0.00701786106692508,0.0
state:1f318c77f874b4cc6cc5ec4c,vizwiz,Qwen/Qwen3-VL-8B-Instruct,3,6.0,0.0008694725893940214,0.028469855675616104,0.04114018187119701,0.20666666666666667
state:7036f9cc1a84f8aa0436ac9e,pope,google/gemma-4-E4B-it,2,2.0,1.4959262675750058e-06,0.002265011891722679,0.008250399247392456,0.0
state:cdb34591c2c2eaf20b259ebb,vizwiz,google/gemma-4-E4B-it,3,6.0,6.052050884530686e-05,0.00040371623536985786,0.08694244479706564,0.4
state:f010c580879d01bbcc367a21,vizwiz,google/gemma-4-E4B-it,2,2.0,1.1002893030717678e-09,0.02663985639810562,0.028951192533448744,0.6666666666666667
state:30f341983a84e32739b22af2,hallusionbench,Qwen/Qwen3-VL-8B-Instruct,2,2.0,0.00030122947830544215,0.01242411860221182,0.023816354423521886,0.5
state:029b0176a297d99d0995a174,vizwiz,Qwen/Qwen3-VL-8B-Instruct,3,6.0,9.341709694204385e-05,0.007431651155153911,0.02602356562262677,0.15777777777777768
state:1afe2ca6a169744a2f77ecaf,vizwiz,Qwen/Qwen3-VL-8B-Instruct,3,6.0,2.6626336373313178e-05,0.0050024402638276415,0.031131577262273745,0.2222222222222221
state:a751e9d883136061fd854d07,pope,Qwen/Qwen3-VL-8B-Instruct,3,6.0,0.00027594582982165967,0.04311806377437379,0.055575426270563576,0.17333333333333323
state:b0965af7dbf0bceae7637ebc,vizwiz,google/gemma-4-E4B-it,3,6.0,0.0008477241133457896,0.040783132115999855,0.05813995736923818,0.0
state:009f5a82e5e9c9c38b70bc8f,pope,Qwen/Qwen3-VL-8B-Instruct,2,2.0,1.4365369552825054e-06,0.0005404436960816383,0.02371164959602865,0.0
state:e1dbff18e6143542f894caa8,vizwiz,google/gemma-4-E4B-it,4,10.0,2.6586995138295115e-06,0.00013676258735359606,0.049431965354187486,0.37037037037037046
state:19f15a20c8090a8c8a019548,hallusionbench,Qwen/Qwen3-VL-8B-Instruct,4,10.0,9.791072057141456e-06,0.006581721156835539,0.06197632038805011,0.15629629629629604
state:4a0cf9dbcf829c81db60c1f3,hallusionbench,Qwen/Qwen3-VL-8B-Instruct,3,6.0,0.00025402200049179873,0.010205341929880282,0.06541702283648718,0.15111111111111108
state:682a0284a4bb1dad00119508,vizwiz,google/gemma-4-E4B-it,3,6.0,0.00016240638804284368,0.002681168742128648,0.05450752114179533,0.16666666666666663
state:5ead8bbfbd6a787eba7b6302,pope,Qwen/Qwen3-VL-8B-Instruct,2,2.0,3.408856833268933e-06,0.0013644667133121402,0.022720698781682893,0.16666666666666663
state:5af55d3b663a2e3577343fbb,vizwiz,google/gemma-4-E4B-it,4,10.0,1.153953930265784e-05,0.04461715519428253,0.05775254654488673,0.3555555555555556
state:86ddda943c6110233eb3c0eb,pope,google/gemma-4-E4B-it,3,6.0,1.1705098869347431e-06,0.0005566283232636046,0.024236652476228786,0.08888888888888868
state:c3ebf95b0173a1ada72d9a06,vizwiz,google/gemma-4-E4B-it,2,2.0,5.797208940683541e-07,0.0015828609466552734,0.009973317069454726,0.5
state:21e1f388f31122dc31d19af2,pope,google/gemma-4-E4B-it,4,10.0,6.290116850058694e-05,0.0095522204041481,0.03136831035044197,0.09259259259259234
state:168b5c64431a3ee4187ad355,vizwiz,google/gemma-4-E4B-it,3,6.0,5.097830310660059e-07,7.994581796487584e-05,0.02570277756607066,0.2222222222222221
state:fd65b138005284f09567f933,pope,Qwen/Qwen3-VL-8B-Instruct,4,10.0,3.412572773053341e-06,0.0006650135200470776,0.03297501738537844,0.07777777777777772
state:955b351c20e2b3167d9fee3b,hallusionbench,Qwen/Qwen3-VL-8B-Instruct,3,6.0,6.878471493372069e-05,0.01040618602807323,0.02650599430891654,0.09999999999999976
state:7c72f7bdcc2a12a309705b2d,pope,Qwen/Qwen3-VL-8B-Instruct,3,6.0,2.9145907980754917e-05,0.007143744215783146,0.026570963494492495,0.08888888888888868
state:fdba2df296bee8f541809ca6,vizwiz,Qwen/Qwen3-VL-8B-Instruct,4,10.0,0.0002057752993948705,0.0009303920761885865,0.08923142280428613,0.2777777777777778
state:b3ee4d6b912d75239890edca,pope,Qwen/Qwen3-VL-8B-Instruct,2,2.0,0.0007524041784954277,0.01747059900117165,0.04260126636999853,0.16666666666666663
state:9a9861fdf7a43e45f35b200e,vizwiz,Qwen/Qwen3-VL-8B-Instruct,2,2.0,2.253309749670559e-05,0.013202723115682602,0.030089066781073506,0.0
state:c76ba3ae41565e094baa6941,pope,google/gemma-4-E4B-it,2,2.0,1.7305450686705937e-06,0.006734937429428101,0.05572495150314873,0.0
state:e9d303373321f810da1acd8f,hallusionbench,google/gemma-4-E4B-it,2,2.0,4.150797620426411e-06,0.013916980475187302,0.014906284704254476,0.16666666666666663
state:cee011129bfb91a062e24cf6,vizwiz,google/gemma-4-E4B-it,3,6.0,4.6596583345611465e-09,6.540616353349164e-05,0.032602371219006096,0.5222222222222223
state:e332d6bfd6b03e712caf0a74,vizwiz,google/gemma-4-E4B-it,3,6.0,2.0967390976899122e-05,0.012491769260830362,0.03966848818218429,0.19555555555555548
state:382a9a749bba37764355b7e3,vizwiz,Qwen/Qwen3-VL-8B-Instruct,2,2.0,6.608013230983639e-08,0.008615285158157349,0.028805795090614063,0.33333333333333337
state:33bcac39ff9a9f1236a15686,vizwiz,Qwen/Qwen3-VL-8B-Instruct,2,2.0,5.468858986362428e-05,0.01853441447019577,0.015355927932802872,0.33333333333333337
state:a55468fe618590e3cff15fd0,pope,google/gemma-4-E4B-it,3,6.0,4.420424747235801e-06,0.0005366019904613495,0.030906924712975826,0.08888888888888868
state:47974113004ba662cde8eb3f,pope,google/gemma-4-E4B-it,3,6.0,4.797149328944836e-06,0.0006445897743106013,0.03565002390844747,0.08888888888888868
state:7a4a86c3f10c843ba42af4d4,pope,google/gemma-4-E4B-it,4,10.0,4.96313370140515e-05,0.0056160210259258835,0.026897661759253608,0.05925925925925901
state:ab3a7b3d0e157237f4b29640,pope,Qwen/Qwen3-VL-8B-Instruct,4,10.0,7.603159620842582e-06,0.0007530852779746054,0.03398539258387068,0.09259259259259234
state:7ffa728a9158174964b2679b,hallusionbench,google/gemma-4-E4B-it,3,6.0,0.0008706008447079665,0.028084337918294806,0.06502279798516063,0.1777777777777777
state:25f7b8eb2c734b94783ad48c,pope,Qwen/Qwen3-VL-8B-Instruct,4,10.0,2.0628716386405614e-05,0.0010595394670963286,0.04170497281742261,0.12592592592592589
state:058c6bf8ef0d69c280f6f6b1,pope,google/gemma-4-E4B-it,2,2.0,4.61457337847411e-06,0.00042613688856363297,0.03603341547647833,0.0
state:499b2297a840a3485c802b1b,vizwiz,Qwen/Qwen3-VL-8B-Instruct,4,10.0,7.805281328840687e-06,0.06153072953224181,0.11880352576636456,0.44444444444444464
state:a9642b9447ec33d9170b5365,pope,Qwen/Qwen3-VL-8B-Instruct,2,2.0,8.652756630786499e-07,0.0015624305233359337,0.006676847420955352,0.0
state:71ad50d4c58931ae0c9fd9c9,pope,google/gemma-4-E4B-it,4,10.0,3.4828253452753144e-06,0.0006125532276928426,0.031533002199798287,0.033333333333333326
state:693135363a74922002e706d5,pope,google/gemma-4-E4B-it,3,6.0,3.472335744142912e-05,0.0035875688772648573,0.022209011145557157,0.0
state:b91de780c666c775514966a5,vsr,Qwen/Qwen3-VL-8B-Instruct,2,2.0,4.194878824937603e-05,0.00878933072090149,0.044694757392422915,0.6666666666666667
state:769b3727146df85dd02fa41e,vsr,google/gemma-4-E4B-it,4,10.0,0.00010134791016990187,0.0014082870533275128,0.05513693832850033,0.1333333333333333
state:b586f5a6d1fc373a07828e3d,vizwiz,google/gemma-4-E4B-it,3,6.0,6.719027667457685e-07,0.029140427708625804,0.049410883788925365,0.2222222222222222
state:29db1703fa914d827c7e3ab4,pope,Qwen/Qwen3-VL-8B-Instruct,2,2.0,8.776062863632972e-06,0.0030263384030604357,0.0286236420472858,0.0
state:f809975423b36f9e44b2c795,pope,google/gemma-4-E4B-it,2,2.0,7.980744325891942e-06,0.0026650745421648026,0.016746374414083606,0.0
state:06b41b152bd75565e0771441,pope,Qwen/Qwen3-VL-8B-Instruct,2,2.0,3.005021275801151e-06,0.0011547310277819633,0.008471243500553127,0.16666666666666663
state:31df5e59902605d5d3c2268f,vizwiz,google/gemma-4-E4B-it,4,10.0,5.476736155052489e-07,0.00437115222215653,0.01429228026135019,0.2148148148148148
state:6d4f0199cab95429bcc17fb8,vizwiz,google/gemma-4-E4B-it,4,10.0,2.872776629034562e-09,0.0013289034366607666,0.04225182219578775,0.3592592592592593
state:e253228b2a892cc4cd119151,vizwiz,Qwen/Qwen3-VL-8B-Instruct,2,2.0,9.897481091161755e-05,0.015777685504872352,0.038694682273464724,0.0
state:3e57b99eab384c3fb1b64372,vizwiz,google/gemma-4-E4B-it,4,10.0,3.4542539247904438e-06,0.01644391536712646,0.04338623430368722,0.1777777777777778
state:d60ca381c3084037699c1ec1,vizwiz,Qwen/Qwen3-VL-8B-Instruct,2,2.0,3.0607977662057436e-06,0.01254233717918396,0.02759931949051638,0.0
state:80ac9611b4dc48a71fb8f397,pope,Qwen/Qwen3-VL-8B-Instruct,4,10.0,4.15926098040054e-06,0.0006048669572919607,0.028888205148265962,0.08888888888888857
state:26d56917588a373bd49049b3,vizwiz,Qwen/Qwen3-VL-8B-Instruct,4,10.0,0.00805425890995182,0.04480024129152298,0.10351489893582513,0.033333333333333215
state:e00438d5e1072a4b6208ed24,vizwiz,google/gemma-4-E4B-it,4,10.0,1.8690196130122274e-09,0.0001042008399963379,0.04237721367825728,0.3148148148148149
state:70c1e47b9029fa657985100a,vizwiz,Qwen/Qwen3-VL-8B-Instruct,2,2.0,0.00025558002157892413,0.0070488788187503815,0.02577962657047913,0.16666666666666663
state:886f3f96aad4e4b6b851d5e4,vizwiz,Qwen/Qwen3-VL-8B-Instruct,3,6.0,3.4648398102367347e-05,0.021543477844716108,0.06213588089543691,0.15555555555555545
state:42d5c86ff7d72ad44533fe10,vizwiz,google/gemma-4-E4B-it,3,6.0,6.870058604332326e-06,0.006265920069482585,0.0364130858023981,0.1777777777777778
state:8e96e3700a4d4e8511ed246d,pope,google/gemma-4-E4B-it,2,2.0,3.0373360931489654e-05,0.004843018781031105,0.03477552521032533,0.16666666666666663
state:a5b1d7cd5247d605e0524fcd,hallusionbench,google/gemma-4-E4B-it,2,2.0,2.357681009585982e-05,0.0040520839393138885,0.05396632907485383,0.0
state:ed924f6e31157c6cf02d5dad,pope,Qwen/Qwen3-VL-8B-Instruct,3,6.0,3.901775972541476e-06,0.0008698673401441841,0.02629507453032451,0.18666666666666643
state:c4820bab242d1d62ac6b65e5,vizwiz,google/gemma-4-E4B-it,2,2.0,4.740469055819451e-07,0.002153337001800537,0.03664320323761071,0.6666666666666667
state:dbd78b899ba6303f37fc4b79,pope,Qwen/Qwen3-VL-8B-Instruct,4,10.0,6.495522859489421e-05,0.004093105494903286,0.030979576644557392,0.08888888888888868
state:83fa7938463abd83fc06aa33,pope,Qwen/Qwen3-VL-8B-Instruct,4,10.0,4.007627820319174e-06,0.0005599370226264,0.030922542899338542,0.09259259259259234
state:6a364c0fc13cfaba8f0423e9,vizwiz,google/gemma-4-E4B-it,3,6.0,1.7221481796110514e-06,7.426494751901676e-05,0.03340405473380999,0.29999999999999993
state:237c16ca23ed48f91cbb69a1,pope,google/gemma-4-E4B-it,3,6.0,7.492683224317267e-05,0.0030720558910009763,0.04868161349018454,0.08888888888888868
state:868ec09815acd7c133e5cbb0,vsr,Qwen/Qwen3-VL-8B-Instruct,3,6.0,5.246331220656286e-06,0.000734587898477912,0.03367478894220075,0.09999999999999976
state:0f2e5cec7e35d453fde70ec9,pope,google/gemma-4-E4B-it,2,2.0,0.00017994024248127937,0.008231348981098563,0.06267700589463142,0.16666666666666663
state:bb602dbb7da9c2c79546665e,vizwiz,google/gemma-4-E4B-it,2,2.0,1.042809354409634e-07,0.00807914137840271,0.012794787101499021,0.5
state:298f30e1d8293b1d80643309,vsr,Qwen/Qwen3-VL-8B-Instruct,4,10.0,0.00037467377568972313,0.023811371596625577,0.06800044002685482,0.033333333333333326
state:ecdfd8c28006a1ad3bee9aef,vizwiz,Qwen/Qwen3-VL-8B-Instruct,4,10.0,4.120084102973207e-05,0.031655219793319714,0.08276224821378447,0.3851851851851853
state:dbf4c0aa6894c690ec1215c8,vsr,Qwen/Qwen3-VL-8B-Instruct,2,2.0,5.842359579031055e-05,0.005445992574095726,0.02747687044392375,0.16666666666666663
state:88ebff6d6f1fb4b7d82df3c9,vizwiz,Qwen/Qwen3-VL-8B-Instruct,3,6.0,1.6274288511928368e-05,0.01036889354387919,0.04105316861889605,0.0
state:9ee0dd657efac3a15eef9c29,vizwiz,Qwen/Qwen3-VL-8B-Instruct,3,6.0,0.0002835710475131233,0.001919679605634883,0.03752125002328845,0.2944444444444445
state:244be58314d88b0fc0d4f6f0,pope,google/gemma-4-E4B-it,4,10.0,1.947014970240055e-05,0.006182965589687228,0.02295248178846062,0.09259259259259234
state:6f2608fa81793466cd97f9a9,pope,google/gemma-4-E4B-it,3,6.0,5.051336616000164e-06,0.0004509474513017346,0.032429198309255766,0.09999999999999987
state:22fe19d587b1fd1aa2e95746,vizwiz,Qwen/Qwen3-VL-8B-Instruct,2,2.0,0.0001153915211687109,0.01359015703201294,0.02426972892322384,0.0
state:427b45299e48876562b8a220,hallusionbench,google/gemma-4-E4B-it,2,2.0,8.412922882670318e-05,0.022809674963355064,0.02829290624977954,0.0
state:c7c5ddfde6edc1367e307c3d,vizwiz,Qwen/Qwen3-VL-8B-Instruct,3,6.0,4.5676449682233854e-05,0.009518693822125593,0.031799592185539224,0.11999999999999977
state:4f34b88de864c6a993181de7,hallusionbench,google/gemma-4-E4B-it,3,6.0,2.8159759823112038e-05,0.007607996877696766,0.025917798585524423,0.24444444444444458
state:4627af3ad5345229c84f5c80,hallusionbench,google/gemma-4-E4B-it,2,2.0,1.9441683145430705e-06,0.006374357268214226,0.022930550569859345,0.16666666666666663
state:5a30722ce0306ee0dd0c5d44,pope,Qwen/Qwen3-VL-8B-Instruct,2,2.0,5.2665882865828186e-06,0.00822760397568345,0.011867905553715979,0.0
state:d60b7458f63ee0d26a467d3d,vizwiz,Qwen/Qwen3-VL-8B-Instruct,3,6.0,1.690312473285824e-05,0.01793814533286625,0.029820027003031668,0.08888888888888868
state:c5506a7fdd9801ec948d2077,pope,google/gemma-4-E4B-it,3,6.0,6.164704548469177e-05,0.005318333860486747,0.020468591487707896,0.05555555555555547
state:1e631b704c72d321e2e21f76,pope,google/gemma-4-E4B-it,3,6.0,2.086242579759792e-05,0.0029963233188633844,0.032121992947694744,0.05555555555555536
state:b562c9f5bddacadda0314055,hallusionbench,google/gemma-4-E4B-it,3,6.0,7.852766654364297e-05,0.012075278494093141,0.05978517809557781,0.3555555555555555
state:3dd7fafa0b7d0b17c32b2457,vsr,google/gemma-4-E4B-it,3,6.0,6.07569632520243e-06,0.002393146407687008,0.03369722841661779,0.0
state:79f81305b0da31e27007e110,pope,Qwen/Qwen3-VL-8B-Instruct,4,10.0,3.453467116412378e-06,0.00031625656920367893,0.08045356489997525,0.22518518518518515
state:b4382c6c4b498aa5567cf7fa,vizwiz,Qwen/Qwen3-VL-8B-Instruct,4,10.0,8.581470752780995e-06,5.5554410100762116e-05,0.07092791678255049,0.3111111111111112
state:3eacbb77595ff1aaa0a6b03d,hallusionbench,Qwen/Qwen3-VL-8B-Instruct,4,10.0,1.6765119556969576e-05,0.0002863143688591662,0.07580843644958427,0.09999999999999998
state:799cc9b0f9ae5bb382edb655,hallusionbench,Qwen/Qwen3-VL-8B-Instruct,3,6.0,4.29164748834401e-05,0.010221578594711095,0.036740367822236074,0.08888888888888868
state:192f4922527284393f21aff3,pope,google/gemma-4-E4B-it,3,6.0,8.349120314124643e-06,0.0008883902596102701,0.06564182577076841,0.2222222222222222
state:231e31955c1ade4695edc276,pope,Qwen/Qwen3-VL-8B-Instruct,4,10.0,6.237932291047835e-06,0.0007304915599524976,0.0401835030314925,0.07777777777777761
state:2eeb13ae215c7b52ee09fd02,hallusionbench,Qwen/Qwen3-VL-8B-Instruct,4,10.0,0.0010937736850743715,0.05343501418828963,0.05046939812279808,0.033333333333333326
state:e3a436f9b507f3825f3079de,pope,Qwen/Qwen3-VL-8B-Instruct,2,2.0,4.930065419790253e-07,0.001618540845811367,0.006481898640952415,0.0
state:df1f9e2f990480336397393b,hallusionbench,google/gemma-4-E4B-it,3,6.0,7.144733486888015e-05,0.04161665836970011,0.043861554510374705,0.05555555555555536
state:dfdd0490dc7853147a808c5a,vizwiz,google/gemma-4-E4B-it,2,2.0,1.018403437494967e-05,0.00018368716700933874,0.036244460782148644,0.0
state:090127469dacfda581a25dbf,pope,Qwen/Qwen3-VL-8B-Instruct,3,6.0,0.00020347144745921767,0.0262271538635509,0.0879844261082576,0.09999999999999987
state:6e2d8f55dd06a2e7032db54e,pope,Qwen/Qwen3-VL-8B-Instruct,2,2.0,1.2961807863927529e-05,0.0028099039518565405,0.017580267628744983,0.0
state:a3ff4e9956dcd11b23ba00f4,vizwiz,google/gemma-4-E4B-it,4,10.0,8.85903992889574e-06,0.030761442184448227,0.04581411164754401,0.28148148148148155
state:ee144b0b176674095d8ede0f,pope,Qwen/Qwen3-VL-8B-Instruct,4,10.0,5.0892450119948125e-06,0.00048439471051096443,0.03042582000359382,0.07777777777777761
state:9237f3d3a6dcac870bfa4613,vizwiz,Qwen/Qwen3-VL-8B-Instruct,3,6.0,9.65914436709791e-06,0.006254974338743419,0.04059746189521468,0.2222222222222221
state:a47b89adfdee6151bfd0bda1,hallusionbench,google/gemma-4-E4B-it,2,2.0,8.958194230983962e-07,0.002345483750104904,0.0094649130659695,0.0
state:75250ca9db54fee5ccd40216,pope,google/gemma-4-E4B-it,2,2.0,1.2966420662338715e-07,0.012373030185699463,0.023017189089993426,0.0
state:db687a1b0d62cdced6194897,pope,Qwen/Qwen3-VL-8B-Instruct,2,2.0,2.0346682707939046e-06,0.006021030247211456,0.02773400873596155,0.16666666666666663
state:743357eac057f1ec77277bb9,pope,Qwen/Qwen3-VL-8B-Instruct,2,2.0,9.160856004233235e-05,0.003115149123914307,0.042184894620668795,0.33333333333333337
state:34de92b015d98712e8389e66,pope,Qwen/Qwen3-VL-8B-Instruct,3,6.0,3.482269314879431e-05,0.0055593828567200255,0.02506354543072908,0.08888888888888868
state:7709fea1c4fa294c52d7d45d,hallusionbench,google/gemma-4-E4B-it,4,10.0,6.144438704549894e-05,0.0022599866054952233,0.04395721628499556,0.34444444444444455
state:3e64ac05c26e6fbc6dd7d17c,pope,google/gemma-4-E4B-it,4,10.0,5.2089437496165464e-05,0.005811471603810797,0.022047310243791106,0.07777777777777761
state:e46a1e17598b95f8184e809a,vizwiz,Qwen/Qwen3-VL-8B-Instruct,3,6.0,0.00012487873065404744,0.017921103789881765,0.043776834187557144,0.08888888888888868
state:987e892fb52a9dbc3b7979d6,hallusionbench,Qwen/Qwen3-VL-8B-Instruct,4,10.0,0.0009348053226648758,0.016603789534419773,0.05884521427338604,0.08888888888888868
state:4a1f5af15eb014d8d7db5d44,pope,Qwen/Qwen3-VL-8B-Instruct,2,2.0,2.178487401572466e-05,0.013642165809869766,0.021804520722233073,0.33333333333333337
state:39e1e5620f6b55bcfbcbb1ac,pope,Qwen/Qwen3-VL-8B-Instruct,3,6.0,0.00033020462018118734,0.019628334790468216,0.05805011994454883,0.09999999999999987
state:858dd4d095b9cd90069e3ac3,vizwiz,Qwen/Qwen3-VL-8B-Instruct,4,10.0,3.1084634180253426e-09,0.00015571117401123047,0.0422762470464881,0.5703703703703703
state:4d3962b70dfc032f6384913a,hallusionbench,google/gemma-4-E4B-it,4,10.0,6.57377274134306e-05,0.0026770161092281334,0.04849564683459438,0.23703703703703682
state:d22dcf13063e169b738c95e3,vizwiz,Qwen/Qwen3-VL-8B-Instruct,3,6.0,0.0005117056634042216,0.017898606912543375,0.060326154916256154,0.08888888888888868
state:759ca1176a1fac4e3e3457bf,hallusionbench,google/gemma-4-E4B-it,2,2.0,6.978416154927264e-06,0.009326769039034843,0.011545288372252056,0.16666666666666663
state:2fdb345debea2a0244cd2e21,pope,Qwen/Qwen3-VL-8B-Instruct,4,10.0,5.481076345882872e-05,0.007854525661095976,0.028968663504492863,0.059259259259259234
state:1b2a854fb4783bc2e486b761,pope,Qwen/Qwen3-VL-8B-Instruct,2,2.0,7.36270185316777e-05,0.005800451811296625,0.03332525267952123,0.0
state:57c17f333e74ba1f5984f97a,hallusionbench,Qwen/Qwen3-VL-8B-Instruct,2,2.0,2.223270876985938e-05,0.019023440778255463,0.02676767292091439,0.0
state:b5094b0c0608a165ea48abad,pope,Qwen/Qwen3-VL-8B-Instruct,2,2.0,0.000580940409026548,0.020659685134887695,0.05035749532554334,0.0
state:39227f11399ce1cb92df6caa,vizwiz,Qwen/Qwen3-VL-8B-Instruct,2,2.0,1.6512339594832452e-06,0.003846891224384308,0.018214824943313185,0.0
state:8c14343caf0911281a2d83f2,pope,google/gemma-4-E4B-it,3,6.0,1.470030162002e-05,0.003939174814149737,0.020594504737545684,0.0
state:dcb22a0cd1c08300eb93f67d,vizwiz,google/gemma-4-E4B-it,4,10.0,2.180884118751261e-08,0.0009639620780944824,0.04210244079905568,0.48888888888888893
state:c1cd53a8fb2265b4222737cb,vizwiz,google/gemma-4-E4B-it,2,2.0,2.657198187516342e-08,0.009115815162658691,0.014979117892433816,0.0
state:640f27899fa75022680182d5,pope,google/gemma-4-E4B-it,2,2.0,3.162319309907162e-05,0.022541195154190063,0.05522961120278606,0.16666666666666663
state:2bb34bf771b10cf20e309e38,vizwiz,Qwen/Qwen3-VL-8B-Instruct,4,10.0,1.723534259374893e-05,9.716188124003101e-05,0.0704984941826649,0.3555555555555556
state:a3c13f8e9181ff9e4dc285b1,vizwiz,Qwen/Qwen3-VL-8B-Instruct,4,10.0,0.0013500016470764785,0.06959238409996034,0.06374490813663493,0.05925925925925901
state:cdc0d5b0970201738a655630,hallusionbench,google/gemma-4-E4B-it,4,10.0,0.033039715530088415,0.14260164082050325,0.14037883336574214,0.06666666666666665
state:a1947346351434c4e3a6d609,vizwiz,Qwen/Qwen3-VL-8B-Instruct,2,2.0,6.405805317379363e-05,0.027807466685771942,0.034221503570297,0.0
state:2f20e6d7eae771e459086591,pope,Qwen/Qwen3-VL-8B-Instruct,3,6.0,2.222018620531392e-05,0.011306669873495897,0.031058960740105536,0.08333333333333337
state:9640845670e3903364e2ed1c,vizwiz,Qwen/Qwen3-VL-8B-Instruct,3,6.0,3.451656377212695e-06,0.0025510646713276706,0.036392506768959935,0.15333333333333343
state:eb894068cd57eca5cce6e045,pope,Qwen/Qwen3-VL-8B-Instruct,2,2.0,4.303496994753514e-06,0.0003726603463292122,0.03586961403329759,0.16666666666666663
state:dbc869175100f2b659283dd8,pope,Qwen/Qwen3-VL-8B-Instruct,3,6.0,3.8625757796106956e-05,0.004921736609604624,0.022727058966960787,0.05555555555555547
state:99e5a88ad1de34f528742bf7,vizwiz,google/gemma-4-E4B-it,2,2.0,0.0001791428701063306,0.02711513638496399,0.03846634561116457,0.0
state:5aecb72bf5a325241236df78,vizwiz,google/gemma-4-E4B-it,2,2.0,9.254425799081261e-06,0.0001124376940424554,0.02167868878631699,0.0
state:299cc60925bd856bbfb8e4cc,pope,google/gemma-4-E4B-it,3,6.0,8.926340562764144e-06,0.003181767649948597,0.0166368114010556,0.0
state:769a16edb6a035931354e6a6,pope,google/gemma-4-E4B-it,3,6.0,7.502548084650669e-05,0.003106110460673032,0.04888829494990484,0.08888888888888868
state:29139a3f9ae29ab8eb96a99e,vizwiz,google/gemma-4-E4B-it,4,10.0,0.00010232310514202072,0.01949017643928528,0.06755981708279367,0.1777777777777778
state:1dda86400ef7cd6029811e52,hallusionbench,Qwen/Qwen3-VL-8B-Instruct,4,10.0,4.664744610659133e-06,0.0009217940457165331,0.025744146767304493,0.17333333333333312
state:1e491440d56ebeae6eb2cedc,hallusionbench,google/gemma-4-E4B-it,2,2.0,2.9836539774723223e-05,0.006324049085378647,0.028670750418529758,0.0
state:fb748af7141a6f91ba8a5364,vizwiz,google/gemma-4-E4B-it,2,2.0,1.3656247029931348e-06,0.001992344856262207,0.018811891093189863,0.33333333333333337
state:6be58a7e30b40246dd4afbde,pope,Qwen/Qwen3-VL-8B-Instruct,4,10.0,3.297878597570409e-05,0.005347108151763669,0.024359021602887804,0.033333333333333326
state:f9d6cf2517911cec4c60f58c,pope,google/gemma-4-E4B-it,4,10.0,7.716611532132882e-05,0.00046704909589607285,0.038021373530271185,0.05925925925925901
state:00208bf783f1cfb3e1ccb655,vsr,Qwen/Qwen3-VL-8B-Instruct,2,2.0,1.8459087484772238e-06,0.01336929202079773,0.03669629040115665,0.19999999999999996
state:fa89462ad4c15083e1e0ac10,pope,Qwen/Qwen3-VL-8B-Instruct,3,6.0,3.4452624527003424e-05,0.003611005661595199,0.021967101644000276,0.08888888888888868
state:7ba83f5a8933b1f949a26ea0,vizwiz,google/gemma-4-E4B-it,4,10.0,0.001442925661947401,0.005019355739641451,0.052315738849595846,0.23333333333333328
state:f5de5c7cf6f0ceedee5d43df,hallusionbench,Qwen/Qwen3-VL-8B-Instruct,3,6.0,0.006290352342793651,0.034796507153127244,0.07529039118721954,0.16666666666666663
state:a8f4b3fc2b567f7f5d39a145,hallusionbench,google/gemma-4-E4B-it,4,10.0,7.644836311962147e-06,0.0003934371365903643,0.053218434288720036,0.23333333333333328
state:b21f1ab3910cb66109c2c201,pope,google/gemma-4-E4B-it,3,6.0,1.217140105473461e-06,0.0007772764915393457,0.02539886036784769,0.09999999999999987
state:30ee30290f6b18a91ddc42b3,pope,Qwen/Qwen3-VL-8B-Instruct,4,10.0,2.2473539210389182e-05,0.0024880542818573317,0.03531114266356524,0.05925925925925901
state:3bd815e4882bc7a90bdcd253,hallusionbench,Qwen/Qwen3-VL-8B-Instruct,4,10.0,0.00734797961636925,0.01936198963296192,0.14283616919953745,0.1518518518518518
state:13523c27baf5ec53a9a4514d,pope,Qwen/Qwen3-VL-8B-Instruct,2,2.0,4.018654741609428e-06,0.0028564641252160072,0.009987312759852474,0.0
state:f36e1bfc60a513798274f7c6,vizwiz,google/gemma-4-E4B-it,3,6.0,2.2456914692782633e-05,0.0005735958782477532,0.05691390903074478,0.4
state:6bd2be6ca8b7e93676816579,vizwiz,Qwen/Qwen3-VL-8B-Instruct,3,6.0,8.694512484678378e-05,0.004877416623963249,0.024881438726206177,0.08888888888888868
state:9e15413976639b3b62801a0a,vsr,google/gemma-4-E4B-it,4,10.0,0.0019587306618306937,0.08031659175001551,0.09171261873438301,0.059259259259259234
state:0c4647e87ca4414e1636ca49,pope,google/gemma-4-E4B-it,4,10.0,0.0007531724285894518,0.07013029530644417,0.07546339274230467,0.2407407407407408
state:696f8e3a25b0127dc70f24c8,pope,google/gemma-4-E4B-it,2,2.0,4.497580093068707e-06,0.0004018160980194807,0.035996463177417615,0.0
state:1e848dfd336a58e716b6e365,vizwiz,google/gemma-4-E4B-it,2,2.0,2.800138148873528e-05,0.0157909095287323,0.02812716967099036,0.33333333333333337
state:f14fe8a415bbf8e99038963f,vizwiz,Qwen/Qwen3-VL-8B-Instruct,2,2.0,3.594165746011608e-06,0.0027396699879318476,0.00954450294139767,0.0
state:21523673e9ee7f3ad6849456,pope,Qwen/Qwen3-VL-8B-Instruct,2,2.0,1.350916830540082e-06,0.0011401865631341934,0.008864996431015262,0.0
state:facc4d0b913bd86fb833a9b6,pope,google/gemma-4-E4B-it,2,2.0,3.7688886549287455e-06,0.001509471714598476,0.023302474021133515,0.16666666666666663
state:21a6dc7c7a0fb693b9983c33,vizwiz,Qwen/Qwen3-VL-8B-Instruct,2,2.0,5.205566539780031e-05,0.012219041585922241,0.039716321204729045,0.19999999999999996
state:c3cf92531334bf31675971f0,pope,Qwen/Qwen3-VL-8B-Instruct,4,10.0,4.66123724985869e-06,0.0006102840788662434,0.03828393280870162,0.059259259259259234
state:03afdefe340c1135782028f6,pope,Qwen/Qwen3-VL-8B-Instruct,3,6.0,5.427030999516316e-06,0.0007778669500516644,0.03654405590554856,0.06666666666666654
state:7b2e3269d5490a082a8781dc,vizwiz,google/gemma-4-E4B-it,2,2.0,6.884435981001308e-11,3.653764724731445e-05,0.034373774452808516,0.0
state:9877e4f90f00785d95a61616,vizwiz,google/gemma-4-E4B-it,3,6.0,0.00019995615312738465,0.003486463019119886,0.04587932606512486,0.2222222222222222
state:cd1d233289bbe3dd9aeafd40,pope,Qwen/Qwen3-VL-8B-Instruct,4,10.0,3.965455306741059e-05,0.006259041894227266,0.025609115969835946,0.033333333333333215
state:a0879f85cf82dcda91af6a7c,vizwiz,Qwen/Qwen3-VL-8B-Instruct,3,6.0,3.493861169967207e-07,0.011803195708327835,0.034552140406517086,0.0
state:0d4103fc1f4257b33fc468d8,hallusionbench,Qwen/Qwen3-VL-8B-Instruct,3,6.0,0.00014149718986821122,0.0075458926148712635,0.034241655927615154,0.0
state:090c92a37d027e13eeb9ce4a,pope,Qwen/Qwen3-VL-8B-Instruct,3,6.0,0.001133645730333491,0.04732033206770817,0.08422421276260925,0.0
state:ac10f55f98fc841c334a8443,vizwiz,Qwen/Qwen3-VL-8B-Instruct,4,10.0,3.5840164801976215e-07,0.013072621822357178,0.05092795056687242,0.3851851851851852
state:7ce3ffe45811b19d32902131,vizwiz,Qwen/Qwen3-VL-8B-Instruct,3,6.0,0.0002331863807842828,0.015365040964550445,0.02825855092744482,0.19555555555555582
state:919d42cf42a33462fc2b1bf5,pope,google/gemma-4-E4B-it,3,6.0,9.348060421047235e-05,0.0012772525986090638,0.07445606861981305,0.22777777777777763
state:9d68e93a630b07d84652f068,vizwiz,google/gemma-4-E4B-it,2,2.0,5.975007269532703e-08,0.004778176546096802,0.00881462015332242,0.5
state:7dd96d79d4eac84b1d9e91aa,vizwiz,google/gemma-4-E4B-it,3,6.0,1.1514582362068423e-06,0.01582261588838363,0.03175445581739675,0.2666666666666667
state:932739da578b76b96ef78a8e,pope,google/gemma-4-E4B-it,4,10.0,7.399504432982056e-08,0.013548202514648411,0.04873653999120291,0.38888888888888884
state:df6bd67b3cd2d0328feead14,vizwiz,google/gemma-4-E4B-it,3,6.0,1.4831604075880942e-08,0.007242394818199993,0.019454430650434805,0.2666666666666667
state:33655c27a0e61c667982120d,vizwiz,google/gemma-4-E4B-it,3,6.0,1.5463569401623146e-09,8.96089606814791e-05,0.06362370471834916,0.33333333333333337
state:c6d2d8f0d22e5152c2bd4f31,vizwiz,google/gemma-4-E4B-it,4,10.0,1.0303536821404042e-09,0.00016025543212889738,0.04484077443557166,0.6777777777777778
state:fffe694a3d96f542d13bbef1,hallusionbench,google/gemma-4-E4B-it,2,2.0,4.196237752903545e-08,0.0024149753153324127,0.023968119377024127,0.16666666666666663
state:97bd541af7c0a941524a6f5f,pope,google/gemma-4-E4B-it,2,2.0,0.000749184296699274,0.06665351521223783,0.057747731410036494,0.5
state:5df5d616a78a4970407ff099,hallusionbench,Qwen/Qwen3-VL-8B-Instruct,4,10.0,0.001405112034323999,0.024488286724588876,0.1275038065175584,0.07777777777777772
state:26b19e764b0a3f02308d0028,pope,Qwen/Qwen3-VL-8B-Instruct,3,6.0,4.1674121624980515e-05,0.007753279267085924,0.021394253350916062,0.0
state:f5fa853881f3fc6929f16ced,vizwiz,google/gemma-4-E4B-it,3,6.0,4.754790911006084e-06,0.00014895752732021114,0.03286937483279689,0.3555555555555555
state:6c9c7b127713ff4e8bdb798b,pope,google/gemma-4-E4B-it,3,6.0,2.8386031025471768e-06,0.0006037313077184887,0.027914932295506855,0.05555555555555547
state:6a6414d2c0987e7e5602d84d,vizwiz,google/gemma-4-E4B-it,4,10.0,9.29818015801373e-06,0.010893056988716131,0.03154956413026416,0.23703703703703694
state:37ba7d13b3e7c5a5180adef2,pope,Qwen/Qwen3-VL-8B-Instruct,4,10.0,0.0003989072077938101,0.021983589529991153,0.07100247593161638,0.07777777777777761
state:a005017baac1ed83dd7fbcda,vizwiz,Qwen/Qwen3-VL-8B-Instruct,4,10.0,5.766231054432636e-06,0.00870549514889718,0.048306843673746235,0.37037037037037035
state:a8379c9e70ee6b84ab63f666,pope,Qwen/Qwen3-VL-8B-Instruct,4,10.0,6.907146410801641e-06,0.0007548290956765324,0.03783268596911912,0.08888888888888857
state:5a9ea814568c523bca1868aa,vizwiz,Qwen/Qwen3-VL-8B-Instruct,3,6.0,0.0019188829704478523,0.024750989861786362,0.06544146402042617,0.10666666666666658
state:5cfe3e75cb46ded376e29e47,pope,Qwen/Qwen3-VL-8B-Instruct,2,2.0,3.065334279364334e-08,0.004429936408996582,0.010823594677113732,0.6666666666666667
state:45c8672aff755d02f52c79dc,hallusionbench,google/gemma-4-E4B-it,2,2.0,0.00025151113652070246,0.010993540287017822,0.0344875435335168,0.0
state:c391eb61444020b6d91a0670,vizwiz,google/gemma-4-E4B-it,2,2.0,5.028782106692316e-10,0.0002250373363494873,0.045805796827295846,0.0
state:6b97af375b56307b1bbbc1b7,vizwiz,google/gemma-4-E4B-it,4,10.0,7.873064374163395e-08,0.0029794907569885344,0.06948648108128024,0.43333333333333335
state:73e89ff8e04715e952b26882,vizwiz,Qwen/Qwen3-VL-8B-Instruct,2,2.0,6.441912833570965e-05,0.006244231015443802,0.060742049917511,0.0
state:4af8f8e5fceb8d5335617230,hallusionbench,google/gemma-4-E4B-it,4,10.0,4.406262158186255e-05,0.00947095550596713,0.11463406461457597,0.1644444444444444
state:159c8d4ce323e637cf544d4e,pope,google/gemma-4-E4B-it,3,6.0,1.3374650280060857e-05,0.006748688303762,0.03433287163768061,0.2666666666666667
state:828d3fe38e72f20cc41f0b72,vizwiz,google/gemma-4-E4B-it,4,10.0,3.2003332059014573e-09,0.00012862682342529297,0.033701167989573594,0.16666666666666685
state:06ca3c9d59f3596e745dbe7a,pope,google/gemma-4-E4B-it,3,6.0,4.105015079796017e-06,0.0005952485371381044,0.02642933837688794,0.08888888888888868
state:9f22fb7cdb58567e0a99b226,vizwiz,google/gemma-4-E4B-it,4,10.0,4.580091313909815e-05,0.00026265818625689443,0.041292801179166866,0.23703703703703716
state:c27cacf3f5c317b7a321ad3b,pope,Qwen/Qwen3-VL-8B-Instruct,4,10.0,6.291003262153655e-05,0.0033179260324686767,0.04525878855527657,0.21037037037037043
state:db0afd539eb6dacec739b956,vizwiz,Qwen/Qwen3-VL-8B-Instruct,2,2.0,9.050041724459293e-06,0.004308590665459633,0.014813874769061907,0.0
state:fa0f60c153344ef3af585949,vizwiz,Qwen/Qwen3-VL-8B-Instruct,3,6.0,8.77202892348288e-06,0.006553314626216888,0.023762044760074194,0.06666666666666665
state:9d40a5f4ef6ebf5dd2e699fb,pope,google/gemma-4-E4B-it,4,10.0,1.741904226052736e-05,0.0010899547673761845,0.03880027685243045,0.12592592592592589
state:16cf03757d1dc2bf035c680b,vizwiz,google/gemma-4-E4B-it,4,10.0,1.0138281876699087e-09,0.00010422468185424804,0.028088736985600944,0.3148148148148149
state:85429a110fa781c0ef7416b8,pope,google/gemma-4-E4B-it,3,6.0,6.516383680691909e-05,0.002538426468112839,0.06405901184137436,0.11111111111111127
state:9626318216a3075265dd44c4,pope,Qwen/Qwen3-VL-8B-Instruct,3,6.0,0.00012583963992902864,0.0024250331852171156,0.021579092382173686,0.05555555555555536
state:ccbaa877f614a2963ca7a89c,vizwiz,Qwen/Qwen3-VL-8B-Instruct,3,6.0,3.1966811281846125e-06,0.011128406971693039,0.03644473602962581,0.2000000000000003
state:63bf39da1c28591a9ed652fe,vizwiz,google/gemma-4-E4B-it,3,6.0,2.7141199907411584e-06,6.64571543893544e-05,0.05642707057924581,0.3555555555555555
state:69998825a82569aa629ea405,pope,google/gemma-4-E4B-it,2,2.0,1.1176193865811482e-05,0.002915795716944558,0.014254785640160996,0.0
state:8bd395b3924894e0cc7979ff,pope,google/gemma-4-E4B-it,3,6.0,4.90289332922533e-05,0.007671890728589562,0.022569859956739217,0.05555555555555536
state:684cda89c4034b99da58ccff,vsr,Qwen/Qwen3-VL-8B-Instruct,3,6.0,0.0031727270979901565,0.094927034030358,0.1662988256032284,0.05555555555555536
state:756286239815a9aeedbacb7d,pope,google/gemma-4-E4B-it,2,2.0,4.283188968132657e-05,0.00909540057182312,0.04454080774456904,0.0
state:6e020128b370501ae5d677a1,vsr,Qwen/Qwen3-VL-8B-Instruct,2,2.0,2.6935589330290364e-05,0.007936702109873295,0.01573760987492021,0.16666666666666663
state:a3904e533d4f52024fbc8c5c,vizwiz,google/gemma-4-E4B-it,4,10.0,5.277827969611749e-06,0.0005434395006159276,0.10164837434625312,0.37037037037037046
state:8d1f2bb0976b99666657074d,pope,Qwen/Qwen3-VL-8B-Instruct,3,6.0,0.00012677259328422783,0.010375485600282768,0.051766368322932375,0.0
state:3940ec68400b68a7cf812f5d,vizwiz,google/gemma-4-E4B-it,3,6.0,5.6755677908737685e-08,0.009749342997868856,0.02394845892831373,0.2666666666666667
state:25de199c10626ae5f6044053,pope,Qwen/Qwen3-VL-8B-Instruct,2,2.0,5.335800100271146e-05,0.005793140269815922,0.020621065750748402,0.0
state:47388244f3ab3929b9cb4af2,vizwiz,Qwen/Qwen3-VL-8B-Instruct,4,10.0,3.2345573790718407e-06,0.0004156357795000121,0.06728515481254861,0.23703703703703694
state:dc2ac0eb2f26b32dce147908,hallusionbench,google/gemma-4-E4B-it,4,10.0,5.7322806283025626e-05,0.006537685487419366,0.028974043067170524,0.05925925925925901
state:4d9925304c6004d0eb774421,hallusionbench,google/gemma-4-E4B-it,4,10.0,1.6219448516989386e-05,0.0058092392981052305,0.05258642205079275,0.08888888888888868
state:4be410f1ecad1e8e560cb34f,hallusionbench,Qwen/Qwen3-VL-8B-Instruct,4,10.0,9.058518120814356e-05,0.006925831139087679,0.06116203515702824,0.1711111111111112
state:ead8252c670eb7bec87710e3,pope,google/gemma-4-E4B-it,4,10.0,2.2528789822586557e-05,0.0002450132504236579,0.09271362504669234,0.22962962962962963
state:0154070b7654fb20b6d51b69,pope,Qwen/Qwen3-VL-8B-Instruct,2,2.0,1.3047085666445914e-05,0.0033881468698382378,0.011642799659714745,0.0
state:9e5a1e3b52ef68330ad94225,hallusionbench,google/gemma-4-E4B-it,4,10.0,0.00012781868969446493,0.025529409945011138,0.04601995209481803,0.2962962962962964
state:ebe94c8b2d2ee0f8be98a8c3,pope,Qwen/Qwen3-VL-8B-Instruct,3,6.0,1.9141405597042486e-05,0.005052083856046212,0.027704109226380585,0.05555555555555536
state:af8b17bf5218305de89449c4,pope,google/gemma-4-E4B-it,3,6.0,5.5541345587174675e-06,0.0007493040110501979,0.036499457235273085,0.09999999999999987
state:2acfdc26a18a3121bebc6107,pope,Qwen/Qwen3-VL-8B-Instruct,4,10.0,2.474194009172718e-06,0.0005364353954792067,0.027502572599856695,0.05925925925925901
state:41d77e91950b37e791dc049d,hallusionbench,Qwen/Qwen3-VL-8B-Instruct,3,6.0,0.00022827657044150436,0.011028097549569793,0.04908986948589507,0.08888888888888868
state:f8ee43c475a8e6705a582c37,vsr,Qwen/Qwen3-VL-8B-Instruct,4,10.0,2.8093047988741382e-05,0.006137637346982955,0.04545064938787549,0.07777777777777761
state:05984aaf9ad897e2d1ed556c,pope,Qwen/Qwen3-VL-8B-Instruct,4,10.0,5.244691406630525e-06,0.0005461872927844525,0.0355435155322188,0.07777777777777761
state:29ebf55d954a02c4d204c3fd,vizwiz,Qwen/Qwen3-VL-8B-Instruct,2,2.0,4.682259510372465e-05,0.009460210800170898,0.04749911209222688,0.0
state:16729c1f61fd80434431b4f9,vizwiz,Qwen/Qwen3-VL-8B-Instruct,3,6.0,0.0002021926522142789,0.03211156858338249,0.04210118950119037,0.2000000000000003
state:f6d4417e25b387cb1b87ac5e,vizwiz,Qwen/Qwen3-VL-8B-Instruct,2,2.0,1.0338156646151405e-06,6.578454485861585e-05,0.018433011331182164,0.6666666666666667
state:e437c5599c9105b119874dcb,vsr,Qwen/Qwen3-VL-8B-Instruct,2,2.0,9.443552170050498e-05,0.006314217112958431,0.025022112515984542,0.16666666666666663
state:7517fea334f2d6ce884fb8b1,hallusionbench,Qwen/Qwen3-VL-8B-Instruct,3,6.0,0.00021870339801793978,0.006812352945821154,0.039003898840442336,0.08888888888888868
state:9f9a2b5dc1e4ba2ff78a0191,vizwiz,Qwen/Qwen3-VL-8B-Instruct,2,2.0,4.385301971161422e-06,0.0009582936763763428,0.0317674665022693,0.6666666666666667
state:6ecdfdab28da787bd1f0810f,vizwiz,Qwen/Qwen3-VL-8B-Instruct,2,2.0,7.430707206524246e-05,0.02017235165112652,0.019643332216084445,0.0
state:c21157860e581e33c3fb9e88,pope,Qwen/Qwen3-VL-8B-Instruct,3,6.0,0.0010118657121668093,0.04545619948193134,0.05084900343317206,0.08888888888888868
state:5dd89e044d98ace3c71cfbf4,vizwiz,Qwen/Qwen3-VL-8B-Instruct,4,10.0,3.0881495914348457e-06,0.027393871545791627,0.07500271959707168,0.4370370370370371
state:8489dee2ff19ddb9e79bf178,vizwiz,Qwen/Qwen3-VL-8B-Instruct,2,2.0,5.172876397489658e-05,0.00480923056602478,0.025699195226693457,0.0
state:fc92fa0e4f94e76b909cd35c,vizwiz,Qwen/Qwen3-VL-8B-Instruct,3,6.0,0.00027946092182219067,0.023730966779920815,0.04169386826916156,0.05555555555555536
state:1379af606e0d609b2d073e35,vsr,google/gemma-4-E4B-it,2,2.0,1.1837060343803796e-07,0.0016802512109279633,0.031199093660632685,0.16666666666666663
state:9e34eb6fe6f4a6cf3d50aa7f,vizwiz,Qwen/Qwen3-VL-8B-Instruct,2,2.0,6.401075811518962e-07,0.004187136888504028,0.03888217404625826,0.8333333333333334
state:19513653f4e37cc3c3f3a09c,vizwiz,Qwen/Qwen3-VL-8B-Instruct,3,6.0,7.071198890672419e-05,0.016762178805139343,0.04320155801607182,0.06666666666666665
state:54f7d3ce0c3674bf9b94abb8,vizwiz,google/gemma-4-E4B-it,4,10.0,0.0006860378335468654,0.009753298075520432,0.0844568581539432,0.1222222222222219
state:fa06b3f33f16bbe2d0f4c75f,vizwiz,Qwen/Qwen3-VL-8B-Instruct,3,6.0,0.0005273286479559426,0.04537406750023365,0.06998206185784625,0.0888888888888888
state:798c70de013d8e70b838b80d,vizwiz,google/gemma-4-E4B-it,4,10.0,1.77137676133399e-05,0.019807446002960204,0.03272767660822201,0.09999999999999998
state:b074adcca470ced1aad44788,pope,Qwen/Qwen3-VL-8B-Instruct,2,2.0,5.266044445498882e-05,0.005827660672366619,0.020449073136401354,0.0
state:a518eaeca6e6cb5e9047249e,vizwiz,google/gemma-4-E4B-it,2,2.0,1.1635142450342016e-07,0.030164450407028198,0.04597143889955813,0.0
state:07b07a3a0272a1e12e7a82b6,vizwiz,Qwen/Qwen3-VL-8B-Instruct,3,6.0,0.0003146518221391594,0.025273597902721833,0.028445544553355344,0.08888888888888868
state:71c5fe8803ec368c61a8b684,pope,google/gemma-4-E4B-it,2,2.0,3.452578950542489e-06,0.001326988299297227,0.02265503035222977,0.0
state:bc828a800337b151efe84308,pope,Qwen/Qwen3-VL-8B-Instruct,3,6.0,0.00025587234152410726,0.024203772346178692,0.041318107064553404,0.09999999999999987
state:187856038b87eaf299952891,pope,Qwen/Qwen3-VL-8B-Instruct,2,2.0,3.569317456456959e-05,0.008474409580230713,0.014585162589730987,0.16666666666666663
state:fa56bcaef8f1b7815d7f7896,vizwiz,Qwen/Qwen3-VL-8B-Instruct,2,2.0,0.00010270827938607281,0.009746551513671875,0.014663959597045313,0.0
state:b08774d8d7e82094dd291291,pope,google/gemma-4-E4B-it,3,6.0,6.896259834130132e-06,0.006242632245024045,0.06558958970933867,0.4
state:f03fe172fe3e39beda85daf7,vizwiz,Qwen/Qwen3-VL-8B-Instruct,4,10.0,1.1724446339091737e-05,0.012898764593992381,0.062287443728419684,0.1518518518518518
state:4507a9eef490b856a3073aea,vizwiz,google/gemma-4-E4B-it,2,2.0,1.5326869897560968e-06,0.0009944438934326172,0.01615148813595022,0.0
state:a552c5ef576c46283a6b9c47,hallusionbench,google/gemma-4-E4B-it,2,2.0,0.00017117308196765713,0.003328859806060791,0.012071225254576325,0.0
state:c4e465050c7f4a9c642d5a89,vsr,google/gemma-4-E4B-it,4,10.0,1.0616741770526616e-05,3.209281255294627e-05,0.07652602938217885,0.23703703703703682
state:e25591ca3055bf5a237bd2dd,vsr,Qwen/Qwen3-VL-8B-Instruct,3,6.0,8.742643437576066e-06,1.58425435630284e-05,0.08982753024627281,0.2222222222222221
state:74a4661755d0b12753a5241b,pope,google/gemma-4-E4B-it,3,6.0,4.4982198437367e-06,0.0006370072563489279,0.028340695309445257,0.0888888888888888
state:db4789bb7433a528a6a5f0ee,vizwiz,Qwen/Qwen3-VL-8B-Instruct,2,2.0,0.0010057846477686864,0.09304751642048359,0.12807229853069838,0.33333333333333337
state:89ba48f800d7dd516af3f7bb,vizwiz,google/gemma-4-E4B-it,3,6.0,7.354231432781917e-08,0.010835587978363037,0.01476970518061966,0.16666666666666663
state:b37783415d42218870adc78f,vsr,google/gemma-4-E4B-it,3,6.0,0.0007685957363364365,0.02046609836568083,0.08789220819636737,0.28888888888888886
state:9d916ca71a2d1b8f95d8a118,vsr,google/gemma-4-E4B-it,2,2.0,0.0008462056251506319,0.007554416985669832,0.051382097235611233,0.16666666666666663
state:2b39be8b20f49907e93b31d9,pope,Qwen/Qwen3-VL-8B-Instruct,3,6.0,4.831398177091037e-06,0.00040705677949718727,0.03218913711531588,0.08888888888888868
state:b90b1aa5d10514ec18877089,vizwiz,google/gemma-4-E4B-it,3,6.0,7.201997235659504e-10,0.0002276963657803129,0.03528259333479245,0.0
state:c5856a36912fac0fdbb64013,pope,google/gemma-4-E4B-it,2,2.0,0.00015703296040020043,0.004166208117567294,0.06594904372818042,0.16666666666666663
state:a962bedbe49fa4a9ffdfd448,vizwiz,google/gemma-4-E4B-it,2,2.0,1.1425820968859592e-05,4.7951616579666734e-05,0.022849714091610615,0.0
state:45fa2d5c533c8da49466a3d0,pope,Qwen/Qwen3-VL-8B-Instruct,2,2.0,6.8834646559109785e-06,0.0019975751638412476,0.012217147713326557,0.0
state:635587145f1d2271dc1a996b,pope,google/gemma-4-E4B-it,3,6.0,1.5104951501133943e-05,0.0039239302277565,0.02045638460163194,0.08888888888888868
state:878f872af8d9292a500c5c01,vizwiz,google/gemma-4-E4B-it,3,6.0,8.681188365679867e-08,0.0036826100614335924,0.06259259196884372,0.4444444444444444
state:de2e401920f05229c2a353f7,hallusionbench,Qwen/Qwen3-VL-8B-Instruct,2,2.0,0.0009422315190228884,0.07401983626186848,0.06090479222414617,0.0
state:1fbb252c320f66b558676296,vsr,Qwen/Qwen3-VL-8B-Instruct,4,10.0,0.02200178012123723,0.14712948985397817,0.10580594952579492,0.07777777777777761
state:6a949850ed39e5d99665b4c9,pope,Qwen/Qwen3-VL-8B-Instruct,3,6.0,5.144614241811376e-06,0.0006968027446419001,0.036047815466095603,0.11999999999999977
state:32f81c0822cc3236bdf9cba9,vsr,Qwen/Qwen3-VL-8B-Instruct,3,6.0,4.993938733350155e-05,0.005016082792988325,0.031156121270880046,0.0
state:7a90cd31e259a3d449a311ce,pope,Qwen/Qwen3-VL-8B-Instruct,4,10.0,4.501910290175225e-05,0.008991436697542677,0.11892032839046324,0.15629629629629627
state:872613bc66b9de5806c91e05,pope,google/gemma-4-E4B-it,4,10.0,4.008753780072054e-06,0.0006319350376725198,0.03626248217165539,0.07777777777777761
state:a1c6e83631b0294e41f6fa4f,pope,Qwen/Qwen3-VL-8B-Instruct,3,6.0,3.455264695188777e-05,0.0036634729605995943,0.022096453615282518,0.08888888888888868
state:6d3a541b52ab18db3d6ddb86,hallusionbench,google/gemma-4-E4B-it,4,10.0,9.615681057754075e-05,0.014308934062719344,0.03882470477551493,0.08888888888888868
state:4dccb8094433791b57adbf24,pope,Qwen/Qwen3-VL-8B-Instruct,2,2.0,7.4194541621969905e-06,0.0020077629014849663,0.012412480183044852,0.0
state:cfa1f0e624b49491b9ec7b40,hallusionbench,google/gemma-4-E4B-it,3,6.0,0.00013516210906449155,0.005505199560730025,0.03718731994731874,0.09999999999999987
state:6b0addee0d2fb7e084638184,hallusionbench,Qwen/Qwen3-VL-8B-Instruct,4,10.0,2.5843782868522007e-06,0.0005754759348928884,0.024988767744760873,0.05925925925925901
state:eab31bd545e6d62828d5bf4a,pope,Qwen/Qwen3-VL-8B-Instruct,2,2.0,3.626241492910774e-06,0.0016593433047091821,0.02381536977139159,0.0
state:34b0227ec7b9cb514fc9fc99,pope,google/gemma-4-E4B-it,4,10.0,8.914221660371525e-08,0.000684919357299818,0.07334243197822779,0.2518518518518521
state:15373df8ec55d9cf7eddf02c,pope,google/gemma-4-E4B-it,3,6.0,0.00015647998336173007,0.0186812165710661,0.0908474112610319,0.15999999999999992
state:149573141ac66e30a14392f8,vizwiz,google/gemma-4-E4B-it,2,2.0,2.0225131555961387e-08,0.008907973766326904,0.011746670205325431,0.0
state:5fbec5dbed0db5353f6d2246,vizwiz,Qwen/Qwen3-VL-8B-Instruct,3,6.0,0.000556900622336363,0.020234134462144632,0.04341235905550997,0.19555555555555548
state:66783faf50ddeed0a175c0be,pope,Qwen/Qwen3-VL-8B-Instruct,3,6.0,1.0996738484715795e-05,0.003820255398750305,0.020241115647536317,0.09999999999999976
state:9e5c5ee04b17fb5c7dd918b9,vizwiz,Qwen/Qwen3-VL-8B-Instruct,4,10.0,2.972226092504839e-07,0.01143428087234497,0.04181917957109005,0.06666666666666687
state:ad77172f41c69a8d240ded79,vsr,google/gemma-4-E4B-it,4,10.0,6.672878347372484e-06,0.0027161758020520393,0.03889085468589696,0.12592592592592589
state:6a39582548645a884d77651e,pope,Qwen/Qwen3-VL-8B-Instruct,3,6.0,0.00016493852896939034,0.006054868221326615,0.05591470296986253,0.0
state:7a0e03dd7e4218e5b3bfd396,vizwiz,Qwen/Qwen3-VL-8B-Instruct,2,2.0,4.727428864646527e-07,0.004386011511087418,0.04055501143951751,0.0
state:6233c2465c63ce63015bbf0e,vizwiz,google/gemma-4-E4B-it,2,2.0,0.00038650239269843095,0.001749509713590669,0.04144989323715212,0.5
state:45e4341b91c0faeb61f4117b,pope,google/gemma-4-E4B-it,4,10.0,4.075587116403674e-06,0.0007023132871836424,0.02333278585056497,0.07777777777777761
state:4fd478bf045cd54c62ab06b4,pope,Qwen/Qwen3-VL-8B-Instruct,4,10.0,5.816320194131964e-05,0.00531908188282614,0.0355864935137975,0.05925925925925901
state:2c30536d7c0b5ce824b82201,hallusionbench,Qwen/Qwen3-VL-8B-Instruct,2,2.0,0.00015412715144234775,0.020977070667868247,0.03313695949940813,0.0
state:d8d19ea7e72199d72fb91f9d,pope,google/gemma-4-E4B-it,4,10.0,8.397893175910064e-05,0.010615312866866589,0.03229515128707703,0.033333333333333326
state:4fb4ca3936183e02c9b76967,pope,google/gemma-4-E4B-it,3,6.0,1.826322634536678e-06,0.007712492990928392,0.03488055753920093,0.11111111111111127
state:7f7328b887c6b08803f757a2,pope,Qwen/Qwen3-VL-8B-Instruct,4,10.0,5.132330424769784e-06,0.0006609431700780987,0.034292225444300974,0.08888888888888868
state:17ce123601a817b47abfaa07,vizwiz,Qwen/Qwen3-VL-8B-Instruct,4,10.0,0.000149616593795002,0.02561241465620696,0.058947806855877784,0.09851851851851878
state:5140186dfc0509ed3a68dc9a,vizwiz,Qwen/Qwen3-VL-8B-Instruct,3,6.0,0.0004135424272792736,0.011670673118310826,0.04871395360354149,0.25111111111111106
state:b8c6c99a61ffd91b43ab188d,vizwiz,Qwen/Qwen3-VL-8B-Instruct,4,10.0,0.00012661322521657507,0.02287683255163754,0.09020131392579137,0.11111111111111094
state:9fe97c28286910fbc9593638,vizwiz,google/gemma-4-E4B-it,3,6.0,6.866935009045994e-11,0.00018335051006738526,0.05098700965276835,0.0
state:8d41b49832702fcc47a68c51,vizwiz,Qwen/Qwen3-VL-8B-Instruct,4,10.0,0.0009550271550367399,0.007491175793111338,0.07047151921468815,0.23703703703703716
state:5c293ffc487f7660ff492cf7,pope,google/gemma-4-E4B-it,2,2.0,2.9646456569746833e-06,0.0020266638603061438,0.013873779655488434,0.0
state:067f6aa6de91ad777a2ad7b5,vizwiz,Qwen/Qwen3-VL-8B-Instruct,4,10.0,6.398039239326731e-05,0.02288451246004115,0.0457476792456674,0.11111111111111116
state:d52eace0e3645eece44da9ad,vizwiz,Qwen/Qwen3-VL-8B-Instruct,3,6.0,0.00011677823902264915,0.020005772097243205,0.03798353981749163,0.36111111111111116
state:5ccba0d6c9d6f5dc89f5334c,pope,google/gemma-4-E4B-it,3,6.0,0.0002574803576094493,0.04343843542867237,0.07272454828029727,0.19333333333333336
state:659adfd5c53b78be85ac589b,pope,google/gemma-4-E4B-it,2,2.0,1.3036347778445218e-05,0.0028769255623046774,0.01758885279688909,0.0
state:0d13a76e80d965cb1b8c58c4,pope,google/gemma-4-E4B-it,4,10.0,5.2858112418969886e-05,0.008645969070494175,0.026695494376649847,0.07777777777777761
state:3bad72c22cc9684f55eaafe0,vizwiz,Qwen/Qwen3-VL-8B-Instruct,3,6.0,0.0009114269601161697,0.023764508465925854,0.05103392199760376,0.14444444444444438
state:45aa4ea5850938ccf51813cd,hallusionbench,Qwen/Qwen3-VL-8B-Instruct,3,6.0,3.1612752721604504e-05,0.0033759749494493008,0.021382228944388747,0.09999999999999987
state:1295d0602d3408686b3aedff,pope,google/gemma-4-E4B-it,4,10.0,0.0006336171085047313,0.057656220551580185,0.05861363772278614,0.17777777777777792
state:b6c6209aeca3a442991888f6,vizwiz,Qwen/Qwen3-VL-8B-Instruct,2,2.0,2.6711958559099726e-05,0.00704063184093684,0.014117451877346683,0.0
state:2b6b1905e7b3d12afe198a69,pope,Qwen/Qwen3-VL-8B-Instruct,3,6.0,4.9308456255683926e-05,0.005053144931379279,0.02145145453022203,0.09999999999999987
state:12fdf527ecb90e97789d6c63,pope,google/gemma-4-E4B-it,3,6.0,0.00013547155307960386,0.004705303750982807,0.049640067490843195,0.08888888888888868
state:5d34918bf7abe9f4ec01578a,pope,google/gemma-4-E4B-it,2,2.0,2.2255421413248694e-05,0.004356241924142523,0.03696456541380462,0.0
state:c53a725041401226913ecc31,vizwiz,Qwen/Qwen3-VL-8B-Instruct,3,6.0,4.1323727536191e-05,0.003824626535384179,0.023646569252866723,0.09999999999999987
state:f8abd3d591e1afcb9d2a4d50,pope,google/gemma-4-E4B-it,3,6.0,2.5685097938813535e-05,0.004623154488702627,0.03818101321526985,0.25
state:8e882769ec89ca7802908775,pope,Qwen/Qwen3-VL-8B-Instruct,2,2.0,5.5904375981121845e-06,0.0011855403427034616,0.0102860048589103,0.0
state:c2d554748991e8b40f15b333,pope,Qwen/Qwen3-VL-8B-Instruct,2,2.0,1.3915323539724449e-05,0.0032527167350053787,0.01220452280375909,0.0
state:e43644c507d40328545f7ed5,pope,google/gemma-4-E4B-it,3,6.0,0.00014266503840026286,0.012210265629821346,0.031021573761370613,0.18888888888888888
state:be3063ca006c49bc72fce7db,hallusionbench,Qwen/Qwen3-VL-8B-Instruct,4,10.0,0.0004509821428816755,0.025130528956651698,0.042578572923989165,0.0
state:35e8bd06d8648e970c774e14,pope,google/gemma-4-E4B-it,2,2.0,0.0007885291991334567,0.031144879758358,0.05057913025044821,0.16666666666666663
state:b9f9c59e26871c94c4b09fc3,pope,google/gemma-4-E4B-it,2,2.0,1.0185168530527761e-05,0.001714798854663968,0.017499313803668304,0.16666666666666663
state:4669a06c92bb3e70de5db731,vizwiz,Qwen/Qwen3-VL-8B-Instruct,4,10.0,1.1655933101934715e-05,0.006717524677515026,0.01851464985438723,0.17777777777777792
state:ac8854eb57c880087b412adc,hallusionbench,google/gemma-4-E4B-it,3,6.0,5.599413598243538e-05,0.02235195537408193,0.043359596035459046,0.05555555555555536
state:892a7a39ef921b2bfab258a4,vizwiz,google/gemma-4-E4B-it,2,2.0,0.0005524238057866641,0.0028118885447838693,0.025854754197058332,0.0
state:0f6d7f91a65a40c465d6485a,vizwiz,google/gemma-4-E4B-it,2,2.0,1.9916218037728863e-06,0.012033402919769287,0.04313137573923442,0.0
state:7502b0e1d04ce6448edf8db5,pope,Qwen/Qwen3-VL-8B-Instruct,4,10.0,0.00020269882048050154,0.0063903308566659696,0.039805497302802195,0.07777777777777761
state:16ba9b7864d9d6ec0b93a8f0,vizwiz,google/gemma-4-E4B-it,4,10.0,0.00045529472944531727,0.006097664714907313,0.05861104906893996,0.25555555555555554
state:954ef9056e40d5eb068011f4,pope,google/gemma-4-E4B-it,2,2.0,1.912171723812895e-06,0.00112164206802845,0.008688418039752436,0.0
state:785f1773f533e3f35263faef,vizwiz,Qwen/Qwen3-VL-8B-Instruct,3,6.0,6.548185453841051e-05,0.004881980246864259,0.04170947008833937,0.2222222222222222
state:2c92dbd7470f617f7310a08a,vizwiz,Qwen/Qwen3-VL-8B-Instruct,4,10.0,3.374126260119534e-05,0.0002475093299289943,0.06030775732874326,0.34444444444444455
state:a510b8f46d9cd90437c1bd8e,pope,Qwen/Qwen3-VL-8B-Instruct,2,2.0,5.678919396463918e-06,0.002012879408994195,0.025320858597351024,0.0
state:cc2c047e75e88f03c3a9e708,pope,google/gemma-4-E4B-it,4,10.0,7.149846661528588e-05,0.0023220993758877742,0.044776964935735984,0.07777777777777761
state:ab6429ab95cccfa4036b8713,pope,google/gemma-4-E4B-it,4,10.0,8.21016021205717e-05,0.0054825630282357455,0.036830055167002565,0.033333333333333326
state:8bedab92412a805b10c4c8dc,hallusionbench,google/gemma-4-E4B-it,4,10.0,5.4088720643697e-06,0.0008509645937010646,0.03775758347252469,0.11555555555555541
state:95a4aa541e63a1dc0d597364,pope,Qwen/Qwen3-VL-8B-Instruct,2,2.0,1.3326716852774651e-05,0.0033168885856866837,0.011787673047928316,0.0
state:c2ddf87ec98e82de7bee7aee,vizwiz,google/gemma-4-E4B-it,4,10.0,0.0001571802365414174,0.02798794448375701,0.03254481913803669,0.11481481481481493
state:76bb92f10e4c44999537b1a8,vizwiz,Qwen/Qwen3-VL-8B-Instruct,4,10.0,4.165758666012391e-05,0.00038642597268335517,0.0470388743983349,0.28148148148148155
state:281b041070a5464a3a995daa,vizwiz,google/gemma-4-E4B-it,4,10.0,2.3411971336685866e-06,6.798220761994322e-05,0.045777588487537324,0.23703703703703682
state:68844737fabdb1b050dbfb4c,vizwiz,google/gemma-4-E4B-it,3,6.0,5.717886478545917e-06,0.011964557899369122,0.037125518398948,0.16666666666666663
state:b96f1927e82c233bfe00dc81,pope,Qwen/Qwen3-VL-8B-Instruct,3,6.0,4.2781311840320584e-05,0.015270914261539778,0.02981723397660233,0.1333333333333333
state:c123f3d35c34594483bd3ffa,pope,Qwen/Qwen3-VL-8B-Instruct,3,6.0,0.00023415679743546793,0.014254125456015268,0.02933192908651914,0.08888888888888868
state:a35dc747f6a207f66a87455d,pope,google/gemma-4-E4B-it,4,10.0,0.0001206409126133806,0.01382819043472409,0.02861427227364573,0.033333333333333326
state:e10d15183f23f816a315a726,vizwiz,Qwen/Qwen3-VL-8B-Instruct,2,2.0,2.055279626855821e-05,0.002592287013612804,0.04886481676463709,0.16666666666666663
state:2901be4b55ec48b63c6d19dc,pope,google/gemma-4-E4B-it,4,10.0,0.001111821812293232,0.029290601679389343,0.06145895063949543,0.07777777777777761
state:28fe81e0e33211d667a2aaaf,hallusionbench,google/gemma-4-E4B-it,4,10.0,1.256256402279248e-05,0.0010204720869660291,0.041422223127520606,0.16000000000000003
state:145930b27b511f7c011275ab,vizwiz,google/gemma-4-E4B-it,2,2.0,3.014835398322714e-09,0.0007336735725402832,0.016362905939943214,0.6666666666666667
state:56b0a381bdb8917be49791f3,vizwiz,google/gemma-4-E4B-it,4,10.0,3.600370900981619e-06,0.02233035147190094,0.050351817497059026,0.23703703703703682
state:335eb94942a86e32ba5af450,hallusionbench,google/gemma-4-E4B-it,2,2.0,1.172165994496563e-05,0.006248056888580322,0.015243384995617788,0.0
state:c46acdfc35761c5e6962beda,vizwiz,Qwen/Qwen3-VL-8B-Instruct,3,6.0,7.148929112283839e-10,0.0002869069576263428,0.07784091195815458,0.5333333333333333
state:088759ce99975eab9f30d656,hallusionbench,Qwen/Qwen3-VL-8B-Instruct,3,6.0,2.814224447783469e-05,0.0028515680589609738,0.018767831105836484,0.08888888888888868
state:624fe1d9cc4e97ecd5e17b0f,hallusionbench,google/gemma-4-E4B-it,2,2.0,7.294543823909637e-05,0.009265292358350052,0.029559030796546835,0.0
state:ccbd10cbddf05538bd5683f0,pope,google/gemma-4-E4B-it,2,2.0,4.435384591900348e-06,0.00039386283606290817,0.03596284902459885,0.0
state:eb6017746836b9c90efcd929,pope,Qwen/Qwen3-VL-8B-Instruct,3,6.0,3.458549123701283e-05,0.0035611415902773538,0.02201667732013567,0.05555555555555536
state:e5bf7b85596dab87f10f21e2,pope,Qwen/Qwen3-VL-8B-Instruct,2,2.0,2.8469516152686497e-05,0.007952447980642319,0.016141695930067305,0.16666666666666663
state:ebddfacf2e216e86fe39f6f8,pope,Qwen/Qwen3-VL-8B-Instruct,4,10.0,3.574732591605097e-06,0.0004667409369721964,0.02701277035583529,0.07777777777777761
state:204f83fdb7130e288b01fee7,pope,google/gemma-4-E4B-it,2,2.0,6.829503421240799e-07,0.0016024247743189335,0.006564028605465641,0.16666666666666663
state:cfbe3a092b6a00cf750a7ef9,vizwiz,google/gemma-4-E4B-it,2,2.0,1.9104813868374243e-05,0.008512631058692932,0.02974850755987774,0.0
state:2cd6bd34614c7d4f6309893e,pope,Qwen/Qwen3-VL-8B-Instruct,3,6.0,4.505398559287239e-06,0.0006051409679154679,0.03523256445217686,0.08888888888888868
state:f63f0f4474b52a1ba820430f,vizwiz,google/gemma-4-E4B-it,4,10.0,5.117201398968786e-05,0.010899496078491232,0.025641225122700596,0.1166666666666667
state:c64909d80685bf409fb56125,vizwiz,google/gemma-4-E4B-it,2,2.0,2.2007584316627253e-08,0.0066027045249938965,0.011151228971081735,0.0
state:49211e05613ba7e0d1b36a7b,pope,google/gemma-4-E4B-it,4,10.0,6.533514913287193e-05,0.002565510778222233,0.04464715660192784,0.1518518518518518
state:891b2a02f1b5f65449afdee8,vizwiz,google/gemma-4-E4B-it,3,6.0,3.156678713644511e-06,0.044577860169940524,0.059148807029194096,0.2222222222222221
state:2fd32ea50ecf5acdfc44cb00,vizwiz,Qwen/Qwen3-VL-8B-Instruct,4,10.0,1.036065121694371e-06,0.012235366553068162,0.04986991100312991,0.40000000000000013
state:17b61fd274ec9aae05148fb6,hallusionbench,google/gemma-4-E4B-it,3,6.0,0.0006370429959793382,0.01685806001640028,0.04730997203363048,0.08888888888888868
state:11946a583db11a2a1d156018,vizwiz,google/gemma-4-E4B-it,2,2.0,5.823486999324504e-07,0.032820768654346466,0.042635575402519305,0.6666666666666667
state:4cf6d52a6da8faf016ff9e08,pope,Qwen/Qwen3-VL-8B-Instruct,3,6.0,2.0958655407317514e-05,0.0053347522651973935,0.02838472825876729,0.08888888888888868
state:f98932bb9d6636a6b239a5b1,vizwiz,Qwen/Qwen3-VL-8B-Instruct,2,2.0,0.0028501970659050553,0.01951242284849286,0.06448992762316072,0.0
state:d77368740cf1a0d60f698a1d,vizwiz,Qwen/Qwen3-VL-8B-Instruct,2,2.0,4.204073032583513e-06,0.0022125467658042908,0.027189666745163994,0.0
state:9be476d5539997f97402767e,vizwiz,google/gemma-4-E4B-it,4,10.0,0.0006256618967396034,0.026470400514936043,0.043134674653869554,0.07777777777777772
state:2a45540133953494680a9436,vizwiz,Qwen/Qwen3-VL-8B-Instruct,2,2.0,1.400455888770302e-07,0.03805387020111084,0.05926110291185948,0.0
state:c2a020f372eb52480008b64d,pope,google/gemma-4-E4B-it,3,6.0,1.619587474034031e-05,0.0039088681029776735,0.020109292113663284,0.05555555555555547
state:11b7006b1d2df6de5d352076,hallusionbench,Qwen/Qwen3-VL-8B-Instruct,4,10.0,0.0006412041290779735,0.005264998818165605,0.04722696641571103,0.0
state:bf1467a42cccb6d91a55a41f,pope,Qwen/Qwen3-VL-8B-Instruct,3,6.0,3.2438164863599454e-05,0.03680159979396395,0.03554394696257215,0.11999999999999977
state:be64e6e12c3985d5494d4c4b,vizwiz,Qwen/Qwen3-VL-8B-Instruct,2,2.0,1.2158746270987414e-05,0.0020065891039848793,0.03454171802993248,0.16666666666666663
state:e37370ce07155196801f0b07,hallusionbench,google/gemma-4-E4B-it,4,10.0,8.58845718003755e-06,0.0005641217744050709,0.07616793653743699,0.18518518518518523
state:ace0460135933fb9a7e96a7f,vizwiz,Qwen/Qwen3-VL-8B-Instruct,4,10.0,0.0024155046771537356,0.020863220659375646,0.06836808242281826,0.17222222222222228
state:66fda6e61ee0530dba91ac73,pope,google/gemma-4-E4B-it,2,2.0,2.559323652397697e-05,0.002411512192338705,0.019860017509114175,0.0
state:6d8820c923a21211d8eac742,pope,Qwen/Qwen3-VL-8B-Instruct,4,10.0,5.3292294309552224e-05,0.005091873259152635,0.03358905256795626,0.09259259259259234
state:9f9af66c52893f889418d311,vizwiz,google/gemma-4-E4B-it,4,10.0,3.947867133703824e-07,0.0268589472770691,0.03500675776709016,0.25555555555555554
state:3e8056c5ecdae9d906e59fd9,pope,Qwen/Qwen3-VL-8B-Instruct,4,10.0,0.0001222058215235382,0.013216456547379496,0.03459811947824801,0.08888888888888868
state:921a45514739b48b74ecee0b,pope,Qwen/Qwen3-VL-8B-Instruct,2,2.0,7.086461138148868e-06,0.004426810424774885,0.020275116978030885,0.0
state:f1584f1de813efc405560639,pope,Qwen/Qwen3-VL-8B-Instruct,2,2.0,2.7605127245543737e-05,0.007895432412624359,0.015914504569759323,0.0
state:6b40dfb12b89aaae69b030e5,pope,Qwen/Qwen3-VL-8B-Instruct,3,6.0,4.940606450478966e-08,0.0075834227932823906,0.04555702730269131,0.2222222222222221
state:12bc4e84c50eca1e5777985b,vizwiz,google/gemma-4-E4B-it,4,10.0,1.0821282780237642e-09,0.00018617630004882368,0.052541267987758246,0.0
state:62581aa1f0fdcd838b7865c2,pope,Qwen/Qwen3-VL-8B-Instruct,2,2.0,3.0054540947418865e-06,0.0011568069458007812,0.008470310788029673,0.0
state:486d466a9a2779e38655970d,pope,google/gemma-4-E4B-it,2,2.0,9.217797428190432e-05,0.006876517087221146,0.019928031185213406,0.16666666666666663
state:4b7078cf5d540a8e4a8ed27c,pope,google/gemma-4-E4B-it,2,2.0,8.237134394456165e-06,0.008460372453555465,0.03291885333263445,0.19999999999999996
state:6a90e41a8dfdcacd9357faef,pope,google/gemma-4-E4B-it,4,10.0,3.5574253804078953e-06,0.0012897186177724597,0.0774554370649462,0.32592592592592595
state:299edc6a2cc58768a7f8a3ff,hallusionbench,google/gemma-4-E4B-it,2,2.0,6.8023114786208756e-06,0.0010037641040980816,0.036804647080482214,0.0
state:cfa287ddd920ac4785060a8a,pope,google/gemma-4-E4B-it,3,6.0,4.974256686511259e-06,0.0004385598521265838,0.03237361656527729,0.08888888888888868
state:f298d7b8c7f389db2faf5af8,pope,Qwen/Qwen3-VL-8B-Instruct,4,10.0,3.434516647058329e-05,0.015674818078987303,0.056435977896832655,0.06666666666666687
state:0c25e96f008fbeb248d5b157,vizwiz,Qwen/Qwen3-VL-8B-Instruct,4,10.0,0.00013887930928797027,0.008730320930480973,0.034725805652045735,0.23333333333333328
state:1d167cd63010d832f2c85247,vizwiz,google/gemma-4-E4B-it,3,6.0,9.503690840578088e-06,0.0001576862002063232,0.04611889364931581,0.2222222222222222
state:a25f4936c246a8d8b3290bcc,vizwiz,google/gemma-4-E4B-it,4,10.0,2.716026164042919e-06,0.016729310154914856,0.03721931158638412,0.06666666666666687
state:41e6e601f145f9b2d66cf1fa,hallusionbench,Qwen/Qwen3-VL-8B-Instruct,3,6.0,0.0004446685109569762,0.0047095513048892035,0.06517684722051943,0.09999999999999976
state:dd1c886b3bf8ada06541305a,vizwiz,google/gemma-4-E4B-it,3,6.0,2.723146914812833e-07,0.012311233414543987,0.019024440344993444,0.2666666666666667
state:12c0a438e611148d7b305dab,vizwiz,Qwen/Qwen3-VL-8B-Instruct,3,6.0,0.0001957256372840036,0.037814135692315176,0.059529904296001995,0.05555555555555536
state:a68da3232de8824036f49777,pope,google/gemma-4-E4B-it,2,2.0,1.9576578221288223e-05,0.0015785302966833115,0.015393226745823786,0.0
state:0758ed5b371b2c675391bf09,hallusionbench,Qwen/Qwen3-VL-8B-Instruct,4,10.0,8.258559817097403e-05,0.0153102500922978,0.04630821052658113,0.14888888888888896
state:525d0434acbe63216b19e6ad,pope,google/gemma-4-E4B-it,3,6.0,1.2993749326397253e-05,0.00038949936065869726,0.04908829059951511,0.11111111111111116
state:1cb222edad8219d79178a124,pope,Qwen/Qwen3-VL-8B-Instruct,4,10.0,4.727442709299112e-05,0.006315504964441066,0.047186455417064614,0.08888888888888868
state:0339443c3743ccb883a4978c,vizwiz,google/gemma-4-E4B-it,4,10.0,4.631540146966574e-06,0.014815893173217765,0.05562730090291865,0.1777777777777778
state:74008cafa4f0f3476f91b77f,pope,Qwen/Qwen3-VL-8B-Instruct,3,6.0,2.7489343519468078e-06,0.0005606101411912175,0.027793752653780257,0.08888888888888868
state:32961c198d3496537a4840ac,vizwiz,google/gemma-4-E4B-it,4,10.0,3.704085759924012e-08,0.0070871281623840375,0.019492471685896958,0.23333333333333328
state:9b7b44b69812d6b092d86abc,vizwiz,Qwen/Qwen3-VL-8B-Instruct,2,2.0,3.812401118545585e-06,0.005362257361412048,0.013565652602740954,0.5
state:97eb06fce7fa6e29642218b4,pope,google/gemma-4-E4B-it,2,2.0,7.053640501482122e-06,0.0020193103700876236,0.01227859908074228,0.0
state:80397ab6fc2fa1586f504189,hallusionbench,google/gemma-4-E4B-it,3,6.0,1.0922384973511941e-05,0.0006335379839583643,0.04449440551886414,0.0
state:a90bc959f4477685a51e77db,vizwiz,google/gemma-4-E4B-it,3,6.0,4.592915090969631e-07,0.0297596272495058,0.03113721703642309,0.2222222222222222
state:58d5d41554e2b92a53b6962f,vizwiz,google/gemma-4-E4B-it,2,2.0,3.1998733450572823e-07,0.02585168182849884,0.029690555516493678,0.33333333333333337
state:65108443a00c394df8989fe2,hallusionbench,Qwen/Qwen3-VL-8B-Instruct,2,2.0,5.447855980362723e-05,0.005717872641980648,0.020880938761701388,0.16666666666666663
state:8d2170624f314035038eb58b,hallusionbench,google/gemma-4-E4B-it,3,6.0,0.00015388943132641113,0.012406805654184913,0.0567263881269593,0.09999999999999987
state:34153a5ab98f4b7a588a3fa7,vizwiz,google/gemma-4-E4B-it,3,6.0,1.199637250569656e-06,0.015976927346653413,0.04047362319578518,0.4
state:0877d45ed3da48d9f0c74b39,vsr,google/gemma-4-E4B-it,4,10.0,1.947527314829627e-05,0.003071583509445191,0.04131835287821871,0.12444444444444458
state:a8a4f60eef524d404b92749a,hallusionbench,google/gemma-4-E4B-it,2,2.0,1.2710955844114855e-05,0.0023327101953327656,0.012387834108004578,0.0
state:5af0423f5d1eb73749c16b49,pope,Qwen/Qwen3-VL-8B-Instruct,4,10.0,3.2446712474499537e-06,0.0005366255529224917,0.02701168217189618,0.08888888888888868
state:1b9ec6eec99b89947d2fdb90,pope,google/gemma-4-E4B-it,3,6.0,4.129218326501322e-05,0.004735888344132237,0.023836568877955957,0.09999999999999987
state:1ae7d4e5e805557809cf9575,pope,google/gemma-4-E4B-it,4,10.0,2.7528282369489925e-06,0.0005489343963563486,0.031239647779421856,0.08888888888888868
state:5caf6b1c2590c1ef558f78cd,vizwiz,google/gemma-4-E4B-it,2,2.0,7.478451104246106e-07,0.013529986143112183,0.03899721738626543,0.33333333333333337
state:613bfed7cb84eade59da056d,pope,Qwen/Qwen3-VL-8B-Instruct,3,6.0,4.146626674931596e-05,0.00779262583495842,0.021351389369771868,0.08888888888888868
state:1e61881ea12c00c182014503,pope,google/gemma-4-E4B-it,3,6.0,9.622645252742649e-07,0.0005014171409938071,0.023926679130360794,0.08888888888888868
state:9c9f8a8fbb1d8e2decd3f682,vizwiz,google/gemma-4-E4B-it,3,6.0,1.0060473928027716e-06,0.02445906069543626,0.059742839458451935,0.3555555555555555
state:9f31e95ae915c6c51c486a46,pope,Qwen/Qwen3-VL-8B-Instruct,4,10.0,9.014466748288728e-05,0.012053094776347284,0.03183463437734583,0.033333333333333215
state:db2f45dd1becbdaf9aa8cb6d,vizwiz,google/gemma-4-E4B-it,4,10.0,2.922823262312858e-07,6.78493539453484e-05,0.029834851462306255,0.3555555555555556
state:616e4b3a39c720d17be9315b,pope,google/gemma-4-E4B-it,4,10.0,5.805336285534113e-06,0.0007935565803200096,0.03825077598922037,0.059259259259259234
state:4dc615fc86d7f27b08e39695,vizwiz,google/gemma-4-E4B-it,2,2.0,9.771486033792687e-07,0.004189334809780121,0.00792952388460067,0.0
state:b2c566a20a7f6d94122c793d,pope,Qwen/Qwen3-VL-8B-Instruct,2,2.0,1.3695729414353066e-05,0.0032720817252993584,0.012083449055104627,0.16666666666666663
state:ed2f656242cde90bc938f79f,vizwiz,google/gemma-4-E4B-it,3,6.0,1.1047526675125063e-06,0.04178146355681952,0.059941374511274896,0.3555555555555556
state:53abed397cc8b216e01a04dd,pope,Qwen/Qwen3-VL-8B-Instruct,3,6.0,8.539035737304265e-05,0.007482070941478014,0.027463809120545496,0.0
state:321eb986ed4e267309ba11a7,pope,Qwen/Qwen3-VL-8B-Instruct,2,2.0,4.299609675449459e-06,0.0003738661762326956,0.035853717372731055,0.0
state:bcb73bc620ba66936fcd195c,hallusionbench,google/gemma-4-E4B-it,4,10.0,0.000123881597188309,0.0039631629781797535,0.08115667459021875,0.3555555555555556
state:934180186f460adc0adf4374,hallusionbench,google/gemma-4-E4B-it,3,6.0,3.5800536702741876e-05,0.005641543720331456,0.02525868927848075,0.08888888888888868
state:a72737896a051f1ab7092ec9,pope,google/gemma-4-E4B-it,3,6.0,1.0283208824160725e-05,0.001060312772096962,0.06436406440663647,0.2666666666666667
state:7e1426cf9ef27894574cf2d3,vizwiz,google/gemma-4-E4B-it,3,6.0,3.570499736860892e-08,0.005820307466718873,0.011553616086236652,0.16666666666666663
state:e2e6fb1de8292bbece389bc7,vsr,Qwen/Qwen3-VL-8B-Instruct,3,6.0,0.00022238607551964605,0.012565542787746785,0.054758066143882365,0.05555555555555536
state:e611044c719c55b44d6ec52c,pope,Qwen/Qwen3-VL-8B-Instruct,4,10.0,0.0006743259097786093,0.019180986459832638,0.04921002563160733,0.09851851851851856
state:6e610418f46d5d98543af8a2,pope,google/gemma-4-E4B-it,4,10.0,4.305968255677793e-06,0.000719848070293665,0.028476252674714878,0.033333333333333326
state:2ce7493d5da3fb55a331a0f6,pope,google/gemma-4-E4B-it,4,10.0,5.770771071768385e-05,0.0011339865214540625,0.04515858196016716,0.07777777777777761
state:6a0f33c687a2a7fc29352e3a,vizwiz,google/gemma-4-E4B-it,3,6.0,3.176303958851962e-07,0.02295711636543274,0.026504325608589688,0.2666666666666667
state:0ae863e13887a9d4d5d7daff,pope,google/gemma-4-E4B-it,4,10.0,0.0005484859445854093,0.003873684229474748,0.05335153287449464,0.1814814814814818
state:2056c98b21cfbc500d2bc52c,pope,Qwen/Qwen3-VL-8B-Instruct,2,2.0,9.976558557084483e-06,0.0013967319391667843,0.01002054699106976,0.16666666666666663
state:cce57afc2eb7c646c4616b89,vizwiz,Qwen/Qwen3-VL-8B-Instruct,3,6.0,0.0002034410386845183,0.01955959697564443,0.03655504583551695,0.17777777777777792
state:30af94bb022f6c61fb65528a,pope,Qwen/Qwen3-VL-8B-Instruct,4,10.0,0.00013139047816185056,0.008455634266138082,0.06361943908696761,0.033333333333333326
state:e0ffa037b388643b894abe7a,vizwiz,google/gemma-4-E4B-it,4,10.0,2.1272429940281194e-06,6.985028376220726e-05,0.057804982919286076,0.23703703703703682
state:c96434b8019748056c5406a9,vizwiz,google/gemma-4-E4B-it,3,6.0,2.3158432706364345e-07,0.032115626666280955,0.055093190693362985,0.0
state:c2bf5e9a6933fba9843c0db7,pope,google/gemma-4-E4B-it,4,10.0,3.412986688671315e-05,0.004804739002138377,0.021275155905882054,0.07777777777777761
state:474c2707ae8cbe1fab8763a6,hallusionbench,Qwen/Qwen3-VL-8B-Instruct,3,6.0,0.008724774997573721,0.015523223373545787,0.1214652085900662,0.15555555555555556
state:ea349fe53711910c86b1dce0,vizwiz,google/gemma-4-E4B-it,3,6.0,5.040600983872689e-07,0.00570534997516207,0.018218795414159036,0.30000000000000004
state:a8a753550b215284c1d69d2e,vizwiz,google/gemma-4-E4B-it,4,10.0,5.3546975690753916e-06,0.01539555579423904,0.06533042244084962,0.23703703703703716
state:52015a1de999a502298d9119,vizwiz,Qwen/Qwen3-VL-8B-Instruct,2,2.0,3.6923105037056e-05,0.029996147684869356,0.030137891252128162,0.0
state:7dba3d4f471fcddeffde1233,vizwiz,google/gemma-4-E4B-it,4,10.0,1.961276451661676e-06,0.0025023460388183595,0.05000988411980942,0.4666666666666667
state:e01bd52226b101aaaaad2651,vizwiz,Qwen/Qwen3-VL-8B-Instruct,4,10.0,8.176004627601415e-05,0.0001842232343915473,0.0891134992877768,0.28148148148148155
state:67dfaf5a3c35e86132816a6a,pope,google/gemma-4-E4B-it,3,6.0,4.044575554116361e-05,0.009313251823186874,0.07629099172543137,0.11999999999999977
state:fa530ee441690db44ac1534a,vizwiz,google/gemma-4-E4B-it,4,10.0,1.7713907323478203e-06,9.968192782253027e-05,0.03495108942532512,0.1333333333333333
state:cfc9c097929acc960846c3eb,hallusionbench,google/gemma-4-E4B-it,3,6.0,4.493345611943842e-05,0.007567122216439908,0.09186470111225006,0.18666666666666665
state:b7e14b6aa5e3e1acbc11b4b3,pope,Qwen/Qwen3-VL-8B-Instruct,4,10.0,8.180377014318403e-06,0.0009026693738996894,0.03928915377736292,0.08888888888888868
state:f561ef27700e1829d912f082,vizwiz,google/gemma-4-E4B-it,3,6.0,4.76640393351651e-07,0.012584616740544638,0.02688572991834491,0.2666666666666667
state:63996e174f9308e5d94dc9a4,pope,Qwen/Qwen3-VL-8B-Instruct,3,6.0,6.708577723969782e-06,0.0007164087146520493,0.03385717139614894,0.15111111111111097
state:f75ca2c86762433e5ae4faf7,vizwiz,Qwen/Qwen3-VL-8B-Instruct,3,6.0,0.0010531893479974622,0.06941832138303046,0.09923257468098468,0.15555555555555545
state:6d36685cc02fc6b41cc019a7,pope,Qwen/Qwen3-VL-8B-Instruct,4,10.0,0.00021954962663451428,0.002363519058562824,0.08458165169511953,0.41481481481481497
state:d356a44a4ff92e03aeeb0cff,hallusionbench,google/gemma-4-E4B-it,3,6.0,1.6204746628421597e-05,0.005497207347717563,0.016120342659675452,0.08888888888888868
state:0c2439874e508a265f1997c2,pope,google/gemma-4-E4B-it,4,10.0,3.989943148181175e-05,0.005760939735919229,0.021483614492429328,0.059259259259259234
state:0ca52de0b8b046e9df60a1bb,pope,google/gemma-4-E4B-it,3,6.0,4.868589460359453e-06,0.0006514340121712828,0.035785993885190236,0.08888888888888868
state:22a63f3238364d9abc7d602f,pope,Qwen/Qwen3-VL-8B-Instruct,3,6.0,3.4729492468386206e-05,0.0035515901270425977,0.022072955568310255,0.08888888888888868
state:eaad0acfeab1beea3c1d9027,vizwiz,google/gemma-4-E4B-it,4,10.0,1.7291858108579524e-08,0.00017413020133973944,0.0728690351771967,0.5777777777777777
state:c2b6fa06d3ae3e1ad396ce5b,vizwiz,google/gemma-4-E4B-it,4,10.0,6.331909399896819e-06,0.0001068027019209694,0.0472110206582086,0.1333333333333333
state:6242c05482453ad5639a32b4,vizwiz,Qwen/Qwen3-VL-8B-Instruct,4,10.0,0.0001650793717422076,0.00832409147871659,0.05743500578776761,0.11851851851851869
state:8046c34d3fcec471b9b8b3bf,vizwiz,google/gemma-4-E4B-it,3,6.0,1.3319135585992269e-06,3.8569862630954965e-05,0.03119121423728477,0.3555555555555556
state:46264ec955d60cee98dd8786,vizwiz,Qwen/Qwen3-VL-8B-Instruct,3,6.0,0.00029407051852883685,0.057323360608683704,0.04672798416828607,0.05555555555555547
state:7f22131f5868e24b6d9fdbfb,vizwiz,google/gemma-4-E4B-it,4,10.0,2.3729783588737014e-05,0.00011484968112199123,0.0601955702317113,0.18888888888888888
state:2fb9305b087c85f3c216e76f,vsr,Qwen/Qwen3-VL-8B-Instruct,2,2.0,0.00014567219813788794,0.01066099014133215,0.04161853562378666,0.16666666666666663
state:8880c35c274df9feb30248f7,hallusionbench,google/gemma-4-E4B-it,4,10.0,5.4573734794409964e-05,0.005390328541398046,0.03211542993058994,0.07777777777777772
state:9de125aaeeede09e95b04715,hallusionbench,Qwen/Qwen3-VL-8B-Instruct,4,10.0,0.0007187120242760795,0.019317875653505324,0.05813739395658735,0.05925925925925901
state:d316c01940ff28e5112bfacd,vizwiz,Qwen/Qwen3-VL-8B-Instruct,2,2.0,0.0008510318148140578,0.021495613327715546,0.07904351740944962,0.33333333333333337
state:031b8ef556734c84b858fbc7,pope,Qwen/Qwen3-VL-8B-Instruct,4,10.0,0.00011016008718267884,0.011629352550953622,0.02551737682293749,0.08888888888888868
state:de9266dcc6f05c6e14327ce1,pope,google/gemma-4-E4B-it,3,6.0,1.6423789002528858e-05,0.0038506059596935907,0.019901434996690854,0.05555555555555547
state:26181ad5c13b6f88f617f61f,vizwiz,google/gemma-4-E4B-it,4,10.0,1.474465228494617e-06,0.03923110455274581,0.06862063540148776,0.4296296296296298
state:7e46a9a58a34d9e1a0ed2861,hallusionbench,Qwen/Qwen3-VL-8B-Instruct,4,10.0,6.584706033919858e-05,0.010021848976612083,0.06077443908049913,0.08888888888888868
state:6b691514506c493980362b7e,vizwiz,google/gemma-4-E4B-it,4,10.0,1.5421888551062864e-07,0.0034741652011871294,0.012438594138757884,0.2777777777777778
state:a4efb06f01da449334798fb8,hallusionbench,Qwen/Qwen3-VL-8B-Instruct,2,2.0,0.004351786328087891,0.06463004756685109,0.12569974924604843,0.16666666666666663
state:c0f2eb38ad05a155d4337e5e,vizwiz,Qwen/Qwen3-VL-8B-Instruct,2,2.0,2.7688980679549968e-06,0.0021039508283138275,0.005355500826655273,0.0
state:65c71d69fcd852850151e3f0,hallusionbench,Qwen/Qwen3-VL-8B-Instruct,2,2.0,0.002042398290661702,0.04264761583181098,0.08826964934951806,0.0
state:86734878e7d4102ac27c5315,pope,google/gemma-4-E4B-it,2,2.0,5.980615783011538e-05,0.003993329592049122,0.01902107714497382,0.0
state:401327ac0fba688ba71eb235,pope,Qwen/Qwen3-VL-8B-Instruct,3,6.0,2.1793398116119386e-05,0.0046971229215463,0.018466530838890174,0.08888888888888868
state:7bb6e9633adeb70a39f9a1f6,pope,Qwen/Qwen3-VL-8B-Instruct,3,6.0,4.107014482359787e-05,0.007929988101952607,0.021262042930849486,0.05555555555555547
state:15570c19f5e27bb56e58eccc,vizwiz,google/gemma-4-E4B-it,3,6.0,1.9654688073401694e-06,0.014750607311725616,0.044332280147372116,0.3555555555555556
state:5884cd1391c06c36181abfc8,pope,Qwen/Qwen3-VL-8B-Instruct,4,10.0,9.52266942103844e-05,0.0023283699064086246,0.054739340083949956,0.09259259259259234
state:524e60b818bc7147a689e3f2,vizwiz,Qwen/Qwen3-VL-8B-Instruct,4,10.0,0.003410160782701923,0.015365876872383532,0.199332855270464,0.25703703703703706
state:47da29b0085dbb12ef1b0a67,pope,Qwen/Qwen3-VL-8B-Instruct,2,2.0,2.048286729925452e-06,0.003961098380386829,0.011712808959643611,0.16666666666666663
state:68cdf4b2d7f4ba723a58eb6c,pope,google/gemma-4-E4B-it,3,6.0,6.478720434256483e-06,0.0005937940958473416,0.034547097901830554,0.08888888888888868
state:30a60f50d6731abeb04d99cd,pope,Qwen/Qwen3-VL-8B-Instruct,2,2.0,0.0004248867065416587,0.00863713026046753,0.03442497782029454,0.0
state:9d0f3146fdf125af60bdd020,vizwiz,google/gemma-4-E4B-it,2,2.0,0.00010172932873816335,0.0004032510205433937,0.043834529654477455,0.5
state:a2fea44824af2aade8403f17,pope,google/gemma-4-E4B-it,4,10.0,0.001205211486966696,0.0623569767922163,0.10008208389567,0.059259259259259234
state:b7c474319f0c6b215a652c05,vsr,Qwen/Qwen3-VL-8B-Instruct,2,2.0,0.000738637428097573,0.03653417527675629,0.07595132750374538,0.0
state:16c5cf925719ef365b57f2ec,vizwiz,Qwen/Qwen3-VL-8B-Instruct,2,2.0,1.5086920796373544e-08,0.001770317554473877,0.024881605478260398,0.6666666666666667
state:a1bf47954968a6949f257726,hallusionbench,Qwen/Qwen3-VL-8B-Instruct,2,2.0,7.975712564310152e-05,0.007570704445242882,0.026113288396576947,0.16666666666666663
state:4e6fae78d81613e69cd506cc,hallusionbench,Qwen/Qwen3-VL-8B-Instruct,4,10.0,2.2280184334587406e-05,0.004029416888952255,0.06586969936302528,0.1755555555555557
state:492367d95ec890a7f6a9dbd0,vizwiz,Qwen/Qwen3-VL-8B-Instruct,4,10.0,4.688657453388468e-07,0.029210349321365348,0.046088960083216814,0.3777777777777779
state:c2a10a03d19ace76383fb7e6,vsr,Qwen/Qwen3-VL-8B-Instruct,4,10.0,0.0003259288119578284,0.02120863549411297,0.05278617620029654,0.08888888888888868
state:1156d4f37b78022f621ee27c,pope,Qwen/Qwen3-VL-8B-Instruct,2,2.0,1.3018924281672632e-05,0.0033402228727936745,0.011522604968748884,0.16666666666666663
state:021776574235536eef3bc3fc,vizwiz,google/gemma-4-E4B-it,4,10.0,7.153651323137801e-06,0.011102018952369674,0.03368665339928685,0.3555555555555555
state:5ea82acbeb66bf45be0efe7f,pope,Qwen/Qwen3-VL-8B-Instruct,3,6.0,4.146210275998884e-05,0.007790969632979895,0.021350964153604827,0.0
state:3e43d34134f626fc459d48d9,vizwiz,Qwen/Qwen3-VL-8B-Instruct,3,6.0,0.0012975151710503338,0.05678899089495341,0.05520990747684541,0.0
state:839f60bc1052968b811e595f,pope,google/gemma-4-E4B-it,2,2.0,2.4171924961508094e-06,0.0007311482913792133,0.02460831412560602,0.0
state:2116f437bfea7390f6562db6,vizwiz,Qwen/Qwen3-VL-8B-Instruct,3,6.0,0.0007189453306747119,0.05734704687306982,0.09613193877418394,0.05555555555555536
state:4a758eb07fded530da25ed03,hallusionbench,google/gemma-4-E4B-it,2,2.0,3.771076773451784e-06,0.04043896496295929,0.040424736596692545,0.16666666666666663
state:ffa1eb698e1461322fdeed59,vizwiz,Qwen/Qwen3-VL-8B-Instruct,4,10.0,4.9012763272484615e-05,0.0004930068081011818,0.06821702798687386,0.36296296296296304
state:feaf4f32bdbf0a70e983e178,vizwiz,google/gemma-4-E4B-it,4,10.0,4.437134525984775e-07,0.00011607485590503066,0.03778038365900861,0.23703703703703682
state:443cacda02032c7c05bdb74d,pope,Qwen/Qwen3-VL-8B-Instruct,2,2.0,5.745862984480026e-06,0.0011745966039597988,0.010443243064424875,0.0
state:a0209e2606a9243221f48ea9,vizwiz,Qwen/Qwen3-VL-8B-Instruct,3,6.0,0.0009572412154373287,0.067461136314604,0.0904916036762297,0.1777777777777778
state:2e50b90638f0fc8849ea916c,vizwiz,google/gemma-4-E4B-it,4,10.0,5.724626624767845e-07,0.031702747344970715,0.036683387969145005,0.22962962962962985
state:d6762185bb74a39876739082,pope,google/gemma-4-E4B-it,3,6.0,0.00014102416174851843,0.012922003140880003,0.03235094070344281,0.05555555555555547
state:149b53cd5b316f58cac5f106,vizwiz,Qwen/Qwen3-VL-8B-Instruct,2,2.0,4.342317828809646e-06,0.001755667077304679,0.019924794999594535,0.5
state:b6e9bd10bbea31380335d82f,vizwiz,Qwen/Qwen3-VL-8B-Instruct,2,2.0,0.00024007802324527735,0.01713605597615242,0.05280313733154665,0.16666666666666663
state:2a1c048ce395b57357b1875c,vizwiz,Qwen/Qwen3-VL-8B-Instruct,2,2.0,8.09867558247497e-07,0.002502128481864929,0.03160503626335759,0.0
state:593c6795ff128f65534ee8b9,vizwiz,Qwen/Qwen3-VL-8B-Instruct,4,10.0,0.00010280156591119697,0.03600174487772164,0.09389415423900595,0.14814814814814814
state:bc1fb582948ee13c7ffb0bcc,pope,google/gemma-4-E4B-it,2,2.0,0.00013011728316291368,0.01124601811170578,0.05508302632668673,0.16666666666666663
state:a8e3c47ad616219a7355c6d0,vizwiz,google/gemma-4-E4B-it,3,6.0,1.7248419834203378e-07,0.00024853555563216406,0.03302342129575615,0.2222222222222222
state:73cbe815fcd137f421dc04be,hallusionbench,google/gemma-4-E4B-it,4,10.0,1.469097733017767e-05,0.001775092519819732,0.058682547592931816,0.1333333333333333
state:b2ea328805413a7f58826f4c,vizwiz,Qwen/Qwen3-VL-8B-Instruct,4,10.0,4.906715106146492e-05,0.013130498826503745,0.041224376371063055,0.07777777777777761
state:908058ff6232ac832890a09c,hallusionbench,Qwen/Qwen3-VL-8B-Instruct,4,10.0,1.4465550939357002e-05,6.896853197246866e-05,0.10391866603000839,0.3111111111111111
state:53d1910c2efb81140d38410a,vizwiz,google/gemma-4-E4B-it,3,6.0,4.784853137841162e-07,0.01583590606848399,0.0320687377073414,0.2222222222222222
state:443f900fc8d8dcd5af0f49b2,hallusionbench,Qwen/Qwen3-VL-8B-Instruct,2,2.0,2.1923532577821985e-05,0.001244829829374794,0.03285231545001452,0.0
state:4c088b1a1a3065d0450a163b,vizwiz,Qwen/Qwen3-VL-8B-Instruct,3,6.0,1.011148325118736e-06,0.015426226788096983,0.04559341332028157,0.11111111111111127
state:3526e56c639848342df42f51,pope,Qwen/Qwen3-VL-8B-Instruct,4,10.0,5.320881718997737e-05,0.006896428326144816,0.021001314267173637,0.08888888888888857
state:ea5429cb4f47f3f7917c6264,pope,google/gemma-4-E4B-it,3,6.0,0.0006531724998046625,0.00942851848715994,0.06286288123824495,0.05555555555555536
state:72c2b9bc7f611b539ba096a9,pope,google/gemma-4-E4B-it,2,2.0,1.535554439903436e-05,0.004052410833537579,0.012790951752832486,0.16666666666666663
state:25f481d6b7cc62a37cf682ef,pope,google/gemma-4-E4B-it,3,6.0,4.0454155677891215e-05,0.003734716990341743,0.023662301056975824,0.05555555555555536
state:63acf464fdd5f4e276ec9e90,vizwiz,google/gemma-4-E4B-it,2,2.0,2.1914749863029398e-05,0.0002615332923596725,0.03033386146252232,0.0
state:b8fa7d990cf3a10b554117bd,pope,google/gemma-4-E4B-it,3,6.0,1.4692615960823274e-05,0.0009174081960736657,0.05123987165737621,0.30000000000000004
state:9a454671748f0c5c47c6c731,pope,Qwen/Qwen3-VL-8B-Instruct,2,2.0,3.001512120375438e-06,0.0011688321828842163,0.008467506127230864,0.0
state:f5279f194793c30831b7ff48,pope,google/gemma-4-E4B-it,3,6.0,4.110087921474546e-06,0.0005934783257544041,0.026431091458551333,0.05555555555555536
state:af7ff3af9a8292573b8fa0eb,vizwiz,Qwen/Qwen3-VL-8B-Instruct,4,10.0,4.319053089921998e-10,0.0003455638885498047,0.07404573962278443,0.0
state:b60f939ad06a8d24e09c8bf9,vizwiz,Qwen/Qwen3-VL-8B-Instruct,4,10.0,1.2136305910256084e-05,0.004131676045362816,0.0802030243967561,0.37777777777777777
state:7907b40f014480b82e16baab,pope,Qwen/Qwen3-VL-8B-Instruct,3,6.0,3.374666126834479e-05,0.003760184859856963,0.021920476508566378,0.08888888888888868
state:1b1bb9169a3d7dc0b338a429,vizwiz,Qwen/Qwen3-VL-8B-Instruct,3,6.0,9.042666640246266e-05,0.020379318234012723,0.03044030286934132,0.09999999999999987
state:5afbc90edbebc895f64205e7,pope,google/gemma-4-E4B-it,2,2.0,7.103969729052595e-06,0.002018924802541733,0.012300156755865176,0.0
state:b71549fb0132f15c0b3b76a6,pope,Qwen/Qwen3-VL-8B-Instruct,3,6.0,3.9568654130646755e-07,0.00026800541470746914,0.05546963617139196,0.3555555555555555
state:5f55a81120695d531df008b7,pope,google/gemma-4-E4B-it,3,6.0,7.598916269141069e-06,0.022279014190038065,0.07714110498961814,0.2222222222222221
state:ee49f7e348f0b04f1c05f992,vizwiz,Qwen/Qwen3-VL-8B-Instruct,3,6.0,8.158221026195983e-05,0.005420394241809845,0.04580664371038009,0.3722222222222221
state:ecb66669e8a1e2d83bab3aaa,pope,Qwen/Qwen3-VL-8B-Instruct,3,6.0,3.881973317404892e-06,0.0007043565468241771,0.02636644379842209,0.05555555555555536
state:be901f6c9c0cac337021c06c,vizwiz,Qwen/Qwen3-VL-8B-Instruct,2,2.0,0.00012588998813921248,0.031632959842681885,0.049073454961458,0.0
state:1e1026893c0b2b4cfade1c2c,pope,Qwen/Qwen3-VL-8B-Instruct,3,6.0,3.5857714081144115e-05,0.003090958473169142,0.023224453355142227,0.08888888888888868
state:14b27f45bd5c1a727ecb2608,pope,Qwen/Qwen3-VL-8B-Instruct,3,6.0,8.297866591766718e-05,0.007464000230862035,0.027183694013875576,0.05555555555555536
state:3fcc62e817b4f94a0c78303e,pope,google/gemma-4-E4B-it,2,2.0,3.5064452276424498e-06,0.001303286048823793,0.022665241034419317,0.0
state:3438a6880197634c16384788,pope,google/gemma-4-E4B-it,4,10.0,1.4091061170828126e-05,0.0012842227332293898,0.04756975078968409,0.07259259259259276
state:1a145352dccdf7817afe348f,pope,Qwen/Qwen3-VL-8B-Instruct,3,6.0,1.0970829681897063e-05,0.0038111505564302206,0.020187139441841518,0.0
state:ddd1cd1b9e725bf4b4698ac4,pope,Qwen/Qwen3-VL-8B-Instruct,3,6.0,0.0001740181730655989,0.021141408865029614,0.03958743542142183,0.05555555555555536
state:218f32b29dd900ab72b352a5,vsr,Qwen/Qwen3-VL-8B-Instruct,4,10.0,4.872422079898593e-05,0.009308520546182985,0.030628622992942063,0.05925925925925901
state:f71fb257aa3f32a23214125b,pope,google/gemma-4-E4B-it,2,2.0,4.160138268541515e-06,0.002857868792489171,0.010106607737516694,0.0
state:c7e186b5158809da6fd8b29e,vizwiz,google/gemma-4-E4B-it,2,2.0,6.23511333345763e-05,0.01060059666633606,0.02281141568310569,0.33333333333333337
state:43d3bdbbccd21fd1322e94a3,hallusionbench,google/gemma-4-E4B-it,4,10.0,0.00013906820604832356,0.008420672230422494,0.027152215924576062,0.033333333333333326
state:b1444ab73f8d1f9e004cd8b3,pope,Qwen/Qwen3-VL-8B-Instruct,3,6.0,9.452717210843683e-05,0.009057059366669921,0.029031583950214504,0.08888888888888868
state:43dff1f25fddc393e1a8a6cb,pope,google/gemma-4-E4B-it,3,6.0,6.33874351405902e-05,0.006604437405864398,0.02528932155308681,0.0
state:6aa39a1b6affb563b31c4466,vizwiz,google/gemma-4-E4B-it,2,2.0,1.8416094180075601e-06,0.026095695793628693,0.041087807234746664,0.6666666666666667
state:cd60decb4bd9f484b83c101c,pope,google/gemma-4-E4B-it,3,6.0,6.90836956111776e-05,0.010659843372801939,0.02669971758730428,0.09999999999999976
state:3a6ac38e5e2eda27f0f21553,pope,google/gemma-4-E4B-it,4,10.0,3.96887193077337e-05,0.006993267871439457,0.026684962107124503,0.059259259259259234
state:17386155e8085cff2f77cb48,pope,Qwen/Qwen3-VL-8B-Instruct,2,2.0,0.0001328023504992485,0.010365929454565048,0.027439335338255034,0.0
state:4b5ef1a4c126622c964b62d8,pope,google/gemma-4-E4B-it,3,6.0,4.147685097816307e-05,0.004678113475771776,0.025500478866554706,0.05555555555555536
state:33a02ee7fa73d1905af96e0a,pope,google/gemma-4-E4B-it,4,10.0,0.0007581570656034406,0.03720604070462287,0.10076729186571132,0.14814814814814814
state:1fbba575299a0e1c7c9954d9,pope,Qwen/Qwen3-VL-8B-Instruct,2,2.0,3.5267354074961367e-06,0.0013576261999332928,0.022990420958874623,0.0
state:4dd43d228d59a53452e51407,pope,Qwen/Qwen3-VL-8B-Instruct,3,6.0,4.445664827580442e-06,0.0005983273084792703,0.035204841618128584,0.0
state:c01e8115f10cde4d595f6b7d,pope,google/gemma-4-E4B-it,2,2.0,2.901457550198716e-06,0.002048207214102149,0.013713974858696229,0.16666666666666663
state:5f87774bbbc3d89a5a401b82,pope,Qwen/Qwen3-VL-8B-Instruct,2,2.0,7.950508158700343e-07,0.001500023528933525,0.006635921867691376,0.0
state:98984f773a3ae291d7c50218,pope,google/gemma-4-E4B-it,3,6.0,0.00012521095605264466,0.007409738764787714,0.039024352497869244,0.08888888888888868
state:63f69fd81bc044f93efd277e,vizwiz,Qwen/Qwen3-VL-8B-Instruct,3,6.0,1.396704876884196e-06,0.005955510669284385,0.025466485739002502,0.30000000000000004
state:cea4ff230a350a0c4336b894,hallusionbench,google/gemma-4-E4B-it,3,6.0,0.00010583504280755217,0.004069974801192681,0.0317181585692855,0.05555555555555536
state:405a7ae757aac523e64ce08e,pope,Qwen/Qwen3-VL-8B-Instruct,2,2.0,2.0479231603816773e-06,0.0006414102390408516,0.02458333316237927,0.16666666666666663
state:6fc3e6c1f59564d85f14423c,pope,Qwen/Qwen3-VL-8B-Instruct,2,2.0,9.028240616292904e-06,0.0026388805454189423,0.01355886583966807,0.0
state:cb39d550dc46a306a26169be,vizwiz,google/gemma-4-E4B-it,4,10.0,6.436641626006316e-09,0.0006283926963806419,0.04632615122858498,0.31481481481481477
state:3e23175dd46f50ecf4886c3e,vsr,google/gemma-4-E4B-it,3,6.0,0.00035825608762113056,0.0364754634598891,0.0465051275282287,0.20666666666666655
state:f6ec544a51ca749bdb481392,pope,google/gemma-4-E4B-it,4,10.0,5.034770145717952e-06,0.0007654752815142273,0.034156499225854835,0.07777777777777761
state:605adc0a13674a6a9082f4a0,vizwiz,Qwen/Qwen3-VL-8B-Instruct,2,2.0,3.5139885247888826e-08,0.0017128288745880127,0.015678576673141164,0.0
state:3caba00546dd30e5240068df,hallusionbench,Qwen/Qwen3-VL-8B-Instruct,2,2.0,0.00010732024618661438,0.007578346878290176,0.024238631073940954,0.0
state:fe0d682faea5231100745740,pope,Qwen/Qwen3-VL-8B-Instruct,3,6.0,7.608194637326623e-05,0.010068779966483513,0.026410762413433063,0.0
state:fe62ae31c2fd188bcfb5b44e,pope,Qwen/Qwen3-VL-8B-Instruct,3,6.0,4.214413400450154e-05,0.009095586732857756,0.037313017873926525,0.17777777777777792
state:f68aea91aa96a5196ce61e69,pope,Qwen/Qwen3-VL-8B-Instruct,4,10.0,0.00014759007459764006,0.00942812936380506,0.02330430649894894,0.0777777777777775
state:41b799e303920ab53090aa2b,vizwiz,Qwen/Qwen3-VL-8B-Instruct,4,10.0,0.002113580785320605,0.006496221589804918,0.04740853577996033,0.059259259259259234
state:294648cb01d8690afe6de4fb,vizwiz,google/gemma-4-E4B-it,2,2.0,4.217370867699664e-06,0.03535802662372589,0.03631534035786054,0.0
state:cd1d4e9a008132c9fb0a31ef,pope,Qwen/Qwen3-VL-8B-Instruct,3,6.0,1.113163363518642e-05,0.0037592487254490456,0.019822480994298012,0.08888888888888868
state:0e992ec6755764378e79c0de,pope,Qwen/Qwen3-VL-8B-Instruct,4,10.0,1.5417833433063745e-05,0.0009251611679792406,0.038599537453118136,0.07777777777777761
state:17f460af3631d3b48e2908d0,pope,Qwen/Qwen3-VL-8B-Instruct,2,2.0,0.00046611989631134516,0.014066911666304804,0.043249754700308944,0.0
state:a33fdd3098f7b8eea98c281a,vizwiz,Qwen/Qwen3-VL-8B-Instruct,2,2.0,4.3807274916821955e-07,0.0076403990387916565,0.023205309335222718,0.4
state:4d1ef60cd31b66e5857cb2cb,vizwiz,Qwen/Qwen3-VL-8B-Instruct,2,2.0,1.3752376889300865e-06,0.004532198450760916,0.015265544291527454,0.16666666666666663
state:c2d3360421d4aa1bd373e11b,pope,google/gemma-4-E4B-it,4,10.0,1.4605662089498164e-06,0.0005659997370093884,0.029118760562001918,0.033333333333333215
state:aa0ef1d58381a8b69d17dc25,vsr,google/gemma-4-E4B-it,2,2.0,4.573542289599838e-06,0.003128577023744583,0.025138193298170897,0.0
state:74f7acde32bf44254d61ce6c,pope,Qwen/Qwen3-VL-8B-Instruct,3,6.0,7.131516485530159e-06,0.00025842710642287603,0.0660205516143535,0.20444444444444443
state:34c03fce5a2946265edf0763,hallusionbench,Qwen/Qwen3-VL-8B-Instruct,4,10.0,8.026173136635624e-05,0.006032151207327833,0.02571328610550562,0.059259259259259234
state:45d5ccb7c03632463ad1a0d0,vsr,Qwen/Qwen3-VL-8B-Instruct,4,10.0,1.6917245099440958e-06,0.0005735520832240581,0.027326588800321062,0.09259259259259234
state:e4d095630f904b2f16531a26,pope,google/gemma-4-E4B-it,4,10.0,1.8033125759890963e-07,0.04135975122451783,0.04867255258437454,0.37777777777777777
state:4420fb235c2ca6291ef0cb9d,hallusionbench,google/gemma-4-E4B-it,4,10.0,0.00017980399108551612,0.006354276929050688,0.039858451000660086,0.0777777777777775
state:103676ffa4e1b174f84b39fb,vizwiz,Qwen/Qwen3-VL-8B-Instruct,3,6.0,3.347266434407975e-05,0.0024415933423572365,0.04554918638880867,0.2222222222222221
state:251f805bb86a0c57d7bb5393,pope,google/gemma-4-E4B-it,3,6.0,9.943330793176987e-05,0.018570360417167347,0.05899013280361863,0.0888888888888888
state:5b194b389ca850190c57f5e8,pope,Qwen/Qwen3-VL-8B-Instruct,3,6.0,4.055238238579541e-06,0.0006182869999773096,0.026515384652171358,0.08888888888888868
state:418f8e0fb37c54af1400194c,vizwiz,Qwen/Qwen3-VL-8B-Instruct,3,6.0,5.07785013783913e-06,0.007197146614392598,0.03988826427019551,0.4
state:86dab5186278571ef2115774,pope,google/gemma-4-E4B-it,4,10.0,8.067399016566084e-05,0.001264700967585668,0.04687016772349982,0.05925925925925901
state:4c96642618874f0e3bc15ec0,pope,google/gemma-4-E4B-it,2,2.0,4.686147897482805e-06,0.0004423954524099827,0.0360374634565872,0.16666666666666663
state:ef6c7b9ca4d0a764689ac0cc,pope,google/gemma-4-E4B-it,4,10.0,5.035042634496055e-06,0.0016018909029662611,0.037129827245962164,0.17777777777777792
state:b6b4239b7738a1520b4e9b2d,vizwiz,Qwen/Qwen3-VL-8B-Instruct,2,2.0,0.000667284834044574,0.010976772784488276,0.05323572998664213,0.19999999999999996
state:632ef7a28e6514954a154c38,pope,google/gemma-4-E4B-it,3,6.0,8.743372507196773e-05,0.0075166656428741095,0.02775378685249408,0.08888888888888868
state:a6270afd0b5d8d7124aa04c9,pope,Qwen/Qwen3-VL-8B-Instruct,4,10.0,0.00029798492629806337,0.016748489774763585,0.051939190061183256,0.07777777777777772
state:62396217515d2103a8edeb53,vizwiz,google/gemma-4-E4B-it,4,10.0,4.7211053940840536e-05,0.00035165992550902027,0.04531295664646461,0.28888888888888886
state:3d462cfa45f843c8cf5c0a72,pope,google/gemma-4-E4B-it,4,10.0,8.08194721954686e-06,0.022724890857934943,0.07453354134667468,0.1333333333333333
state:a54e6efb0746885aa86c88e7,hallusionbench,google/gemma-4-E4B-it,3,6.0,0.00018447317775883756,0.0019789651657144227,0.13023024809845596,0.11111111111111127
state:825f2f7ee0c704e922e9bf70,vizwiz,google/gemma-4-E4B-it,2,2.0,0.0001438047483608687,0.010520875453948975,0.018438790687252855,0.5
state:38d06e6265360c84cc60ead6,vizwiz,Qwen/Qwen3-VL-8B-Instruct,2,2.0,7.914011681716467e-05,0.02110273763537407,0.026808695200356954,0.25
state:47bddd5a2df3150b36639ac4,pope,google/gemma-4-E4B-it,3,6.0,3.471976241440054e-05,0.00352482717587716,0.022262290620558903,0.05555555555555536
state:0212208dd9f6536511ac323f,pope,Qwen/Qwen3-VL-8B-Instruct,2,2.0,1.5077153065824184e-06,0.0005507904570549726,0.023931410800132648,0.0
state:d3424d391a24e2949d0c51b6,pope,google/gemma-4-E4B-it,3,6.0,0.0002802568871499226,0.012604021570748752,0.03969248186588286,0.08888888888888868
state:bc1dada8d56f9a3d3f80acee,vizwiz,google/gemma-4-E4B-it,2,2.0,5.1718098362855686e-06,0.006445134922159923,0.01881437156114584,0.0
state:fe46c39e0d83c497bbd7ac30,vsr,Qwen/Qwen3-VL-8B-Instruct,4,10.0,0.001272023347094366,0.046915968060493474,0.07832802734299338,0.033333333333333326
state:591fb7b1e775541aaf107c23,hallusionbench,google/gemma-4-E4B-it,4,10.0,1.8171955954084236e-05,0.0033155513927340466,0.03880896928428464,0.08888888888888868
state:a283ebdd2f974c9a341b3b9e,pope,Qwen/Qwen3-VL-8B-Instruct,4,10.0,0.00011593620615230834,0.01534588433802129,0.04129444453041131,0.26888888888888896
state:f4934f3e2e2312cc302e2443,pope,google/gemma-4-E4B-it,4,10.0,8.850714255622717e-06,0.0002813732620779774,0.05286479887495557,0.1777777777777778
state:4c158dbbb822507abce94546,vizwiz,Qwen/Qwen3-VL-8B-Instruct,4,10.0,0.0007914741839730694,0.1299534087628126,0.10651780552401595,0.07777777777777761
state:4f1aaa4485ea7f0b85ee945c,pope,google/gemma-4-E4B-it,2,2.0,0.0005007815620462948,0.016140643507242203,0.049557132684207646,0.0
state:bfeffbb92212776480d37e30,pope,Qwen/Qwen3-VL-8B-Instruct,4,10.0,1.8731507711690832e-05,0.0008618856268003582,0.0407977075253302,0.12592592592592589
state:7430c2829b95fec9425acdf4,pope,Qwen/Qwen3-VL-8B-Instruct,2,2.0,8.742399270722252e-05,0.011248135939240456,0.02399606511001381,0.33333333333333337
state:b55ba52af340540f0dbc2550,pope,Qwen/Qwen3-VL-8B-Instruct,2,2.0,3.0827092499370015e-06,0.001969981240108609,0.013966481619398835,0.0
state:1bc516b104fb35b8f3fb40d4,hallusionbench,Qwen/Qwen3-VL-8B-Instruct,4,10.0,7.977366968633464e-06,0.0010680113732814793,0.04218232109515579,0.1511111111111112
state:07be7fb4f6d9eb9aedb2f415,pope,Qwen/Qwen3-VL-8B-Instruct,4,10.0,4.73948878029845e-05,0.0019216949689143802,0.03172879523026144,0.05925925925925901
state:d18a7b98b412819230ee09cf,hallusionbench,Qwen/Qwen3-VL-8B-Instruct,2,2.0,4.032288250662501e-06,0.01471254684506107,0.09855311418986801,0.5
state:30e48a77b4838f12b43ed01a,pope,Qwen/Qwen3-VL-8B-Instruct,3,6.0,2.7517327080625995e-06,0.0005614582656158339,0.027791579391801716,0.09999999999999976
state:15b34395a8f92cd400a3717b,vizwiz,Qwen/Qwen3-VL-8B-Instruct,4,10.0,0.0011379217508349518,0.0344320648908615,0.04500885124548737,0.1762962962962964
state:eeb15752acee3b888d5bd694,pope,google/gemma-4-E4B-it,2,2.0,1.3774253466359752e-05,0.0032327258959412575,0.012135464165435473,0.0
state:afdc1f9af9a3864f22039a5e,hallusionbench,Qwen/Qwen3-VL-8B-Instruct,3,6.0,0.0002258590891832316,0.013935362208738108,0.07031305603833551,0.24888888888888905
state:421b13af8edbaa68f985ef0d,pope,google/gemma-4-E4B-it,3,6.0,4.690062854185239e-06,0.0006771145854145288,0.03628099013383927,0.08888888888888868
state:d1be88cf85263a31821b5f3e,hallusionbench,Qwen/Qwen3-VL-8B-Instruct,2,2.0,7.990591919074543e-07,0.001369711011648178,0.0071185199324553606,0.0
state:7b440e3c0d2bcd93fb6875b6,vizwiz,Qwen/Qwen3-VL-8B-Instruct,2,2.0,8.652831579261592e-06,0.059905096888542175,0.13008946632249963,0.6666666666666667
state:99d8f5a14639377fa3d034c1,pope,google/gemma-4-E4B-it,2,2.0,2.099688097131528e-06,0.0011328887194395065,0.008927616195871575,0.0
state:17c60be40fa52d1030204ee0,pope,google/gemma-4-E4B-it,3,6.0,8.919329344916702e-05,0.0033275115118966726,0.05195264467571034,0.08888888888888868
state:8c5a985793800e2c5da8687a,pope,google/gemma-4-E4B-it,2,2.0,4.5250122296436933e-10,0.011373668909072876,0.01837483917501186,0.0
state:e4c21b28da6b0397f953d00e,vizwiz,google/gemma-4-E4B-it,3,6.0,3.388448677463929e-09,0.0002124441994561336,0.05238364580097858,0.0
state:59ed47e85265ef461e268b32,pope,google/gemma-4-E4B-it,3,6.0,1.3482449394502653e-05,0.0025486594272984392,0.03337904991673686,0.08888888888888868
state:53da45bf67e11fd681719d6b,pope,google/gemma-4-E4B-it,4,10.0,4.730436586640333e-06,0.0001261073380919697,0.05869052824491559,0.14074074074074083
state:009c7e97d317483dff81c203,pope,google/gemma-4-E4B-it,3,6.0,3.6612579393623408e-06,0.008391390244166056,0.028667807887582875,0.2666666666666667
state:45c2e73992a974cf0f5abd4f,pope,Qwen/Qwen3-VL-8B-Instruct,4,10.0,5.4455195528303316e-06,0.0005470905266702263,0.03387216265537527,0.09259259259259234
state:b0a98cc20834685b96b997c9,pope,Qwen/Qwen3-VL-8B-Instruct,2,2.0,1.3264265126838371e-05,0.0032553276978433132,0.011803405342164846,0.0
state:46fc4f4280eed474c8219062,pope,Qwen/Qwen3-VL-8B-Instruct,4,10.0,7.868260880038893e-06,0.0008755053952336311,0.033549328624498664,0.0
state:12b6aec14db617e8756bd3ac,vizwiz,google/gemma-4-E4B-it,3,6.0,0.000676928105431485,0.024488844515467956,0.03893443523781229,0.16666666666666663
state:c9ca8193c27b5871cc38d519,hallusionbench,Qwen/Qwen3-VL-8B-Instruct,4,10.0,0.00021698027201748972,0.011558258808217948,0.04913138877820065,0.1562962962962966
state:186a827ced08baee577ef63c,vizwiz,Qwen/Qwen3-VL-8B-Instruct,4,10.0,2.4265888310653024e-05,0.01223758906126024,0.051942192659621085,0.17777777777777792
state:e900546a420208a50ef85fb2,pope,google/gemma-4-E4B-it,4,10.0,1.7608250782865284e-05,0.0027536419779607964,0.03248991214331753,0.05925925925925901
state:77a77ba6b4ab88b50642f92b,pope,Qwen/Qwen3-VL-8B-Instruct,3,6.0,0.00018947238494961983,0.014379902432362238,0.03832185307259858,0.05555555555555536
state:34881eeedbfe589802e7784a,vizwiz,google/gemma-4-E4B-it,2,2.0,1.5313291974996808e-06,0.015277758240699768,0.03395741038562781,0.6666666666666667
state:ea78d96d35f83bb092da7397,vizwiz,google/gemma-4-E4B-it,3,6.0,3.0518561669973174e-05,0.0003070100295493224,0.06208671515494473,0.3555555555555556
state:6c0f751b1079a89f66481225,vizwiz,Qwen/Qwen3-VL-8B-Instruct,3,6.0,2.5770798625074684e-05,0.00015821869844027486,0.053288773066008426,0.30000000000000004
state:013f06e176525814ef1ed625,vizwiz,Qwen/Qwen3-VL-8B-Instruct,2,2.0,1.1986200026465443e-05,0.007554571147920797,0.039782182593861626,0.0
state:dd581ba3d25152da46be4af5,pope,google/gemma-4-E4B-it,2,2.0,6.933671581059854e-05,0.005319107531306599,0.037226356413111165,0.0
state:b2c3144543a426b2d9d4d3cf,vizwiz,Qwen/Qwen3-VL-8B-Instruct,2,2.0,5.929817866871611e-06,0.014580346643924713,0.05511962064107572,0.0
state:4d2d13da793bcc5b7bbadf9c,hallusionbench,google/gemma-4-E4B-it,2,2.0,4.82207110519728e-06,0.003755565732717514,0.03404015208949069,0.0
state:cdb6286eeab9ae233c898c61,pope,google/gemma-4-E4B-it,3,6.0,0.00015963446732767335,0.01678151696816915,0.0793529084513659,0.09999999999999976
state:d2b93e6f7c321eedddef2750,vizwiz,Qwen/Qwen3-VL-8B-Instruct,4,10.0,4.358480561977443e-05,0.02712204974464839,0.06245850124200061,0.033333333333333326
state:cddeeb1705a7be89123e460c,vizwiz,google/gemma-4-E4B-it,4,10.0,0.00030049053286297926,0.002326936147874226,0.05327016710321914,0.36296296296296293
state:0e19d7e475fcea7fa0360c5b,vizwiz,google/gemma-4-E4B-it,4,10.0,2.0473169570008545e-06,0.009557635784149166,0.041996071860916445,0.3111111111111111
state:904d418f76c2ca8586417f43,pope,Qwen/Qwen3-VL-8B-Instruct,3,6.0,0.010019845938312334,0.12413652382653911,0.164326855901982,0.05555555555555536
state:fa9b02323caa6062733e4d88,pope,google/gemma-4-E4B-it,2,2.0,4.118382109056327e-06,0.0076754530891776085,0.009722627152479171,0.16666666666666663
state:ba4eb4b32f7802d88f429538,vizwiz,Qwen/Qwen3-VL-8B-Instruct,4,10.0,0.0010773087025280864,0.0025468526441545605,0.08979681070908552,0.23333333333333328
state:bd64c82093872115c5a43612,pope,Qwen/Qwen3-VL-8B-Instruct,3,6.0,4.514318498145752e-06,0.0006042659903566164,0.03515200377696704,0.09999999999999987
state:1fe7317588e16cbbe9b34291,vizwiz,Qwen/Qwen3-VL-8B-Instruct,3,6.0,0.0006517900012980201,0.016659750645178276,0.06631458050605919,0.24
state:934dfafa1ca0c5bb37730880,vsr,google/gemma-4-E4B-it,2,2.0,1.3997565168034949e-05,0.001783275045454502,0.03455771079519972,0.0
state:baf0296ab489391a207e60cd,pope,Qwen/Qwen3-VL-8B-Instruct,4,10.0,1.7560002997073684e-05,0.007354453206062307,0.05334878215732807,0.16148148148148178
state:b1442208cc42c5911215aa1d,vizwiz,google/gemma-4-E4B-it,3,6.0,3.779276355944979e-08,0.0005621612071990967,0.044471097923692186,0.5333333333333332
state:c7f790ceaae44889d1b643ea,pope,google/gemma-4-E4B-it,4,10.0,0.0001903635530620987,0.014464805285424518,0.06346170397214705,0.06666666666666687
state:8922cb653d687c60810aeab6,vizwiz,Qwen/Qwen3-VL-8B-Instruct,3,6.0,8.863341637264151e-05,0.0007394898275379092,0.03826675549878661,0.11111111111111127
state:b0282879e976624af7194775,hallusionbench,google/gemma-4-E4B-it,4,10.0,0.0006313077442808535,0.02971053329762071,0.07122840004368912,0.13703703703703718
state:512397a4c42567f6bc7af415,hallusionbench,google/gemma-4-E4B-it,2,2.0,7.34803315147147e-05,0.0016998276114463806,0.12167132286966699,0.33333333333333337
state:b175bf74e900632e6be61280,vizwiz,Qwen/Qwen3-VL-8B-Instruct,3,6.0,0.0003139516091394238,0.028164530999977917,0.06251872947654055,0.05555555555555536
state:8111145d962f6489970ebe5b,hallusionbench,google/gemma-4-E4B-it,4,10.0,5.6520529398880386e-05,0.0030533803254365922,0.048346965346498745,0.3555555555555555
state:b53c5d44d8fa6ea1d0e55384,vizwiz,google/gemma-4-E4B-it,2,2.0,1.225401161561603e-07,0.012148812413215637,0.015424538313979299,0.5
state:490a8dc687663ba91a7fb6d2,vizwiz,google/gemma-4-E4B-it,4,10.0,9.254044820681982e-07,0.012161049842834481,0.05233370094393178,0.2666666666666667
state:496d7d2c8eff82a2ae14d8a8,hallusionbench,google/gemma-4-E4B-it,2,2.0,6.671505492495475e-05,0.005004385486245155,0.022208303666735714,0.0
state:842a872e79ba941319e55cf0,vizwiz,google/gemma-4-E4B-it,2,2.0,5.136915146365959e-08,0.010776638984680176,0.014504327149411057,0.0
state:ea04c334688e959bb8c8727d,vizwiz,google/gemma-4-E4B-it,4,10.0,4.597521274879874e-09,0.0014195156097412064,0.04653075275064894,0.43333333333333335
state:defb9d925c0afab45f1fdf6c,vizwiz,google/gemma-4-E4B-it,3,6.0,7.156223667824329e-09,0.0006735026836395264,0.0453098590620334,0.2666666666666667
state:667b63946189f3b941a2a649,pope,Qwen/Qwen3-VL-8B-Instruct,3,6.0,3.874555202940507e-06,0.00023992332555483004,0.05337223680330775,0.11111111111111116
state:57ca3c3e41f0610a23fa2b0f,hallusionbench,google/gemma-4-E4B-it,3,6.0,4.873687817732235e-05,0.009503326820120303,0.07131268286834289,0.0
state:ef7e23a177df8f8e2177aeb7,vizwiz,google/gemma-4-E4B-it,3,6.0,5.390710629433721e-06,9.897213143024904e-05,0.03536529417576737,0.30000000000000004
state:fce3f17bc84555cf98a598b5,pope,Qwen/Qwen3-VL-8B-Instruct,3,6.0,6.135790927405368e-05,0.00651258851091067,0.024905102470833,0.08888888888888868
state:2741c2b0f0e268fd02f5a5a2,pope,Qwen/Qwen3-VL-8B-Instruct,2,2.0,2.671809206653171e-05,0.0055622487235922335,0.03629637260314628,0.0
state:a6fbe92ec555f66de2539e33,vizwiz,Qwen/Qwen3-VL-8B-Instruct,3,6.0,6.9413000652454994e-06,0.01802757216824426,0.048319660086393844,0.2222222222222222
state:ff59e09ed991b3f3c90053b1,pope,Qwen/Qwen3-VL-8B-Instruct,3,6.0,7.655646576061927e-05,0.010402847495343953,0.0433683478501673,0.09999999999999976
state:898bf026d9ece38434f930e5,pope,google/gemma-4-E4B-it,2,2.0,4.551667925692794e-05,0.008932018652558327,0.01952706879644135,0.16666666666666663
state:2e4cdebe892a26eee1b7fa92,vizwiz,Qwen/Qwen3-VL-8B-Instruct,2,2.0,0.00012624662373792546,0.014196230622474104,0.05646690768213681,0.0
state:70dd1279151dea454b65eaaf,vizwiz,google/gemma-4-E4B-it,3,6.0,8.007133314706894e-06,0.005982975165049235,0.05834122968579758,0.30000000000000004
state:a5c811b590844ec5859bad15,vizwiz,google/gemma-4-E4B-it,3,6.0,1.5227399187380759e-10,7.728735605875651e-05,0.03852181026333584,0.0
state:ed95114e63878c66e5e7bda9,hallusionbench,Qwen/Qwen3-VL-8B-Instruct,2,2.0,2.8205133788924714e-05,0.00504697673022747,0.011981904167813045,0.0
state:5ef99dd41c754922fe37b025,hallusionbench,google/gemma-4-E4B-it,2,2.0,4.4834543309002633e-07,0.0007602311670780182,0.028904221851541508,0.0
state:c4bedb48358748f6504d7a53,vizwiz,google/gemma-4-E4B-it,3,6.0,9.703754872656435e-07,0.02587638464238909,0.0551069303682746,0.48888888888888904
state:731378984e9304082d56a5ad,pope,Qwen/Qwen3-VL-8B-Instruct,4,10.0,5.174003058225879e-05,0.0026396794850006696,0.04839949214758484,0.15185185185185202
state:b7084364f41b72d0ddcd1c8e,vizwiz,google/gemma-4-E4B-it,4,10.0,6.216809934390446e-06,4.019653599243167e-05,0.06385970264331572,0.48888888888888893
state:6b5c69816cd228b217ec0875,pope,google/gemma-4-E4B-it,2,2.0,1.3035513523957705e-05,0.003252111840993166,0.011441387367454812,0.0
state:ec6bab9e2cb984b715b2f1ab,vizwiz,Qwen/Qwen3-VL-8B-Instruct,3,6.0,2.198072499616681e-05,0.010957277610335344,0.018151922535741726,0.08888888888888868
state:85763f298c3a3035a0b95883,vizwiz,Qwen/Qwen3-VL-8B-Instruct,4,10.0,0.00016181799932521993,0.01461440846323967,0.05687859849942186,0.14222222222222236
state:8fee406e5f40e597291d1893,vizwiz,Qwen/Qwen3-VL-8B-Instruct,3,6.0,7.018658274502366e-05,0.014471105901369206,0.0490606196131518,0.16888888888888876
state:f800046d99a5b91ce74a4ffa,pope,Qwen/Qwen3-VL-8B-Instruct,2,2.0,0.0011243204318304235,0.04479040764272213,0.12471052383255009,0.33333333333333337
state:73520c07ac0985567e9a96e2,pope,Qwen/Qwen3-VL-8B-Instruct,3,6.0,1.0250537839919787e-05,0.0031943561819692454,0.01671771364047726,0.08888888888888868
state:04ea8618516bb4f16c3f7144,vizwiz,google/gemma-4-E4B-it,3,6.0,1.3645000048501871e-06,0.013598932160271526,0.01985418804743704,0.16666666666666663
state:47c1d9d4615b1736a68a3d09,pope,Qwen/Qwen3-VL-8B-Instruct,2,2.0,2.9550884030367505e-06,0.0012232586741447449,0.008454914939312446,0.16666666666666663
state:8510517b265d46c8dad84337,pope,Qwen/Qwen3-VL-8B-Instruct,4,10.0,3.2746442591293768e-06,0.0006845750007778361,0.03862009406587383,0.05925925925925901
state:3dc396290f63d8bcf9576bb5,pope,google/gemma-4-E4B-it,4,10.0,6.98056660160973e-05,0.005810239396887481,0.038257657967372245,0.05925925925925901
state:5f21158c8e83d38cc271fd1c,vizwiz,Qwen/Qwen3-VL-8B-Instruct,3,6.0,0.0002230827628007327,0.020797249946756174,0.027481044376452154,0.05555555555555547
state:53610cb96e09d2de062bc0dd,pope,google/gemma-4-E4B-it,3,6.0,0.00015999620614686168,0.00670604770615076,0.04122127026091441,0.15555555555555545
state:6ac31e453b173bdad0364202,pope,Qwen/Qwen3-VL-8B-Instruct,3,6.0,9.902010977296511e-06,0.003166107253895864,0.016753810662400743,0.08888888888888868
state:08196c8bc1a626888ae33d7d,pope,Qwen/Qwen3-VL-8B-Instruct,2,2.0,2.611322946895233e-05,0.010581503622233868,0.015549987926182913,0.16666666666666663
state:7e0424aa1dd5012985bc6deb,pope,google/gemma-4-E4B-it,4,10.0,2.068607959642457e-06,0.0005720706190913916,0.03265087788498169,0.08888888888888868
state:3a2dc825cff2ca95d31f9f9b,vizwiz,google/gemma-4-E4B-it,2,2.0,4.959529569826297e-06,6.938214028195944e-05,0.019515629210097318,0.33333333333333337
state:82923e137812f03721d4be2f,pope,Qwen/Qwen3-VL-8B-Instruct,4,10.0,2.1587261324748233e-05,0.00046677207003540386,0.06147629956043741,0.20925925925925937
state:b34fa9151c3f9080dc4b57f1,vizwiz,google/gemma-4-E4B-it,2,2.0,5.447717789267887e-07,0.030473187565803528,0.028338516645323893,0.5
state:995192091fff412e562ab8ca,vizwiz,google/gemma-4-E4B-it,4,10.0,7.489535798559496e-06,7.596939249197022e-05,0.04027873864078367,0.3111111111111112
state:76295d6bdf06a8e5d9042684,vizwiz,google/gemma-4-E4B-it,4,10.0,5.829950595413612e-06,0.00012251215666764904,0.05230365066759293,0.4296296296296298
state:d56ab373e4ee96e49d2b7c26,pope,Qwen/Qwen3-VL-8B-Instruct,2,2.0,9.883315683012039e-06,0.0027244302254985087,0.013774422602463504,0.16666666666666663
state:4c5ff22aef65301735462e0a,pope,google/gemma-4-E4B-it,4,10.0,3.186825134639346e-05,0.010480565130710611,0.03888976482514931,0.2796296296296297
state:24ce9881ee039e7566e06771,vizwiz,google/gemma-4-E4B-it,4,10.0,7.124764027103828e-08,0.0021658778190612794,0.06046272597130666,0.4555555555555556
state:745492ee98e098897df53035,vizwiz,Qwen/Qwen3-VL-8B-Instruct,3,6.0,0.001384793038028187,0.03824705878893534,0.06076234606816827,0.20000000000000007
state:28be67b6f9596451dbdafe5f,vizwiz,google/gemma-4-E4B-it,4,10.0,6.9945546639729235e-06,0.00017388644919265063,0.047762506151593234,0.1333333333333333
state:0014a78ce72d366be1f2b793,pope,google/gemma-4-E4B-it,3,6.0,0.00013917291012719089,0.003416031746989271,0.04119586516463926,0.17777777777777792
state:3dd34b104a70b614b006c028,hallusionbench,Qwen/Qwen3-VL-8B-Instruct,2,2.0,3.812447292812879e-06,0.002117615193128586,0.013388706561926844,0.16666666666666663
state:aeee35871b0a63a6b6a42721,hallusionbench,Qwen/Qwen3-VL-8B-Instruct,3,6.0,0.000655326447120952,0.02636837454823156,0.06892977914442,0.09999999999999987
state:c4695b6ec412f1f5a61d5e14,pope,Qwen/Qwen3-VL-8B-Instruct,4,10.0,1.3795752375080753e-05,0.0008455594070255756,0.04050715090419716,0.059259259259259345
state:de8e4bbd30bb06cded927f76,pope,google/gemma-4-E4B-it,3,6.0,4.574505623585767e-05,0.007538105723344619,0.02218228367272147,0.09999999999999987
state:cd0525dcd8bc67ef8a0b7d49,pope,Qwen/Qwen3-VL-8B-Instruct,3,6.0,1.2196510124249498e-05,0.0005584967149540413,0.04662751780295816,0.2500000000000001
state:6411b73bdbaa4b09c7d4b932,pope,Qwen/Qwen3-VL-8B-Instruct,3,6.0,0.0004344738005258255,0.009440634908969514,0.057859711914990015,0.05555555555555536
state:f60693983b798e7bde43c6b7,vizwiz,Qwen/Qwen3-VL-8B-Instruct,2,2.0,4.422079453661419e-05,0.011403180658817291,0.02108282961313564,0.16666666666666663
state:5c9d3fcafa4e45142c56f0ce,pope,Qwen/Qwen3-VL-8B-Instruct,3,6.0,5.4748746006380475e-05,0.012298464775085458,0.049452253693767004,0.14444444444444438
state:b6de61d85d26776d81d9b7c7,vizwiz,google/gemma-4-E4B-it,2,2.0,3.086014277476883e-08,0.0003864169120788574,0.02841733056564587,0.0
state:e6789e45427170ea5f1f02bd,vizwiz,Qwen/Qwen3-VL-8B-Instruct,2,2.0,0.0001338823084612623,0.015604540705680847,0.0352033419117708,0.0
state:ee2669d62d22efe1361b5a51,vizwiz,Qwen/Qwen3-VL-8B-Instruct,2,2.0,0.0004760638545373433,0.018950003844111052,0.06111781382130813,0.0
state:aef3b5b696ecbfe94cf106fc,pope,google/gemma-4-E4B-it,2,2.0,7.718988280398418e-06,0.0020097102969884872,0.012518139986175288,0.0
state:4e6774acf326673809ecf106,pope,google/gemma-4-E4B-it,3,6.0,0.0014021992632007438,0.009239028013502725,0.09039141996872439,0.05555555555555536
state:f9c34e92e266ae73bfb72ea7,vizwiz,google/gemma-4-E4B-it,2,2.0,1.8457533127177143e-05,0.0003803787076321896,0.040108237591017074,0.5
state:f194ebe2837d6d759da84a4e,vizwiz,Qwen/Qwen3-VL-8B-Instruct,4,10.0,0.00015261930254175437,0.00016904668638743735,0.06604510452630302,0.23703703703703682
state:1424c237154a8e8574fb6e50,pope,Qwen/Qwen3-VL-8B-Instruct,4,10.0,2.5136532971661238e-05,0.005104914829134936,0.02937725275248914,0.07777777777777761
state:8e58092abbbfe32b83f32a4b,vizwiz,Qwen/Qwen3-VL-8B-Instruct,3,6.0,0.00010463797626282707,0.014864091989390241,0.035475670954694484,0.0
state:58c7bb6a1be1e139178970b8,vizwiz,google/gemma-4-E4B-it,3,6.0,1.942597013174339e-06,0.0073863400353325614,0.020714444001908902,0.3666666666666667
state:2570e444d24ea8fab842250d,pope,google/gemma-4-E4B-it,2,2.0,3.127916331875538e-05,0.01063409261405468,0.01645386725193276,0.0
state:714f7dd5bdf5671169cb1434,vizwiz,Qwen/Qwen3-VL-8B-Instruct,2,2.0,2.9343223077271273e-07,0.013056226074695587,0.02356270451896702,0.33333333333333337
state:f9a3e153c761a15cd46ff859,vizwiz,Qwen/Qwen3-VL-8B-Instruct,4,10.0,4.098821536001779e-05,0.00022940364819077353,0.05522520941827376,0.22962962962962963
state:87cbdf2b1ab2c1fc4e1f2d9d,vizwiz,google/gemma-4-E4B-it,3,6.0,7.318631423697842e-07,0.011754641930262247,0.024675118359376358,0.30000000000000016
state:e01b8a1be3b76c4e42e328a3,vizwiz,Qwen/Qwen3-VL-8B-Instruct,2,2.0,8.635632739817535e-05,0.01793687790632248,0.024342611413972093,0.16666666666666663
state:ac026a82f0ba68dc770611b4,pope,google/gemma-4-E4B-it,2,2.0,7.355500508056503e-05,0.02423672005534172,0.03018639187822538,0.0
state:b3b4bf8056ea0bdc836bb51f,pope,google/gemma-4-E4B-it,3,6.0,1.140405607563526e-05,0.003001538415749868,0.034260049518817726,0.09999999999999987
state:cd3aa58a0523643c2309f7d7,vizwiz,google/gemma-4-E4B-it,4,10.0,5.74604312774471e-06,0.036293839365243906,0.06671581626211802,0.23703703703703716
state:dd3e8308ed47f8fc677a873a,pope,Qwen/Qwen3-VL-8B-Instruct,4,10.0,6.541346846425787e-05,0.006953903585672379,0.023568261122364226,0.08888888888888868
state:337189a34f986a9f877f6c7c,vizwiz,google/gemma-4-E4B-it,4,10.0,8.96552167032235e-07,0.06190396070480346,0.062477412344389964,0.37037037037037035
state:120a47c7dd34d1ff80ef0ee9,vizwiz,Qwen/Qwen3-VL-8B-Instruct,4,10.0,0.00031416941163000004,0.03502612471580502,0.053555957957593374,0.2574074074074074
state:703133ba649e149a7841fc93,vizwiz,Qwen/Qwen3-VL-8B-Instruct,4,10.0,1.5402586822640793e-05,0.022188729047775267,0.0433564997519958,0.23333333333333328
state:57aa520de033421080a04403,vizwiz,google/gemma-4-E4B-it,2,2.0,3.0492727517210946e-10,6.809830665588379e-05,0.034059885769314284,0.8333333333333334
state:8e0ab6148b923953eaf08324,pope,Qwen/Qwen3-VL-8B-Instruct,2,2.0,4.36959125977878e-06,0.0003847160842269659,0.03588415113220147,0.0
state:1a727b6ed56b71d0b42b5b3f,vizwiz,google/gemma-4-E4B-it,2,2.0,0.00014350704062371277,0.024992793798446655,0.03546084965606636,0.33333333333333337
state:c90f2e60d8b79bf7a6c734ca,vsr,Qwen/Qwen3-VL-8B-Instruct,3,6.0,1.0100703199914402e-05,0.02562737464904785,0.08619373227203844,0.0
state:a0ef0accd3080cb3666728fa,vizwiz,google/gemma-4-E4B-it,3,6.0,2.401301624755186e-09,0.00010138750076293945,0.03784742242565164,0.4444444444444443
state:f99c5b1d15bf1fe54fb7afc2,pope,Qwen/Qwen3-VL-8B-Instruct,2,2.0,3.6936461215120945e-06,0.002768797567114234,0.009652267279394744,0.16666666666666663
state:c9046fa36f360916ebd9d376,pope,google/gemma-4-E4B-it,4,10.0,0.0013323935423014829,0.028574385046958927,0.06473388856894273,0.07777777777777761
state:290e42000a94ab4d00fd944b,vsr,Qwen/Qwen3-VL-8B-Instruct,2,2.0,6.479264996251969e-05,0.008673977106809616,0.027175418009798294,0.0
state:bbfeedbe636a46860445ed23,pope,Qwen/Qwen3-VL-8B-Instruct,2,2.0,5.140226613086044e-05,0.002350383876773776,0.025435115650771736,0.0
state:a212eae6ea05b7174722e84a,pope,Qwen/Qwen3-VL-8B-Instruct,2,2.0,0.0006418876292821364,0.011512577533721924,0.05510278568147571,0.0
state:899e9ede3e92187e6dd2db03,pope,Qwen/Qwen3-VL-8B-Instruct,4,10.0,3.511664315922013e-06,0.0006416146270930812,0.026073666809405628,0.0777777777777775
state:406cd63139ed2f365be98896,pope,Qwen/Qwen3-VL-8B-Instruct,4,10.0,4.270360549746769e-06,0.0006505431793630122,0.034379050437151164,0.059259259259259234
state:43c1d40153eb67dff42fca9d,vizwiz,Qwen/Qwen3-VL-8B-Instruct,2,2.0,5.604596505444379e-05,0.012889556586742401,0.02451939201767498,0.16666666666666663
state:6ac50b1b7ff8a78cd08aa64c,pope,Qwen/Qwen3-VL-8B-Instruct,4,10.0,5.278198674138325e-06,0.0006783055141568184,0.038189623945888096,0.07777777777777761
state:fe20b08fe7ad6e06cfc72911,vizwiz,Qwen/Qwen3-VL-8B-Instruct,3,6.0,2.344871424717132e-06,0.00027283050197487074,0.0426475428242144,0.3555555555555556
state:cfc3c0ce8dce4b61c6e82258,pope,Qwen/Qwen3-VL-8B-Instruct,3,6.0,3.1817848108506306e-05,0.004076360954665385,0.03538728483683535,0.0888888888888888
state:8eb6fb22d5a5e9bfcf5fd330,pope,google/gemma-4-E4B-it,3,6.0,0.0010994775128576242,0.03825983538344088,0.07361222666189564,0.05555555555555536
state:6975e3015d4ff28b0ca26565,vizwiz,google/gemma-4-E4B-it,4,10.0,6.07606870354364e-07,0.02730071067810058,0.037234983456313514,0.2666666666666667
state:1681646e670adbc8e5f3cf0a,pope,Qwen/Qwen3-VL-8B-Instruct,3,6.0,5.412346647060619e-05,0.005330242964090657,0.03160674727841853,0.0888888888888888
state:a68992db54086ad812b1aeb4,hallusionbench,google/gemma-4-E4B-it,3,6.0,2.1583800483319847e-05,0.01161567473577127,0.04423310145446226,0.0
state:c439444f559867c6db1cdb44,vizwiz,Qwen/Qwen3-VL-8B-Instruct,3,6.0,0.0005980164929572429,0.014709585754543583,0.0449504327100106,0.08888888888888868
state:5c7707b305d9efe51ded02bf,pope,Qwen/Qwen3-VL-8B-Instruct,3,6.0,8.240267064699948e-05,0.007459947115017309,0.027104231914629545,0.05555555555555536
state:15c8a9d60c23d6d46117d780,pope,google/gemma-4-E4B-it,3,6.0,1.120944210793747e-05,0.0008786791004240388,0.03506653911209786,0.15111111111111108
state:b504db25a230ba12a1d51b4d,vizwiz,google/gemma-4-E4B-it,4,10.0,5.082453865764494e-06,6.24620036978829e-05,0.04880480397920348,0.4
state:01cefa8313c42e8406714c4c,vizwiz,google/gemma-4-E4B-it,4,10.0,6.339077968395103e-05,0.0004727029646164782,0.03974102329038343,0.28148148148148155
state:24e2bf9cb72a4bdc72af91e7,vsr,Qwen/Qwen3-VL-8B-Instruct,2,2.0,5.514341433638576e-07,0.0016222037374973297,0.006515550574919423,0.16666666666666663
state:15e71322d1a53e20a17498b0,pope,Qwen/Qwen3-VL-8B-Instruct,3,6.0,3.569007014349209e-05,0.0036751470373322568,0.022473536656511483,0.05555555555555536
state:c4557b0c7190665aebc153a8,pope,google/gemma-4-E4B-it,3,6.0,3.5613165158272766e-05,0.003728959010913968,0.02251553849360314,0.05555555555555547
state:33760babd2908f02528324d2,vizwiz,Qwen/Qwen3-VL-8B-Instruct,2,2.0,3.090689683535104e-05,0.010885830968618393,0.00950750433686109,0.0
state:17fcb6f95ac8e47c1de51815,vizwiz,Qwen/Qwen3-VL-8B-Instruct,4,10.0,0.0007969860422423885,0.018537314794957627,0.04094429632959729,0.059259259259259234
state:26d6b333c2408d8488b35bfd,pope,Qwen/Qwen3-VL-8B-Instruct,3,6.0,6.885890293121127e-05,0.0031100165182983298,0.048281566861712186,0.09999999999999987
state:17a8fdf2101e09d2aa10372e,vizwiz,Qwen/Qwen3-VL-8B-Instruct,2,2.0,0.00017584354885483698,0.012548899027024163,0.01953413812875932,0.16666666666666663
state:9812863eada5edec23c3cd4d,vizwiz,Qwen/Qwen3-VL-8B-Instruct,3,6.0,0.0001450281574104387,0.013125630716482798,0.07203582314663447,0.30000000000000004
state:0512b5635700f1bd26ea8f36,pope,google/gemma-4-E4B-it,2,2.0,5.566830716107669e-06,0.0010382855180068873,0.05928824505118742,0.0
state:117f0a5325f18eca1d77839d,pope,Qwen/Qwen3-VL-8B-Instruct,4,10.0,1.8571347671559554e-05,0.003923141770064831,0.04438183239932375,0.13629629629629647
state:d41f5adb2ed97ff2ffe5b52c,pope,Qwen/Qwen3-VL-8B-Instruct,3,6.0,4.574125664617289e-05,0.004903240359150611,0.031098427748612545,0.05555555555555547
state:408694fcb26247046d37b2f0,vizwiz,google/gemma-4-E4B-it,3,6.0,2.3303854197004326e-06,0.00016022260630658516,0.059203857902108595,0.3555555555555555
state:a5a0e5234c6cff8d181d5e8a,vizwiz,google/gemma-4-E4B-it,2,2.0,3.557160869695229e-05,0.02042296528816223,0.0332554027706059,0.0
state:67391546401a7bb740969601,vizwiz,google/gemma-4-E4B-it,3,6.0,4.142307145382115e-09,4.952152570092405e-05,0.033582718368834745,0.2777777777777779
state:67ed36ed42d0282de4857bf7,vizwiz,google/gemma-4-E4B-it,4,10.0,8.01721958270098e-06,0.01570433974266052,0.03079457961829843,0.2666666666666667
state:9ac074038cc91af9313233e1,hallusionbench,google/gemma-4-E4B-it,2,2.0,1.541622073575032e-05,0.0006151995621621609,0.029547807597119446,0.0
state:c0d1b77d82faca32ec124b6f,pope,google/gemma-4-E4B-it,2,2.0,3.43026784879182e-08,0.0009193941950798035,0.0072446168960485485,0.0
state:f996f102a95ef3b1498cacb4,pope,google/gemma-4-E4B-it,4,10.0,6.305759030323879e-06,0.0008644551038742065,0.042684305157246624,0.09777777777777763
state:0359c9ae33503ca2f2783c84,pope,Qwen/Qwen3-VL-8B-Instruct,3,6.0,0.00010926912546402453,0.014943321856359638,0.037769747083292816,0.16666666666666663
state:65f321762a05e980ebfa3ea6,pope,Qwen/Qwen3-VL-8B-Instruct,4,10.0,1.682019744988503e-05,0.0011916625499725345,0.04442494999407317,0.1444444444444445
state:a810bbbe4ad0e0c52a405439,vizwiz,Qwen/Qwen3-VL-8B-Instruct,2,2.0,9.796739162465707e-05,0.006109803565777838,0.06735927545231421,0.0
state:abab47688c790290dfc000eb,vizwiz,google/gemma-4-E4B-it,4,10.0,1.287252509287443e-06,0.009827457666397078,0.01936123966869689,0.1777777777777778
state:71dfb9e3f814e3c0cfdd82e9,vizwiz,Qwen/Qwen3-VL-8B-Instruct,4,10.0,1.763282923097793e-05,0.0001361551899617597,0.06272572584962678,0.36296296296296293
state:260b12f075e46bc4beff2567,pope,Qwen/Qwen3-VL-8B-Instruct,2,2.0,2.376267425170523e-05,0.004523742478340864,0.01630172142553062,0.0
state:a940a1d4b14266beb3216496,pope,Qwen/Qwen3-VL-8B-Instruct,3,6.0,2.0909147383800215e-05,0.005630938646694024,0.04293100762959174,0.05555555555555547
state:ef8df67806bbd27c5cfd96f5,pope,Qwen/Qwen3-VL-8B-Instruct,4,10.0,4.0869352082020613e-05,0.0072762650810182005,0.02590247539514183,0.059259259259259234
state:6524f828a34dd33c8213812f,pope,google/gemma-4-E4B-it,4,10.0,8.138058741115814e-05,0.010980589874088764,0.035415536395494995,0.07777777777777761
state:ae29762568d7c25dba6a2fd3,vizwiz,Qwen/Qwen3-VL-8B-Instruct,3,6.0,0.00027918029859548836,0.024130384127298992,0.02950235909874945,0.06666666666666654
state:adc4395abc7d408ddc364fe1,pope,google/gemma-4-E4B-it,2,2.0,7.399787263233772e-06,0.0020422274246811867,0.012408742720126494,0.16666666666666663
state:c0939c20619f1bdd9f472eef,vizwiz,Qwen/Qwen3-VL-8B-Instruct,4,10.0,0.0007695742735008307,0.024518232751870532,0.058312151046453105,0.0777777777777775
state:0b43009ddead0de43c32db38,pope,Qwen/Qwen3-VL-8B-Instruct,2,2.0,6.28895262166301e-07,0.005862176418304443,0.01791796725050534,0.6666666666666667
state:8d02c4006029804c33f0afc1,pope,google/gemma-4-E4B-it,3,6.0,3.982373926060401e-06,0.0006236158466587464,0.026447858854530718,0.08888888888888868
state:75998634977ba582bdf33004,pope,google/gemma-4-E4B-it,4,10.0,5.782003410163758e-05,0.008595122350379824,0.029830575858560377,0.07777777777777761
state:62fceb80daad291ad2877e42,pope,google/gemma-4-E4B-it,2,2.0,1.937516222787612e-06,0.0011111171916127205,0.008773705983607695,0.0
state:02d7c4850275fe676504afb8,vizwiz,google/gemma-4-E4B-it,4,10.0,3.4091708522946616e-06,6.531724429805763e-05,0.05346204724548224,0.45925925925925937
state:7c3265cfcd13a462f5957746,pope,google/gemma-4-E4B-it,3,6.0,1.561151344766984e-05,0.0038977425235013166,0.020257729067931936,0.05555555555555536
state:6ff5b2c73b18680a3ed437d8,vizwiz,Qwen/Qwen3-VL-8B-Instruct,4,10.0,1.3140284329688179e-05,0.008543109670281424,0.04603597821896465,0.23703703703703694
state:0440158a3515e9ec5b2edab5,pope,Qwen/Qwen3-VL-8B-Instruct,3,6.0,1.758351481644468e-05,0.004800271066111843,0.027972852024737708,0.0888888888888888
state:277a85e80eab3be585c8e0cc,vizwiz,Qwen/Qwen3-VL-8B-Instruct,4,10.0,6.550667376789343e-05,0.009350154101848585,0.07632571823110418,0.23703703703703694
state:276394fe2201e12d5cdb862d,pope,Qwen/Qwen3-VL-8B-Instruct,3,6.0,0.0001159287267333692,0.010565415386938387,0.07412006842838151,0.16888888888888876
state:f9d0232665d39bfaaa0f1f4c,hallusionbench,Qwen/Qwen3-VL-8B-Instruct,3,6.0,0.0003238956967618919,0.017671736578146618,0.038612619324674094,0.08888888888888868
state:ec45c5b247983c54e44c3e17,vizwiz,google/gemma-4-E4B-it,2,2.0,2.6645632469570665e-08,0.0003749430179595947,0.049983519334002594,0.0
state:46685ad1add7385c7c1e52e8,pope,google/gemma-4-E4B-it,3,6.0,4.2582768258047904e-05,0.007595293999960025,0.021576203000417203,0.09999999999999987
state:7a2f46d36cc2911baec41f64,pope,google/gemma-4-E4B-it,4,10.0,1.1427029899072648e-05,0.001036411542445412,0.0381455290910852,0.08888888888888868
state:ace191b6681f1ef58ba1a50f,pope,Qwen/Qwen3-VL-8B-Instruct,3,6.0,3.0184480753875733e-05,0.004140283297197634,0.026430451509618598,0.09999999999999987
state:7fd0f50109216c1dd5aed226,vizwiz,google/gemma-4-E4B-it,3,6.0,1.2932412430285132e-06,9.049310271318993e-05,0.03602866452978734,0.40000000000000013
state:f2b6334c779e8b83ee9ede3f,vizwiz,google/gemma-4-E4B-it,3,6.0,5.306284450210722e-05,0.00017688327271673612,0.0556416736345131,0.11111111111111127
state:85d88ca133f2f205c38423cc,pope,google/gemma-4-E4B-it,4,10.0,4.634301100653978e-05,0.007918745223432774,0.026167064444034847,0.033333333333333215
state:34ff0871442f7429b93fea43,vizwiz,google/gemma-4-E4B-it,2,2.0,4.296641142218336e-08,0.02285398542881012,0.02305566557600074,0.0
state:3308ae5b45b748516e1f5919,pope,Qwen/Qwen3-VL-8B-Instruct,4,10.0,8.114333130311826e-06,8.45641919295348e-05,0.04636727328951953,0.25555555555555554
state:813493006ff1c3eee24f3e4e,vizwiz,google/gemma-4-E4B-it,4,10.0,7.894002904858827e-05,0.042571029663085944,0.07032669276268602,0.2777777777777778
state:b7f5b975dde5022170065783,vizwiz,google/gemma-4-E4B-it,4,10.0,3.0354285375966875e-07,0.009234302043914799,0.017128964957864885,0.3592592592592593
state:5a9a5f95077d17786c780ef1,pope,Qwen/Qwen3-VL-8B-Instruct,4,10.0,2.814852611768408e-05,0.003543969467282296,0.04213480685670186,0.17481481481481498
state:69e1b0feb8ecbd86ff71090d,pope,google/gemma-4-E4B-it,2,2.0,1.452240218060625e-06,0.001962904818356037,0.011181665873227923,0.16666666666666663
state:2bd8483ce6068c65d0023173,pope,google/gemma-4-E4B-it,4,10.0,4.9006062864422955e-06,0.010212389607318084,0.050091649735859514,0.2000000000000003
state:49c84bd941134f45aed00eb6,pope,Qwen/Qwen3-VL-8B-Instruct,3,6.0,3.136102789818831e-05,0.003307692240923643,0.021244050659592586,0.08888888888888868
state:b5bdfe7c720b85f73c303b83,vsr,Qwen/Qwen3-VL-8B-Instruct,2,2.0,8.253669529053622e-06,0.006005346775054932,0.016939350455485915,0.0
state:104c352374f171e904854e69,pope,Qwen/Qwen3-VL-8B-Instruct,3,6.0,4.749017243207371e-06,0.0006412838378714068,0.03561139441022755,0.05555555555555536
state:be47bf53e69b610d66540897,vizwiz,Qwen/Qwen3-VL-8B-Instruct,3,6.0,0.00020933395106861752,0.0011534833174664527,0.051247678856694075,0.0
state:ae971f6c7ada831f76c97837,hallusionbench,google/gemma-4-E4B-it,2,2.0,3.991218354458424e-06,0.008813142776489258,0.022305473625130263,0.5
state:bbc24bce3c684eb2cce26525,vizwiz,google/gemma-4-E4B-it,4,10.0,1.7437616451050118e-06,0.012941726446151703,0.037926154615386634,0.0
state:a8f9ec0bf2efd4e2de98a47e,pope,google/gemma-4-E4B-it,2,2.0,7.415048629011759e-05,0.007345055229961872,0.020210886657315286,0.16666666666666663
state:0c91de8169c9934573934ec7,pope,google/gemma-4-E4B-it,2,2.0,7.612069498787112e-05,0.001319803150693133,0.049768091270389773,0.16666666666666663
state:242bd3b0d6647cff8b363259,pope,Qwen/Qwen3-VL-8B-Instruct,4,10.0,3.575790417250824e-05,0.009517700541764498,0.02934052238832189,0.17777777777777792
state:e3fef096a9197191f8a55334,pope,Qwen/Qwen3-VL-8B-Instruct,2,2.0,1.2414281701375693e-07,0.012709051370620728,0.02979508801621123,0.0
state:b6f834950ff1c7c39a007ff6,pope,google/gemma-4-E4B-it,2,2.0,4.02320434084091e-05,0.005509910099135595,0.023689168534838805,0.0
state:270b2c220cd163949631d638,pope,Qwen/Qwen3-VL-8B-Instruct,2,2.0,1.4521544364682162e-05,0.0035827280953526497,0.012482894571991691,0.0
state:2011565744bcf5e2593fcd00,vizwiz,Qwen/Qwen3-VL-8B-Instruct,3,6.0,1.5031785732025197e-05,0.005367580180366834,0.03702285419309473,0.188888888888889
state:0744e2b880d4ae19954cc396,pope,Qwen/Qwen3-VL-8B-Instruct,2,2.0,3.7715776878007414e-06,0.00278512598015368,0.009747555760675273,0.0
state:068c6e3b5c6930aa124c8372,pope,google/gemma-4-E4B-it,4,10.0,5.232064114216708e-05,0.008300399594008922,0.03325853929184803,0.15555555555555556
state:1b614823192395ec500bc933,pope,google/gemma-4-E4B-it,3,6.0,0.0003077785986228526,0.013727821202741727,0.04767555078522996,0.08888888888888868
state:8b22bd94b8411bae4e0b7d53,pope,google/gemma-4-E4B-it,4,10.0,4.9699153480897194e-05,0.0063586124032735825,0.023265171821623364,0.07777777777777761
state:adad25811800e40f0668ae47,pope,google/gemma-4-E4B-it,4,10.0,9.145588076605876e-05,0.004942343172988331,0.028852014820815862,0.0888888888888889
state:8bfddf68c3b5497b01e56679,pope,Qwen/Qwen3-VL-8B-Instruct,4,10.0,5.84190577641152e-05,0.0025099967445112266,0.07367513013049069,0.15555555555555556
state:bd2cd5a6410b73d129f75b59,pope,Qwen/Qwen3-VL-8B-Instruct,3,6.0,4.352447864105764e-05,0.007504087872803211,0.02174692098981094,0.05555555555555547
state:2105b924339ec1500d334950,vizwiz,google/gemma-4-E4B-it,4,10.0,2.731761551346331e-07,0.010785790681838981,0.0167287980477673,0.2777777777777778
state:032b19b4217f3495cf4d396f,vizwiz,google/gemma-4-E4B-it,4,10.0,0.0007467107112715998,0.028864206671714788,0.04970843433705408,0.24888888888888894
state:4f2d00170ee4f874a9bd5d0c,vsr,Qwen/Qwen3-VL-8B-Instruct,4,10.0,5.9997478395068495e-05,0.007976553812623043,0.031013256605159974,0.07777777777777761
state:51adf85d1479a2e0cd8f69c4,vizwiz,google/gemma-4-E4B-it,2,2.0,1.3691617133369283e-09,2.8073787689208984e-05,0.013823409391086382,0.0
state:7cdbb8430fe7ff28320694ed,pope,Qwen/Qwen3-VL-8B-Instruct,3,6.0,3.4232983179460914e-05,0.003673125524073839,0.022024554958373705,0.08888888888888868
state:11ff4ff270ff4b9ad0f93854,vizwiz,google/gemma-4-E4B-it,2,2.0,3.496756874387403e-06,5.1877403166145086e-05,0.02058693915845286,0.0
state:c48c4d082f2e6a06f37f3044,pope,google/gemma-4-E4B-it,3,6.0,3.073920276635471e-07,0.009180151753955442,0.03748860649749793,0.0
state:bcb6528faeec2f7b4a15e866,pope,Qwen/Qwen3-VL-8B-Instruct,2,2.0,1.3130904425188311e-05,0.003350106067955494,0.011651344793648275,0.0
state:a6e7da41df1972f4ec4e2635,vizwiz,google/gemma-4-E4B-it,3,6.0,1.2403981635279394e-09,8.181068632340249e-05,0.03471139692276722,0.2222222222222221
state:0568c6490da834105b4d03a5,pope,google/gemma-4-E4B-it,3,6.0,0.0014014451570975612,0.022854391071531494,0.07171944466201506,0.08888888888888868
state:50627ee4e2db6ceb9f18df2c,vizwiz,Qwen/Qwen3-VL-8B-Instruct,4,10.0,0.0013412488325046197,0.00309022562301835,0.07510753079406807,0.2666666666666667
state:c46cdeb11da0eeb31558fd63,pope,Qwen/Qwen3-VL-8B-Instruct,2,2.0,6.829765949514365e-05,0.0032317820005118847,0.021422020719098475,0.0
state:59b241732e17d59496b87112,vsr,Qwen/Qwen3-VL-8B-Instruct,2,2.0,0.000215772404281642,0.01187037117779255,0.039151304386049954,0.0
state:8864d4e274565c5f158c6264,pope,google/gemma-4-E4B-it,2,2.0,7.39297496238925e-06,0.0019467109814286232,0.013264382738841318,0.0
state:ce5ffeae06d563c3d4194377,vizwiz,google/gemma-4-E4B-it,2,2.0,1.239266431710877e-07,0.004638805985450745,0.02450912528748807,0.0
state:2d02f49e27e239ca718975af,vizwiz,google/gemma-4-E4B-it,4,10.0,1.614319378254763e-06,2.154715584765654e-05,0.03828604918105544,0.23703703703703682
state:039b92d60e6aba4226169505,vizwiz,google/gemma-4-E4B-it,3,6.0,1.4014350081653923e-06,0.03246910704506767,0.0591126647904602,0.3555555555555556
state:cb1fd38330d4b93333481fee,pope,Qwen/Qwen3-VL-8B-Instruct,3,6.0,0.00022645720303495842,0.027203108416870236,0.0906500025720876,0.08888888888888868
state:6e309e0ee2002c8e74a414ba,pope,Qwen/Qwen3-VL-8B-Instruct,4,10.0,3.796594271434808e-05,0.006509428545832635,0.023840604919238208,0.033333333333333326
state:95485cb73dc68aaadf69e531,pope,Qwen/Qwen3-VL-8B-Instruct,2,2.0,4.75237876671748e-06,0.000456726411357522,0.0360081320295251,0.0
state:269172d56bf33e2c133e057c,pope,google/gemma-4-E4B-it,2,2.0,1.6694107950472332e-05,0.004450798965990543,0.0134736293197452,0.16666666666666663
state:e7b4963318daa6a308fa8523,pope,google/gemma-4-E4B-it,3,6.0,1.2822024598145825e-05,0.0029153060168028004,0.015085450443317395,0.08888888888888868
state:d87908d67fe32cb899a9095e,pope,google/gemma-4-E4B-it,3,6.0,1.2587642918869564e-05,0.0006782287008617235,0.04428304738817438,0.1777777777777778
state:4680c1724f00efd7c1e280f3,pope,Qwen/Qwen3-VL-8B-Instruct,2,2.0,1.8634696407445149e-06,0.00104485172778368,0.03072066890308075,0.16666666666666663
state:3e96e1bb218c21dfd369f9cd,vizwiz,google/gemma-4-E4B-it,3,6.0,2.309235275863346e-06,0.004473745408985337,0.03329514543344492,0.2222222222222222
state:7bd8e509d2fd29af4b9a4ffc,vizwiz,Qwen/Qwen3-VL-8B-Instruct,2,2.0,0.00022963261400002973,0.01067642867565155,0.020147877995147907,0.0
state:935c13caae9b786128234f4a,pope,google/gemma-4-E4B-it,4,10.0,7.688254565486507e-06,0.0006473960820585448,0.04720412078511835,0.14074074074074094
state:64b664e25dc3b75c3919445e,pope,google/gemma-4-E4B-it,2,2.0,8.502539261595049e-07,0.0015881303697824478,0.0066829020911026785,0.16666666666666663
state:199b792c7a7af81513b15964,vizwiz,Qwen/Qwen3-VL-8B-Instruct,3,6.0,1.4272409900119539e-06,0.05568559964497884,0.07196718321377592,0.3555555555555556
state:bb1e8689abad23f819bb4dff,pope,Qwen/Qwen3-VL-8B-Instruct,2,2.0,5.35467188692131e-06,0.0005805608816444874,0.03619204762384289,0.16666666666666663
state:d3dd191578333f4e1fa2b6d1,vizwiz,Qwen/Qwen3-VL-8B-Instruct,4,10.0,0.0012797519159367852,0.028320433073895403,0.059459923470018584,0.059259259259259234
state:23181db8ceeffa4f23cca247,vizwiz,Qwen/Qwen3-VL-8B-Instruct,2,2.0,0.0003135699357782981,0.020367581397294998,0.04552274885447501,0.16666666666666663
state:ade62c838802839d7a16ce75,vizwiz,google/gemma-4-E4B-it,4,10.0,1.886538073521528e-09,0.0002049076557159468,0.04025788959763078,0.48518518518518505
state:2090bd215c6e8139262f0ae8,vizwiz,Qwen/Qwen3-VL-8B-Instruct,2,2.0,1.0872688247848212e-05,0.008829753147438169,0.01419291315144668,0.0
state:30e2c580cbfff8134a0ab0b9,hallusionbench,google/gemma-4-E4B-it,4,10.0,6.501008727028542e-05,0.0023925448209047183,0.04395214341908817,0.3555555555555556
state:948c772d47b561a98ad04e3a,pope,Qwen/Qwen3-VL-8B-Instruct,3,6.0,2.3665767804996138e-05,0.004848912358283984,0.01442088261696802,0.08888888888888868
state:06bfe2769904232ed40fefd1,vizwiz,google/gemma-4-E4B-it,2,2.0,4.230267441291007e-06,0.00015739457739982754,0.020566993559794095,0.0
state:e61a0114ccbd72b4d3529025,vizwiz,Qwen/Qwen3-VL-8B-Instruct,3,6.0,1.9275233483852404e-05,0.004781850510173362,0.016478649871979233,0.1466666666666665
state:eb183c1bd82b5316c3b9729a,hallusionbench,google/gemma-4-E4B-it,4,10.0,2.1278389647639073e-05,0.0034900648041570914,0.08401289549154661,0.2785185185185185
state:67f9768cc870ce5d38bb73d1,vizwiz,Qwen/Qwen3-VL-8B-Instruct,4,10.0,0.0025262844443343715,0.07925083410460503,0.13481671306425827,0.07777777777777761
state:06d86acf28bb09ea54e247e0,vizwiz,Qwen/Qwen3-VL-8B-Instruct,2,2.0,3.596510518634272e-05,0.006060391664505005,0.01838963266479851,0.0
state:7fbc94c378735f4616d78cae,vizwiz,google/gemma-4-E4B-it,4,10.0,1.2211143993144873e-06,2.615218167192346e-05,0.03846875970887259,0.40000000000000013
state:c49199717a12673c4892a16d,pope,Qwen/Qwen3-VL-8B-Instruct,4,10.0,0.0033022345593310583,0.02897876083850861,0.06622320246657738,0.07777777777777761
state:6bea696dce2d6e03e335e33f,pope,Qwen/Qwen3-VL-8B-Instruct,2,2.0,0.003757867121909328,0.04851006809622049,0.1002723564917263,0.0
state:5df6a78aaec33d2bf4e692c9,pope,google/gemma-4-E4B-it,4,10.0,4.1427466996872306e-05,0.006121018230915079,0.024719475989111738,0.08888888888888868
state:206758f6213eaab165e95e8d,hallusionbench,Qwen/Qwen3-VL-8B-Instruct,4,10.0,9.068458156205549e-05,0.011929783821105955,0.06214035888682311,0.17777777777777792
state:dea98fa1d9c0fa076a1c2e20,hallusionbench,Qwen/Qwen3-VL-8B-Instruct,3,6.0,0.0013671109335001593,0.08445313262442748,0.12402710570688386,0.0888888888888888
state:a3bc558e50f1b6fbac3775ec,pope,Qwen/Qwen3-VL-8B-Instruct,2,2.0,3.4561303100167262e-06,0.0015594219594277092,0.023311104992419063,0.0
state:f7caf2f608d1f095e59aa361,vizwiz,Qwen/Qwen3-VL-8B-Instruct,3,6.0,0.00023895059713041739,0.009282470320613368,0.06877742039390303,0.14666666666666672
state:85510169ddec98d309c69caa,vizwiz,Qwen/Qwen3-VL-8B-Instruct,3,6.0,0.00024124846612410937,0.03256208471147048,0.08876471794714001,0.0
state:565006d6e517f19b97ec196d,hallusionbench,Qwen/Qwen3-VL-8B-Instruct,4,10.0,1.1826113463698564e-05,0.012128656208515193,0.04565002354371332,0.4740740740740742
state:c6a84340e969a5da03cdcb4c,vizwiz,google/gemma-4-E4B-it,4,10.0,6.040750014322402e-06,0.006408966779708858,0.036104136162604994,0.3555555555555556
state:683fff96cff698feb9c2c18a,pope,Qwen/Qwen3-VL-8B-Instruct,3,6.0,9.759412549849445e-05,0.006798565606914067,0.06691696065372481,0.11111111111111127
state:8fe33e640865bd62ba020ff0,vizwiz,google/gemma-4-E4B-it,2,2.0,6.354668483731571e-05,0.0007835410906409379,0.04638694277979224,0.6666666666666667
state:a7748b8381bcdbd1e508bb05,pope,Qwen/Qwen3-VL-8B-Instruct,3,6.0,0.00010264424263773352,0.010140613497545322,0.028765137113520252,0.08888888888888868
state:1ff4955097e80024c5056fa5,vizwiz,google/gemma-4-E4B-it,4,10.0,2.759762313725604e-09,0.00023403406143187588,0.04263566352524053,0.09999999999999998
state:8dc2c2f31117b257a3b11653,vizwiz,google/gemma-4-E4B-it,2,2.0,1.995704855338784e-07,0.004434704780578613,0.020971429375962882,0.0
state:474d6950edfaa9242e98bdad,hallusionbench,Qwen/Qwen3-VL-8B-Instruct,3,6.0,1.834466475691785e-05,0.0019482349581873375,0.07351735944265522,0.30000000000000016
state:0c3080419d00888595758c4d,vizwiz,google/gemma-4-E4B-it,4,10.0,7.395430939577187e-10,7.663607597350187e-05,0.0414102164859308,0.6666666666666667
state:9a4e502546d3f8d0c38596c9,vsr,Qwen/Qwen3-VL-8B-Instruct,3,6.0,0.0010578741203465434,0.03057726576096481,0.0640264815694499,0.0888888888888888
state:2f0dfc844652472ea78e5834,vizwiz,Qwen/Qwen3-VL-8B-Instruct,4,10.0,2.7291118262054002e-05,0.03446246609091759,0.08954070642167196,0.41481481481481486
state:775b63ccff8af5c10a6dca5c,vizwiz,Qwen/Qwen3-VL-8B-Instruct,4,10.0,7.224540586449652e-05,0.013667427599430085,0.029088320942448842,0.1755555555555557
state:400fe5969957cefea6794d71,vizwiz,Qwen/Qwen3-VL-8B-Instruct,2,2.0,1.8185551338005512e-06,0.0028503499925136566,0.04179503757869774,0.0
state:531aef12caf013bc161faad1,hallusionbench,google/gemma-4-E4B-it,2,2.0,7.472581921170429e-05,0.013528533279895782,0.04950711411874081,0.5
state:ecbd0a6ba766d2276afa02a3,vsr,Qwen/Qwen3-VL-8B-Instruct,3,6.0,2.9008709816160348e-05,0.0065043270938581884,0.030445402748672266,0.08888888888888868
state:b995fe1b768803d762a1583c,vizwiz,Qwen/Qwen3-VL-8B-Instruct,4,10.0,0.00013128225667551296,0.0002356495196727337,0.07827518437635846,0.3851851851851853
state:af29d87485ec086a8b40d9be,vizwiz,google/gemma-4-E4B-it,2,2.0,7.88517731765345e-08,0.013593919575214386,0.029229591299104987,0.0
state:1777dd61891c616fb76b53b7,pope,google/gemma-4-E4B-it,2,2.0,3.0217453272421684e-05,0.00811559334397316,0.01652572415982878,0.0
state:a9c277b096c7a041c5658fb8,vizwiz,Qwen/Qwen3-VL-8B-Instruct,4,10.0,6.99572148126886e-06,0.0004865022096782745,0.05014468719152278,0.37037037037037046
state:2cf48b2dbf4d3f850396f0d7,vizwiz,Qwen/Qwen3-VL-8B-Instruct,2,2.0,1.0732121822589534e-05,0.010065525770187378,0.05185009390325181,0.0
state:fc4bb38c2593b61bef0f9f72,vizwiz,google/gemma-4-E4B-it,2,2.0,2.7917293443147693e-06,0.0006948709487915039,0.015022056717424315,0.0
state:e6824c671b566931e30c8f40,pope,Qwen/Qwen3-VL-8B-Instruct,4,10.0,6.278711971325777e-06,0.0007395151071250439,0.03530829338242739,0.07777777777777772
state:2979e55eb2746aa4a48d8427,vizwiz,google/gemma-4-E4B-it,3,6.0,0.0002201169857363852,0.02232254482805729,0.05892099572416606,0.15999999999999992
state:4f0fa319f1c00e2ad37f335a,pope,google/gemma-4-E4B-it,4,10.0,0.00022234246354127692,0.02077202044893058,0.041442713179260626,0.15555555555555556
state:964583f5b94015460c7c3a4d,hallusionbench,Qwen/Qwen3-VL-8B-Instruct,2,2.0,7.989908957204769e-07,0.001212187111377716,0.007342745051212207,0.16666666666666663
state:49468064171b198de7cfb3e8,vizwiz,google/gemma-4-E4B-it,4,10.0,1.3320352791713697e-09,0.00024042248725890668,0.052327502935592005,0.2666666666666667
state:7659d8981010e96bfd58cfd1,pope,google/gemma-4-E4B-it,2,2.0,2.1939785666607366e-06,0.0006739916279911995,0.024630108352088623,0.0
state:a7e78a1017ba29b2aecf258f,pope,google/gemma-4-E4B-it,4,10.0,4.61775335091331e-05,0.008862986294552675,0.029006849343831815,0.0
state:fcb131932dcb22e5f04c311f,vizwiz,google/gemma-4-E4B-it,3,6.0,3.938809232868264e-06,0.00010122155072167516,0.0407587338741973,0.40000000000000013
state:bbc0d85958be7b57f6f1d00c,vizwiz,Qwen/Qwen3-VL-8B-Instruct,3,6.0,0.005825064563325593,0.07807389563984342,0.16689712028902656,0.1777777777777778
state:09007e024302ff21bd3ede86,vizwiz,Qwen/Qwen3-VL-8B-Instruct,2,2.0,3.087705827602335e-06,0.0003411938369026757,0.04392720146441429,0.0
state:c64fa28112a3ab91330fff6a,pope,Qwen/Qwen3-VL-8B-Instruct,2,2.0,1.8909433347021317e-05,0.006580268731340766,0.032350574449901505,0.0
state:595bac034cd777fc1bf25ced,hallusionbench,google/gemma-4-E4B-it,3,6.0,4.1683898718004564e-05,0.003016602247953415,0.051271559320976046,0.3555555555555555
state:b8df5f0a2aa454aae19a8862,pope,google/gemma-4-E4B-it,3,6.0,1.0979790453768568e-05,0.0008666770946648264,0.035034310964011016,0.05555555555555536
state:8e37e7b34bfa772b8e2127e0,pope,google/gemma-4-E4B-it,2,2.0,4.56568169395144e-06,0.00041735172271728516,0.035989988914728446,0.16666666666666663
state:1e6c9ea0dfe7f176c66b800d,vizwiz,google/gemma-4-E4B-it,3,6.0,1.5968307973687365e-08,0.0034979350037045074,0.009456430674431164,0.2666666666666667
state:da130d9a281675ac7e45dfde,pope,google/gemma-4-E4B-it,2,2.0,0.000128921803164118,0.015321627259254456,0.03752237504084135,0.16666666666666663
state:e50c2395f5269af3e730c4fb,pope,google/gemma-4-E4B-it,3,6.0,6.840787427143622e-05,0.007268819957971573,0.027292845167027912,0.0
state:e38815622bd1ad90635c94d4,vizwiz,Qwen/Qwen3-VL-8B-Instruct,2,2.0,0.0017381019262998575,0.005100063584450254,0.04983404586532098,0.0
state:8f735039932b8cf34d6b76cc,vizwiz,Qwen/Qwen3-VL-8B-Instruct,4,10.0,0.0025287996292175084,0.06975859014797607,0.0737437792568257,0.05925925925925901
state:e45f42592bb4010c38eaa321,vizwiz,google/gemma-4-E4B-it,2,2.0,2.1365031894635195e-06,0.00024369158381887246,0.018605322317763108,0.5
state:f95c08f1e0711b8eded449b0,vizwiz,google/gemma-4-E4B-it,2,2.0,9.64433425065732e-07,0.03013557195663452,0.03394549183848848,0.0
state:2e2f5715c2e0006a9f4d873f,vizwiz,Qwen/Qwen3-VL-8B-Instruct,2,2.0,0.0014422663830323743,0.030898801360308426,0.06131761959565764,0.0
state:67341e8397962575f5aaa7da,pope,google/gemma-4-E4B-it,3,6.0,0.000473307225611486,0.020428116129195928,0.1009257167351411,0.05555555555555547
state:aed39af0213ce810d73c8e33,pope,Qwen/Qwen3-VL-8B-Instruct,2,2.0,7.114424831753173e-08,0.00038152351044118404,0.020993029657071977,0.16666666666666663
state:c89b02cc9fdace5a8816d9e2,vizwiz,google/gemma-4-E4B-it,2,2.0,1.863285379830935e-07,0.0020243823528289795,0.015957071664935634,0.0
state:e60587951ca504609b3e66c7,hallusionbench,Qwen/Qwen3-VL-8B-Instruct,4,10.0,0.001066628761654988,0.06324064731597899,0.05738038126291991,0.2796296296296297
state:eae88e44841953b2a3779509,vsr,google/gemma-4-E4B-it,4,10.0,0.00023661211333894116,0.02041920259594917,0.11852610668822865,0.15407407407407414
state:9adedd9219d29674590ef0bd,hallusionbench,Qwen/Qwen3-VL-8B-Instruct,2,2.0,1.3124430882366931e-05,0.008257806301116943,0.018230240067853728,0.0
state:9dae83257501e0ee0b728162,vizwiz,google/gemma-4-E4B-it,4,10.0,1.3071626893547185e-05,0.00010102742176968604,0.05651702210715559,0.1333333333333333
state:3eb6c9021e3a25b656f53381,vizwiz,Qwen/Qwen3-VL-8B-Instruct,3,6.0,8.284049578012469e-06,0.01046435534954071,0.06973809475231553,0.3555555555555556
state:5d7feecf077dafce487f26dc,pope,Qwen/Qwen3-VL-8B-Instruct,4,10.0,4.315679918015266e-05,0.0019804676164858395,0.08767995870645524,0.32592592592592595
state:8e51f5a537ddc06070b9a2bc,vsr,Qwen/Qwen3-VL-8B-Instruct,2,2.0,0.0001730297246667046,0.013731975108385086,0.028289079183371924,0.16666666666666663
state:a0c01391b6dc125f52714aab,pope,Qwen/Qwen3-VL-8B-Instruct,3,6.0,8.196598098840056e-05,0.007362909459819396,0.027212093044491834,0.08888888888888868
state:9ed24091265bb0aa760c131b,hallusionbench,google/gemma-4-E4B-it,2,2.0,7.090371038525657e-05,0.008516842499375343,0.023898175100095,0.16666666666666663
state:fbce6b2cbe99753c3124902b,vizwiz,google/gemma-4-E4B-it,4,10.0,1.51356336663501e-06,0.023707025051116947,0.03866579246645486,0.2777777777777778
state:d40c535132480027253e30f6,pope,Qwen/Qwen3-VL-8B-Instruct,2,2.0,8.142509235429479e-05,0.008887914940714836,0.05992766421314425,0.5
state:3ca8f0cdac9c9331fbe7c257,vizwiz,google/gemma-4-E4B-it,2,2.0,3.669067520684533e-05,0.00581146776676178,0.020627265418163586,0.33333333333333337
state:48291f6867dc1031a085b16b,vizwiz,google/gemma-4-E4B-it,2,2.0,3.126718980328077e-06,0.023181110620498657,0.02859130848784375,0.0
state:3ae0d8c521e8a6a0d5fc760f,pope,google/gemma-4-E4B-it,3,6.0,3.4668614102134827e-05,0.0032653427010195246,0.022602062407062088,0.08888888888888868
state:6dae4ad194926b18c2846b51,vsr,Qwen/Qwen3-VL-8B-Instruct,3,6.0,0.0016830778603215333,0.027464759018686096,0.058323572961483196,0.2333333333333335
state:006975daa67b6be305ebc2ab,pope,google/gemma-4-E4B-it,3,6.0,0.00010173545141638656,0.010145722733189661,0.028426299002144422,0.05555555555555536
state:3492d4f45082bfb56a127b3d,pope,Qwen/Qwen3-VL-8B-Instruct,3,6.0,1.1057151309362125e-05,0.0037503257238616547,0.019889674985046454,0.08888888888888868
state:1b49974c28fd96d11514cc5f,vizwiz,google/gemma-4-E4B-it,4,10.0,1.7705106725445105e-05,6.645546269282043e-05,0.07357947231513833,0.3111111111111112
state:dc6ca66450379ff3f499f2fc,pope,Qwen/Qwen3-VL-8B-Instruct,2,2.0,1.3091751301642603e-05,0.003345728386193514,0.011709916746651604,0.0
state:1f8547538e62b73e09c83d5f,pope,Qwen/Qwen3-VL-8B-Instruct,2,2.0,5.370063831059565e-07,0.028881818056106567,0.031793579609822195,0.6666666666666667
state:09db6a528c9ac73a856296f4,vizwiz,Qwen/Qwen3-VL-8B-Instruct,2,2.0,5.041687462151238e-05,0.014736971294041723,0.020855538530255367,0.0
state:523848a231098a761a346cd2,vizwiz,Qwen/Qwen3-VL-8B-Instruct,3,6.0,3.8660948303235124e-05,0.01830311285124886,0.028969285347388237,0.09999999999999976
state:3b9ad6a5eed6024506cc1b38,pope,Qwen/Qwen3-VL-8B-Instruct,4,10.0,3.96705626977334e-05,0.008955729752779012,0.028374723300703505,0.07777777777777761
state:731c9f3f45bf6d9f5388503e,pope,google/gemma-4-E4B-it,4,10.0,4.935712829079266e-06,0.0006840321328490972,0.035278728103093945,0.08888888888888868
state:507c43a9a265ef387d86817f,vizwiz,google/gemma-4-E4B-it,4,10.0,2.641346144371031e-09,0.0002199304103851274,0.04673733691458713,0.09999999999999998
state:287306ddd54dfa877dc92385,pope,Qwen/Qwen3-VL-8B-Instruct,4,10.0,4.6524472269538096e-05,0.004893882213582401,0.030943812713433008,0.0
state:5c5e8323e7f335a76e87ac00,vizwiz,google/gemma-4-E4B-it,4,10.0,2.0867414781733194e-09,0.0002101349830627486,0.04710461361551719,0.548148148148148
state:2812ec9db7b857a0ff2368b8,pope,google/gemma-4-E4B-it,4,10.0,5.8011609105027525e-06,0.0004409654741175474,0.0524620021266937,0.20000000000000018
state:10e1d86f40bb4a837c3c583e,hallusionbench,google/gemma-4-E4B-it,3,6.0,1.9083595631291505e-05,0.0048982828027672246,0.0355340595958292,0.08888888888888868
state:fd48a390838c8b23341787b7,pope,Qwen/Qwen3-VL-8B-Instruct,4,10.0,0.002014334989603732,0.06436283226376988,0.122787780230892,0.08888888888888868
state:b650e787ca7fc987f20f90ac,pope,google/gemma-4-E4B-it,4,10.0,2.713488911032766e-06,0.0005387377645820467,0.03222297913512929,0.05925925925925901
state:cb5f1bb97f0a42a8e888f0d3,vizwiz,Qwen/Qwen3-VL-8B-Instruct,2,2.0,1.4622813829833402e-05,0.01109863378223963,0.023515135644270387,0.0
state:7310f74c3efb033e783dbb74,vizwiz,google/gemma-4-E4B-it,4,10.0,3.532876568967281e-06,0.009484453201293963,0.029810468655059742,0.20000000000000018
state:0d520b09529632d203230b76,vizwiz,google/gemma-4-E4B-it,4,10.0,6.849902167665628e-07,0.001715770864393562,0.054817766239294165,0.48888888888888904
state:eeb70e86642923fbfeb364c1,pope,google/gemma-4-E4B-it,2,2.0,5.712706768504347e-06,0.0011491761542856693,0.0104159163189547,0.16666666666666663
state:64e9dc55217cb887017a620c,vizwiz,google/gemma-4-E4B-it,4,10.0,2.6036389029212977e-05,0.0303731346130371,0.048843104846044094,0.25555555555555554
state:fead83077f7b0125d40e60d9,vizwiz,Qwen/Qwen3-VL-8B-Instruct,2,2.0,0.00022321898766099825,0.03637286159391806,0.046636166253733236,0.0
state:15be3f3285b107ecef3b5f9b,vizwiz,Qwen/Qwen3-VL-8B-Instruct,4,10.0,5.585184898981975e-05,0.050312806591391576,0.08354980471658773,0.033333333333333326
state:2248adc627175a70d956d4bf,vizwiz,google/gemma-4-E4B-it,2,2.0,3.0465685171210953e-07,4.8548055929131806e-05,0.021843542604791523,0.6666666666666667
state:e9d046bad51de8571515bbe5,hallusionbench,google/gemma-4-E4B-it,2,2.0,0.00040391603390973487,0.01939049284985117,0.09929448447921987,0.16666666666666663
state:7b571f2cfb984795ed74a56d,pope,Qwen/Qwen3-VL-8B-Instruct,3,6.0,6.912208778721324e-05,0.0040049820331154885,0.03659396866485039,0.05555555555555536
state:e566cb441438e4fcdf44471d,pope,Qwen/Qwen3-VL-8B-Instruct,2,2.0,1.3390663766714992e-05,0.002889996725571109,0.01770851563489894,0.16666666666666663
state:89f4619021477cb3b8d71a06,vizwiz,Qwen/Qwen3-VL-8B-Instruct,2,2.0,5.019823378873284e-07,0.01540905237197876,0.020005298894936935,0.5
state:6fbe487e808cbe93aa13a085,pope,google/gemma-4-E4B-it,2,2.0,4.5965775857928345e-07,0.01302108634263277,0.040795025157852514,0.19999999999999996
state:9274e8abd855e58ceb667629,vizwiz,google/gemma-4-E4B-it,3,6.0,3.587271744824302e-06,0.02794880006048416,0.04624821850000748,0.0
state:6d3992cd41b5a7ae14ab2e77,vizwiz,Qwen/Qwen3-VL-8B-Instruct,4,10.0,5.104980492305983e-05,0.0007504649596376023,0.0493624888215855,0.1333333333333333
state:c31a5ec29896f9c5f4f7c100,pope,Qwen/Qwen3-VL-8B-Instruct,2,2.0,4.313946535493127e-06,0.0003785418812185526,0.03584736208081384,0.0
state:c13422116fd5a4360740c937,vizwiz,google/gemma-4-E4B-it,4,10.0,0.005098659032061259,0.03494002821636967,0.05800439867823726,0.22666666666666657
state:f6f85ec4e2f32d8fe0b81ea2,vizwiz,Qwen/Qwen3-VL-8B-Instruct,4,10.0,0.0009309373005156345,0.018983809251512863,0.05070308782729372,0.1777777777777778
state:bf1ef782422ca127de20779b,pope,Qwen/Qwen3-VL-8B-Instruct,3,6.0,1.0678130696565173e-05,0.0032109953463077545,0.0166476890276932,0.08888888888888868
state:0b24b0e499e8e0510a3ef4cf,pope,google/gemma-4-E4B-it,2,2.0,2.078621657680498e-05,0.002815765328705311,0.024341079082180365,0.16666666666666663
state:f393c22db024edeb1448fbc9,vizwiz,google/gemma-4-E4B-it,4,10.0,1.4865495315777879e-05,8.462202182274224e-05,0.05355348748191356,0.3555555555555556
state:29864d316e510360ff22acc2,vizwiz,google/gemma-4-E4B-it,3,6.0,0.003876778881489127,0.016619720945224483,0.0596881748787592,0.2022222222222222
state:e496fa366613837831ddccc8,vizwiz,Qwen/Qwen3-VL-8B-Instruct,3,6.0,0.0008277678338241273,0.006921487499817487,0.10071953464869768,0.1955555555555557
state:a04ebf32612c0f936ae98de6,vizwiz,Qwen/Qwen3-VL-8B-Instruct,4,10.0,5.482065925818623e-06,0.00599855482578277,0.06371095657071332,0.34444444444444444
state:d12051da14f2636f7220dfb2,vizwiz,google/gemma-4-E4B-it,3,6.0,0.0015122801418745904,0.0068867803848762605,0.042959308681549194,0.2666666666666667
state:bb01965409d4cd2d46d11ce7,pope,google/gemma-4-E4B-it,3,6.0,4.8437981537847155e-06,0.000952365601228343,0.048726526875951214,0.15111111111111097
state:0d88265e6f43b5c67ace2526,pope,google/gemma-4-E4B-it,3,6.0,1.5244887454268382e-06,0.0020007952633831236,0.03787535993157792,0.1955555555555556
state:ae08f71b04f0fd35f128945d,pope,Qwen/Qwen3-VL-8B-Instruct,3,6.0,1.9520276505722547e-05,0.002590493195586735,0.02789034058536779,0.15777777777777768
state:84eaf4edb7fd264231c5fa36,pope,google/gemma-4-E4B-it,4,10.0,4.207800519815076e-06,0.0005956822121515826,0.03188852288729831,0.05925925925925901
state:9461588e80d10d7ccf7ec66c,pope,Qwen/Qwen3-VL-8B-Instruct,3,6.0,0.0004075814432416216,0.013465479792406162,0.054763077044857424,0.0
state:2b71fc1e2cc003a4a4338f15,vizwiz,google/gemma-4-E4B-it,2,2.0,2.7060384513244787e-05,0.004830930382013321,0.017886391993024837,0.0
state:c4ba60a64b1960539b2882e8,pope,Qwen/Qwen3-VL-8B-Instruct,3,6.0,2.7565925749115256e-06,0.0005652969703078391,0.027777131895860615,0.05555555555555536
state:510d66274f6961d70b04e196,pope,google/gemma-4-E4B-it,4,10.0,0.0006817195789828528,0.02234688926488162,0.07610013433895482,0.05925925925925901
state:2b971841db1ebd869d0d693a,vizwiz,Qwen/Qwen3-VL-8B-Instruct,3,6.0,1.2994026430732982e-05,0.017487171623441895,0.032309230927348866,0.2666666666666667
state:df185990c33ab5bbec864813,vsr,google/gemma-4-E4B-it,2,2.0,0.00015872253476188888,0.008731750305742025,0.02008113215782949,0.0
state:0574f2424c2189215e670aa3,pope,google/gemma-4-E4B-it,4,10.0,6.0649701936995875e-05,0.007580258511006832,0.028875420514948947,0.033333333333333326
state:ab05e4d8424ca1b9e76500db,vizwiz,google/gemma-4-E4B-it,3,6.0,5.45514465277365e-08,0.010235720210605185,0.015282122967996914,0.16666666666666663
state:2e699f16396d0c17fb3e7f1b,pope,Qwen/Qwen3-VL-8B-Instruct,3,6.0,8.247944004017258e-05,0.007453109448154767,0.027128343751117733,0.05555555555555536
state:e4afb361363689a3fd70b96b,pope,google/gemma-4-E4B-it,2,2.0,1.316720536187558e-05,0.004083548667040304,0.020846785364516403,0.0
state:9ac8ee6714f93a2829e98fc5,pope,google/gemma-4-E4B-it,2,2.0,3.2587947203879016e-06,0.0028897628653794527,0.010896634047640236,0.0
state:9412187d8d54e24cbf12529d,vizwiz,google/gemma-4-E4B-it,2,2.0,2.5925224807406996e-07,0.017809629440307617,0.022927188305417887,0.5
state:8efb3673f9dde9f624ea39d8,pope,google/gemma-4-E4B-it,4,10.0,2.078257578513838e-06,0.00012337369567832823,0.06415425998896489,0.1944444444444443
state:778e63cec429d708f669235f,hallusionbench,Qwen/Qwen3-VL-8B-Instruct,4,10.0,4.2302358993577875e-05,0.008154590781778097,0.026449679772145074,0.07777777777777772
state:4a789a0d464a5c32c518c500,vizwiz,google/gemma-4-E4B-it,2,2.0,1.2080394952252133e-06,0.006175786256790161,0.008733876192465963,0.0
state:d712998ae4a54bfe428c3cac,vizwiz,Qwen/Qwen3-VL-8B-Instruct,2,2.0,0.0007196753723543801,0.029653340578079224,0.044274907619232015,0.33333333333333337
state:733021622c134acfb24b25d7,vizwiz,google/gemma-4-E4B-it,4,10.0,2.229401765325217e-06,0.020507622957229632,0.05899834387195054,0.09999999999999998
state:d244376e47b88c024eab6c4b,vsr,google/gemma-4-E4B-it,4,10.0,0.0019252706939473588,0.04504476706613787,0.09695662561135183,0.09259259259259256
state:831459285b0eb575106bbfc3,vizwiz,google/gemma-4-E4B-it,4,10.0,1.0997967729158577e-09,0.00010379314422606089,0.03864259581587795,0.6111111111111112
state:759efe78410184efc6991702,vsr,google/gemma-4-E4B-it,3,6.0,0.0005593018569555028,0.06833647481269307,0.07694143133871123,0.2711111111111113
state:e3c6fa7df265cdfc2f8326d3,pope,Qwen/Qwen3-VL-8B-Instruct,2,2.0,3.0453078859936027e-06,0.0007699914276599884,0.02567233415426578,0.16666666666666663
state:75142db5f97a5f32658f7784,vizwiz,Qwen/Qwen3-VL-8B-Instruct,3,6.0,0.0009582299691743883,0.04561525728786364,0.03483541184875535,0.09999999999999976
state:aad2fa441429345a2dd7c046,hallusionbench,Qwen/Qwen3-VL-8B-Instruct,4,10.0,0.00026162126633717694,0.029543334073387086,0.049764821847985675,0.17777777777777815
state:e752ba6d2e429a0c5d918d88,hallusionbench,google/gemma-4-E4B-it,4,10.0,0.0001018873894067841,0.03957831230014562,0.05456785250769294,0.08888888888888868
state:6a219da8ff912ab3f5abd657,vizwiz,Qwen/Qwen3-VL-8B-Instruct,3,6.0,0.0013112160174599092,0.03574809432029726,0.048440795561976654,0.05555555555555547
state:ec01dc3c5593d9b8161e31ec,vizwiz,Qwen/Qwen3-VL-8B-Instruct,4,10.0,0.00010753345373427749,0.00037599843097265936,0.08539331237878729,0.3777777777777779
state:c0edeb152cb8cad79a7f954d,pope,Qwen/Qwen3-VL-8B-Instruct,2,2.0,3.954974714110438e-05,0.00786086916923523,0.01776876302872838,0.16666666666666663
state:b3f871cc3fe14824c06ae48e,vizwiz,Qwen/Qwen3-VL-8B-Instruct,4,10.0,0.0005110614715564398,0.004514731200470123,0.05501432254878309,0.09999999999999998
state:4c12e73236524bcc56fcf30d,vizwiz,Qwen/Qwen3-VL-8B-Instruct,3,6.0,3.42663017185162e-05,0.011685156622358287,0.03481624004643642,0.1533333333333332
state:95e8d870a0aba6291aee8ed0,vizwiz,google/gemma-4-E4B-it,2,2.0,8.617235864776272e-08,0.010266274213790894,0.011179297655454496,0.5
state:9c6adb8d84c022bf7717906a,vizwiz,google/gemma-4-E4B-it,3,6.0,1.6398596613563996e-06,0.012914071480433146,0.018113235451736383,0.30000000000000004
state:7cf72b1b66885b99e5e212ad,vizwiz,Qwen/Qwen3-VL-8B-Instruct,4,10.0,0.0014280569764028826,0.0019403763356967605,0.09825148329232085,0.37777777777777777
state:5f466cf6eebfbfbc9c3501e3,vizwiz,google/gemma-4-E4B-it,3,6.0,4.6293572868134046e-05,0.0005646700091246101,0.027055741420942542,0.11111111111111116
state:ad5ca67382b4935bc80c5abd,pope,Qwen/Qwen3-VL-8B-Instruct,3,6.0,4.477022700779015e-06,0.0006008892216616083,0.03526725911579168,0.08888888888888868
state:d132242d2bcb253d11afe712,pope,Qwen/Qwen3-VL-8B-Instruct,4,10.0,2.1745806006906335e-05,0.033369693756103526,0.100041800278883,0.40000000000000013
state:ecb8679d2e770571136fb8c5,vizwiz,google/gemma-4-E4B-it,3,6.0,2.8461320052398735e-05,0.015753323833147686,0.024526181058947816,0.1533333333333331
state:d9375cc35b17ea53ede54041,vizwiz,Qwen/Qwen3-VL-8B-Instruct,4,10.0,1.2958695833470085e-07,0.010163830518722517,0.09444639111154254,0.42592592592592593
state:54987a317472e767336a8608,pope,google/gemma-4-E4B-it,4,10.0,4.633462960329184e-06,3.847862389194656e-05,0.05010161995480625,0.35555555555555574
state:1ffb1fd66fa0205b47d5c38f,hallusionbench,google/gemma-4-E4B-it,4,10.0,0.0010834326797366188,0.03806290119886398,0.07895369899322148,0.09259259259259234
state:c25928e4181f9a7266404084,pope,google/gemma-4-E4B-it,4,10.0,4.639533715104522e-06,0.000759392511099577,0.03659193998712303,0.07259259259259276
state:56002c516dd730f672e062b8,pope,google/gemma-4-E4B-it,3,6.0,4.9300569537361234e-05,0.0065122702055507254,0.043219551182669194,0.30000000000000004
state:c18b618557a434904266b3cc,hallusionbench,Qwen/Qwen3-VL-8B-Instruct,3,6.0,2.7873728547060675e-05,0.007594751608040584,0.048335885589088266,0.08888888888888868
state:820adacea124f1623ebd3217,vizwiz,Qwen/Qwen3-VL-8B-Instruct,4,10.0,0.0007129062357997646,0.04465750640258192,0.09110609065454407,0.09259259259259234
state:347db8651a7f1e9bce746d3f,vizwiz,Qwen/Qwen3-VL-8B-Instruct,2,2.0,0.0013993974232351487,0.022407668009691406,0.06091981480323679,0.0
state:ec9d7f30564aa86f7ce89c0e,pope,google/gemma-4-E4B-it,4,10.0,7.993233540292235e-05,0.001842622708645649,0.0465374013268584,0.033333333333333326
state:f8e36f7c80f5d5131f84ee2f,vizwiz,google/gemma-4-E4B-it,4,10.0,9.113077340303184e-09,0.00035357832908631257,0.04653848824093723,0.16666666666666663
state:c4658f448fc6007e68ce80ee,vizwiz,google/gemma-4-E4B-it,4,10.0,2.595279095730602e-07,0.023454689681530017,0.04789387457627083,0.37037037037037046
state:21568de3511ef8bc24ea1d8e,hallusionbench,google/gemma-4-E4B-it,4,10.0,0.00019387265783860817,0.034987196028232546,0.09342189639264847,0.033333333333333215
state:2206a732d61a72a5fe4165ff,vizwiz,google/gemma-4-E4B-it,3,6.0,0.00033095147828688824,0.012190078695615133,0.030595587361405628,0.09999999999999976
state:356a85193718a163e71eccbd,vsr,Qwen/Qwen3-VL-8B-Instruct,3,6.0,0.0003251192626045369,0.0211077761796498,0.05235889950424385,0.05555555555555536
state:aad48c11f743c4c875309463,pope,Qwen/Qwen3-VL-8B-Instruct,4,10.0,0.006575333522791544,0.06688466109335423,0.11810039458363744,0.2725925925925926
state:b4141b35dd8f7342b91ce567,vizwiz,google/gemma-4-E4B-it,4,10.0,1.4940171430542928e-08,0.0017438137531280429,0.05398735308713784,0.4740740740740741
state:dd038b107fb02b4e43080b67,pope,Qwen/Qwen3-VL-8B-Instruct,2,2.0,5.934947168293532e-06,0.0012055989354848862,0.010588010995919342,0.0
state:e204757b7ecee13a492e12dd,vizwiz,google/gemma-4-E4B-it,2,2.0,1.1569516100564324e-07,0.020599015057086945,0.03129395355588847,0.0
state:424f6270b485e7acc81c8c8b,vizwiz,Qwen/Qwen3-VL-8B-Instruct,4,10.0,7.670575318079917e-06,0.0008285696431994394,0.03679686378594511,0.07777777777777761
state:b3f9c35bea7c2b467443ff45,vizwiz,Qwen/Qwen3-VL-8B-Instruct,3,6.0,0.0008207942761001094,0.032991211913314236,0.0905165034309047,0.20222222222222208
state:2ff4f5025b139064f98f5da0,pope,google/gemma-4-E4B-it,4,10.0,0.00019889246476418576,0.011853533685207375,0.03629746235441398,0.033333333333333326
state:1a35a9e076e1f7a185a3035a,pope,Qwen/Qwen3-VL-8B-Instruct,2,2.0,1.3286104817491866e-05,0.0033353259786963463,0.01176704879521429,0.0
state:c8173868cc2f7e1b05106cef,pope,google/gemma-4-E4B-it,4,10.0,2.9952574977871967e-06,0.0006813261983916075,0.02994858564466135,0.15629629629629638
state:fc155654bbf6e4d5fa806636,vizwiz,Qwen/Qwen3-VL-8B-Instruct,3,6.0,4.260592054548204e-06,0.00011043587518440774,0.045698929696677305,0.2222222222222221
state:3e220a743d7148bd4b2be277,pope,Qwen/Qwen3-VL-8B-Instruct,3,6.0,8.045369399829244e-06,0.028408476048045684,0.05486281592867412,0.2222222222222222
state:0dd0f1865e1d7616dee5c8f4,vizwiz,Qwen/Qwen3-VL-8B-Instruct,2,2.0,4.450963171098121e-06,0.003425195813179016,0.010875149510192974,0.0
state:1f6ab983550da86d0ff027b6,vizwiz,google/gemma-4-E4B-it,4,10.0,1.6080767232346629e-09,7.106542587280718e-05,0.03715087207060212,0.29629629629629617
state:1314b150aa907549ad0bb627,pope,Qwen/Qwen3-VL-8B-Instruct,4,10.0,9.959015100505827e-05,0.006614538021713088,0.030026625244837502,0.05925925925925901
state:c1adbd87182f8d46bf794706,pope,Qwen/Qwen3-VL-8B-Instruct,4,10.0,5.354237806674148e-05,0.005233866907656193,0.03903625389966671,0.08888888888888868
state:0e768d52f3004f94145c18e9,pope,google/gemma-4-E4B-it,3,6.0,2.9551829780758087e-05,0.004100872455940892,0.027162778122728146,0.05555555555555536
state:845dcb11d7e1a430ff0c3e08,vizwiz,google/gemma-4-E4B-it,4,10.0,0.0005574294944300887,0.02730453623982612,0.06291983268664347,0.09259259259259234
state:21e84baaf5c6fd12d5d0298c,pope,google/gemma-4-E4B-it,2,2.0,5.184971716728981e-06,0.0005286107771098614,0.03614251642137064,0.0
state:478264c586e846bac70ef46b,pope,Qwen/Qwen3-VL-8B-Instruct,4,10.0,2.3440304227028578e-05,0.0032612857321328197,0.03574860310682144,0.08888888888888868
