state_id,dataset,model_id,subset_size,permutation_count,js_drift,bit_l1_drift,hidden_relative_l2_drift,set_disagreement
state:b58f54f32d6e7c42c239ccf8,vizwiz,Qwen/Qwen3-VL-8B-Instruct,3,6.0,0.00025240681364195193,0.046219115455945335,0.04454740847679622,0.20000000000000007
state:0f5fad1b9ca64ef041621a6e,vsr,google/gemma-4-E4B-it,3,6.0,0.0006085325908785531,0.039380523893568255,0.06015925427469214,0.05555555555555536
state:0a705d86edf2995266ecec8a,pope,Qwen/Qwen3-VL-8B-Instruct,2,2.0,7.457102616207931e-05,0.004114776384085417,0.04907390212617527,0.0
state:492784582a86dfba75ec4224,pope,google/gemma-4-E4B-it,2,2.0,8.826507918010726e-05,0.016185577420401387,0.05162240568367957,0.0
state:0f27e0aa034d9a655e8f95da,pope,Qwen/Qwen3-VL-8B-Instruct,3,6.0,0.00011197238222087214,0.012665555734808246,0.06614166522792092,0.08888888888888868
state:8e77baddd7a69bcab71c5918,hallusionbench,Qwen/Qwen3-VL-8B-Instruct,4,10.0,0.0002987195475585878,0.028448074506595734,0.05995105949320251,0.09259259259259234
state:92d77f46e69fab775ebf3cff,hallusionbench,google/gemma-4-E4B-it,3,6.0,0.03397770614509578,0.08297060843971042,0.19609248010572092,0.05555555555555547
state:7a554fac3df76b9a7dbdc8d0,pope,google/gemma-4-E4B-it,3,6.0,0.00016152780647207165,0.006021885046114526,0.09068950876179667,0.08888888888888868
state:79034549a7302e5e68d20203,hallusionbench,google/gemma-4-E4B-it,4,10.0,0.0007220159388853272,0.03372014040214708,0.10431682209089385,0.14814814814814792
state:fdb2b5cd1c00604eb2ad20c1,vizwiz,Qwen/Qwen3-VL-8B-Instruct,4,10.0,0.0006839453362440034,0.04471555527299642,0.1348763617608175,0.14444444444444426
state:d9eb56ac11b8e3824901e5da,vizwiz,Qwen/Qwen3-VL-8B-Instruct,2,2.0,0.0023287495120221818,0.019550639612134546,0.06370631378946125,0.16666666666666663
state:a9d1bdc2e721318590c31e77,pope,google/gemma-4-E4B-it,2,2.0,6.550905396829278e-05,0.009059565491043031,0.06064418597304725,0.0
state:da5f99263529966fccff53a7,vizwiz,Qwen/Qwen3-VL-8B-Instruct,4,10.0,5.673438619871532e-05,0.017935576066374775,0.03964498186467207,0.033333333333333326
state:65d097ddb38801fe59c83975,vsr,Qwen/Qwen3-VL-8B-Instruct,4,10.0,0.0004538552790719824,0.016773889390751716,0.14542151044798626,0.07777777777777761
state:bdb4e6d51685d06e7915a35e,pope,Qwen/Qwen3-VL-8B-Instruct,3,6.0,4.2497774574776216e-05,0.010451979547118148,0.03568218457549617,0.08888888888888868
state:02664f666ce1ee78d009df71,vizwiz,google/gemma-4-E4B-it,2,2.0,0.00026896554483209326,0.0006749153253622353,0.048746881189094135,0.33333333333333337
state:0cdd8af92a7b53c45ae87d06,pope,Qwen/Qwen3-VL-8B-Instruct,2,2.0,0.0006808404245623671,0.02103883260861039,0.12456451995220012,0.16666666666666663
state:d412e68fb41bf7eef95c18d4,vizwiz,Qwen/Qwen3-VL-8B-Instruct,2,2.0,1.2903086226412439e-05,0.01728266477584839,0.03909288673405661,0.0
state:934f61038f5bf751dbee86d0,pope,google/gemma-4-E4B-it,2,2.0,9.390582999670139e-05,0.010781089891679585,0.06504126407584296,0.33333333333333337
state:7830bac91456c04aa92a2f37,pope,google/gemma-4-E4B-it,4,10.0,1.7573510900218303e-05,0.001435537924990058,0.06633124356322297,0.09259259259259234
state:752fff2c37d8f4cc1c016b11,hallusionbench,Qwen/Qwen3-VL-8B-Instruct,4,10.0,0.0009586430709329269,0.04890721693634987,0.18297164860035178,0.15555555555555567
state:145176efea8a97b14db828b5,hallusionbench,Qwen/Qwen3-VL-8B-Instruct,4,10.0,0.002795292196374353,0.051146778296679254,0.1447843142000061,0.08888888888888868
state:0a33152e891734c8bf976f67,vizwiz,google/gemma-4-E4B-it,4,10.0,1.6411593772794878e-06,0.032388470172882086,0.04047279556225394,0.32592592592592595
state:644816d2e65c09fd010015b7,pope,google/gemma-4-E4B-it,3,6.0,0.0002756202708168205,0.01584533619946645,0.15192182550016603,0.1777777777777777
state:03ca18e76c14d5671f0066b9,vizwiz,Qwen/Qwen3-VL-8B-Instruct,4,10.0,2.248893180314702e-05,0.03377167069353164,0.09599513527125547,0.337037037037037
state:5e9d9d59ddc33e45d769adcd,vizwiz,google/gemma-4-E4B-it,4,10.0,0.01421275683041216,0.01416076506837272,0.0841377958579298,0.09259259259259234
state:e26bd6e1c51a515556955078,pope,google/gemma-4-E4B-it,3,6.0,0.007741592682933853,0.01741474980695379,0.1930100887825635,0.11999999999999977
state:b6233489927662decc6edb1b,pope,Qwen/Qwen3-VL-8B-Instruct,3,6.0,0.0003422885769958344,0.023439290415909555,0.04215642986563358,0.08888888888888868
state:43dcc876e3b8e03e84eea24a,vizwiz,Qwen/Qwen3-VL-8B-Instruct,3,6.0,0.00019280592274433246,0.022384994559817833,0.07183100486859904,0.15777777777777768
state:15a9b7c5a4b6218ed403b98e,pope,Qwen/Qwen3-VL-8B-Instruct,4,10.0,0.00029407984430318074,0.0048406310612335805,0.07250646715010373,0.07777777777777761
state:f8d72bfab2a965f4b2e067b6,vizwiz,google/gemma-4-E4B-it,3,6.0,2.8546145309109646e-06,0.020869168970319946,0.01779163129018876,0.2844444444444445
state:41f10ccef8b58216946dbcc5,pope,Qwen/Qwen3-VL-8B-Instruct,2,2.0,3.941453263107408e-06,0.0011813757009804249,0.019040062921181933,0.16666666666666663
state:e28ee61684c93b31ee4f6953,vizwiz,google/gemma-4-E4B-it,2,2.0,0.0007256957074102146,0.054312560707330704,0.10482627058585975,0.16666666666666663
state:5423e39185a5d898e16b2b72,pope,google/gemma-4-E4B-it,4,10.0,0.00038248694842106794,0.03258078193292022,0.06945069128123847,0.08888888888888868
state:619fa872de4a9b653fa7d9e0,hallusionbench,Qwen/Qwen3-VL-8B-Instruct,4,10.0,0.00020489331390065096,0.017930114455521107,0.03701606376690952,0.05925925925925901
state:a8d29f13f22d9bdced4dd380,pope,google/gemma-4-E4B-it,2,2.0,1.7097189910058376e-06,0.000292063457891345,0.03420981330406952,0.0
state:43342427107d516acac528af,vizwiz,google/gemma-4-E4B-it,4,10.0,0.0006104865484300935,0.0055463025934295775,0.11198891932548649,0.22037037037037044
state:49b9f79adde993739bbd4a90,vsr,google/gemma-4-E4B-it,3,6.0,8.58102932722356e-06,0.023495651484053155,0.09618027134741639,0.30000000000000004
state:4badbd8625c6ea6a368771a5,hallusionbench,google/gemma-4-E4B-it,2,2.0,0.00013032201767549317,0.019867893308401108,0.037520517457298494,0.16666666666666663
state:979f08ad0de960a6bcf4aff0,vizwiz,Qwen/Qwen3-VL-8B-Instruct,2,2.0,0.0001253742293097077,0.047681525349617004,0.034744587490072504,0.33333333333333337
state:8a5e670f51ebff3a9a013af7,vizwiz,google/gemma-4-E4B-it,2,2.0,0.0003441241212926894,0.0022135465405881405,0.06087928681337912,0.0
state:c00750d97832b82d1df50856,pope,Qwen/Qwen3-VL-8B-Instruct,4,10.0,0.00041008443528630907,0.02994733657687903,0.06653726567111207,0.05925925925925901
state:ec28eafe20e3fe6f3be2b38f,vizwiz,Qwen/Qwen3-VL-8B-Instruct,3,6.0,0.0016652869925798137,0.032914317316479126,0.10074580864886673,0.08888888888888868
state:6794456f98d76f27360ba87f,pope,google/gemma-4-E4B-it,4,10.0,0.00027846314738676794,0.01617290695663542,0.13369235546330094,0.1518518518518518
state:a95939fb593d002476925b20,vsr,Qwen/Qwen3-VL-8B-Instruct,4,10.0,0.00045035743400321984,0.006904345671646298,0.06465048516141658,0.07777777777777761
state:f49befaa350303601f3b74e5,vizwiz,google/gemma-4-E4B-it,2,2.0,0.0010458168718265684,0.006842689937911928,0.09035284949947571,0.16666666666666663
state:a4ccae55e71d76ec1e7e054d,hallusionbench,google/gemma-4-E4B-it,2,2.0,0.0004529660944970223,0.053758654743433,0.05164097587309168,0.0
state:14dfc88c56f475c18fda95c4,vizwiz,Qwen/Qwen3-VL-8B-Instruct,4,10.0,2.615294872414471e-05,0.002534943725913754,0.07442439574217384,0.07777777777777761
state:1536cbf2faa67b6d72d2eeec,vizwiz,Qwen/Qwen3-VL-8B-Instruct,4,10.0,3.818819823233319e-05,0.008484978079795858,0.01611122598975223,0.08888888888888868
state:a301e9f675ca27a52d59b6df,vizwiz,google/gemma-4-E4B-it,3,6.0,1.1432770431984472e-05,0.016541963365549844,0.10646736227973558,0.4
state:b065f492ea70ea113605377c,pope,Qwen/Qwen3-VL-8B-Instruct,3,6.0,0.0003384923906786218,0.023151528892210782,0.04022495484343584,0.08888888888888868
state:aeb7c59e3ea1ac7da88eee38,vizwiz,Qwen/Qwen3-VL-8B-Instruct,3,6.0,0.00031731757959089997,0.04777676425874233,0.10740516468682391,0.08888888888888868
state:57c165aac52d85c9b15eb4c7,pope,Qwen/Qwen3-VL-8B-Instruct,2,2.0,4.26934242641993e-05,0.009047240018844604,0.03208067142156084,0.16666666666666663
state:2e5b47eb47d9cb353f5ccf1f,vizwiz,google/gemma-4-E4B-it,3,6.0,6.700611660325718e-07,0.010434628774722418,0.016994398566678975,0.3222222222222223
state:c944ef80df25e944d1904b4a,pope,google/gemma-4-E4B-it,2,2.0,0.00037879022061738563,0.044388837879523635,0.056432281825251125,0.16666666666666663
state:363b3165ae2a8667cc0ea790,vizwiz,Qwen/Qwen3-VL-8B-Instruct,3,6.0,0.002578314021572019,0.06091249071889456,0.08452954259397077,0.0
state:cb91ee93d49393c795e535b2,hallusionbench,google/gemma-4-E4B-it,3,6.0,0.000494922018992539,0.09695451789432101,0.11012596876409496,0.08888888888888868
state:1f14e508423c7545231f5ac9,vsr,Qwen/Qwen3-VL-8B-Instruct,3,6.0,2.688644420310438e-05,0.001105251618557506,0.06603582554663959,0.08888888888888868
state:bbd28e139ee9630feb049247,pope,Qwen/Qwen3-VL-8B-Instruct,4,10.0,0.00030019616175192676,0.015036140936426825,0.06482419249078536,0.08888888888888868
state:f7165f5b08a30fa83b567311,pope,Qwen/Qwen3-VL-8B-Instruct,3,6.0,2.378298382740806e-05,0.0041933120487051,0.03153542901605218,0.05555555555555547
state:46bec3d44a783ba9926fac1c,pope,Qwen/Qwen3-VL-8B-Instruct,2,2.0,0.00036447099600754503,0.02113366685807705,0.05104654828693316,0.33333333333333337
state:4e200a009fcd0a2878001621,pope,Qwen/Qwen3-VL-8B-Instruct,3,6.0,0.00023874709555193942,0.01985218293137021,0.12992817922483346,0.18666666666666665
state:9ee72a2de96bfd063937dab4,vizwiz,Qwen/Qwen3-VL-8B-Instruct,3,6.0,0.00033591131533752165,0.02698373794555664,0.11517437905070155,0.2000000000000003
state:5c424ae2afddce431749ded3,vizwiz,google/gemma-4-E4B-it,3,6.0,0.00014186542032216862,0.004468852280600307,0.07401349754873579,0.08888888888888868
state:6b209b08f9665e5dce0d15a0,hallusionbench,google/gemma-4-E4B-it,2,2.0,0.00011131211498975418,0.005206158006330952,0.049554970594264496,0.16666666666666663
state:11615b8de9f07e94b29727e6,hallusionbench,Qwen/Qwen3-VL-8B-Instruct,4,10.0,0.0005115003222277306,0.02672730421647429,0.17953582140047464,0.14814814814814792
state:357c47c249a3c445aedde3e3,pope,google/gemma-4-E4B-it,2,2.0,8.856528460841461e-05,0.016010473220376298,0.05139214288664716,0.16666666666666663
state:66e99a9cd2ac6571af2d1cb4,pope,google/gemma-4-E4B-it,4,10.0,2.0949568404141448e-05,0.0029663060046732424,0.09110826493056513,0.15555555555555567
state:15c87cbd76dacf581f06a40a,pope,Qwen/Qwen3-VL-8B-Instruct,3,6.0,0.00014125742053693846,0.01801283471286297,0.12746425389864263,0.09999999999999987
state:f6f2a8d19dd261851799300c,vizwiz,google/gemma-4-E4B-it,3,6.0,9.075262912620733e-05,0.033262024323145546,0.07382453539398434,0.18666666666666665
state:12c0e4cd5ab075afe59b662f,vizwiz,google/gemma-4-E4B-it,4,10.0,0.00010761249911870754,0.02494215965270996,0.08829450896478286,0.2240740740740741
state:8d40eddd7581c16881abfce0,pope,Qwen/Qwen3-VL-8B-Instruct,4,10.0,0.00017584065216242833,0.001601929811295122,0.09898175984231665,0.08888888888888868
state:f100293ab6b115d2a03e465e,pope,google/gemma-4-E4B-it,3,6.0,0.00039373068566847476,0.024634137516841292,0.04153811600997867,0.08888888888888868
state:5dee22f5effa9dc9cb9c1c0a,pope,google/gemma-4-E4B-it,4,10.0,0.00030352960627599916,0.0186919105425477,0.07211864128197641,0.033333333333333326
state:eeee489f10f2217cef201d48,vizwiz,google/gemma-4-E4B-it,3,6.0,6.126164261208031e-05,0.012817144393920898,0.04917585495723565,0.16888888888888876
state:367a05922c44b4c032f8c4f5,vizwiz,google/gemma-4-E4B-it,3,6.0,3.460958818132831e-07,0.025028414196438253,0.027863680470225537,0.28666666666666674
state:dbcf5cd63d1d5e3b9d67d01c,vizwiz,google/gemma-4-E4B-it,4,10.0,6.939825411738018e-08,0.0009293305873870894,0.054494197279423486,0.23333333333333328
state:96e16027dae65bd92a29fb00,hallusionbench,Qwen/Qwen3-VL-8B-Instruct,4,10.0,0.0004252620109737079,0.032849268019199365,0.07075015337567424,0.08888888888888868
state:e1e9dc1df4632b5495dcfd5a,pope,google/gemma-4-E4B-it,2,2.0,0.00027165339852379877,0.023220698814839125,0.039223936543006654,0.0
state:5251d6b9c8636b14e8bd2267,vizwiz,google/gemma-4-E4B-it,3,6.0,1.5911001327154608e-07,0.001904586950937907,0.07351198265454606,0.16666666666666663
state:77d6f62db29ecf392132efeb,pope,google/gemma-4-E4B-it,3,6.0,0.00027927554569502703,0.01808248704764992,0.07954406460164257,0.15555555555555545
state:980070d1211059f5a1bdc70f,hallusionbench,google/gemma-4-E4B-it,3,6.0,0.00016128249151648022,0.02267487864527438,0.06901808451298355,0.0
state:03ac22a2b4c32bf4d546b3a8,pope,Qwen/Qwen3-VL-8B-Instruct,4,10.0,1.3818422554232068e-05,0.0011879755929112435,0.07110950601865809,0.08888888888888868
state:88867ef23dfdf41a03b8772c,pope,google/gemma-4-E4B-it,3,6.0,0.00022762305927945028,0.00488127171411179,0.07235913279780465,0.08888888888888868
state:2666032a36374b35f8ed832e,vizwiz,google/gemma-4-E4B-it,4,10.0,5.101915636936592e-06,0.11797523876652123,0.12461672128114472,0.27407407407407414
state:f8dcb83987623d3170d25047,vizwiz,Qwen/Qwen3-VL-8B-Instruct,3,6.0,0.012766456123542694,0.1658615737170395,0.19823596721221348,0.05555555555555536
state:44a39ab232877bd4d94784c6,vizwiz,google/gemma-4-E4B-it,3,6.0,8.351581591994336e-07,0.0038912726773155937,0.08154540429357504,0.16666666666666663
state:5541f267d95ba98fff216440,pope,Qwen/Qwen3-VL-8B-Instruct,3,6.0,0.00023389441564919636,0.015464858793873446,0.17361904610832093,0.1577777777777778
state:a2950114b214623f5dd6ea5c,vizwiz,Qwen/Qwen3-VL-8B-Instruct,4,10.0,1.8421412180775715e-05,0.015272248601540927,0.09542635946950125,0.2962962962962964
state:0a7683ba75f14abc0f887e41,pope,Qwen/Qwen3-VL-8B-Instruct,4,10.0,1.6882910372131973e-05,0.0030748048331588596,0.10578557902769549,0.16666666666666652
state:d7295deaf4bb16328d91f05a,pope,google/gemma-4-E4B-it,2,2.0,0.00024681084856861043,0.02372545120306313,0.06057847980998276,0.16666666666666663
state:7f1f698ecb11a348ec18d3ee,vizwiz,google/gemma-4-E4B-it,2,2.0,7.657037299328293e-07,0.06213545799255371,0.04651549234260792,0.33333333333333337
state:2371e63676f3d17b9dcc97fc,vizwiz,Qwen/Qwen3-VL-8B-Instruct,4,10.0,0.0004702631445443094,0.022278737127780925,0.027680035211245325,0.07777777777777761
state:4bc214b67ee174228968a7d0,pope,google/gemma-4-E4B-it,2,2.0,4.571156378551328e-05,0.0056527110282331705,0.08555485974089047,0.16666666666666663
state:56aa32e8c2db8c3aa41b8afb,vizwiz,google/gemma-4-E4B-it,3,6.0,4.934875648583052e-05,0.03399718354921788,0.09232521153079142,0.30000000000000004
state:5b4e0405180c46c503945864,pope,google/gemma-4-E4B-it,3,6.0,0.00038373563134260326,0.025727396753306195,0.04167652819203888,0.05555555555555536
state:eabcd590fe8cf0b08ce6d378,vizwiz,google/gemma-4-E4B-it,2,2.0,6.20155792343945e-05,0.02056599035859108,0.026075311227091245,0.0
state:3af799ec0e2f3ee7d2ff6f12,hallusionbench,Qwen/Qwen3-VL-8B-Instruct,2,2.0,7.182856170986303e-07,0.022075772285461426,0.02920940336080046,0.0
state:06a25b728a8fd78d74b94e3c,vizwiz,google/gemma-4-E4B-it,4,10.0,0.00030350789819901295,0.06357039613649247,0.1453021818283532,0.17481481481481465
state:d435cf30863d77142e7822d9,pope,google/gemma-4-E4B-it,3,6.0,0.0006760950016213405,0.04111971197805057,0.18495368833677564,0.15555555555555556
state:559c305ed94d38201495aa99,vizwiz,google/gemma-4-E4B-it,4,10.0,7.558823041087798e-06,0.020587176084518433,0.053935417705417064,0.25629629629629624
state:0a275b54ba3d1c3230341f6d,pope,Qwen/Qwen3-VL-8B-Instruct,4,10.0,7.297932953641574e-05,0.002814764678478241,0.09048484221608846,0.05925925925925901
state:5f74ac4e31098eaae9e48985,vizwiz,google/gemma-4-E4B-it,4,10.0,2.0938836291608844e-06,0.022587962150573727,0.020662339377898138,0.25555555555555554
state:df4a7cc0428e5d0e6a471406,pope,Qwen/Qwen3-VL-8B-Instruct,4,10.0,2.4971693392620247e-05,0.002515279413200915,0.09969739512090002,0.125925925925926
state:ec3811214da0fd2d5463369e,vizwiz,google/gemma-4-E4B-it,2,2.0,1.249290234346005e-07,0.0017396211624145508,0.07234827824791423,0.5
state:8a5a4cfd4bd0871c4b664152,pope,Qwen/Qwen3-VL-8B-Instruct,4,10.0,0.00015981739472552243,0.01671687018126249,0.07071045139505132,0.09259259259259234
state:268caa9523ba128d48e2397a,pope,google/gemma-4-E4B-it,4,10.0,2.0543051020907757e-05,0.0030293506896123335,0.09969395853515227,0.16666666666666663
state:6b87b7e27b61e418c41c43e8,vizwiz,google/gemma-4-E4B-it,4,10.0,1.0255070923328143e-06,0.019175386428833006,0.01624830452728322,0.050000000000000044
state:4f3042869bc4658196135030,hallusionbench,Qwen/Qwen3-VL-8B-Instruct,2,2.0,0.0003936889178058592,0.032153140753507614,0.04662263706295975,0.16666666666666663
state:7fcac8ab45f5bbd1864c960b,pope,Qwen/Qwen3-VL-8B-Instruct,4,10.0,8.545438964034738e-06,0.0018019707733765247,0.08128095043617727,0.15555555555555567
state:b34fecab7f0dd0826defe884,hallusionbench,google/gemma-4-E4B-it,2,2.0,0.0009192294480832949,0.06432415917515755,0.06189172999611112,0.0
state:2fdcfbc40d48c9a80354dd7f,pope,Qwen/Qwen3-VL-8B-Instruct,2,2.0,1.8375680408208562e-05,0.007378174923360348,0.018097817188383766,0.0
state:ad77dd97b2f23a950cbc4aef,pope,Qwen/Qwen3-VL-8B-Instruct,3,6.0,7.630491965688144e-05,0.0034067777451127768,0.05635300157837212,0.05555555555555547
state:d5f95c818345cc63b7e756e9,pope,Qwen/Qwen3-VL-8B-Instruct,4,10.0,3.258944349124565e-05,0.002690836098045106,0.05716143386373556,0.07777777777777761
state:9961921d188e2d69b2ae9a9d,pope,google/gemma-4-E4B-it,3,6.0,0.00019175629265111367,0.008455670652134964,0.13997976309833976,0.1777777777777778
state:246255c90df0dd43e691ba6b,pope,Qwen/Qwen3-VL-8B-Instruct,2,2.0,6.553039792865162e-05,0.009055032976903021,0.060147227941459186,0.16666666666666663
state:782c80ed1f27d7d3a8439123,vizwiz,google/gemma-4-E4B-it,4,10.0,8.942621236283768e-06,0.06342858558055013,0.11866296162379313,0.34444444444444455
state:3a2fc830f930126205156a39,hallusionbench,Qwen/Qwen3-VL-8B-Instruct,2,2.0,1.2056985292406516e-06,0.001538783311843872,0.01607259024428951,0.25
state:6c9dec3a6d711ae4a0a83b86,pope,google/gemma-4-E4B-it,3,6.0,0.00027080929707161026,0.042850617733266615,0.07182853316084488,0.09999999999999976
state:fc864014eb5276f8454a308f,vizwiz,Qwen/Qwen3-VL-8B-Instruct,3,6.0,0.0006440392600319556,0.03752241200870939,0.14528131140674286,0.15777777777777768
state:ffe6969e2d8fa4cce4beb40d,pope,google/gemma-4-E4B-it,3,6.0,0.00027554957729829065,0.023046348864833515,0.04698588894837937,0.05555555555555536
state:1a905dcbc1355c5bb3bdbc8d,vizwiz,Qwen/Qwen3-VL-8B-Instruct,2,2.0,1.2555756434501164e-06,0.0021106936037540436,0.018064672757148344,0.5
state:b6aa5fbdd2454e83cf1b2d7a,hallusionbench,Qwen/Qwen3-VL-8B-Instruct,3,6.0,2.223684146226377e-06,0.010878413915634136,0.02930558739144431,0.16666666666666663
state:5d0204c2f6d11ec629e65e8f,hallusionbench,google/gemma-4-E4B-it,2,2.0,3.734327964557777e-05,0.031508644118730444,0.15397210036757603,0.19999999999999996
state:a21c7e23a0a29bf088d67eab,hallusionbench,google/gemma-4-E4B-it,4,10.0,0.002951988043806933,0.08580964680761098,0.14591431606956845,0.09259259259259234
state:9496aaaca49369683b8eb977,vizwiz,Qwen/Qwen3-VL-8B-Instruct,2,2.0,8.476814980146208e-06,0.0019102506339550018,0.027698183329443262,0.16666666666666663
state:a2a55f8be7babf32600fb55e,pope,Qwen/Qwen3-VL-8B-Instruct,2,2.0,0.0004301468245789335,0.028479281347244978,0.052236635037591725,0.0
state:4597b6ce3641b468ad088a03,vizwiz,google/gemma-4-E4B-it,3,6.0,1.89016817701069e-05,0.08274725190777743,0.11501109635785989,0.37222222222222223
state:988ced4cba79414b34899d31,pope,Qwen/Qwen3-VL-8B-Instruct,4,10.0,3.468710377898414e-05,0.0029061067849397485,0.0730759631616695,0.08888888888888868
state:24d7f2d4cc6039705a2ae6bf,pope,Qwen/Qwen3-VL-8B-Instruct,3,6.0,0.0008210536552666544,0.014560912349325994,0.14241498331864216,0.1533333333333331
state:002f6bd5f20aec853cbe3d1c,vizwiz,google/gemma-4-E4B-it,4,10.0,0.0069442854577308755,0.05959468924906105,0.19229274707164146,0.12222222222222201
state:4975c3b6d1b539fde02336f2,vizwiz,google/gemma-4-E4B-it,3,6.0,0.00029134386914120243,0.03568118148379854,0.09605014149441023,0.2666666666666667
state:de9c902ccc7a9d81e3fa843f,hallusionbench,google/gemma-4-E4B-it,3,6.0,0.0002509715373041063,0.04354655214895805,0.13950584595797272,0.15555555555555545
state:b9b3d606aac29791bb2c52dc,pope,Qwen/Qwen3-VL-8B-Instruct,4,10.0,0.00037254353048477224,0.018896345645189286,0.0885375056397695,0.05925925925925901
state:9d40d1fdd90172aed97f1261,pope,google/gemma-4-E4B-it,3,6.0,0.0004825709252288341,0.03434605787818631,0.07658606880330929,0.05555555555555536
state:1571566c30e843634d541d75,pope,google/gemma-4-E4B-it,3,6.0,0.00016385139576008726,0.007625888851988634,0.09300331057435446,0.1777777777777777
state:c649b67c8ff4bec25f95dcb2,vizwiz,google/gemma-4-E4B-it,2,2.0,4.802066078574805e-05,0.054971516132354736,0.07607562857673193,0.0
state:07a5db76dea58e1d2220fc85,pope,Qwen/Qwen3-VL-8B-Instruct,3,6.0,3.2149215348421665e-05,0.0044803505297750235,0.033465208520223416,0.08888888888888868
state:1d82ef2f82332143f4081d59,vsr,Qwen/Qwen3-VL-8B-Instruct,4,10.0,0.0008011514319658964,0.043525066180154684,0.09988240565003453,0.1518518518518519
state:0bc1f9a46b70fb181424dbdd,pope,google/gemma-4-E4B-it,3,6.0,2.1692567032602823e-05,0.009920396454011401,0.03077457403123412,0.08888888888888868
state:a23f202c17addff805f07421,pope,google/gemma-4-E4B-it,4,10.0,0.00031539512077658903,0.032180866599082945,0.06552923092910792,0.05925925925925901
state:ab3e002b44b0c623af6d82d7,vizwiz,Qwen/Qwen3-VL-8B-Instruct,2,2.0,0.0037447142024821566,0.04144861674285494,0.12203919022328127,0.0
state:7b7812fe458483d1f7801d7c,pope,google/gemma-4-E4B-it,2,2.0,3.107193874388726e-05,0.01119690015912056,0.025445943221596448,0.16666666666666663
state:be02b3daef76821df09370a1,vizwiz,Qwen/Qwen3-VL-8B-Instruct,3,6.0,7.634680708718694e-05,0.05079128073217968,0.07304115531908689,0.05555555555555536
state:e48169f09e3562ac0145c299,pope,google/gemma-4-E4B-it,2,2.0,4.091649655808817e-05,0.005419001914560795,0.08439009453514697,0.16666666666666663
state:da63c100a556509e508d15e8,hallusionbench,google/gemma-4-E4B-it,4,10.0,0.0032733644404162434,0.07184278005734086,0.14099596647765075,0.07777777777777761
state:7d079a0fef22fe0c462764b8,hallusionbench,Qwen/Qwen3-VL-8B-Instruct,2,2.0,0.00037825143513971714,0.015383093152195215,0.1025403870988707,0.16666666666666663
state:e4b892777fa48a7f742cee27,vizwiz,Qwen/Qwen3-VL-8B-Instruct,4,10.0,3.0237725233020783e-06,0.00768165469169616,0.01542484127976772,0.25703703703703706
state:7ac5f41ca51d654bf7827569,pope,google/gemma-4-E4B-it,2,2.0,3.465993026909261e-05,0.002446927595883608,0.03678639756426943,0.0
state:e9a75300ef45c143c3e26c8c,pope,Qwen/Qwen3-VL-8B-Instruct,2,2.0,0.0004424332074979577,0.022794082760810852,0.11262476770441124,0.33333333333333337
state:d48964341da3208d725824c1,pope,Qwen/Qwen3-VL-8B-Instruct,4,10.0,0.0005583274387311202,0.008228749466361476,0.10710771149356897,0.05925925925925901
state:1dad030e30dddbf708548fd7,pope,google/gemma-4-E4B-it,2,2.0,8.785350351527325e-05,0.016234567927313037,0.05167505336597817,0.0
state:a5162a22ce969176fa0fd7f2,vizwiz,google/gemma-4-E4B-it,2,2.0,1.955262410993244e-06,0.04263141751289368,0.031145730882342893,0.5
state:1d06f57d212613c1354d83cd,pope,Qwen/Qwen3-VL-8B-Instruct,2,2.0,0.00026623450097643846,0.022399062989279628,0.03789098030237456,0.16666666666666663
state:b1c649d5f9a4ba47a512b921,vizwiz,google/gemma-4-E4B-it,4,10.0,6.492763892752984e-06,0.0697986719943583,0.10375980537087123,0.4296296296296296
state:ad630d93ddd79cc4de358e42,vizwiz,google/gemma-4-E4B-it,3,6.0,1.2636302623135497e-06,0.017294685045878094,0.0428302503051601,0.11111111111111116
state:ca656291a3543fa93aaf12b8,vizwiz,Qwen/Qwen3-VL-8B-Instruct,2,2.0,0.024705748438056264,0.21909133938606828,0.2824840837865851,0.16666666666666663
state:1482ae1ddb364e0a52a62531,pope,google/gemma-4-E4B-it,2,2.0,0.0002500885379654479,0.010151350870728493,0.044816399968238475,0.0
state:254d55aaabd0c15f5779856f,pope,Qwen/Qwen3-VL-8B-Instruct,3,6.0,0.00017967017250909798,0.005056108555032147,0.06794068470856204,0.08888888888888868
state:6bb87af4c88da64b5d669ebb,vizwiz,google/gemma-4-E4B-it,4,10.0,5.653873013496951e-08,0.00280778527259824,0.05402259579324375,0.3555555555555555
state:ec9bd4ce5539bfef1e799d66,vizwiz,google/gemma-4-E4B-it,2,2.0,5.1177711722640416e-08,0.0367162823677063,0.0351857384605949,0.0
state:301038666a5ff341691b0cf2,vizwiz,Qwen/Qwen3-VL-8B-Instruct,4,10.0,5.2988358728109875e-05,0.09521931126713752,0.12418807850752578,0.059259259259259234
state:105a74916fc360d377e0e54e,pope,Qwen/Qwen3-VL-8B-Instruct,3,6.0,0.0004892566345873575,0.01842346686559419,0.08872407443774877,0.1777777777777777
state:33d8e775f0505c29b7c4acda,vizwiz,Qwen/Qwen3-VL-8B-Instruct,4,10.0,0.0003191747264319329,0.020535897029330945,0.09361848926557341,0.1155555555555553
state:b96137f4979a1e9afa78e62b,pope,google/gemma-4-E4B-it,2,2.0,0.00011256415326890094,0.04729355126619339,0.05727583577140502,0.0
state:4fafb6f3d8702a77ad2e86a0,pope,google/gemma-4-E4B-it,4,10.0,0.0004210467525424956,0.0061154153489042075,0.09922729331668811,0.05925925925925901
state:df35fdf5d198e2d88bedb9dc,vizwiz,google/gemma-4-E4B-it,3,6.0,0.00016383661138313143,0.13242860604077578,0.16133076929188814,0.15777777777777757
state:d9e71da45688a191e0901225,pope,Qwen/Qwen3-VL-8B-Instruct,4,10.0,0.00024762218645476826,0.022108210027217856,0.03811488964489509,0.08888888888888868
state:7da572b0d7ee1ca079e4cba1,pope,Qwen/Qwen3-VL-8B-Instruct,4,10.0,0.00035652806145378916,0.022783915661275387,0.06826470849237773,0.07777777777777761
state:e35b470e0af6a61fbcfb776e,pope,Qwen/Qwen3-VL-8B-Instruct,4,10.0,0.0002951908060353465,0.004055021634558216,0.06904785077102671,0.033333333333333215
state:c4c900384a29980de7930374,pope,Qwen/Qwen3-VL-8B-Instruct,3,6.0,0.0011157782856927292,0.059015820423762,0.0729180230750086,0.09999999999999987
state:790c8441399b1de535091560,pope,Qwen/Qwen3-VL-8B-Instruct,2,2.0,1.869493015902319e-05,0.00694210734218359,0.01771961835369964,0.0
state:93d4182d96b1ed48af05553c,pope,google/gemma-4-E4B-it,2,2.0,0.00010316540928307432,0.025378782767802477,0.06803893316196218,0.16666666666666663
state:bd73129feec95718670e5d5a,vizwiz,google/gemma-4-E4B-it,3,6.0,1.434637456393843e-07,0.0024686290158165702,0.07774081493341671,0.30000000000000004
state:42e933f5b452a1d55ca29d4c,hallusionbench,google/gemma-4-E4B-it,2,2.0,0.0005753147971387042,0.020204890985041857,0.05346614481060284,0.0
state:4a66b9e27de2d5e508aeed50,pope,Qwen/Qwen3-VL-8B-Instruct,3,6.0,0.00010944052718626716,0.012307025055633858,0.06586288286961775,0.05555555555555536
state:6800070406e37f2948fc08bc,pope,google/gemma-4-E4B-it,4,10.0,0.0017052094851612945,0.057124492441653275,0.08872848153068962,0.05925925925925901
state:835d6d4fa736b088d2c8e865,pope,google/gemma-4-E4B-it,2,2.0,9.40236127035417e-06,0.01053000777028501,0.021109064331057286,0.0
state:d627bfe8fbbdff954e44788b,pope,Qwen/Qwen3-VL-8B-Instruct,2,2.0,0.000436354651497765,0.02877027727663517,0.12349407477104311,0.16666666666666663
state:2900f3b3e8341428b51cf8a9,pope,google/gemma-4-E4B-it,2,2.0,0.000487618658122905,0.01785212755203247,0.050902555360681355,0.33333333333333337
state:21cc6d8d90266c687f1a4efe,vizwiz,google/gemma-4-E4B-it,2,2.0,3.4089963000949325e-07,0.0030189454555511475,0.00896508146168734,0.0
state:73ddb11a8142e43a0d92ae55,pope,google/gemma-4-E4B-it,4,10.0,0.00020517189987775725,0.040667867362499235,0.04450328347182049,0.05925925925925901
state:5ac57f29fdeb3f4ebb0ab0bd,vizwiz,Qwen/Qwen3-VL-8B-Instruct,2,2.0,2.0190341509812245e-05,0.018360048532485962,0.0232120805986481,0.16666666666666663
state:27f6c6de10a1c2124af1acc4,pope,google/gemma-4-E4B-it,3,6.0,0.00010171605765607631,0.0040044406584153576,0.05969045022346591,0.05555555555555536
state:f6207f6b11693af423987a35,pope,Qwen/Qwen3-VL-8B-Instruct,3,6.0,0.00033601218560239246,0.023030489683151245,0.04015641921373468,0.05555555555555547
state:8550c677be7f0a38b3a0ebde,pope,Qwen/Qwen3-VL-8B-Instruct,4,10.0,0.00018909115843100322,0.019522402752190825,0.035786076384919076,0.09259259259259234
state:e3aceeadafc781e3a68c577e,vizwiz,Qwen/Qwen3-VL-8B-Instruct,4,10.0,5.299252456518464e-05,0.03446333944797515,0.08145122031647413,0.05925925925925901
state:fabfae7ee3d08ef005ed1aa8,pope,google/gemma-4-E4B-it,3,6.0,4.572393277291372e-05,0.010717591736465693,0.03619065782778012,0.05555555555555536
state:f01c7b734377d5bbf8aac28d,pope,Qwen/Qwen3-VL-8B-Instruct,2,2.0,6.74848268411951e-05,0.009146457741735503,0.06052073727407661,0.0
state:88edfee48cfb2fb0cb9e571f,pope,Qwen/Qwen3-VL-8B-Instruct,2,2.0,0.00044012363495067277,0.02924935892224312,0.12349397034667775,0.33333333333333337
state:d5d32756592dee0a418e0b9c,vizwiz,Qwen/Qwen3-VL-8B-Instruct,3,6.0,6.462943137022699e-06,0.01248447597026823,0.0325728370199871,0.05555555555555536
state:75d2bcb337f82e056bd675da,vizwiz,Qwen/Qwen3-VL-8B-Instruct,4,10.0,0.00015791282080429903,0.05719989895820619,0.08349953222177525,0.059259259259259345
state:d72ede181c1332e0200b8c7b,pope,google/gemma-4-E4B-it,4,10.0,3.5839066184179076e-06,0.012258579730987562,0.07953118832128923,0.3666666666666667
state:0f36d9448753768a86c3dbf5,pope,Qwen/Qwen3-VL-8B-Instruct,3,6.0,8.066924915661352e-05,0.004978187175260662,0.08639881193228525,0.08888888888888868
state:0f633d31c0b6a301d3f95233,pope,Qwen/Qwen3-VL-8B-Instruct,4,10.0,0.000547182819429637,0.009486882352503015,0.05299699475884176,0.05925925925925901
state:79dbd17209bf64ab49d2698e,pope,google/gemma-4-E4B-it,4,10.0,0.0002377278451274842,0.015680474741384388,0.04670554497843141,0.08888888888888868
state:ebf07c4ffb1c78e9b7a1bea1,pope,google/gemma-4-E4B-it,4,10.0,0.0010402327569864268,0.04305792164057493,0.060454672181224474,0.07777777777777772
state:8678b06a1efd480055ff4e57,vizwiz,Qwen/Qwen3-VL-8B-Instruct,3,6.0,2.7116166908049877e-06,0.010230624013476908,0.030141855112085673,0.08888888888888868
state:f5bd634ca028782e0ca85242,pope,google/gemma-4-E4B-it,2,2.0,0.00014117739481138013,0.024610020220279694,0.022733628962448585,0.16666666666666663
state:82eeeb2ca28137c3d872d574,pope,Qwen/Qwen3-VL-8B-Instruct,4,10.0,0.00026300643846019093,0.004741406359244137,0.06939086691882743,0.05925925925925901
state:c0cc2bb574398d711c76e290,pope,google/gemma-4-E4B-it,2,2.0,1.0251132979139385e-05,0.007601187098771334,0.01887305228196416,0.0
state:b1866aacedcfce2db6b18307,hallusionbench,Qwen/Qwen3-VL-8B-Instruct,4,10.0,0.0001978466662318639,0.054019131197128444,0.16967869548929243,0.2666666666666667
state:6cf15bdf1f4b06e2659d6cd0,hallusionbench,google/gemma-4-E4B-it,2,2.0,4.3705203582014666e-05,0.015457600355148315,0.019950650099369874,0.0
state:d88d4d26fc1fc47761f9a7d8,pope,Qwen/Qwen3-VL-8B-Instruct,3,6.0,0.0003807345731586694,0.0243101359034578,0.04119937958033002,0.05555555555555536
state:5563451d98e397fbc8ed914d,vizwiz,Qwen/Qwen3-VL-8B-Instruct,3,6.0,0.00020244717066379326,0.030273841073115666,0.035131902785008905,0.08888888888888868
state:c4167bf95d4a9a54ffc7f460,pope,google/gemma-4-E4B-it,4,10.0,0.0003078345321677895,0.04418935775756835,0.08729197796900522,0.18148148148148124
state:188e46f64064e64ecfd94128,vizwiz,google/gemma-4-E4B-it,3,6.0,9.420835999123986e-05,0.03006051505346678,0.10292573547015024,0.0
state:31a028cc373abd8fb5914a17,vizwiz,Qwen/Qwen3-VL-8B-Instruct,2,2.0,0.0004847950310737475,0.058781251311302185,0.07321011999774238,0.0
state:3a0c6309130d0f4a7118cc95,hallusionbench,Qwen/Qwen3-VL-8B-Instruct,4,10.0,0.00435698269531899,0.094536435874179,0.15772346290520609,0.07777777777777761
state:4e121fcb508aa632ac1f6f2e,pope,Qwen/Qwen3-VL-8B-Instruct,2,2.0,0.00030388690060642815,0.02586981002241373,0.039878746724656126,0.0
state:3d84e7b7ccfccec89c411ed5,pope,google/gemma-4-E4B-it,3,6.0,1.3286791809067426e-05,0.001015757870239516,0.05284111856735894,0.08888888888888868
state:093a798a23930a4251ef8b9a,pope,google/gemma-4-E4B-it,3,6.0,0.00012598193249781795,0.004518923608379244,0.06107363602556798,0.08888888888888868
state:557bf9ea091958ee3cd2c966,pope,google/gemma-4-E4B-it,2,2.0,3.544775212922015e-05,0.0023132674396038055,0.03794320757353381,0.0
state:d2af021f4999834b8163f184,vizwiz,Qwen/Qwen3-VL-8B-Instruct,4,10.0,0.0003293064955043398,0.03828313201665878,0.04628017958980953,0.05925925925925901
state:043f07334f6767382f0e70be,pope,Qwen/Qwen3-VL-8B-Instruct,2,2.0,3.359724947380402e-05,0.00510172126814723,0.08291235194825193,0.0
state:86945109e4eb90a867486fe3,vizwiz,Qwen/Qwen3-VL-8B-Instruct,4,10.0,2.0826559098611795e-05,0.012077351808547975,0.0376080367039487,0.21666666666666667
state:21429f22c59d1e7e84bca64b,vizwiz,google/gemma-4-E4B-it,3,6.0,1.189370982059434e-05,0.010961913400226175,0.04330676578288612,0.19555555555555582
state:7d16288ebb3b5f9ee544c2e7,hallusionbench,Qwen/Qwen3-VL-8B-Instruct,3,6.0,0.000506264469962455,0.03057667856208152,0.07881486709002639,0.14444444444444438
state:4f708445444a2ae7580912c1,pope,google/gemma-4-E4B-it,4,10.0,0.00019144123625209247,0.019391678152605896,0.0411682293531768,0.08888888888888868
state:5d43311026956bf54dccd222,vizwiz,Qwen/Qwen3-VL-8B-Instruct,3,6.0,6.166778526542547e-05,0.016298805673917133,0.07030040390754362,0.18666666666666665
state:81b270f6d606b6a6838526c3,pope,google/gemma-4-E4B-it,4,10.0,0.0003943640598785255,0.019229139990638938,0.16863701353436683,0.14814814814814792
state:b84dec37f16b1cc8be74189e,vizwiz,google/gemma-4-E4B-it,3,6.0,5.901292470192074e-07,0.0024947954548729667,0.08005051567210947,0.2666666666666667
state:4cbc89f80917a44a89b7a731,vsr,Qwen/Qwen3-VL-8B-Instruct,2,2.0,0.0006889855528825681,0.021937986370176077,0.12497839873225378,0.0
state:b7500f6c867ed486aafb5933,pope,google/gemma-4-E4B-it,4,10.0,5.281315891309565e-05,0.00392945242114365,0.09723068099310837,0.16666666666666663
state:ad8660dbcb882c375e064c44,vsr,google/gemma-4-E4B-it,3,6.0,0.0001340177231340981,0.028379008173942566,0.05038680058369723,0.09999999999999976
state:180e09f6b6122c36b0915d58,pope,google/gemma-4-E4B-it,4,10.0,0.00025606686501753763,0.023843562323600055,0.04147035711662519,0.05925925925925901
state:e8fcbed72bc17d5a8287fd67,vizwiz,Qwen/Qwen3-VL-8B-Instruct,4,10.0,4.464495397018848e-08,0.002312258481979379,0.06600599811681744,0.34444444444444444
state:550c4712df738b46e1a05f12,hallusionbench,google/gemma-4-E4B-it,2,2.0,1.0932540523846015e-05,0.008207744918763638,0.020295521207806252,0.16666666666666663
state:6355f3cb658558e3e9e64f48,pope,Qwen/Qwen3-VL-8B-Instruct,4,10.0,1.001598540584041e-05,0.001206095442175865,0.055947726091722154,0.07777777777777761
state:8ecdda36fe4daab61ba58e26,hallusionbench,google/gemma-4-E4B-it,4,10.0,0.0006636322347357172,0.09996674358844757,0.08190269225875378,0.18148148148148158
state:3eb2f74e859403254a064c83,vizwiz,Qwen/Qwen3-VL-8B-Instruct,4,10.0,0.00015550034422475817,0.01856713473796843,0.06817191436759114,0.07777777777777761
state:06c7dcf5510c030ad8e514ed,pope,Qwen/Qwen3-VL-8B-Instruct,2,2.0,5.080940104925009e-05,0.053846593014895916,0.13442427840845686,0.25
state:fd45e3eb50d407f914c4336d,hallusionbench,google/gemma-4-E4B-it,4,10.0,0.014278110854192044,0.02739698788092939,0.21982567984750598,0.25703703703703706
state:998925aa9ef31bbcb31b9b6c,vizwiz,Qwen/Qwen3-VL-8B-Instruct,3,6.0,2.4531765336185797e-05,0.002955548365005408,0.08319602720838606,0.30000000000000004
state:029ee9119b3a2fcb35604cfc,pope,Qwen/Qwen3-VL-8B-Instruct,3,6.0,0.0009459124448604213,0.040922926156781614,0.20943231308230154,0.15555555555555545
state:0621f9ac05cdb435b4f95372,pope,google/gemma-4-E4B-it,3,6.0,0.00032797803046621075,0.021904067162217367,0.0798206995641711,0.0888888888888888
state:cad3ee9ada37ff067ece2c02,pope,Qwen/Qwen3-VL-8B-Instruct,3,6.0,0.0003318699803394882,0.02452061796146962,0.04056057019124681,0.09999999999999976
state:2e20475868623f1d2c9f7268,vizwiz,google/gemma-4-E4B-it,4,10.0,6.395345526716693e-06,0.028862298768945038,0.09813618314191132,0.18888888888888888
state:cb4598cd740ec045e730f424,hallusionbench,Qwen/Qwen3-VL-8B-Instruct,2,2.0,0.0005112606182472641,0.023509528022259474,0.10531685877161309,0.16666666666666663
state:2a41b54de3d714c54e490034,vizwiz,google/gemma-4-E4B-it,2,2.0,7.098524851302427e-05,0.060474783182144165,0.07098783427195494,0.0
state:275978b2b8a563fef9303494,hallusionbench,Qwen/Qwen3-VL-8B-Instruct,2,2.0,7.386546959251963e-07,0.013861402869224548,0.027027368846156707,0.33333333333333337
state:44f4dd486a51a7c64af22520,pope,google/gemma-4-E4B-it,2,2.0,0.00022707438444523765,0.019494884181767702,0.03732892787376177,0.0
state:152a57e14b57fba8af8e8e43,vizwiz,Qwen/Qwen3-VL-8B-Instruct,3,6.0,0.00504766489611306,0.02094732775327024,0.1482445226082408,0.15111111111111108
state:8eed16321c13f92a63ee11fd,pope,Qwen/Qwen3-VL-8B-Instruct,3,6.0,0.0003390947549985458,0.023105198103520606,0.04021696165388431,0.05555555555555547
state:de69c6216f1d9ecbe8ee8d68,pope,Qwen/Qwen3-VL-8B-Instruct,3,6.0,0.0004438784756326758,0.03409499918214148,0.051442935162080615,0.0
state:72de55d66877f49ee093ab4e,vizwiz,google/gemma-4-E4B-it,4,10.0,1.0365382252097374e-05,0.05776255697011947,0.04725045252511368,0.1777777777777778
state:ef8747e38f06546216bf4ae3,pope,google/gemma-4-E4B-it,4,10.0,0.0002939065434591163,0.025430380925536157,0.04358597645330917,0.08888888888888868
state:41485f7e495b6e3eb7d335eb,vizwiz,google/gemma-4-E4B-it,2,2.0,4.460900730321623e-08,0.0064828842878341675,0.008552574427482397,0.0
state:c9a8969dfd9ddc1bff29af12,vizwiz,google/gemma-4-E4B-it,3,6.0,6.810120176516665e-06,0.010183610591209572,0.0842162726087417,0.33333333333333337
state:4f04fc07b33ca0b529b661eb,vizwiz,Qwen/Qwen3-VL-8B-Instruct,3,6.0,2.2062474129000902e-05,0.01713779071966807,0.048803320406586866,0.15777777777777757
state:4814db6c212a215b51cde0e4,hallusionbench,google/gemma-4-E4B-it,2,2.0,4.261398085910441e-06,0.00125584052875638,0.021111138450728775,0.16666666666666663
state:3083999a59f5f815bf7b3302,pope,Qwen/Qwen3-VL-8B-Instruct,4,10.0,0.0004258701595364669,0.005000733290798962,0.08052988564394392,0.07777777777777761
state:dfbb994ebf8e7e96aca49907,vizwiz,google/gemma-4-E4B-it,2,2.0,1.884649488008361e-07,0.08218911290168762,0.06000473841214807,0.0
state:da92c6e9ef4fc9708a682134,vizwiz,Qwen/Qwen3-VL-8B-Instruct,4,10.0,0.0026438403219527246,0.06179611189756542,0.22980643648759955,0.17037037037037017
state:9cff9d1df39c757a33ff6c5d,vizwiz,Qwen/Qwen3-VL-8B-Instruct,2,2.0,4.4060301339035174e-05,0.03455965220928192,0.049209224343652,0.0
state:07564ae51bdc1a91ecba525f,vizwiz,google/gemma-4-E4B-it,4,10.0,0.0007406282505618574,0.04793318510055542,0.04812335351091244,0.1814814814814818
state:ab319839817cff4f618c50a3,vizwiz,Qwen/Qwen3-VL-8B-Instruct,4,10.0,0.0005417597997233738,0.02378268837928773,0.08902427276722405,0.09777777777777763
state:07da28a715959c950fc92185,pope,Qwen/Qwen3-VL-8B-Instruct,3,6.0,0.00039048037687287304,0.020916945026126805,0.17162129756159747,0.08888888888888868
state:b8b4eb2fd7793f322493fc6f,pope,google/gemma-4-E4B-it,4,10.0,0.0001986065273424158,0.029238512404263027,0.04830288109231057,0.08888888888888868
state:ba2055c02384ac045a886884,pope,Qwen/Qwen3-VL-8B-Instruct,2,2.0,0.0002434498445525286,0.03349520545452833,0.05986712442856906,0.16666666666666663
state:023374b2abb9c990bccdd53a,vizwiz,google/gemma-4-E4B-it,3,6.0,0.00035987882453484855,0.028571950064765095,0.025549401495610635,0.08888888888888868
state:7d1727696c0fda7d86c17f3e,vizwiz,google/gemma-4-E4B-it,2,2.0,2.5862174756439484e-07,0.02508145570755005,0.021191358631109405,0.6666666666666667
state:bf9a9b22ce9ff960587797a5,vizwiz,google/gemma-4-E4B-it,4,10.0,1.8694991089855633e-06,0.003468046188354523,0.08977160580728301,0.2666666666666667
state:96982e2bdd3f99f2951d3cc9,vizwiz,google/gemma-4-E4B-it,2,2.0,4.604831721618796e-06,0.0257379412651062,0.053971492684462594,0.0
state:92f4cb13d758b2c4074a840f,vsr,Qwen/Qwen3-VL-8B-Instruct,4,10.0,0.0008663437325116078,0.03297241832940925,0.09713402427929185,0.059259259259259234
state:4c4868af3d0600bb616a1e5c,vizwiz,google/gemma-4-E4B-it,4,10.0,5.504668345671217e-07,0.0024858331680297717,0.07985474299187548,0.3037037037037038
state:2e4515a66fc2846a50848851,hallusionbench,google/gemma-4-E4B-it,3,6.0,0.0003118957038470108,0.01768725996953435,0.1575189865943866,0.14444444444444426
state:2300d5a5f5b7d2bad8a82692,vizwiz,google/gemma-4-E4B-it,4,10.0,2.3849498944398877e-06,0.051154602169990536,0.052762988695723746,0.43518518518518534
state:97969de3f7564780f264a768,hallusionbench,google/gemma-4-E4B-it,4,10.0,0.00021308077428758388,0.014420441258698711,0.12211542192766942,0.09259259259259256
state:fe55e0fabaefa0257f67efa2,vizwiz,Qwen/Qwen3-VL-8B-Instruct,4,10.0,0.003752264958781285,0.04433292239904405,0.1712877820610335,0.16666666666666663
state:6f50d62ecbf5d3e58bf028c6,pope,Qwen/Qwen3-VL-8B-Instruct,4,10.0,0.00012930346893963085,0.018122853790409864,0.06319197280728926,0.033333333333333326
state:a3b62660bb1b5dd78052432c,pope,google/gemma-4-E4B-it,4,10.0,0.00019044635957109587,0.010467252507805844,0.10241930364828877,0.15555555555555545
state:779cb32510f9e3167cde10fe,pope,google/gemma-4-E4B-it,4,10.0,0.0002770775664053415,0.023912347853183753,0.04219710050792707,0.09259259259259234
state:f7625662a02aed7b1b6aadbe,vizwiz,google/gemma-4-E4B-it,2,2.0,1.0662503413416428e-07,0.0019375383853912354,0.07415303197330297,0.5
state:20e8c2e0206947966da8d3cc,pope,google/gemma-4-E4B-it,4,10.0,0.00032703954713974014,0.003929655400570482,0.08400205054121981,0.033333333333333326
state:87358a3287e389754cab630c,pope,google/gemma-4-E4B-it,3,6.0,9.981699443624875e-05,0.023593369250496224,0.041794618746866505,0.05555555555555536
state:75a1a42be20ba408759ad0b6,vizwiz,google/gemma-4-E4B-it,4,10.0,9.953481536710782e-05,0.08018416948616505,0.11272337986499398,0.25703703703703695
state:a5bde3b6d4ae713c4e8728aa,pope,google/gemma-4-E4B-it,4,10.0,0.0002244710254568726,0.013956699855625632,0.04921957729403346,0.0
state:f24c67788b5ef90ce1108c24,vizwiz,google/gemma-4-E4B-it,4,10.0,9.09456425852661e-07,0.015818624496459967,0.02648974845723887,0.06666666666666687
state:351d1c6be4f945786b02d278,pope,Qwen/Qwen3-VL-8B-Instruct,3,6.0,0.0003306403008892476,0.02301280407441987,0.040080695746630375,0.0
state:98d99e3bd2c7a2f6fb50a01a,hallusionbench,google/gemma-4-E4B-it,2,2.0,0.0006628660640264682,0.019680114462971687,0.08730186209129223,0.33333333333333337
state:204bd2fd1f80aeeff2034342,vizwiz,Qwen/Qwen3-VL-8B-Instruct,3,6.0,0.0003941896575258477,0.10935777249849506,0.1273836878855624,0.0888888888888888
state:68418eb4351915b42ca7768e,vizwiz,Qwen/Qwen3-VL-8B-Instruct,4,10.0,0.00011175822515049013,0.03817045562900602,0.13594677351630444,0.28148148148148155
state:c0b883d56ac7c7436257a9e3,vizwiz,google/gemma-4-E4B-it,4,10.0,3.4598157450380984e-06,0.03142034053802488,0.05460649745916156,0.3111111111111111
state:79f5a32dc74981924e55aa31,vizwiz,Qwen/Qwen3-VL-8B-Instruct,2,2.0,3.070575284344971e-05,0.004948370158672333,0.02097965894361164,0.16666666666666663
state:dcf1d7b9ffe63825ead75cc8,vizwiz,google/gemma-4-E4B-it,2,2.0,0.00010162980124664542,0.07401942042633891,0.13185530796389325,0.5
state:8cefb60928ce3c2615e50f6d,pope,Qwen/Qwen3-VL-8B-Instruct,3,6.0,2.762673728352272e-05,0.004814827297296789,0.10083850714398791,0.11111111111111116
state:c547daa802cf2a0f848e58b4,vizwiz,google/gemma-4-E4B-it,3,6.0,0.0001752029415675951,0.038063906754056624,0.09902431640968577,0.05555555555555547
state:9739cf4679cb5b7cf8129954,pope,Qwen/Qwen3-VL-8B-Instruct,3,6.0,1.465086540308714e-05,0.0034823238125277893,0.09426458304048306,0.14444444444444438
state:ef535d9bbd80f7045dd1179a,vizwiz,google/gemma-4-E4B-it,3,6.0,0.0030550223809019165,0.029968180512595494,0.12807237750406797,0.0
state:b48a9a946d9233af787ab2f5,vizwiz,Qwen/Qwen3-VL-8B-Instruct,4,10.0,2.1917491942797076e-05,0.0032256404473446354,0.07574184666078412,0.2777777777777778
state:88eee6bb9dc6790367d1b1d8,pope,google/gemma-4-E4B-it,2,2.0,9.621802228014834e-05,0.016171865987416822,0.04729876313796506,0.16666666666666663
state:a539c298e49b724b43e99ba5,pope,Qwen/Qwen3-VL-8B-Instruct,3,6.0,0.0012290068268791575,0.037126760826342635,0.05482093957300193,0.0
state:2fe0ab53f6beedd58f56adb2,hallusionbench,Qwen/Qwen3-VL-8B-Instruct,2,2.0,0.0004014076549367974,0.039577668299898505,0.06375285752483174,0.0
state:234401aa4215257ff8e29b92,vizwiz,Qwen/Qwen3-VL-8B-Instruct,4,10.0,3.521661858655499e-05,0.008912364244461058,0.05620221728442411,0.09259259259259267
state:46e30f34cf09c7e163d5035f,pope,google/gemma-4-E4B-it,3,6.0,0.0005267272801442531,0.027807573322206736,0.053543139790766116,0.05555555555555547
state:e90df578dffe2dbf359dbb5a,hallusionbench,google/gemma-4-E4B-it,3,6.0,1.706544767515206e-05,0.013694698611895243,0.023882273932883353,0.08888888888888868
state:0632ab0f3dd44738e6566f32,pope,google/gemma-4-E4B-it,4,10.0,0.0002563213357944811,0.019937145942822098,0.036395662454445595,0.033333333333333215
state:e8e3e9a94204e7bdb66bbc0b,pope,Qwen/Qwen3-VL-8B-Instruct,2,2.0,0.00010555159340697218,0.027602159418165684,0.04341557637126155,0.0
state:bd4b8a450ad799bdaba4d5e7,vizwiz,Qwen/Qwen3-VL-8B-Instruct,3,6.0,0.0008324641435396136,0.05437904163005036,0.11210792153535201,0.08888888888888868
state:d9ebbde0634f7a989f9cf513,pope,Qwen/Qwen3-VL-8B-Instruct,4,10.0,0.00047462989412435237,0.005704043377190829,0.09556386605444665,0.09259259259259234
state:78bc8b4a957388f407b464fa,vizwiz,Qwen/Qwen3-VL-8B-Instruct,4,10.0,0.00030440497167051893,0.02032798647880555,0.09623311819659826,0.12888888888888883
state:6654e4fbcb5b8aa3c54d0694,pope,google/gemma-4-E4B-it,4,10.0,0.0009277718462624155,0.10061737414216623,0.12352863023567873,0.1518518518518518
state:024b8684c248922dd5091a8e,hallusionbench,Qwen/Qwen3-VL-8B-Instruct,2,2.0,0.002644140101065945,0.0945829376578331,0.08539954065858626,0.0
state:15390e2b63c865b479ab74f0,vizwiz,google/gemma-4-E4B-it,3,6.0,1.211096634089636e-07,0.005861070421006957,0.010190921835506636,0.2944444444444444
state:f557445cb63852fd96826e09,vizwiz,Qwen/Qwen3-VL-8B-Instruct,2,2.0,4.572708945925572e-05,0.044331181794404984,0.09219217074921453,0.33333333333333337
state:8216a42fc95b67c79f206707,pope,Qwen/Qwen3-VL-8B-Instruct,4,10.0,0.000431457600106083,0.006359472365584225,0.09653007374619994,0.05925925925925901
state:6c2064a63f1f89e30da7c68e,hallusionbench,Qwen/Qwen3-VL-8B-Instruct,2,2.0,0.00020651991364300994,0.009291120804846287,0.04828537357874812,0.0
state:9bd9865dab8d71fd0bee5b06,pope,google/gemma-4-E4B-it,4,10.0,0.00021935591500211576,0.01884301660582423,0.03685128740392055,0.0888888888888889
state:925399352612945a5db41e36,pope,google/gemma-4-E4B-it,3,6.0,9.490326768710216e-05,0.018918815741522446,0.0636112792985025,0.08888888888888868
state:0d899fab89c09f61b482e751,vizwiz,google/gemma-4-E4B-it,4,10.0,5.30372873819903e-05,0.05452704844065011,0.11045510963944695,0.337037037037037
state:66b0ba22d0ba5661090ec7fb,vizwiz,google/gemma-4-E4B-it,4,10.0,3.6607750844084896e-07,0.003561767339706412,0.07746139084010198,0.3111111111111111
state:984ce19f99948ee1beaae733,pope,Qwen/Qwen3-VL-8B-Instruct,4,10.0,1.9217194944048828e-05,0.0019382791640236887,0.08603209756577138,0.12222222222222223
state:ea74543c2b976623b17e37b8,pope,google/gemma-4-E4B-it,4,10.0,0.001207549030930375,0.05369794312864542,0.09930483017935071,0.12222222222222201
state:d40155340969b8d9b5314496,vizwiz,Qwen/Qwen3-VL-8B-Instruct,2,2.0,1.0987333263974144e-07,0.003092937171459198,0.0067019083325832035,0.5
state:381fc397b0bd6c6aa095c62d,pope,Qwen/Qwen3-VL-8B-Instruct,4,10.0,0.0003179005615376627,0.024174003135412923,0.041483986666005966,0.07777777777777761
state:1b4259119a0c8fb160db2ec2,vizwiz,Qwen/Qwen3-VL-8B-Instruct,3,6.0,0.002921607036633045,0.024783511629923146,0.1338496123433685,0.08888888888888868
state:90c710b88b3488b2c77d3daf,vizwiz,Qwen/Qwen3-VL-8B-Instruct,2,2.0,0.00053583702875375,0.06011043710168451,0.12907696369479382,0.0
state:5b9645ecc7d15b8911da5fa3,vizwiz,google/gemma-4-E4B-it,4,10.0,0.0003394740675867559,0.035353880524635305,0.05832423016867887,0.12222222222222201
state:573f9db166518f48fb95d269,pope,google/gemma-4-E4B-it,4,10.0,0.00023152303371494254,0.020466500790789724,0.03883388497159665,0.033333333333333215
state:0a8bf259ab235f714c0e1172,vizwiz,google/gemma-4-E4B-it,3,6.0,3.7167537921928247e-06,0.008118748664855957,0.03815581138173037,0.0
state:3cce65f5915b8758d8500b92,hallusionbench,Qwen/Qwen3-VL-8B-Instruct,3,6.0,0.002052946605945664,0.10129440979411204,0.10034046017198,0.15555555555555534
state:966084b94508cf644a206b70,vizwiz,google/gemma-4-E4B-it,2,2.0,1.065687624791837e-07,0.0028815865516662598,0.07699515637144472,0.5
state:99f346fabb1dffc3dcdac03e,pope,Qwen/Qwen3-VL-8B-Instruct,2,2.0,0.0002390111048354124,0.020182352513074875,0.04697977217999468,0.0
state:b71d6550d80d02c3913cf9a0,vizwiz,google/gemma-4-E4B-it,2,2.0,1.0691678985749225e-07,0.005508065223693848,0.0840749597910045,0.5
state:42f3486b6ed08b8ea31f5d04,vizwiz,google/gemma-4-E4B-it,2,2.0,3.906536903269874e-06,0.02828344702720642,0.07227373340783251,0.33333333333333337
state:c9cb17bc24b3d048cbe4e98c,vizwiz,Qwen/Qwen3-VL-8B-Instruct,3,6.0,0.0004984376803173096,0.044061741895145855,0.053383773784251735,0.0
state:6a3ab37ae8486a26fc4f536b,vizwiz,Qwen/Qwen3-VL-8B-Instruct,4,10.0,0.0046976187804503204,0.10451825857162478,0.14661499450179674,0.033333333333333215
state:0f70fccea50a27dc9001d6a0,vizwiz,Qwen/Qwen3-VL-8B-Instruct,3,6.0,9.642736408940696e-05,0.05901875429683262,0.0678829605358363,0.11111111111111094
state:348e3855ebb3a90792133508,pope,google/gemma-4-E4B-it,3,6.0,0.0004258164367651207,0.025001754466858178,0.044396731565373194,0.0
state:162665663a6b0c112a706e72,hallusionbench,google/gemma-4-E4B-it,4,10.0,0.0005450176633109872,0.045756902750581495,0.05763679113983368,0.05925925925925901
state:84abe6cad57d3ebb2b0e3d2e,vizwiz,Qwen/Qwen3-VL-8B-Instruct,2,2.0,0.00034919427332098785,0.0031514540314674377,0.07900947563749539,0.0
state:5152ff1e14eedcb1f85d36db,pope,Qwen/Qwen3-VL-8B-Instruct,3,6.0,1.421699286324228e-05,0.001420437772240916,0.052440802442682934,0.08888888888888868
state:118bd7960e17eaed9e7d82e5,pope,Qwen/Qwen3-VL-8B-Instruct,3,6.0,0.0013352348654728135,0.018293622467252944,0.14542445904239515,0.08888888888888868
state:0d5763cb123e18530cc12cc4,vizwiz,google/gemma-4-E4B-it,4,10.0,2.0344092556278126e-05,0.13819549940526485,0.13185384509592937,0.2088888888888889
state:e0e1454b0e9469744872231c,vizwiz,Qwen/Qwen3-VL-8B-Instruct,4,10.0,0.026319970841022323,0.09177994251251217,0.15536942012571872,0.033333333333333326
state:e7d07305935784ad00cf934d,pope,google/gemma-4-E4B-it,3,6.0,0.000850268296192548,0.041665349673065864,0.060842247250786324,0.05555555555555547
state:f2ddd75c110f9cf2adb9fc52,pope,Qwen/Qwen3-VL-8B-Instruct,4,10.0,0.0003079712520812634,0.02875960124656558,0.04540422739952583,0.08888888888888868
state:be6ff5dbd8196bb9759de37d,pope,Qwen/Qwen3-VL-8B-Instruct,4,10.0,0.00025661899588677497,0.019529033713042734,0.03606809977928972,0.07777777777777761
state:2261c5613bbb0595fc389791,vizwiz,google/gemma-4-E4B-it,2,2.0,9.316329994024959e-05,0.008284121751785278,0.009280443799155928,0.0
state:f361c60c92fb6fbefaf0f039,pope,google/gemma-4-E4B-it,3,6.0,0.0001594735423717685,0.008569630305929518,0.06376622150277848,0.08888888888888868
state:4afe29fb1f17c9f7a5a03aa7,vizwiz,google/gemma-4-E4B-it,2,2.0,2.0993378047523293e-05,0.005212814488913864,0.07821778980088931,0.33333333333333337
state:514193a48ba04f6ab776102c,pope,Qwen/Qwen3-VL-8B-Instruct,2,2.0,0.00013747710441777705,0.009251938667148352,0.0964523289960237,0.16666666666666663
state:5962e727314ab2a24aeaea4e,vizwiz,Qwen/Qwen3-VL-8B-Instruct,4,10.0,4.592169845005517e-05,0.021117342710494997,0.049755552699167885,0.07777777777777761
state:12ffbb535651060306b59084,hallusionbench,google/gemma-4-E4B-it,2,2.0,0.0004992082644367155,0.04751374607440084,0.11842723412950777,0.0
state:86965a6e807e8ef97fc95a95,pope,google/gemma-4-E4B-it,4,10.0,0.001236224637973939,0.058082168102264395,0.07476013437992625,0.033333333333333215
state:7423d137335078b038bcc3c7,vizwiz,Qwen/Qwen3-VL-8B-Instruct,2,2.0,2.0451375045060074e-07,0.0035983100533485413,0.00905171303897036,0.0
state:759ec59c2f33973bdc3b669d,vizwiz,Qwen/Qwen3-VL-8B-Instruct,4,10.0,0.003155631826066833,0.03292676810175179,0.2201750149560301,0.0
state:155df78a7e8518cd5fb89d82,hallusionbench,Qwen/Qwen3-VL-8B-Instruct,3,6.0,3.628085702690713e-05,0.012029038276523352,0.0360418781496228,0.09999999999999987
state:4fa2c716afb9413904379778,hallusionbench,google/gemma-4-E4B-it,2,2.0,8.698106438914647e-05,0.04475846886634827,0.04586961554672524,0.33333333333333337
state:a712740cbab2b462ce7dc3c4,vsr,Qwen/Qwen3-VL-8B-Instruct,3,6.0,0.00016842532699312012,0.008703099687409122,0.16268344467425025,0.08888888888888868
state:b0f776e3adfedd8668aaac4c,pope,google/gemma-4-E4B-it,3,6.0,0.0005033640480739888,0.02738622361276713,0.04396102550700857,0.08888888888888868
state:84ff113c763f975c1e8a137c,vizwiz,google/gemma-4-E4B-it,2,2.0,2.3047449949299195e-05,0.018333116080611944,0.1079471766890005,0.0
state:e8183a11d652f82dc01edd44,hallusionbench,google/gemma-4-E4B-it,3,6.0,1.7302067181553873e-05,0.049801589093274555,0.10912974460169099,0.288888888888889
state:255e6a4d5738bc2eb0c1add4,vizwiz,google/gemma-4-E4B-it,3,6.0,2.0046658234262815e-06,0.09280709756745231,0.06592773700918722,0.17777777777777792
state:470ac70c7720a4452d87db58,hallusionbench,google/gemma-4-E4B-it,4,10.0,0.000998116023809815,0.04485181368887424,0.0949913357115555,0.12222222222222201
state:3a970dd152b053e1cb6878ba,pope,google/gemma-4-E4B-it,4,10.0,0.0002843061973225918,0.005455827467376367,0.07810903785819276,0.08888888888888868
state:b53b5e00eb2564b22c7d7b34,vizwiz,Qwen/Qwen3-VL-8B-Instruct,4,10.0,0.0032843069894177095,0.01785298787057398,0.12619399466182982,0.07777777777777761
state:553390fe01f03e85fce602df,vizwiz,google/gemma-4-E4B-it,3,6.0,3.6935591593177764e-05,0.005204147581631939,0.07658973827460881,0.30000000000000004
state:c139c460f059801412c16e89,pope,Qwen/Qwen3-VL-8B-Instruct,4,10.0,0.0010215891673656511,0.022270645137759858,0.11010393381798124,0.1518518518518518
state:0e598657180c424dc8849888,pope,google/gemma-4-E4B-it,2,2.0,1.8102155635107216e-05,0.0049220845103263855,0.02478432099539419,0.0
state:662c8cac689b7c0b0e9e617e,pope,Qwen/Qwen3-VL-8B-Instruct,2,2.0,0.00038105822351861007,0.014378797728568316,0.10641585875080667,0.16666666666666663
state:86c6587c207fc8c8d5f67f3d,vizwiz,google/gemma-4-E4B-it,3,6.0,1.015550814180633e-05,0.011653734578026653,0.049241855119736805,0.2333333333333335
state:75c6cc3453679cc84b189704,vizwiz,google/gemma-4-E4B-it,4,10.0,1.8238076948946662e-05,0.021554665565490728,0.07229236342745801,0.2777777777777778
state:9dc9d7f1419291237b9dedfd,hallusionbench,Qwen/Qwen3-VL-8B-Instruct,4,10.0,0.0005276319793287597,0.020035495096817613,0.11261927453387757,0.11111111111111094
state:2c315cd9b10be51efbc053e9,vizwiz,google/gemma-4-E4B-it,4,10.0,1.1838815551815184e-05,0.02032163977622985,0.0988117410843485,0.21111111111111125
state:d1973b1c2954b6aee0d3fa3d,hallusionbench,google/gemma-4-E4B-it,3,6.0,2.09803258798421e-06,0.00556833876503839,0.0307031268015811,0.11111111111111116
state:514c595b3ebc7e28bf15c227,vsr,google/gemma-4-E4B-it,2,2.0,2.3447744874339287e-05,0.01230725646018982,0.01723867269520209,0.0
state:38f2872156204c7a0b3abf52,vizwiz,Qwen/Qwen3-VL-8B-Instruct,4,10.0,0.0010619952341683163,0.04973658561706544,0.07520720210861047,0.059259259259259234
state:b6496cdaf432100e663d7ef5,pope,google/gemma-4-E4B-it,4,10.0,0.00023436655747005302,0.023905944842845202,0.05998888308241398,0.09259259259259234
state:81df75354237bd9e422bc88b,vizwiz,google/gemma-4-E4B-it,3,6.0,2.0000820297808643e-07,0.017051630549960655,0.10007151462145748,0.11111111111111116
state:c0c07b9fd6eb548c0d863385,pope,google/gemma-4-E4B-it,2,2.0,5.044199881873217e-05,0.003155085723847151,0.039345746170215815,0.0
state:90f84acb011f21a98f58cba0,hallusionbench,Qwen/Qwen3-VL-8B-Instruct,3,6.0,0.0007503944627042604,0.027346963269843007,0.05345154050475807,0.08888888888888868
state:1330d4911c6456885b3e4217,pope,google/gemma-4-E4B-it,3,6.0,1.9926050975932465e-05,0.0017429194671826354,0.05393434902012021,0.05555555555555547
state:2a2df82a669cf46e79955e8f,vizwiz,google/gemma-4-E4B-it,3,6.0,2.571101529205508e-05,0.03122144606378341,0.057633468127667224,0.4166666666666665
state:c7ae3745d37d7de18af3afd8,pope,google/gemma-4-E4B-it,3,6.0,9.42865278687274e-05,0.018798209675070312,0.06351855477151151,0.08888888888888868
state:1053b499065f75f94d10bbcf,pope,google/gemma-4-E4B-it,3,6.0,0.00016758935213002642,0.008797468394429112,0.06425348387330998,0.05555555555555547
state:26815a8c9848d3d3e64b8a73,pope,Qwen/Qwen3-VL-8B-Instruct,3,6.0,0.0007591956980064531,0.029736450840977743,0.18118041049410524,0.1777777777777777
state:234e29a33456a1eba34eced2,hallusionbench,google/gemma-4-E4B-it,3,6.0,0.04041145646048972,0.10320284114115767,0.21452748242067668,0.0
state:ceac9dc98871efaf50e0e157,vizwiz,Qwen/Qwen3-VL-8B-Instruct,2,2.0,1.4634319791344043e-05,0.01688408851623535,0.012988821125964797,0.0
state:afb8a0d68a67e68880a4140d,pope,google/gemma-4-E4B-it,4,10.0,2.9525514994318538e-05,0.002551366840489209,0.10093493054705502,0.14814814814814792
state:bfbd1c932749905bc0b1a544,vizwiz,google/gemma-4-E4B-it,4,10.0,7.047637862237855e-06,0.030272849407047043,0.09992485351720633,0.1333333333333333
state:6290e7597414122820557f08,vizwiz,Qwen/Qwen3-VL-8B-Instruct,3,6.0,0.0009304892971523855,0.028976216782919246,0.13167285797390146,0.05555555555555547
state:4bf63e1a32db7a3641b49bcd,pope,google/gemma-4-E4B-it,3,6.0,0.00012848066686300388,0.011145757821698984,0.02697587720589113,0.08888888888888868
state:4531ae0d9bbf383cfef967b2,hallusionbench,google/gemma-4-E4B-it,2,2.0,0.0001139275196507823,0.024968624114990234,0.027789897664128742,0.16666666666666663
state:bb38b959909b57210caeb6f1,vizwiz,Qwen/Qwen3-VL-8B-Instruct,4,10.0,3.141109093837148e-05,0.06339238882064821,0.22981859474448116,0.3296296296296297
state:4a2e2e877ac28a6559fdcbe6,vizwiz,Qwen/Qwen3-VL-8B-Instruct,3,6.0,0.000347688323794415,0.04804415809404519,0.06436076037726957,0.0
state:e9607993a8e86cf12dccd704,pope,Qwen/Qwen3-VL-8B-Instruct,2,2.0,0.0004164496393768694,0.0333624891936779,0.07738515530309766,0.0
state:90284c6acfa18a5ea0d6e0f0,hallusionbench,Qwen/Qwen3-VL-8B-Instruct,3,6.0,0.00026113982784393676,0.03643530234694481,0.07202405645232719,0.05555555555555536
state:ad3fa020d5967ba61941a9fc,vsr,google/gemma-4-E4B-it,2,2.0,0.00010165531334898015,0.02134673297405243,0.06646324556488646,0.16666666666666663
state:68d592e5bb5af7ec10120714,hallusionbench,google/gemma-4-E4B-it,3,6.0,0.00010505041090450144,0.018578181276097894,0.09552813075587853,0.09999999999999976
state:0645eb64ffbddedaad7725e4,pope,Qwen/Qwen3-VL-8B-Instruct,4,10.0,0.0010533809706537612,0.06300474464893341,0.09676782278144393,0.09259259259259234
state:07245ec0f34de4a84859f795,pope,Qwen/Qwen3-VL-8B-Instruct,4,10.0,0.000490651037270269,0.016471044775098552,0.11401973460320275,0.14814814814814792
state:11f70c278a2742b3f4e39dd7,pope,Qwen/Qwen3-VL-8B-Instruct,2,2.0,6.4642226666982285e-06,0.0014956549275666475,0.022348591685147134,0.0
state:7ccee8cbf996209479d0003f,hallusionbench,google/gemma-4-E4B-it,3,6.0,8.339170805970135e-05,0.02340025785896514,0.03111397584143757,0.0888888888888888
state:e5a9c4c69a02528f908b6634,vizwiz,Qwen/Qwen3-VL-8B-Instruct,4,10.0,2.804137485774823e-05,0.054565757513046265,0.06149133290741588,0.22518518518518515
state:19723bf625099d3c6fa77537,vizwiz,Qwen/Qwen3-VL-8B-Instruct,2,2.0,0.00021635280715115142,0.019053021911531687,0.04611787792277176,0.0
state:236169d130ad0ee08e15700e,vizwiz,google/gemma-4-E4B-it,3,6.0,3.486043719976409e-05,0.08265019518633684,0.11030543905602182,0.29999999999999993
state:2a18c85eef6ee7d46c7caa6d,pope,Qwen/Qwen3-VL-8B-Instruct,4,10.0,5.086280691215559e-05,0.004121072441339501,0.0856730607187116,0.07777777777777761
state:a6b7d47c0b412cf2460eefee,vizwiz,Qwen/Qwen3-VL-8B-Instruct,4,10.0,0.00013096720875301342,0.026390632390975954,0.03358122008346419,0.07777777777777772
state:347d9f18f033aa95a2645092,pope,Qwen/Qwen3-VL-8B-Instruct,4,10.0,0.00026612549700323016,0.020864722337573766,0.04107592520165767,0.07777777777777761
state:6d3acd8d9b328ee84a0b427d,vizwiz,google/gemma-4-E4B-it,2,2.0,1.811031011927945e-06,0.05075826495885849,0.04484761600468188,0.6666666666666667
state:e23be7ea840643f39274d26e,vizwiz,google/gemma-4-E4B-it,4,10.0,2.7765095014361475e-06,0.033263784646987905,0.032300662192122,0.22592592592592609
state:68abac7889d70e12c5447093,vizwiz,Qwen/Qwen3-VL-8B-Instruct,4,10.0,0.0020191232735741883,0.011608359217643726,0.10747004725409373,0.1274074074074074
state:83f7452a96b71570a5e4efdf,pope,google/gemma-4-E4B-it,4,10.0,0.00029052091132630734,0.016600504722446202,0.07226252924861108,0.12222222222222223
state:7558618026cf392dedc40a3d,pope,google/gemma-4-E4B-it,2,2.0,1.1905663278077416e-05,0.008062345907092094,0.021273152251823097,0.0
state:30cb3df3bfac855d0848be51,vizwiz,google/gemma-4-E4B-it,3,6.0,8.782175593680143e-06,0.005215504523625403,0.08621519141788027,0.48888888888888904
state:5e4283311db8c7384e4eb8a3,vizwiz,google/gemma-4-E4B-it,3,6.0,5.317522275013562e-06,0.06939916643831463,0.07387120826479211,0.4222222222222223
state:ffa791fcf389fa1afd749887,pope,google/gemma-4-E4B-it,3,6.0,0.0003993723417611116,0.02474469388835132,0.04183575613747905,0.08888888888888868
state:00133e4b1e4f1780c65399ac,pope,Qwen/Qwen3-VL-8B-Instruct,3,6.0,0.0012677602566020885,0.08027772770987616,0.07493238384586004,0.05555555555555536
state:0573f67b18b5ad0b70f28732,vizwiz,Qwen/Qwen3-VL-8B-Instruct,4,10.0,0.00012516145746597644,0.07637108594179154,0.08513433867693639,0.05925925925925901
state:e0429260ff26e956fe5ab9c7,vizwiz,Qwen/Qwen3-VL-8B-Instruct,4,10.0,1.2718293575053454e-05,0.03868961811065672,0.040831855214583004,0.20925925925925937
state:d2d066dd99862d116f4586fa,pope,Qwen/Qwen3-VL-8B-Instruct,4,10.0,0.0007481213184638531,0.009738492327742279,0.10622582637613794,0.08888888888888868
state:8baa545a4a2253fd4b649a30,vizwiz,Qwen/Qwen3-VL-8B-Instruct,3,6.0,0.002068117856251514,0.010768091293155306,0.11715066193303153,0.08888888888888868
state:444c10f86b6e6771380bec92,vizwiz,google/gemma-4-E4B-it,2,2.0,3.643731498485027e-06,0.007682338356971741,0.034681361942786,0.25
state:3847b2a326ee249658ef8488,hallusionbench,Qwen/Qwen3-VL-8B-Instruct,2,2.0,9.016089512156914e-05,0.021549721030169167,0.07589433255354283,0.0
state:f093a62dd85d786dc3ad68c9,pope,Qwen/Qwen3-VL-8B-Instruct,3,6.0,1.4602352576928075e-05,0.0034696381125185103,0.09406879873849978,0.1777777777777777
state:e02612597ca17e6c610da423,hallusionbench,Qwen/Qwen3-VL-8B-Instruct,2,2.0,0.0002258891054054067,0.045744165778160095,0.07988662732569987,0.16666666666666663
state:c2462eb313ddc4175dbe0983,vsr,google/gemma-4-E4B-it,3,6.0,0.0003631246283935308,0.029967238505681393,0.14242931326821584,0.2766666666666667
state:4517e9fc770fc7681540d4f5,hallusionbench,google/gemma-4-E4B-it,4,10.0,0.0007910127102877876,0.027776715829968445,0.0882169938234739,0.13703703703703696
state:c07823baea166f792c00cee6,pope,google/gemma-4-E4B-it,4,10.0,0.0002522013414531251,0.020901417969726034,0.06814584531261447,0.07777777777777772
state:8255210d8859f1c892af64fe,vizwiz,Qwen/Qwen3-VL-8B-Instruct,3,6.0,6.0266510829481744e-05,0.012494195356137236,0.02581418787296067,0.05555555555555536
state:4c63829c5034bb37a510abf6,hallusionbench,Qwen/Qwen3-VL-8B-Instruct,4,10.0,0.0017083699071973615,0.042851318996399636,0.12805570434355598,0.08888888888888868
state:78102e1168a7b15a02211eec,vizwiz,google/gemma-4-E4B-it,4,10.0,0.0012023046143556794,0.052139179706573516,0.11339966225362672,0.12444444444444447
state:f0ce19800824a724ccf876bc,pope,Qwen/Qwen3-VL-8B-Instruct,3,6.0,0.0006476508896412426,0.03921787724054108,0.14921935807156803,0.15555555555555545
state:3a3533b54f6ea41e372ebdaa,pope,google/gemma-4-E4B-it,4,10.0,2.6367385745319598e-05,0.03493099585175515,0.08575790986470035,0.2533333333333334
state:62fe7028385f82a840151579,pope,Qwen/Qwen3-VL-8B-Instruct,2,2.0,0.002879677386569935,0.058845673498581164,0.1743741859066601,0.0
state:30db69ef290c99c13528aa77,pope,Qwen/Qwen3-VL-8B-Instruct,3,6.0,0.00037161741401709256,0.024143639641503494,0.040994824830610316,0.09999999999999976
state:9601bb53be6d1994b7db53eb,pope,Qwen/Qwen3-VL-8B-Instruct,3,6.0,0.0003405919513998477,0.02337667584005329,0.04209470874917056,0.08888888888888868
state:db6bc025c349b9a4f6f5ca67,vizwiz,Qwen/Qwen3-VL-8B-Instruct,3,6.0,0.00014851866524898786,0.041214384138584116,0.07270220585616939,0.08888888888888868
state:2c5d49f003c81b18d17b558c,vizwiz,google/gemma-4-E4B-it,3,6.0,1.5647209207161128e-05,0.014982342720031738,0.048183315452588533,0.08333333333333337
state:675edf2624d3f2dfe81cfe18,pope,google/gemma-4-E4B-it,3,6.0,0.00035280515457747347,0.025646478791410725,0.04125165422888324,0.09999999999999976
state:fe6a27b5f728a7a5afc6a0b1,vizwiz,Qwen/Qwen3-VL-8B-Instruct,3,6.0,3.3238241528159536e-05,0.0013187254986001633,0.078797760165107,0.30000000000000004
state:821fb966a84be7238a1f6934,vizwiz,google/gemma-4-E4B-it,4,10.0,1.2944194551452746e-06,0.03035056114196777,0.03247414165506643,0.19925925925925925
state:650c2ff39ffcceedd0dfd1ef,vizwiz,google/gemma-4-E4B-it,2,2.0,4.7950641764998145e-05,0.00016217104712268338,0.042995238926359966,0.0
state:f0517eba414dbd3001b77554,pope,google/gemma-4-E4B-it,4,10.0,6.903660979177283e-05,0.021921690255403498,0.09500448841338992,0.07777777777777761
state:b801fb38115a7c829d8717ae,pope,Qwen/Qwen3-VL-8B-Instruct,4,10.0,0.0002754629735853781,0.02257922541350126,0.06929132247323068,0.07777777777777761
state:a0ec1bb6021b401e034040b9,vsr,google/gemma-4-E4B-it,4,10.0,3.163298934163944e-05,0.024104687950166424,0.1631593471286747,0.12740740740740764
state:508d53992270a0454d146985,vizwiz,google/gemma-4-E4B-it,3,6.0,0.00015451937108633545,0.1390486948011029,0.1691858785336372,0.288888888888889
state:7f6f97f3cd3373ee3a864c40,vizwiz,Qwen/Qwen3-VL-8B-Instruct,2,2.0,0.00042127022211949625,0.03672166774049401,0.05346951956938962,0.0
state:993f1d07c29760e413cf1cc6,pope,google/gemma-4-E4B-it,3,6.0,3.319875710932441e-05,0.004332146219288309,0.03370604928055171,0.09999999999999976
state:03066186dee767bd6a63d9fa,vizwiz,google/gemma-4-E4B-it,4,10.0,8.093149532830246e-07,0.04568356573581696,0.03928319675278139,0.18888888888888888
state:ad9c540da6f47aacf26c1930,pope,google/gemma-4-E4B-it,4,10.0,1.6472436123248332e-05,0.0012873368244618265,0.064854504428136,0.05925925925925901
state:753dd678c5e098e388eda5e7,vizwiz,Qwen/Qwen3-VL-8B-Instruct,4,10.0,2.5346527782095498e-05,0.016822836399078354,0.060852605729222034,0.14074074074074083
state:bc1ec4134cdc28c0fbb8362e,vizwiz,google/gemma-4-E4B-it,4,10.0,5.498193324464527e-07,0.001955280303955087,0.07722975360148744,0.2666666666666667
state:a27557c889d93d87f06944d2,vsr,Qwen/Qwen3-VL-8B-Instruct,2,2.0,1.116180683894552e-05,0.011322401696816087,0.021280762341167773,0.0
state:bb079cb5c7cc25f9e444ad33,pope,google/gemma-4-E4B-it,2,2.0,0.0005683159392173387,0.0064302533864974976,0.11442264240384671,0.0
state:eacd4b79637051fe150b12c2,hallusionbench,Qwen/Qwen3-VL-8B-Instruct,4,10.0,1.851494946515807e-05,0.0013977161888033107,0.06719078276412266,0.07777777777777761
state:a8d8bf60a032ca7355fe2cbc,vizwiz,google/gemma-4-E4B-it,3,6.0,0.0003175937243426508,0.010622147629166875,0.13757181680215924,0.24444444444444458
state:67cd27a7bcc478db2e019839,vizwiz,Qwen/Qwen3-VL-8B-Instruct,3,6.0,2.2136865974729807e-05,0.015355864371587017,0.04959689041648423,0.0
state:bd56d34fcb4a48404e4d5009,pope,Qwen/Qwen3-VL-8B-Instruct,3,6.0,3.973737749839402e-05,0.011303161477877022,0.03082598244917704,0.08888888888888868
state:d86f880ec5b93d17c1039ae5,pope,Qwen/Qwen3-VL-8B-Instruct,2,2.0,3.218615145287799e-05,0.002173924818634987,0.037443517635894805,0.0
state:b5c7a79fa329dad3e2b10077,pope,Qwen/Qwen3-VL-8B-Instruct,2,2.0,4.984467918114944e-05,0.00312721636146307,0.03935101379731954,0.0
state:65f78894776d1d56870b3ec9,vizwiz,google/gemma-4-E4B-it,4,10.0,4.068482946594208e-05,0.16854832984507087,0.15377096882601068,0.2770370370370371
state:ccaeec31200ad8f1f79a09c3,vizwiz,Qwen/Qwen3-VL-8B-Instruct,4,10.0,0.00033491041796036944,0.04922185346484183,0.07306378644492376,0.07777777777777772
state:8fe089f8e0ad96ce65c8c7ee,pope,google/gemma-4-E4B-it,2,2.0,0.0002792991289256256,0.021168905310332775,0.048527886204273174,0.0
state:8e4436fd47b77827cc71cfbc,pope,Qwen/Qwen3-VL-8B-Instruct,3,6.0,0.0016150372801004304,0.018027483686132148,0.12401936633143965,0.08888888888888868
state:8b15218f210d9726ac8738e2,vizwiz,google/gemma-4-E4B-it,2,2.0,1.0977768110317804e-06,0.007743656635284424,0.035640671114447915,0.33333333333333337
state:8731a875dfc482f2daf2f0a1,pope,google/gemma-4-E4B-it,2,2.0,1.0664517814820012e-05,0.0057677216827869415,0.011218140731231157,0.0
state:7efb509cf59b66c17759b257,pope,Qwen/Qwen3-VL-8B-Instruct,2,2.0,0.00023140552547896683,0.019677335862070322,0.04668333512643428,0.16666666666666663
state:812ef68e8eddf9ac8d1e882d,pope,google/gemma-4-E4B-it,4,10.0,7.378058426546274e-05,0.0034466242603957697,0.08955116473948407,0.033333333333333326
state:6961a104f7afd8791bc4e072,vizwiz,Qwen/Qwen3-VL-8B-Instruct,4,10.0,0.0005107699115861194,0.09790537595748902,0.13659330728993385,0.17037037037037017
state:14c1aa8e32875ad6be3464aa,vizwiz,Qwen/Qwen3-VL-8B-Instruct,4,10.0,1.1729523602578105e-05,0.01123354434967041,0.1091033133913679,0.31481481481481477
state:92d87796cbdbb5ea1beaa808,pope,Qwen/Qwen3-VL-8B-Instruct,3,6.0,1.4100004879768082e-05,0.003390188949803523,0.09376094507294642,0.14444444444444438
state:6fd6f3b60c17e1c632e45e62,vizwiz,google/gemma-4-E4B-it,2,2.0,0.00012641976591063202,0.0033663844224065542,0.05327967887489304,0.16666666666666663
state:96b4be818861ab6a4a11e1f6,pope,Qwen/Qwen3-VL-8B-Instruct,4,10.0,2.721543271929198e-05,0.0013055704161524817,0.06649695703222216,0.07777777777777761
state:aeb2184fcb354018fef5d7bc,pope,Qwen/Qwen3-VL-8B-Instruct,4,10.0,0.0003400560377456563,0.005988987282034941,0.08558174474279862,0.05925925925925901
state:243b6407291e0522d8400601,vsr,Qwen/Qwen3-VL-8B-Instruct,4,10.0,0.0010734452152806348,0.05182632382959128,0.0953684596982296,0.11111111111111116
state:64abce068f7276d035cc3323,pope,google/gemma-4-E4B-it,2,2.0,6.775069350353436e-05,0.021951547358185053,0.03816703321523564,0.16666666666666663
state:a0b8f281124389fe5702f9c6,hallusionbench,google/gemma-4-E4B-it,2,2.0,0.0002688740211479339,0.03071647509932518,0.04241528475850493,0.16666666666666663
state:bd64a7cd5061fa5f764c38d5,vizwiz,Qwen/Qwen3-VL-8B-Instruct,3,6.0,5.568822291000684e-06,0.0056346071263154345,0.032000684882142166,0.26666666666666683
state:c6f6ee569fcf8dc9226d3e0c,vizwiz,Qwen/Qwen3-VL-8B-Instruct,4,10.0,0.008426912441012416,0.028281425780733116,0.07964376096674886,0.0
state:cac85106f89ef86d8147cd21,vizwiz,google/gemma-4-E4B-it,4,10.0,1.2619517225683883e-07,0.0021773028373718306,0.0622970684743609,0.30000000000000004
state:57302d5d2cd6de325032c7ad,vizwiz,google/gemma-4-E4B-it,3,6.0,6.270778212602148e-05,0.01195471816592745,0.011461457582267888,0.09999999999999976
state:5355193a6e948f7858caa250,vizwiz,Qwen/Qwen3-VL-8B-Instruct,4,10.0,6.925166650186907e-05,0.010455707380315293,0.12574572353474536,0.3111111111111112
state:4577746ec88a893a8f111558,vizwiz,Qwen/Qwen3-VL-8B-Instruct,2,2.0,4.165664320092357e-05,0.015159070491790771,0.01854787227003043,0.0
state:555fe1011f54ba0298029737,pope,Qwen/Qwen3-VL-8B-Instruct,4,10.0,0.0011856911143118217,0.017717149257659926,0.08782229225605458,0.18518518518518523
state:81881f31e0b570e7cd03ac6d,vizwiz,Qwen/Qwen3-VL-8B-Instruct,4,10.0,2.0026612749215917e-05,0.01174253231380135,0.08113814311551239,0.3666666666666667
state:74df5dc1f618307622a7fd30,vizwiz,Qwen/Qwen3-VL-8B-Instruct,2,2.0,3.338752690063107e-07,0.007190115749835968,0.008704741708899394,0.33333333333333337
state:8da7fad469a21a1054ebc368,hallusionbench,google/gemma-4-E4B-it,2,2.0,0.0006307129233426492,0.06305518746376038,0.05843821389248375,0.16666666666666663
state:e1a09ae13b6d5b309f3848dd,pope,google/gemma-4-E4B-it,4,10.0,0.0001738740680074711,0.020161907508736476,0.07018290617234539,0.033333333333333326
state:08ad3d9d9ab37c18585ae119,vizwiz,google/gemma-4-E4B-it,2,2.0,2.964217702012068e-06,0.005717545747756958,0.024300826938986133,0.4
state:1bbbeb35ca6705a1e78714b0,hallusionbench,Qwen/Qwen3-VL-8B-Instruct,4,10.0,2.000828911601182e-05,0.0034706524666398815,0.09779722369459505,0.13703703703703685
state:8f56a2800ab8c123f81ea475,hallusionbench,Qwen/Qwen3-VL-8B-Instruct,3,6.0,0.0011912280237173156,0.07372078858315945,0.06415262993784861,0.05555555555555536
state:de2c73f1876045995599af7c,vizwiz,google/gemma-4-E4B-it,2,2.0,7.879154971181061e-07,0.03271994739770889,0.030201728034995552,0.5
state:aacbf7c8dc8c108135aa4178,hallusionbench,google/gemma-4-E4B-it,4,10.0,0.0005752386993044732,0.027031737044453625,0.20270603962720785,0.14814814814814792
state:4ddea8edef58e496a533c48d,hallusionbench,google/gemma-4-E4B-it,3,6.0,0.00015287387054349817,0.038344270653194866,0.07836702468796466,0.05555555555555547
state:455ba2740d8ed0396ed8f82a,pope,google/gemma-4-E4B-it,4,10.0,0.00030951880308908314,0.025823232755064963,0.07394129971537172,0.07777777777777761
state:16aab24a264d63d1436aa586,vizwiz,google/gemma-4-E4B-it,2,2.0,2.2679567847983605e-05,0.051624407060444355,0.08972776452251659,0.19999999999999996
state:8ea7bfd2448db456f0a978f0,vizwiz,google/gemma-4-E4B-it,3,6.0,8.371668032296838e-06,0.01816978057225545,0.055848814342591195,0.2222222222222221
state:73b9f6489d76d7b284284a99,pope,google/gemma-4-E4B-it,4,10.0,3.80262398777813e-05,0.0055428707413375375,0.11105863271828309,0.08888888888888857
state:ab034ae52b88c6dcb6409abd,pope,Qwen/Qwen3-VL-8B-Instruct,2,2.0,0.00020016066207542748,0.011209440766833723,0.0305748298337333,0.0
state:0e2b54c1dc6dad0c8882c9c5,pope,Qwen/Qwen3-VL-8B-Instruct,2,2.0,3.412005752014948e-05,0.002250571269541979,0.03775894667478452,0.0
state:b483e5ca8e707b60ef62d14d,vizwiz,google/gemma-4-E4B-it,2,2.0,1.081076729385368e-08,0.0018463730812072754,0.004439595956845577,0.25
state:03a8804639c490a62edff1f5,pope,Qwen/Qwen3-VL-8B-Instruct,2,2.0,1.042558936440189e-05,0.0009420413989573717,0.03582176704374499,0.0
state:c41d104066ed5bb59a5516bb,vizwiz,Qwen/Qwen3-VL-8B-Instruct,3,6.0,0.002214709207560105,0.05597462734052291,0.14956291492255575,0.05555555555555547
state:68f21094024d8cb287eefeac,pope,Qwen/Qwen3-VL-8B-Instruct,3,6.0,0.0005144344677568213,0.029184997004146392,0.17299177719077474,0.14444444444444426
state:365997dbe3a6f9ac92dc5824,pope,google/gemma-4-E4B-it,3,6.0,0.0012838886006107826,0.01666794474537407,0.09748425290781215,0.08888888888888868
state:659f8b3d625d6022a9fa18b3,vizwiz,Qwen/Qwen3-VL-8B-Instruct,3,6.0,0.0005624900293228512,0.038504596592651485,0.1834305905286863,0.14444444444444438
state:d08e8355018cf0d0b140f6a3,vizwiz,google/gemma-4-E4B-it,2,2.0,8.073430894001248e-06,0.01631423830986023,0.03115109556511148,0.6
state:089e5e9c5c9452f16aef8561,vizwiz,Qwen/Qwen3-VL-8B-Instruct,2,2.0,0.0002624391547444944,0.049850272946059704,0.060954959865954506,0.0
state:0105728376fa1a12b43d324a,vsr,google/gemma-4-E4B-it,4,10.0,0.009039609022044698,0.051272050142288216,0.1583597671637833,0.12592592592592566
state:b0b2f607ffa0116c5d4486ca,vizwiz,google/gemma-4-E4B-it,4,10.0,4.4978678172127595e-07,0.002121150493621826,0.07146350690093164,0.2666666666666667
state:1caeace4e9f55774e5e659d5,vizwiz,Qwen/Qwen3-VL-8B-Instruct,2,2.0,0.002903520036618989,0.020707768853753805,0.1773795545993164,0.16666666666666663
state:ff68d2bf7337285f279cd040,pope,google/gemma-4-E4B-it,4,10.0,0.0002806784970146373,0.004163540583103895,0.06748161892158099,0.05925925925925901
state:a77e610a2a679de32a5a402c,vizwiz,Qwen/Qwen3-VL-8B-Instruct,3,6.0,0.002582451554300123,0.03735439158562156,0.13491219300824295,0.15111111111111097
state:0224490880ea248b8f1d956c,vizwiz,Qwen/Qwen3-VL-8B-Instruct,3,6.0,4.4892720889153815e-05,0.0249980795973291,0.11278279962573541,0.26888888888888884
state:c120bf4bd5cf4fb136afd7bb,vizwiz,google/gemma-4-E4B-it,4,10.0,0.00013946293688779169,0.026901348312385397,0.07470058777535292,0.07777777777777761
state:931e269edaac4208c604508b,vizwiz,google/gemma-4-E4B-it,2,2.0,3.18961107413595e-06,0.03026682138442993,0.047876650739359886,0.0
state:0aeafd1a7c80d30701619fc9,hallusionbench,google/gemma-4-E4B-it,2,2.0,3.177741192245554e-05,0.005631381645798683,0.03163311705467058,0.16666666666666663
state:ac43fdd44285595e7d9a1bf9,pope,google/gemma-4-E4B-it,2,2.0,3.816661561295529e-05,0.002619083970785141,0.0374671262749118,0.0
state:994ee09c1c2b7151e3d6beca,vizwiz,Qwen/Qwen3-VL-8B-Instruct,3,6.0,2.9921963516656814e-05,0.01931193802091809,0.1833915640755812,0.3666666666666667
state:3871af21f5ff6c4bc5958ed8,vizwiz,Qwen/Qwen3-VL-8B-Instruct,3,6.0,6.561857671920712e-06,0.011135593056678772,0.017600345797927023,0.18666666666666665
state:9740b3757f294245a6ada16f,hallusionbench,Qwen/Qwen3-VL-8B-Instruct,3,6.0,0.0036435167370379765,0.07814122191889004,0.15323017101832104,0.18888888888888888
state:dc54e73b5ba55eb027c07626,pope,Qwen/Qwen3-VL-8B-Instruct,4,10.0,2.6603305906960647e-05,0.004460395299829533,0.11066486375896543,0.15185185185185157
state:38d00c589772955a2b736adf,pope,google/gemma-4-E4B-it,4,10.0,0.0004985278027150643,0.03611610527150333,0.0501328386410389,0.08888888888888868
state:cfc58a2a6509eb3e5d546fcd,vizwiz,google/gemma-4-E4B-it,2,2.0,2.538046860859351e-05,0.028131825965829194,0.10702568973209947,0.5
state:4a9c273df046269d44acbb55,hallusionbench,Qwen/Qwen3-VL-8B-Instruct,2,2.0,1.474073430829595e-07,0.01590365171432495,0.01798642787835765,0.0
state:0417c731356c0c26b7f6ee00,vizwiz,Qwen/Qwen3-VL-8B-Instruct,2,2.0,7.007187549336945e-05,0.007399171590805054,0.0951490243250861,0.0
state:92fdc76c5e372020519c1b89,pope,google/gemma-4-E4B-it,2,2.0,3.355978408717646e-05,0.005098190624266863,0.08288031826215052,0.0
state:98bff1d1a858d48c54c8e7c7,pope,google/gemma-4-E4B-it,3,6.0,0.0001064160541952439,0.009165600356128492,0.049744047678811014,0.08888888888888868
state:a6f7890909f8de42d883a434,vizwiz,google/gemma-4-E4B-it,3,6.0,1.0814461857705737e-06,0.03240842289394802,0.04269823597157801,0.47111111111111115
state:5f1202d56e4526e2b438a879,pope,google/gemma-4-E4B-it,3,6.0,0.0002579722437779646,0.016599092584025737,0.12971732367379077,0.20000000000000007
state:b95ff403e65d5eea1a8eed5c,vizwiz,google/gemma-4-E4B-it,4,10.0,5.722169880525246e-06,0.05735243555158376,0.09203896226530053,0.3314814814814814
state:8ce95a236fee115fdac9fde1,pope,Qwen/Qwen3-VL-8B-Instruct,3,6.0,2.1408317326998864e-05,0.004063161296976938,0.11004641093807743,0.20000000000000007
state:1da07326a15f9d0f6b62eb22,vizwiz,Qwen/Qwen3-VL-8B-Instruct,2,2.0,0.00019380274971236676,0.005398057401180267,0.030026008669382504,0.16666666666666663
state:dd45d2f57d85452178d45f35,vizwiz,google/gemma-4-E4B-it,3,6.0,0.0006350577754161015,0.009788180138760557,0.08356623361283819,0.05555555555555536
state:fde207f6d74595f78ed3b3ae,pope,google/gemma-4-E4B-it,3,6.0,9.412487895469896e-05,0.0033849218549827607,0.05338550528389298,0.08888888888888868
state:a2348bbcafe65751f6f10203,pope,google/gemma-4-E4B-it,3,6.0,0.00030200290117678267,0.02446778868842456,0.05251424052326559,0.08888888888888868
state:6c55214089db99061b6ddf29,vizwiz,google/gemma-4-E4B-it,3,6.0,5.546935060702212e-06,0.01149814989831712,0.016831937584587387,0.18666666666666665
state:429ea6d345f1e905d796b1a8,pope,google/gemma-4-E4B-it,4,10.0,1.864943286800688e-05,0.0012121380399912505,0.06068741154971087,0.08888888888888868
state:ec743934cbc51d28085a9553,hallusionbench,Qwen/Qwen3-VL-8B-Instruct,4,10.0,0.004937460931758357,0.0737370068114251,0.15747071381757752,0.033333333333333326
state:69521ccc90f440f789617b1a,pope,google/gemma-4-E4B-it,3,6.0,1.835219540347733e-05,0.004096373036089858,0.0985707422221497,0.14444444444444438
state:f0f71a33178ab6fc784c6a56,pope,Qwen/Qwen3-VL-8B-Instruct,3,6.0,0.00023039342804222858,0.017797764274291694,0.07494089516769191,0.1777777777777777
state:ea37644577472ed78a47204d,pope,Qwen/Qwen3-VL-8B-Instruct,3,6.0,1.283063364758404e-05,0.0008762106946152119,0.051271385801747074,0.0
state:7e8cb983ef9866a7741f64c5,pope,google/gemma-4-E4B-it,3,6.0,0.0003684259903867083,0.0242901014474531,0.04309401854543138,0.08888888888888868
state:b88edbb77b9b81861855d3af,pope,google/gemma-4-E4B-it,3,6.0,0.0005206073166138274,0.02444727757635216,0.0490707110968754,0.09999999999999987
state:e5d792cfb1e1028c80147e6d,vizwiz,google/gemma-4-E4B-it,2,2.0,0.0010803152678214626,0.0011474479106254876,0.049838021265478746,0.25
state:a3238aff82a3e4beca024062,vizwiz,google/gemma-4-E4B-it,3,6.0,2.1446113909578866e-05,0.07866954505960973,0.12962213780299958,0.30000000000000004
state:ee1013ff21fc31b669dd134f,vizwiz,google/gemma-4-E4B-it,4,10.0,0.034264997464430944,0.10764134196564554,0.2645622933130743,0.08888888888888857
state:3534dc28a304ccfbeedb42dc,pope,google/gemma-4-E4B-it,3,6.0,0.00034829785929475185,0.024576152933554515,0.04082658416011076,0.05555555555555536
state:7e4e4effba29ca85bd5a469a,hallusionbench,Qwen/Qwen3-VL-8B-Instruct,4,10.0,0.00020868573140346612,0.033865671064704644,0.09233725810304448,0.07777777777777772
state:9c10e9ca948b53ebe6c6fc0e,pope,google/gemma-4-E4B-it,3,6.0,0.00018402457053068362,0.0177059002081579,0.05764152496343543,0.09999999999999976
state:af950b2de5656d274d7f24a7,pope,google/gemma-4-E4B-it,4,10.0,4.7704592962898254e-05,0.013948498219251643,0.048581874152418984,0.08888888888888868
state:514b704eb59f8f9ee694bfa1,vizwiz,Qwen/Qwen3-VL-8B-Instruct,2,2.0,0.00011166651792289761,0.03114505112171173,0.035859475077376184,0.16666666666666663
state:52deb6c085b32901ed3df202,vizwiz,google/gemma-4-E4B-it,3,6.0,1.2029970837655455e-05,0.04604329696545998,0.1104495307296762,0.2666666666666667
state:1bce0f0fef3e1711223cb046,vizwiz,Qwen/Qwen3-VL-8B-Instruct,2,2.0,5.020268578568447e-06,0.007784664630889893,0.024201987610112313,0.0
state:07e4438ef68e2043faf9e29e,vizwiz,Qwen/Qwen3-VL-8B-Instruct,4,10.0,0.00035158625840553523,0.05713328287005424,0.06772055375315716,0.05925925925925901
state:cda875c44673f587a634e0dd,vizwiz,google/gemma-4-E4B-it,2,2.0,1.3844494775933948e-08,0.015232384204864502,0.016223038884252347,0.0
state:33e53e98fd4d09dce5e4d6b9,pope,google/gemma-4-E4B-it,3,6.0,0.00041646704296567595,0.025041891805206735,0.041942334336444294,0.05555555555555536
state:be59ec9afb24233e3725b144,vizwiz,Qwen/Qwen3-VL-8B-Instruct,2,2.0,1.8348512788374264e-05,0.004475712776184082,0.03371417881154842,0.0
state:6c60ab02b3f4d8c38bd59b6f,vizwiz,google/gemma-4-E4B-it,2,2.0,5.535595911922834e-06,0.05394721031188965,0.05393560354290153,0.0
state:4997adfb8f5feb5b18cead0c,vsr,google/gemma-4-E4B-it,3,6.0,0.00041996027773895015,0.02332767626891533,0.12814642846367968,0.11111111111111127
state:ac9ac92cd4b43eab8b770b84,pope,Qwen/Qwen3-VL-8B-Instruct,3,6.0,0.00016050504994444072,0.02458204929199485,0.0476500812118158,0.05555555555555547
state:df3ce52af898d771e446774f,vizwiz,google/gemma-4-E4B-it,2,2.0,6.559914836213381e-07,0.0021247565746307373,0.05531156276925461,0.5
state:f123f214f5542da4f05707a1,vizwiz,Qwen/Qwen3-VL-8B-Instruct,3,6.0,2.6772741586256315e-05,0.03955558770232731,0.04728350785682891,0.2644444444444445
state:916bfe161abb5946dc3c772c,pope,Qwen/Qwen3-VL-8B-Instruct,3,6.0,0.000340788383661716,0.03229919192381203,0.0670700398019266,0.0
state:4d35120a455862ade01965b2,vizwiz,google/gemma-4-E4B-it,4,10.0,2.6186455268873883e-07,0.02113093972206115,0.025128890923412552,0.25555555555555554
state:3f2ee89b02c7d2791ea74fba,vizwiz,google/gemma-4-E4B-it,4,10.0,0.00010865943336650012,0.017956976145505905,0.024787766273602074,0.059259259259259234
state:b8eb6b59d30e9f092405223a,vizwiz,google/gemma-4-E4B-it,3,6.0,5.041531340555251e-06,0.06302254085635972,0.11053537266512807,0.4111111111111112
state:6a01514bc9a9295986574f4e,hallusionbench,google/gemma-4-E4B-it,3,6.0,0.00015563375261273268,0.012675272999331355,0.07561443992651042,0.05555555555555547
state:f68966eea740f917469ee706,hallusionbench,Qwen/Qwen3-VL-8B-Instruct,4,10.0,0.0004183139795734746,0.022496266327798366,0.07065781910862749,0.07777777777777761
state:9904f9f4ef9d44d84a6fe6eb,pope,Qwen/Qwen3-VL-8B-Instruct,2,2.0,6.421806968808695e-06,0.0014718209858983755,0.02229205367255858,0.0
state:cd4449b9cb4d62bf4cea21d1,pope,Qwen/Qwen3-VL-8B-Instruct,2,2.0,4.767055904438268e-07,0.0004614046774804592,0.0349391153083265,0.16666666666666663
state:9771bf707862075b056b296e,vizwiz,Qwen/Qwen3-VL-8B-Instruct,3,6.0,0.002910017225176543,0.03985799093627266,0.1382613796507164,0.08888888888888868
state:77a01481b851d22c8f22f7cb,vizwiz,google/gemma-4-E4B-it,3,6.0,0.001100358726099279,0.032693389389250004,0.08927550263736389,0.15999999999999992
state:8cb76cdd273beb1fb40edba1,vizwiz,google/gemma-4-E4B-it,4,10.0,9.772347766110487e-06,0.025623029433190843,0.0893376689543234,0.1555555555555559
state:08060b138c0a2e3404468eaa,vizwiz,Qwen/Qwen3-VL-8B-Instruct,3,6.0,0.007524935402716824,0.06218790295275136,0.1867221568221416,0.11111111111111105
state:aac02ecc0e7fff6641de7aab,vizwiz,google/gemma-4-E4B-it,4,10.0,0.001434186081009256,0.025709009123966092,0.11762095505445,0.08888888888888868
state:a5b69d57c7ccc6c2bbea5e9e,pope,google/gemma-4-E4B-it,4,10.0,0.00027992978248780686,0.021611289926804604,0.07608794877174176,0.08888888888888868
state:c151079830b49d0bbe32f92e,pope,google/gemma-4-E4B-it,4,10.0,0.002713768287474495,0.029360099099576476,0.12548097654747353,0.059259259259259234
state:5fb101452469dd8c1fb83d8b,hallusionbench,google/gemma-4-E4B-it,2,2.0,4.9124839885794206e-05,0.016317881643772125,0.013097966128866033,0.16666666666666663
state:20ae78bffd176d47936206fd,pope,google/gemma-4-E4B-it,2,2.0,0.0001986756818074762,0.024516129633411765,0.0764380054616441,0.0
state:dc988da641f674bb52dddf3a,pope,Qwen/Qwen3-VL-8B-Instruct,2,2.0,0.00034035687288533193,0.04990425705909729,0.0583333008459154,0.16666666666666663
state:105c625fad4b6cc3fc92b5ac,vizwiz,Qwen/Qwen3-VL-8B-Instruct,3,6.0,3.069854542254877e-05,0.0016229594944484615,0.08557501964304329,0.30000000000000016
state:d7624ea12a0aa66b27bd61bc,pope,google/gemma-4-E4B-it,2,2.0,0.00034779412184946694,0.029235557187348604,0.04637047396568517,0.16666666666666663
state:b297b3915e7bc9a953ea3b10,hallusionbench,google/gemma-4-E4B-it,2,2.0,0.0001405996327801427,0.03178195655345917,0.06074858310641043,0.16666666666666663
state:124c86accc1271dde9ac53b5,hallusionbench,Qwen/Qwen3-VL-8B-Instruct,3,6.0,9.010787134398179e-05,0.023022271485792264,0.06246466684338387,0.09999999999999987
state:9e9f69429afc958ce57ae914,vizwiz,google/gemma-4-E4B-it,3,6.0,2.4174979234912477e-06,0.04658574528164335,0.0584510055739955,0.30000000000000004
state:a62abe29c0de63dbdc75e9c6,pope,google/gemma-4-E4B-it,4,10.0,3.0241347133470485e-05,0.0026778907421976155,0.10100559315601805,0.13703703703703696
state:0742ea126cbec69caa822ea4,vizwiz,google/gemma-4-E4B-it,2,2.0,0.0005629492806971957,0.039857550838860334,0.06740235697138408,0.0
state:d207e92f9808e86ab00ff3a1,hallusionbench,google/gemma-4-E4B-it,2,2.0,6.654019000356697e-05,0.02761368453502655,0.03281014111039919,0.16666666666666663
state:76f10da0b135b21eae938f29,pope,google/gemma-4-E4B-it,4,10.0,8.719384193775521e-05,0.017416269658133397,0.0675582890282642,0.059259259259259234
state:431ebacd4708199235df272c,pope,google/gemma-4-E4B-it,2,2.0,3.926689639468065e-05,0.0053270969074219465,0.0839212071685081,0.0
state:8b972432a44aa10229d3d7ff,vizwiz,Qwen/Qwen3-VL-8B-Instruct,4,10.0,0.00021031283544523186,0.013641213476657876,0.08690567646156296,0.07777777777777761
state:b768241145396053f591fc9f,pope,google/gemma-4-E4B-it,4,10.0,6.88037811263524e-05,0.004854278601706032,0.12659566945455727,0.16666666666666685
state:33e516dd3693af622e6fde82,hallusionbench,google/gemma-4-E4B-it,3,6.0,0.0001748332016805109,0.03522427835398253,0.07746090381578975,0.05555555555555547
state:b543fa994093d5ce5dc27b3d,pope,google/gemma-4-E4B-it,2,2.0,8.61533683769219e-05,0.015621960861608386,0.05062447204812938,0.0
state:39f19a022283035832b724b9,pope,google/gemma-4-E4B-it,2,2.0,0.00030741836629811896,0.027429848909378052,0.06477398335072909,0.0
state:a0a1c394a0d53e4a6db36377,vizwiz,Qwen/Qwen3-VL-8B-Instruct,3,6.0,4.843975723756484e-05,0.006133080809377123,0.0781354551090435,0.2666666666666667
state:6b47d2efb47e9ab2a2e1ffda,vizwiz,Qwen/Qwen3-VL-8B-Instruct,2,2.0,0.0001319069489138038,0.040394898504018784,0.04369981602483623,0.0
state:803761910f4fb4a86480e861,pope,google/gemma-4-E4B-it,4,10.0,0.00035764586566468866,0.02244984436780214,0.06488421139513202,0.08888888888888868
state:3e6936bf75d5e5a3921773c9,vizwiz,Qwen/Qwen3-VL-8B-Instruct,2,2.0,0.0002322559639509326,0.03922593221068382,0.03352843846843622,0.16666666666666663
state:1d7a2099b4207d6976ce06f6,pope,google/gemma-4-E4B-it,3,6.0,0.0001652603517426701,0.01747013711267047,0.04786620655517251,0.08888888888888868
state:6e317f19810da5f20e899968,vizwiz,Qwen/Qwen3-VL-8B-Instruct,4,10.0,2.9572144931454967e-05,0.013473314642906204,0.04304759958302462,0.17111111111111132
state:b6918e17db17b9e4b639c2eb,vizwiz,Qwen/Qwen3-VL-8B-Instruct,3,6.0,0.0027371312861042833,0.0673290491104126,0.1551686183380151,0.05555555555555536
state:f81acb22dfbd4453876a6832,pope,google/gemma-4-E4B-it,4,10.0,0.001398694830742087,0.0754150752723217,0.0745124478046831,0.05925925925925901
state:29ed7a92edde6cd2c2f4df79,hallusionbench,google/gemma-4-E4B-it,2,2.0,0.0006657594932678379,0.006556689739227295,0.1163187313130329,0.0
state:062b7ceee6d8373e0281835f,vizwiz,Qwen/Qwen3-VL-8B-Instruct,4,10.0,0.00019861605973025892,0.00977036524564027,0.10512385019460932,0.07777777777777761
state:1514a1a2c499791535930c84,hallusionbench,Qwen/Qwen3-VL-8B-Instruct,3,6.0,0.00012679176950715747,0.01651099117265808,0.047039420994920395,0.0888888888888888
state:faff9aed7cb341877a1d4749,pope,google/gemma-4-E4B-it,3,6.0,0.0005228174833909681,0.02493034101401766,0.05132847287070216,0.0
state:33b7dc3eb718b36f6da604d1,vizwiz,google/gemma-4-E4B-it,3,6.0,1.4524857739256099e-06,0.022097004784478107,0.01859614497848197,0.2666666666666667
state:05a3ed77299039d72f69f449,vizwiz,Qwen/Qwen3-VL-8B-Instruct,2,2.0,0.0019272947900725128,0.05394517374224961,0.13478099729781626,0.16666666666666663
state:5c3e935097cf6ac3721c93aa,vizwiz,google/gemma-4-E4B-it,2,2.0,3.1520600309289753e-06,0.01690906286239624,0.04081154501773583,0.5
state:24e3e33aef0cfcb4a4377441,pope,Qwen/Qwen3-VL-8B-Instruct,2,2.0,1.7948585534947458e-05,0.0072270832024514675,0.01779066956954215,0.16666666666666663
state:9f2cb5537b51ada2f7cac029,hallusionbench,google/gemma-4-E4B-it,2,2.0,0.0003390790902704049,0.027521546464413404,0.07748099553975417,0.16666666666666663
state:3e46af2de819684e9c2a06a0,vizwiz,Qwen/Qwen3-VL-8B-Instruct,4,10.0,9.690225063300713e-05,0.06192114859819413,0.10092394765246128,0.08888888888888868
state:7f81c8c195b762be7ae8dfbe,hallusionbench,Qwen/Qwen3-VL-8B-Instruct,4,10.0,0.0024904377686088223,0.060299475630745294,0.14891792925773467,0.05925925925925901
state:a382703dee066efd5c83f045,vizwiz,google/gemma-4-E4B-it,2,2.0,4.424086897324387e-06,0.012966066598892212,0.04888294688525424,0.33333333333333337
state:383a69bb4f68c3f01f8102f6,pope,google/gemma-4-E4B-it,4,10.0,0.00019979939527133735,0.007886515911668534,0.10360497169463422,0.14814814814814792
state:6b369c67d14f6eb6d444b50e,vsr,google/gemma-4-E4B-it,2,2.0,0.00013289468838299616,0.023860505287302658,0.07486831556145392,0.0
state:ecf0b228d16a68e97eca12de,pope,Qwen/Qwen3-VL-8B-Instruct,3,6.0,0.0005565723261695368,0.04580643066825966,0.08133832791428305,0.05555555555555536
state:e689d5b766dd28a529454158,hallusionbench,Qwen/Qwen3-VL-8B-Instruct,2,2.0,0.0005625403438546141,0.038164423778653145,0.0792552661847472,0.16666666666666663
state:0ff32b2044784336195c91fc,vizwiz,Qwen/Qwen3-VL-8B-Instruct,3,6.0,0.00032923060220415196,0.005288467584048478,0.11147987626956024,0.15999999999999992
state:c7a23db59cb4c51fb0db5f6c,vizwiz,google/gemma-4-E4B-it,4,10.0,8.311866963935133e-07,0.0695994034409523,0.051541383804196955,0.15555555555555567
state:b06b539c2f2a21795d3dfa02,vizwiz,Qwen/Qwen3-VL-8B-Instruct,4,10.0,0.00023120886736950906,0.015859760958701376,0.06538166174791005,0.033333333333333215
state:5c9f2ea492e69d23c19384fa,vizwiz,google/gemma-4-E4B-it,3,6.0,1.8068527827491274e-06,0.02822667360305786,0.0381827561834917,0.0
state:c47f3e56b4712133b778d13b,pope,google/gemma-4-E4B-it,3,6.0,0.0004152879882686151,0.014784620143473148,0.10041778008301852,0.15555555555555545
state:70c850cabf5f63e0ce3a162d,pope,google/gemma-4-E4B-it,3,6.0,9.009440327310048e-05,0.029231436550617218,0.032689598179388865,0.08888888888888868
state:fe5bac040dfc9c0f28001ce2,vsr,Qwen/Qwen3-VL-8B-Instruct,2,2.0,1.8990123422631306e-05,0.0030003865831531584,0.030688174649772155,0.0
state:ad4f88fdeccc44e40689e8c9,vizwiz,google/gemma-4-E4B-it,3,6.0,3.287056495500741e-05,0.06657761626411228,0.12597711645761678,0.16666666666666663
state:0b9b34c9bc84ce325615fdf3,vizwiz,google/gemma-4-E4B-it,4,10.0,7.785690657488392e-06,0.17386839151382444,0.14509419606509186,0.28518518518518543
state:9fe47fb5b039548b2bbfdb59,pope,google/gemma-4-E4B-it,4,10.0,0.00021994909742118832,0.022283397167921066,0.04098149885355853,0.033333333333333326
state:ba20f4511a3762494d942761,vizwiz,Qwen/Qwen3-VL-8B-Instruct,4,10.0,4.174441659338341e-05,0.01422475814819335,0.14036731870503258,0.34444444444444444
state:1fdd0e0daa2671b9ecc31946,pope,Qwen/Qwen3-VL-8B-Instruct,3,6.0,0.00029145904904989104,0.03376945863581366,0.12918995788513868,0.14444444444444438
state:1aac46d6aef30ff66651136c,vizwiz,google/gemma-4-E4B-it,3,6.0,4.209832570886542e-06,0.009850992096795,0.036544229977086784,0.3777777777777779
state:2a4ff4a725abec12a98b9e5a,pope,google/gemma-4-E4B-it,3,6.0,1.639034865610646e-05,0.0037180884327325547,0.09544652149071037,0.17777777777777792
state:0ff27265df63e8fb201ea315,hallusionbench,google/gemma-4-E4B-it,2,2.0,9.086275315345263e-06,0.004007324576377869,0.008398558647938516,0.0
state:73eee229c0bcf6130adec4da,hallusionbench,google/gemma-4-E4B-it,2,2.0,0.0004791241900573024,0.025703532621264458,0.12379727641787987,0.16666666666666663
state:0f23ea9c1daf6533a2ee45f4,vizwiz,Qwen/Qwen3-VL-8B-Instruct,2,2.0,1.21423071111817e-05,0.02034560963511467,0.06263658116617295,0.0
state:8d80ce05fe148d32a62df625,vizwiz,Qwen/Qwen3-VL-8B-Instruct,4,10.0,0.006138860013875323,0.04039602205157282,0.1702469071776873,0.17407407407407427
state:88507810a17e8f0f8d24bd4c,vizwiz,Qwen/Qwen3-VL-8B-Instruct,4,10.0,0.004288874416801311,0.04399300783872606,0.16788237519019616,0.18888888888888888
state:343b2e639ad43cb648711d88,pope,Qwen/Qwen3-VL-8B-Instruct,3,6.0,0.0001678747793585506,0.020623645344231677,0.06745025922634623,0.05555555555555547
state:b9a97084b6e2f10c42283eb1,pope,Qwen/Qwen3-VL-8B-Instruct,3,6.0,3.636783658435095e-05,0.0019795638509094715,0.0765151225839471,0.05555555555555547
state:d21b55b0ede1bde52d22e6a0,pope,google/gemma-4-E4B-it,2,2.0,4.0479849293810575e-05,0.00624244986101985,0.029364843067985993,0.0
state:b12f7657a4821a684309883b,vizwiz,google/gemma-4-E4B-it,3,6.0,7.747147848185403e-06,0.020440518856048584,0.04963468242733581,0.16666666666666663
state:29996003fd775d8ec4b2c16d,pope,google/gemma-4-E4B-it,3,6.0,0.00017726731268392026,0.017439461989043694,0.0570605591077236,0.08888888888888868
state:672f12784b8f919ba39d4f21,pope,google/gemma-4-E4B-it,4,10.0,0.00029570960697895165,0.018644327038200577,0.1438678762599527,0.12592592592592589
state:196be5e73b9219a1c59a0287,pope,google/gemma-4-E4B-it,3,6.0,1.6158931068002048e-05,0.0015391654386702387,0.05304727140706823,0.05555555555555536
state:878cfcc37fbf757ca5cbbab8,vizwiz,google/gemma-4-E4B-it,4,10.0,1.7222129719376597e-06,0.052857980132102966,0.048399825099377264,0.25555555555555554
state:8e27473010af1a4de6919c9a,hallusionbench,Qwen/Qwen3-VL-8B-Instruct,4,10.0,0.00016266892667776687,0.006653167195618148,0.08361353513011562,0.14814814814814792
state:3874f3fe3260bc2b07771dc0,hallusionbench,google/gemma-4-E4B-it,2,2.0,0.00013436097627882572,0.021094154100865126,0.05028969336322262,0.16666666666666663
state:4483f34058a096c547a5adf9,vizwiz,google/gemma-4-E4B-it,2,2.0,1.7192657068993515e-06,0.003799617290496826,0.06719035665008072,0.0
state:084650963ba32984ca704114,vizwiz,Qwen/Qwen3-VL-8B-Instruct,4,10.0,0.00036574500911424885,0.046987144500017175,0.12802183562109287,0.05925925925925901
state:93dea56b486a85598d147fc6,hallusionbench,Qwen/Qwen3-VL-8B-Instruct,4,10.0,0.005010792551318724,0.13291729137301442,0.19000872037292815,0.18148148148148158
state:85ea8a2ac4ef787d2f4288de,vizwiz,google/gemma-4-E4B-it,3,6.0,2.962062332163131e-05,0.01169850352582417,0.07121021810150448,0.30222222222222217
state:63927b4cc7c0348e9b0a3c77,vizwiz,google/gemma-4-E4B-it,4,10.0,7.952542977772895e-07,0.020359253883361815,0.03539534531161767,0.11851851851851869
state:959abd2e87b9e3fb6541770b,vizwiz,google/gemma-4-E4B-it,4,10.0,4.156360874183068e-05,0.11332258380949498,0.12687063024849382,0.19444444444444442
state:e5d9175a132bb3a0566d67da,vizwiz,google/gemma-4-E4B-it,4,10.0,4.062443052184265e-06,0.012136306762695347,0.02887078783857035,0.22407407407407431
state:0749dc957784536a078bc092,pope,google/gemma-4-E4B-it,3,6.0,0.00038396542416906744,0.024449346276621025,0.04130253212693745,0.08888888888888868
state:5c88ec712170fdf768ba7a84,hallusionbench,google/gemma-4-E4B-it,2,2.0,0.00043150207695011355,0.022013654932379723,0.11081227311682013,0.16666666666666663
state:006f6267add5eb43b942a2b6,hallusionbench,Qwen/Qwen3-VL-8B-Instruct,4,10.0,0.0003322995763168477,0.037862846516072746,0.15280719954149022,0.14814814814814825
state:0ab57b4afb64ffea29a01e14,pope,google/gemma-4-E4B-it,3,6.0,0.0003098941706475103,0.02442067049236761,0.0483801706574362,0.05555555555555536
state:df9ca3b6157f19dc1e5f3a04,vizwiz,Qwen/Qwen3-VL-8B-Instruct,2,2.0,0.0002629890589022694,0.014439448714256287,0.03417006182196572,0.0
state:57a7ddf722153ad478a771b0,pope,Qwen/Qwen3-VL-8B-Instruct,2,2.0,0.00010274676110059777,0.017364495433866978,0.10372163685911537,0.16666666666666663
state:e032da4a5d3e3f7eb2f7da2b,pope,Qwen/Qwen3-VL-8B-Instruct,2,2.0,2.1318275163244902e-07,0.05308049917221069,0.050003521482835316,0.5
state:4cca5a41e4a58aac7d095d73,pope,google/gemma-4-E4B-it,4,10.0,3.147235562078544e-05,0.001049122614786029,0.06929520914907404,0.07777777777777761
state:daa6a8734be1b0134277f9d3,vizwiz,google/gemma-4-E4B-it,2,2.0,2.2314992534631757e-06,0.01462438702583313,0.01161529909867312,0.33333333333333337
state:09fc181f744f90955f32e3e7,vizwiz,Qwen/Qwen3-VL-8B-Instruct,4,10.0,5.6255673731146253e-05,0.009517060071229922,0.03306759665749964,0.0
state:d7fc7ba6a71a583d834f2f17,vizwiz,google/gemma-4-E4B-it,3,6.0,1.5436505331969337e-07,0.02303868201043872,0.10829729935969717,0.3666666666666667
state:b8a42cf60a3b347fb2a814b0,vsr,Qwen/Qwen3-VL-8B-Instruct,3,6.0,0.00016372352166891646,0.036572002288368016,0.08833648869143486,0.0
state:b7323876cb2b0a672b0e4b4e,hallusionbench,Qwen/Qwen3-VL-8B-Instruct,2,2.0,0.0002707817083122087,0.06634914129972458,0.05488069666507928,0.0
state:1533454a7c9d6656947b37da,pope,Qwen/Qwen3-VL-8B-Instruct,4,10.0,0.0003455283289617896,0.02978143349289894,0.11916269023238599,0.18148148148148147
state:9f319e977dc93f83bb2c69ec,hallusionbench,google/gemma-4-E4B-it,2,2.0,0.01302885089159508,0.04717138037085533,0.20110357048989716,0.33333333333333337
state:b329240af2551f17f81edef6,pope,Qwen/Qwen3-VL-8B-Instruct,3,6.0,0.0003680532600722366,0.024768102500173778,0.04399044029897719,0.05555555555555547
state:7ddb7ee91a7b70fd940fb792,pope,google/gemma-4-E4B-it,4,10.0,0.0003054686923214,0.03125503532122821,0.0721184310680214,0.05925925925925901
state:154658334ae4b006cb9d0982,vizwiz,google/gemma-4-E4B-it,4,10.0,7.40914360944613e-07,0.002864261865615836,0.0744206591204575,0.23333333333333328
state:85de0754e017562476222241,pope,Qwen/Qwen3-VL-8B-Instruct,4,10.0,0.0004340690246502448,0.061567149162292466,0.0622129731533253,0.1518518518518518
state:a3183e0c6835e958cd399f6a,vizwiz,google/gemma-4-E4B-it,2,2.0,4.713868286015116e-07,0.005544841289520264,0.03171357522651641,0.0
state:7f9791930900504a8bab6b8f,vizwiz,Qwen/Qwen3-VL-8B-Instruct,2,2.0,0.000421909983545338,0.055298812687397,0.05216777669883225,0.16666666666666663
state:63f9f87847d1c7bbb114f5d4,pope,Qwen/Qwen3-VL-8B-Instruct,3,6.0,0.00017670228563999998,0.018967745954998665,0.06827898261204947,0.09999999999999987
state:0822b9dfa4b7cd5c1ef44fdf,pope,google/gemma-4-E4B-it,2,2.0,0.0001441733614413888,0.0060490695759654045,0.05200406140835558,0.16666666666666663
state:bd08edb6accb4682d4875370,pope,Qwen/Qwen3-VL-8B-Instruct,4,10.0,0.00032795748065018483,0.019242832697927946,0.06725919732946095,0.059259259259259234
state:0204fb52a18ac7e5332ff76d,vizwiz,google/gemma-4-E4B-it,3,6.0,1.4491289108235452e-06,0.0301981121301651,0.040208713383854726,0.2222222222222221
state:0cb00cecb087e0ebb280d7d1,hallusionbench,google/gemma-4-E4B-it,2,2.0,0.00012170278872473072,0.03980249911546707,0.04481872690971461,0.0
state:6b28436bb69ac54c8564ce2b,vizwiz,Qwen/Qwen3-VL-8B-Instruct,4,10.0,3.080881240877487e-05,0.03358375787734985,0.040895147685506256,0.059259259259259234
state:2871699cff1722848cfd9a63,pope,google/gemma-4-E4B-it,3,6.0,1.611445296737279e-05,0.0036885979481869405,0.0953114407364923,0.18888888888888877
state:bf131c25ebaeafd26583309b,pope,google/gemma-4-E4B-it,3,6.0,0.00023532798677528366,0.005043699221763139,0.0733603153428814,0.05555555555555536
state:2cf5f14cb1724081cf84f635,pope,Qwen/Qwen3-VL-8B-Instruct,2,2.0,0.00011747472689566238,0.014128618757240474,0.06803648994033501,0.33333333333333337
state:4e36e97e802bc89061a85288,vizwiz,Qwen/Qwen3-VL-8B-Instruct,2,2.0,0.00016106227394338806,0.017513707280158997,0.024649901595097442,0.16666666666666663
state:1f12f749dd6c095775db1d89,vizwiz,google/gemma-4-E4B-it,3,6.0,1.3220979728568339e-05,0.06900675286952822,0.12383277898028337,0.3555555555555555
state:d273956c7445fca9b3c70ac1,vizwiz,Qwen/Qwen3-VL-8B-Instruct,4,10.0,0.004326481613645483,0.029738770723342876,0.10047705769960047,0.09259259259259234
state:8f7dc84998e0215d7f219148,vsr,google/gemma-4-E4B-it,3,6.0,0.00102356477102589,0.023813057192859966,0.10499023153473949,0.0
state:cb86b23c23abd09703c22857,pope,Qwen/Qwen3-VL-8B-Instruct,3,6.0,0.0003911651243673748,0.02589320991602209,0.04479824570917184,0.0
state:e230957683ced2aa6b38bb0f,vizwiz,Qwen/Qwen3-VL-8B-Instruct,3,6.0,0.0004421706925325029,0.05551902121967741,0.051974392941343234,0.17777777777777792
state:1b7cbec16313e7538343a260,pope,Qwen/Qwen3-VL-8B-Instruct,3,6.0,5.3938144848919945e-05,0.004134155085517288,0.08311421413438207,0.05555555555555536
state:9a2d1bb2dcb91b4ba5f0958f,vizwiz,Qwen/Qwen3-VL-8B-Instruct,3,6.0,0.00022300229078796576,0.13112999664412603,0.12703076850249428,0.08888888888888868
state:7d875d24ffec173de8ed6489,pope,google/gemma-4-E4B-it,4,10.0,0.0006640887537275528,0.04676618723198772,0.10628742991830188,0.07777777777777761
state:48c0925a8a8016aaaebd64ab,pope,Qwen/Qwen3-VL-8B-Instruct,3,6.0,0.00020988028463590923,0.027989262921942593,0.0514617497352829,0.08888888888888868
state:7b0bc176fccb1ce3eb6ac788,pope,google/gemma-4-E4B-it,4,10.0,3.529580218671298e-05,0.0037462822627276184,0.11844852809795707,0.1814814814814818
state:9b3571c1f4f6010b173d544f,pope,Qwen/Qwen3-VL-8B-Instruct,2,2.0,0.0002970993532167513,0.021747395396232605,0.04905841069853619,0.0
state:9ffe0d71339f43fb2a1b3c95,hallusionbench,Qwen/Qwen3-VL-8B-Instruct,4,10.0,0.0005855719148694886,0.024374335203319795,0.07858259203407623,0.05925925925925901
state:c97930de52acc521ec57b7f3,vizwiz,google/gemma-4-E4B-it,3,6.0,0.004083474720021272,0.11535142588480891,0.18506818870914407,0.08888888888888868
state:df20b38e2d7313a8b570be39,vizwiz,Qwen/Qwen3-VL-8B-Instruct,2,2.0,4.343721219434602e-05,0.0018447786569595337,0.03604354671519218,0.16666666666666663
state:f88c74b3f7ee3da2f9833b6a,pope,google/gemma-4-E4B-it,2,2.0,5.2608144930413755e-05,0.005971892736852169,0.08698553988786079,0.16666666666666663
state:8601c300ae7d20b781b94a07,vsr,google/gemma-4-E4B-it,3,6.0,0.0002705023762229774,0.030708735550029426,0.05948728392247679,0.0
state:15b144ce73d7dfb101544fb2,pope,Qwen/Qwen3-VL-8B-Instruct,2,2.0,1.50347195873439e-05,0.007052612490952015,0.017944765138306513,0.0
state:d0a707dac9dfe171a2071e7a,vsr,Qwen/Qwen3-VL-8B-Instruct,3,6.0,0.00037305981314514087,0.028711297652787626,0.050320206891729224,0.05555555555555536
state:f940839ad92087339d3b8bdb,vizwiz,google/gemma-4-E4B-it,4,10.0,2.2465486260226308e-05,0.09019796192646028,0.112803898342368,0.3314814814814814
state:91e75205dc373e206162c70d,vizwiz,Qwen/Qwen3-VL-8B-Instruct,3,6.0,0.0034738809896520902,0.010969991886263908,0.11870969142685085,0.05555555555555547
state:96fc7680371994344dac0088,hallusionbench,Qwen/Qwen3-VL-8B-Instruct,4,10.0,0.000787275050155369,0.07009571358561516,0.08558808382320274,0.16666666666666685
state:79732a744e409dd12dfc3797,pope,Qwen/Qwen3-VL-8B-Instruct,4,10.0,2.131684268370239e-05,0.0017007168009877207,0.06137066927447086,0.08888888888888868
state:dc12e87cc8c3a5af2635804b,vizwiz,google/gemma-4-E4B-it,2,2.0,0.004990445377232192,0.021190842846408486,0.10602985527952538,0.0
state:0722fae0ee20482325815d06,pope,google/gemma-4-E4B-it,2,2.0,5.719821164680985e-09,0.01535843312740326,0.012744595725337956,0.33333333333333337
state:16dcebcb529d06228508378e,pope,Qwen/Qwen3-VL-8B-Instruct,2,2.0,2.733401381492042e-07,0.0343160405755043,0.04787970532287586,0.16666666666666663
state:bd560a6ffdce47c3caeca8ca,vizwiz,Qwen/Qwen3-VL-8B-Instruct,3,6.0,0.0017406917920894827,0.03185343245665232,0.10068426426164818,0.05555555555555536
state:76e4caa8e1550e11d3ad6a86,vizwiz,Qwen/Qwen3-VL-8B-Instruct,2,2.0,1.4517725904556736e-06,0.003430478274822235,0.0075665401300790735,0.0
state:0337008159634b7a6ba66944,pope,google/gemma-4-E4B-it,3,6.0,0.001839760655131491,0.07333489548828866,0.16707163569502687,0.18888888888888888
state:f1e3228e70b95816f0701b93,vizwiz,Qwen/Qwen3-VL-8B-Instruct,2,2.0,1.6496366240680865e-05,0.0013362467288970947,0.024260895915822454,0.0
state:a478d4f6b529ad7acf23323e,vizwiz,Qwen/Qwen3-VL-8B-Instruct,3,6.0,2.0377182965544203e-05,0.02097910725408129,0.040215847142479555,0.15111111111111097
state:584c44471d53c2da2794e7dd,pope,google/gemma-4-E4B-it,3,6.0,0.0004183000364928285,0.026638488003906485,0.15661886110448814,0.20000000000000007
state:04f7215166fc2b66868fe047,vizwiz,google/gemma-4-E4B-it,3,6.0,9.396754713282893e-07,0.019765878717104595,0.03763681665224782,0.11111111111111116
state:3e260205a0c658fba98ca8ae,pope,Qwen/Qwen3-VL-8B-Instruct,4,10.0,0.0001864758231944489,0.017527419645339253,0.05553255808098967,0.05925925925925901
state:4135a2a883b4575ca3560395,pope,Qwen/Qwen3-VL-8B-Instruct,3,6.0,0.000279559270384458,0.023251508905862767,0.0472264238385507,0.05555555555555536
state:53f55d5dcc838188e26f287b,hallusionbench,google/gemma-4-E4B-it,3,6.0,0.0008807403758490763,0.03557458675156037,0.0534637378566238,0.05555555555555547
state:0e5f6fcfdd0f9734a925e363,pope,google/gemma-4-E4B-it,4,10.0,0.0003653633389137282,0.02683797972276808,0.06152850348282797,0.05925925925925901
state:468bce29b0f22c944e5e6ff0,pope,google/gemma-4-E4B-it,3,6.0,0.0025607253006334862,0.03828633011532172,0.13101816795327145,0.08888888888888868
state:b915c838ae63e8680880568c,vizwiz,Qwen/Qwen3-VL-8B-Instruct,3,6.0,2.735163440921573e-05,0.023253308531517785,0.09533401501155021,0.2666666666666667
state:bce5eb2cb2b363baf890cb18,hallusionbench,Qwen/Qwen3-VL-8B-Instruct,3,6.0,0.00023046044973837505,0.0348509394356774,0.06096476480586838,0.05555555555555536
state:ee8ce1099323af9c8d13edbb,hallusionbench,google/gemma-4-E4B-it,2,2.0,0.0002522361804194292,0.03538237512111664,0.04471149477812032,0.0
state:0b061b44208e6d0468ab9176,pope,Qwen/Qwen3-VL-8B-Instruct,2,2.0,1.85893882670458e-05,0.006945792119950056,0.017727159527738668,0.0
state:0b2d01a1d6d7f14bef6215d5,pope,google/gemma-4-E4B-it,2,2.0,6.545290391610903e-05,0.00905505518312566,0.06061118001870052,0.0
state:4b861e6866fd8ce3852abe27,pope,Qwen/Qwen3-VL-8B-Instruct,4,10.0,0.00022452720549806263,0.019064255217090258,0.03860772031858757,0.07777777777777761
state:bcded49088feaa7cca45ce8a,hallusionbench,Qwen/Qwen3-VL-8B-Instruct,4,10.0,0.0038337654939443445,0.06800115871243179,0.14912603159184795,0.09259259259259234
state:86c580ce4be293ec11d77a9c,vizwiz,google/gemma-4-E4B-it,4,10.0,1.2175066876070245e-06,0.002478724718093872,0.013741109887343516,0.18888888888888888
state:7c20211880abbf48a6acadbd,hallusionbench,google/gemma-4-E4B-it,3,6.0,4.635382581531693e-05,0.019312868515650432,0.026991102118132028,0.08888888888888868
state:e02f9b3303b9e3bfeaac7626,vizwiz,Qwen/Qwen3-VL-8B-Instruct,4,10.0,0.007868107106353505,0.194715965539217,0.1894963416278925,0.1777777777777776
state:52e404722a32fd73e39def28,hallusionbench,google/gemma-4-E4B-it,2,2.0,0.00012379434120750847,0.053601980209350586,0.05350470689894136,0.0
state:a8c9cd641e8de8156eb9b35b,pope,Qwen/Qwen3-VL-8B-Instruct,2,2.0,9.803620113987377e-05,0.018186930217780173,0.054503823468230995,0.0
state:730f14d28baa500aa5f8421e,pope,google/gemma-4-E4B-it,2,2.0,3.4625112152981544e-05,0.002276371233165264,0.03782519190600433,0.0
state:d54afeb79e57c470ef936075,vizwiz,Qwen/Qwen3-VL-8B-Instruct,3,6.0,0.001791785007641964,0.07754994990924995,0.06844155962725579,0.09999999999999976
state:4abba7ef29fd3e2351f15e9f,vizwiz,google/gemma-4-E4B-it,4,10.0,0.00013218712233899898,0.02873375147581101,0.07607916731800952,0.16740740740740756
state:75e2a172cc7de80a6ffa6531,vizwiz,Qwen/Qwen3-VL-8B-Instruct,2,2.0,0.00012174153113135545,0.034621402621269226,0.020310568127014133,0.16666666666666663
state:08e332d02d7b24a98af32edd,hallusionbench,google/gemma-4-E4B-it,2,2.0,0.0026720966700525053,0.054958285167231224,0.1386890134104734,0.16666666666666663
state:ee8a53deac4f0b73707e9af5,vsr,google/gemma-4-E4B-it,3,6.0,0.0024471431111396684,0.008942451383013084,0.04939130967261543,0.0
state:71f0e75081560cf8534a3780,hallusionbench,google/gemma-4-E4B-it,2,2.0,1.6896561287043803e-05,0.012225795537233353,0.04027775445486645,0.0
state:c04f230f917a71744ddab2b2,pope,google/gemma-4-E4B-it,2,2.0,0.0002490661630103006,0.020114912185817957,0.0474569847476777,0.0
state:ec87521390f51a728dc01594,vizwiz,Qwen/Qwen3-VL-8B-Instruct,2,2.0,0.0004983419625687738,0.046836307272315025,0.0627609400970374,0.16666666666666663
state:c09dffc92b3a4bd04ca8a46b,pope,google/gemma-4-E4B-it,3,6.0,0.0014564239161527846,0.016239222436625924,0.1187085886928101,0.05555555555555536
state:f4c4be12ebda65ceb3df6485,vizwiz,Qwen/Qwen3-VL-8B-Instruct,3,6.0,0.044828141177826825,0.17308746899167696,0.17247883953652282,0.0
state:da3b2b8a19797945cf4d73d3,pope,google/gemma-4-E4B-it,4,10.0,7.2420495423046e-05,0.09762246251106263,0.2049164954499943,0.2892592592592592
state:c3794331aad26dac15647fdd,vizwiz,Qwen/Qwen3-VL-8B-Instruct,3,6.0,0.0010404117499319234,0.049802919979103744,0.1380137397658462,0.08888888888888868
state:c906974e505eb2be0974d462,vizwiz,google/gemma-4-E4B-it,3,6.0,2.2500881550618757e-07,0.0016293062104119072,0.07627362932638736,0.16666666666666663
state:170bc542f0ad6f3b98bf3cac,pope,Qwen/Qwen3-VL-8B-Instruct,2,2.0,0.0002136317950474204,0.019334815442562103,0.03621003736796833,0.0
state:e6019a4d1fbab56cdfadac79,pope,google/gemma-4-E4B-it,4,10.0,1.1505507886892886e-05,0.0010075638443231675,0.06411965025964367,0.033333333333333326
state:dcfa7fd64c32fc0bca96b511,vizwiz,google/gemma-4-E4B-it,2,2.0,3.0740296400873545e-05,0.006523072719573975,0.05311114287823929,0.0
state:59dc6304af2113d22498654f,hallusionbench,google/gemma-4-E4B-it,3,6.0,0.00028673551327762476,0.027967928831155103,0.057320015572304754,0.08888888888888868
state:78e54953810e7291ba6efc23,vizwiz,google/gemma-4-E4B-it,4,10.0,0.0003058372133624815,0.0969206929206848,0.13883513497641073,0.22629629629629633
state:193c201f9465d7574d802337,vizwiz,google/gemma-4-E4B-it,4,10.0,9.491617097779305e-06,0.01629505753517151,0.06373462995939846,0.26111111111111107
state:59948eda934848e1c52c32b1,pope,google/gemma-4-E4B-it,3,6.0,1.9164158860426832e-05,0.004021353140059432,0.09685671256522276,0.14444444444444438
state:c1be8ee8c3c98b1152679042,vizwiz,Qwen/Qwen3-VL-8B-Instruct,2,2.0,4.789762350954961e-05,0.012403115630149841,0.07093937069172797,0.0
state:e665687c7f38e088df5332b2,hallusionbench,Qwen/Qwen3-VL-8B-Instruct,2,2.0,0.00034822612175839984,0.01811185758560896,0.046794795363484354,0.0
state:1c56b3a71656bd92690653b8,hallusionbench,Qwen/Qwen3-VL-8B-Instruct,3,6.0,1.3819936082369365e-05,0.0013895514679865828,0.05254670895759055,0.08888888888888868
state:ab0f6413dd847f2896c3aa38,hallusionbench,Qwen/Qwen3-VL-8B-Instruct,4,10.0,0.0011769071450671033,0.06235499992966652,0.056113299688710545,0.05925925925925901
state:b0b8c6de88e1a5f87f6aea67,pope,Qwen/Qwen3-VL-8B-Instruct,2,2.0,8.860677177055782e-05,0.03274889290332794,0.03645083660888107,0.0
state:0db0909ecd78e5c445d5d704,vsr,Qwen/Qwen3-VL-8B-Instruct,3,6.0,0.000780632398385302,0.012084027148375753,0.09100827654615774,0.08888888888888868
state:5c1ec8eaf31735a323f52bc9,pope,Qwen/Qwen3-VL-8B-Instruct,2,2.0,1.0531705772716079e-05,0.011399068869650364,0.02278720506892017,0.16666666666666663
state:a823e17a5586aaf6eb97c5b3,pope,Qwen/Qwen3-VL-8B-Instruct,4,10.0,2.110462365514542e-05,0.021100224256515497,0.05290708511960126,0.3555555555555555
state:f239917f2cbbcb90ba7771a1,vizwiz,google/gemma-4-E4B-it,2,2.0,1.4469029508766469e-06,0.003368973731994629,0.05955135859092024,0.5
state:c844dbc1257645cf3b5fe4be,pope,Qwen/Qwen3-VL-8B-Instruct,2,2.0,1.0399717866922204e-05,0.007773649878799915,0.018855352151653657,0.0
state:bf6035e850238bf35c6b9e18,vizwiz,Qwen/Qwen3-VL-8B-Instruct,3,6.0,8.195922302169077e-05,0.06706059475739796,0.05605569197492191,0.05555555555555547
state:99526c82126b72644fca3752,pope,google/gemma-4-E4B-it,4,10.0,0.0002496309082673162,0.024149046652019023,0.03855204969188357,0.059259259259259345
state:7fdac2532f1e56be62888689,vsr,Qwen/Qwen3-VL-8B-Instruct,4,10.0,0.0019656255299221053,0.050381789742968974,0.11593064069891373,0.17777777777777792
state:0fe68de886fc05648fc7f101,hallusionbench,Qwen/Qwen3-VL-8B-Instruct,3,6.0,0.0002782982346138825,0.023169163692121703,0.04715170354594241,0.0
state:ce4215d99f483399b0583e48,pope,google/gemma-4-E4B-it,2,2.0,0.00036575175133617566,0.022591404151171446,0.04397405156026073,0.16666666666666663
state:1fdf08b2ce2dc4d531b94020,pope,Qwen/Qwen3-VL-8B-Instruct,3,6.0,1.47248770823615e-05,0.003501719484726601,0.09444420823743876,0.14444444444444438
state:1c44a6493ec725b6808e8601,vizwiz,Qwen/Qwen3-VL-8B-Instruct,3,6.0,0.0024319115114023377,0.07759334304783906,0.10440218244362946,0.18888888888888877
state:ed8da83eb9c811b8d5b5bc14,vizwiz,Qwen/Qwen3-VL-8B-Instruct,4,10.0,0.00013589340074789965,0.015120451813563696,0.09666589230989223,0.2799999999999999
state:5f67b0804a953e7cf99fbe2f,vsr,google/gemma-4-E4B-it,3,6.0,0.0005764933838507352,0.019079863249013822,0.10498297098036669,0.15555555555555545
state:c26740dacb4e83e2cf692898,pope,google/gemma-4-E4B-it,3,6.0,0.0009801545686949399,0.0816288600779242,0.06837509807554969,0.0
state:19acdfa6125febb4749afab1,vizwiz,Qwen/Qwen3-VL-8B-Instruct,3,6.0,1.3280685082818777e-05,0.004807761145962597,0.02170398465604927,0.19333333333333325
state:9c90bdbbc5dd8dbbf979de59,vizwiz,google/gemma-4-E4B-it,2,2.0,4.970342472472061e-07,0.007861882448196411,0.011484983148070142,0.33333333333333337
state:b14635eb0c46777a21fcd327,vizwiz,google/gemma-4-E4B-it,3,6.0,3.6518733182127553e-06,0.020599299006991905,0.022664984108449113,0.2944444444444444
state:9441aeef42ce30ba2c897b76,pope,google/gemma-4-E4B-it,4,10.0,0.00024252036380072295,0.014445608968380838,0.07406447468633807,0.08888888888888857
state:5651af5d15251796654b2fc0,pope,Qwen/Qwen3-VL-8B-Instruct,2,2.0,0.0003745914716289611,0.022102029994130135,0.07514807178169138,0.16666666666666663
state:4b928d496624fcbc3d6f830c,pope,google/gemma-4-E4B-it,2,2.0,0.0012795635178913178,0.07580524869263172,0.07808472180721895,0.16666666666666663
state:732e9d88402c4a6b60564e18,pope,Qwen/Qwen3-VL-8B-Instruct,2,2.0,0.0003074350241152766,0.021520857699215412,0.0403440042302158,0.16666666666666663
state:c6c6245511c8dcc39b221671,pope,google/gemma-4-E4B-it,4,10.0,2.9918037570784517e-05,0.0022432494442909956,0.06552672244394876,0.08888888888888868
state:48efbaac20b13b814675e7f8,vizwiz,Qwen/Qwen3-VL-8B-Instruct,3,6.0,0.0019261805729347567,0.055705542055269085,0.14797492529988804,0.08888888888888868
state:e5760172a4890fee95030843,pope,google/gemma-4-E4B-it,4,10.0,0.00024183828120009606,0.019805118516087534,0.0359149919494017,0.08888888888888868
state:e02705358cfe507e23e58a20,pope,Qwen/Qwen3-VL-8B-Instruct,2,2.0,4.019309933475316e-05,0.005376137560233474,0.08418310792287069,0.0
state:77e6b8b92dbbcba0eb81e3ff,pope,google/gemma-4-E4B-it,2,2.0,6.600337547073152e-05,0.00909479262190871,0.06085202371879132,0.0
state:f6c9185f9056bfb01e32fea2,vizwiz,google/gemma-4-E4B-it,4,10.0,6.09139048409952e-06,0.020504165319725893,0.0865947278635604,0.23703703703703682
state:691f2e818b9c0755594315fd,hallusionbench,Qwen/Qwen3-VL-8B-Instruct,2,2.0,0.0002389072995430566,0.020346575882285833,0.047616908995211295,0.0
state:63c04feea17f568cf9f3c7b2,pope,google/gemma-4-E4B-it,3,6.0,0.00028979964350329496,0.02364386064517829,0.04739847339014722,0.05555555555555536
state:9acd82811435be75ca9be43c,pope,Qwen/Qwen3-VL-8B-Instruct,4,10.0,0.0009313444929651237,0.03088873186497949,0.09918080197045077,0.17037037037037017
state:896032857527c910fc4bb3c6,vsr,google/gemma-4-E4B-it,3,6.0,0.0006820752362433623,0.026174911194377464,0.17164489797074295,0.2644444444444445
state:89d1ac2bee379da42b6465ae,pope,Qwen/Qwen3-VL-8B-Instruct,3,6.0,0.00019174493005793498,0.011119079465667406,0.0567597127429094,0.05555555555555536
state:b39c3cd36f9db8f4d1542522,pope,google/gemma-4-E4B-it,4,10.0,0.00027852470699626057,0.02083077938295901,0.07839946960041988,0.07777777777777761
state:0bf52465a1497ba00e34bbcd,vizwiz,Qwen/Qwen3-VL-8B-Instruct,2,2.0,0.00031036257798077615,0.009496629238128662,0.06785807087134504,0.16666666666666663
state:43dc6ff605bff3b03bdb3b4d,pope,Qwen/Qwen3-VL-8B-Instruct,4,10.0,0.00022776946348393627,0.016549778007902204,0.06035320408413464,0.08888888888888868
state:c7aa22d2f534cb2b0e7e51c7,vizwiz,Qwen/Qwen3-VL-8B-Instruct,3,6.0,0.004628019489281454,0.03161314644643831,0.1857765479958875,0.10666666666666658
state:a6b4c0ac02d02b1533524f61,vsr,Qwen/Qwen3-VL-8B-Instruct,4,10.0,0.00125128607004049,0.02752119995653629,0.06640142518356178,0.08888888888888868
state:7efe7e3a062e0aeaee058a99,vizwiz,Qwen/Qwen3-VL-8B-Instruct,4,10.0,0.0003158352420831339,0.014767212932929374,0.05030512085722047,0.08888888888888868
state:a9a8e434c07a6675b92c211b,vizwiz,Qwen/Qwen3-VL-8B-Instruct,4,10.0,6.33243609324193e-05,0.02270014375448226,0.06089562101007605,0.17333333333333345
state:3600551daf2866e95e1d8866,vizwiz,Qwen/Qwen3-VL-8B-Instruct,4,10.0,0.0006247030514076129,0.015170295303687454,0.11712695146184383,0.2585185185185185
state:8b7478f2d0aa2810c000b303,pope,Qwen/Qwen3-VL-8B-Instruct,2,2.0,1.926052739196864e-05,0.007129316218197346,0.017635214602993998,0.0
state:b869375701df8ce1b19d0381,pope,Qwen/Qwen3-VL-8B-Instruct,2,2.0,1.0844777696681345e-05,0.004404522944241762,0.009652734413824826,0.0
state:cec408d378d82de003c8ac3f,hallusionbench,Qwen/Qwen3-VL-8B-Instruct,2,2.0,0.0001734088739007462,0.02509400248527527,0.04524509412212545,0.0
state:7c4c6266ae7a4c7afe5b9f80,vizwiz,Qwen/Qwen3-VL-8B-Instruct,4,10.0,0.0038284597278025233,0.05736377835273743,0.08239868225831137,0.033333333333333215
state:44545020ee9726f0f19ec398,vizwiz,google/gemma-4-E4B-it,4,10.0,1.7833992947455863e-06,0.027708739042282084,0.03784327292753213,0.1777777777777778
state:2b2c6d7b44b2f75cdab1d177,vizwiz,Qwen/Qwen3-VL-8B-Instruct,4,10.0,9.026882983866288e-05,0.026911482214927673,0.08973152913962712,0.08888888888888857
state:a9a93d527cf9f3d9cebe2b67,vizwiz,google/gemma-4-E4B-it,4,10.0,0.0001231894062027113,0.05124632596969603,0.05221955662851471,0.14814814814814814
state:ad39a3d263691316fbe01625,vizwiz,google/gemma-4-E4B-it,2,2.0,4.50063295379012e-09,0.0038116276264190674,0.005476072597186104,0.0
state:42df5d8f0c7b210d75a9f805,pope,google/gemma-4-E4B-it,2,2.0,0.00022211577895763076,0.01932648289948702,0.046337280160024946,0.0
state:c5676219228b66d371c7e42f,pope,google/gemma-4-E4B-it,2,2.0,9.409229138061161e-05,0.0046013118699193,0.04336643173500169,0.16666666666666663
state:c839143201cc9f9529d411cc,vizwiz,Qwen/Qwen3-VL-8B-Instruct,2,2.0,0.0003952617427674894,0.04653112590312958,0.04156877633949081,0.0
state:df26ef6529654cfa1d09287e,hallusionbench,Qwen/Qwen3-VL-8B-Instruct,4,10.0,0.0001246252700510651,0.02243975758552552,0.050429374545139696,0.11111111111111094
state:6995f955840ec919ce403be9,pope,Qwen/Qwen3-VL-8B-Instruct,4,10.0,0.00025850156564161456,0.022400609338656067,0.0396608252955018,0.059259259259259234
state:93a8d30a47c48c5f4a293eeb,hallusionbench,Qwen/Qwen3-VL-8B-Instruct,4,10.0,0.0004717023721287411,0.028173983106389643,0.04659654015998372,0.1666666666666663
state:d8ff20ceb4c50f389d29abfd,vizwiz,Qwen/Qwen3-VL-8B-Instruct,4,10.0,4.0354022052226114e-05,0.010515391528606404,0.056561160277518674,0.3859259259259259
state:48c7fe86eea4ddd3ef662adb,vizwiz,google/gemma-4-E4B-it,4,10.0,0.0006303814598723715,0.05337931729853153,0.10208103507687448,0.07777777777777761
state:18960b14b33f35efa4a46ea2,vsr,Qwen/Qwen3-VL-8B-Instruct,2,2.0,0.001039735047487834,0.04804171994328499,0.1449237717143289,0.16666666666666663
state:9581e161d9411e24c02289e4,vizwiz,Qwen/Qwen3-VL-8B-Instruct,2,2.0,0.00010214096423913138,0.02485562744550407,0.04516248422868956,0.16666666666666663
state:b40f08f003842699a741784b,vizwiz,google/gemma-4-E4B-it,3,6.0,5.991843029519932e-05,0.11006100687922704,0.143196628497164,0.26222222222222225
state:d2ab66251c41e4740708e468,pope,google/gemma-4-E4B-it,3,6.0,0.0005340065522203281,0.029660491738468395,0.047299343152026135,0.08888888888888868
state:9da349277fe76bfb782d3a14,hallusionbench,Qwen/Qwen3-VL-8B-Instruct,4,10.0,0.0006839228431108783,0.03831317904405296,0.17968794123306434,0.17037037037037028
state:3865661ce69e4e4634c28fbf,pope,Qwen/Qwen3-VL-8B-Instruct,4,10.0,0.00013864606444046742,0.0031180587736889896,0.1292861011140281,0.16666666666666663
state:3b06795491b98688b4db0d12,pope,google/gemma-4-E4B-it,2,2.0,6.177782099485229e-05,0.01232427079230547,0.05074870310229789,0.16666666666666663
state:30c4d7ef6aacbad88b3fc819,pope,google/gemma-4-E4B-it,2,2.0,3.31704786961105e-05,0.005073600448668003,0.08274263686421185,0.0
state:9dd9a6768828cd6163a401fb,pope,Qwen/Qwen3-VL-8B-Instruct,2,2.0,6.726213890826034e-05,0.009132640290772542,0.060439579032954764,0.0
state:da70ae4886ccf1fa433aef9a,pope,google/gemma-4-E4B-it,4,10.0,0.0054459211118006836,0.11305081121390685,0.1747493258350334,0.06666666666666665
state:aea9eb42c58ae7d304d83f17,hallusionbench,google/gemma-4-E4B-it,3,6.0,0.000755181885437945,0.08373013396178268,0.1612897102184718,0.08888888888888868
state:70905e61a0b461b6783299b4,pope,google/gemma-4-E4B-it,4,10.0,2.1528257603793458e-05,0.0025662852171808386,0.09174370455445519,0.12222222222222234
state:397fc37f2140004d34ba23d6,vizwiz,google/gemma-4-E4B-it,4,10.0,1.5140188210669215e-05,0.07457282945513724,0.12205563741730172,0.18518518518518534
state:9a3ce69bfd73ba3a15cf5054,pope,Qwen/Qwen3-VL-8B-Instruct,3,6.0,0.00024354567258518824,0.016760249137102317,0.14888525541017816,0.15555555555555545
state:1f6cc1cf987a3c2b765593fa,vizwiz,Qwen/Qwen3-VL-8B-Instruct,3,6.0,8.89549285502355e-06,0.002902297923962275,0.035977899909697394,0.2666666666666667
state:9e976f11d5c22636252f74b8,pope,Qwen/Qwen3-VL-8B-Instruct,2,2.0,1.2024034898355322e-05,0.004439996555447578,0.009785810619232343,0.0
state:15f63782249d9a9c1b438f12,vizwiz,google/gemma-4-E4B-it,3,6.0,3.435582463683567e-05,0.01642414596345691,0.014249977858547822,0.09999999999999976
state:9f5a5d8b01e6a915d3404a92,vizwiz,google/gemma-4-E4B-it,2,2.0,1.3782156440211687e-05,0.019246339797973633,0.013268650646265236,0.16666666666666663
state:60c8cb54d371736e0f1c1d86,hallusionbench,Qwen/Qwen3-VL-8B-Instruct,2,2.0,8.407212387776897e-06,0.0024522258900105953,0.06821411628668002,0.16666666666666663
state:3c2397731e652e12afc3ea04,hallusionbench,google/gemma-4-E4B-it,4,10.0,0.0037072846393106304,0.023188568325713272,0.06650687227608042,0.14814814814814825
state:c97a6b167777273c47232fc9,pope,Qwen/Qwen3-VL-8B-Instruct,3,6.0,8.123694129122648e-05,0.020002544857561578,0.04931632184198763,0.08888888888888868
state:dafedfa22174b86cee31a02a,hallusionbench,google/gemma-4-E4B-it,2,2.0,2.1201109243475927e-06,0.005508989095687866,0.021691142143535982,0.33333333333333337
state:820e2058045be347ee409593,pope,google/gemma-4-E4B-it,2,2.0,3.757043437493522e-05,0.005271292990073562,0.08367435842173265,0.16666666666666663
state:14006eb340e3c2816c708a1d,hallusionbench,Qwen/Qwen3-VL-8B-Instruct,4,10.0,0.002655399201007296,0.06138399869203566,0.1460774207294421,0.11851851851851869
state:5599b676ab023190784300dc,vizwiz,google/gemma-4-E4B-it,2,2.0,2.4903223785642275e-07,0.003679797053337097,0.010008741596146497,0.5
state:56b696d6f2437b0b8a9f9ce5,pope,google/gemma-4-E4B-it,3,6.0,8.455132167076211e-05,0.00362275530480675,0.05854804325613124,0.09999999999999976
state:70de2067cef060d6c188a786,pope,Qwen/Qwen3-VL-8B-Instruct,3,6.0,0.0004056824953433677,0.026346643972727974,0.043891328257891,0.0888888888888888
state:3bd1f34908836f8cd773cb93,vizwiz,google/gemma-4-E4B-it,3,6.0,5.757623730128416e-07,0.0019960602124532065,0.06829065981261753,0.3777777777777779
state:b8183c90339388c0a71dce45,vizwiz,Qwen/Qwen3-VL-8B-Instruct,2,2.0,7.613626577309983e-06,0.03201928734779358,0.039608846665667045,0.0
state:4b25fb9c144b2cbe37ad8a0b,pope,Qwen/Qwen3-VL-8B-Instruct,4,10.0,0.00026201232034584284,0.018617197237908847,0.06337793808138592,0.05925925925925901
state:98abd1c8f98a1a981d173d41,vizwiz,google/gemma-4-E4B-it,4,10.0,4.61169810878513e-06,0.031071885973215096,0.06850623946147627,0.2851851851851851
state:68a2d17bf01ed442dfdd198d,pope,google/gemma-4-E4B-it,2,2.0,4.748895753063469e-05,0.002778830472379923,0.03961250726089761,0.0
state:dc35dd0292881575678594d7,vizwiz,Qwen/Qwen3-VL-8B-Instruct,3,6.0,2.891270081071484e-05,0.058508048590738326,0.12095950073784476,0.4177777777777777
state:358085b3be3389c7771b6d51,hallusionbench,Qwen/Qwen3-VL-8B-Instruct,3,6.0,0.00152849148509084,0.037164609180763364,0.06955679831649621,0.18888888888888877
state:3ca1f9565dc3f869610ed5b9,vizwiz,Qwen/Qwen3-VL-8B-Instruct,2,2.0,1.8454452749724928e-07,0.0050954669713974,0.008400615302052501,0.16666666666666663
state:d6dd5a553bb83bffc87196d0,pope,google/gemma-4-E4B-it,2,2.0,0.0001263824709237684,0.014418506878428161,0.07304028989313195,0.33333333333333337
state:c33ea30500adce63700f7e56,vizwiz,Qwen/Qwen3-VL-8B-Instruct,2,2.0,2.093950887389298e-06,0.00951792299747467,0.025376970571486912,0.0
state:61e6dfb2e5132cade23dd467,pope,Qwen/Qwen3-VL-8B-Instruct,4,10.0,2.080320639734061e-05,0.0014432362047955393,0.06817084910756666,0.08888888888888868
state:79f77bdf0a89235848d6ef08,vizwiz,google/gemma-4-E4B-it,4,10.0,4.17558191952242e-06,0.05244080722332001,0.05014554170596987,0.27333333333333343
state:7ca301cfcc35051ccc3299ef,pope,google/gemma-4-E4B-it,4,10.0,0.00020438022562657758,0.01434086796361953,0.04470911993397025,0.07777777777777761
state:d2d5d9a6cec578382edd2a49,vizwiz,google/gemma-4-E4B-it,3,6.0,9.204545002944451e-08,0.0014698968993293038,0.05805306299345836,0.3666666666666667
state:82c7293a257561abf52b496d,hallusionbench,Qwen/Qwen3-VL-8B-Instruct,4,10.0,0.0005349732097829584,0.017611228227615357,0.09554439405533098,0.07777777777777761
state:1c7529af57ad6d239eb0bb8d,pope,google/gemma-4-E4B-it,3,6.0,0.00041970458363576967,0.024822501000016928,0.04194216975915126,0.05555555555555547
state:52a13291a703ece0d3a197bf,pope,google/gemma-4-E4B-it,4,10.0,0.00014404661705774176,0.013635437097400427,0.03768324056744539,0.05925925925925901
state:284b9571fa437e45f31bd6e2,pope,google/gemma-4-E4B-it,3,6.0,0.0008428457805952221,0.03831457086036808,0.20694678336859917,0.14444444444444426
state:8013ba242b6d03f97e644771,pope,google/gemma-4-E4B-it,2,2.0,0.0006520434434700331,0.051555514335632324,0.06717968471884021,0.0
state:ea61c26568d29b7bab4328d6,pope,google/gemma-4-E4B-it,3,6.0,0.00018916739692331007,0.005385609126986109,0.06909218233866071,0.0
state:c6512181a18beebda75f0d6f,hallusionbench,google/gemma-4-E4B-it,3,6.0,0.0002560823750294184,0.032986794494920306,0.07101444673731984,0.08888888888888868
state:2fb133c5692a0e5d9f1c655a,pope,Qwen/Qwen3-VL-8B-Instruct,3,6.0,3.346421953950989e-05,0.010235226971821651,0.033229700001332844,0.05555555555555547
state:d4dbc40d07ac67c3901d18b4,vizwiz,google/gemma-4-E4B-it,4,10.0,2.9480161180493136e-06,0.04428718905895949,0.0879409534783148,0.25555555555555554
state:cf02ffb021e5460d5f885263,vizwiz,Qwen/Qwen3-VL-8B-Instruct,4,10.0,0.006889009714830455,0.11764061535708607,0.18784341872257376,0.16666666666666685
state:3fe490fdf621c688f1afdb73,vizwiz,Qwen/Qwen3-VL-8B-Instruct,4,10.0,0.00012983017231063234,0.040912237018346786,0.09191823257979227,0.08888888888888868
state:ddb030bf2a016a7bdc162b89,vizwiz,Qwen/Qwen3-VL-8B-Instruct,3,6.0,1.607356433341796e-05,0.02408917082680599,0.15750613302405136,0.3666666666666667
state:cce46ca551022537765cd1d2,pope,Qwen/Qwen3-VL-8B-Instruct,4,10.0,0.00019346795237874418,0.020049196537584066,0.0373672953920355,0.0777777777777775
state:22bc83019d6822977784468f,pope,Qwen/Qwen3-VL-8B-Instruct,3,6.0,0.0003616355587693489,0.023568482293436926,0.0406768969083898,0.08888888888888868
state:4f15a2cf0a512bdba77b5dae,vizwiz,Qwen/Qwen3-VL-8B-Instruct,3,6.0,0.0024880694784581423,0.03888689022925166,0.04903052159059416,0.05555555555555536
state:fe5329214138d3d84137dfd5,vsr,Qwen/Qwen3-VL-8B-Instruct,3,6.0,3.958150749159675e-05,0.015189302360845933,0.03785285034105729,0.0
state:9c981ad2325e2af519853189,pope,Qwen/Qwen3-VL-8B-Instruct,2,2.0,0.00022845467402738415,0.019574439153075218,0.04655997484536488,0.0
state:c8f9cf02b90658a4e1cb1feb,hallusionbench,google/gemma-4-E4B-it,4,10.0,0.0015092269027058404,0.04683707302436233,0.19314987690523755,0.09259259259259267
state:a6a99bc77a00975b896f834c,pope,Qwen/Qwen3-VL-8B-Instruct,4,10.0,2.334093813466986e-05,0.0007477527717128396,0.05929104056849186,0.08888888888888868
state:5e06cd08bb9106b8e57afcf2,pope,Qwen/Qwen3-VL-8B-Instruct,3,6.0,9.825025892681365e-05,0.005166502203792334,0.08392624567237275,0.05555555555555547
state:7da52ff4fe925e2dde6986b7,pope,Qwen/Qwen3-VL-8B-Instruct,4,10.0,0.0002532470761299831,0.01589700689073652,0.06850212391903916,0.08888888888888868
state:bab5e496dd2f991da458e16a,pope,google/gemma-4-E4B-it,3,6.0,0.0007737322112285361,0.012617389052239658,0.09286670082130528,0.05555555555555536
state:e390fefe255799efc2b522fb,pope,google/gemma-4-E4B-it,3,6.0,0.00043852843941547855,0.03390254375214378,0.05138251469948438,0.08888888888888868
state:b2c20651ca186b7b08389c70,pope,google/gemma-4-E4B-it,2,2.0,6.740903071068077e-07,0.00924578309059143,0.11168871755329018,0.0
state:da69f29203faa02dc8ffe13d,pope,Qwen/Qwen3-VL-8B-Instruct,2,2.0,0.0006736543181521733,0.02310195518657565,0.12504358610780958,0.33333333333333337
state:b0dedb143cda1a4c60c9fa65,hallusionbench,Qwen/Qwen3-VL-8B-Instruct,4,10.0,0.00011293400052048909,0.04688645002432168,0.11132324970603437,0.36296296296296293
state:9c2f9f79630798bce79e118f,pope,Qwen/Qwen3-VL-8B-Instruct,3,6.0,0.00024096873437720533,0.03808081103488803,0.07486874415289255,0.05555555555555547
state:70493c7e3ef66b39c94a03cf,pope,google/gemma-4-E4B-it,2,2.0,0.00019432502977699496,0.037170783849433064,0.06021605524121916,0.16666666666666663
state:d9c0f275f49854a8887712cd,pope,google/gemma-4-E4B-it,4,10.0,0.0007926363955105197,0.014200544174527749,0.06795064950441475,0.033333333333333215
state:1cf8f4a1798982811400758e,vsr,Qwen/Qwen3-VL-8B-Instruct,3,6.0,0.0014285577901499643,0.01602881289242456,0.117870443630966,0.09999999999999976
state:cdf505025b42920cf640832c,pope,google/gemma-4-E4B-it,4,10.0,0.00022455621131548046,0.013414954906329513,0.04891030777780128,0.07777777777777761
state:121a26dc6dd90031fa11a362,hallusionbench,Qwen/Qwen3-VL-8B-Instruct,3,6.0,0.0009108468136195877,0.04687876771721574,0.05774698936620274,0.05555555555555536
state:3dfe29a1ba48b74fe0fa0e05,pope,google/gemma-4-E4B-it,2,2.0,4.067500865555899e-06,0.0012488649226725101,0.019538861617335028,0.16666666666666663
state:05587765f03c5b5128cc8270,vizwiz,google/gemma-4-E4B-it,3,6.0,3.659702444406702e-06,0.061110472513569714,0.06226564370772158,0.3777777777777779
state:aa43bf24e8dfbd6cf351bd70,pope,Qwen/Qwen3-VL-8B-Instruct,4,10.0,0.00024452387102981134,0.023598639620468022,0.04201896101068206,0.059259259259259234
state:e63691f60a6c5360bc45b754,vizwiz,Qwen/Qwen3-VL-8B-Instruct,4,10.0,0.00014935248801205896,0.10450583100318911,0.2592606978420293,0.36185185185185176
state:9a1f1955b648df16cb203906,pope,Qwen/Qwen3-VL-8B-Instruct,4,10.0,0.0003516579141644302,0.021194040500558915,0.07597543814917013,0.0777777777777775
state:270e873e0d5b93a0d68d2217,pope,google/gemma-4-E4B-it,4,10.0,0.00020971384452770034,0.01540583977475762,0.04938508747167069,0.09259259259259234
state:f9b71c05bcd083e1961bd868,pope,Qwen/Qwen3-VL-8B-Instruct,4,10.0,3.352084107165307e-05,0.0028716874402016446,0.10755348558619321,0.14814814814814814
state:b78f917b4860392e258a53c7,vizwiz,Qwen/Qwen3-VL-8B-Instruct,3,6.0,1.7768245898171115e-05,0.028575899700323742,0.04543293535951197,0.08888888888888868
state:63ebce9c00c92d0f0dc06bf2,pope,Qwen/Qwen3-VL-8B-Instruct,4,10.0,0.0007479547497682945,0.034082506247796115,0.1665705863360445,0.12222222222222201
state:51564f91b672cdc15c8e01f1,pope,Qwen/Qwen3-VL-8B-Instruct,4,10.0,0.0001771173841046754,0.013487019184976828,0.04756225667185053,0.08888888888888868
state:7a99e0269ed4d3e215370adf,pope,Qwen/Qwen3-VL-8B-Instruct,3,6.0,0.000366712005311612,0.02770749564903478,0.04206101935252939,0.0
state:a472f1cb4b52260734c7dc5d,pope,Qwen/Qwen3-VL-8B-Instruct,4,10.0,0.0019309704695248987,0.03977602198719974,0.1538948645002795,0.2666666666666665
state:6bbc31a1b38a24a988173dcd,hallusionbench,Qwen/Qwen3-VL-8B-Instruct,3,6.0,0.0003337810940267991,0.023008049802026812,0.04013161285610394,0.08888888888888868
state:e7be6cb0866a10b052f8ca26,vizwiz,Qwen/Qwen3-VL-8B-Instruct,3,6.0,1.4403800164605204e-05,0.01470257838567098,0.05007747499260041,0.0
state:80ddf51cd56f5cf6b4b1f602,pope,google/gemma-4-E4B-it,4,10.0,0.000362425420707414,0.02365959942806512,0.08218390636370672,0.08888888888888868
state:b8027fe98c7e32dda83eba55,hallusionbench,google/gemma-4-E4B-it,4,10.0,0.0001456529741329405,0.012534319749101996,0.09008762681178796,0.08888888888888868
state:7680b98f785439fe138e51bb,vizwiz,Qwen/Qwen3-VL-8B-Instruct,2,2.0,1.0898420799965072e-06,0.0046498700976371765,0.0063237215992248,0.16666666666666663
state:638f3380d0462388e8827e59,vizwiz,Qwen/Qwen3-VL-8B-Instruct,2,2.0,2.6735166909436994e-07,0.026453301310539246,0.03936451755856311,0.0
state:8aaa15e05d0c77b8cd2f8032,vizwiz,google/gemma-4-E4B-it,3,6.0,2.8689269492864642e-05,0.07005637431413762,0.12746181957726344,0.3555555555555556
state:e8a0c8b215c85e1d8212e707,vizwiz,Qwen/Qwen3-VL-8B-Instruct,2,2.0,0.0011183202521706428,0.0069596171379089355,0.08576213074407525,0.0
state:61922e3a9bb23b9c14fe82d4,vizwiz,google/gemma-4-E4B-it,3,6.0,0.0003087059340636435,0.03512260317802429,0.0725908358147679,0.05555555555555536
state:765a1725f09378b3ea299c68,vsr,google/gemma-4-E4B-it,2,2.0,0.00044116860564687524,0.01903416868299246,0.10608007447440032,0.33333333333333337
state:7663634426f367d59cf3f0cf,hallusionbench,google/gemma-4-E4B-it,3,6.0,0.00023192202479192564,0.02589582302607596,0.05955663017578618,0.05555555555555547
state:b2f95cd38226d989d721bb6a,pope,google/gemma-4-E4B-it,4,10.0,0.00028230426506438276,0.017689035311341295,0.13369657250816133,0.21666666666666679
state:2a2e7216611c3cb2f7eab350,pope,google/gemma-4-E4B-it,3,6.0,6.235547225701296e-05,0.004589927033521235,0.1259194408455039,0.08888888888888868
state:c69d8d06d70f51d196121ecf,vizwiz,google/gemma-4-E4B-it,2,2.0,1.8538627676264437e-05,0.022983595728874207,0.03135873502092815,0.19999999999999996
state:1a0950c1dfca5c3056b08351,pope,google/gemma-4-E4B-it,2,2.0,4.511036987294509e-05,0.005622413009405136,0.08540779904944283,0.0
state:3c9a4ebf7e570a6ac49b04ee,vizwiz,Qwen/Qwen3-VL-8B-Instruct,2,2.0,7.495059098970415e-07,0.03609217703342438,0.053461984757785526,0.0
state:873e44bb6f1ccea53d797df7,vizwiz,google/gemma-4-E4B-it,4,10.0,0.000332263407975144,0.09243451178073883,0.1217727571702142,0.12222222222222201
state:3af1d1dbbc6287df7d75bc61,hallusionbench,Qwen/Qwen3-VL-8B-Instruct,3,6.0,0.0006008860682168849,0.04896852684517702,0.054235352455700034,0.0
state:8e97659cdb59f8cd7931d6dd,pope,Qwen/Qwen3-VL-8B-Instruct,2,2.0,7.686586791833352e-06,0.0019133486784994602,0.02330652939590169,0.0
state:3056ce9afde11d1c5c60a0b4,pope,Qwen/Qwen3-VL-8B-Instruct,3,6.0,4.243897278649413e-05,0.010445231416573128,0.03567122173342558,0.08888888888888868
state:96b2aefe48a711d9b4edf95d,pope,Qwen/Qwen3-VL-8B-Instruct,4,10.0,0.00015437641968665887,0.0027203017659485343,0.057766691510211625,0.05925925925925901
state:b73402e73a3fe29b8f01ac58,pope,Qwen/Qwen3-VL-8B-Instruct,4,10.0,0.00047163112365561637,0.02455345458292868,0.08669563150874134,0.07777777777777772
state:cc17d477ac0ef432703398e8,vizwiz,google/gemma-4-E4B-it,2,2.0,2.4090359744968505e-07,0.01814436912536621,0.018036815548265625,0.0
state:1f318c77f874b4cc6cc5ec4c,vizwiz,Qwen/Qwen3-VL-8B-Instruct,3,6.0,8.885108111097974e-05,0.023466566461138427,0.09343716239498719,0.05555555555555547
state:7036f9cc1a84f8aa0436ac9e,pope,google/gemma-4-E4B-it,2,2.0,7.160486264141318e-05,0.013073114678263664,0.03889544262645381,0.0
state:cdb34591c2c2eaf20b259ebb,vizwiz,google/gemma-4-E4B-it,3,6.0,0.0005851327525100513,0.15500427865319785,0.1511783315906201,0.15555555555555534
state:f010c580879d01bbcc367a21,vizwiz,google/gemma-4-E4B-it,2,2.0,8.180840692309754e-08,0.05931250751018524,0.042672193558296906,0.0
state:30f341983a84e32739b22af2,hallusionbench,Qwen/Qwen3-VL-8B-Instruct,2,2.0,0.0003411724616307403,0.005640593793941662,0.04931451382333254,0.0
state:029b0176a297d99d0995a174,vizwiz,Qwen/Qwen3-VL-8B-Instruct,3,6.0,9.315959522117578e-05,0.02068104015456305,0.07572205490188513,0.15555555555555545
state:1afe2ca6a169744a2f77ecaf,vizwiz,Qwen/Qwen3-VL-8B-Instruct,3,6.0,1.7128591278911845e-05,0.009264947639571308,0.023125590372417664,0.18666666666666643
state:a751e9d883136061fd854d07,pope,Qwen/Qwen3-VL-8B-Instruct,3,6.0,7.322529574318332e-05,0.022016677591535767,0.02997788609476279,0.08888888888888868
state:b0965af7dbf0bceae7637ebc,vizwiz,google/gemma-4-E4B-it,3,6.0,0.000175357370402887,0.047178248564402246,0.03430687803905257,0.14444444444444426
state:009f5a82e5e9c9c38b70bc8f,pope,Qwen/Qwen3-VL-8B-Instruct,2,2.0,4.873079166453899e-07,0.0004555480554699898,0.03475550193478917,0.0
state:e1dbff18e6143542f894caa8,vizwiz,google/gemma-4-E4B-it,4,10.0,9.147652716830726e-06,0.04288383398205042,0.10867676192201349,0.3592592592592593
state:19f15a20c8090a8c8a019548,hallusionbench,Qwen/Qwen3-VL-8B-Instruct,4,10.0,0.0004783229600307141,0.01928089864552023,0.15152128516970867,0.13703703703703696
state:4a0cf9dbcf829c81db60c1f3,hallusionbench,Qwen/Qwen3-VL-8B-Instruct,3,6.0,0.0006765942770783906,0.15264644660055637,0.15292011059862873,0.09999999999999976
state:682a0284a4bb1dad00119508,vizwiz,google/gemma-4-E4B-it,3,6.0,0.001971822218038984,0.09115270209602185,0.13907732732272035,0.0
state:5ead8bbfbd6a787eba7b6302,pope,Qwen/Qwen3-VL-8B-Instruct,2,2.0,6.605723522539212e-05,0.009073247289052233,0.06017647993080933,0.0
state:5af55d3b663a2e3577343fbb,vizwiz,google/gemma-4-E4B-it,4,10.0,4.429262041964238e-06,0.0768473505973816,0.06026849498043171,0.1333333333333332
state:86ddda943c6110233eb3c0eb,pope,google/gemma-4-E4B-it,3,6.0,5.599581113182211e-05,0.002461110836722772,0.05037623867878363,0.08888888888888868
state:c3ebf95b0173a1ada72d9a06,vizwiz,google/gemma-4-E4B-it,2,2.0,2.502241769303645e-07,0.0039797574281692505,0.005842922938143729,0.0
state:21e1f388f31122dc31d19af2,pope,google/gemma-4-E4B-it,4,10.0,0.00022700845217920703,0.015532896928489217,0.07175544771981385,0.09259259259259256
state:168b5c64431a3ee4187ad355,vizwiz,google/gemma-4-E4B-it,3,6.0,6.297941769236707e-05,0.06358559905654855,0.10705054828441675,0.2666666666666667
state:fd65b138005284f09567f933,pope,Qwen/Qwen3-VL-8B-Instruct,4,10.0,2.2961367870103922e-05,0.0017559744603931858,0.08121011951485711,0.09259259259259234
state:955b351c20e2b3167d9fee3b,hallusionbench,Qwen/Qwen3-VL-8B-Instruct,3,6.0,0.0002411278911739846,0.0178040787189578,0.07532064192171287,0.1777777777777776
state:7c72f7bdcc2a12a309705b2d,pope,Qwen/Qwen3-VL-8B-Instruct,3,6.0,4.817227855857291e-05,0.010811924158285061,0.03659595835617016,0.08888888888888868
state:fdba2df296bee8f541809ca6,vizwiz,Qwen/Qwen3-VL-8B-Instruct,4,10.0,0.003591095363351568,0.03256519777700305,0.16971595343310306,0.13703703703703696
state:b3ee4d6b912d75239890edca,pope,Qwen/Qwen3-VL-8B-Instruct,2,2.0,9.390837362330959e-05,0.012370836571790278,0.034223750701348886,0.16666666666666663
state:9a9861fdf7a43e45f35b200e,vizwiz,Qwen/Qwen3-VL-8B-Instruct,2,2.0,1.3904662339844633e-05,0.025462061166763306,0.03713600698291915,0.16666666666666663
state:c76ba3ae41565e094baa6941,pope,google/gemma-4-E4B-it,2,2.0,0.0003174170659971653,0.02686648815870285,0.15056808096314814,0.0
state:e9d303373321f810da1acd8f,hallusionbench,google/gemma-4-E4B-it,2,2.0,0.00015043154520158285,0.04266637936234474,0.031390718030088346,0.0
state:cee011129bfb91a062e24cf6,vizwiz,google/gemma-4-E4B-it,3,6.0,1.306512024779557e-07,0.00488943192693921,0.0779405342729348,0.30000000000000004
state:e332d6bfd6b03e712caf0a74,vizwiz,google/gemma-4-E4B-it,3,6.0,0.0002979654469551268,0.014200985431671123,0.08633652246199416,0.08888888888888868
state:382a9a749bba37764355b7e3,vizwiz,Qwen/Qwen3-VL-8B-Instruct,2,2.0,1.989480583046036e-06,0.014377743005752563,0.044248732858545,0.0
state:33bcac39ff9a9f1236a15686,vizwiz,Qwen/Qwen3-VL-8B-Instruct,2,2.0,2.2604057349133406e-05,0.0018914788961410522,0.03290530688820689,0.16666666666666663
state:a55468fe618590e3cff15fd0,pope,google/gemma-4-E4B-it,3,6.0,8.310548888086937e-05,0.005017688265070319,0.08639500399529203,0.05555555555555536
state:47974113004ba662cde8eb3f,pope,google/gemma-4-E4B-it,3,6.0,1.7777000188819984e-05,0.003878020267519698,0.0961661725481299,0.14444444444444426
state:7a4a86c3f10c843ba42af4d4,pope,google/gemma-4-E4B-it,4,10.0,0.0003191670265875946,0.027316273339092735,0.04414847587128944,0.07777777777777761
state:ab3a7b3d0e157237f4b29640,pope,Qwen/Qwen3-VL-8B-Instruct,4,10.0,2.3146850368650335e-05,0.000868532806634903,0.05016530013815149,0.09259259259259234
state:7ffa728a9158174964b2679b,hallusionbench,google/gemma-4-E4B-it,3,6.0,0.0003933285640573096,0.03103616844034857,0.05908613582432614,0.05555555555555547
state:25f7b8eb2c734b94783ad48c,pope,Qwen/Qwen3-VL-8B-Instruct,4,10.0,1.830523382208702e-05,0.0015391845395788639,0.06778991335881593,0.05925925925925901
state:058c6bf8ef0d69c280f6f6b1,pope,google/gemma-4-E4B-it,2,2.0,4.329656362654235e-05,0.0055165879894047976,0.08493070425593925,0.0
state:499b2297a840a3485c802b1b,vizwiz,Qwen/Qwen3-VL-8B-Instruct,4,10.0,0.0003308229704012225,0.023855411410331716,0.06929977131563186,0.12148148148148163
state:a9642b9447ec33d9170b5365,pope,Qwen/Qwen3-VL-8B-Instruct,2,2.0,1.3261195960786749e-05,0.007593679707497358,0.018536330698299967,0.16666666666666663
state:71ad50d4c58931ae0c9fd9c9,pope,google/gemma-4-E4B-it,4,10.0,1.6310755984809297e-05,0.002657400332391262,0.0923391059530639,0.14814814814814792
state:693135363a74922002e706d5,pope,google/gemma-4-E4B-it,3,6.0,0.0003729773908111883,0.02394548283579449,0.04097649738123816,0.0
state:b91de780c666c775514966a5,vsr,Qwen/Qwen3-VL-8B-Instruct,2,2.0,0.002592171133540672,0.024597883224487305,0.13901032910667685,0.16666666666666663
state:769b3727146df85dd02fa41e,vsr,google/gemma-4-E4B-it,4,10.0,0.0066007466728053325,0.03317685643211006,0.09020923472524059,0.14814814814814792
state:b586f5a6d1fc373a07828e3d,vizwiz,google/gemma-4-E4B-it,3,6.0,1.3626053744467615e-06,0.03592423597971598,0.045504779324343755,0.30000000000000004
state:29db1703fa914d827c7e3ab4,pope,Qwen/Qwen3-VL-8B-Instruct,2,2.0,0.00012995295547614462,0.014386994022061117,0.07177648358841526,0.0
state:f809975423b36f9e44b2c795,pope,google/gemma-4-E4B-it,2,2.0,4.898357907903259e-05,0.02539803832769394,0.021295708466666095,0.16666666666666663
state:06b41b152bd75565e0771441,pope,Qwen/Qwen3-VL-8B-Instruct,2,2.0,1.1665830704115309e-05,0.004433709196746349,0.009752990125859392,0.0
state:31df5e59902605d5d3c2268f,vizwiz,google/gemma-4-E4B-it,4,10.0,1.9761518913053506e-06,0.006289967894554138,0.009705714695086763,0.039999999999999925
state:6d4f0199cab95429bcc17fb8,vizwiz,google/gemma-4-E4B-it,4,10.0,1.8785835341738104e-06,0.004908386468887338,0.08253555223825827,0.25555555555555554
state:e253228b2a892cc4cd119151,vizwiz,Qwen/Qwen3-VL-8B-Instruct,2,2.0,0.0010555711919563796,0.06876570545136929,0.09252389402489258,0.0
state:3e57b99eab384c3fb1b64372,vizwiz,google/gemma-4-E4B-it,4,10.0,2.8633295277783058e-05,0.025039186477661145,0.064726521545575,0.22592592592592609
state:d60ca381c3084037699c1ec1,vizwiz,Qwen/Qwen3-VL-8B-Instruct,2,2.0,0.00040552820008118615,0.055409714579582214,0.11960742227691118,0.16666666666666663
state:80ac9611b4dc48a71fb8f397,pope,Qwen/Qwen3-VL-8B-Instruct,4,10.0,1.7923257852047464e-05,0.002279377505183229,0.08474809398958619,0.13703703703703696
state:26d56917588a373bd49049b3,vizwiz,Qwen/Qwen3-VL-8B-Instruct,4,10.0,0.00014635687545165883,0.04103281900286675,0.04927690014969451,0.033333333333333326
state:e00438d5e1072a4b6208ed24,vizwiz,google/gemma-4-E4B-it,4,10.0,1.0834292095312862e-07,0.003012526035308838,0.0822097293077384,0.34444444444444444
state:70c1e47b9029fa657985100a,vizwiz,Qwen/Qwen3-VL-8B-Instruct,2,2.0,7.850092331335435e-05,0.02203717827796936,0.06956051236566471,0.0
state:886f3f96aad4e4b6b851d5e4,vizwiz,Qwen/Qwen3-VL-8B-Instruct,3,6.0,0.0006462514628175324,0.03311635430953982,0.1278903100152058,0.09999999999999976
state:42d5c86ff7d72ad44533fe10,vizwiz,google/gemma-4-E4B-it,3,6.0,0.000250345436899842,0.011960489882363201,0.08114798495664544,0.08888888888888868
state:8e96e3700a4d4e8511ed246d,pope,google/gemma-4-E4B-it,2,2.0,0.00014423452168426287,0.027132988194352947,0.08014261929044827,0.16666666666666663
state:a5b1d7cd5247d605e0524fcd,hallusionbench,google/gemma-4-E4B-it,2,2.0,0.011697714078123117,0.04669969528913498,0.16777237553192037,0.0
state:ed924f6e31157c6cf02d5dad,pope,Qwen/Qwen3-VL-8B-Instruct,3,6.0,0.00029183944711962296,0.008143813866708002,0.060460938796130605,0.09999999999999987
state:c4820bab242d1d62ac6b65e5,vizwiz,google/gemma-4-E4B-it,2,2.0,1.681194026072926e-05,0.09540733695030212,0.08059830190802823,0.25
state:dbd78b899ba6303f37fc4b79,pope,Qwen/Qwen3-VL-8B-Instruct,4,10.0,0.0001900090867580751,0.010730683049187065,0.06574043145736556,0.0777777777777775
state:83fa7938463abd83fc06aa33,pope,Qwen/Qwen3-VL-8B-Instruct,4,10.0,5.949864184844719e-05,0.0029889351688325407,0.0846410841116393,0.08888888888888868
state:6a364c0fc13cfaba8f0423e9,vizwiz,google/gemma-4-E4B-it,3,6.0,6.498911467128624e-06,0.03418047679588199,0.08482151134704667,0.3777777777777779
state:237c16ca23ed48f91cbb69a1,pope,google/gemma-4-E4B-it,3,6.0,0.0013937458461447203,0.015800306793405775,0.1170667484759762,0.08888888888888868
state:868ec09815acd7c133e5cbb0,vsr,Qwen/Qwen3-VL-8B-Instruct,3,6.0,1.2139139437036556e-05,0.0008415821163604656,0.0509607272903373,0.09999999999999976
state:0f2e5cec7e35d453fde70ec9,pope,google/gemma-4-E4B-it,2,2.0,0.00021225611510782916,0.02286220761743607,0.054175348003077814,0.16666666666666663
state:bb602dbb7da9c2c79546665e,vizwiz,google/gemma-4-E4B-it,2,2.0,1.0563244207468527e-06,0.016565442085266113,0.016303858158219633,0.0
state:298f30e1d8293b1d80643309,vsr,Qwen/Qwen3-VL-8B-Instruct,4,10.0,0.0016382225651279426,0.042010181732475754,0.12394044392955206,0.13703703703703718
state:ecdfd8c28006a1ad3bee9aef,vizwiz,Qwen/Qwen3-VL-8B-Instruct,4,10.0,0.00021786430013722262,0.03739054203033446,0.08319515426403738,0.15111111111111086
state:dbf4c0aa6894c690ec1215c8,vsr,Qwen/Qwen3-VL-8B-Instruct,2,2.0,0.0006386146910009149,0.01646997220814228,0.04994534197255601,0.0
state:88ebff6d6f1fb4b7d82df3c9,vizwiz,Qwen/Qwen3-VL-8B-Instruct,3,6.0,2.0691006780595057e-06,0.0055659860372543335,0.02272531310474766,0.08888888888888868
state:9ee0dd657efac3a15eef9c29,vizwiz,Qwen/Qwen3-VL-8B-Instruct,3,6.0,7.715815597810349e-05,0.0592691971299549,0.11050903160905719,0.19333333333333325
state:244be58314d88b0fc0d4f6f0,pope,google/gemma-4-E4B-it,4,10.0,0.00025643625970741554,0.015044076209887864,0.046163355513573305,0.059259259259259234
state:6f2608fa81793466cd97f9a9,pope,google/gemma-4-E4B-it,3,6.0,7.943373806705945e-05,0.0046574748897304135,0.08202968488641313,0.0
state:22fe19d587b1fd1aa2e95746,vizwiz,Qwen/Qwen3-VL-8B-Instruct,2,2.0,1.4027399371277127e-05,0.00814107060432434,0.007559032684276271,0.0
state:427b45299e48876562b8a220,hallusionbench,google/gemma-4-E4B-it,2,2.0,6.098716662563203e-06,0.002718493342399597,0.012372938171825389,0.0
state:c7c5ddfde6edc1367e307c3d,vizwiz,Qwen/Qwen3-VL-8B-Instruct,3,6.0,8.124059062478331e-06,0.01633872961004575,0.03088421215799584,0.0888888888888888
state:4f34b88de864c6a993181de7,hallusionbench,google/gemma-4-E4B-it,3,6.0,9.483839705956966e-05,0.026442934862441494,0.037362225976065276,0.05555555555555536
state:4627af3ad5345229c84f5c80,hallusionbench,google/gemma-4-E4B-it,2,2.0,2.0441114248950608e-05,0.011261343955993652,0.014416746943643982,0.0
state:5a30722ce0306ee0dd0c5d44,pope,Qwen/Qwen3-VL-8B-Instruct,2,2.0,2.6504557742050206e-05,0.016100555192679167,0.02859571777140935,0.16666666666666663
state:d60b7458f63ee0d26a467d3d,vizwiz,Qwen/Qwen3-VL-8B-Instruct,3,6.0,0.00027273344252518554,0.08586940334902869,0.06887157584145566,0.14444444444444438
state:c5506a7fdd9801ec948d2077,pope,google/gemma-4-E4B-it,3,6.0,0.000276740001644744,0.02623952045622799,0.04888918052882388,0.05555555555555547
state:1e631b704c72d321e2e21f76,pope,google/gemma-4-E4B-it,3,6.0,0.0001295605800309915,0.012870770141792795,0.0711640379356804,0.08888888888888868
state:b562c9f5bddacadda0314055,hallusionbench,google/gemma-4-E4B-it,3,6.0,0.021780090438238257,0.10924353202184041,0.19808163919714195,0.05555555555555536
state:3dd7fafa0b7d0b17c32b2457,vsr,google/gemma-4-E4B-it,3,6.0,0.0002227638676863172,0.035308276380722724,0.0668010440390634,0.08888888888888868
state:79f81305b0da31e27007e110,pope,Qwen/Qwen3-VL-8B-Instruct,4,10.0,0.00042334650178052594,0.025363563548307867,0.16900510463292076,0.16666666666666663
state:b4382c6c4b498aa5567cf7fa,vizwiz,Qwen/Qwen3-VL-8B-Instruct,4,10.0,2.346306462165637e-05,0.026512754340656104,0.1115933334561955,0.2851851851851851
state:3eacbb77595ff1aaa0a6b03d,hallusionbench,Qwen/Qwen3-VL-8B-Instruct,4,10.0,0.0005533401260163047,0.028992343684658417,0.15135648640921254,0.1777777777777778
state:799cc9b0f9ae5bb382edb655,hallusionbench,Qwen/Qwen3-VL-8B-Instruct,3,6.0,9.65063504258342e-05,0.01452080967525641,0.06372484761395059,0.09999999999999976
state:192f4922527284393f21aff3,pope,google/gemma-4-E4B-it,3,6.0,0.001193287296857825,0.015384115899602572,0.14055395984189606,0.16000000000000003
state:231e31955c1ade4695edc276,pope,Qwen/Qwen3-VL-8B-Instruct,4,10.0,2.06068548843322e-05,0.0028545426670461894,0.1078990827157196,0.1222222222222219
state:2eeb13ae215c7b52ee09fd02,hallusionbench,Qwen/Qwen3-VL-8B-Instruct,4,10.0,0.00041227332743339567,0.04040554106235504,0.03683869099264393,0.059259259259259234
state:e3a436f9b507f3825f3079de,pope,Qwen/Qwen3-VL-8B-Instruct,2,2.0,1.926741633320061e-05,0.007128993980586529,0.01763339285370931,0.16666666666666663
state:df1f9e2f990480336397393b,hallusionbench,google/gemma-4-E4B-it,3,6.0,0.0007368264695209601,0.07165159864558113,0.10527931924291359,0.09999999999999987
state:dfdd0490dc7853147a808c5a,vizwiz,google/gemma-4-E4B-it,2,2.0,6.74392882127657e-05,0.028334407950751483,0.11279704612673926,0.33333333333333337
state:090127469dacfda581a25dbf,pope,Qwen/Qwen3-VL-8B-Instruct,3,6.0,0.0018030579576548257,0.07954619897322522,0.18489636772616153,0.1777777777777777
state:6e2d8f55dd06a2e7032db54e,pope,Qwen/Qwen3-VL-8B-Instruct,2,2.0,6.281235488447281e-06,0.005802112384117208,0.031917364795392866,0.0
state:a3ff4e9956dcd11b23ba00f4,vizwiz,google/gemma-4-E4B-it,4,10.0,1.9282202313539923e-05,0.021289840936660753,0.04143794856154292,0.21666666666666667
state:ee144b0b176674095d8ede0f,pope,Qwen/Qwen3-VL-8B-Instruct,4,10.0,5.400460890887563e-05,0.0032709597423672674,0.08089289417228283,0.059259259259259234
state:9237f3d3a6dcac870bfa4613,vizwiz,Qwen/Qwen3-VL-8B-Instruct,3,6.0,2.416943204546319e-05,0.01541001598040262,0.03442406430097682,0.2766666666666667
state:a47b89adfdee6151bfd0bda1,hallusionbench,google/gemma-4-E4B-it,2,2.0,2.546423587667827e-05,0.011337243020534515,0.011483102587564369,0.0
state:75250ca9db54fee5ccd40216,pope,google/gemma-4-E4B-it,2,2.0,3.979415648079564e-05,0.03191414475440979,0.03364896624217774,0.19999999999999996
state:db687a1b0d62cdced6194897,pope,Qwen/Qwen3-VL-8B-Instruct,2,2.0,0.0003131774596304845,0.03157471492886543,0.0452866729025794,0.0
state:743357eac057f1ec77277bb9,pope,Qwen/Qwen3-VL-8B-Instruct,2,2.0,8.0070142090369e-05,0.0026864792307605967,0.049567104762069165,0.16666666666666663
state:34de92b015d98712e8389e66,pope,Qwen/Qwen3-VL-8B-Instruct,3,6.0,0.00018510445712218964,0.020609380780822705,0.04981154733553707,0.05555555555555536
state:7709fea1c4fa294c52d7d45d,hallusionbench,google/gemma-4-E4B-it,4,10.0,0.03396446143737687,0.07956082209944726,0.1783514753334471,0.09259259259259234
state:3e64ac05c26e6fbc6dd7d17c,pope,google/gemma-4-E4B-it,4,10.0,0.00019811176434529073,0.016903426954522738,0.043476636743689574,0.07777777777777761
state:e46a1e17598b95f8184e809a,vizwiz,Qwen/Qwen3-VL-8B-Instruct,3,6.0,0.003394831105846969,0.039570962958451784,0.1428974098187605,0.05555555555555547
state:987e892fb52a9dbc3b7979d6,hallusionbench,Qwen/Qwen3-VL-8B-Instruct,4,10.0,0.0002582970309844798,0.015316868014633648,0.049847560371819324,0.059259259259259234
state:4a1f5af15eb014d8d7db5d44,pope,Qwen/Qwen3-VL-8B-Instruct,2,2.0,0.0002482414526606869,0.01939263939857483,0.034315637716769126,0.0
state:39e1e5620f6b55bcfbcbb1ac,pope,Qwen/Qwen3-VL-8B-Instruct,3,6.0,0.00014955199171519908,0.012469653971493244,0.027203094729790267,0.05555555555555536
state:858dd4d095b9cd90069e3ac3,vizwiz,Qwen/Qwen3-VL-8B-Instruct,4,10.0,1.4171019628570907e-07,0.003439477682113656,0.0915398620158788,0.3666666666666667
state:4d3962b70dfc032f6384913a,hallusionbench,google/gemma-4-E4B-it,4,10.0,0.01645884900704116,0.04105626717209818,0.1756943155259199,0.1599999999999997
state:d22dcf13063e169b738c95e3,vizwiz,Qwen/Qwen3-VL-8B-Instruct,3,6.0,6.528023231627e-05,0.10453849378973247,0.126016208348264,0.05555555555555547
state:759ca1176a1fac4e3e3457bf,hallusionbench,google/gemma-4-E4B-it,2,2.0,2.3864369648800136e-05,0.014237540774047375,0.026558039831322988,0.0
state:2fdb345debea2a0244cd2e21,pope,Qwen/Qwen3-VL-8B-Instruct,4,10.0,0.0002069161860744173,0.020272227423265586,0.05823586682476609,0.033333333333333326
state:1b2a854fb4783bc2e486b761,pope,Qwen/Qwen3-VL-8B-Instruct,2,2.0,0.0001761607737024778,0.030993859632872045,0.0656590853831792,0.0
state:57c17f333e74ba1f5984f97a,hallusionbench,Qwen/Qwen3-VL-8B-Instruct,2,2.0,1.9093946753085483e-05,0.012878462672233582,0.03517078507994961,0.0
state:b5094b0c0608a165ea48abad,pope,Qwen/Qwen3-VL-8B-Instruct,2,2.0,0.0001190617339004021,0.0150222759693861,0.03947830652500355,0.16666666666666663
state:39227f11399ce1cb92df6caa,vizwiz,Qwen/Qwen3-VL-8B-Instruct,2,2.0,9.373060721853794e-06,0.004697546362876892,0.011625513493497415,0.16666666666666663
state:8c14343caf0911281a2d83f2,pope,google/gemma-4-E4B-it,3,6.0,4.4695238551920925e-05,0.011055924386406938,0.03698411309826397,0.08888888888888868
state:dcb22a0cd1c08300eb93f67d,vizwiz,google/gemma-4-E4B-it,4,10.0,2.0338021605984637e-07,0.0013079071044922008,0.058247005578599256,0.23333333333333328
state:c1cd53a8fb2265b4222737cb,vizwiz,google/gemma-4-E4B-it,2,2.0,2.4974489452901808e-06,0.018659040331840515,0.019614003231723767,0.0
state:640f27899fa75022680182d5,pope,google/gemma-4-E4B-it,2,2.0,0.00023061326988184252,0.021705418825149536,0.049728303989487306,0.33333333333333337
state:2bb34bf771b10cf20e309e38,vizwiz,Qwen/Qwen3-VL-8B-Instruct,4,10.0,0.0005417177224778413,0.010321991413366049,0.11292746643184023,0.188888888888889
state:a3c13f8e9181ff9e4dc285b1,vizwiz,Qwen/Qwen3-VL-8B-Instruct,4,10.0,8.8397708429044e-05,0.07727022588253023,0.08803733699044448,0.07777777777777761
state:cdc0d5b0970201738a655630,hallusionbench,google/gemma-4-E4B-it,4,10.0,0.00039042833756294364,0.0761265015602112,0.06992182189846215,0.0777777777777775
state:a1947346351434c4e3a6d609,vizwiz,Qwen/Qwen3-VL-8B-Instruct,2,2.0,9.571301065388151e-05,0.0290326327085495,0.0831119126884194,0.0
state:2f20e6d7eae771e459086591,pope,Qwen/Qwen3-VL-8B-Instruct,3,6.0,0.00014469761422725817,0.028277694558103878,0.03761978079135846,0.08888888888888868
state:9640845670e3903364e2ed1c,vizwiz,Qwen/Qwen3-VL-8B-Instruct,3,6.0,0.00010646508229679396,0.005030028224508795,0.07085979765811681,0.0
state:eb894068cd57eca5cce6e045,pope,Qwen/Qwen3-VL-8B-Instruct,2,2.0,3.003375041386393e-05,0.004939634585753083,0.08215827351621174,0.0
state:dbc869175100f2b659283dd8,pope,Qwen/Qwen3-VL-8B-Instruct,3,6.0,0.00020409511282671708,0.020998345882010955,0.0707448456590957,0.0
state:99e5a88ad1de34f528742bf7,vizwiz,google/gemma-4-E4B-it,2,2.0,0.00012095996609098056,0.021058812737464905,0.04299576810804219,0.0
state:5aecb72bf5a325241236df78,vizwiz,google/gemma-4-E4B-it,2,2.0,1.566135515306093e-05,0.016422427142970264,0.09022212839443457,0.0
state:299cc60925bd856bbfb8e4cc,pope,google/gemma-4-E4B-it,3,6.0,0.00016502704830345782,0.01178784564965301,0.027862826344330623,0.09999999999999976
state:769a16edb6a035931354e6a6,pope,google/gemma-4-E4B-it,3,6.0,0.0014252638856130995,0.01600585350145896,0.11781687206397107,0.05555555555555547
state:29139a3f9ae29ab8eb96a99e,vizwiz,google/gemma-4-E4B-it,4,10.0,6.979083547848455e-05,0.03031358003616331,0.07488750124826556,0.24444444444444446
state:1dda86400ef7cd6029811e52,hallusionbench,Qwen/Qwen3-VL-8B-Instruct,4,10.0,0.00011881653272427773,0.005107189528644075,0.05990489603158898,0.059259259259259234
state:1e491440d56ebeae6eb2cedc,hallusionbench,google/gemma-4-E4B-it,2,2.0,0.00010640976254265945,0.015324201434850693,0.04411884890736488,0.16666666666666663
state:fb748af7141a6f91ba8a5364,vizwiz,google/gemma-4-E4B-it,2,2.0,5.024213042460135e-06,0.002996206283569336,0.04089020650401487,0.33333333333333337
state:6be58a7e30b40246dd4afbde,pope,Qwen/Qwen3-VL-8B-Instruct,4,10.0,0.0001892096707469195,0.01879238674417139,0.03537166738664547,0.0888888888888889
state:f9d6cf2517911cec4c60f58c,pope,google/gemma-4-E4B-it,4,10.0,0.00026809521335064345,0.0038194546545855705,0.06892207909060429,0.05925925925925901
state:00208bf783f1cfb3e1ccb655,vsr,Qwen/Qwen3-VL-8B-Instruct,2,2.0,3.776023847204487e-07,0.0012033730745315552,0.007127592081091105,0.16666666666666663
state:fa89462ad4c15083e1e0ac10,pope,Qwen/Qwen3-VL-8B-Instruct,3,6.0,0.00032182356314708983,0.02269306714232597,0.039875104398982994,0.08888888888888868
state:7ba83f5a8933b1f949a26ea0,vizwiz,google/gemma-4-E4B-it,4,10.0,7.749061726075354e-05,0.05837793573737145,0.09096633058023211,0.07777777777777772
state:f5de5c7cf6f0ceedee5d43df,hallusionbench,Qwen/Qwen3-VL-8B-Instruct,3,6.0,0.001563724042746958,0.02540061514203747,0.06947531587634484,0.08888888888888868
state:a8f4b3fc2b567f7f5d39a145,hallusionbench,google/gemma-4-E4B-it,4,10.0,0.0006129924464741728,0.035567817662376905,0.1750643948457555,0.14814814814814792
state:b21f1ab3910cb66109c2c201,pope,google/gemma-4-E4B-it,3,6.0,0.00016210469753250148,0.0050466930131531544,0.05485031877024129,0.08888888888888868
state:30ee30290f6b18a91ddc42b3,pope,Qwen/Qwen3-VL-8B-Instruct,4,10.0,0.00013306618050211327,0.014566561176907272,0.06670466768607414,0.05925925925925901
state:3bd815e4882bc7a90bdcd253,hallusionbench,Qwen/Qwen3-VL-8B-Instruct,4,10.0,0.0023278922084721543,0.03835805649869144,0.1297664403520637,0.08888888888888868
state:13523c27baf5ec53a9a4514d,pope,Qwen/Qwen3-VL-8B-Instruct,2,2.0,6.926974641107114e-06,0.0016076464671641588,0.022743356243545763,0.0
state:f36e1bfc60a513798274f7c6,vizwiz,google/gemma-4-E4B-it,3,6.0,2.0311157322387257e-05,0.08361680537927896,0.14573168146931076,0.2944444444444445
state:6bd2be6ca8b7e93676816579,vizwiz,Qwen/Qwen3-VL-8B-Instruct,3,6.0,0.0004460254911687798,0.029831665619793866,0.05509924257017909,0.08888888888888868
state:9e15413976639b3b62801a0a,vsr,google/gemma-4-E4B-it,4,10.0,0.0008160253700170969,0.07420925689861177,0.08099457296905188,0.05925925925925901
state:0c4647e87ca4414e1636ca49,pope,google/gemma-4-E4B-it,4,10.0,0.000764866021623976,0.06973720610141756,0.0761405308797422,0.12222222222222223
state:696f8e3a25b0127dc70f24c8,pope,google/gemma-4-E4B-it,2,2.0,3.823197242950557e-05,0.005297837080433965,0.08380466115868883,0.16666666666666663
state:1e848dfd336a58e716b6e365,vizwiz,google/gemma-4-E4B-it,2,2.0,6.407121404544777e-05,0.023941993713378906,0.027423578977376115,0.0
state:f14fe8a415bbf8e99038963f,vizwiz,Qwen/Qwen3-VL-8B-Instruct,2,2.0,6.404136677188774e-06,0.0014624625910073519,0.022272485853374727,0.0
state:21523673e9ee7f3ad6849456,pope,Qwen/Qwen3-VL-8B-Instruct,2,2.0,3.972184260447493e-05,0.015916526317596436,0.024517393498564747,0.0
state:facc4d0b913bd86fb833a9b6,pope,google/gemma-4-E4B-it,2,2.0,7.003600579796247e-05,0.009525655885227025,0.062416279316642446,0.16666666666666663
state:21a6dc7c7a0fb693b9983c33,vizwiz,Qwen/Qwen3-VL-8B-Instruct,2,2.0,1.1541774422630552e-05,0.010032400488853455,0.027023552468635456,0.0
state:c3cf92531334bf31675971f0,pope,Qwen/Qwen3-VL-8B-Instruct,4,10.0,2.4703456173939657e-05,0.0030644627660512923,0.10677239627406078,0.1518518518518519
state:03afdefe340c1135782028f6,pope,Qwen/Qwen3-VL-8B-Instruct,3,6.0,2.762310560353025e-05,0.005039400007161817,0.1031750390366075,0.11111111111111116
state:7b2e3269d5490a082a8781dc,vizwiz,google/gemma-4-E4B-it,2,2.0,8.282522788605235e-08,0.0025649666786193848,0.07764509564423497,0.5
state:9877e4f90f00785d95a61616,vizwiz,google/gemma-4-E4B-it,3,6.0,0.0003656610690741401,0.050109283662297645,0.10292230251658348,0.0888888888888888
state:cd1d233289bbe3dd9aeafd40,pope,Qwen/Qwen3-VL-8B-Instruct,4,10.0,0.00017596819873439033,0.020038374848663804,0.0379598847958906,0.07777777777777772
state:a0879f85cf82dcda91af6a7c,vizwiz,Qwen/Qwen3-VL-8B-Instruct,3,6.0,1.6456484412239135e-05,0.055518471532397785,0.046566862542394956,0.15000000000000002
state:0d4103fc1f4257b33fc468d8,hallusionbench,Qwen/Qwen3-VL-8B-Instruct,3,6.0,0.00047360735041149775,0.022231933919505942,0.09024243942634905,0.14444444444444438
state:090c92a37d027e13eeb9ce4a,pope,Qwen/Qwen3-VL-8B-Instruct,3,6.0,0.00021014707578134186,0.025680629329548954,0.05034883693632843,0.09999999999999976
state:ac10f55f98fc841c334a8443,vizwiz,Qwen/Qwen3-VL-8B-Instruct,4,10.0,7.907874117873445e-07,0.005327355861663862,0.1225542202373681,0.25555555555555554
state:7ce3ffe45811b19d32902131,vizwiz,Qwen/Qwen3-VL-8B-Instruct,3,6.0,0.00018557174838996655,0.007787521514627693,0.048701901024217426,0.08888888888888868
state:919d42cf42a33462fc2b1bf5,pope,google/gemma-4-E4B-it,3,6.0,0.001486735684600416,0.0666252145698915,0.1745335730782603,0.14444444444444426
state:9d68e93a630b07d84652f068,vizwiz,google/gemma-4-E4B-it,2,2.0,1.6384838310126872e-06,0.02169850468635559,0.018524193127123927,0.25
state:7dd96d79d4eac84b1d9e91aa,vizwiz,google/gemma-4-E4B-it,3,6.0,1.1229642028020185e-06,0.02162940634621513,0.04078921148549273,0.3555555555555556
state:932739da578b76b96ef78a8e,pope,google/gemma-4-E4B-it,4,10.0,2.483823412629575e-05,0.052097303867340086,0.05373099352412088,0.26111111111111107
state:df6bd67b3cd2d0328feead14,vizwiz,google/gemma-4-E4B-it,3,6.0,1.738989970809986e-06,0.030603014760547203,0.0280286155338954,0.2666666666666667
state:33655c27a0e61c667982120d,vizwiz,google/gemma-4-E4B-it,3,6.0,6.061214307049229e-07,0.01292396585146586,0.10542021582225404,0.4
state:c6d2d8f0d22e5152c2bd4f31,vizwiz,google/gemma-4-E4B-it,4,10.0,1.4812027424970486e-07,0.0015927815437317028,0.058059333460999764,0.23333333333333328
state:fffe694a3d96f542d13bbef1,hallusionbench,google/gemma-4-E4B-it,2,2.0,0.0003213932404015833,0.03259589150547981,0.04574214279564749,0.0
state:97bd541af7c0a941524a6f5f,pope,google/gemma-4-E4B-it,2,2.0,0.0009429814771560023,0.08123986888676882,0.08248659399026305,0.0
state:5df5d616a78a4970407ff099,hallusionbench,Qwen/Qwen3-VL-8B-Instruct,4,10.0,0.006602940515019498,0.17272769536823035,0.19242999976450925,0.06666666666666665
state:26b19e764b0a3f02308d0028,pope,Qwen/Qwen3-VL-8B-Instruct,3,6.0,0.00027040434021929975,0.022769731003791094,0.046727105206847606,0.05555555555555536
state:f5fa853881f3fc6929f16ced,vizwiz,google/gemma-4-E4B-it,3,6.0,8.879028390549413e-06,0.01953579090897824,0.10034029630537258,0.4
state:6c9c7b127713ff4e8bdb798b,pope,google/gemma-4-E4B-it,3,6.0,9.279328670878211e-05,0.003815028324930192,0.05802588237381197,0.0
state:6a6414d2c0987e7e5602d84d,vizwiz,google/gemma-4-E4B-it,4,10.0,3.5980076906825367e-07,0.054090784788131716,0.04065142743577349,0.31481481481481477
state:37ba7d13b3e7c5a5180adef2,pope,Qwen/Qwen3-VL-8B-Instruct,4,10.0,0.001117361163403162,0.05847309827804566,0.06595955847933462,0.05925925925925901
state:a005017baac1ed83dd7fbcda,vizwiz,Qwen/Qwen3-VL-8B-Instruct,4,10.0,0.0018011646107808903,0.011700959503650665,0.07572962636766212,0.033333333333333326
state:a8379c9e70ee6b84ab63f666,pope,Qwen/Qwen3-VL-8B-Instruct,4,10.0,3.0164719990117037e-05,0.0020718227978795676,0.09219007389851804,0.17037037037037028
state:5a9ea814568c523bca1868aa,vizwiz,Qwen/Qwen3-VL-8B-Instruct,3,6.0,0.0033280299912960575,0.02412376656300493,0.0751060591502287,0.08888888888888868
state:5cfe3e75cb46ded376e29e47,pope,Qwen/Qwen3-VL-8B-Instruct,2,2.0,0.00012740032906278975,0.01561477780342102,0.060097505916732095,0.0
state:45c8672aff755d02f52c79dc,hallusionbench,google/gemma-4-E4B-it,2,2.0,0.00010222979478626099,0.01289050467312336,0.03721896747633931,0.0
state:c391eb61444020b6d91a0670,vizwiz,google/gemma-4-E4B-it,2,2.0,1.5886882895791536e-07,0.013334095478057861,0.10952409703151664,0.5
state:6b97af375b56307b1bbbc1b7,vizwiz,google/gemma-4-E4B-it,4,10.0,5.489448977861475e-06,0.011744585037231437,0.10920799538868659,0.2666666666666667
state:73e89ff8e04715e952b26882,vizwiz,Qwen/Qwen3-VL-8B-Instruct,2,2.0,0.006877440157567878,0.03532624989748001,0.18314692551243647,0.16666666666666663
state:4af8f8e5fceb8d5335617230,hallusionbench,google/gemma-4-E4B-it,4,10.0,0.000316189798539652,0.025369754284620287,0.15124896712200694,0.15555555555555556
state:159c8d4ce323e637cf544d4e,pope,google/gemma-4-E4B-it,3,6.0,0.0006734291852638308,0.05090852412912581,0.049115526129635344,0.0888888888888888
state:828d3fe38e72f20cc41f0b72,vizwiz,google/gemma-4-E4B-it,4,10.0,7.58128373290019e-08,0.000951421260833718,0.04482596900807291,0.23333333333333328
state:06ca3c9d59f3596e745dbe7a,pope,google/gemma-4-E4B-it,3,6.0,8.08226012443366e-05,0.0035192734406640134,0.05803005703967942,0.09999999999999976
state:9f22fb7cdb58567e0a99b226,vizwiz,google/gemma-4-E4B-it,4,10.0,2.2261545530048356e-05,0.015504127023741602,0.08267014066232593,0.27
state:c27cacf3f5c317b7a321ad3b,pope,Qwen/Qwen3-VL-8B-Instruct,4,10.0,0.0002739792831998439,0.012630238579586155,0.06791486075577413,0.07777777777777761
state:db0afd539eb6dacec739b956,vizwiz,Qwen/Qwen3-VL-8B-Instruct,2,2.0,1.798201731720571e-06,0.003268752247095108,0.007794824598674313,0.0
state:fa0f60c153344ef3af585949,vizwiz,Qwen/Qwen3-VL-8B-Instruct,3,6.0,1.9743687153399496e-05,0.008954979479312902,0.015193472194060888,0.05555555555555536
state:9d40a5f4ef6ebf5dd2e699fb,pope,google/gemma-4-E4B-it,4,10.0,1.7492629625919555e-05,0.0017395009100437165,0.0663669690048938,0.033333333333333326
state:16cf03757d1dc2bf035c680b,vizwiz,google/gemma-4-E4B-it,4,10.0,7.339497303472526e-08,0.0009508287906646595,0.04782323627207399,0.23333333333333328
state:85429a110fa781c0ef7416b8,pope,google/gemma-4-E4B-it,3,6.0,0.0004424663853680082,0.0341136469764428,0.16846896597043193,0.05555555555555547
state:9626318216a3075265dd44c4,pope,Qwen/Qwen3-VL-8B-Instruct,3,6.0,0.0010165929196464761,0.05606480211847359,0.07026416917545794,0.08888888888888868
state:ccbaa877f614a2963ca7a89c,vizwiz,Qwen/Qwen3-VL-8B-Instruct,3,6.0,0.0020949456425982753,0.013387521107991527,0.0918167175865899,0.0
state:63bf39da1c28591a9ed652fe,vizwiz,google/gemma-4-E4B-it,3,6.0,3.6909674030164014e-05,0.09178653655625464,0.1463355331271112,0.30000000000000004
state:69998825a82569aa629ea405,pope,google/gemma-4-E4B-it,2,2.0,7.153091410251958e-05,0.007618654737598263,0.025259484332947373,0.0
state:8bd395b3924894e0cc7979ff,pope,google/gemma-4-E4B-it,3,6.0,0.00045068717226592344,0.026870530797168612,0.051484617972669657,0.05555555555555536
state:684cda89c4034b99da58ccff,vsr,Qwen/Qwen3-VL-8B-Instruct,3,6.0,0.0018995776744581883,0.037649369798600674,0.07760555610787243,0.05555555555555547
state:756286239815a9aeedbacb7d,pope,google/gemma-4-E4B-it,2,2.0,0.002626928673950023,0.025006413459777832,0.13906713499357576,0.16666666666666663
state:6e020128b370501ae5d677a1,vsr,Qwen/Qwen3-VL-8B-Instruct,2,2.0,0.0002733718935776278,0.023336701560765505,0.03849391936363492,0.0
state:a3904e533d4f52024fbc8c5c,vizwiz,google/gemma-4-E4B-it,4,10.0,0.009425339040469573,0.08636397094465795,0.22429248084152234,0.14444444444444415
state:8d1f2bb0976b99666657074d,pope,Qwen/Qwen3-VL-8B-Instruct,3,6.0,0.00039416638756302377,0.030789875063217325,0.0693553372069151,0.08888888888888868
state:3940ec68400b68a7cf812f5d,vizwiz,google/gemma-4-E4B-it,3,6.0,3.43511315057137e-06,0.04738996426264441,0.03942809449837021,0.2666666666666667
state:25de199c10626ae5f6044053,pope,Qwen/Qwen3-VL-8B-Instruct,2,2.0,0.00021593182036614214,0.019380261655896902,0.03646862112115969,0.0
state:47388244f3ab3929b9cb4af2,vizwiz,Qwen/Qwen3-VL-8B-Instruct,4,10.0,6.393463352487568e-05,0.22925750734284517,0.2181210867432743,0.2222222222222222
state:dc2ac0eb2f26b32dce147908,hallusionbench,google/gemma-4-E4B-it,4,10.0,0.000482254317170132,0.031079549267888064,0.050869006162629384,0.08888888888888868
state:4d9925304c6004d0eb774421,hallusionbench,google/gemma-4-E4B-it,4,10.0,0.0003958850357419641,0.048967747893184435,0.1564907434899412,0.14814814814814814
state:4be410f1ecad1e8e560cb34f,hallusionbench,Qwen/Qwen3-VL-8B-Instruct,4,10.0,0.0002940981749633111,0.031491388604044906,0.09079600024980537,0.09259259259259234
state:ead8252c670eb7bec87710e3,pope,google/gemma-4-E4B-it,4,10.0,0.001170676875410432,0.018410566904640314,0.18385771176386226,0.0888888888888889
state:0154070b7654fb20b6d51b69,pope,Qwen/Qwen3-VL-8B-Instruct,2,2.0,0.00021978476400109654,0.01930686878040433,0.046244599698101206,0.0
state:9e5a1e3b52ef68330ad94225,hallusionbench,google/gemma-4-E4B-it,4,10.0,0.0004352788274260477,0.06685805678367615,0.08229794217743702,0.05925925925925901
state:ebe94c8b2d2ee0f8be98a8c3,pope,Qwen/Qwen3-VL-8B-Instruct,3,6.0,0.00015527080944910854,0.008483448036713526,0.06334923879671979,0.05555555555555536
state:af8b17bf5218305de89449c4,pope,google/gemma-4-E4B-it,3,6.0,2.7633352504737447e-05,0.00478121700386205,0.10032849708608052,0.09999999999999976
state:2acfdc26a18a3121bebc6107,pope,Qwen/Qwen3-VL-8B-Instruct,4,10.0,4.186451094638018e-05,0.0028829757124185563,0.0876504530666711,0.09259259259259234
state:41d77e91950b37e791dc049d,hallusionbench,Qwen/Qwen3-VL-8B-Instruct,3,6.0,0.0033938288495472695,0.10001152019119926,0.1427890822160188,0.0888888888888888
state:f8ee43c475a8e6705a582c37,vsr,Qwen/Qwen3-VL-8B-Instruct,4,10.0,0.00022798759480404502,0.023358317594975243,0.09319727734075782,0.12592592592592566
state:05984aaf9ad897e2d1ed556c,pope,Qwen/Qwen3-VL-8B-Instruct,4,10.0,6.85605002910759e-05,0.0033847058098763266,0.09361889371082756,0.059259259259259234
state:29ebf55d954a02c4d204c3fd,vizwiz,Qwen/Qwen3-VL-8B-Instruct,2,2.0,0.0011758494379650029,0.03165324032306671,0.07871685504029255,0.0
state:16729c1f61fd80434431b4f9,vizwiz,Qwen/Qwen3-VL-8B-Instruct,3,6.0,0.0016049693779954073,0.08171015977859497,0.06522901705395553,0.08888888888888868
state:f6d4417e25b387cb1b87ac5e,vizwiz,Qwen/Qwen3-VL-8B-Instruct,2,2.0,2.3925457267644802e-05,0.009848566725850105,0.07496614278893769,0.0
state:e437c5599c9105b119874dcb,vsr,Qwen/Qwen3-VL-8B-Instruct,2,2.0,0.0009462015861763806,0.06416774168610573,0.07292715665824823,0.0
state:7517fea334f2d6ce884fb8b1,hallusionbench,Qwen/Qwen3-VL-8B-Instruct,3,6.0,0.0008975710013075878,0.028394801542162895,0.09825862437353733,0.188888888888889
state:9f9a2b5dc1e4ba2ff78a0191,vizwiz,Qwen/Qwen3-VL-8B-Instruct,2,2.0,0.0009656278706472289,0.044206589460372925,0.12940542958340617,0.16666666666666663
state:6ecdfdab28da787bd1f0810f,vizwiz,Qwen/Qwen3-VL-8B-Instruct,2,2.0,3.529517436499523e-05,0.005726449366193265,0.02743518256241718,0.0
state:c21157860e581e33c3fb9e88,pope,Qwen/Qwen3-VL-8B-Instruct,3,6.0,0.0002351258786426543,0.0351098601531703,0.05640262079380134,0.05555555555555536
state:5dd89e044d98ace3c71cfbf4,vizwiz,Qwen/Qwen3-VL-8B-Instruct,4,10.0,1.625034748876686e-05,0.00912291407585144,0.03701990782054168,0.14222222222222236
state:8489dee2ff19ddb9e79bf178,vizwiz,Qwen/Qwen3-VL-8B-Instruct,2,2.0,0.00037807503167736235,0.01277073472738266,0.034065876642652385,0.33333333333333337
state:fc92fa0e4f94e76b909cd35c,vizwiz,Qwen/Qwen3-VL-8B-Instruct,3,6.0,0.00010186364219142551,0.015902133451567768,0.06108557978851918,0.0
state:1379af606e0d609b2d073e35,vsr,google/gemma-4-E4B-it,2,2.0,0.000382989169068127,0.01822066120803356,0.10816897105331591,0.16666666666666663
state:9e34eb6fe6f4a6cf3d50aa7f,vizwiz,Qwen/Qwen3-VL-8B-Instruct,2,2.0,1.2205134821459751e-05,0.004589438438415527,0.0925328797607874,0.25
state:19513653f4e37cc3c3f3a09c,vizwiz,Qwen/Qwen3-VL-8B-Instruct,3,6.0,0.0001489241931905732,0.01729777620898354,0.06665213462428796,0.08888888888888868
state:54f7d3ce0c3674bf9b94abb8,vizwiz,google/gemma-4-E4B-it,4,10.0,0.013441829428905743,0.07661512312479316,0.18486404945317408,0.1518518518518518
state:fa06b3f33f16bbe2d0f4c75f,vizwiz,Qwen/Qwen3-VL-8B-Instruct,3,6.0,0.0003971376578132391,0.023236540456612904,0.09559120394424825,0.0
state:798c70de013d8e70b838b80d,vizwiz,google/gemma-4-E4B-it,4,10.0,8.173592822433056e-06,0.02439223408699036,0.02741916463666382,0.18518518518518534
state:b074adcca470ced1aad44788,pope,Qwen/Qwen3-VL-8B-Instruct,2,2.0,0.00021231372254790128,0.01924652187153697,0.03614794250250011,0.0
state:a518eaeca6e6cb5e9047249e,vizwiz,google/gemma-4-E4B-it,2,2.0,2.171044405986009e-06,0.10091555118560791,0.07136130703415716,0.0
state:07b07a3a0272a1e12e7a82b6,vizwiz,Qwen/Qwen3-VL-8B-Instruct,3,6.0,0.00015983683537045766,0.05061148479580879,0.05173670217747505,0.0
state:71c5fe8803ec368c61a8b684,pope,google/gemma-4-E4B-it,2,2.0,6.590972674091881e-05,0.009064448066055775,0.06063107384173301,0.0
state:bc828a800337b151efe84308,pope,Qwen/Qwen3-VL-8B-Instruct,3,6.0,9.337317917895766e-05,0.022682214776674908,0.025253457901793477,0.09999999999999987
state:187856038b87eaf299952891,pope,Qwen/Qwen3-VL-8B-Instruct,2,2.0,7.819943279573666e-05,0.022155597805976868,0.021434611013047056,0.0
state:fa56bcaef8f1b7815d7f7896,vizwiz,Qwen/Qwen3-VL-8B-Instruct,2,2.0,5.4504595995989e-06,0.014017388224601746,0.008996747632090622,0.0
state:b08774d8d7e82094dd291291,pope,google/gemma-4-E4B-it,3,6.0,0.00033306913272599937,0.011485635613401731,0.14089730959685523,0.15111111111111086
state:f03fe172fe3e39beda85daf7,vizwiz,Qwen/Qwen3-VL-8B-Instruct,4,10.0,0.0002891543743607156,0.03527690581977368,0.10756436896255037,0.1518518518518518
state:4507a9eef490b856a3073aea,vizwiz,google/gemma-4-E4B-it,2,2.0,1.4528318776172858e-07,0.0007784813642501831,0.008230825474770612,0.0
state:a552c5ef576c46283a6b9c47,hallusionbench,google/gemma-4-E4B-it,2,2.0,0.0001791041088413785,0.042938098311424255,0.033251151347873896,0.0
state:c4e465050c7f4a9c642d5a89,vsr,google/gemma-4-E4B-it,4,10.0,0.006478425218019587,0.009603384937217933,0.19906219602823993,0.12740740740740775
state:e25591ca3055bf5a237bd2dd,vsr,Qwen/Qwen3-VL-8B-Instruct,3,6.0,0.010761873937673675,0.008480674647494713,0.2326691361615244,0.30000000000000004
state:74a4661755d0b12753a5241b,pope,google/gemma-4-E4B-it,3,6.0,1.2979396718671447e-05,0.0009922457005207737,0.05244993382879652,0.09999999999999976
state:db4789bb7433a528a6a5f0ee,vizwiz,Qwen/Qwen3-VL-8B-Instruct,2,2.0,0.0019318083594539845,0.12717261165380478,0.08879127700742775,0.0
state:89ba48f800d7dd516af3f7bb,vizwiz,google/gemma-4-E4B-it,3,6.0,4.6972861712465024e-07,0.008430732621086992,0.00927276906818937,0.30000000000000004
state:b37783415d42218870adc78f,vsr,google/gemma-4-E4B-it,3,6.0,0.005123402495548167,0.06572062234550283,0.18005582350500493,0.05555555555555547
state:9d916ca71a2d1b8f95d8a118,vsr,google/gemma-4-E4B-it,2,2.0,0.00019436986569156564,0.024208964430727065,0.07280847653448855,0.0
state:2b39be8b20f49907e93b31d9,pope,Qwen/Qwen3-VL-8B-Instruct,3,6.0,6.0079785648126544e-05,0.004081498288239042,0.07965872493418034,0.09999999999999976
state:b90b1aa5d10514ec18877089,vizwiz,google/gemma-4-E4B-it,3,6.0,1.5331618086678294e-07,0.0020518170462714425,0.07098658551750897,0.16666666666666663
state:c5856a36912fac0fdbb64013,pope,google/gemma-4-E4B-it,2,2.0,0.0004091734438353527,0.008504002471454442,0.08004572147700453,0.16666666666666663
state:a962bedbe49fa4a9ffdfd448,vizwiz,google/gemma-4-E4B-it,2,2.0,0.0013031865330248435,0.005775089841336012,0.07969724120417611,0.16666666666666663
state:45fa2d5c533c8da49466a3d0,pope,Qwen/Qwen3-VL-8B-Instruct,2,2.0,1.7562172627336463e-05,0.0069736214354634285,0.017783833907637433,0.0
state:635587145f1d2271dc1a996b,pope,google/gemma-4-E4B-it,3,6.0,4.498236660798393e-05,0.01099684446429213,0.036787935616295966,0.05555555555555536
state:878f872af8d9292a500c5c01,vizwiz,google/gemma-4-E4B-it,3,6.0,4.1924039549631286e-07,0.002025806241565268,0.07482971208279138,0.2666666666666667
state:de2e401920f05229c2a353f7,hallusionbench,Qwen/Qwen3-VL-8B-Instruct,2,2.0,0.00109360116305995,0.08629471808671951,0.07973654649203599,0.16666666666666663
state:1fbb252c320f66b558676296,vsr,Qwen/Qwen3-VL-8B-Instruct,4,10.0,0.0499403909734867,0.22046109076589343,0.157199826051978,0.033333333333333326
state:6a949850ed39e5d99665b4c9,pope,Qwen/Qwen3-VL-8B-Instruct,3,6.0,2.2401475713639685e-05,0.00433845523123941,0.0984935175260916,0.09999999999999987
state:32f81c0822cc3236bdf9cba9,vsr,Qwen/Qwen3-VL-8B-Instruct,3,6.0,0.00023121232518903082,0.022249170593568124,0.0780837881276006,0.05555555555555536
state:7a90cd31e259a3d449a311ce,pope,Qwen/Qwen3-VL-8B-Instruct,4,10.0,0.00038091202903009914,0.024920915178954596,0.16375277297119847,0.14814814814814792
state:872613bc66b9de5806c91e05,pope,google/gemma-4-E4B-it,4,10.0,2.3247315546547465e-05,0.002299315868876874,0.09807258667583443,0.13703703703703696
state:a1c6e83631b0294e41f6fa4f,pope,Qwen/Qwen3-VL-8B-Instruct,3,6.0,0.00034292760793099805,0.023553300752407972,0.04041717801737393,0.05555555555555536
state:6d3a541b52ab18db3d6ddb86,hallusionbench,google/gemma-4-E4B-it,4,10.0,0.00038638136128329466,0.05181666195392608,0.1070573345803956,0.05925925925925901
state:4dccb8094433791b57adbf24,pope,Qwen/Qwen3-VL-8B-Instruct,2,2.0,1.1977130534774271e-05,0.007177292834967375,0.018193149920636812,0.16666666666666663
state:cfa1f0e624b49491b9ec7b40,hallusionbench,google/gemma-4-E4B-it,3,6.0,0.00030953300327937646,0.027368169627152383,0.058637923791695336,0.05555555555555536
state:6b0addee0d2fb7e084638184,hallusionbench,Qwen/Qwen3-VL-8B-Instruct,4,10.0,0.00016076352449154394,0.006700814589858055,0.09295815141975543,0.09259259259259256
state:eab31bd545e6d62828d5bf4a,pope,Qwen/Qwen3-VL-8B-Instruct,2,2.0,6.91228582120178e-05,0.009244086628314108,0.06106122717440371,0.16666666666666663
state:34b0227ec7b9cb514fc9fc99,pope,google/gemma-4-E4B-it,4,10.0,0.00014381498020136287,0.08332504153251645,0.1931140413527012,0.28222222222222215
state:15373df8ec55d9cf7eddf02c,pope,google/gemma-4-E4B-it,3,6.0,0.00026717358537287094,0.027811776018804957,0.1025615394322613,0.08888888888888868
state:149573141ac66e30a14392f8,vizwiz,google/gemma-4-E4B-it,2,2.0,2.501428331357584e-07,0.008889615535736084,0.00795233237784271,0.0
state:5fbec5dbed0db5353f6d2246,vizwiz,Qwen/Qwen3-VL-8B-Instruct,3,6.0,0.00019356621502635888,0.04254508018493652,0.06352336648572607,0.14444444444444438
state:66783faf50ddeed0a175c0be,pope,Qwen/Qwen3-VL-8B-Instruct,3,6.0,3.349589404316807e-05,0.010286798493729696,0.033283430671958936,0.08888888888888868
state:9e5c5ee04b17fb5c7dd918b9,vizwiz,Qwen/Qwen3-VL-8B-Instruct,4,10.0,2.9736072456326173e-06,0.030669023990631095,0.05378010283737687,0.25555555555555554
state:ad77172f41c69a8d240ded79,vsr,google/gemma-4-E4B-it,4,10.0,0.00020986267507004476,0.02822322767227888,0.1274066135870292,0.12222222222222201
state:6a39582548645a884d77651e,pope,Qwen/Qwen3-VL-8B-Instruct,3,6.0,0.00043672097368759456,0.017677718586734652,0.05169407149900087,0.08888888888888868
state:7a0e03dd7e4218e5b3bfd396,vizwiz,Qwen/Qwen3-VL-8B-Instruct,2,2.0,2.6935071063073936e-06,0.0037757456302642822,0.01791075819684661,0.33333333333333337
state:6233c2465c63ce63015bbf0e,vizwiz,google/gemma-4-E4B-it,2,2.0,5.724533221339887e-05,0.003567937354091555,0.07611661672087346,0.16666666666666663
state:45e4341b91c0faeb61f4117b,pope,google/gemma-4-E4B-it,4,10.0,3.34267986815907e-05,0.0023389297816902486,0.05572869000579887,0.08888888888888857
state:4fd478bf045cd54c62ab06b4,pope,Qwen/Qwen3-VL-8B-Instruct,4,10.0,0.0003279440340382889,0.025497473615687345,0.08047431465485713,0.08888888888888868
state:2c30536d7c0b5ce824b82201,hallusionbench,Qwen/Qwen3-VL-8B-Instruct,2,2.0,0.0002750523298995958,0.0411017038859427,0.05343842693496061,0.0
state:d8d19ea7e72199d72fb91f9d,pope,google/gemma-4-E4B-it,4,10.0,0.00019624508555504883,0.018147911271080376,0.07706234425095389,0.07777777777777761
state:4fb4ca3936183e02c9b76967,pope,google/gemma-4-E4B-it,3,6.0,0.00029196525482323753,0.0482616426371452,0.0649817898679513,0.05555555555555536
state:7f7328b887c6b08803f757a2,pope,Qwen/Qwen3-VL-8B-Instruct,4,10.0,2.791759533154922e-05,0.003252510009333496,0.10380938790377309,0.15555555555555522
state:17ce123601a817b47abfaa07,vizwiz,Qwen/Qwen3-VL-8B-Instruct,4,10.0,0.00019911605742100607,0.041672347113490105,0.09222845199697127,0.059259259259259234
state:5140186dfc0509ed3a68dc9a,vizwiz,Qwen/Qwen3-VL-8B-Instruct,3,6.0,6.135350214856167e-05,0.017502289446484725,0.08502636592107281,0.05555555555555547
state:b8c6c99a61ffd91b43ab188d,vizwiz,Qwen/Qwen3-VL-8B-Instruct,4,10.0,0.00028585779924919107,0.046785143766901446,0.11681396392667262,0.07777777777777761
state:9fe97c28286910fbc9593638,vizwiz,google/gemma-4-E4B-it,3,6.0,9.33268861404325e-07,0.1350479026635488,0.12192606079723102,0.2222222222222221
state:8d41b49832702fcc47a68c51,vizwiz,Qwen/Qwen3-VL-8B-Instruct,4,10.0,0.0007625305535194918,0.27290813803672787,0.19614743181291805,0.2333333333333335
state:5c293ffc487f7660ff492cf7,pope,google/gemma-4-E4B-it,2,2.0,4.211036614543988e-06,0.001249842345714569,0.01986973969846185,0.16666666666666663
state:067f6aa6de91ad777a2ad7b5,vizwiz,Qwen/Qwen3-VL-8B-Instruct,4,10.0,0.00021000336297063283,0.030138189159333712,0.133592926463786,0.07777777777777772
state:d52eace0e3645eece44da9ad,vizwiz,Qwen/Qwen3-VL-8B-Instruct,3,6.0,5.3975610483655216e-05,0.010259284948309263,0.028768548777997848,0.08888888888888868
state:5ccba0d6c9d6f5dc89f5334c,pope,google/gemma-4-E4B-it,3,6.0,0.00019283729426641628,0.038836692770322145,0.05738082434095063,0.08888888888888868
state:659adfd5c53b78be85ac589b,pope,google/gemma-4-E4B-it,2,2.0,6.415654087963465e-06,0.005817272831336595,0.032181376077417174,0.16666666666666663
state:0d13a76e80d965cb1b8c58c4,pope,google/gemma-4-E4B-it,4,10.0,0.00020549676773389919,0.02195956056937575,0.06880914486699098,0.059259259259259234
state:3bad72c22cc9684f55eaafe0,vizwiz,Qwen/Qwen3-VL-8B-Instruct,3,6.0,0.01952949219016219,0.03944631831513512,0.10565945183347683,0.15555555555555534
state:45aa4ea5850938ccf51813cd,hallusionbench,Qwen/Qwen3-VL-8B-Instruct,3,6.0,0.0003453396843554142,0.02689370996732679,0.041525324452609425,0.05555555555555536
state:1295d0602d3408686b3aedff,pope,google/gemma-4-E4B-it,4,10.0,0.0013198452770560956,0.055209772344678644,0.12013645619507864,0.0777777777777775
state:b6c6209aeca3a442991888f6,vizwiz,Qwen/Qwen3-VL-8B-Instruct,2,2.0,0.00015869100731036073,0.019836943363770843,0.04362372913880514,0.0
state:2b6b1905e7b3d12afe198a69,pope,Qwen/Qwen3-VL-8B-Instruct,3,6.0,0.00041479445262648486,0.028995061526075002,0.04353645850177111,0.08888888888888868
state:12fdf527ecb90e97789d6c63,pope,google/gemma-4-E4B-it,3,6.0,0.0002635355836429908,0.0314911714134117,0.08166967415773412,0.0
state:5d34918bf7abe9f4ec01578a,pope,google/gemma-4-E4B-it,2,2.0,0.0001324275298495342,0.02482665379648097,0.07747466273640019,0.16666666666666663
state:c53a725041401226913ecc31,vizwiz,Qwen/Qwen3-VL-8B-Instruct,3,6.0,0.0004974851409156952,0.026084723106275003,0.04406666322994313,0.09999999999999987
state:f8abd3d591e1afcb9d2a4d50,pope,google/gemma-4-E4B-it,3,6.0,0.00023838050171571295,0.03668510391273432,0.06160236121886648,0.08888888888888868
state:8e882769ec89ca7802908775,pope,Qwen/Qwen3-VL-8B-Instruct,2,2.0,1.0232347547288305e-05,0.010362980887293816,0.02059342315861092,0.0
state:c2d554748991e8b40f15b333,pope,Qwen/Qwen3-VL-8B-Instruct,2,2.0,0.0002406586866083747,0.019958748947829008,0.047015430001926845,0.0
state:e43644c507d40328545f7ed5,pope,google/gemma-4-E4B-it,3,6.0,7.93657106303421e-05,0.01866967851916949,0.03697814489139255,0.08888888888888868
state:be3063ca006c49bc72fce7db,hallusionbench,Qwen/Qwen3-VL-8B-Instruct,4,10.0,0.0004311511332060966,0.039163695834577086,0.05430333930831001,0.059259259259259234
state:35e8bd06d8648e970c774e14,pope,google/gemma-4-E4B-it,2,2.0,6.702223856596388e-05,0.022168785333633423,0.0335559504936857,0.16666666666666663
state:b9f9c59e26871c94c4b09fc3,pope,google/gemma-4-E4B-it,2,2.0,1.7139513482722406e-05,0.002261231653392315,0.02369415149842481,0.0
state:4669a06c92bb3e70de5db731,vizwiz,Qwen/Qwen3-VL-8B-Instruct,4,10.0,6.983368723819899e-05,0.015234909430146205,0.019383753515908795,0.07777777777777761
state:ac8854eb57c880087b412adc,hallusionbench,google/gemma-4-E4B-it,3,6.0,7.2333898253419005e-06,0.014129966497421265,0.03245056509964553,0.08888888888888868
state:892a7a39ef921b2bfab258a4,vizwiz,google/gemma-4-E4B-it,2,2.0,0.00011593560774996107,0.006622371845878661,0.06699913157446512,0.16666666666666663
state:0f6d7f91a65a40c465d6485a,vizwiz,google/gemma-4-E4B-it,2,2.0,6.785562998819748e-06,0.014969706535339355,0.052296087507845736,0.0
state:7502b0e1d04ce6448edf8db5,pope,Qwen/Qwen3-VL-8B-Instruct,4,10.0,0.0012412264307738977,0.03856945186853408,0.10000269932680075,0.033333333333333326
state:16ba9b7864d9d6ec0b93a8f0,vizwiz,google/gemma-4-E4B-it,4,10.0,0.0005587134061178616,0.1097834727913141,0.11846995244530369,0.1703703703703705
state:954ef9056e40d5eb068011f4,pope,google/gemma-4-E4B-it,2,2.0,1.6462560966215353e-05,0.004547243472188711,0.010283957648640483,0.0
state:785f1773f533e3f35263faef,vizwiz,Qwen/Qwen3-VL-8B-Instruct,3,6.0,0.0001719081989181799,0.04566203699343733,0.08611362765121942,0.05555555555555547
state:2c92dbd7470f617f7310a08a,vizwiz,Qwen/Qwen3-VL-8B-Instruct,4,10.0,0.004145623812665931,0.02923954024910928,0.12665438200930182,0.08888888888888868
state:a510b8f46d9cd90437c1bd8e,pope,Qwen/Qwen3-VL-8B-Instruct,2,2.0,0.00011161007262354547,0.011697152032866143,0.0663976077717167,0.33333333333333337
state:cc2c047e75e88f03c3a9e708,pope,google/gemma-4-E4B-it,4,10.0,0.0005426674720519907,0.007894333066651599,0.10317916434946711,0.08888888888888868
state:ab6429ab95cccfa4036b8713,pope,google/gemma-4-E4B-it,4,10.0,0.0005164609081975291,0.02413116033421829,0.0879528887194977,0.07777777777777761
state:8bedab92412a805b10c4c8dc,hallusionbench,google/gemma-4-E4B-it,4,10.0,4.2069047715567025e-05,0.004263036260381341,0.11957412234997503,0.15555555555555567
state:95a4aa541e63a1dc0d597364,pope,Qwen/Qwen3-VL-8B-Instruct,2,2.0,0.00023176599238214184,0.01981492666527629,0.046686399928046685,0.16666666666666663
state:c2ddf87ec98e82de7bee7aee,vizwiz,google/gemma-4-E4B-it,4,10.0,0.0011880367488724967,0.04818295001983643,0.07009899348335105,0.05925925925925901
state:76bb92f10e4c44999537b1a8,vizwiz,Qwen/Qwen3-VL-8B-Instruct,4,10.0,7.575815590305882e-06,0.05000409066677094,0.06823679473802274,0.2766666666666667
state:281b041070a5464a3a995daa,vizwiz,google/gemma-4-E4B-it,4,10.0,3.51404377328055e-06,0.0237383362837136,0.07999449086784234,0.28148148148148155
state:68844737fabdb1b050dbfb4c,vizwiz,google/gemma-4-E4B-it,3,6.0,9.152082403349259e-06,0.011633018652598063,0.03969281604972134,0.188888888888889
state:b96f1927e82c233bfe00dc81,pope,Qwen/Qwen3-VL-8B-Instruct,3,6.0,0.00036878679168888146,0.05550656716028849,0.06152319827251566,0.08888888888888868
state:c123f3d35c34594483bd3ffa,pope,Qwen/Qwen3-VL-8B-Instruct,3,6.0,0.00015131192375148853,0.03306958410474988,0.03114105100213589,0.14444444444444438
state:a35dc747f6a207f66a87455d,pope,google/gemma-4-E4B-it,4,10.0,0.00040593742873881646,0.027683571218512955,0.07318731617578908,0.05925925925925901
state:e10d15183f23f816a315a726,vizwiz,Qwen/Qwen3-VL-8B-Instruct,2,2.0,8.686525095812874e-06,0.00911199045367539,0.03918820020784478,0.0
state:2901be4b55ec48b63c6d19dc,pope,google/gemma-4-E4B-it,4,10.0,0.0014738355917315441,0.06342288042535074,0.10740200369772376,0.033333333333333215
state:28fe81e0e33211d667a2aaaf,hallusionbench,google/gemma-4-E4B-it,4,10.0,6.569005671159586e-05,0.00392944922670722,0.08616934325681623,0.05925925925925901
state:145930b27b511f7c011275ab,vizwiz,google/gemma-4-E4B-it,2,2.0,1.4598737364609316e-06,0.0033816397190093994,0.05856166147058294,0.0
state:56b0a381bdb8917be49791f3,vizwiz,google/gemma-4-E4B-it,4,10.0,2.362360675371785e-06,0.06562130808830262,0.05681219784928808,0.3277777777777777
state:335eb94942a86e32ba5af450,hallusionbench,google/gemma-4-E4B-it,2,2.0,3.6866531331282326e-05,0.00970205757766962,0.03156487556789842,0.0
state:c46acdfc35761c5e6962beda,vizwiz,Qwen/Qwen3-VL-8B-Instruct,3,6.0,8.032278866941992e-06,0.017883976300557453,0.13513862140009103,0.16666666666666663
state:088759ce99975eab9f30d656,hallusionbench,Qwen/Qwen3-VL-8B-Instruct,3,6.0,0.0004647880774114592,0.03241963296507796,0.057718944746349796,0.08888888888888868
state:624fe1d9cc4e97ecd5e17b0f,hallusionbench,google/gemma-4-E4B-it,2,2.0,0.00010214263064916607,0.0050186847656732425,0.05881679057865267,0.0
state:ccbd10cbddf05538bd5683f0,pope,google/gemma-4-E4B-it,2,2.0,3.5395603558697916e-05,0.005181026877835393,0.08324596156612675,0.16666666666666663
state:eb6017746836b9c90efcd929,pope,Qwen/Qwen3-VL-8B-Instruct,3,6.0,0.0003345701258080094,0.02294111091436611,0.0401122511582266,0.0
state:e5bf7b85596dab87f10f21e2,pope,Qwen/Qwen3-VL-8B-Instruct,2,2.0,0.00027059127508310054,0.02311348682269454,0.039222570032206056,0.16666666666666663
state:ebddfacf2e216e86fe39f6f8,pope,Qwen/Qwen3-VL-8B-Instruct,4,10.0,1.3009289902555561e-05,0.002054261346347639,0.08082035703319433,0.11111111111111094
state:204f83fdb7130e288b01fee7,pope,google/gemma-4-E4B-it,2,2.0,1.8356012992684916e-05,0.007365467958152294,0.018084576479743188,0.16666666666666663
state:cfbe3a092b6a00cf750a7ef9,vizwiz,google/gemma-4-E4B-it,2,2.0,8.169342900732579e-05,0.022541046142578125,0.06351507135985622,0.19999999999999996
state:2cd6bd34614c7d4f6309893e,pope,Qwen/Qwen3-VL-8B-Instruct,3,6.0,1.4869879348410915e-05,0.003522541373968137,0.09446990393262926,0.1444444444444445
state:f63f0f4474b52a1ba820430f,vizwiz,google/gemma-4-E4B-it,4,10.0,0.00010237622020566387,0.021245496273040777,0.03265588356819801,0.08888888888888868
state:c64909d80685bf409fb56125,vizwiz,google/gemma-4-E4B-it,2,2.0,4.851865751478188e-07,0.01287028193473816,0.010469299625278188,0.0
state:49211e05613ba7e0d1b36a7b,pope,google/gemma-4-E4B-it,4,10.0,0.00018112966757522983,0.0037850302807055417,0.06679664033951986,0.08888888888888868
state:891b2a02f1b5f65449afdee8,vizwiz,google/gemma-4-E4B-it,3,6.0,6.1978360483531285e-06,0.06866619984308879,0.06208442916060039,0.2666666666666667
state:2fd32ea50ecf5acdfc44cb00,vizwiz,Qwen/Qwen3-VL-8B-Instruct,4,10.0,5.966484699085315e-06,0.011436697840690613,0.05250780442027082,0.37037037037037035
state:17b61fd274ec9aae05148fb6,hallusionbench,google/gemma-4-E4B-it,3,6.0,0.00018705772565731,0.019516761414706707,0.05308117384526731,0.08888888888888868
state:11946a583db11a2a1d156018,vizwiz,google/gemma-4-E4B-it,2,2.0,6.493400401810761e-06,0.1244582086801529,0.09097501336304827,0.0
state:4cf6d52a6da8faf016ff9e08,pope,Qwen/Qwen3-VL-8B-Instruct,3,6.0,0.0001807520689059957,0.009143788716755806,0.06484857756252299,0.08888888888888868
state:f98932bb9d6636a6b239a5b1,vizwiz,Qwen/Qwen3-VL-8B-Instruct,2,2.0,0.003633337831360078,0.03303956874879077,0.16566766064405808,0.0
state:d77368740cf1a0d60f698a1d,vizwiz,Qwen/Qwen3-VL-8B-Instruct,2,2.0,2.169319588816583e-05,0.02204294502735138,0.04037580046491571,0.16666666666666663
state:9be476d5539997f97402767e,vizwiz,google/gemma-4-E4B-it,4,10.0,0.022589567795328256,0.1173249249625951,0.24224330122074172,0.16666666666666663
state:2a45540133953494680a9436,vizwiz,Qwen/Qwen3-VL-8B-Instruct,2,2.0,0.00019745098885328062,0.014451980590820312,0.12250644412212294,0.5
state:c2a020f372eb52480008b64d,pope,google/gemma-4-E4B-it,3,6.0,4.625682854930715e-05,0.010782232585673531,0.036324892814484075,0.0
state:11b7006b1d2df6de5d352076,hallusionbench,Qwen/Qwen3-VL-8B-Instruct,4,10.0,0.0025868304769704805,0.028636080678552382,0.06495777959899947,0.15555555555555545
state:bf1467a42cccb6d91a55a41f,pope,Qwen/Qwen3-VL-8B-Instruct,3,6.0,1.0227759943599032e-05,0.012332653005917868,0.0174698498856615,0.0
state:be64e6e12c3985d5494d4c4b,vizwiz,Qwen/Qwen3-VL-8B-Instruct,2,2.0,0.0016613436939847295,0.01921048981603235,0.10629839056741928,0.16666666666666663
state:e37370ce07155196801f0b07,hallusionbench,google/gemma-4-E4B-it,4,10.0,0.0018164590918739762,0.07322334656026215,0.16005406488718543,0.1518518518518518
state:ace0460135933fb9a7e96a7f,vizwiz,Qwen/Qwen3-VL-8B-Instruct,4,10.0,0.0004692117301708751,0.02247850603424014,0.0735057620651434,0.05925925925925901
state:66fda6e61ee0530dba91ac73,pope,google/gemma-4-E4B-it,2,2.0,1.813439068191414e-05,0.004206827841699123,0.02454757639036494,0.0
state:6d8820c923a21211d8eac742,pope,Qwen/Qwen3-VL-8B-Instruct,4,10.0,0.00030273880334827027,0.0201424696855247,0.07750389352214643,0.033333333333333326
state:9f9af66c52893f889418d311,vizwiz,google/gemma-4-E4B-it,4,10.0,6.961160309512496e-07,0.013144052028656006,0.0305545186170532,0.31851851851851853
state:3e8056c5ecdae9d906e59fd9,pope,Qwen/Qwen3-VL-8B-Instruct,4,10.0,0.0002734451170201234,0.022716432437300683,0.0626828887776369,0.07777777777777772
state:921a45514739b48b74ecee0b,pope,Qwen/Qwen3-VL-8B-Instruct,2,2.0,5.883529511027909e-05,0.01782525470480323,0.04256080131874872,0.16666666666666663
state:f1584f1de813efc405560639,pope,Qwen/Qwen3-VL-8B-Instruct,2,2.0,0.0002749119176646488,0.022862969432026148,0.03856064939300719,0.0
state:6b40dfb12b89aaae69b030e5,pope,Qwen/Qwen3-VL-8B-Instruct,3,6.0,1.6372732127746722e-06,0.01664269301626416,0.03736989172582508,0.23888888888888904
state:12bc4e84c50eca1e5777985b,vizwiz,google/gemma-4-E4B-it,4,10.0,1.6086615618011564e-07,0.0015441381931305064,0.0632095713785118,0.0
state:62581aa1f0fdcd838b7865c2,pope,Qwen/Qwen3-VL-8B-Instruct,2,2.0,1.1624789060193469e-05,0.004432328511029482,0.009748994535604006,0.16666666666666663
state:486d466a9a2779e38655970d,pope,google/gemma-4-E4B-it,2,2.0,0.0012958895950041507,0.07306549325585365,0.06589660817187647,0.16666666666666663
state:4b7078cf5d540a8e4a8ed27c,pope,google/gemma-4-E4B-it,2,2.0,0.0001009151247659313,0.022239250130951405,0.038860414944603155,0.0
state:6a90e41a8dfdcacd9357faef,pope,google/gemma-4-E4B-it,4,10.0,0.0005363654256781261,0.026338306460529582,0.18482906614935832,0.17777777777777815
state:299edc6a2cc58768a7f8a3ff,hallusionbench,google/gemma-4-E4B-it,2,2.0,0.0001305286844477811,0.008653274271637201,0.09473089774575094,0.16666666666666663
state:cfa287ddd920ac4785060a8a,pope,google/gemma-4-E4B-it,3,6.0,7.450766780919676e-05,0.004519174496332805,0.08144782676652113,0.05555555555555536
state:f298d7b8c7f389db2faf5af8,pope,Qwen/Qwen3-VL-8B-Instruct,4,10.0,0.0004010269379082111,0.044405861692503094,0.0728390658651073,0.033333333333333326
state:0c25e96f008fbeb248d5b157,vizwiz,Qwen/Qwen3-VL-8B-Instruct,4,10.0,1.1671694693909235e-05,0.008358640670776341,0.029404656771738744,0.3111111111111112
state:1d167cd63010d832f2c85247,vizwiz,google/gemma-4-E4B-it,3,6.0,1.0888731199019582e-05,0.025953388152023152,0.11654989611447455,0.2666666666666667
state:a25f4936c246a8d8b3290bcc,vizwiz,google/gemma-4-E4B-it,4,10.0,3.7317729510587526e-06,0.017749964594840996,0.03899069423404968,0.34185185185185196
state:41e6e601f145f9b2d66cf1fa,hallusionbench,Qwen/Qwen3-VL-8B-Instruct,3,6.0,0.0002751589788033897,0.01728294836357236,0.05581308940154573,0.09999999999999976
state:dd1c886b3bf8ada06541305a,vizwiz,google/gemma-4-E4B-it,3,6.0,2.459985078510865e-06,0.03111169404453699,0.024959631578972373,0.16666666666666663
state:12c0a438e611148d7b305dab,vizwiz,Qwen/Qwen3-VL-8B-Instruct,3,6.0,0.0007925488861946155,0.05342488011552227,0.1379717540810453,0.08888888888888868
state:a68da3232de8824036f49777,pope,google/gemma-4-E4B-it,2,2.0,0.0004635521115814783,0.037593844812363386,0.06291213985699967,0.0
state:0758ed5b371b2c675391bf09,hallusionbench,Qwen/Qwen3-VL-8B-Instruct,4,10.0,0.00015470542321737723,0.036370210647582994,0.05293346327952168,0.09259259259259234
state:525d0434acbe63216b19e6ad,pope,google/gemma-4-E4B-it,3,6.0,0.00025750951739213657,0.016545234678132032,0.12971044088633052,0.20000000000000007
state:1cb222edad8219d79178a124,pope,Qwen/Qwen3-VL-8B-Instruct,4,10.0,0.0004640191860011196,0.05814437463879585,0.1699090178054595,0.16666666666666663
state:0339443c3743ccb883a4978c,vizwiz,google/gemma-4-E4B-it,4,10.0,0.001418669324842515,0.051971976757049544,0.10937912083548543,0.08888888888888868
state:74008cafa4f0f3476f91b77f,pope,Qwen/Qwen3-VL-8B-Instruct,3,6.0,6.286734366951499e-05,0.0030151368118822575,0.05435383647020646,0.05555555555555536
state:32961c198d3496537a4840ac,vizwiz,google/gemma-4-E4B-it,4,10.0,1.991171997464451e-06,0.029130148887634277,0.02818876734817936,0.23333333333333328
state:9b7b44b69812d6b092d86abc,vizwiz,Qwen/Qwen3-VL-8B-Instruct,2,2.0,5.2611949214875566e-05,0.02684156596660614,0.021727804992865158,0.16666666666666663
state:97eb06fce7fa6e29642218b4,pope,google/gemma-4-E4B-it,2,2.0,1.5298091679411148e-05,0.007039361633360386,0.017914500223162058,0.16666666666666663
state:80397ab6fc2fa1586f504189,hallusionbench,google/gemma-4-E4B-it,3,6.0,0.0002594792546961602,0.014632860484804647,0.15127052958658063,0.09999999999999976
state:a90bc959f4477685a51e77db,vizwiz,google/gemma-4-E4B-it,3,6.0,0.00043155721151572627,0.02218892176946004,0.08019514163209064,0.06666666666666654
state:58d5d41554e2b92a53b6962f,vizwiz,google/gemma-4-E4B-it,2,2.0,4.0012370662833396e-05,0.015716761350631714,0.04836816246539885,0.33333333333333337
state:65108443a00c394df8989fe2,hallusionbench,Qwen/Qwen3-VL-8B-Instruct,2,2.0,0.0002284561043358513,0.01991578098386526,0.036979683681219094,0.16666666666666663
state:8d2170624f314035038eb58b,hallusionbench,google/gemma-4-E4B-it,3,6.0,0.00034376247101373675,0.05010903556831181,0.08760556498894692,0.08888888888888868
state:34153a5ab98f4b7a588a3fa7,vizwiz,google/gemma-4-E4B-it,3,6.0,1.203267870260706e-05,0.021312321225802105,0.04782228060588482,0.37222222222222223
state:0877d45ed3da48d9f0c74b39,vsr,google/gemma-4-E4B-it,4,10.0,0.00041074706361588127,0.023395041152834896,0.1374559403489762,0.1703703703703705
state:a8a4f60eef524d404b92749a,hallusionbench,google/gemma-4-E4B-it,2,2.0,0.0005056803017564507,0.028631065506488085,0.055552626928581865,0.0
state:5af0423f5d1eb73749c16b49,pope,Qwen/Qwen3-VL-8B-Instruct,4,10.0,4.385949073446904e-05,0.002976626958698025,0.07699564732364822,0.12222222222222201
state:1b9ec6eec99b89947d2fdb90,pope,google/gemma-4-E4B-it,3,6.0,0.00025064205229137444,0.02144177715914945,0.07514912354586256,0.08888888888888868
state:1ae7d4e5e805557809cf9575,pope,google/gemma-4-E4B-it,4,10.0,1.954384269184811e-05,0.0023151878081262025,0.09527140833219011,0.11851851851851869
state:5caf6b1c2590c1ef558f78cd,vizwiz,google/gemma-4-E4B-it,2,2.0,6.419169016954548e-06,0.008715212345123291,0.046809358908148656,0.0
state:613bfed7cb84eade59da056d,pope,Qwen/Qwen3-VL-8B-Instruct,3,6.0,0.00026815240853381416,0.02264931472018361,0.046598097421743125,0.08888888888888868
state:1e61881ea12c00c182014503,pope,google/gemma-4-E4B-it,3,6.0,2.829858934991691e-05,0.0016408860942141751,0.04562222741826668,0.0
state:9c9f8a8fbb1d8e2decd3f682,vizwiz,google/gemma-4-E4B-it,3,6.0,3.0630951996690595e-06,0.038920710484186806,0.0495912267696578,0.2888888888888891
state:9f31e95ae915c6c51c486a46,pope,Qwen/Qwen3-VL-8B-Instruct,4,10.0,0.00034129091337009533,0.018924145656637848,0.07928343645796272,0.059259259259259234
state:db2f45dd1becbdaf9aa8cb6d,vizwiz,google/gemma-4-E4B-it,4,10.0,2.9704814148383935e-06,0.010756410136818894,0.07018306030620268,0.311111111111111
state:616e4b3a39c720d17be9315b,pope,google/gemma-4-E4B-it,4,10.0,1.3770128430271774e-05,0.002623372115194798,0.09888791190761874,0.16666666666666685
state:4dc615fc86d7f27b08e39695,vizwiz,google/gemma-4-E4B-it,2,2.0,8.46515020360143e-08,0.0015621781349182129,0.00489433442777777,0.0
state:b2c566a20a7f6d94122c793d,pope,Qwen/Qwen3-VL-8B-Instruct,2,2.0,0.00023097563305062192,0.019583592656999826,0.04666227184587685,0.0
state:ed2f656242cde90bc938f79f,vizwiz,google/gemma-4-E4B-it,3,6.0,3.792253553407552e-06,0.10663485195901656,0.07400363912042014,0.23888888888888893
state:53abed397cc8b216e01a04dd,pope,Qwen/Qwen3-VL-8B-Instruct,3,6.0,0.00018263709234711775,0.018486622630411564,0.06893769489694532,0.05555555555555547
state:321eb986ed4e267309ba11a7,pope,Qwen/Qwen3-VL-8B-Instruct,2,2.0,3.0211690114774177e-05,0.004939750302582979,0.08212572720488662,0.16666666666666663
state:bcb73bc620ba66936fcd195c,hallusionbench,google/gemma-4-E4B-it,4,10.0,0.00117542966712115,0.024852622393518688,0.1326140045572375,0.17333333333333323
state:934180186f460adc0adf4374,hallusionbench,google/gemma-4-E4B-it,3,6.0,0.00021569996552378852,0.020008140864471596,0.04926835901673194,0.0
state:a72737896a051f1ab7092ec9,pope,google/gemma-4-E4B-it,3,6.0,0.00030988708398689584,0.016076319003736406,0.14902010493061787,0.14444444444444438
state:7e1426cf9ef27894574cf2d3,vizwiz,google/gemma-4-E4B-it,3,6.0,3.906971986751955e-06,0.011628256903754353,0.01084474255991528,0.22666666666666668
state:e2e6fb1de8292bbece389bc7,vsr,Qwen/Qwen3-VL-8B-Instruct,3,6.0,0.0021673129045154484,0.06112416221811953,0.14349735967527594,0.05555555555555536
state:e611044c719c55b44d6ec52c,pope,Qwen/Qwen3-VL-8B-Instruct,4,10.0,0.005689005146817349,0.07906255641020835,0.1346810564288727,0.059259259259259234
state:6e610418f46d5d98543af8a2,pope,google/gemma-4-E4B-it,4,10.0,5.678118028006365e-05,0.0030161963030695916,0.08530789440120434,0.05925925925925901
state:2ce7493d5da3fb55a331a0f6,pope,google/gemma-4-E4B-it,4,10.0,0.0003571323062860939,0.004787175678648055,0.0919148252529766,0.07777777777777761
state:6a0f33c687a2a7fc29352e3a,vizwiz,google/gemma-4-E4B-it,3,6.0,6.654438075450757e-07,0.015456209580103556,0.019124012938032977,0.2500000000000001
state:0ae863e13887a9d4d5d7daff,pope,google/gemma-4-E4B-it,4,10.0,0.002027060425603986,0.02210626650135964,0.10063534870005982,0.09259259259259267
state:2056c98b21cfbc500d2bc52c,pope,Qwen/Qwen3-VL-8B-Instruct,2,2.0,0.00026932024615754745,0.023934590164572,0.04757817491160814,0.0
state:cce57afc2eb7c646c4616b89,vizwiz,Qwen/Qwen3-VL-8B-Instruct,3,6.0,1.588459429227625e-05,0.04989673859543272,0.051773668715686075,0.09999999999999976
state:30af94bb022f6c61fb65528a,pope,Qwen/Qwen3-VL-8B-Instruct,4,10.0,0.00024233414292247876,0.030077768210321664,0.13457330471380544,0.14814814814814814
state:e0ffa037b388643b894abe7a,vizwiz,google/gemma-4-E4B-it,4,10.0,1.770937699837377e-05,0.039979769303463385,0.10186439010196081,0.2851851851851852
state:c96434b8019748056c5406a9,vizwiz,google/gemma-4-E4B-it,3,6.0,7.05230150575629e-06,0.06869079669316608,0.059779077576145145,0.30000000000000004
state:c2bf5e9a6933fba9843c0db7,pope,google/gemma-4-E4B-it,4,10.0,0.00028981876847571314,0.02249367542564869,0.04601930534419971,0.033333333333333215
state:474c2707ae8cbe1fab8763a6,hallusionbench,Qwen/Qwen3-VL-8B-Instruct,3,6.0,0.005152695950779595,0.1033276621148818,0.17941257741163114,0.08888888888888868
state:ea349fe53711910c86b1dce0,vizwiz,google/gemma-4-E4B-it,3,6.0,9.163355852948478e-07,0.009746604495578329,0.012201723615805564,0.288888888888889
state:a8a753550b215284c1d69d2e,vizwiz,google/gemma-4-E4B-it,4,10.0,2.71531665304445e-06,0.05932338923215865,0.06433286111825262,0.36296296296296293
state:52015a1de999a502298d9119,vizwiz,Qwen/Qwen3-VL-8B-Instruct,2,2.0,0.0005430661213470065,0.05943337734788656,0.07851913558372144,0.16666666666666663
state:7dba3d4f471fcddeffde1233,vizwiz,google/gemma-4-E4B-it,4,10.0,2.2979629395484854e-06,0.005282595157623282,0.08015941111638557,0.2777777777777778
state:e01bd52226b101aaaaad2651,vizwiz,Qwen/Qwen3-VL-8B-Instruct,4,10.0,0.002609137242404786,0.013865420210640902,0.13531961644719812,0.1644444444444444
state:67dfaf5a3c35e86132816a6a,pope,google/gemma-4-E4B-it,3,6.0,0.0003035217613034297,0.012828543678753893,0.07911231543913307,0.08888888888888868
state:fa530ee441690db44ac1534a,vizwiz,google/gemma-4-E4B-it,4,10.0,6.060867993912968e-05,0.040371522065252075,0.09414519613086295,0.2859259259259259
state:cfc9c097929acc960846c3eb,hallusionbench,google/gemma-4-E4B-it,3,6.0,0.00016553415705237553,0.016050704961849585,0.106147112388286,0.08888888888888868
state:b7e14b6aa5e3e1acbc11b4b3,pope,Qwen/Qwen3-VL-8B-Instruct,4,10.0,1.959702020922873e-05,0.004193720528855921,0.11182406112868108,0.11111111111111094
state:f561ef27700e1829d912f082,vizwiz,google/gemma-4-E4B-it,3,6.0,6.233821991643184e-06,0.052144633399115646,0.03987245027879003,0.16666666666666663
state:63996e174f9308e5d94dc9a4,pope,Qwen/Qwen3-VL-8B-Instruct,3,6.0,0.00019191309522079595,0.008122495065132776,0.09115527529815955,0.05555555555555547
state:f75ca2c86762433e5ae4faf7,vizwiz,Qwen/Qwen3-VL-8B-Instruct,3,6.0,0.00011274770192899713,0.03541891949458257,0.04246238473540586,0.09999999999999976
state:6d36685cc02fc6b41cc019a7,pope,Qwen/Qwen3-VL-8B-Instruct,4,10.0,0.01046306749192443,0.055473465472459814,0.16966843910563278,0.08888888888888857
state:d356a44a4ff92e03aeeb0cff,hallusionbench,google/gemma-4-E4B-it,3,6.0,5.107001634076551e-05,0.02113924641162157,0.041940250772626246,0.08888888888888868
state:0c2439874e508a265f1997c2,pope,google/gemma-4-E4B-it,4,10.0,0.00017457244095184352,0.01369914747774601,0.05112898547174242,0.0
state:0ca52de0b8b046e9df60a1bb,pope,google/gemma-4-E4B-it,3,6.0,1.8315383374564896e-05,0.003935157580094192,0.09642754110090283,0.08888888888888868
state:22a63f3238364d9abc7d602f,pope,Qwen/Qwen3-VL-8B-Instruct,3,6.0,0.00034371051738088374,0.02314186533395615,0.04029119648062675,0.08888888888888868
state:eaad0acfeab1beea3c1d9027,vizwiz,google/gemma-4-E4B-it,4,10.0,1.8554552534342314e-07,0.003563046455383323,0.07617886001645494,0.25555555555555554
state:c2b6fa06d3ae3e1ad396ce5b,vizwiz,google/gemma-4-E4B-it,4,10.0,8.546169478850427e-06,0.040983235733583555,0.10914056595956328,0.3407407407407408
state:6242c05482453ad5639a32b4,vizwiz,Qwen/Qwen3-VL-8B-Instruct,4,10.0,0.0008133979193032375,0.02746246058493852,0.13022489681911756,0.05925925925925901
state:8046c34d3fcec471b9b8b3bf,vizwiz,google/gemma-4-E4B-it,3,6.0,9.117636401065114e-06,0.034644174428346254,0.10357159287919836,0.30000000000000004
state:46264ec955d60cee98dd8786,vizwiz,Qwen/Qwen3-VL-8B-Instruct,3,6.0,0.00017108347867685937,0.04438243309656779,0.03853282941717123,0.05555555555555536
state:7f22131f5868e24b6d9fdbfb,vizwiz,google/gemma-4-E4B-it,4,10.0,1.0437963050238137e-05,0.030511926324106754,0.09761868774929396,0.23333333333333328
state:2fb9305b087c85f3c216e76f,vsr,Qwen/Qwen3-VL-8B-Instruct,2,2.0,0.0008904236108730568,0.06534558348357677,0.07662816545908818,0.0
state:8880c35c274df9feb30248f7,hallusionbench,google/gemma-4-E4B-it,4,10.0,0.0002192721194324722,0.025524317435920228,0.0534912367036828,0.07777777777777772
state:9de125aaeeede09e95b04715,hallusionbench,Qwen/Qwen3-VL-8B-Instruct,4,10.0,0.0008825565668497733,0.05791099715977908,0.1000834246802377,0.1518518518518518
state:d316c01940ff28e5112bfacd,vizwiz,Qwen/Qwen3-VL-8B-Instruct,2,2.0,0.0014250786105744406,0.052847174694761634,0.12904755430931675,0.16666666666666663
state:031b8ef556734c84b858fbc7,pope,Qwen/Qwen3-VL-8B-Instruct,4,10.0,0.00020255597166332,0.022202772311866285,0.04813012950190468,0.07777777777777772
state:de9266dcc6f05c6e14327ce1,pope,google/gemma-4-E4B-it,3,6.0,4.4439801514183386e-05,0.01061168072434763,0.03596526561702539,0.05555555555555536
state:26181ad5c13b6f88f617f61f,vizwiz,google/gemma-4-E4B-it,4,10.0,2.918685271090861e-06,0.032790250778198235,0.05820536732297999,0.3648148148148148
state:7e46a9a58a34d9e1a0ed2861,hallusionbench,Qwen/Qwen3-VL-8B-Instruct,4,10.0,0.00031409901591385143,0.024898485615849498,0.10280911329930442,0.1222222222222219
state:6b691514506c493980362b7e,vizwiz,google/gemma-4-E4B-it,4,10.0,5.529294443400251e-07,0.009238021373748784,0.011481705149103226,0.24444444444444446
state:a4efb06f01da449334798fb8,hallusionbench,Qwen/Qwen3-VL-8B-Instruct,2,2.0,0.0013435679849494587,0.08128774620126933,0.13528137742151627,0.16666666666666663
state:c0f2eb38ad05a155d4337e5e,vizwiz,Qwen/Qwen3-VL-8B-Instruct,2,2.0,2.441381130677971e-06,0.006824597716331482,0.008426793991442857,0.0
state:65c71d69fcd852850151e3f0,hallusionbench,Qwen/Qwen3-VL-8B-Instruct,2,2.0,0.0004303374317573018,0.04087110416730866,0.0657308136841952,0.16666666666666663
state:86734878e7d4102ac27c5315,pope,google/gemma-4-E4B-it,2,2.0,0.00034528702529371905,0.03674415941350162,0.04562574501726249,0.0
state:401327ac0fba688ba71eb235,pope,Qwen/Qwen3-VL-8B-Instruct,3,6.0,0.00030490002493817743,0.02170490018195576,0.03156312754300831,0.05555555555555547
state:7bb6e9633adeb70a39f9a1f6,pope,Qwen/Qwen3-VL-8B-Instruct,3,6.0,0.0002693687254012498,0.02272039481128256,0.04663431770508508,0.09999999999999976
state:15570c19f5e27bb56e58eccc,vizwiz,google/gemma-4-E4B-it,3,6.0,1.4900228291596154e-06,0.03764223555723826,0.046445046030332615,0.33333333333333337
state:5884cd1391c06c36181abfc8,pope,Qwen/Qwen3-VL-8B-Instruct,4,10.0,0.0009377409938297086,0.012857124975416809,0.10766930091663893,0.08888888888888868
state:524e60b818bc7147a689e3f2,vizwiz,Qwen/Qwen3-VL-8B-Instruct,4,10.0,0.016119769227521275,0.14912975678686052,0.28566197425497114,0.07777777777777761
state:47da29b0085dbb12ef1b0a67,pope,Qwen/Qwen3-VL-8B-Instruct,2,2.0,1.4214649404662691e-05,0.009073068387806416,0.023051193424147496,0.0
state:68cdf4b2d7f4ba723a58eb6c,pope,google/gemma-4-E4B-it,3,6.0,9.927412136860549e-05,0.004760698505884244,0.08633590429847224,0.08888888888888868
state:30a60f50d6731abeb04d99cd,pope,Qwen/Qwen3-VL-8B-Instruct,2,2.0,0.0010707178488330604,0.06537762470543385,0.07300099047329886,0.16666666666666663
state:9d0f3146fdf125af60bdd020,vizwiz,google/gemma-4-E4B-it,2,2.0,0.0001243952946754634,0.00587553926743567,0.07202591139882437,0.33333333333333337
state:a2fea44824af2aade8403f17,pope,google/gemma-4-E4B-it,4,10.0,0.0022296141403902125,0.10360195636749267,0.10237422447497636,0.18148148148148124
state:b7c474319f0c6b215a652c05,vsr,Qwen/Qwen3-VL-8B-Instruct,2,2.0,0.0001693114261123403,0.030016034841537476,0.05017790488216615,0.16666666666666663
state:16c5cf925719ef365b57f2ec,vizwiz,Qwen/Qwen3-VL-8B-Instruct,2,2.0,2.423769080446829e-07,0.008132100105285645,0.08767603347513876,0.0
state:a1bf47954968a6949f257726,hallusionbench,Qwen/Qwen3-VL-8B-Instruct,2,2.0,0.00036836183757626544,0.01959354244172573,0.051206133981223874,0.16666666666666663
state:4e6fae78d81613e69cd506cc,hallusionbench,Qwen/Qwen3-VL-8B-Instruct,4,10.0,0.0004258516433993208,0.011661845669150357,0.0903106219321977,0.08888888888888868
state:492367d95ec890a7f6a9dbd0,vizwiz,Qwen/Qwen3-VL-8B-Instruct,4,10.0,3.9468676396746477e-05,0.024209742844104775,0.04637283885409192,0.3648148148148148
state:c2a10a03d19ace76383fb7e6,vsr,Qwen/Qwen3-VL-8B-Instruct,4,10.0,0.00113796246947746,0.05418672122061252,0.10426611490886366,0.05925925925925901
state:1156d4f37b78022f621ee27c,pope,Qwen/Qwen3-VL-8B-Instruct,2,2.0,0.00022926348866112974,0.02002627681940794,0.046589484914615516,0.0
state:021776574235536eef3bc3fc,vizwiz,google/gemma-4-E4B-it,4,10.0,8.141953911550064e-07,0.041738420128822326,0.03196565544715126,0.28148148148148144
state:5ea82acbeb66bf45be0efe7f,pope,Qwen/Qwen3-VL-8B-Instruct,3,6.0,0.00026761893274666524,0.02261397087325652,0.04656486226461551,0.08888888888888868
state:3e43d34134f626fc459d48d9,vizwiz,Qwen/Qwen3-VL-8B-Instruct,3,6.0,0.003011275970969881,0.041726104087299785,0.08809923778876742,0.05555555555555536
state:839f60bc1052968b811e595f,pope,google/gemma-4-E4B-it,2,2.0,4.429498883621062e-05,0.002892200369387865,0.038547603444779414,0.0
state:2116f437bfea7390f6562db6,vizwiz,Qwen/Qwen3-VL-8B-Instruct,3,6.0,0.006283635436999404,0.2813536922136943,0.168365545287596,0.11111111111111127
state:4a758eb07fded530da25ed03,hallusionbench,google/gemma-4-E4B-it,2,2.0,0.0003588065050473966,0.06221669912338257,0.0907345562285212,0.16666666666666663
state:ffa1eb698e1461322fdeed59,vizwiz,Qwen/Qwen3-VL-8B-Instruct,4,10.0,0.00741445505247975,0.017978855181718267,0.127643429265604,0.09333333333333338
state:feaf4f32bdbf0a70e983e178,vizwiz,google/gemma-4-E4B-it,4,10.0,1.9769344358368508e-05,0.01483631765004249,0.08367728890348436,0.3648148148148148
state:443cacda02032c7c05bdb74d,pope,Qwen/Qwen3-VL-8B-Instruct,2,2.0,1.0515568511105871e-05,0.01043048850260675,0.020799052392158734,0.16666666666666663
state:a0209e2606a9243221f48ea9,vizwiz,Qwen/Qwen3-VL-8B-Instruct,3,6.0,0.0001062043912697649,0.01971585883034599,0.06190241573096253,0.0
state:2e50b90638f0fc8849ea916c,vizwiz,google/gemma-4-E4B-it,4,10.0,1.0063563364246934e-06,0.01313378572463988,0.03047706249592871,0.22962962962962963
state:d6762185bb74a39876739082,pope,google/gemma-4-E4B-it,3,6.0,0.0005316402954595067,0.03206757289202263,0.0793508151829774,0.08888888888888868
state:149b53cd5b316f58cac5f106,vizwiz,Qwen/Qwen3-VL-8B-Instruct,2,2.0,0.0008753727276877924,0.021351841336581856,0.06917961528242668,0.0
state:b6e9bd10bbea31380335d82f,vizwiz,Qwen/Qwen3-VL-8B-Instruct,2,2.0,0.00021519392598521944,0.05359748750925064,0.04517396224706389,0.16666666666666663
state:2a1c048ce395b57357b1875c,vizwiz,Qwen/Qwen3-VL-8B-Instruct,2,2.0,1.7640851856258236e-06,0.04784855246543884,0.04337651345575907,0.33333333333333337
state:593c6795ff128f65534ee8b9,vizwiz,Qwen/Qwen3-VL-8B-Instruct,4,10.0,0.0006136721030072878,0.041876493990421294,0.12765847232718278,0.07777777777777772
state:bc1fb582948ee13c7ffb0bcc,pope,google/gemma-4-E4B-it,2,2.0,4.7219774010044896e-07,0.008092999458312988,0.015731702578812987,0.16666666666666663
state:a8e3c47ad616219a7355c6d0,vizwiz,google/gemma-4-E4B-it,3,6.0,3.667408399390077e-05,0.003433643141761422,0.08355186782866698,0.0
state:73cbe815fcd137f421dc04be,hallusionbench,google/gemma-4-E4B-it,4,10.0,0.0015280753262245238,0.010333198718726636,0.1462167855708462,0.15999999999999992
state:b2ea328805413a7f58826f4c,vizwiz,Qwen/Qwen3-VL-8B-Instruct,4,10.0,2.0159457311706313e-05,0.06459466964006425,0.06655972942530142,0.08888888888888868
state:908058ff6232ac832890a09c,hallusionbench,Qwen/Qwen3-VL-8B-Instruct,4,10.0,0.017984577584072986,0.13912056665867567,0.2995698126087572,0.13925925925925942
state:53d1910c2efb81140d38410a,vizwiz,google/gemma-4-E4B-it,3,6.0,8.402768814375459e-07,0.01414343383577136,0.031086499342025266,0.2222222222222222
state:443f900fc8d8dcd5af0f49b2,hallusionbench,Qwen/Qwen3-VL-8B-Instruct,2,2.0,0.000333426104637088,0.033533142996020615,0.07284145435199739,0.0
state:4c088b1a1a3065d0450a163b,vizwiz,Qwen/Qwen3-VL-8B-Instruct,3,6.0,2.6242405748524013e-05,0.010953928033510843,0.0435298524046665,0.13333333333333341
state:3526e56c639848342df42f51,pope,Qwen/Qwen3-VL-8B-Instruct,4,10.0,0.00023318845237625593,0.016209361939690997,0.05018556081173207,0.08888888888888868
state:ea5429cb4f47f3f7917c6264,pope,google/gemma-4-E4B-it,3,6.0,0.0009106532547596861,0.012866124277934432,0.09150969922714859,0.05555555555555536
state:72c2b9bc7f611b539ba096a9,pope,google/gemma-4-E4B-it,2,2.0,0.00031727680391596593,0.02149290405213833,0.049552964115311765,0.0
state:25f481d6b7cc62a37cf682ef,pope,google/gemma-4-E4B-it,3,6.0,0.0005012146137250852,0.02673631536567377,0.04407421117518736,0.0
state:63acf464fdd5f4e276ec9e90,vizwiz,google/gemma-4-E4B-it,2,2.0,2.3905687779767034e-05,0.03139587352052331,0.10051950531868035,0.5
state:b8fa7d990cf3a10b554117bd,pope,google/gemma-4-E4B-it,3,6.0,0.0007193168795571041,0.043642795276052006,0.18858517506860145,0.15555555555555545
state:9a454671748f0c5c47c6c731,pope,Qwen/Qwen3-VL-8B-Instruct,2,2.0,1.1383830648826641e-05,0.00442489143460989,0.009727772457345707,0.0
state:f5279f194793c30831b7ff48,pope,google/gemma-4-E4B-it,3,6.0,7.983827683545257e-05,0.003495852902738572,0.057929416965372224,0.05555555555555536
state:af7ff3af9a8292573b8fa0eb,vizwiz,Qwen/Qwen3-VL-8B-Instruct,4,10.0,1.1334761540962618e-05,0.01470007300376892,0.14836178577421855,0.3666666666666667
state:b60f939ad06a8d24e09c8bf9,vizwiz,Qwen/Qwen3-VL-8B-Instruct,4,10.0,0.0032771584800419034,0.06632317602634429,0.16755688724535614,0.08888888888888868
state:7907b40f014480b82e16baab,pope,Qwen/Qwen3-VL-8B-Instruct,3,6.0,0.0003294476772481812,0.023560044588521123,0.040217887211108395,0.08888888888888868
state:1b1bb9169a3d7dc0b338a429,vizwiz,Qwen/Qwen3-VL-8B-Instruct,3,6.0,0.00012898405668994528,0.019034946854743676,0.03779919501870207,0.0
state:5afbc90edbebc895f64205e7,pope,google/gemma-4-E4B-it,2,2.0,1.4924905372810558e-05,0.007059380412101746,0.017953089639217202,0.0
state:b71549fb0132f15c0b3b76a6,pope,Qwen/Qwen3-VL-8B-Instruct,3,6.0,6.132784909736486e-06,0.03220081652721596,0.10248484511078408,0.0
state:5f55a81120695d531df008b7,pope,google/gemma-4-E4B-it,3,6.0,0.01342990047727361,0.061700584159957016,0.16414702027660122,0.08888888888888868
state:ee49f7e348f0b04f1c05f992,vizwiz,Qwen/Qwen3-VL-8B-Instruct,3,6.0,0.003985082848344247,0.014415532350540161,0.08414552144951332,0.11999999999999977
state:ecb66669e8a1e2d83bab3aaa,pope,Qwen/Qwen3-VL-8B-Instruct,3,6.0,0.00019218251607330857,0.0057445081054336615,0.06262195082183887,0.08888888888888868
state:be901f6c9c0cac337021c06c,vizwiz,Qwen/Qwen3-VL-8B-Instruct,2,2.0,0.001865213022815699,0.08031152188777924,0.07659697639072353,0.0
state:1e1026893c0b2b4cfade1c2c,pope,Qwen/Qwen3-VL-8B-Instruct,3,6.0,0.00038863827845600626,0.025993542021347415,0.04231733984555305,0.08888888888888868
state:14b27f45bd5c1a727ecb2608,pope,Qwen/Qwen3-VL-8B-Instruct,3,6.0,0.0001727548976895144,0.018568313227862936,0.06768871576671939,0.05555555555555547
state:3fcc62e817b4f94a0c78303e,pope,google/gemma-4-E4B-it,2,2.0,6.5448193101716e-05,0.00905357496230863,0.06104348665248862,0.0
state:3438a6880197634c16384788,pope,google/gemma-4-E4B-it,4,10.0,3.989862550507031e-05,0.005325554329901938,0.12643258354121578,0.17037037037037017
state:1a145352dccdf7817afe348f,pope,Qwen/Qwen3-VL-8B-Instruct,3,6.0,3.341248294283136e-05,0.010243967020263275,0.033239008190327414,0.05555555555555536
state:ddd1cd1b9e725bf4b4698ac4,pope,Qwen/Qwen3-VL-8B-Instruct,3,6.0,0.00047669545273175537,0.03194585768505931,0.06143524171866079,0.09999999999999987
state:218f32b29dd900ab72b352a5,vsr,Qwen/Qwen3-VL-8B-Instruct,4,10.0,0.00025227814180439135,0.014672378087416293,0.0691687652118202,0.033333333333333215
state:f71fb257aa3f32a23214125b,pope,google/gemma-4-E4B-it,2,2.0,7.0812646020430305e-06,0.0017532878555357456,0.02299462171307619,0.16666666666666663
state:c7e186b5158809da6fd8b29e,vizwiz,google/gemma-4-E4B-it,2,2.0,2.368153263788051e-05,0.013436928391456604,0.03160507106164429,0.0
state:43d3bdbbccd21fd1322e94a3,hallusionbench,google/gemma-4-E4B-it,4,10.0,0.00023334782890895015,0.022273460328578947,0.04422423976792319,0.059259259259259234
state:b1444ab73f8d1f9e004cd8b3,pope,Qwen/Qwen3-VL-8B-Instruct,3,6.0,0.00010356515918957659,0.013857480242020557,0.04313789414815257,0.09999999999999976
state:43dff1f25fddc393e1a8a6cb,pope,google/gemma-4-E4B-it,3,6.0,0.0003723703356718231,0.024352917551166486,0.0432524440835879,0.05555555555555547
state:6aa39a1b6affb563b31c4466,vizwiz,google/gemma-4-E4B-it,2,2.0,1.7827958624811396e-07,0.07066218554973602,0.047001351458038666,0.0
state:cd60decb4bd9f484b83c101c,pope,google/gemma-4-E4B-it,3,6.0,0.0002490279525116807,0.017815559908437233,0.07583163441858402,0.14444444444444438
state:3a6ac38e5e2eda27f0f21553,pope,google/gemma-4-E4B-it,4,10.0,0.0003868346937912677,0.02682423036545515,0.042114782722757364,0.08888888888888868
state:17386155e8085cff2f77cb48,pope,Qwen/Qwen3-VL-8B-Instruct,2,2.0,5.432863517547783e-05,0.012900646775960922,0.031732016409327525,0.16666666666666663
state:4b5ef1a4c126622c964b62d8,pope,google/gemma-4-E4B-it,3,6.0,0.000209382321427566,0.01630654449400026,0.0606716931261546,0.0
state:33a02ee7fa73d1905af96e0a,pope,google/gemma-4-E4B-it,4,10.0,0.0014388301145644,0.03791494480334222,0.17274676527944366,0.11111111111111094
state:1fbba575299a0e1c7c9954d9,pope,Qwen/Qwen3-VL-8B-Instruct,2,2.0,6.607648184973604e-05,0.009121901995968074,0.060907239611012645,0.0
state:4dd43d228d59a53452e51407,pope,Qwen/Qwen3-VL-8B-Instruct,3,6.0,1.4262383814083997e-05,0.003417374721417813,0.09381412657487331,0.14444444444444438
state:c01e8115f10cde4d595f6b7d,pope,google/gemma-4-E4B-it,2,2.0,4.081329462699137e-06,0.0012557795271277428,0.01957798885316365,0.0
state:5f87774bbbc3d89a5a401b82,pope,Qwen/Qwen3-VL-8B-Instruct,2,2.0,1.3629341873689922e-05,0.007635243237018585,0.018557609561739494,0.0
state:98984f773a3ae291d7c50218,pope,google/gemma-4-E4B-it,3,6.0,0.00102256620633499,0.01608005065645557,0.09449110107413171,0.05555555555555536
state:63f69fd81bc044f93efd277e,vizwiz,Qwen/Qwen3-VL-8B-Instruct,3,6.0,0.0031520370008946298,0.032799565129809895,0.05933757408740136,0.05555555555555547
state:cea4ff230a350a0c4336b894,hallusionbench,google/gemma-4-E4B-it,3,6.0,0.0016421260612072637,0.04158562825371822,0.1043625365608208,0.16666666666666652
state:405a7ae757aac523e64ce08e,pope,Qwen/Qwen3-VL-8B-Instruct,2,2.0,2.841085372572829e-05,0.002195754088461399,0.035444708749223904,0.16666666666666663
state:6fc3e6c1f59564d85f14423c,pope,Qwen/Qwen3-VL-8B-Instruct,2,2.0,4.588573933711807e-05,0.006657700956566259,0.02377074661474053,0.0
state:cb39d550dc46a306a26169be,vizwiz,google/gemma-4-E4B-it,4,10.0,1.234101245492179e-07,0.0008532083034515469,0.04735515222176958,0.23333333333333328
state:3e23175dd46f50ecf4886c3e,vsr,google/gemma-4-E4B-it,3,6.0,0.00026489512136430344,0.04382706267966163,0.04487392409359578,0.05555555555555547
state:f6ec544a51ca749bdb481392,pope,google/gemma-4-E4B-it,4,10.0,1.885919625152837e-05,0.0008241842081770257,0.06493205840699633,0.09259259259259234
state:605adc0a13674a6a9082f4a0,vizwiz,Qwen/Qwen3-VL-8B-Instruct,2,2.0,0.00039733935191529625,0.002803228795528412,0.0749001384543237,0.0
state:3caba00546dd30e5240068df,hallusionbench,Qwen/Qwen3-VL-8B-Instruct,2,2.0,0.0009630254962455823,0.07584996148943901,0.058070138843126735,0.16666666666666663
state:fe0d682faea5231100745740,pope,Qwen/Qwen3-VL-8B-Instruct,3,6.0,0.00023626962514503564,0.017884993537639577,0.07544454161177659,0.17777777777777792
state:fe62ae31c2fd188bcfb5b44e,pope,Qwen/Qwen3-VL-8B-Instruct,3,6.0,0.0001264300845559463,0.02924076964457829,0.04719982732370692,0.0
state:f68aea91aa96a5196ce61e69,pope,Qwen/Qwen3-VL-8B-Instruct,4,10.0,0.00029108905480087013,0.02554573701694607,0.044823331649602574,0.0
state:41b799e303920ab53090aa2b,vizwiz,Qwen/Qwen3-VL-8B-Instruct,4,10.0,0.020749843962458065,0.1581975015066564,0.19784675148258044,0.09259259259259234
state:294648cb01d8690afe6de4fb,vizwiz,google/gemma-4-E4B-it,2,2.0,5.710158371047467e-06,0.031627804040908813,0.031712727007884856,0.33333333333333337
state:cd1d4e9a008132c9fb0a31ef,pope,Qwen/Qwen3-VL-8B-Instruct,3,6.0,3.5091961452650276e-05,0.009932702252020439,0.03270757006082904,0.0
state:0e992ec6755764378e79c0de,pope,Qwen/Qwen3-VL-8B-Instruct,4,10.0,2.0718206598029226e-05,0.0013114452082663773,0.0676420131463948,0.07777777777777761
state:17f460af3631d3b48e2908d0,pope,Qwen/Qwen3-VL-8B-Instruct,2,2.0,3.3286443652362494e-05,0.004461478325538337,0.03570758660791696,0.0
state:a33fdd3098f7b8eea98c281a,vizwiz,Qwen/Qwen3-VL-8B-Instruct,2,2.0,5.706707063007346e-06,0.005033746361732483,0.009450480477632554,0.0
state:4d1ef60cd31b66e5857cb2cb,vizwiz,Qwen/Qwen3-VL-8B-Instruct,2,2.0,5.029234339274107e-05,0.008521720650605857,0.028167511453201895,0.16666666666666663
state:c2d3360421d4aa1bd373e11b,pope,google/gemma-4-E4B-it,4,10.0,1.0933236875756928e-05,0.0013173105008900167,0.07165868870915341,0.033333333333333215
state:aa0ef1d58381a8b69d17dc25,vsr,google/gemma-4-E4B-it,2,2.0,0.0002777142761208282,0.031183920800685883,0.04318869123743862,0.16666666666666663
state:74f7acde32bf44254d61ce6c,pope,Qwen/Qwen3-VL-8B-Instruct,3,6.0,0.00040446299042976047,0.024101945830302104,0.1669153430915172,0.09999999999999976
state:34c03fce5a2946265edf0763,hallusionbench,Qwen/Qwen3-VL-8B-Instruct,4,10.0,9.344896820333732e-05,0.022143009305000304,0.023454189828685593,0.033333333333333215
state:45d5ccb7c03632463ad1a0d0,vsr,Qwen/Qwen3-VL-8B-Instruct,4,10.0,9.684968490503324e-06,0.0009946815902367235,0.06021513497240867,0.08888888888888868
state:e4d095630f904b2f16531a26,pope,google/gemma-4-E4B-it,4,10.0,3.885204760808039e-05,0.03844022512435914,0.05942719433738067,0.2851851851851851
state:4420fb235c2ca6291ef0cb9d,hallusionbench,google/gemma-4-E4B-it,4,10.0,0.0010897679290600933,0.03590366804972291,0.09811937262452934,0.14814814814814792
state:103676ffa4e1b174f84b39fb,vizwiz,Qwen/Qwen3-VL-8B-Instruct,3,6.0,2.9933884471492428e-05,0.010564143459002176,0.04165896159597284,0.2255555555555555
state:251f805bb86a0c57d7bb5393,pope,google/gemma-4-E4B-it,3,6.0,0.0025940024277133072,0.08251312214674221,0.1925405955333296,0.08888888888888868
state:5b194b389ca850190c57f5e8,pope,Qwen/Qwen3-VL-8B-Instruct,3,6.0,9.664182833405228e-05,0.0038959008589800983,0.059362715569354275,0.08888888888888868
state:418f8e0fb37c54af1400194c,vizwiz,Qwen/Qwen3-VL-8B-Instruct,3,6.0,9.765046255824478e-06,0.00610805261466237,0.02232438222930849,0.2644444444444445
state:86dab5186278571ef2115774,pope,google/gemma-4-E4B-it,4,10.0,0.00034345607354627385,0.004309146862942726,0.07450379206101551,0.09259259259259234
state:4c96642618874f0e3bc15ec0,pope,google/gemma-4-E4B-it,2,2.0,4.660337987635382e-05,0.005681283539161086,0.08564107832521821,0.0
state:ef6c7b9ca4d0a764689ac0cc,pope,google/gemma-4-E4B-it,4,10.0,0.000279728527960811,0.013040721900761132,0.1235199386405456,0.16666666666666663
state:b6b4239b7738a1520b4e9b2d,vizwiz,Qwen/Qwen3-VL-8B-Instruct,2,2.0,0.00035863603502169427,0.24294234439730644,0.20738421914219193,0.0
state:632ef7a28e6514954a154c38,pope,google/gemma-4-E4B-it,3,6.0,0.000193632816686351,0.018573384175801455,0.07000756967498585,0.0
state:a6270afd0b5d8d7124aa04c9,pope,Qwen/Qwen3-VL-8B-Instruct,4,10.0,0.0003683672242494817,0.026886287946254018,0.06492548319875022,0.05925925925925901
state:62396217515d2103a8edeb53,vizwiz,google/gemma-4-E4B-it,4,10.0,1.5865156261558544e-05,0.08445754386484623,0.09474967430433874,0.1585185185185184
state:3d462cfa45f843c8cf5c0a72,pope,google/gemma-4-E4B-it,4,10.0,0.000587763704012364,0.060720294117927544,0.0893551913139021,0.033333333333333326
state:a54e6efb0746885aa86c88e7,hallusionbench,google/gemma-4-E4B-it,3,6.0,0.00013565679206229079,0.010719917326544722,0.14117522821608228,0.05555555555555547
state:825f2f7ee0c704e922e9bf70,vizwiz,google/gemma-4-E4B-it,2,2.0,2.6206269840668557e-05,0.025756925344467163,0.03038035117623082,0.16666666666666663
state:38d06e6265360c84cc60ead6,vizwiz,Qwen/Qwen3-VL-8B-Instruct,2,2.0,0.00041271067802964984,0.04391469433903694,0.05482937235815631,0.16666666666666663
state:47bddd5a2df3150b36639ac4,pope,google/gemma-4-E4B-it,3,6.0,0.00038242384344927153,0.02434150447758535,0.04124046097854884,0.05555555555555536
state:0212208dd9f6536511ac323f,pope,Qwen/Qwen3-VL-8B-Instruct,2,2.0,6.792548532328212e-07,0.00040297722443938255,0.034364706741806354,0.0
state:d3424d391a24e2949d0c51b6,pope,google/gemma-4-E4B-it,3,6.0,8.668439080930478e-05,0.014285060887535414,0.040570862650272106,0.09999999999999987
state:bc1dada8d56f9a3d3f80acee,vizwiz,google/gemma-4-E4B-it,2,2.0,1.067898013166526e-05,0.0079161457833834,0.02262055704320344,0.16666666666666663
state:fe46c39e0d83c497bbd7ac30,vsr,Qwen/Qwen3-VL-8B-Instruct,4,10.0,0.0026503402138084303,0.08642111755907536,0.08705541302259952,0.18148148148148147
state:591fb7b1e775541aaf107c23,hallusionbench,google/gemma-4-E4B-it,4,10.0,0.0004568028122620041,0.020532701686024658,0.10283207178248369,0.16666666666666663
state:a283ebdd2f974c9a341b3b9e,pope,Qwen/Qwen3-VL-8B-Instruct,4,10.0,0.00024116121354030639,0.04002899512648583,0.054437433707670735,0.07777777777777761
state:f4934f3e2e2312cc302e2443,pope,google/gemma-4-E4B-it,4,10.0,0.0005900618147074437,0.034544215598143635,0.16752086843173392,0.12592592592592566
state:4c158dbbb822507abce94546,vizwiz,Qwen/Qwen3-VL-8B-Instruct,4,10.0,0.0009123676467980074,0.0472019726037979,0.06902565175529661,0.0777777777777775
state:4f1aaa4485ea7f0b85ee945c,pope,google/gemma-4-E4B-it,2,2.0,0.00015733005942333096,0.008192718029022217,0.05262715142495534,0.16666666666666663
state:bfeffbb92212776480d37e30,pope,Qwen/Qwen3-VL-8B-Instruct,4,10.0,4.2678565532294e-05,0.001399975591339171,0.06713702920495372,0.059259259259259234
state:7430c2829b95fec9425acdf4,pope,Qwen/Qwen3-VL-8B-Instruct,2,2.0,0.00010894082373180555,0.018634583801031113,0.0408082357613883,0.0
state:b55ba52af340540f0dbc2550,pope,Qwen/Qwen3-VL-8B-Instruct,2,2.0,4.232294346673103e-06,0.0012394285295158625,0.02000486961343814,0.0
state:1bc516b104fb35b8f3fb40d4,hallusionbench,Qwen/Qwen3-VL-8B-Instruct,4,10.0,0.0004191005838448017,0.010566827794536948,0.10238426041435014,0.07777777777777761
state:07be7fb4f6d9eb9aedb2f415,pope,Qwen/Qwen3-VL-8B-Instruct,4,10.0,0.0004893673603151049,0.008873283432330938,0.09139658563654991,0.09259259259259256
state:d18a7b98b412819230ee09cf,hallusionbench,Qwen/Qwen3-VL-8B-Instruct,2,2.0,0.004023978117358917,0.0643321558018215,0.18613619732923667,0.16666666666666663
state:30e48a77b4838f12b43ed01a,pope,Qwen/Qwen3-VL-8B-Instruct,3,6.0,6.395062347117825e-05,0.0030498592338214317,0.05454981633513065,0.08888888888888868
state:15b34395a8f92cd400a3717b,vizwiz,Qwen/Qwen3-VL-8B-Instruct,4,10.0,0.0024581834798568514,0.04273962467908858,0.06936351922153404,0.033333333333333326
state:eeb15752acee3b888d5bd694,pope,google/gemma-4-E4B-it,2,2.0,0.0002400752517108572,0.019960490055382252,0.046997871375853956,0.0
state:afdc1f9af9a3864f22039a5e,hallusionbench,Qwen/Qwen3-VL-8B-Instruct,3,6.0,0.0003024680405784251,0.03419947577640414,0.06804488305987826,0.09999999999999987
state:421b13af8edbaa68f985ef0d,pope,google/gemma-4-E4B-it,3,6.0,1.726946054889668e-05,0.004136867717736309,0.10013432131107423,0.15555555555555556
state:d1be88cf85263a31821b5f3e,hallusionbench,Qwen/Qwen3-VL-8B-Instruct,2,2.0,8.823169177690987e-06,0.007772124372422695,0.019543755911538948,0.0
state:7b440e3c0d2bcd93fb6875b6,vizwiz,Qwen/Qwen3-VL-8B-Instruct,2,2.0,0.00021411754876189383,0.042210325598716736,0.16330130010689464,0.33333333333333337
state:99d8f5a14639377fa3d034c1,pope,google/gemma-4-E4B-it,2,2.0,2.14489580616651e-05,0.004932421259582043,0.010567707402038056,0.0
state:17c60be40fa52d1030204ee0,pope,google/gemma-4-E4B-it,3,6.0,0.0016699507619388932,0.01821284782555368,0.12514445779183153,0.08888888888888868
state:8c5a985793800e2c5da8687a,pope,google/gemma-4-E4B-it,2,2.0,7.978665061936883e-07,0.001877516508102417,0.018363047796042545,0.5
state:e4c21b28da6b0397f953d00e,vizwiz,google/gemma-4-E4B-it,3,6.0,7.224108777837071e-08,0.001979870928658367,0.06365879440774215,0.4
state:59ed47e85265ef461e268b32,pope,google/gemma-4-E4B-it,3,6.0,0.000549004166518555,0.031644495048870645,0.11549429269643346,0.19999999999999996
state:53da45bf67e11fd681719d6b,pope,google/gemma-4-E4B-it,4,10.0,0.00019318020556966252,0.012023188408929844,0.13219689186441938,0.18148148148148158
state:009c7e97d317483dff81c203,pope,google/gemma-4-E4B-it,3,6.0,0.000771755646586976,0.03180974059634737,0.05863357902382074,0.14666666666666672
state:45c2e73992a974cf0f5abd4f,pope,Qwen/Qwen3-VL-8B-Instruct,4,10.0,5.9594605200161265e-05,0.003895010910928258,0.09393662562208688,0.059259259259259234
state:b0a98cc20834685b96b997c9,pope,Qwen/Qwen3-VL-8B-Instruct,2,2.0,0.00022453363480371942,0.01940884767100215,0.046416560744763954,0.0
state:46fc4f4280eed474c8219062,pope,Qwen/Qwen3-VL-8B-Instruct,4,10.0,0.00011017493659776508,0.00622539979871362,0.10167621072636511,0.11111111111111116
state:12b6aec14db617e8756bd3ac,vizwiz,google/gemma-4-E4B-it,3,6.0,0.0005229610120726805,0.027811047960616026,0.06918693694112545,0.15111111111111108
state:c9ca8193c27b5871cc38d519,hallusionbench,Qwen/Qwen3-VL-8B-Instruct,4,10.0,0.000633081328161783,0.02197713271714748,0.06436363289998573,0.08888888888888868
state:186a827ced08baee577ef63c,vizwiz,Qwen/Qwen3-VL-8B-Instruct,4,10.0,6.442954078276308e-05,0.0161439636349678,0.059824372992390545,0.05925925925925901
state:e900546a420208a50ef85fb2,pope,google/gemma-4-E4B-it,4,10.0,0.00012493130096622482,0.01573853052977938,0.07184395888442499,0.05925925925925901
state:77a77ba6b4ab88b50642f92b,pope,Qwen/Qwen3-VL-8B-Instruct,3,6.0,5.1998282190260084e-05,0.018608340372641884,0.03924278797071624,0.0
state:34881eeedbfe589802e7784a,vizwiz,google/gemma-4-E4B-it,2,2.0,5.503162740467619e-07,0.018709391355514526,0.039952952293934994,0.5
state:ea78d96d35f83bb092da7397,vizwiz,google/gemma-4-E4B-it,3,6.0,3.5110006186185855e-05,0.009831932813136128,0.09307778440802958,0.2511111111111112
state:6c0f751b1079a89f66481225,vizwiz,Qwen/Qwen3-VL-8B-Instruct,3,6.0,0.004194549300794779,0.010550238379639457,0.12109719214370591,0.05555555555555536
state:013f06e176525814ef1ed625,vizwiz,Qwen/Qwen3-VL-8B-Instruct,2,2.0,0.0003403601753658828,0.07225001830374822,0.1264697609009441,0.16666666666666663
state:dd581ba3d25152da46be4af5,pope,google/gemma-4-E4B-it,2,2.0,0.00018472912524652616,0.025633610464865342,0.07686463897180684,0.0
state:b2c3144543a426b2d9d4d3cf,vizwiz,Qwen/Qwen3-VL-8B-Instruct,2,2.0,9.64152594220742e-06,0.00630033016204834,0.03282404406369683,0.19999999999999996
state:4d2d13da793bcc5b7bbadf9c,hallusionbench,google/gemma-4-E4B-it,2,2.0,0.0004953862573387411,0.06953037157654762,0.06068387069821298,0.0
state:cdb6286eeab9ae233c898c61,pope,google/gemma-4-E4B-it,3,6.0,0.0013352423266620808,0.060174341054840215,0.17269324578908962,0.14444444444444426
state:d2b93e6f7c321eedddef2750,vizwiz,Qwen/Qwen3-VL-8B-Instruct,4,10.0,0.0006218875043149706,0.042587419534102076,0.10256551265382303,0.059259259259259234
state:cddeeb1705a7be89123e460c,vizwiz,google/gemma-4-E4B-it,4,10.0,0.00016347930547171982,0.03939405633136631,0.11809292716116718,0.17629629629629617
state:0e19d7e475fcea7fa0360c5b,vizwiz,google/gemma-4-E4B-it,4,10.0,2.791954208445183e-06,0.020224325656890873,0.04449924036593571,0.3555555555555555
state:904d418f76c2ca8586417f43,pope,Qwen/Qwen3-VL-8B-Instruct,3,6.0,0.0015465862067058067,0.11487038526684046,0.12250438717010659,0.05555555555555536
state:fa9b02323caa6062733e4d88,pope,google/gemma-4-E4B-it,2,2.0,1.707492413282514e-05,0.013250850141048431,0.023843714399582352,0.0
state:ba4eb4b32f7802d88f429538,vizwiz,Qwen/Qwen3-VL-8B-Instruct,4,10.0,0.006591424937073484,0.04254330606665464,0.1364112453295549,0.07777777777777761
state:bd64c82093872115c5a43612,pope,Qwen/Qwen3-VL-8B-Instruct,3,6.0,1.5048619762211355e-05,0.003579807985160098,0.09512741075033435,0.18888888888888888
state:1fe7317588e16cbbe9b34291,vizwiz,Qwen/Qwen3-VL-8B-Instruct,3,6.0,0.00047369037118474643,0.2521599189688762,0.21579087687566403,0.09999999999999987
state:934dfafa1ca0c5bb37730880,vsr,google/gemma-4-E4B-it,2,2.0,0.0003811061646773331,0.014885855372995138,0.10607972660217256,0.33333333333333337
state:baf0296ab489391a207e60cd,pope,Qwen/Qwen3-VL-8B-Instruct,4,10.0,0.00033470174522512403,0.04315624564886093,0.09016543328649043,0.08888888888888868
state:b1442208cc42c5911215aa1d,vizwiz,google/gemma-4-E4B-it,3,6.0,1.0941011345778521e-05,0.0057916806803809395,0.06585764854662862,0.2666666666666667
state:c7f790ceaae44889d1b643ea,pope,google/gemma-4-E4B-it,4,10.0,0.0009954164510978373,0.06094055252615362,0.18713855477732252,0.08888888888888868
state:8922cb653d687c60810aeab6,vizwiz,Qwen/Qwen3-VL-8B-Instruct,3,6.0,0.0001420035085448386,0.02911523538124232,0.09873687127317048,0.2777777777777778
state:b0282879e976624af7194775,hallusionbench,google/gemma-4-E4B-it,4,10.0,0.0006200582435657504,0.03823743676766753,0.08546940191410682,0.05925925925925901
state:512397a4c42567f6bc7af415,hallusionbench,google/gemma-4-E4B-it,2,2.0,1.8384527285486967e-05,0.022353574633598328,0.07373931388059402,0.16666666666666663
state:b175bf74e900632e6be61280,vizwiz,Qwen/Qwen3-VL-8B-Instruct,3,6.0,0.005473319336325829,0.036043258694310985,0.20067502179335606,0.1777777777777777
state:8111145d962f6489970ebe5b,hallusionbench,google/gemma-4-E4B-it,4,10.0,0.04371377816457691,0.11626798838376999,0.2511707653336533,0.059259259259259234
state:b53c5d44d8fa6ea1d0e55384,vizwiz,google/gemma-4-E4B-it,2,2.0,7.172815466813466e-08,0.003534376621246338,0.0057199798435414295,0.0
state:490a8dc687663ba91a7fb6d2,vizwiz,google/gemma-4-E4B-it,4,10.0,3.9688327719657704e-06,0.020139279365539543,0.04880026926117478,0.1777777777777778
state:496d7d2c8eff82a2ae14d8a8,hallusionbench,google/gemma-4-E4B-it,2,2.0,0.001067534245381997,0.06976942159235477,0.060339436939158955,0.0
state:842a872e79ba941319e55cf0,vizwiz,google/gemma-4-E4B-it,2,2.0,1.7351458579776743e-07,0.0063991546630859375,0.006833595232147768,0.5
state:ea04c334688e959bb8c8727d,vizwiz,google/gemma-4-E4B-it,4,10.0,2.077370337965326e-06,0.005363754034042367,0.08355984199686572,0.20925925925925937
state:defb9d925c0afab45f1fdf6c,vizwiz,google/gemma-4-E4B-it,3,6.0,3.2725064078494e-07,0.0017569164435068767,0.07214138884811339,0.2666666666666667
state:667b63946189f3b941a2a649,pope,Qwen/Qwen3-VL-8B-Instruct,3,6.0,0.00013090223861891493,0.007874468697183248,0.1465127929801625,0.05555555555555536
state:57ca3c3e41f0610a23fa2b0f,hallusionbench,google/gemma-4-E4B-it,3,6.0,0.002487547360982513,0.07176840317293276,0.1847440760730544,0.08888888888888868
state:ef7e23a177df8f8e2177aeb7,vizwiz,google/gemma-4-E4B-it,3,6.0,6.517551077500093e-05,0.014898196748820017,0.0949895455901391,0.30000000000000004
state:fce3f17bc84555cf98a598b5,pope,Qwen/Qwen3-VL-8B-Instruct,3,6.0,0.0003492392827109144,0.02363800852456027,0.04243002381001933,0.05555555555555536
state:2741c2b0f0e268fd02f5a5a2,pope,Qwen/Qwen3-VL-8B-Instruct,2,2.0,0.00014173381804655704,0.025461787765379995,0.07733459576249457,0.16666666666666663
state:a6fbe92ec555f66de2539e33,vizwiz,Qwen/Qwen3-VL-8B-Instruct,3,6.0,0.0004408903467604509,0.03088991509543526,0.063693351991705,0.05555555555555536
state:ff59e09ed991b3f3c90053b1,pope,Qwen/Qwen3-VL-8B-Instruct,3,6.0,0.00020061173868177033,0.024650851678517143,0.04572871089671201,0.0888888888888888
state:898bf026d9ece38434f930e5,pope,google/gemma-4-E4B-it,2,2.0,0.0005168529613999713,0.019285771064460278,0.05048775436345633,0.16666666666666663
state:2e4cdebe892a26eee1b7fa92,vizwiz,Qwen/Qwen3-VL-8B-Instruct,2,2.0,0.002999559640666603,0.029421107145026326,0.14552734452343238,0.16666666666666663
state:70dd1279151dea454b65eaaf,vizwiz,google/gemma-4-E4B-it,3,6.0,1.477221686760623e-05,0.02235610286394755,0.06436861609406495,0.2666666666666667
state:a5c811b590844ec5859bad15,vizwiz,google/gemma-4-E4B-it,3,6.0,1.6717890581807984e-07,0.0017989940113491605,0.07112336860102293,0.30000000000000004
state:ed95114e63878c66e5e7bda9,hallusionbench,Qwen/Qwen3-VL-8B-Instruct,2,2.0,0.0005622535055256517,0.036501184571534395,0.05770040890333217,0.0
state:5ef99dd41c754922fe37b025,hallusionbench,google/gemma-4-E4B-it,2,2.0,0.0004514133254312333,0.01926418114453554,0.10674101464455477,0.16666666666666663
state:c4bedb48358748f6504d7a53,vizwiz,google/gemma-4-E4B-it,3,6.0,2.6621376488021784e-06,0.03126193583011627,0.04697162858962459,0.48888888888888904
state:731378984e9304082d56a5ad,pope,Qwen/Qwen3-VL-8B-Instruct,4,10.0,0.000727260366995194,0.009743522091303022,0.10502866564646153,0.08888888888888868
state:b7084364f41b72d0ddcd1c8e,vizwiz,google/gemma-4-E4B-it,4,10.0,7.8381828038379e-06,0.038256482030265035,0.09823887698297576,0.3111111111111112
state:6b5c69816cd228b217ec0875,pope,google/gemma-4-E4B-it,2,2.0,0.0002423122239544346,0.020909497048705816,0.04702841162356027,0.16666666666666663
state:ec6bab9e2cb984b715b2f1ab,vizwiz,Qwen/Qwen3-VL-8B-Instruct,3,6.0,3.686152676759168e-05,0.013141582112034977,0.03078431367093158,0.08888888888888868
state:85763f298c3a3035a0b95883,vizwiz,Qwen/Qwen3-VL-8B-Instruct,4,10.0,8.821137035683365e-05,0.039486642181873324,0.055690843886606,0.08888888888888868
state:8fee406e5f40e597291d1893,vizwiz,Qwen/Qwen3-VL-8B-Instruct,3,6.0,0.00012084172509667933,0.07026205853455596,0.11022691009006805,0.08888888888888868
state:f800046d99a5b91ce74a4ffa,pope,Qwen/Qwen3-VL-8B-Instruct,2,2.0,0.0010786176665548981,0.03729485720396042,0.06617647403978606,0.0
state:73520c07ac0985567e9a96e2,pope,Qwen/Qwen3-VL-8B-Instruct,3,6.0,2.195575028230519e-05,0.004066038747421581,0.031073339318271633,0.08888888888888868
state:04ea8618516bb4f16c3f7144,vizwiz,google/gemma-4-E4B-it,3,6.0,2.46888096532631e-06,0.019758333762486775,0.020687192443211832,0.2511111111111112
state:47c1d9d4615b1736a68a3d09,pope,Qwen/Qwen3-VL-8B-Instruct,2,2.0,1.0835711335987042e-05,0.004403084050863981,0.00964993774538504,0.0
state:8510517b265d46c8dad84337,pope,Qwen/Qwen3-VL-8B-Instruct,4,10.0,2.9071606000571823e-05,0.003652020902372893,0.11933176598074385,0.18148148148148147
state:3dc396290f63d8bcf9576bb5,pope,google/gemma-4-E4B-it,4,10.0,0.0004649988754773903,0.020874409907846714,0.09171143355577166,0.0777777777777775
state:5f21158c8e83d38cc271fd1c,vizwiz,Qwen/Qwen3-VL-8B-Instruct,3,6.0,0.0002483510287681222,0.0319707290812706,0.039943309343409825,0.0
state:53610cb96e09d2de062bc0dd,pope,google/gemma-4-E4B-it,3,6.0,0.00099792605452661,0.013954258894146832,0.09629315582032984,0.08888888888888868
state:6ac31e453b173bdad0364202,pope,Qwen/Qwen3-VL-8B-Instruct,3,6.0,2.203927161578556e-05,0.004080372526206892,0.031094433550717445,0.05555555555555536
state:08196c8bc1a626888ae33d7d,pope,Qwen/Qwen3-VL-8B-Instruct,2,2.0,0.00028758715635870957,0.025053397985175252,0.03905583200519168,0.16666666666666663
state:7e0424aa1dd5012985bc6deb,pope,google/gemma-4-E4B-it,4,10.0,2.1061711427290275e-05,0.0021641410049051046,0.09298189374309557,0.14814814814814825
state:3a2dc825cff2ca95d31f9f9b,vizwiz,google/gemma-4-E4B-it,2,2.0,0.00018355717610522203,0.0007203807035693899,0.05454032683519315,0.4
state:82923e137812f03721d4be2f,pope,Qwen/Qwen3-VL-8B-Instruct,4,10.0,0.0010689180618553564,0.04578893120866269,0.18196945036881937,0.16666666666666663
state:b34fa9151c3f9080dc4b57f1,vizwiz,google/gemma-4-E4B-it,2,2.0,1.2284780558690716e-05,0.017001599073410034,0.041209670806332935,0.0
state:995192091fff412e562ab8ca,vizwiz,google/gemma-4-E4B-it,4,10.0,4.2583501937381384e-05,0.0442677033226937,0.10184864282043275,0.35
state:76295d6bdf06a8e5d9042684,vizwiz,google/gemma-4-E4B-it,4,10.0,7.383187846992703e-06,0.041858157329261306,0.0888917870264655,0.3111111111111112
state:d56ab373e4ee96e49d2b7c26,pope,Qwen/Qwen3-VL-8B-Instruct,2,2.0,5.277230948515319e-05,0.00719089835183695,0.024468824794264436,0.16666666666666663
state:4c5ff22aef65301735462e0a,pope,google/gemma-4-E4B-it,4,10.0,0.0008122948962850377,0.04737717553973199,0.051747477222492407,0.07777777777777761
state:24ce9881ee039e7566e06771,vizwiz,google/gemma-4-E4B-it,4,10.0,1.7336370434410943e-06,0.006420561075210563,0.09088960498391978,0.20925925925925937
state:745492ee98e098897df53035,vizwiz,Qwen/Qwen3-VL-8B-Instruct,3,6.0,4.0503442503364905e-05,0.04643328736225764,0.04485089320922958,0.05555555555555536
state:28be67b6f9596451dbdafe5f,vizwiz,google/gemma-4-E4B-it,4,10.0,3.6121889062485967e-05,0.012599664228036997,0.0738397355775549,0.36444444444444446
state:0014a78ce72d366be1f2b793,pope,google/gemma-4-E4B-it,3,6.0,0.000153742662907405,0.006670576277732228,0.05350332069467663,0.09999999999999976
state:3dd34b104a70b614b006c028,hallusionbench,Qwen/Qwen3-VL-8B-Instruct,2,2.0,3.880086211768393e-06,0.0012254978064447641,0.01910820443304321,0.0
state:aeee35871b0a63a6b6a42721,hallusionbench,Qwen/Qwen3-VL-8B-Instruct,3,6.0,0.0007691545423089838,0.029293072720368702,0.06842038169824136,0.05555555555555536
state:c4695b6ec412f1f5a61d5e14,pope,Qwen/Qwen3-VL-8B-Instruct,4,10.0,1.8580762023852745e-05,0.00123912135604769,0.07183305994242972,0.07777777777777761
state:de8e4bbd30bb06cded927f76,pope,google/gemma-4-E4B-it,3,6.0,0.00034186622337715095,0.024820310141270358,0.0489867045898005,0.0
state:cd0525dcd8bc67ef8a0b7d49,pope,Qwen/Qwen3-VL-8B-Instruct,3,6.0,0.00039819930754859235,0.024054960852178436,0.1652642967868918,0.15555555555555556
state:6411b73bdbaa4b09c7d4b932,pope,Qwen/Qwen3-VL-8B-Instruct,3,6.0,0.0008615652259126852,0.012935116324418535,0.0907681343134738,0.05555555555555547
state:f60693983b798e7bde43c6b7,vizwiz,Qwen/Qwen3-VL-8B-Instruct,2,2.0,4.698397688417385e-06,0.015339486300945282,0.024864020887626428,0.16666666666666663
state:5c9d3fcafa4e45142c56f0ce,pope,Qwen/Qwen3-VL-8B-Instruct,3,6.0,0.0004873817571074931,0.05076809558603499,0.06831227657055101,0.0
state:b6de61d85d26776d81d9b7c7,vizwiz,google/gemma-4-E4B-it,2,2.0,1.1817014745802295e-05,0.006708413362503052,0.06926093979328024,0.5
state:e6789e45427170ea5f1f02bd,vizwiz,Qwen/Qwen3-VL-8B-Instruct,2,2.0,1.4851277445671567e-05,0.007236868143081665,0.022334195929253155,0.0
state:ee2669d62d22efe1361b5a51,vizwiz,Qwen/Qwen3-VL-8B-Instruct,2,2.0,0.0025457972647782608,0.025691030125017278,0.10461965312451547,0.0
state:aef3b5b696ecbfe94cf106fc,pope,google/gemma-4-E4B-it,2,2.0,9.72066686031524e-06,0.007326094433665276,0.01839612266659558,0.0
state:4e6774acf326673809ecf106,pope,google/gemma-4-E4B-it,3,6.0,0.0007138564925966326,0.02472733979811892,0.1041869345352052,0.11111111111111127
state:f9c34e92e266ae73bfb72ea7,vizwiz,google/gemma-4-E4B-it,2,2.0,0.0011715896267130222,0.008463686681352556,0.10237813838887187,0.16666666666666663
state:f194ebe2837d6d759da84a4e,vizwiz,Qwen/Qwen3-VL-8B-Instruct,4,10.0,0.00020316725159371965,0.001682476017158483,0.07202241035288867,0.2474074074074074
state:1424c237154a8e8574fb6e50,pope,Qwen/Qwen3-VL-8B-Instruct,4,10.0,0.0002937921609705141,0.02105319470167159,0.056391600485832576,0.059259259259259234
state:8e58092abbbfe32b83f32a4b,vizwiz,Qwen/Qwen3-VL-8B-Instruct,3,6.0,0.0005203491107594731,0.0728997557113568,0.07898664185968028,0.08888888888888868
state:58c7bb6a1be1e139178970b8,vizwiz,google/gemma-4-E4B-it,3,6.0,6.274030671825618e-05,0.026619321770138222,0.03424940603963461,0.20000000000000007
state:2570e444d24ea8fab842250d,pope,google/gemma-4-E4B-it,2,2.0,0.0003112756648230631,0.027398139238357544,0.042517683330800485,0.0
state:714f7dd5bdf5671169cb1434,vizwiz,Qwen/Qwen3-VL-8B-Instruct,2,2.0,2.0978687978332086e-06,0.042779941111803055,0.050310276702495674,0.5
state:f9a3e153c761a15cd46ff859,vizwiz,Qwen/Qwen3-VL-8B-Instruct,4,10.0,0.0031635727525334708,0.012199090213980517,0.1188700800884573,0.08888888888888868
state:87cbdf2b1ab2c1fc4e1f2d9d,vizwiz,google/gemma-4-E4B-it,3,6.0,1.2260434109752173e-05,0.0087869664033254,0.04305291099495227,0.2811111111111111
state:e01b8a1be3b76c4e42e328a3,vizwiz,Qwen/Qwen3-VL-8B-Instruct,2,2.0,3.708551645892081e-05,0.012904934585094452,0.02062700841411035,0.16666666666666663
state:ac026a82f0ba68dc770611b4,pope,google/gemma-4-E4B-it,2,2.0,1.3411943691120344e-05,0.007575906813144684,0.012370685848409335,0.0
state:b3b4bf8056ea0bdc836bb51f,pope,google/gemma-4-E4B-it,3,6.0,8.492982408826933e-05,0.011637630561987545,0.04733089792260668,0.08888888888888868
state:cd3aa58a0523643c2309f7d7,vizwiz,google/gemma-4-E4B-it,4,10.0,3.6705541942201406e-07,0.06852480053901673,0.05109244914119314,0.34444444444444444
state:dd3e8308ed47f8fc677a873a,pope,Qwen/Qwen3-VL-8B-Instruct,4,10.0,0.0002471778527430548,0.017678607837297022,0.0470798969067002,0.033333333333333326
state:337189a34f986a9f877f6c7c,vizwiz,google/gemma-4-E4B-it,4,10.0,0.000401204458742722,0.04270569503307342,0.11587013899157508,0.1525925925925926
state:120a47c7dd34d1ff80ef0ee9,vizwiz,Qwen/Qwen3-VL-8B-Instruct,4,10.0,0.003502270402873957,0.06377068251371383,0.05736409761511769,0.08888888888888868
state:703133ba649e149a7841fc93,vizwiz,Qwen/Qwen3-VL-8B-Instruct,4,10.0,6.708203876639066e-06,0.027621650695800783,0.04863751180533103,0.26111111111111107
state:57aa520de033421080a04403,vizwiz,google/gemma-4-E4B-it,2,2.0,8.583417902563909e-08,0.001781553030014038,0.0723161993242821,0.5
state:8e0ab6148b923953eaf08324,pope,Qwen/Qwen3-VL-8B-Instruct,2,2.0,3.3405084397495485e-05,0.005088080419227481,0.08283046685579225,0.0
state:1a727b6ed56b71d0b42b5b3f,vizwiz,google/gemma-4-E4B-it,2,2.0,0.00034199809263860787,0.027364730834960938,0.05444779793130916,0.0
state:c90f2e60d8b79bf7a6c734ca,vsr,Qwen/Qwen3-VL-8B-Instruct,3,6.0,0.007732248540721104,0.03785334361924068,0.14429768540688773,0.06666666666666665
state:a0ef0accd3080cb3666728fa,vizwiz,google/gemma-4-E4B-it,3,6.0,1.0234630875036306e-07,0.005145208703147053,0.07365299362643986,0.4
state:f99c5b1d15bf1fe54fb7afc2,pope,Qwen/Qwen3-VL-8B-Instruct,2,2.0,6.484089064186894e-06,0.0015076464042067528,0.02238771582996697,0.0
state:c9046fa36f360916ebd9d376,pope,google/gemma-4-E4B-it,4,10.0,0.0009487608233366265,0.04667158246040345,0.08690952261176331,0.1814814814814818
state:290e42000a94ab4d00fd944b,vsr,Qwen/Qwen3-VL-8B-Instruct,2,2.0,2.1002990865995374e-05,0.012010857462882996,0.014288756869935346,0.0
state:bbfeedbe636a46860445ed23,pope,Qwen/Qwen3-VL-8B-Instruct,2,2.0,0.000268564573510281,0.023927620582981035,0.04754337449691567,0.16666666666666663
state:a212eae6ea05b7174722e84a,pope,Qwen/Qwen3-VL-8B-Instruct,2,2.0,0.001847384202895162,0.049193769693374634,0.07185698554519825,0.33333333333333337
state:899e9ede3e92187e6dd2db03,pope,Qwen/Qwen3-VL-8B-Instruct,4,10.0,3.9025646840575934e-05,0.002394676003605132,0.0639316999711053,0.09259259259259234
state:406cd63139ed2f365be98896,pope,Qwen/Qwen3-VL-8B-Instruct,4,10.0,1.8971008814925798e-05,0.0027311516180634674,0.09991608851973878,0.1814814814814818
state:43c1d40153eb67dff42fca9d,vizwiz,Qwen/Qwen3-VL-8B-Instruct,2,2.0,0.0005506323328960687,0.05523368716239929,0.043974352725797666,0.0
state:6ac50b1b7ff8a78cd08aa64c,pope,Qwen/Qwen3-VL-8B-Instruct,4,10.0,2.5954297817017384e-05,0.002812951803207393,0.10313202620029516,0.15555555555555545
state:fe20b08fe7ad6e06cfc72911,vizwiz,Qwen/Qwen3-VL-8B-Instruct,3,6.0,2.23532587994999e-05,0.015689691063016653,0.10015519065746822,0.26666666666666683
state:cfc3c0ce8dce4b61c6e82258,pope,Qwen/Qwen3-VL-8B-Instruct,3,6.0,0.0001780939172793941,0.013372271208532363,0.07673609422326919,0.1777777777777777
state:8eb6fb22d5a5e9bfcf5fd330,pope,google/gemma-4-E4B-it,3,6.0,0.0005468621010535611,0.032451531772191324,0.0892205039756047,0.08888888888888868
state:6975e3015d4ff28b0ca26565,vizwiz,google/gemma-4-E4B-it,4,10.0,1.104352051125362e-06,0.011761784553527832,0.027694048772288673,0.26111111111111107
state:1681646e670adbc8e5f3cf0a,pope,Qwen/Qwen3-VL-8B-Instruct,3,6.0,0.0002389861998761541,0.02237385003536474,0.0782788199861583,0.05555555555555536
state:a68992db54086ad812b1aeb4,hallusionbench,google/gemma-4-E4B-it,3,6.0,0.000367376475191786,0.05530424791181254,0.07467203665138468,0.0
state:c439444f559867c6db1cdb44,vizwiz,Qwen/Qwen3-VL-8B-Instruct,3,6.0,0.00018523200783776694,0.032320011872798204,0.04318207749683327,0.08888888888888868
state:5c7707b305d9efe51ded02bf,pope,Qwen/Qwen3-VL-8B-Instruct,3,6.0,0.0001707946228531424,0.018589086882356134,0.0673982153858424,0.08888888888888868
state:15c8a9d60c23d6d46117d780,pope,google/gemma-4-E4B-it,3,6.0,2.065995909420092e-05,0.001779240168010195,0.05405925044146876,0.08888888888888868
state:b504db25a230ba12a1d51b4d,vizwiz,google/gemma-4-E4B-it,4,10.0,1.0185782022441664e-05,0.01785071052610875,0.08226301259606726,0.26296296296296306
state:01cefa8313c42e8406714c4c,vizwiz,google/gemma-4-E4B-it,4,10.0,3.1265535211639445e-05,0.07529666444286705,0.1304964739029758,0.3666666666666666
state:24e2bf9cb72a4bdc72af91e7,vsr,Qwen/Qwen3-VL-8B-Instruct,2,2.0,1.8245969973306006e-05,0.007195437792688608,0.017754569252480333,0.0
state:15e71322d1a53e20a17498b0,pope,Qwen/Qwen3-VL-8B-Instruct,3,6.0,0.00037413569509591425,0.02396948208721975,0.041061441519306935,0.05555555555555536
state:c4557b0c7190665aebc153a8,pope,google/gemma-4-E4B-it,3,6.0,0.0004153749505148941,0.024747387506067753,0.04185602432934818,0.09999999999999976
state:33760babd2908f02528324d2,vizwiz,Qwen/Qwen3-VL-8B-Instruct,2,2.0,1.490183536978779e-08,0.008668899536132812,0.00751108913524954,0.16666666666666663
state:17fcb6f95ac8e47c1de51815,vizwiz,Qwen/Qwen3-VL-8B-Instruct,4,10.0,0.00023440750901960252,0.04266420178115368,0.04411776712829852,0.05925925925925901
state:26d6b333c2408d8488b35bfd,pope,Qwen/Qwen3-VL-8B-Instruct,3,6.0,0.0013905636737590592,0.015806976550569136,0.11713791639764844,0.08888888888888868
state:17a8fdf2101e09d2aa10372e,vizwiz,Qwen/Qwen3-VL-8B-Instruct,2,2.0,0.0003031607148794964,0.002499452675692737,0.05471175471443307,0.16666666666666663
state:9812863eada5edec23c3cd4d,vizwiz,Qwen/Qwen3-VL-8B-Instruct,3,6.0,0.0026525022830956885,0.0188481675253974,0.07122975661006145,0.08888888888888868
state:0512b5635700f1bd26ea8f36,pope,google/gemma-4-E4B-it,2,2.0,0.0002771915750486865,0.013596250326372683,0.17056403072107257,0.0
state:117f0a5325f18eca1d77839d,pope,Qwen/Qwen3-VL-8B-Instruct,4,10.0,0.0003953963353731336,0.02974934604018926,0.12358901279215426,0.14814814814814814
state:d41f5adb2ed97ff2ffe5b52c,pope,Qwen/Qwen3-VL-8B-Instruct,3,6.0,0.00023460025391750156,0.021658954787805367,0.0770428993756958,0.08888888888888868
state:408694fcb26247046d37b2f0,vizwiz,google/gemma-4-E4B-it,3,6.0,0.010177461627229769,0.09188670786615045,0.20074049735044672,0.09999999999999976
state:a5a0e5234c6cff8d181d5e8a,vizwiz,google/gemma-4-E4B-it,2,2.0,0.00017405599372802136,0.02320203185081482,0.05338051532790763,0.16666666666666663
state:67391546401a7bb740969601,vizwiz,google/gemma-4-E4B-it,3,6.0,7.759149436063308e-08,0.0019183225101894925,0.059054522898965844,0.4
state:67ed36ed42d0282de4857bf7,vizwiz,google/gemma-4-E4B-it,4,10.0,3.945144918270284e-06,0.038702683448791506,0.030728865328679713,0.22962962962962985
state:9ac074038cc91af9313233e1,hallusionbench,google/gemma-4-E4B-it,2,2.0,0.0003141178488154871,0.05483963154256344,0.055942017935612334,0.16666666666666663
state:c0d1b77d82faca32ec124b6f,pope,google/gemma-4-E4B-it,2,2.0,3.182653167261612e-06,0.003107234835624695,0.01789473310727894,0.25
state:f996f102a95ef3b1498cacb4,pope,google/gemma-4-E4B-it,4,10.0,2.1149387669631585e-05,0.003388478765264153,0.1049244141693879,0.12222222222222223
state:0359c9ae33503ca2f2783c84,pope,Qwen/Qwen3-VL-8B-Instruct,3,6.0,0.00011721589348641258,0.03042189135319658,0.046486121667347835,0.08888888888888868
state:65f321762a05e980ebfa3ea6,pope,Qwen/Qwen3-VL-8B-Instruct,4,10.0,1.9881965427545004e-05,0.00527280889917165,0.10638467083464032,0.14814814814814792
state:a810bbbe4ad0e0c52a405439,vizwiz,Qwen/Qwen3-VL-8B-Instruct,2,2.0,0.0018288673669430607,0.18780129635706544,0.1363586193789925,0.33333333333333337
state:abab47688c790290dfc000eb,vizwiz,google/gemma-4-E4B-it,4,10.0,5.650027046092676e-07,0.0102818834781647,0.01435185349965523,0.1777777777777778
state:71dfb9e3f814e3c0cfdd82e9,vizwiz,Qwen/Qwen3-VL-8B-Instruct,4,10.0,0.00017493918021476313,0.02630989079596475,0.1487536382848196,0.28
state:260b12f075e46bc4beff2567,pope,Qwen/Qwen3-VL-8B-Instruct,2,2.0,0.0004019832807759106,0.017040405422449112,0.05696376901460224,0.33333333333333337
state:a940a1d4b14266beb3216496,pope,Qwen/Qwen3-VL-8B-Instruct,3,6.0,0.0002757473255629826,0.04505694347123305,0.14081997070791402,0.18888888888888877
state:ef8df67806bbd27c5cfd96f5,pope,Qwen/Qwen3-VL-8B-Instruct,4,10.0,0.0002556551565815805,0.022674422711133957,0.040943029475101235,0.0888888888888889
state:6524f828a34dd33c8213812f,pope,google/gemma-4-E4B-it,4,10.0,0.0002782423945288884,0.01988654745742679,0.06928791639268013,0.07777777777777772
state:ae29762568d7c25dba6a2fd3,vizwiz,Qwen/Qwen3-VL-8B-Instruct,3,6.0,0.0008925099754025662,0.07285838325818379,0.06002130634316094,0.05555555555555536
state:adc4395abc7d408ddc364fe1,pope,google/gemma-4-E4B-it,2,2.0,1.217742130712893e-05,0.007160075940191746,0.018144637040370754,0.0
state:c0939c20619f1bdd9f472eef,vizwiz,Qwen/Qwen3-VL-8B-Instruct,4,10.0,0.04368983389912335,0.2329761186940596,0.3121140452689273,0.18518518518518534
state:0b43009ddead0de43c32db38,pope,Qwen/Qwen3-VL-8B-Instruct,2,2.0,0.00020198503819190706,0.006019234657287598,0.08005707513444878,0.19999999999999996
state:8d02c4006029804c33f0afc1,pope,google/gemma-4-E4B-it,3,6.0,0.00010694639011296551,0.004117987041051189,0.0600405223157187,0.08888888888888868
state:75998634977ba582bdf33004,pope,google/gemma-4-E4B-it,4,10.0,0.0002745994797407996,0.024618989429436623,0.05248976985989744,0.033333333333333326
state:62fceb80daad291ad2877e42,pope,google/gemma-4-E4B-it,2,2.0,1.767149429471217e-05,0.004656413570046425,0.010387984856540335,0.0
state:02d7c4850275fe676504afb8,vizwiz,google/gemma-4-E4B-it,4,10.0,6.470719439588757e-06,0.06348417048342525,0.10722840043116445,0.3314814814814815
state:7c3265cfcd13a462f5957746,pope,google/gemma-4-E4B-it,3,6.0,4.6437406974677966e-05,0.010883051048343381,0.03656420479965985,0.05555555555555536
state:6ff5b2c73b18680a3ed437d8,vizwiz,Qwen/Qwen3-VL-8B-Instruct,4,10.0,0.0032147273278372523,0.030093063116073626,0.11651865537259358,0.14222222222222236
state:0440158a3515e9ec5b2edab5,pope,Qwen/Qwen3-VL-8B-Instruct,3,6.0,0.00017560934308796566,0.008988897481079524,0.06419834318822579,0.08888888888888868
state:277a85e80eab3be585c8e0cc,vizwiz,Qwen/Qwen3-VL-8B-Instruct,4,10.0,0.02089185553526037,0.15723233044147492,0.12000614137611748,0.033333333333333215
state:276394fe2201e12d5cdb862d,pope,Qwen/Qwen3-VL-8B-Instruct,3,6.0,8.89934977731363e-05,0.023422983578509752,0.06751021265042215,0.09999999999999987
state:f9d0232665d39bfaaa0f1f4c,hallusionbench,Qwen/Qwen3-VL-8B-Instruct,3,6.0,0.002652127108629558,0.09999159350991249,0.08226041131667333,0.1777777777777778
state:ec45c5b247983c54e44c3e17,vizwiz,google/gemma-4-E4B-it,2,2.0,1.866750349758244e-07,0.0016876161098480225,0.06983777227399295,0.5
state:46685ad1add7385c7c1e52e8,pope,google/gemma-4-E4B-it,3,6.0,0.0002807787936719509,0.023285998419548076,0.04727768024683255,0.08888888888888868
state:7a2f46d36cc2911baec41f64,pope,google/gemma-4-E4B-it,4,10.0,2.1742033837438707e-05,0.003504208792001,0.10316360537396023,0.15555555555555545
state:ace191b6681f1ef58ba1a50f,pope,Qwen/Qwen3-VL-8B-Instruct,3,6.0,0.00016438880495553385,0.016809489773651067,0.055839354478087445,0.05555555555555536
state:7fd0f50109216c1dd5aed226,vizwiz,google/gemma-4-E4B-it,3,6.0,9.833050415524154e-06,0.016423525075272966,0.10661050689420806,0.4
state:f2b6334c779e8b83ee9ede3f,vizwiz,google/gemma-4-E4B-it,3,6.0,3.005688748608266e-05,0.05335220942894617,0.12582294951688264,0.2222222222222222
state:85d88ca133f2f205c38423cc,pope,google/gemma-4-E4B-it,4,10.0,0.000302421089061388,0.026465057255700232,0.04109789997694407,0.033333333333333326
state:34ff0871442f7429b93fea43,vizwiz,google/gemma-4-E4B-it,2,2.0,0.00015831772550705322,0.04182431101799011,0.07735645194723481,0.33333333333333337
state:3308ae5b45b748516e1f5919,pope,Qwen/Qwen3-VL-8B-Instruct,4,10.0,0.00010776578990628386,0.006353131693322212,0.09580693510870385,0.12222222222222223
state:813493006ff1c3eee24f3e4e,vizwiz,google/gemma-4-E4B-it,4,10.0,3.504659262972132e-05,0.03291881561279295,0.056641092547601773,0.14222222222222236
state:b7f5b975dde5022170065783,vizwiz,google/gemma-4-E4B-it,4,10.0,1.7756584645423827e-07,0.009272373914718624,0.012320282992043827,0.28148148148148144
state:5a9a5f95077d17786c780ef1,pope,Qwen/Qwen3-VL-8B-Instruct,4,10.0,0.00026521603363519064,0.020833509266376497,0.0695534157916092,0.08888888888888868
state:69e1b0feb8ecbd86ff71090d,pope,google/gemma-4-E4B-it,2,2.0,4.624262381308373e-05,0.006568060256540775,0.012214299822623231,0.0
state:2bd8483ce6068c65d0023173,pope,google/gemma-4-E4B-it,4,10.0,0.0004679431695998046,0.02989794405701105,0.17945418019628823,0.07777777777777761
state:49c84bd941134f45aed00eb6,pope,Qwen/Qwen3-VL-8B-Instruct,3,6.0,0.00035163555321383416,0.027365687717166215,0.041660135760236014,0.05555555555555536
state:b5bdfe7c720b85f73c303b83,vsr,Qwen/Qwen3-VL-8B-Instruct,2,2.0,0.0005235601119197187,0.024159908294677734,0.05669680473097611,0.0
state:104c352374f171e904854e69,pope,Qwen/Qwen3-VL-8B-Instruct,3,6.0,1.747080019600215e-05,0.003832926404558962,0.09590443965267792,0.08888888888888868
state:be47bf53e69b610d66540897,vizwiz,Qwen/Qwen3-VL-8B-Instruct,3,6.0,6.627455472593439e-05,0.028434944804757833,0.12025963440845924,0.30000000000000004
state:ae971f6c7ada831f76c97837,hallusionbench,google/gemma-4-E4B-it,2,2.0,0.0014316392395666141,0.009390667080879211,0.10781602751624311,0.0
state:bbc24bce3c684eb2cce26525,vizwiz,google/gemma-4-E4B-it,4,10.0,1.1894157867166692e-06,0.01776595115661621,0.03409366460616663,0.15555555555555567
state:a8f9ec0bf2efd4e2de98a47e,pope,google/gemma-4-E4B-it,2,2.0,0.00011882368605909994,0.014235086622647941,0.07015706276840704,0.16666666666666663
state:0c91de8169c9934573934ec7,pope,google/gemma-4-E4B-it,2,2.0,0.00025787524603756496,0.030432555300649256,0.07707289748435872,0.16666666666666663
state:242bd3b0d6647cff8b363259,pope,Qwen/Qwen3-VL-8B-Instruct,4,10.0,0.00033831932167408923,0.048671648669987924,0.07445894609500331,0.0777777777777775
state:e3fef096a9197191f8a55334,pope,Qwen/Qwen3-VL-8B-Instruct,2,2.0,1.2983931176287645e-06,0.008980661630630493,0.020212818138962946,0.0
state:b6f834950ff1c7c39a007ff6,pope,google/gemma-4-E4B-it,2,2.0,8.015481200988792e-05,0.01333921194600407,0.04593571044467715,0.0
state:270b2c220cd163949631d638,pope,Qwen/Qwen3-VL-8B-Instruct,2,2.0,0.00024368534402527484,0.01995696546509862,0.04719818777356636,0.0
state:2011565744bcf5e2593fcd00,vizwiz,Qwen/Qwen3-VL-8B-Instruct,3,6.0,0.010078774574894003,0.0333051523193717,0.13951288435049586,0.08888888888888868
state:0744e2b880d4ae19954cc396,pope,Qwen/Qwen3-VL-8B-Instruct,2,2.0,6.70203358846017e-06,0.0015696887858211994,0.022562277812934822,0.0
state:068c6e3b5c6930aa124c8372,pope,google/gemma-4-E4B-it,4,10.0,0.0007904480641789172,0.05067388074472547,0.07499411820627312,0.07777777777777761
state:1b614823192395ec500bc933,pope,google/gemma-4-E4B-it,3,6.0,0.0017106187194800395,0.07584640280240112,0.08254990960910984,0.09999999999999987
state:8b22bd94b8411bae4e0b7d53,pope,google/gemma-4-E4B-it,4,10.0,0.00015060346538245032,0.013448678730055699,0.04027939432071026,0.0
state:adad25811800e40f0668ae47,pope,google/gemma-4-E4B-it,4,10.0,0.0005286941901361304,0.011355850441032088,0.05672918080877587,0.05925925925925901
state:8bfddf68c3b5497b01e56679,pope,Qwen/Qwen3-VL-8B-Instruct,4,10.0,0.00015553106210769208,0.015462512288650032,0.1758460784363999,0.11555555555555574
state:bd2cd5a6410b73d129f75b59,pope,Qwen/Qwen3-VL-8B-Instruct,3,6.0,0.00030209794616035875,0.02407161604302625,0.048018413752811864,0.0
state:2105b924339ec1500d334950,vizwiz,google/gemma-4-E4B-it,4,10.0,2.186530042915805e-06,0.02487653017044067,0.020722238261306272,0.28148148148148155
state:032b19b4217f3495cf4d396f,vizwiz,google/gemma-4-E4B-it,4,10.0,0.0004621164180755173,0.06007032096385956,0.06324183953766238,0.09259259259259234
state:4f2d00170ee4f874a9bd5d0c,vsr,Qwen/Qwen3-VL-8B-Instruct,4,10.0,0.00019359272924932342,0.01761801406741142,0.06862471324648697,0.0
state:51adf85d1479a2e0cd8f69c4,vizwiz,google/gemma-4-E4B-it,2,2.0,6.31624627872788e-07,0.002133309841156006,0.05496120669249167,0.5
state:7cdbb8430fe7ff28320694ed,pope,Qwen/Qwen3-VL-8B-Instruct,3,6.0,0.00034524867108276817,0.02367664684748484,0.04047438685739208,0.05555555555555536
state:11ff4ff270ff4b9ad0f93854,vizwiz,google/gemma-4-E4B-it,2,2.0,0.00025011488567060935,0.0005262215854600072,0.0620449524186897,0.33333333333333337
state:c48c4d082f2e6a06f37f3044,pope,google/gemma-4-E4B-it,3,6.0,5.355896677105016e-07,0.011219223340352377,0.022391135083318317,0.23888888888888893
state:bcb6528faeec2f7b4a15e866,pope,Qwen/Qwen3-VL-8B-Instruct,2,2.0,0.00022857662786288655,0.01980226207524538,0.04657091536768382,0.16666666666666663
state:a6e7da41df1972f4ec4e2635,vizwiz,google/gemma-4-E4B-it,3,6.0,1.3144682500078364e-07,0.008987413512335896,0.08694032829871953,0.4
state:0568c6490da834105b4d03a5,pope,google/gemma-4-E4B-it,3,6.0,0.0006770014694005575,0.03388481338818868,0.08093532089868065,0.09999999999999987
state:50627ee4e2db6ceb9f18df2c,vizwiz,Qwen/Qwen3-VL-8B-Instruct,4,10.0,0.0012194344253042074,0.04001641154289246,0.13385505060033848,0.15185185185185202
state:c46cdeb11da0eeb31558fd63,pope,Qwen/Qwen3-VL-8B-Instruct,2,2.0,0.0005664119378844296,0.03260865621268749,0.04193405201205952,0.0
state:59b241732e17d59496b87112,vsr,Qwen/Qwen3-VL-8B-Instruct,2,2.0,0.0014960353955283316,0.07677875086665154,0.07643277669006798,0.0
state:8864d4e274565c5f158c6264,pope,google/gemma-4-E4B-it,2,2.0,8.249827553481656e-06,0.007688881829380989,0.019494137790769875,0.0
state:ce5ffeae06d563c3d4194377,vizwiz,google/gemma-4-E4B-it,2,2.0,4.743476366325394e-07,0.004503011703491211,0.01031322873191374,0.5
state:2d02f49e27e239ca718975af,vizwiz,google/gemma-4-E4B-it,4,10.0,1.2251131702770446e-05,0.014532819897867744,0.09896702641186936,0.3155555555555556
state:039b92d60e6aba4226169505,vizwiz,google/gemma-4-E4B-it,3,6.0,3.5701121526794233e-06,0.052809114257494606,0.05812446520610661,0.26666666666666683
state:cb1fd38330d4b93333481fee,pope,Qwen/Qwen3-VL-8B-Instruct,3,6.0,0.0017934512975347984,0.07972788945254353,0.1855239902726449,0.15555555555555545
state:6e309e0ee2002c8e74a414ba,pope,Qwen/Qwen3-VL-8B-Instruct,4,10.0,0.0002451669840273186,0.01940132390707731,0.05496663252667805,0.05925925925925901
state:95485cb73dc68aaadf69e531,pope,Qwen/Qwen3-VL-8B-Instruct,2,2.0,4.8550806046840745e-05,0.005761626409366727,0.08602696424568901,0.16666666666666663
state:269172d56bf33e2c133e057c,pope,google/gemma-4-E4B-it,2,2.0,0.00034726551764519215,0.020884911064058542,0.05069614940505863,0.0
state:e7b4963318daa6a308fa8523,pope,google/gemma-4-E4B-it,3,6.0,0.00016420855926654515,0.01200180035084486,0.027898587343082135,0.08888888888888868
state:d87908d67fe32cb899a9095e,pope,google/gemma-4-E4B-it,3,6.0,0.00025074419904008043,0.014408756251214072,0.15316248597340015,0.15555555555555556
state:4680c1724f00efd7c1e280f3,pope,Qwen/Qwen3-VL-8B-Instruct,2,2.0,0.0005651536813375434,0.01875515002757311,0.10923089275966247,0.33333333333333337
state:3e96e1bb218c21dfd369f9cd,vizwiz,google/gemma-4-E4B-it,3,6.0,2.1418953886229977e-05,0.04204580932855606,0.04848276910696444,0.08888888888888868
state:7bd8e509d2fd29af4b9a4ffc,vizwiz,Qwen/Qwen3-VL-8B-Instruct,2,2.0,3.70629895069875e-06,0.006029650568962097,0.007191068023344789,0.16666666666666663
state:935c13caae9b786128234f4a,pope,google/gemma-4-E4B-it,4,10.0,7.700325250488422e-05,0.0012836784683167937,0.07783813456648779,0.033333333333333326
state:64b664e25dc3b75c3919445e,pope,google/gemma-4-E4B-it,2,2.0,1.3808558550982024e-05,0.0075728739611804485,0.018520223377499864,0.0
state:199b792c7a7af81513b15964,vizwiz,Qwen/Qwen3-VL-8B-Instruct,3,6.0,0.002676428258439924,0.034978037079175316,0.14527273886539746,0.05555555555555536
state:bb1e8689abad23f819bb4dff,pope,Qwen/Qwen3-VL-8B-Instruct,2,2.0,6.472621621005462e-05,0.0065277451649308205,0.08920148665203527,0.16666666666666663
state:d3dd191578333f4e1fa2b6d1,vizwiz,Qwen/Qwen3-VL-8B-Instruct,4,10.0,0.0002839002011136866,0.04043567443266511,0.060722528667984776,0.07777777777777772
state:23181db8ceeffa4f23cca247,vizwiz,Qwen/Qwen3-VL-8B-Instruct,2,2.0,1.66742951417691e-05,0.014393486082553864,0.03000602850405625,0.16666666666666663
state:ade62c838802839d7a16ce75,vizwiz,google/gemma-4-E4B-it,4,10.0,6.291480226630627e-08,0.003386549949645978,0.057965656213033435,0.3666666666666667
state:2090bd215c6e8139262f0ae8,vizwiz,Qwen/Qwen3-VL-8B-Instruct,2,2.0,9.170749330449391e-05,0.012350151548162103,0.03972520219794415,0.0
state:30e2c580cbfff8134a0ab0b9,hallusionbench,google/gemma-4-E4B-it,4,10.0,0.02720788662494359,0.05474757932126519,0.16893095363309854,0.07259259259259276
state:948c772d47b561a98ad04e3a,pope,Qwen/Qwen3-VL-8B-Instruct,3,6.0,0.00011202163603077433,0.010690760695272021,0.026472489211749734,0.0
state:06bfe2769904232ed40fefd1,vizwiz,google/gemma-4-E4B-it,2,2.0,0.0003060992697285523,0.020457528647966683,0.10106319966575761,0.16666666666666663
state:e61a0114ccbd72b4d3529025,vizwiz,Qwen/Qwen3-VL-8B-Instruct,3,6.0,4.879196024213017e-06,0.008862101369433948,0.022787684525821757,0.0
state:eb183c1bd82b5316c3b9729a,hallusionbench,google/gemma-4-E4B-it,4,10.0,0.0012546219210726657,0.055747119976440454,0.15429826169834032,0.07777777777777761
state:67f9768cc870ce5d38bb73d1,vizwiz,Qwen/Qwen3-VL-8B-Instruct,4,10.0,0.0017559891656564641,0.052250018874183304,0.1133678018227193,0.13703703703703685
state:06d86acf28bb09ea54e247e0,vizwiz,Qwen/Qwen3-VL-8B-Instruct,2,2.0,0.00036175088494946254,0.053713276982307434,0.0457383972957979,0.16666666666666663
state:7fbc94c378735f4616d78cae,vizwiz,google/gemma-4-E4B-it,4,10.0,7.335362200306688e-06,0.06113131767138837,0.10978795269490957,0.25555555555555554
state:c49199717a12673c4892a16d,pope,Qwen/Qwen3-VL-8B-Instruct,4,10.0,0.00015868690354559588,0.03450867787003518,0.05201667714886567,0.05925925925925901
state:6bea696dce2d6e03e335e33f,pope,Qwen/Qwen3-VL-8B-Instruct,2,2.0,0.0009145390313515405,0.024831155315041542,0.06567129959878056,0.16666666666666663
state:5df6a78aaec33d2bf4e692c9,pope,google/gemma-4-E4B-it,4,10.0,0.0003120867617116068,0.025354054309427738,0.04183862295131176,0.033333333333333326
state:206758f6213eaab165e95e8d,hallusionbench,Qwen/Qwen3-VL-8B-Instruct,4,10.0,7.437587426866552e-05,0.02867281600832939,0.0879582566425695,0.033333333333333326
state:dea98fa1d9c0fa076a1c2e20,hallusionbench,Qwen/Qwen3-VL-8B-Instruct,3,6.0,0.002840891386827981,0.09164537779159015,0.07640659328712687,0.05555555555555547
state:a3bc558e50f1b6fbac3775ec,pope,Qwen/Qwen3-VL-8B-Instruct,2,2.0,6.840812153318087e-05,0.009170981153147295,0.06035808971728456,0.16666666666666663
state:f7caf2f608d1f095e59aa361,vizwiz,Qwen/Qwen3-VL-8B-Instruct,3,6.0,0.0005224155593453219,0.03719274956771793,0.0722983207352591,0.08888888888888868
state:85510169ddec98d309c69caa,vizwiz,Qwen/Qwen3-VL-8B-Instruct,3,6.0,0.0007663307381064878,0.05907572344747477,0.12261559118695235,0.08888888888888868
state:565006d6e517f19b97ec196d,hallusionbench,Qwen/Qwen3-VL-8B-Instruct,4,10.0,0.0006103656393578756,0.03896214365959168,0.08595732418339046,0.14444444444444426
state:c6a84340e969a5da03cdcb4c,vizwiz,google/gemma-4-E4B-it,4,10.0,3.7835511153842322e-06,0.00925678014755248,0.030204166398016763,0.27222222222222225
state:683fff96cff698feb9c2c18a,pope,Qwen/Qwen3-VL-8B-Instruct,3,6.0,0.0009284830330053566,0.052367840203159065,0.22283481951342105,0.15999999999999992
state:8fe33e640865bd62ba020ff0,vizwiz,google/gemma-4-E4B-it,2,2.0,0.0006893389453572906,0.0018030381761491299,0.049214490778106454,0.19999999999999996
state:a7748b8381bcdbd1e508bb05,pope,Qwen/Qwen3-VL-8B-Instruct,3,6.0,0.00034324705536721003,0.017408655296700697,0.08378841807781928,0.2000000000000003
state:1ff4955097e80024c5056fa5,vizwiz,google/gemma-4-E4B-it,4,10.0,2.88930687605529e-07,0.0018404686450958386,0.07289846736633472,0.2777777777777778
state:8dc2c2f31117b257a3b11653,vizwiz,google/gemma-4-E4B-it,2,2.0,3.302397431165808e-06,0.031617045402526855,0.028156992918786268,0.19999999999999996
state:474d6950edfaa9242e98bdad,hallusionbench,Qwen/Qwen3-VL-8B-Instruct,3,6.0,0.0008294964294822679,0.04039292957814824,0.19367687843094739,0.11111111111111127
state:0c3080419d00888595758c4d,vizwiz,google/gemma-4-E4B-it,4,10.0,4.9165426054530447e-08,0.0019331145286560103,0.055814269331415506,0.3222222222222222
state:9a4e502546d3f8d0c38596c9,vsr,Qwen/Qwen3-VL-8B-Instruct,3,6.0,0.0010519219714728298,0.04336541342652506,0.06560651365397743,0.0
state:2f0dfc844652472ea78e5834,vizwiz,Qwen/Qwen3-VL-8B-Instruct,4,10.0,0.001215218819436357,0.018137342929840084,0.12054097474298764,0.07777777777777761
state:775b63ccff8af5c10a6dca5c,vizwiz,Qwen/Qwen3-VL-8B-Instruct,4,10.0,5.640412150543987e-06,0.012070052623748778,0.02347698809217055,0.08888888888888868
state:400fe5969957cefea6794d71,vizwiz,Qwen/Qwen3-VL-8B-Instruct,2,2.0,5.5216032006785945e-08,0.003642462193965912,0.010344084024394731,0.0
state:531aef12caf013bc161faad1,hallusionbench,google/gemma-4-E4B-it,2,2.0,5.8147707510793086e-05,0.025811176747083664,0.04578425432286156,0.33333333333333337
state:ecbd0a6ba766d2276afa02a3,vsr,Qwen/Qwen3-VL-8B-Instruct,3,6.0,0.00031027194527440957,0.010108132070551315,0.06897617547866375,0.18888888888888888
state:b995fe1b768803d762a1583c,vizwiz,Qwen/Qwen3-VL-8B-Instruct,4,10.0,0.004563038309354659,0.04861614012159408,0.1703650179018325,0.11111111111111127
state:af29d87485ec086a8b40d9be,vizwiz,google/gemma-4-E4B-it,2,2.0,7.233804889656428e-07,0.04979515075683594,0.032733260159895604,0.0
state:1777dd61891c616fb76b53b7,pope,google/gemma-4-E4B-it,2,2.0,0.0002829443491494071,0.02435101941227913,0.04103616697280844,0.16666666666666663
state:a9c277b096c7a041c5658fb8,vizwiz,Qwen/Qwen3-VL-8B-Instruct,4,10.0,2.4677441714929256e-05,0.013069482790306184,0.10087765779503914,0.3548148148148148
state:2cf48b2dbf4d3f850396f0d7,vizwiz,Qwen/Qwen3-VL-8B-Instruct,2,2.0,4.273069424463618e-05,0.002203628420829773,0.03638229282731581,0.16666666666666663
state:fc4bb38c2593b61bef0f9f72,vizwiz,google/gemma-4-E4B-it,2,2.0,7.324754515520156e-07,0.0008141547441482544,0.012871776946556269,0.0
state:e6824c671b566931e30c8f40,pope,Qwen/Qwen3-VL-8B-Instruct,4,10.0,1.526736114872676e-05,0.0026886792620643973,0.09875386386710955,0.16666666666666685
state:2979e55eb2746aa4a48d8427,vizwiz,google/gemma-4-E4B-it,3,6.0,3.334038928993338e-05,0.03374643065035343,0.05601322507751536,0.05555555555555536
state:4f0fa319f1c00e2ad37f335a,pope,google/gemma-4-E4B-it,4,10.0,0.0004359125099738182,0.04363922824151813,0.06141623526279582,0.08888888888888868
state:964583f5b94015460c7c3a4d,hallusionbench,Qwen/Qwen3-VL-8B-Instruct,2,2.0,1.1143092227268626e-05,0.008258378133177757,0.02038678513941802,0.16666666666666663
state:49468064171b198de7cfb3e8,vizwiz,google/gemma-4-E4B-it,4,10.0,1.5458925774409392e-07,0.0015303683280945002,0.0667251066185781,0.3222222222222222
state:7659d8981010e96bfd58cfd1,pope,google/gemma-4-E4B-it,2,2.0,3.443615534704905e-05,0.0024358308874070644,0.036734854476570065,0.0
state:a7e78a1017ba29b2aecf258f,pope,google/gemma-4-E4B-it,4,10.0,0.00033667493218671895,0.022183206910267473,0.06163362839858143,0.05925925925925901
state:fcb131932dcb22e5f04c311f,vizwiz,google/gemma-4-E4B-it,3,6.0,2.8389383239025027e-05,0.050062662883040815,0.11403705654524975,0.33333333333333337
state:bbc0d85958be7b57f6f1d00c,vizwiz,Qwen/Qwen3-VL-8B-Instruct,3,6.0,0.0021493694563747656,0.04169235130151113,0.1185607833737946,0.09999999999999976
state:09007e024302ff21bd3ede86,vizwiz,Qwen/Qwen3-VL-8B-Instruct,2,2.0,0.0034825155259346745,0.02853902810602449,0.12561674128044575,0.0
state:c64fa28112a3ab91330fff6a,pope,Qwen/Qwen3-VL-8B-Instruct,2,2.0,8.585296835928563e-05,0.029149112291634083,0.03642864857834574,0.0
state:595bac034cd777fc1bf25ced,hallusionbench,google/gemma-4-E4B-it,3,6.0,0.02733604111819098,0.07565824377040069,0.21326244536499572,0.05555555555555536
state:b8df5f0a2aa454aae19a8862,pope,google/gemma-4-E4B-it,3,6.0,1.9253591644026763e-05,0.001708761763034583,0.053723526906022716,0.0
state:8e37e7b34bfa772b8e2127e0,pope,google/gemma-4-E4B-it,2,2.0,4.1828926706703596e-05,0.00546189839951694,0.08463377377982827,0.16666666666666663
state:1e6c9ea0dfe7f176c66b800d,vizwiz,google/gemma-4-E4B-it,3,6.0,6.418608671850362e-07,0.010494768619537354,0.012117901921444702,0.2666666666666667
state:da130d9a281675ac7e45dfde,pope,google/gemma-4-E4B-it,2,2.0,0.00045542038131926,0.03449713019654155,0.059246794962044484,0.0
state:e50c2395f5269af3e730c4fb,pope,google/gemma-4-E4B-it,3,6.0,0.0005926070780207487,0.02675932438837156,0.047534191139202896,0.05555555555555536
state:e38815622bd1ad90635c94d4,vizwiz,Qwen/Qwen3-VL-8B-Instruct,2,2.0,0.005689541467605062,0.011609861860051751,0.062989012116844,0.0
state:8f735039932b8cf34d6b76cc,vizwiz,Qwen/Qwen3-VL-8B-Instruct,4,10.0,6.312088776406291e-05,0.022662763446569433,0.04277174406545479,0.08888888888888868
state:e45f42592bb4010c38eaa321,vizwiz,google/gemma-4-E4B-it,2,2.0,0.0005233721134229952,0.001646231219638139,0.08962874990763227,0.0
state:f95c08f1e0711b8eded449b0,vizwiz,google/gemma-4-E4B-it,2,2.0,0.000125958502086665,0.052739858627319336,0.07404447372818428,0.16666666666666663
state:2e2f5715c2e0006a9f4d873f,vizwiz,Qwen/Qwen3-VL-8B-Instruct,2,2.0,0.00013474576856884293,0.036888707894831896,0.05399256310208783,0.0
state:67341e8397962575f5aaa7da,pope,google/gemma-4-E4B-it,3,6.0,0.0008091021073362619,0.10225107704496217,0.11826248447586354,0.15555555555555545
state:aed39af0213ce810d73c8e33,pope,Qwen/Qwen3-VL-8B-Instruct,2,2.0,3.4991368149577e-05,0.002293806057423353,0.03787919042295889,0.16666666666666663
state:c89b02cc9fdace5a8816d9e2,vizwiz,google/gemma-4-E4B-it,2,2.0,3.8658374638033457e-07,0.02101980149745941,0.039581676452395055,0.0
state:e60587951ca504609b3e66c7,hallusionbench,Qwen/Qwen3-VL-8B-Instruct,4,10.0,0.0007237216093815798,0.06773740626871586,0.07473956716647372,0.08888888888888868
state:eae88e44841953b2a3779509,vsr,google/gemma-4-E4B-it,4,10.0,0.0003657606508453648,0.0355776129849255,0.16229397672818535,0.1666666666666663
state:9adedd9219d29674590ef0bd,hallusionbench,Qwen/Qwen3-VL-8B-Instruct,2,2.0,2.804464482765776e-06,0.008225783705711365,0.019687158586132417,0.0
state:9dae83257501e0ee0b728162,vizwiz,google/gemma-4-E4B-it,4,10.0,2.8267241439479418e-05,0.03369874024763704,0.10832750347632908,0.3555555555555556
state:3eb6c9021e3a25b656f53381,vizwiz,Qwen/Qwen3-VL-8B-Instruct,3,6.0,0.00013066718896059915,0.01133995254834493,0.07745007449470351,0.1955555555555557
state:5d7feecf077dafce487f26dc,pope,Qwen/Qwen3-VL-8B-Instruct,4,10.0,0.0012925717581108575,0.05772001132601874,0.21566421440075492,0.16666666666666652
state:8e51f5a537ddc06070b9a2bc,vsr,Qwen/Qwen3-VL-8B-Instruct,2,2.0,0.0014852053286069057,0.08147843927145004,0.07167004031533229,0.16666666666666663
state:a0c01391b6dc125f52714aab,pope,Qwen/Qwen3-VL-8B-Instruct,3,6.0,0.00016767327125242356,0.019208468251033794,0.06709434131617091,0.05555555555555547
state:9ed24091265bb0aa760c131b,hallusionbench,google/gemma-4-E4B-it,2,2.0,0.00017476411329951118,0.015918243676424026,0.043884487049123344,0.0
state:fbce6b2cbe99753c3124902b,vizwiz,google/gemma-4-E4B-it,4,10.0,2.4447262817056246e-06,0.01928833723068237,0.046325542287221584,0.25629629629629647
state:d40c535132480027253e30f6,pope,Qwen/Qwen3-VL-8B-Instruct,2,2.0,0.00036935674158959013,0.04585319757461548,0.05060388208279869,0.16666666666666663
state:3ca8f0cdac9c9331fbe7c257,vizwiz,google/gemma-4-E4B-it,2,2.0,3.981649968441178e-05,0.05684289336204529,0.05525579918388912,0.0
state:48291f6867dc1031a085b16b,vizwiz,google/gemma-4-E4B-it,2,2.0,1.4228426170914717e-05,0.018644630908966064,0.03899582156427701,0.5
state:3ae0d8c521e8a6a0d5fc760f,pope,google/gemma-4-E4B-it,3,6.0,0.0005493683096658581,0.03280568741158479,0.04575867574068642,0.0
state:6dae4ad194926b18c2846b51,vsr,Qwen/Qwen3-VL-8B-Instruct,3,6.0,0.06735229575032492,0.36508306229694015,0.35955860958492686,0.1777777777777778
state:006975daa67b6be305ebc2ab,pope,google/gemma-4-E4B-it,3,6.0,0.0003221320535526585,0.018125240807421505,0.08237817195366104,0.18888888888888888
state:3492d4f45082bfb56a127b3d,pope,Qwen/Qwen3-VL-8B-Instruct,3,6.0,3.455252428211262e-05,0.009993909107935095,0.0327870122243294,0.0
state:1b49974c28fd96d11514cc5f,vizwiz,google/gemma-4-E4B-it,4,10.0,1.2417023635544612e-05,0.05754810316953809,0.1278137469807529,0.36296296296296304
state:dc6ca66450379ff3f499f2fc,pope,Qwen/Qwen3-VL-8B-Instruct,2,2.0,0.00021743945330761913,0.019117357674986124,0.046158835043793305,0.16666666666666663
state:1f8547538e62b73e09c83d5f,pope,Qwen/Qwen3-VL-8B-Instruct,2,2.0,2.0540886309247284e-05,0.0010237693786621094,0.034821121010044066,0.0
state:09db6a528c9ac73a856296f4,vizwiz,Qwen/Qwen3-VL-8B-Instruct,2,2.0,6.947246119481574e-05,0.019099698401987553,0.03902961227375937,0.16666666666666663
state:523848a231098a761a346cd2,vizwiz,Qwen/Qwen3-VL-8B-Instruct,3,6.0,3.399725139947649e-05,0.03689562446541258,0.026912914942371656,0.0888888888888888
state:3b9ad6a5eed6024506cc1b38,pope,Qwen/Qwen3-VL-8B-Instruct,4,10.0,0.0003580451727508248,0.02294976782985032,0.07808723172547442,0.09259259259259234
state:731c9f3f45bf6d9f5388503e,pope,google/gemma-4-E4B-it,4,10.0,2.9907518129086622e-05,0.0019239303702488718,0.0840481902968095,0.11851851851851825
state:507c43a9a265ef387d86817f,vizwiz,google/gemma-4-E4B-it,4,10.0,4.7706743778239015e-08,0.0008615255355835183,0.03899420096849731,0.3555555555555555
state:287306ddd54dfa877dc92385,pope,Qwen/Qwen3-VL-8B-Instruct,4,10.0,0.0002814507449098103,0.014386072407942263,0.08052278368518645,0.05925925925925901
state:5c5e8323e7f335a76e87ac00,vizwiz,google/gemma-4-E4B-it,4,10.0,1.4169096997391469e-07,0.004441626071929927,0.07323376179681265,0.30000000000000004
state:2812ec9db7b857a0ff2368b8,pope,google/gemma-4-E4B-it,4,10.0,0.00014427625707814917,0.008399051317246622,0.12787822885663438,0.09259259259259234
state:10e1d86f40bb4a837c3c583e,hallusionbench,google/gemma-4-E4B-it,3,6.0,0.0003400555671979647,0.02555716596543789,0.11729903201904986,0.18888888888888888
state:fd48a390838c8b23341787b7,pope,Qwen/Qwen3-VL-8B-Instruct,4,10.0,0.0008268827270173331,0.11044506268575789,0.11157996332319192,0.05925925925925901
state:b650e787ca7fc987f20f90ac,pope,google/gemma-4-E4B-it,4,10.0,4.138168453222057e-05,0.003200449785217643,0.08920656266471517,0.12222222222222223
state:cb5f1bb97f0a42a8e888f0d3,vizwiz,Qwen/Qwen3-VL-8B-Instruct,2,2.0,0.00018738170535664804,0.033923408889677376,0.11060854589361219,0.0
state:7310f74c3efb033e783dbb74,vizwiz,google/gemma-4-E4B-it,4,10.0,0.00014707541635205002,0.01245425343513491,0.04068413538022004,0.07777777777777761
state:0d520b09529632d203230b76,vizwiz,google/gemma-4-E4B-it,4,10.0,1.5433476420735348e-05,0.018502217563800515,0.10243352797981913,0.26296296296296306
state:eeb70e86642923fbfeb364c1,pope,google/gemma-4-E4B-it,2,2.0,1.0628748185633776e-05,0.01036483608186245,0.020790134856071344,0.0
state:64e9dc55217cb887017a620c,vizwiz,google/gemma-4-E4B-it,4,10.0,0.00014260513350483695,0.023700754642486575,0.04723947481799366,0.05925925925925901
state:fead83077f7b0125d40e60d9,vizwiz,Qwen/Qwen3-VL-8B-Instruct,2,2.0,0.002698601295468676,0.050028392812237144,0.13389147191977738,0.0
state:15be3f3285b107ecef3b5f9b,vizwiz,Qwen/Qwen3-VL-8B-Instruct,4,10.0,0.00020121954101349525,0.0803736224770546,0.1003535909178639,0.05925925925925901
state:2248adc627175a70d956d4bf,vizwiz,google/gemma-4-E4B-it,2,2.0,7.534492401599798e-06,0.0015565993380732834,0.06168486946361091,0.5
state:e9d046bad51de8571515bbe5,hallusionbench,google/gemma-4-E4B-it,2,2.0,0.0004367881856779635,0.03940013376995921,0.0961109034458306,0.0
state:7b571f2cfb984795ed74a56d,pope,Qwen/Qwen3-VL-8B-Instruct,3,6.0,0.00019849393331139854,0.018672931790610567,0.05788710061876899,0.08888888888888868
state:e566cb441438e4fcdf44471d,pope,Qwen/Qwen3-VL-8B-Instruct,2,2.0,6.60710359433168e-06,0.005831406117067672,0.03247953420208871,0.0
state:89f4619021477cb3b8d71a06,vizwiz,Qwen/Qwen3-VL-8B-Instruct,2,2.0,1.0622234932242523e-05,0.010432347655296326,0.043978304724231386,0.16666666666666663
state:6fbe487e808cbe93aa13a085,pope,google/gemma-4-E4B-it,2,2.0,0.00021463731766641935,0.04456937313079834,0.05355631479888242,0.0
state:9274e8abd855e58ceb667629,vizwiz,google/gemma-4-E4B-it,3,6.0,8.30270771776411e-06,0.08179378012816112,0.061257946454359,0.29333333333333333
state:6d3992cd41b5a7ae14ab2e77,vizwiz,Qwen/Qwen3-VL-8B-Instruct,4,10.0,0.0014898419302087147,0.03930215860018507,0.18076869883760452,0.1703703703703705
state:c31a5ec29896f9c5f4f7c100,pope,Qwen/Qwen3-VL-8B-Instruct,2,2.0,3.127681792007027e-05,0.004979470511898398,0.08227576977912757,0.16666666666666663
state:c13422116fd5a4360740c937,vizwiz,google/gemma-4-E4B-it,4,10.0,0.0002320889284040223,0.012308016058523209,0.08180982196445646,0.05925925925925901
state:f6f85ec4e2f32d8fe0b81ea2,vizwiz,Qwen/Qwen3-VL-8B-Instruct,4,10.0,0.002996540253658202,0.01850137350149452,0.0856502818624913,0.16000000000000025
state:bf1ef782422ca127de20779b,pope,Qwen/Qwen3-VL-8B-Instruct,3,6.0,2.157049966749238e-05,0.004034830412516992,0.030970310335842712,0.08888888888888868
state:0b24b0e499e8e0510a3ef4cf,pope,google/gemma-4-E4B-it,2,2.0,0.0003658805169518365,0.015231193974614143,0.048107828542725196,0.16666666666666663
state:f393c22db024edeb1448fbc9,vizwiz,google/gemma-4-E4B-it,4,10.0,1.432904070265469e-05,0.004805732897948488,0.08104923344503794,0.21111111111111114
state:29864d316e510360ff22acc2,vizwiz,google/gemma-4-E4B-it,3,6.0,0.0006427276332989225,0.0122745276441694,0.08346421588805458,0.0
state:e496fa366613837831ddccc8,vizwiz,Qwen/Qwen3-VL-8B-Instruct,3,6.0,0.0002969675697728147,0.027132836209299665,0.07161178198976181,0.05555555555555536
state:a04ebf32612c0f936ae98de6,vizwiz,Qwen/Qwen3-VL-8B-Instruct,4,10.0,0.00011688165988559495,0.013117664456367483,0.07752423389049955,0.1644444444444444
state:d12051da14f2636f7220dfb2,vizwiz,google/gemma-4-E4B-it,3,6.0,0.000145172377051015,0.03566537440444032,0.08791574398925989,0.09999999999999976
state:bb01965409d4cd2d46d11ce7,pope,google/gemma-4-E4B-it,3,6.0,2.0559541849010136e-05,0.004605283443298604,0.11224798583044783,0.14444444444444438
state:0d88265e6f43b5c67ace2526,pope,google/gemma-4-E4B-it,3,6.0,0.00040766407013534265,0.018097391972939175,0.12007800442103918,0.18888888888888877
state:ae08f71b04f0fd35f128945d,pope,Qwen/Qwen3-VL-8B-Instruct,3,6.0,0.000496316443778311,0.02098150923848152,0.06024162715568784,0.08888888888888868
state:84eaf4edb7fd264231c5fa36,pope,google/gemma-4-E4B-it,4,10.0,3.048852453949772e-05,0.0033847018890082923,0.1112236701300296,0.16666666666666663
state:9461588e80d10d7ccf7ec66c,pope,Qwen/Qwen3-VL-8B-Instruct,3,6.0,0.0033470626440825473,0.09399046334955428,0.08743462571477952,0.09999999999999987
state:2b71fc1e2cc003a4a4338f15,vizwiz,google/gemma-4-E4B-it,2,2.0,8.169023445450934e-05,0.03216000646352768,0.026956895900719254,0.16666666666666663
state:c4ba60a64b1960539b2882e8,pope,Qwen/Qwen3-VL-8B-Instruct,3,6.0,6.595440376081684e-05,0.0031166937098734784,0.05486517019963274,0.05555555555555536
state:510d66274f6961d70b04e196,pope,google/gemma-4-E4B-it,4,10.0,0.0015107389662352678,0.05226562939584256,0.06718143332408144,0.0
state:2b971841db1ebd869d0d693a,vizwiz,Qwen/Qwen3-VL-8B-Instruct,3,6.0,6.138838922264915e-06,0.02668188015619914,0.040073339197423355,0.2944444444444445
state:df185990c33ab5bbec864813,vsr,google/gemma-4-E4B-it,2,2.0,7.0680225916621505e-06,0.010355084203183651,0.02269937979387267,0.0
state:0574f2424c2189215e670aa3,pope,google/gemma-4-E4B-it,4,10.0,0.000219557855247944,0.018714778479188676,0.06056281014608618,0.07777777777777761
state:ab05e4d8424ca1b9e76500db,vizwiz,google/gemma-4-E4B-it,3,6.0,8.403439019890873e-07,0.014355424377653322,0.016491975111923452,0.30000000000000004
state:2e699f16396d0c17fb3e7f1b,pope,Qwen/Qwen3-VL-8B-Instruct,3,6.0,0.00017100229695675984,0.018647925760079603,0.06743982858621031,0.05555555555555536
state:e4afb361363689a3fd70b96b,pope,google/gemma-4-E4B-it,2,2.0,8.701984707146465e-05,0.015568163769785315,0.05057424587964051,0.16666666666666663
state:9ac8ee6714f93a2829e98fc5,pope,google/gemma-4-E4B-it,2,2.0,8.846270826507179e-06,0.0025173176545649767,0.023805960662844034,0.16666666666666663
state:9412187d8d54e24cbf12529d,vizwiz,google/gemma-4-E4B-it,2,2.0,1.6855459329662366e-08,0.008484452962875366,0.010432412629819855,0.5
state:8efb3673f9dde9f624ea39d8,pope,google/gemma-4-E4B-it,4,10.0,0.00018461904810676427,0.009310543878236776,0.1429397372500829,0.16666666666666663
state:778e63cec429d708f669235f,hallusionbench,Qwen/Qwen3-VL-8B-Instruct,4,10.0,0.0001772973259839545,0.020707232533022764,0.053408510954720365,0.05925925925925901
state:4a789a0d464a5c32c518c500,vizwiz,google/gemma-4-E4B-it,2,2.0,9.426202341768065e-05,0.0209064781665802,0.018734540869667495,0.0
state:d712998ae4a54bfe428c3cac,vizwiz,Qwen/Qwen3-VL-8B-Instruct,2,2.0,1.0160651646816095e-05,0.004823163151741028,0.027260675479402106,0.0
state:733021622c134acfb24b25d7,vizwiz,google/gemma-4-E4B-it,4,10.0,0.00035183769362911836,0.026219125986099257,0.10635974394658057,0.2666666666666667
state:d244376e47b88c024eab6c4b,vsr,google/gemma-4-E4B-it,4,10.0,0.0031686442234212624,0.08944719744846225,0.14324331010177244,0.033333333333333326
state:831459285b0eb575106bbfc3,vizwiz,google/gemma-4-E4B-it,4,10.0,1.202779312478918e-07,0.00402782917022706,0.07200633233197377,0.3555555555555555
state:759efe78410184efc6991702,vsr,google/gemma-4-E4B-it,3,6.0,0.0003129544737794459,0.04956377711560992,0.05868371531039035,0.08888888888888868
state:e3c6fa7df265cdfc2f8326d3,pope,Qwen/Qwen3-VL-8B-Instruct,2,2.0,4.4694094692945924e-05,0.002916463650763035,0.03847415614842909,0.16666666666666663
state:75142db5f97a5f32658f7784,vizwiz,Qwen/Qwen3-VL-8B-Instruct,3,6.0,3.524789227132095e-05,0.015190501904322029,0.032316664917648154,0.05555555555555547
state:aad2fa441429345a2dd7c046,hallusionbench,Qwen/Qwen3-VL-8B-Instruct,4,10.0,0.000718902047033802,0.06815104414708914,0.0724846110226416,0.033333333333333326
state:e752ba6d2e429a0c5d918d88,hallusionbench,google/gemma-4-E4B-it,4,10.0,0.0006981495760194746,0.07980811953544616,0.12932864006823497,0.07777777777777761
state:6a219da8ff912ab3f5abd657,vizwiz,Qwen/Qwen3-VL-8B-Instruct,3,6.0,0.00042381359570896473,0.04122557615240415,0.04139867328480531,0.08888888888888868
state:ec01dc3c5593d9b8161e31ec,vizwiz,Qwen/Qwen3-VL-8B-Instruct,4,10.0,0.012781697668279052,0.03861386119853705,0.1561195445007291,0.1274074074074073
state:c0edeb152cb8cad79a7f954d,pope,Qwen/Qwen3-VL-8B-Instruct,2,2.0,8.711144634898705e-05,0.02110178768634796,0.01999091943052728,0.16666666666666663
state:b3f871cc3fe14824c06ae48e,vizwiz,Qwen/Qwen3-VL-8B-Instruct,4,10.0,0.0010190259528796374,0.017781301988288763,0.07481850600243266,0.08888888888888868
state:4c12e73236524bcc56fcf30d,vizwiz,Qwen/Qwen3-VL-8B-Instruct,3,6.0,0.0006133096585744473,0.028485140420444716,0.12971524848291002,0.08888888888888868
state:95e8d870a0aba6291aee8ed0,vizwiz,google/gemma-4-E4B-it,2,2.0,2.148719344992463e-06,0.023912489414215088,0.022552785480934267,0.33333333333333337
state:9c6adb8d84c022bf7717906a,vizwiz,google/gemma-4-E4B-it,3,6.0,4.351758888125899e-06,0.007332632939020793,0.009740931130286127,0.19333333333333325
state:7cf72b1b66885b99e5e212ad,vizwiz,Qwen/Qwen3-VL-8B-Instruct,4,10.0,0.0017033508405996905,0.011631414666771889,0.10745291721849679,0.033333333333333326
state:5f466cf6eebfbfbc9c3501e3,vizwiz,google/gemma-4-E4B-it,3,6.0,5.6080942339416824e-05,0.022010993923888427,0.09947968862866684,0.2666666666666667
state:ad5ca67382b4935bc80c5abd,pope,Qwen/Qwen3-VL-8B-Instruct,3,6.0,1.4495572431872483e-05,0.003454620846443718,0.09409820978149326,0.1777777777777778
state:d132242d2bcb253d11afe712,pope,Qwen/Qwen3-VL-8B-Instruct,4,10.0,0.0034200643077416915,0.030985283851623534,0.12632756585749935,0.07777777777777761
state:ecb8679d2e770571136fb8c5,vizwiz,google/gemma-4-E4B-it,3,6.0,7.279188785571853e-05,0.039830408162540874,0.04236487176929604,0.0888888888888888
state:d9375cc35b17ea53ede54041,vizwiz,Qwen/Qwen3-VL-8B-Instruct,4,10.0,9.007863285445626e-05,0.019514191150665283,0.16645942005657474,0.3203703703703704
state:54987a317472e767336a8608,pope,google/gemma-4-E4B-it,4,10.0,0.0005187710522879585,0.012909633964300157,0.05563116092796469,0.09777777777777763
state:1ffb1fd66fa0205b47d5c38f,hallusionbench,google/gemma-4-E4B-it,4,10.0,0.00025698004890850005,0.03951103866100312,0.045639552098009066,0.05925925925925901
state:c25928e4181f9a7266404084,pope,google/gemma-4-E4B-it,4,10.0,3.360820580644595e-05,0.004033047612756491,0.11936808854362249,0.1777777777777776
state:56002c516dd730f672e062b8,pope,google/gemma-4-E4B-it,3,6.0,0.00011081433183231667,0.038533375908931085,0.05804568657589836,0.05555555555555536
state:c18b618557a434904266b3cc,hallusionbench,Qwen/Qwen3-VL-8B-Instruct,3,6.0,0.00031975193784528527,0.04544893300367726,0.14215477463394807,0.18888888888888888
state:820adacea124f1623ebd3217,vizwiz,Qwen/Qwen3-VL-8B-Instruct,4,10.0,0.001918944340798814,0.07535893857479095,0.16610811273565254,0.16666666666666685
state:347db8651a7f1e9bce746d3f,vizwiz,Qwen/Qwen3-VL-8B-Instruct,2,2.0,0.0059898757072436885,0.04531231720466167,0.1638522296623034,0.0
state:ec9d7f30564aa86f7ce89c0e,pope,google/gemma-4-E4B-it,4,10.0,0.00022273838363672432,0.004231630307622254,0.06506831796212527,0.0888888888888889
state:f8e36f7c80f5d5131f84ee2f,vizwiz,google/gemma-4-E4B-it,4,10.0,9.459052277302711e-08,0.0011569952964783025,0.050039804146792724,0.30000000000000004
state:c4658f448fc6007e68ce80ee,vizwiz,google/gemma-4-E4B-it,4,10.0,4.041388216347326e-06,0.04713900506496431,0.055800889325417685,0.3907407407407407
state:21568de3511ef8bc24ea1d8e,hallusionbench,google/gemma-4-E4B-it,4,10.0,0.00019658767596983018,0.050004343986511234,0.09292276166755055,0.17777777777777792
state:2206a732d61a72a5fe4165ff,vizwiz,google/gemma-4-E4B-it,3,6.0,0.0003663728334690049,0.0416585902372996,0.034087139409844446,0.1777777777777777
state:356a85193718a163e71eccbd,vsr,Qwen/Qwen3-VL-8B-Instruct,3,6.0,0.0009251679568938904,0.0330834512472696,0.10191250456947741,0.05555555555555547
state:aad48c11f743c4c875309463,pope,Qwen/Qwen3-VL-8B-Instruct,4,10.0,9.888223470681614e-05,0.040737394914031035,0.08936185194902219,0.07777777777777761
state:b4141b35dd8f7342b91ce567,vizwiz,google/gemma-4-E4B-it,4,10.0,2.790557535955054e-07,0.002132471799850455,0.05958061027436515,0.09999999999999998
state:dd038b107fb02b4e43080b67,pope,Qwen/Qwen3-VL-8B-Instruct,2,2.0,9.606314167023291e-06,0.010501594049856067,0.02100741602125628,0.0
state:e204757b7ecee13a492e12dd,vizwiz,google/gemma-4-E4B-it,2,2.0,3.36094754391951e-08,0.029867246747016907,0.029757597701207582,0.33333333333333337
state:424f6270b485e7acc81c8c8b,vizwiz,Qwen/Qwen3-VL-8B-Instruct,4,10.0,2.4348791104945487e-05,0.0024340826412662863,0.09332640514850021,0.07777777777777772
state:b3f9c35bea7c2b467443ff45,vizwiz,Qwen/Qwen3-VL-8B-Instruct,3,6.0,0.0007005841102540462,0.01479340575557823,0.11023760342088156,0.0
state:2ff4f5025b139064f98f5da0,pope,google/gemma-4-E4B-it,4,10.0,7.754053889270985e-05,0.013549712598323823,0.03612976843437815,0.09259259259259234
state:1a35a9e076e1f7a185a3035a,pope,Qwen/Qwen3-VL-8B-Instruct,2,2.0,0.00023003840132002204,0.019739809446036816,0.04661624875621489,0.0
state:c8173868cc2f7e1b05106cef,pope,google/gemma-4-E4B-it,4,10.0,2.738480154917466e-05,0.003732633464969703,0.09950277345633708,0.14814814814814814
state:fc155654bbf6e4d5fa806636,vizwiz,Qwen/Qwen3-VL-8B-Instruct,3,6.0,4.785789306617779e-05,0.008973560438284454,0.10993171479512487,0.37222222222222223
state:3e220a743d7148bd4b2be277,pope,Qwen/Qwen3-VL-8B-Instruct,3,6.0,0.0001624036899674961,0.0499409470293257,0.05234183025288018,0.08888888888888868
state:0dd0f1865e1d7616dee5c8f4,vizwiz,Qwen/Qwen3-VL-8B-Instruct,2,2.0,5.546714100215521e-07,0.0017643719911575317,0.007468060148604924,0.0
state:1f6ab983550da86d0ff027b6,vizwiz,google/gemma-4-E4B-it,4,10.0,8.599934575922102e-08,0.0028660154342651455,0.07574960803007318,0.3222222222222222
state:1314b150aa907549ad0bb627,pope,Qwen/Qwen3-VL-8B-Instruct,4,10.0,0.00028677580802582726,0.01989350724790711,0.07175305720592613,0.07777777777777761
state:c1adbd87182f8d46bf794706,pope,Qwen/Qwen3-VL-8B-Instruct,4,10.0,0.00017803936365721654,0.021763743832707405,0.04502716715343812,0.0888888888888889
state:0e768d52f3004f94145c18e9,pope,google/gemma-4-E4B-it,3,6.0,0.00018568429466898545,0.01775636126533047,0.0576903496858156,0.08888888888888868
state:845dcb11d7e1a430ff0c3e08,vizwiz,google/gemma-4-E4B-it,4,10.0,0.0013090036545394036,0.05315795397851616,0.09997296863382821,0.1703703703703705
state:21e84baaf5c6fd12d5d0298c,pope,google/gemma-4-E4B-it,2,2.0,5.912906018943305e-05,0.006290955934673548,0.08823687599561518,0.16666666666666663
state:478264c586e846bac70ef46b,pope,Qwen/Qwen3-VL-8B-Instruct,4,10.0,0.00010664657298054248,0.013538120512384922,0.06898528200789943,0.033333333333333326
