2026-08-17 00:14:57,171 INFO [run_teacher] Model: gemma4_e4b (google/gemma-4-E4B-it)
2026-08-17 00:14:57,171 INFO [run_teacher] Shard: 3/4
2026-08-17 00:14:57,171 INFO [run_teacher] Selected rows: 1842; completed: 0; pending: 1842
2026-08-17 00:14:57,171 INFO [run_teacher] Expected remaining forward passes (clean + legal probes): 12925
2026-08-17 00:14:57,171 INFO [run_teacher] Output: outputs/teacher_core/teacher_gemma4_e4b_all_all_shard03-of-04.jsonl
2026-08-17 00:14:57,171 INFO [run_teacher] Current-failure ledger: outputs/teacher_core/teacher_gemma4_e4b_all_all_shard03-of-04.failures.jsonl
2026-08-17 00:15:01,252 INFO [sentence_transformers.base.model] Loading SentenceTransformer model from /home/models/all-MiniLM-L6-v2.
Loading weights:   0%|          | 0/103 [00:00<?, ?it/s]Loading weights: 100%|██████████| 103/103 [00:00<00:00, 49294.08it/s]
[1mBertModel LOAD REPORT[0m from: /home/models/all-MiniLM-L6-v2
Key                     | Status     |  | 
------------------------+------------+--+-
embeddings.position_ids | UNEXPECTED |  | 

Notes:
- UNEXPECTED:	can be ignored when loading from different task/architecture; not ok if you expect identical arch.
2026-08-17 00:15:01,542 INFO [proactive.features.semantic] Loaded SemanticMatcher from local dir: /home/models/all-MiniLM-L6-v2
2026-08-17 00:15:01,543 INFO [run_teacher] Loading model on cuda:0
Loading weights:   0%|          | 0/2076 [00:00<?, ?it/s]Loading weights:  14%|█▍        | 299/2076 [00:00<00:00, 2989.58it/s]Loading weights:  29%|██▉       | 598/2076 [00:00<00:00, 2873.61it/s]Loading weights:  43%|████▎     | 886/2076 [00:01<00:02, 452.70it/s] Loading weights:  51%|█████     | 1053/2076 [00:01<00:02, 430.22it/s]Loading weights:  56%|█████▋    | 1169/2076 [00:02<00:02, 423.29it/s]Loading weights:  61%|██████    | 1258/2076 [00:02<00:01, 412.61it/s]Loading weights:  64%|██████▍   | 1329/2076 [00:02<00:01, 403.94it/s]Loading weights:  67%|██████▋   | 1389/2076 [00:02<00:01, 396.53it/s]Loading weights:  72%|███████▏  | 1492/2076 [00:02<00:01, 486.46it/s]Loading weights:  86%|████████▋ | 1791/2076 [00:03<00:00, 905.62it/s]Loading weights: 100%|██████████| 2076/2076 [00:03<00:00, 903.98it/s]Loading weights: 100%|██████████| 2076/2076 [00:03<00:00, 619.45it/s]
2026-08-17 00:15:07,870 INFO [run_teacher] [1/1842] hallusionbench_6_6
The following generation flags are not valid and may be ignored: ['top_p', 'top_k']. Set `TRANSFORMERS_VERBOSITY=info` for more details.
2026-08-17 00:15:15,655 INFO [run_teacher] [2/1842] hallusionbench_16_16
2026-08-17 00:15:25,119 INFO [run_teacher] [3/1842] hallusionbench_20_20
2026-08-17 00:15:36,548 INFO [run_teacher] [4/1842] hallusionbench_39_39
2026-08-17 00:15:45,554 INFO [run_teacher] [5/1842] hallusionbench_46_46
2026-08-17 00:15:53,626 INFO [run_teacher] [6/1842] hallusionbench_48_48
2026-08-17 00:16:05,448 INFO [run_teacher] [7/1842] hallusionbench_50_50
2026-08-17 00:16:13,645 INFO [run_teacher] [8/1842] hallusionbench_62_62
2026-08-17 00:16:22,875 INFO [run_teacher] [9/1842] hallusionbench_68_68
2026-08-17 00:16:33,205 INFO [run_teacher] [10/1842] hallusionbench_70_70
2026-08-17 00:16:50,905 ERROR [run_teacher] Teacher generation failed for hallusionbench_70_70: Mandatory probe observation 'grounding' is invalid (Missing FINAL_ANSWER tag and unable to resolve valid final answer)
Traceback (most recent call last):
  File "/home/aman/ProActive/scripts/run_teacher.py", line 551, in main
    raise ValueError(result.get("invalid_reason") or "invalid teacher row")
ValueError: Mandatory probe observation 'grounding' is invalid (Missing FINAL_ANSWER tag and unable to resolve valid final answer)
2026-08-17 00:16:50,906 INFO [run_teacher] [11/1842] hallusionbench_72_72
2026-08-17 00:17:05,095 INFO [run_teacher] [12/1842] hallusionbench_74_74
2026-08-17 00:17:21,619 ERROR [run_teacher] Teacher generation failed for hallusionbench_74_74: Mandatory probe observation 'grounding' is invalid (Missing FINAL_ANSWER tag and unable to resolve valid final answer)
Traceback (most recent call last):
  File "/home/aman/ProActive/scripts/run_teacher.py", line 551, in main
    raise ValueError(result.get("invalid_reason") or "invalid teacher row")
ValueError: Mandatory probe observation 'grounding' is invalid (Missing FINAL_ANSWER tag and unable to resolve valid final answer)
2026-08-17 00:17:21,619 INFO [run_teacher] [13/1842] hallusionbench_75_75
2026-08-17 00:17:38,185 ERROR [run_teacher] Teacher generation failed for hallusionbench_75_75: Mandatory probe observation 'grounding' is invalid (Missing FINAL_ANSWER tag and unable to resolve valid final answer)
Traceback (most recent call last):
  File "/home/aman/ProActive/scripts/run_teacher.py", line 551, in main
    raise ValueError(result.get("invalid_reason") or "invalid teacher row")
ValueError: Mandatory probe observation 'grounding' is invalid (Missing FINAL_ANSWER tag and unable to resolve valid final answer)
2026-08-17 00:17:38,186 INFO [run_teacher] [14/1842] hallusionbench_80_80
2026-08-17 00:17:50,764 INFO [run_teacher] [15/1842] hallusionbench_86_86
2026-08-17 00:18:03,635 INFO [run_teacher] [16/1842] hallusionbench_87_87
2026-08-17 00:18:14,481 INFO [run_teacher] [17/1842] hallusionbench_97_97
2026-08-17 00:18:25,144 INFO [run_teacher] [18/1842] hallusionbench_117_117
2026-08-17 00:18:31,792 INFO [run_teacher] [19/1842] hallusionbench_119_119
2026-08-17 00:18:41,148 INFO [run_teacher] [20/1842] hallusionbench_120_120
2026-08-17 00:18:49,212 INFO [run_teacher] [21/1842] hallusionbench_125_125
2026-08-17 00:18:59,667 INFO [run_teacher] [22/1842] hallusionbench_127_127
2026-08-17 00:19:07,731 INFO [run_teacher] [23/1842] hallusionbench_144_144
2026-08-17 00:19:23,618 INFO [run_teacher] [24/1842] hallusionbench_150_150
2026-08-17 00:19:32,157 INFO [run_teacher] [25/1842] hallusionbench_158_158
2026-08-17 00:19:39,321 INFO [run_teacher] [26/1842] hallusionbench_165_165
2026-08-17 00:19:55,991 INFO [run_teacher] [27/1842] hallusionbench_166_166
2026-08-17 00:20:05,646 INFO [run_teacher] [28/1842] hallusionbench_177_177
2026-08-17 00:20:21,624 INFO [run_teacher] [29/1842] hallusionbench_180_180
2026-08-17 00:20:39,085 INFO [run_teacher] [30/1842] hallusionbench_184_184
2026-08-17 00:20:45,233 INFO [run_teacher] [31/1842] hallusionbench_185_185
2026-08-17 00:20:52,214 INFO [run_teacher] [32/1842] hallusionbench_196_196
2026-08-17 00:21:08,463 ERROR [run_teacher] Teacher generation failed for hallusionbench_196_196: Mandatory probe observation 'grounding' is invalid (Missing FINAL_ANSWER tag and unable to resolve valid final answer)
Traceback (most recent call last):
  File "/home/aman/ProActive/scripts/run_teacher.py", line 551, in main
    raise ValueError(result.get("invalid_reason") or "invalid teacher row")
ValueError: Mandatory probe observation 'grounding' is invalid (Missing FINAL_ANSWER tag and unable to resolve valid final answer)
2026-08-17 00:21:08,464 INFO [run_teacher] [33/1842] hallusionbench_198_198
2026-08-17 00:21:24,454 INFO [run_teacher] [34/1842] hallusionbench_210_210
2026-08-17 00:21:34,892 INFO [run_teacher] [35/1842] hallusionbench_211_211
2026-08-17 00:21:45,930 INFO [run_teacher] [36/1842] hallusionbench_212_212
2026-08-17 00:21:55,419 INFO [run_teacher] [37/1842] hallusionbench_213_213
2026-08-17 00:22:09,248 INFO [run_teacher] [38/1842] hallusionbench_232_232
2026-08-17 00:22:18,436 INFO [run_teacher] [39/1842] hallusionbench_233_233
2026-08-17 00:22:26,423 ERROR [run_teacher] Teacher generation failed for hallusionbench_233_233: Mandatory probe observation 'grounding' is invalid (Binary dataset answer not in valid domain: 'Germany' -> 'unknown')
Traceback (most recent call last):
  File "/home/aman/ProActive/scripts/run_teacher.py", line 551, in main
    raise ValueError(result.get("invalid_reason") or "invalid teacher row")
ValueError: Mandatory probe observation 'grounding' is invalid (Binary dataset answer not in valid domain: 'Germany' -> 'unknown')
2026-08-17 00:22:26,423 INFO [run_teacher] [40/1842] hallusionbench_234_234
2026-08-17 00:22:39,388 INFO [run_teacher] [41/1842] hallusionbench_235_235
2026-08-17 00:22:56,049 INFO [run_teacher] [42/1842] hallusionbench_243_243
2026-08-17 00:23:05,788 INFO [run_teacher] [43/1842] hallusionbench_250_250
2026-08-17 00:23:13,436 INFO [run_teacher] [44/1842] hallusionbench_254_254
2026-08-17 00:23:30,376 ERROR [run_teacher] Teacher generation failed for hallusionbench_254_254: Mandatory probe observation 'grounding' is invalid (Binary dataset answer not in valid domain: 'South Carolina' -> 'unknown')
Traceback (most recent call last):
  File "/home/aman/ProActive/scripts/run_teacher.py", line 551, in main
    raise ValueError(result.get("invalid_reason") or "invalid teacher row")
ValueError: Mandatory probe observation 'grounding' is invalid (Binary dataset answer not in valid domain: 'South Carolina' -> 'unknown')
2026-08-17 00:23:30,376 INFO [run_teacher] [45/1842] hallusionbench_263_263
2026-08-17 00:23:41,327 INFO [run_teacher] [46/1842] hallusionbench_266_266
2026-08-17 00:23:47,892 INFO [run_teacher] [47/1842] hallusionbench_267_267
2026-08-17 00:23:58,788 INFO [run_teacher] [48/1842] hallusionbench_277_277
2026-08-17 00:24:05,069 INFO [run_teacher] [49/1842] hallusionbench_279_279
2026-08-17 00:24:12,892 INFO [run_teacher] [50/1842] hallusionbench_282_282
2026-08-17 00:24:21,464 INFO [run_teacher] [51/1842] hallusionbench_283_283
2026-08-17 00:24:27,629 INFO [run_teacher] [52/1842] hallusionbench_286_286
2026-08-17 00:24:35,460 INFO [run_teacher] [53/1842] hallusionbench_297_297
2026-08-17 00:24:41,633 INFO [run_teacher] [54/1842] hallusionbench_298_298
2026-08-17 00:24:47,364 INFO [run_teacher] [55/1842] hallusionbench_300_300
2026-08-17 00:24:53,462 INFO [run_teacher] [56/1842] hallusionbench_306_306
2026-08-17 00:24:59,727 INFO [run_teacher] [57/1842] hallusionbench_307_307
2026-08-17 00:25:05,567 INFO [run_teacher] [58/1842] hallusionbench_309_309
2026-08-17 00:25:11,748 INFO [run_teacher] [59/1842] hallusionbench_322_322
2026-08-17 00:25:20,171 INFO [run_teacher] [60/1842] hallusionbench_324_324
2026-08-17 00:25:28,026 INFO [run_teacher] [61/1842] hallusionbench_332_332
2026-08-17 00:25:35,832 INFO [run_teacher] [62/1842] hallusionbench_336_336
2026-08-17 00:25:42,097 INFO [run_teacher] [63/1842] hallusionbench_342_342
2026-08-17 00:25:47,820 INFO [run_teacher] [64/1842] hallusionbench_348_348
2026-08-17 00:25:59,692 INFO [run_teacher] [65/1842] hallusionbench_353_353
2026-08-17 00:26:06,148 INFO [run_teacher] [66/1842] hallusionbench_354_354
2026-08-17 00:26:13,504 INFO [run_teacher] [67/1842] hallusionbench_355_355
2026-08-17 00:26:20,068 INFO [run_teacher] [68/1842] hallusionbench_358_358
2026-08-17 00:26:27,799 INFO [run_teacher] [69/1842] hallusionbench_365_365
2026-08-17 00:26:32,239 INFO [run_teacher] [70/1842] hallusionbench_369_369
2026-08-17 00:26:36,605 INFO [run_teacher] [71/1842] hallusionbench_370_370
2026-08-17 00:26:42,686 INFO [run_teacher] [72/1842] hallusionbench_371_371
2026-08-17 00:26:48,551 INFO [run_teacher] [73/1842] hallusionbench_377_377
2026-08-17 00:26:58,481 INFO [run_teacher] [74/1842] hallusionbench_382_382
2026-08-17 00:27:08,428 INFO [run_teacher] [75/1842] hallusionbench_384_384
2026-08-17 00:27:18,400 INFO [run_teacher] [76/1842] hallusionbench_387_387
2026-08-17 00:27:23,223 INFO [run_teacher] [77/1842] hallusionbench_389_389
2026-08-17 00:27:28,488 INFO [run_teacher] [78/1842] hallusionbench_390_390
2026-08-17 00:27:36,202 INFO [run_teacher] [79/1842] hallusionbench_393_393
2026-08-17 00:27:42,951 INFO [run_teacher] [80/1842] hallusionbench_403_403
2026-08-17 00:27:47,591 INFO [run_teacher] [81/1842] hallusionbench_405_405
2026-08-17 00:27:52,364 INFO [run_teacher] [82/1842] hallusionbench_414_414
2026-08-17 00:27:59,470 INFO [run_teacher] [83/1842] hallusionbench_418_418
2026-08-17 00:28:09,076 INFO [run_teacher] [84/1842] hallusionbench_441_441
2026-08-17 00:28:13,658 INFO [run_teacher] [85/1842] hallusionbench_442_442
2026-08-17 00:28:20,039 INFO [run_teacher] [86/1842] hallusionbench_444_444
2026-08-17 00:28:27,703 INFO [run_teacher] [87/1842] hallusionbench_448_448
2026-08-17 00:28:35,126 INFO [run_teacher] [88/1842] hallusionbench_455_455
2026-08-17 00:28:42,257 INFO [run_teacher] [89/1842] hallusionbench_459_459
2026-08-17 00:28:58,456 ERROR [run_teacher] Teacher generation failed for hallusionbench_459_459: Mandatory probe observation 'grounding' is invalid (Missing FINAL_ANSWER tag and unable to resolve valid final answer)
Traceback (most recent call last):
  File "/home/aman/ProActive/scripts/run_teacher.py", line 551, in main
    raise ValueError(result.get("invalid_reason") or "invalid teacher row")
ValueError: Mandatory probe observation 'grounding' is invalid (Missing FINAL_ANSWER tag and unable to resolve valid final answer)
2026-08-17 00:28:58,457 INFO [run_teacher] [90/1842] hallusionbench_460_460
2026-08-17 00:29:10,848 INFO [run_teacher] [91/1842] hallusionbench_461_461
2026-08-17 00:29:24,127 INFO [run_teacher] [92/1842] hallusionbench_469_469
2026-08-17 00:29:31,541 INFO [run_teacher] [93/1842] hallusionbench_478_478
2026-08-17 00:29:40,480 INFO [run_teacher] [94/1842] hallusionbench_487_487
2026-08-17 00:29:47,486 INFO [run_teacher] [95/1842] hallusionbench_492_492
2026-08-17 00:29:53,717 INFO [run_teacher] [96/1842] hallusionbench_494_494
2026-08-17 00:30:01,057 INFO [run_teacher] [97/1842] hallusionbench_505_505
2026-08-17 00:30:07,396 INFO [run_teacher] [98/1842] hallusionbench_510_510
2026-08-17 00:30:16,610 INFO [run_teacher] [99/1842] hallusionbench_511_511
2026-08-17 00:30:22,491 INFO [run_teacher] [100/1842] hallusionbench_512_512
2026-08-17 00:30:30,681 INFO [run_teacher] [101/1842] hallusionbench_523_523
2026-08-17 00:30:37,628 INFO [run_teacher] [102/1842] hallusionbench_524_524
2026-08-17 00:30:42,802 INFO [run_teacher] [103/1842] hallusionbench_525_525
2026-08-17 00:30:47,942 INFO [run_teacher] [104/1842] hallusionbench_536_536
2026-08-17 00:30:54,215 INFO [run_teacher] [105/1842] hallusionbench_542_542
2026-08-17 00:30:59,730 INFO [run_teacher] [106/1842] hallusionbench_545_545
2026-08-17 00:31:04,620 INFO [run_teacher] [107/1842] hallusionbench_546_546
2026-08-17 00:31:11,592 INFO [run_teacher] [108/1842] hallusionbench_547_547
2026-08-17 00:31:16,808 INFO [run_teacher] [109/1842] hallusionbench_558_558
2026-08-17 00:31:22,756 INFO [run_teacher] [110/1842] hallusionbench_561_561
2026-08-17 00:31:28,062 INFO [run_teacher] [111/1842] hallusionbench_562_562
2026-08-17 00:31:34,360 INFO [run_teacher] [112/1842] hallusionbench_565_565
2026-08-17 00:31:43,024 INFO [run_teacher] [113/1842] hallusionbench_566_566
2026-08-17 00:31:53,105 INFO [run_teacher] [114/1842] hallusionbench_570_570
2026-08-17 00:31:57,811 INFO [run_teacher] [115/1842] hallusionbench_574_574
2026-08-17 00:32:05,059 INFO [run_teacher] [116/1842] hallusionbench_575_575
2026-08-17 00:32:16,355 INFO [run_teacher] [117/1842] hallusionbench_581_581
2026-08-17 00:32:20,704 INFO [run_teacher] [118/1842] hallusionbench_586_586
2026-08-17 00:32:25,969 INFO [run_teacher] [119/1842] hallusionbench_587_587
2026-08-17 00:32:31,909 INFO [run_teacher] [120/1842] hallusionbench_589_589
2026-08-17 00:32:38,298 INFO [run_teacher] [121/1842] hallusionbench_612_612
2026-08-17 00:32:42,488 INFO [run_teacher] [122/1842] hallusionbench_613_613
2026-08-17 00:32:45,479 INFO [run_teacher] [123/1842] hallusionbench_614_614
2026-08-17 00:32:49,678 INFO [run_teacher] [124/1842] hallusionbench_622_622
2026-08-17 00:32:55,201 INFO [run_teacher] [125/1842] hallusionbench_623_623
2026-08-17 00:33:01,732 INFO [run_teacher] [126/1842] hallusionbench_625_625
2026-08-17 00:33:12,637 INFO [run_teacher] [127/1842] hallusionbench_632_632
2026-08-17 00:33:17,919 INFO [run_teacher] [128/1842] hallusionbench_633_633
2026-08-17 00:33:22,417 INFO [run_teacher] [129/1842] hallusionbench_637_637
2026-08-17 00:33:27,391 INFO [run_teacher] [130/1842] hallusionbench_643_643
2026-08-17 00:33:32,439 INFO [run_teacher] [131/1842] hallusionbench_653_653
2026-08-17 00:33:38,079 INFO [run_teacher] [132/1842] hallusionbench_659_659
2026-08-17 00:33:43,411 INFO [run_teacher] [133/1842] hallusionbench_660_660
2026-08-17 00:33:47,234 INFO [run_teacher] [134/1842] hallusionbench_662_662
2026-08-17 00:33:51,625 INFO [run_teacher] [135/1842] hallusionbench_678_678
2026-08-17 00:33:59,181 INFO [run_teacher] [136/1842] hallusionbench_684_684
2026-08-17 00:34:08,561 INFO [run_teacher] [137/1842] hallusionbench_685_685
2026-08-17 00:34:24,826 ERROR [run_teacher] Teacher generation failed for hallusionbench_685_685: Mandatory probe observation 'grounding' is invalid (Missing FINAL_ANSWER tag and unable to resolve valid final answer)
Traceback (most recent call last):
  File "/home/aman/ProActive/scripts/run_teacher.py", line 551, in main
    raise ValueError(result.get("invalid_reason") or "invalid teacher row")
ValueError: Mandatory probe observation 'grounding' is invalid (Missing FINAL_ANSWER tag and unable to resolve valid final answer)
2026-08-17 00:34:24,827 INFO [run_teacher] [138/1842] hallusionbench_688_688
2026-08-17 00:34:39,859 INFO [run_teacher] [139/1842] hallusionbench_693_693
2026-08-17 00:34:55,981 ERROR [run_teacher] Teacher generation failed for hallusionbench_693_693: Mandatory probe observation 'grounding' is invalid (Missing FINAL_ANSWER tag and unable to resolve valid final answer)
Traceback (most recent call last):
  File "/home/aman/ProActive/scripts/run_teacher.py", line 551, in main
    raise ValueError(result.get("invalid_reason") or "invalid teacher row")
ValueError: Mandatory probe observation 'grounding' is invalid (Missing FINAL_ANSWER tag and unable to resolve valid final answer)
2026-08-17 00:34:55,982 INFO [run_teacher] [140/1842] hallusionbench_694_694
2026-08-17 00:35:01,244 INFO [run_teacher] [141/1842] hallusionbench_707_707
2026-08-17 00:35:06,600 INFO [run_teacher] [142/1842] hallusionbench_710_710
2026-08-17 00:35:09,991 INFO [run_teacher] [143/1842] hallusionbench_714_714
2026-08-17 00:35:24,977 INFO [run_teacher] [144/1842] hallusionbench_720_720
2026-08-17 00:35:28,151 INFO [run_teacher] [145/1842] hallusionbench_722_722
2026-08-17 00:35:31,225 INFO [run_teacher] [146/1842] hallusionbench_723_723
2026-08-17 00:35:34,308 INFO [run_teacher] [147/1842] hallusionbench_726_726
2026-08-17 00:35:50,602 ERROR [run_teacher] Teacher generation failed for hallusionbench_726_726: Mandatory probe observation 'grounding' is invalid (Missing FINAL_ANSWER tag and unable to resolve valid final answer)
Traceback (most recent call last):
  File "/home/aman/ProActive/scripts/run_teacher.py", line 551, in main
    raise ValueError(result.get("invalid_reason") or "invalid teacher row")
ValueError: Mandatory probe observation 'grounding' is invalid (Missing FINAL_ANSWER tag and unable to resolve valid final answer)
2026-08-17 00:35:50,602 INFO [run_teacher] [148/1842] hallusionbench_727_727
2026-08-17 00:36:07,034 ERROR [run_teacher] Teacher generation failed for hallusionbench_727_727: Mandatory probe observation 'grounding' is invalid (Missing FINAL_ANSWER tag and unable to resolve valid final answer)
Traceback (most recent call last):
  File "/home/aman/ProActive/scripts/run_teacher.py", line 551, in main
    raise ValueError(result.get("invalid_reason") or "invalid teacher row")
ValueError: Mandatory probe observation 'grounding' is invalid (Missing FINAL_ANSWER tag and unable to resolve valid final answer)
2026-08-17 00:36:07,034 INFO [run_teacher] [149/1842] hallusionbench_728_728
2026-08-17 00:36:23,414 ERROR [run_teacher] Teacher generation failed for hallusionbench_728_728: Mandatory probe observation 'grounding' is invalid (Missing FINAL_ANSWER tag and unable to resolve valid final answer)
Traceback (most recent call last):
  File "/home/aman/ProActive/scripts/run_teacher.py", line 551, in main
    raise ValueError(result.get("invalid_reason") or "invalid teacher row")
ValueError: Mandatory probe observation 'grounding' is invalid (Missing FINAL_ANSWER tag and unable to resolve valid final answer)
2026-08-17 00:36:23,415 INFO [run_teacher] [150/1842] hallusionbench_731_731
2026-08-17 00:36:29,781 INFO [run_teacher] [151/1842] hallusionbench_736_736
2026-08-17 00:36:39,986 INFO [run_teacher] [152/1842] hallusionbench_739_739
2026-08-17 00:36:51,099 INFO [run_teacher] [153/1842] hallusionbench_742_742
2026-08-17 00:37:00,687 INFO [run_teacher] [154/1842] hallusionbench_745_745
2026-08-17 00:37:09,843 INFO [run_teacher] [155/1842] hallusionbench_746_746
2026-08-17 00:37:26,129 ERROR [run_teacher] Teacher generation failed for hallusionbench_746_746: Mandatory probe observation 'grounding' is invalid (Missing FINAL_ANSWER tag and unable to resolve valid final answer)
Traceback (most recent call last):
  File "/home/aman/ProActive/scripts/run_teacher.py", line 551, in main
    raise ValueError(result.get("invalid_reason") or "invalid teacher row")
ValueError: Mandatory probe observation 'grounding' is invalid (Missing FINAL_ANSWER tag and unable to resolve valid final answer)
2026-08-17 00:37:26,130 INFO [run_teacher] [156/1842] hallusionbench_748_748
2026-08-17 00:37:42,417 ERROR [run_teacher] Teacher generation failed for hallusionbench_748_748: Mandatory probe observation 'grounding' is invalid (Missing FINAL_ANSWER tag and unable to resolve valid final answer)
Traceback (most recent call last):
  File "/home/aman/ProActive/scripts/run_teacher.py", line 551, in main
    raise ValueError(result.get("invalid_reason") or "invalid teacher row")
ValueError: Mandatory probe observation 'grounding' is invalid (Missing FINAL_ANSWER tag and unable to resolve valid final answer)
2026-08-17 00:37:42,417 INFO [run_teacher] [157/1842] hallusionbench_750_750
2026-08-17 00:37:58,640 ERROR [run_teacher] Teacher generation failed for hallusionbench_750_750: Mandatory probe observation 'grounding' is invalid (Missing FINAL_ANSWER tag and unable to resolve valid final answer)
Traceback (most recent call last):
  File "/home/aman/ProActive/scripts/run_teacher.py", line 551, in main
    raise ValueError(result.get("invalid_reason") or "invalid teacher row")
ValueError: Mandatory probe observation 'grounding' is invalid (Missing FINAL_ANSWER tag and unable to resolve valid final answer)
2026-08-17 00:37:58,641 INFO [run_teacher] [158/1842] hallusionbench_753_753
2026-08-17 00:38:10,184 INFO [run_teacher] [159/1842] hallusionbench_755_755
2026-08-17 00:38:20,405 INFO [run_teacher] [160/1842] hallusionbench_756_756
2026-08-17 00:38:36,646 ERROR [run_teacher] Teacher generation failed for hallusionbench_756_756: Mandatory probe observation 'grounding' is invalid (Missing FINAL_ANSWER tag and unable to resolve valid final answer)
Traceback (most recent call last):
  File "/home/aman/ProActive/scripts/run_teacher.py", line 551, in main
    raise ValueError(result.get("invalid_reason") or "invalid teacher row")
ValueError: Mandatory probe observation 'grounding' is invalid (Missing FINAL_ANSWER tag and unable to resolve valid final answer)
2026-08-17 00:38:36,647 INFO [run_teacher] [161/1842] hallusionbench_764_764
2026-08-17 00:38:45,455 INFO [run_teacher] [162/1842] hallusionbench_766_766
2026-08-17 00:39:01,771 ERROR [run_teacher] Teacher generation failed for hallusionbench_766_766: Mandatory probe observation 'grounding' is invalid (Missing FINAL_ANSWER tag and unable to resolve valid final answer)
Traceback (most recent call last):
  File "/home/aman/ProActive/scripts/run_teacher.py", line 551, in main
    raise ValueError(result.get("invalid_reason") or "invalid teacher row")
ValueError: Mandatory probe observation 'grounding' is invalid (Missing FINAL_ANSWER tag and unable to resolve valid final answer)
2026-08-17 00:39:01,772 INFO [run_teacher] [163/1842] hallusionbench_768_768
2026-08-17 00:39:18,068 ERROR [run_teacher] Teacher generation failed for hallusionbench_768_768: Mandatory probe observation 'grounding' is invalid (Missing FINAL_ANSWER tag and unable to resolve valid final answer)
Traceback (most recent call last):
  File "/home/aman/ProActive/scripts/run_teacher.py", line 551, in main
    raise ValueError(result.get("invalid_reason") or "invalid teacher row")
ValueError: Mandatory probe observation 'grounding' is invalid (Missing FINAL_ANSWER tag and unable to resolve valid final answer)
2026-08-17 00:39:18,068 INFO [run_teacher] [164/1842] hallusionbench_779_779
2026-08-17 00:39:34,367 ERROR [run_teacher] Teacher generation failed for hallusionbench_779_779: Mandatory probe observation 'grounding' is invalid (Missing FINAL_ANSWER tag and unable to resolve valid final answer)
Traceback (most recent call last):
  File "/home/aman/ProActive/scripts/run_teacher.py", line 551, in main
    raise ValueError(result.get("invalid_reason") or "invalid teacher row")
ValueError: Mandatory probe observation 'grounding' is invalid (Missing FINAL_ANSWER tag and unable to resolve valid final answer)
2026-08-17 00:39:34,368 INFO [run_teacher] [165/1842] hallusionbench_782_782
2026-08-17 00:39:50,424 ERROR [run_teacher] Teacher generation failed for hallusionbench_782_782: Mandatory probe observation 'grounding' is invalid (Missing FINAL_ANSWER tag and unable to resolve valid final answer)
Traceback (most recent call last):
  File "/home/aman/ProActive/scripts/run_teacher.py", line 551, in main
    raise ValueError(result.get("invalid_reason") or "invalid teacher row")
ValueError: Mandatory probe observation 'grounding' is invalid (Missing FINAL_ANSWER tag and unable to resolve valid final answer)
2026-08-17 00:39:50,424 INFO [run_teacher] [166/1842] hallusionbench_783_783
2026-08-17 00:40:06,547 ERROR [run_teacher] Teacher generation failed for hallusionbench_783_783: Mandatory probe observation 'grounding' is invalid (Missing FINAL_ANSWER tag and unable to resolve valid final answer)
Traceback (most recent call last):
  File "/home/aman/ProActive/scripts/run_teacher.py", line 551, in main
    raise ValueError(result.get("invalid_reason") or "invalid teacher row")
ValueError: Mandatory probe observation 'grounding' is invalid (Missing FINAL_ANSWER tag and unable to resolve valid final answer)
2026-08-17 00:40:06,548 INFO [run_teacher] [167/1842] hallusionbench_786_786
2026-08-17 00:40:22,639 ERROR [run_teacher] Teacher generation failed for hallusionbench_786_786: Mandatory probe observation 'grounding' is invalid (Missing FINAL_ANSWER tag and unable to resolve valid final answer)
Traceback (most recent call last):
  File "/home/aman/ProActive/scripts/run_teacher.py", line 551, in main
    raise ValueError(result.get("invalid_reason") or "invalid teacher row")
ValueError: Mandatory probe observation 'grounding' is invalid (Missing FINAL_ANSWER tag and unable to resolve valid final answer)
2026-08-17 00:40:22,640 INFO [run_teacher] [168/1842] hallusionbench_788_788
2026-08-17 00:40:38,855 ERROR [run_teacher] Teacher generation failed for hallusionbench_788_788: Mandatory probe observation 'grounding' is invalid (Missing FINAL_ANSWER tag and unable to resolve valid final answer)
Traceback (most recent call last):
  File "/home/aman/ProActive/scripts/run_teacher.py", line 551, in main
    raise ValueError(result.get("invalid_reason") or "invalid teacher row")
ValueError: Mandatory probe observation 'grounding' is invalid (Missing FINAL_ANSWER tag and unable to resolve valid final answer)
2026-08-17 00:40:38,855 INFO [run_teacher] [169/1842] hallusionbench_790_790
2026-08-17 00:40:43,924 INFO [run_teacher] [170/1842] hallusionbench_791_791
2026-08-17 00:40:48,731 INFO [run_teacher] [171/1842] hallusionbench_794_794
2026-08-17 00:40:55,954 INFO [run_teacher] [172/1842] hallusionbench_795_795
2026-08-17 00:41:02,177 INFO [run_teacher] [173/1842] hallusionbench_797_797
2026-08-17 00:41:08,666 INFO [run_teacher] [174/1842] hallusionbench_800_800
2026-08-17 00:41:16,189 INFO [run_teacher] [175/1842] hallusionbench_803_803
2026-08-17 00:41:23,320 INFO [run_teacher] [176/1842] hallusionbench_810_810
2026-08-17 00:41:30,592 INFO [run_teacher] [177/1842] hallusionbench_816_816
2026-08-17 00:41:37,674 INFO [run_teacher] [178/1842] hallusionbench_817_817
2026-08-17 00:41:44,280 INFO [run_teacher] [179/1842] hallusionbench_818_818
2026-08-17 00:41:50,586 INFO [run_teacher] [180/1842] hallusionbench_819_819
2026-08-17 00:41:57,825 INFO [run_teacher] [181/1842] hallusionbench_820_820
2026-08-17 00:42:04,298 INFO [run_teacher] [182/1842] hallusionbench_828_828
2026-08-17 00:42:09,913 INFO [run_teacher] [183/1842] hallusionbench_834_834
2026-08-17 00:42:14,503 INFO [run_teacher] [184/1842] hallusionbench_835_835
2026-08-17 00:42:19,585 INFO [run_teacher] [185/1842] hallusionbench_836_836
2026-08-17 00:42:25,800 INFO [run_teacher] [186/1842] hallusionbench_847_847
2026-08-17 00:42:30,731 INFO [run_teacher] [187/1842] hallusionbench_850_850
2026-08-17 00:42:36,071 INFO [run_teacher] [188/1842] hallusionbench_851_851
2026-08-17 00:42:42,419 INFO [run_teacher] [189/1842] hallusionbench_855_855
2026-08-17 00:42:47,068 INFO [run_teacher] [190/1842] hallusionbench_858_858
2026-08-17 00:42:51,767 INFO [run_teacher] [191/1842] hallusionbench_869_869
2026-08-17 00:42:58,248 INFO [run_teacher] [192/1842] hallusionbench_876_876
2026-08-17 00:43:08,803 INFO [run_teacher] [193/1842] hallusionbench_878_878
2026-08-17 00:43:18,499 INFO [run_teacher] [194/1842] hallusionbench_883_883
2026-08-17 00:43:24,431 INFO [run_teacher] [195/1842] hallusionbench_890_890
2026-08-17 00:43:30,321 INFO [run_teacher] [196/1842] hallusionbench_898_898
2026-08-17 00:43:35,944 INFO [run_teacher] [197/1842] hallusionbench_900_900
2026-08-17 00:43:42,433 INFO [run_teacher] [198/1842] hallusionbench_903_903
2026-08-17 00:43:49,131 INFO [run_teacher] [199/1842] hallusionbench_908_908
2026-08-17 00:43:54,138 INFO [run_teacher] [200/1842] hallusionbench_910_910
2026-08-17 00:43:59,061 INFO [run_teacher] [201/1842] hallusionbench_921_921
2026-08-17 00:44:05,792 INFO [run_teacher] [202/1842] hallusionbench_923_923
2026-08-17 00:44:13,057 INFO [run_teacher] [203/1842] hallusionbench_925_925
2026-08-17 00:44:18,713 INFO [run_teacher] [204/1842] hallusionbench_927_927
2026-08-17 00:44:27,102 INFO [run_teacher] [205/1842] hallusionbench_935_935
2026-08-17 00:44:34,975 INFO [run_teacher] [206/1842] hallusionbench_937_937
2026-08-17 00:44:41,881 INFO [run_teacher] [207/1842] hallusionbench_939_939
2026-08-17 00:44:48,937 INFO [run_teacher] [208/1842] hallusionbench_941_941
2026-08-17 00:44:56,060 INFO [run_teacher] [209/1842] hallusionbench_944_944
2026-08-17 00:45:02,541 INFO [run_teacher] [210/1842] hallusionbench_945_945
2026-08-17 00:45:09,988 INFO [run_teacher] [211/1842] hallusionbench_951_951
2026-08-17 00:45:13,845 INFO [run_teacher] [212/1842] hallusionbench_954_954
2026-08-17 00:45:18,969 INFO [run_teacher] [213/1842] hallusionbench_970_970
2026-08-17 00:45:24,750 INFO [run_teacher] [214/1842] hallusionbench_971_971
2026-08-17 00:45:30,065 INFO [run_teacher] [215/1842] hallusionbench_979_979
2026-08-17 00:45:36,988 INFO [run_teacher] [216/1842] hallusionbench_980_980
2026-08-17 00:45:44,444 INFO [run_teacher] [217/1842] hallusionbench_988_988
2026-08-17 00:45:51,275 INFO [run_teacher] [218/1842] hallusionbench_1003_1003
2026-08-17 00:45:58,123 INFO [run_teacher] [219/1842] hallusionbench_1005_1005
2026-08-17 00:46:07,695 INFO [run_teacher] [220/1842] hallusionbench_1008_1008
2026-08-17 00:46:14,692 INFO [run_teacher] [221/1842] hallusionbench_1009_1009
2026-08-17 00:46:25,264 INFO [run_teacher] [222/1842] hallusionbench_1010_1010
2026-08-17 00:46:32,970 INFO [run_teacher] [223/1842] hallusionbench_1016_1016
2026-08-17 00:46:39,909 INFO [run_teacher] [224/1842] hallusionbench_1025_1025
2026-08-17 00:46:46,298 INFO [run_teacher] [225/1842] hallusionbench_1027_1027
2026-08-17 00:47:02,460 ERROR [run_teacher] Teacher generation failed for hallusionbench_1027_1027: Mandatory probe observation 'grounding' is invalid (Missing FINAL_ANSWER tag and unable to resolve valid final answer)
Traceback (most recent call last):
  File "/home/aman/ProActive/scripts/run_teacher.py", line 551, in main
    raise ValueError(result.get("invalid_reason") or "invalid teacher row")
ValueError: Mandatory probe observation 'grounding' is invalid (Missing FINAL_ANSWER tag and unable to resolve valid final answer)
2026-08-17 00:47:02,461 INFO [run_teacher] [226/1842] hallusionbench_1028_1028
2026-08-17 00:47:18,667 ERROR [run_teacher] Teacher generation failed for hallusionbench_1028_1028: Mandatory probe observation 'grounding' is invalid (Missing FINAL_ANSWER tag and unable to resolve valid final answer)
Traceback (most recent call last):
  File "/home/aman/ProActive/scripts/run_teacher.py", line 551, in main
    raise ValueError(result.get("invalid_reason") or "invalid teacher row")
ValueError: Mandatory probe observation 'grounding' is invalid (Missing FINAL_ANSWER tag and unable to resolve valid final answer)
2026-08-17 00:47:18,668 INFO [run_teacher] [227/1842] hallusionbench_1031_1031
2026-08-17 00:47:32,400 INFO [run_teacher] [228/1842] hallusionbench_1039_1039
2026-08-17 00:47:36,674 INFO [run_teacher] [229/1842] hallusionbench_1040_1040
2026-08-17 00:47:40,789 INFO [run_teacher] [230/1842] hallusionbench_1042_1042
2026-08-17 00:47:44,896 INFO [run_teacher] [231/1842] hallusionbench_1048_1048
2026-08-17 00:47:50,594 INFO [run_teacher] [232/1842] hallusionbench_1051_1051
2026-08-17 00:47:54,618 INFO [run_teacher] [233/1842] hallusionbench_1054_1054
2026-08-17 00:47:58,716 INFO [run_teacher] [234/1842] hallusionbench_1059_1059
2026-08-17 00:48:04,448 INFO [run_teacher] [235/1842] hallusionbench_1063_1063
2026-08-17 00:48:09,480 INFO [run_teacher] [236/1842] hallusionbench_1064_1064
2026-08-17 00:48:13,912 INFO [run_teacher] [237/1842] hallusionbench_1067_1067
2026-08-17 00:48:17,961 INFO [run_teacher] [238/1842] hallusionbench_1068_1068
2026-08-17 00:48:22,192 INFO [run_teacher] [239/1842] hallusionbench_1069_1069
2026-08-17 00:48:26,983 INFO [run_teacher] [240/1842] hallusionbench_1075_1075
2026-08-17 00:48:31,290 INFO [run_teacher] [241/1842] hallusionbench_1077_1077
2026-08-17 00:48:35,913 INFO [run_teacher] [242/1842] hallusionbench_1082_1082
2026-08-17 00:48:41,511 INFO [run_teacher] [243/1842] hallusionbench_1088_1088
2026-08-17 00:48:46,985 INFO [run_teacher] [244/1842] hallusionbench_1095_1095
2026-08-17 00:48:51,891 INFO [run_teacher] [245/1842] hallusionbench_1096_1096
2026-08-17 00:48:56,840 INFO [run_teacher] [246/1842] hallusionbench_1099_1099
2026-08-17 00:49:02,854 INFO [run_teacher] [247/1842] hallusionbench_1106_1106
2026-08-17 00:49:08,994 INFO [run_teacher] [248/1842] hallusionbench_1116_1116
2026-08-17 00:49:14,925 INFO [run_teacher] [249/1842] hallusionbench_1123_1123
2026-08-17 00:49:20,615 INFO [run_teacher] [250/1842] pope_random_6_random_6
2026-08-17 00:49:26,264 INFO [run_teacher] [251/1842] pope_random_8_random_8
2026-08-17 00:49:31,903 INFO [run_teacher] [252/1842] pope_random_11_random_11
2026-08-17 00:49:36,577 INFO [run_teacher] [253/1842] pope_random_14_random_14
2026-08-17 00:49:41,217 INFO [run_teacher] [254/1842] pope_random_18_random_18
2026-08-17 00:49:46,965 INFO [run_teacher] [255/1842] pope_random_24_random_24
2026-08-17 00:49:52,139 INFO [run_teacher] [256/1842] pope_random_28_random_28
2026-08-17 00:49:58,328 INFO [run_teacher] [257/1842] pope_random_32_random_32
2026-08-17 00:50:04,010 INFO [run_teacher] [258/1842] pope_random_38_random_38
2026-08-17 00:50:08,775 INFO [run_teacher] [259/1842] pope_random_48_random_48
2026-08-17 00:50:14,898 INFO [run_teacher] [260/1842] pope_random_51_random_51
2026-08-17 00:50:20,429 INFO [run_teacher] [261/1842] pope_random_54_random_54
2026-08-17 00:50:26,502 INFO [run_teacher] [262/1842] pope_random_58_random_58
2026-08-17 00:50:30,951 INFO [run_teacher] [263/1842] pope_random_71_random_71
2026-08-17 00:50:37,191 INFO [run_teacher] [264/1842] pope_random_77_random_77
2026-08-17 00:50:40,964 INFO [run_teacher] [265/1842] pope_random_82_random_82
2026-08-17 00:50:46,246 INFO [run_teacher] [266/1842] pope_random_85_random_85
2026-08-17 00:50:51,744 INFO [run_teacher] [267/1842] pope_random_87_random_87
2026-08-17 00:50:57,376 INFO [run_teacher] [268/1842] pope_random_88_random_88
2026-08-17 00:51:03,332 INFO [run_teacher] [269/1842] pope_random_96_random_96
2026-08-17 00:51:07,722 INFO [run_teacher] [270/1842] pope_random_98_random_98
2026-08-17 00:51:12,837 INFO [run_teacher] [271/1842] pope_random_106_random_106
2026-08-17 00:51:17,486 INFO [run_teacher] [272/1842] pope_random_108_random_108
2026-08-17 00:51:22,901 INFO [run_teacher] [273/1842] pope_random_112_random_112
2026-08-17 00:51:28,008 INFO [run_teacher] [274/1842] pope_random_120_random_120
2026-08-17 00:51:33,947 INFO [run_teacher] [275/1842] pope_random_121_random_121
2026-08-17 00:51:39,129 INFO [run_teacher] [276/1842] pope_random_134_random_134
2026-08-17 00:51:44,344 INFO [run_teacher] [277/1842] pope_random_146_random_146
2026-08-17 00:51:48,534 INFO [run_teacher] [278/1842] pope_random_149_random_149
2026-08-17 00:51:53,441 INFO [run_teacher] [279/1842] pope_random_150_random_150
2026-08-17 00:51:59,014 INFO [run_teacher] [280/1842] pope_random_156_random_156
2026-08-17 00:52:05,371 INFO [run_teacher] [281/1842] pope_random_163_random_163
2026-08-17 00:52:10,027 INFO [run_teacher] [282/1842] pope_random_167_random_167
2026-08-17 00:52:14,784 INFO [run_teacher] [283/1842] pope_random_168_random_168
2026-08-17 00:52:20,266 INFO [run_teacher] [284/1842] pope_random_169_random_169
2026-08-17 00:52:24,506 INFO [run_teacher] [285/1842] pope_random_186_random_186
2026-08-17 00:52:29,654 INFO [run_teacher] [286/1842] pope_random_187_random_187
2026-08-17 00:52:35,053 INFO [run_teacher] [287/1842] pope_random_188_random_188
2026-08-17 00:52:40,767 INFO [run_teacher] [288/1842] pope_random_189_random_189
2026-08-17 00:52:46,074 INFO [run_teacher] [289/1842] pope_random_191_random_191
2026-08-17 00:52:51,089 INFO [run_teacher] [290/1842] pope_random_195_random_195
2026-08-17 00:52:56,538 INFO [run_teacher] [291/1842] pope_random_205_random_205
2026-08-17 00:53:01,895 INFO [run_teacher] [292/1842] pope_random_211_random_211
2026-08-17 00:53:05,802 INFO [run_teacher] [293/1842] pope_random_212_random_212
2026-08-17 00:53:09,742 INFO [run_teacher] [294/1842] pope_random_213_random_213
2026-08-17 00:53:15,140 INFO [run_teacher] [295/1842] pope_random_214_random_214
2026-08-17 00:53:20,871 INFO [run_teacher] [296/1842] pope_random_218_random_218
2026-08-17 00:53:25,803 INFO [run_teacher] [297/1842] pope_random_220_random_220
2026-08-17 00:53:31,943 INFO [run_teacher] [298/1842] pope_random_225_random_225
2026-08-17 00:53:38,549 INFO [run_teacher] [299/1842] pope_random_237_random_237
2026-08-17 00:53:43,547 INFO [run_teacher] [300/1842] pope_random_241_random_241
2026-08-17 00:53:48,579 INFO [run_teacher] [301/1842] pope_random_242_random_242
2026-08-17 00:53:53,886 INFO [run_teacher] [302/1842] pope_random_245_random_245
2026-08-17 00:53:59,009 INFO [run_teacher] [303/1842] pope_random_246_random_246
2026-08-17 00:54:04,774 INFO [run_teacher] [304/1842] pope_random_264_random_264
2026-08-17 00:54:11,188 INFO [run_teacher] [305/1842] pope_random_275_random_275
2026-08-17 00:54:15,937 INFO [run_teacher] [306/1842] pope_random_282_random_282
2026-08-17 00:54:20,752 INFO [run_teacher] [307/1842] pope_random_283_random_283
2026-08-17 00:54:26,367 INFO [run_teacher] [308/1842] pope_random_287_random_287
2026-08-17 00:54:31,673 INFO [run_teacher] [309/1842] pope_random_298_random_298
2026-08-17 00:54:37,072 INFO [run_teacher] [310/1842] pope_random_316_random_316
2026-08-17 00:54:41,629 INFO [run_teacher] [311/1842] pope_random_322_random_322
2026-08-17 00:54:46,836 INFO [run_teacher] [312/1842] pope_random_325_random_325
2026-08-17 00:54:51,834 INFO [run_teacher] [313/1842] pope_random_327_random_327
2026-08-17 00:54:56,232 INFO [run_teacher] [314/1842] pope_random_328_random_328
2026-08-17 00:55:00,464 INFO [run_teacher] [315/1842] pope_random_335_random_335
2026-08-17 00:55:05,771 INFO [run_teacher] [316/1842] pope_random_340_random_340
2026-08-17 00:55:11,452 INFO [run_teacher] [317/1842] pope_random_341_random_341
2026-08-17 00:55:16,601 INFO [run_teacher] [318/1842] pope_random_347_random_347
2026-08-17 00:55:21,832 INFO [run_teacher] [319/1842] pope_random_348_random_348
2026-08-17 00:55:26,264 INFO [run_teacher] [320/1842] pope_random_354_random_354
2026-08-17 00:55:30,904 INFO [run_teacher] [321/1842] pope_random_357_random_357
2026-08-17 00:55:35,703 INFO [run_teacher] [322/1842] pope_random_363_random_363
2026-08-17 00:55:42,126 INFO [run_teacher] [323/1842] pope_random_365_random_365
2026-08-17 00:55:48,265 INFO [run_teacher] [324/1842] pope_random_369_random_369
2026-08-17 00:55:53,747 INFO [run_teacher] [325/1842] pope_random_373_random_373
2026-08-17 00:55:59,187 INFO [run_teacher] [326/1842] pope_random_374_random_374
2026-08-17 00:56:03,744 INFO [run_teacher] [327/1842] pope_random_375_random_375
2026-08-17 00:56:08,126 INFO [run_teacher] [328/1842] pope_random_380_random_380
2026-08-17 00:56:12,974 INFO [run_teacher] [329/1842] pope_random_386_random_386
2026-08-17 00:56:18,864 INFO [run_teacher] [330/1842] pope_random_392_random_392
2026-08-17 00:56:24,029 INFO [run_teacher] [331/1842] pope_random_393_random_393
2026-08-17 00:56:28,752 INFO [run_teacher] [332/1842] pope_random_394_random_394
2026-08-17 00:56:33,176 INFO [run_teacher] [333/1842] pope_random_396_random_396
2026-08-17 00:56:38,516 INFO [run_teacher] [334/1842] pope_random_398_random_398
2026-08-17 00:56:43,681 INFO [run_teacher] [335/1842] pope_random_403_random_403
2026-08-17 00:56:49,346 INFO [run_teacher] [336/1842] pope_random_404_random_404
2026-08-17 00:56:54,286 INFO [run_teacher] [337/1842] pope_random_405_random_405
2026-08-17 00:56:59,326 INFO [run_teacher] [338/1842] pope_random_407_random_407
2026-08-17 00:57:05,299 INFO [run_teacher] [339/1842] pope_random_408_random_408
2026-08-17 00:57:10,314 INFO [run_teacher] [340/1842] pope_random_410_random_410
2026-08-17 00:57:14,446 INFO [run_teacher] [341/1842] pope_random_414_random_414
2026-08-17 00:57:19,036 INFO [run_teacher] [342/1842] pope_random_415_random_415
2026-08-17 00:57:24,176 INFO [run_teacher] [343/1842] pope_random_421_random_421
2026-08-17 00:57:29,633 INFO [run_teacher] [344/1842] pope_random_424_random_424
2026-08-17 00:57:34,506 INFO [run_teacher] [345/1842] pope_random_430_random_430
2026-08-17 00:57:39,704 INFO [run_teacher] [346/1842] pope_random_432_random_432
2026-08-17 00:57:44,437 INFO [run_teacher] [347/1842] pope_random_433_random_433
2026-08-17 00:57:49,310 INFO [run_teacher] [348/1842] pope_random_443_random_443
2026-08-17 00:57:54,150 INFO [run_teacher] [349/1842] pope_random_444_random_444
2026-08-17 00:57:59,099 INFO [run_teacher] [350/1842] pope_random_445_random_445
2026-08-17 00:58:04,105 INFO [run_teacher] [351/1842] pope_random_446_random_446
2026-08-17 00:58:08,754 INFO [run_teacher] [352/1842] pope_random_454_random_454
2026-08-17 00:58:14,235 INFO [run_teacher] [353/1842] pope_random_455_random_455
2026-08-17 00:58:19,967 INFO [run_teacher] [354/1842] pope_random_456_random_456
2026-08-17 00:58:25,807 INFO [run_teacher] [355/1842] pope_random_459_random_459
2026-08-17 00:58:30,780 INFO [run_teacher] [356/1842] pope_random_460_random_460
2026-08-17 00:58:36,786 INFO [run_teacher] [357/1842] pope_random_466_random_466
2026-08-17 00:58:42,759 INFO [run_teacher] [358/1842] pope_random_477_random_477
2026-08-17 00:58:47,941 INFO [run_teacher] [359/1842] pope_random_478_random_478
2026-08-17 00:58:54,889 INFO [run_teacher] [360/1842] pope_random_483_random_483
2026-08-17 00:59:00,337 INFO [run_teacher] [361/1842] pope_random_493_random_493
2026-08-17 00:59:05,910 INFO [run_teacher] [362/1842] pope_random_503_random_503
2026-08-17 00:59:11,375 INFO [run_teacher] [363/1842] pope_random_505_random_505
2026-08-17 00:59:16,315 INFO [run_teacher] [364/1842] pope_random_506_random_506
2026-08-17 00:59:21,464 INFO [run_teacher] [365/1842] pope_random_507_random_507
2026-08-17 00:59:26,337 INFO [run_teacher] [366/1842] pope_random_511_random_511
2026-08-17 00:59:31,427 INFO [run_teacher] [367/1842] pope_random_520_random_520
2026-08-17 00:59:37,000 INFO [run_teacher] [368/1842] pope_random_524_random_524
2026-08-17 00:59:41,999 INFO [run_teacher] [369/1842] pope_random_525_random_525
2026-08-17 00:59:47,588 INFO [run_teacher] [370/1842] pope_random_527_random_527
2026-08-17 00:59:53,062 INFO [run_teacher] [371/1842] pope_random_532_random_532
2026-08-17 00:59:57,827 INFO [run_teacher] [372/1842] pope_random_533_random_533
2026-08-17 01:00:03,100 INFO [run_teacher] [373/1842] pope_random_535_random_535
2026-08-17 01:00:07,432 INFO [run_teacher] [374/1842] pope_random_539_random_539
2026-08-17 01:00:12,147 INFO [run_teacher] [375/1842] pope_random_541_random_541
2026-08-17 01:00:17,670 INFO [run_teacher] [376/1842] pope_random_544_random_544
2026-08-17 01:00:22,261 INFO [run_teacher] [377/1842] pope_random_548_random_548
2026-08-17 01:00:28,250 INFO [run_teacher] [378/1842] pope_random_551_random_551
2026-08-17 01:00:34,299 INFO [run_teacher] [379/1842] pope_random_554_random_554
2026-08-17 01:00:39,005 INFO [run_teacher] [380/1842] pope_random_557_random_557
2026-08-17 01:00:44,029 INFO [run_teacher] [381/1842] pope_random_559_random_559
2026-08-17 01:00:49,260 INFO [run_teacher] [382/1842] pope_random_563_random_563
2026-08-17 01:00:54,425 INFO [run_teacher] [383/1842] pope_random_567_random_567
2026-08-17 01:01:00,049 INFO [run_teacher] [384/1842] pope_random_568_random_568
2026-08-17 01:01:05,413 INFO [run_teacher] [385/1842] pope_random_570_random_570
2026-08-17 01:01:09,629 INFO [run_teacher] [386/1842] pope_random_575_random_575
2026-08-17 01:01:14,069 INFO [run_teacher] [387/1842] pope_random_580_random_580
2026-08-17 01:01:19,493 INFO [run_teacher] [388/1842] pope_random_581_random_581
2026-08-17 01:01:24,999 INFO [run_teacher] [389/1842] pope_random_586_random_586
2026-08-17 01:01:29,947 INFO [run_teacher] [390/1842] pope_random_587_random_587
2026-08-17 01:01:35,013 INFO [run_teacher] [391/1842] pope_random_589_random_589
2026-08-17 01:01:39,053 INFO [run_teacher] [392/1842] pope_random_596_random_596
2026-08-17 01:01:44,210 INFO [run_teacher] [393/1842] pope_random_602_random_602
2026-08-17 01:01:49,874 INFO [run_teacher] [394/1842] pope_random_603_random_603
2026-08-17 01:01:54,290 INFO [run_teacher] [395/1842] pope_random_604_random_604
2026-08-17 01:01:58,946 INFO [run_teacher] [396/1842] pope_random_607_random_607
2026-08-17 01:02:03,412 INFO [run_teacher] [397/1842] pope_random_609_random_609
2026-08-17 01:02:07,510 INFO [run_teacher] [398/1842] pope_random_612_random_612
2026-08-17 01:02:13,409 INFO [run_teacher] [399/1842] pope_random_614_random_614
2026-08-17 01:02:19,240 INFO [run_teacher] [400/1842] pope_random_615_random_615
2026-08-17 01:02:24,805 INFO [run_teacher] [401/1842] pope_random_617_random_617
2026-08-17 01:02:29,454 INFO [run_teacher] [402/1842] pope_random_618_random_618
2026-08-17 01:02:36,801 INFO [run_teacher] [403/1842] pope_random_622_random_622
2026-08-17 01:02:41,233 INFO [run_teacher] [404/1842] pope_random_627_random_627
2026-08-17 01:02:46,456 INFO [run_teacher] [405/1842] pope_random_629_random_629
2026-08-17 01:02:51,921 INFO [run_teacher] [406/1842] pope_random_630_random_630
2026-08-17 01:02:59,227 INFO [run_teacher] [407/1842] pope_random_631_random_631
2026-08-17 01:03:03,801 INFO [run_teacher] [408/1842] pope_random_643_random_643
2026-08-17 01:03:09,108 INFO [run_teacher] [409/1842] pope_random_645_random_645
2026-08-17 01:03:15,705 INFO [run_teacher] [410/1842] pope_random_648_random_648
2026-08-17 01:03:21,170 INFO [run_teacher] [411/1842] pope_random_653_random_653
2026-08-17 01:03:26,818 INFO [run_teacher] [412/1842] pope_random_663_random_663
2026-08-17 01:03:31,267 INFO [run_teacher] [413/1842] pope_random_664_random_664
2026-08-17 01:03:36,474 INFO [run_teacher] [414/1842] pope_random_665_random_665
2026-08-17 01:03:41,480 INFO [run_teacher] [415/1842] pope_random_667_random_667
2026-08-17 01:03:46,779 INFO [run_teacher] [416/1842] pope_random_669_random_669
2026-08-17 01:03:52,218 INFO [run_teacher] [417/1842] pope_random_670_random_670
2026-08-17 01:03:58,441 INFO [run_teacher] [418/1842] pope_random_672_random_672
2026-08-17 01:04:04,598 INFO [run_teacher] [419/1842] pope_random_678_random_678
2026-08-17 01:04:08,780 INFO [run_teacher] [420/1842] pope_random_679_random_679
2026-08-17 01:04:14,220 INFO [run_teacher] [421/1842] pope_random_680_random_680
2026-08-17 01:04:18,660 INFO [run_teacher] [422/1842] pope_random_687_random_687
2026-08-17 01:04:24,208 INFO [run_teacher] [423/1842] pope_random_691_random_691
2026-08-17 01:04:28,790 INFO [run_teacher] [424/1842] pope_random_693_random_693
2026-08-17 01:04:34,113 INFO [run_teacher] [425/1842] pope_random_696_random_696
2026-08-17 01:04:39,070 INFO [run_teacher] [426/1842] pope_random_700_random_700
2026-08-17 01:04:44,635 INFO [run_teacher] [427/1842] pope_random_703_random_703
2026-08-17 01:04:49,583 INFO [run_teacher] [428/1842] pope_random_704_random_704
2026-08-17 01:04:55,048 INFO [run_teacher] [429/1842] pope_random_708_random_708
2026-08-17 01:04:59,747 INFO [run_teacher] [430/1842] pope_random_715_random_715
2026-08-17 01:05:04,970 INFO [run_teacher] [431/1842] pope_random_723_random_723
2026-08-17 01:05:10,335 INFO [run_teacher] [432/1842] pope_random_732_random_732
2026-08-17 01:05:15,467 INFO [run_teacher] [433/1842] pope_random_734_random_734
2026-08-17 01:05:20,848 INFO [run_teacher] [434/1842] pope_random_738_random_738
2026-08-17 01:05:24,914 INFO [run_teacher] [435/1842] pope_random_740_random_740
2026-08-17 01:05:28,804 INFO [run_teacher] [436/1842] pope_random_745_random_745
2026-08-17 01:05:34,236 INFO [run_teacher] [437/1842] pope_random_755_random_755
2026-08-17 01:05:39,342 INFO [run_teacher] [438/1842] pope_random_761_random_761
2026-08-17 01:05:43,966 INFO [run_teacher] [439/1842] pope_random_763_random_763
2026-08-17 01:05:48,556 INFO [run_teacher] [440/1842] pope_random_764_random_764
2026-08-17 01:05:52,738 INFO [run_teacher] [441/1842] pope_random_765_random_765
2026-08-17 01:05:57,478 INFO [run_teacher] [442/1842] pope_random_767_random_767
2026-08-17 01:06:02,194 INFO [run_teacher] [443/1842] pope_random_771_random_771
2026-08-17 01:06:07,525 INFO [run_teacher] [444/1842] pope_random_775_random_775
2026-08-17 01:06:12,132 INFO [run_teacher] [445/1842] pope_random_777_random_777
2026-08-17 01:06:17,505 INFO [run_teacher] [446/1842] pope_random_784_random_784
2026-08-17 01:06:22,137 INFO [run_teacher] [447/1842] pope_random_785_random_785
2026-08-17 01:06:26,569 INFO [run_teacher] [448/1842] pope_random_786_random_786
2026-08-17 01:06:32,350 INFO [run_teacher] [449/1842] pope_random_787_random_787
2026-08-17 01:06:37,382 INFO [run_teacher] [450/1842] pope_random_790_random_790
2026-08-17 01:06:42,514 INFO [run_teacher] [451/1842] pope_random_800_random_800
2026-08-17 01:06:47,538 INFO [run_teacher] [452/1842] pope_random_804_random_804
2026-08-17 01:06:52,361 INFO [run_teacher] [453/1842] pope_random_806_random_806
2026-08-17 01:06:57,493 INFO [run_teacher] [454/1842] pope_random_808_random_808
2026-08-17 01:07:02,241 INFO [run_teacher] [455/1842] pope_random_810_random_810
2026-08-17 01:07:07,781 INFO [run_teacher] [456/1842] pope_random_813_random_813
2026-08-17 01:07:12,896 INFO [run_teacher] [457/1842] pope_random_820_random_820
2026-08-17 01:07:18,278 INFO [run_teacher] [458/1842] pope_random_826_random_826
2026-08-17 01:07:24,193 INFO [run_teacher] [459/1842] pope_random_829_random_829
2026-08-17 01:07:29,308 INFO [run_teacher] [460/1842] pope_random_831_random_831
2026-08-17 01:07:34,614 INFO [run_teacher] [461/1842] pope_random_838_random_838
2026-08-17 01:07:40,479 INFO [run_teacher] [462/1842] pope_random_840_random_840
2026-08-17 01:07:45,494 INFO [run_teacher] [463/1842] pope_random_843_random_843
2026-08-17 01:07:51,425 INFO [run_teacher] [464/1842] pope_random_861_random_861
2026-08-17 01:07:56,832 INFO [run_teacher] [465/1842] pope_random_862_random_862
2026-08-17 01:08:03,430 INFO [run_teacher] [466/1842] pope_random_863_random_863
2026-08-17 01:08:09,403 INFO [run_teacher] [467/1842] pope_random_866_random_866
2026-08-17 01:08:14,335 INFO [run_teacher] [468/1842] pope_random_872_random_872
2026-08-17 01:08:20,124 INFO [run_teacher] [469/1842] pope_random_879_random_879
2026-08-17 01:08:25,014 INFO [run_teacher] [470/1842] pope_random_880_random_880
2026-08-17 01:08:30,921 INFO [run_teacher] [471/1842] pope_random_881_random_881
2026-08-17 01:08:36,111 INFO [run_teacher] [472/1842] pope_random_882_random_882
2026-08-17 01:08:41,084 INFO [run_teacher] [473/1842] pope_random_888_random_888
2026-08-17 01:08:46,366 INFO [run_teacher] [474/1842] pope_random_889_random_889
2026-08-17 01:08:51,456 INFO [run_teacher] [475/1842] pope_random_893_random_893
2026-08-17 01:08:56,563 INFO [run_teacher] [476/1842] pope_random_903_random_903
2026-08-17 01:09:01,661 INFO [run_teacher] [477/1842] pope_random_905_random_905
2026-08-17 01:09:06,293 INFO [run_teacher] [478/1842] pope_random_909_random_909
2026-08-17 01:09:11,291 INFO [run_teacher] [479/1842] pope_random_912_random_912
2026-08-17 01:09:15,498 INFO [run_teacher] [480/1842] pope_random_915_random_915
2026-08-17 01:09:20,838 INFO [run_teacher] [481/1842] pope_random_919_random_919
2026-08-17 01:09:26,370 INFO [run_teacher] [482/1842] pope_random_923_random_923
2026-08-17 01:09:31,368 INFO [run_teacher] [483/1842] pope_random_924_random_924
2026-08-17 01:09:36,241 INFO [run_teacher] [484/1842] pope_random_925_random_925
2026-08-17 01:09:41,115 INFO [run_teacher] [485/1842] pope_random_930_random_930
2026-08-17 01:09:45,797 INFO [run_teacher] [486/1842] pope_random_932_random_932
2026-08-17 01:09:51,361 INFO [run_teacher] [487/1842] pope_random_934_random_934
2026-08-17 01:09:56,651 INFO [run_teacher] [488/1842] pope_random_937_random_937
2026-08-17 01:10:01,800 INFO [run_teacher] [489/1842] pope_random_938_random_938
2026-08-17 01:10:07,381 INFO [run_teacher] [490/1842] pope_random_943_random_943
2026-08-17 01:10:13,221 INFO [run_teacher] [491/1842] pope_random_944_random_944
2026-08-17 01:10:18,469 INFO [run_teacher] [492/1842] pope_random_945_random_945
2026-08-17 01:10:23,459 INFO [run_teacher] [493/1842] pope_random_948_random_948
2026-08-17 01:10:28,416 INFO [run_teacher] [494/1842] pope_random_949_random_949
2026-08-17 01:10:33,106 INFO [run_teacher] [495/1842] pope_random_950_random_950
2026-08-17 01:10:38,613 INFO [run_teacher] [496/1842] pope_random_957_random_957
2026-08-17 01:10:44,611 INFO [run_teacher] [497/1842] pope_random_958_random_958
2026-08-17 01:10:49,893 INFO [run_teacher] [498/1842] pope_random_968_random_968
2026-08-17 01:10:54,716 INFO [run_teacher] [499/1842] pope_random_973_random_973
2026-08-17 01:10:59,406 INFO [run_teacher] [500/1842] pope_random_976_random_976
2026-08-17 01:11:04,146 INFO [run_teacher] [501/1842] pope_random_979_random_979
2026-08-17 01:11:09,811 INFO [run_teacher] [502/1842] pope_random_981_random_981
2026-08-17 01:11:14,985 INFO [run_teacher] [503/1842] pope_random_982_random_982
2026-08-17 01:11:20,974 INFO [run_teacher] [504/1842] pope_random_983_random_983
2026-08-17 01:11:25,907 INFO [run_teacher] [505/1842] pope_random_986_random_986
2026-08-17 01:11:32,163 INFO [run_teacher] [506/1842] pope_random_987_random_987
2026-08-17 01:11:37,278 INFO [run_teacher] [507/1842] pope_random_991_random_991
2026-08-17 01:11:43,351 INFO [run_teacher] [508/1842] pope_random_992_random_992
2026-08-17 01:11:48,283 INFO [run_teacher] [509/1842] pope_random_993_random_993
2026-08-17 01:11:53,256 INFO [run_teacher] [510/1842] pope_random_996_random_996
2026-08-17 01:11:59,904 INFO [run_teacher] [511/1842] pope_random_997_random_997
2026-08-17 01:12:05,810 INFO [run_teacher] [512/1842] pope_random_1000_random_1000
2026-08-17 01:12:11,833 INFO [run_teacher] [513/1842] pope_random_1003_random_1003
2026-08-17 01:12:16,732 INFO [run_teacher] [514/1842] pope_random_1004_random_1004
2026-08-17 01:12:21,422 INFO [run_teacher] [515/1842] pope_random_1005_random_1005
2026-08-17 01:12:26,537 INFO [run_teacher] [516/1842] pope_random_1007_random_1007
2026-08-17 01:12:31,635 INFO [run_teacher] [517/1842] pope_random_1010_random_1010
2026-08-17 01:12:36,267 INFO [run_teacher] [518/1842] pope_random_1012_random_1012
2026-08-17 01:12:42,040 INFO [run_teacher] [519/1842] pope_random_1018_random_1018
2026-08-17 01:12:46,555 INFO [run_teacher] [520/1842] pope_random_1022_random_1022
2026-08-17 01:12:51,329 INFO [run_teacher] [521/1842] pope_random_1023_random_1023
2026-08-17 01:12:56,285 INFO [run_teacher] [522/1842] pope_random_1032_random_1032
2026-08-17 01:13:01,575 INFO [run_teacher] [523/1842] pope_random_1036_random_1036
2026-08-17 01:13:07,157 INFO [run_teacher] [524/1842] pope_random_1038_random_1038
2026-08-17 01:13:13,622 INFO [run_teacher] [525/1842] pope_random_1041_random_1041
2026-08-17 01:13:19,303 INFO [run_teacher] [526/1842] pope_random_1043_random_1043
2026-08-17 01:13:24,568 INFO [run_teacher] [527/1842] pope_random_1044_random_1044
2026-08-17 01:13:29,808 INFO [run_teacher] [528/1842] pope_random_1049_random_1049
2026-08-17 01:13:35,473 INFO [run_teacher] [529/1842] pope_random_1054_random_1054
2026-08-17 01:13:41,554 INFO [run_teacher] [530/1842] pope_random_1059_random_1059
2026-08-17 01:13:46,861 INFO [run_teacher] [531/1842] pope_random_1060_random_1060
2026-08-17 01:13:51,509 INFO [run_teacher] [532/1842] pope_random_1062_random_1062
2026-08-17 01:13:56,358 INFO [run_teacher] [533/1842] pope_random_1071_random_1071
2026-08-17 01:14:01,731 INFO [run_teacher] [534/1842] pope_random_1080_random_1080
2026-08-17 01:14:07,237 INFO [run_teacher] [535/1842] pope_random_1084_random_1084
2026-08-17 01:14:13,002 INFO [run_teacher] [536/1842] pope_random_1085_random_1085
2026-08-17 01:14:18,184 INFO [run_teacher] [537/1842] pope_random_1097_random_1097
2026-08-17 01:14:23,508 INFO [run_teacher] [538/1842] pope_random_1101_random_1101
2026-08-17 01:14:28,431 INFO [run_teacher] [539/1842] pope_random_1105_random_1105
2026-08-17 01:14:33,904 INFO [run_teacher] [540/1842] pope_random_1106_random_1106
2026-08-17 01:14:39,202 INFO [run_teacher] [541/1842] pope_random_1107_random_1107
2026-08-17 01:14:44,076 INFO [run_teacher] [542/1842] pope_random_1109_random_1109
2026-08-17 01:14:48,682 INFO [run_teacher] [543/1842] pope_random_1126_random_1126
2026-08-17 01:14:54,047 INFO [run_teacher] [544/1842] pope_random_1138_random_1138
2026-08-17 01:14:59,662 INFO [run_teacher] [545/1842] pope_random_1140_random_1140
2026-08-17 01:15:04,786 INFO [run_teacher] [546/1842] pope_random_1141_random_1141
2026-08-17 01:15:09,451 INFO [run_teacher] [547/1842] pope_random_1146_random_1146
2026-08-17 01:15:14,357 INFO [run_teacher] [548/1842] pope_random_1147_random_1147
2026-08-17 01:15:18,948 INFO [run_teacher] [549/1842] pope_random_1151_random_1151
2026-08-17 01:15:24,338 INFO [run_teacher] [550/1842] pope_random_1153_random_1153
2026-08-17 01:15:29,677 INFO [run_teacher] [551/1842] pope_random_1155_random_1155
2026-08-17 01:15:34,951 INFO [run_teacher] [552/1842] pope_random_1157_random_1157
2026-08-17 01:15:41,174 INFO [run_teacher] [553/1842] pope_random_1158_random_1158
2026-08-17 01:15:48,130 INFO [run_teacher] [554/1842] pope_random_1161_random_1161
2026-08-17 01:15:54,636 INFO [run_teacher] [555/1842] pope_random_1171_random_1171
2026-08-17 01:15:59,418 INFO [run_teacher] [556/1842] pope_random_1182_random_1182
2026-08-17 01:16:05,016 INFO [run_teacher] [557/1842] pope_random_1183_random_1183
2026-08-17 01:16:10,623 INFO [run_teacher] [558/1842] pope_random_1192_random_1192
2026-08-17 01:16:16,637 INFO [run_teacher] [559/1842] pope_random_1195_random_1195
2026-08-17 01:16:21,794 INFO [run_teacher] [560/1842] pope_random_1200_random_1200
2026-08-17 01:16:26,893 INFO [run_teacher] [561/1842] pope_random_1207_random_1207
2026-08-17 01:16:31,883 INFO [run_teacher] [562/1842] pope_random_1208_random_1208
2026-08-17 01:16:37,481 INFO [run_teacher] [563/1842] pope_random_1210_random_1210
2026-08-17 01:16:42,879 INFO [run_teacher] [564/1842] pope_random_1219_random_1219
2026-08-17 01:16:48,444 INFO [run_teacher] [565/1842] pope_random_1221_random_1221
2026-08-17 01:16:53,968 INFO [run_teacher] [566/1842] pope_random_1231_random_1231
2026-08-17 01:16:58,791 INFO [run_teacher] [567/1842] pope_random_1232_random_1232
2026-08-17 01:17:03,914 INFO [run_teacher] [568/1842] pope_random_1240_random_1240
2026-08-17 01:17:09,829 INFO [run_teacher] [569/1842] pope_random_1241_random_1241
2026-08-17 01:17:15,711 INFO [run_teacher] [570/1842] pope_random_1253_random_1253
2026-08-17 01:17:19,942 INFO [run_teacher] [571/1842] pope_random_1255_random_1255
2026-08-17 01:17:24,833 INFO [run_teacher] [572/1842] pope_random_1259_random_1259
2026-08-17 01:17:29,714 INFO [run_teacher] [573/1842] pope_random_1262_random_1262
2026-08-17 01:17:33,805 INFO [run_teacher] [574/1842] pope_random_1270_random_1270
2026-08-17 01:17:39,145 INFO [run_teacher] [575/1842] pope_random_1273_random_1273
2026-08-17 01:17:44,526 INFO [run_teacher] [576/1842] pope_random_1276_random_1276
2026-08-17 01:17:49,858 INFO [run_teacher] [577/1842] pope_random_1277_random_1277
2026-08-17 01:17:54,881 INFO [run_teacher] [578/1842] pope_random_1278_random_1278
2026-08-17 01:18:00,138 INFO [run_teacher] [579/1842] pope_random_1279_random_1279
2026-08-17 01:18:05,720 INFO [run_teacher] [580/1842] pope_random_1285_random_1285
2026-08-17 01:18:11,018 INFO [run_teacher] [581/1842] pope_random_1286_random_1286
2026-08-17 01:18:16,466 INFO [run_teacher] [582/1842] pope_random_1287_random_1287
2026-08-17 01:18:21,856 INFO [run_teacher] [583/1842] pope_random_1289_random_1289
2026-08-17 01:18:26,779 INFO [run_teacher] [584/1842] pope_random_1293_random_1293
2026-08-17 01:18:32,186 INFO [run_teacher] [585/1842] pope_random_1295_random_1295
2026-08-17 01:18:37,901 INFO [run_teacher] [586/1842] pope_random_1297_random_1297
2026-08-17 01:18:43,166 INFO [run_teacher] [587/1842] pope_random_1302_random_1302
2026-08-17 01:18:48,639 INFO [run_teacher] [588/1842] pope_random_1310_random_1310
2026-08-17 01:18:54,262 INFO [run_teacher] [589/1842] pope_random_1320_random_1320
2026-08-17 01:18:58,611 INFO [run_teacher] [590/1842] pope_random_1324_random_1324
2026-08-17 01:19:03,451 INFO [run_teacher] [591/1842] pope_random_1330_random_1330
2026-08-17 01:19:08,716 INFO [run_teacher] [592/1842] pope_random_1336_random_1336
2026-08-17 01:19:13,939 INFO [run_teacher] [593/1842] pope_random_1337_random_1337
2026-08-17 01:19:19,796 INFO [run_teacher] [594/1842] pope_random_1341_random_1341
2026-08-17 01:19:24,994 INFO [run_teacher] [595/1842] pope_random_1344_random_1344
2026-08-17 01:19:29,168 INFO [run_teacher] [596/1842] pope_random_1353_random_1353
2026-08-17 01:19:34,108 INFO [run_teacher] [597/1842] pope_random_1360_random_1360
2026-08-17 01:19:39,406 INFO [run_teacher] [598/1842] pope_random_1369_random_1369
2026-08-17 01:19:44,651 INFO [run_teacher] [599/1842] pope_random_1371_random_1371
2026-08-17 01:19:49,786 INFO [run_teacher] [600/1842] pope_random_1376_random_1376
2026-08-17 01:19:55,951 INFO [run_teacher] [601/1842] pope_random_1377_random_1377
2026-08-17 01:20:01,333 INFO [run_teacher] [602/1842] pope_random_1378_random_1378
2026-08-17 01:20:06,939 INFO [run_teacher] [603/1842] pope_random_1382_random_1382
2026-08-17 01:20:13,673 INFO [run_teacher] [604/1842] pope_random_1385_random_1385
2026-08-17 01:20:18,281 INFO [run_teacher] [605/1842] pope_random_1391_random_1391
2026-08-17 01:20:23,798 INFO [run_teacher] [606/1842] pope_random_1394_random_1394
2026-08-17 01:20:28,524 INFO [run_teacher] [607/1842] pope_random_1398_random_1398
2026-08-17 01:20:35,113 INFO [run_teacher] [608/1842] pope_random_1399_random_1399
2026-08-17 01:20:40,329 INFO [run_teacher] [609/1842] pope_random_1401_random_1401
2026-08-17 01:20:46,311 INFO [run_teacher] [610/1842] pope_random_1406_random_1406
2026-08-17 01:20:51,362 INFO [run_teacher] [611/1842] pope_random_1407_random_1407
2026-08-17 01:20:56,570 INFO [run_teacher] [612/1842] pope_random_1408_random_1408
2026-08-17 01:21:01,468 INFO [run_teacher] [613/1842] pope_random_1413_random_1413
2026-08-17 01:21:06,708 INFO [run_teacher] [614/1842] pope_random_1415_random_1415
2026-08-17 01:21:11,340 INFO [run_teacher] [615/1842] pope_random_1425_random_1425
2026-08-17 01:21:17,064 INFO [run_teacher] [616/1842] pope_random_1426_random_1426
2026-08-17 01:21:22,685 INFO [run_teacher] [617/1842] pope_random_1433_random_1433
2026-08-17 01:21:28,036 INFO [run_teacher] [618/1842] pope_random_1434_random_1434
2026-08-17 01:21:33,543 INFO [run_teacher] [619/1842] pope_random_1439_random_1439
2026-08-17 01:21:39,133 INFO [run_teacher] [620/1842] pope_random_1446_random_1446
2026-08-17 01:21:43,531 INFO [run_teacher] [621/1842] pope_random_1447_random_1447
2026-08-17 01:21:48,497 INFO [run_teacher] [622/1842] pope_random_1452_random_1452
2026-08-17 01:21:53,677 INFO [run_teacher] [623/1842] pope_random_1456_random_1456
2026-08-17 01:22:00,643 INFO [run_teacher] [624/1842] pope_random_1458_random_1458
2026-08-17 01:22:05,267 INFO [run_teacher] [625/1842] pope_random_1460_random_1460
2026-08-17 01:22:10,029 INFO [run_teacher] [626/1842] pope_random_1461_random_1461
2026-08-17 01:22:14,830 INFO [run_teacher] [627/1842] pope_random_1468_random_1468
2026-08-17 01:22:20,279 INFO [run_teacher] [628/1842] pope_random_1471_random_1471
2026-08-17 01:22:25,844 INFO [run_teacher] [629/1842] pope_random_1474_random_1474
2026-08-17 01:22:31,143 INFO [run_teacher] [630/1842] pope_random_1479_random_1479
2026-08-17 01:22:36,033 INFO [run_teacher] [631/1842] pope_random_1482_random_1482
2026-08-17 01:22:40,248 INFO [run_teacher] [632/1842] pope_random_1486_random_1486
2026-08-17 01:22:44,605 INFO [run_teacher] [633/1842] pope_random_1490_random_1490
2026-08-17 01:22:51,061 INFO [run_teacher] [634/1842] pope_random_1493_random_1493
2026-08-17 01:22:56,751 INFO [run_teacher] [635/1842] pope_random_1494_random_1494
2026-08-17 01:23:01,891 INFO [run_teacher] [636/1842] pope_random_1496_random_1496
2026-08-17 01:23:06,640 INFO [run_teacher] [637/1842] pope_random_1497_random_1497
2026-08-17 01:23:11,955 INFO [run_teacher] [638/1842] pope_random_1500_random_1500
2026-08-17 01:23:17,520 INFO [run_teacher] [639/1842] pope_random_1510_random_1510
2026-08-17 01:23:22,727 INFO [run_teacher] [640/1842] pope_random_1512_random_1512
2026-08-17 01:23:27,517 INFO [run_teacher] [641/1842] pope_random_1514_random_1514
2026-08-17 01:23:32,674 INFO [run_teacher] [642/1842] pope_random_1515_random_1515
2026-08-17 01:23:38,164 INFO [run_teacher] [643/1842] pope_random_1527_random_1527
2026-08-17 01:23:42,779 INFO [run_teacher] [644/1842] pope_random_1533_random_1533
2026-08-17 01:23:48,086 INFO [run_teacher] [645/1842] pope_random_1536_random_1536
2026-08-17 01:23:53,234 INFO [run_teacher] [646/1842] pope_random_1541_random_1541
2026-08-17 01:23:57,916 INFO [run_teacher] [647/1842] pope_random_1542_random_1542
2026-08-17 01:24:02,957 INFO [run_teacher] [648/1842] pope_random_1543_random_1543
2026-08-17 01:24:08,730 INFO [run_teacher] [649/1842] pope_random_1556_random_1556
2026-08-17 01:24:13,778 INFO [run_teacher] [650/1842] pope_random_1558_random_1558
2026-08-17 01:24:19,435 INFO [run_teacher] [651/1842] pope_random_1562_random_1562
2026-08-17 01:24:24,500 INFO [run_teacher] [652/1842] pope_random_1565_random_1565
2026-08-17 01:24:29,157 INFO [run_teacher] [653/1842] pope_random_1567_random_1567
2026-08-17 01:24:34,039 INFO [run_teacher] [654/1842] pope_random_1574_random_1574
2026-08-17 01:24:38,938 INFO [run_teacher] [655/1842] pope_random_1578_random_1578
2026-08-17 01:24:43,786 INFO [run_teacher] [656/1842] pope_random_1583_random_1583
2026-08-17 01:24:49,218 INFO [run_teacher] [657/1842] pope_random_1586_random_1586
2026-08-17 01:24:55,141 INFO [run_teacher] [658/1842] pope_random_1588_random_1588
2026-08-17 01:25:00,364 INFO [run_teacher] [659/1842] pope_random_1590_random_1590
2026-08-17 01:25:05,346 INFO [run_teacher] [660/1842] pope_random_1594_random_1594
2026-08-17 01:25:11,078 INFO [run_teacher] [661/1842] pope_random_1602_random_1602
2026-08-17 01:25:15,902 INFO [run_teacher] [662/1842] pope_random_1608_random_1608
2026-08-17 01:25:20,201 INFO [run_teacher] [663/1842] pope_random_1611_random_1611
2026-08-17 01:25:24,649 INFO [run_teacher] [664/1842] pope_random_1615_random_1615
2026-08-17 01:25:30,014 INFO [run_teacher] [665/1842] pope_random_1620_random_1620
2026-08-17 01:25:36,262 INFO [run_teacher] [666/1842] pope_random_1622_random_1622
2026-08-17 01:25:42,202 INFO [run_teacher] [667/1842] pope_random_1623_random_1623
2026-08-17 01:25:48,100 INFO [run_teacher] [668/1842] pope_random_1626_random_1626
2026-08-17 01:25:54,548 INFO [run_teacher] [669/1842] pope_random_1629_random_1629
2026-08-17 01:26:00,455 INFO [run_teacher] [670/1842] pope_random_1634_random_1634
2026-08-17 01:26:04,645 INFO [run_teacher] [671/1842] pope_random_1635_random_1635
2026-08-17 01:26:08,961 INFO [run_teacher] [672/1842] pope_random_1643_random_1643
2026-08-17 01:26:14,059 INFO [run_teacher] [673/1842] pope_random_1648_random_1648
2026-08-17 01:26:19,116 INFO [run_teacher] [674/1842] pope_random_1651_random_1651
2026-08-17 01:26:24,015 INFO [run_teacher] [675/1842] pope_random_1652_random_1652
2026-08-17 01:26:28,830 INFO [run_teacher] [676/1842] pope_random_1658_random_1658
2026-08-17 01:26:34,203 INFO [run_teacher] [677/1842] pope_random_1660_random_1660
2026-08-17 01:26:39,585 INFO [run_teacher] [678/1842] pope_random_1661_random_1661
2026-08-17 01:26:44,734 INFO [run_teacher] [679/1842] pope_random_1668_random_1668
2026-08-17 01:26:50,132 INFO [run_teacher] [680/1842] pope_random_1670_random_1670
2026-08-17 01:26:55,255 INFO [run_teacher] [681/1842] pope_random_1671_random_1671
2026-08-17 01:27:00,420 INFO [run_teacher] [682/1842] pope_random_1672_random_1672
2026-08-17 01:27:06,302 INFO [run_teacher] [683/1842] pope_random_1677_random_1677
2026-08-17 01:27:11,400 INFO [run_teacher] [684/1842] pope_random_1678_random_1678
2026-08-17 01:27:16,441 INFO [run_teacher] [685/1842] pope_random_1681_random_1681
2026-08-17 01:27:21,572 INFO [run_teacher] [686/1842] pope_random_1684_random_1684
2026-08-17 01:27:26,904 INFO [run_teacher] [687/1842] pope_random_1689_random_1689
2026-08-17 01:27:31,986 INFO [run_teacher] [688/1842] pope_random_1695_random_1695
2026-08-17 01:27:36,651 INFO [run_teacher] [689/1842] pope_random_1696_random_1696
2026-08-17 01:27:42,624 INFO [run_teacher] [690/1842] pope_random_1707_random_1707
2026-08-17 01:27:47,198 INFO [run_teacher] [691/1842] pope_random_1712_random_1712
2026-08-17 01:27:51,947 INFO [run_teacher] [692/1842] pope_random_1714_random_1714
2026-08-17 01:27:57,721 INFO [run_teacher] [693/1842] pope_random_1717_random_1717
2026-08-17 01:28:02,627 INFO [run_teacher] [694/1842] pope_random_1729_random_1729
2026-08-17 01:28:06,667 INFO [run_teacher] [695/1842] pope_random_1734_random_1734
2026-08-17 01:28:12,141 INFO [run_teacher] [696/1842] pope_random_1741_random_1741
2026-08-17 01:28:17,356 INFO [run_teacher] [697/1842] pope_random_1744_random_1744
2026-08-17 01:28:22,746 INFO [run_teacher] [698/1842] pope_random_1746_random_1746
2026-08-17 01:28:27,936 INFO [run_teacher] [699/1842] pope_random_1754_random_1754
2026-08-17 01:28:32,959 INFO [run_teacher] [700/1842] pope_random_1755_random_1755
2026-08-17 01:28:37,866 INFO [run_teacher] [701/1842] pope_random_1760_random_1760
2026-08-17 01:28:43,106 INFO [run_teacher] [702/1842] pope_random_1761_random_1761
2026-08-17 01:28:48,355 INFO [run_teacher] [703/1842] pope_random_1762_random_1762
2026-08-17 01:28:53,578 INFO [run_teacher] [704/1842] pope_random_1765_random_1765
2026-08-17 01:28:58,385 INFO [run_teacher] [705/1842] pope_random_1769_random_1769
2026-08-17 01:29:03,458 INFO [run_teacher] [706/1842] pope_random_1773_random_1773
2026-08-17 01:29:08,623 INFO [run_teacher] [707/1842] pope_random_1778_random_1778
2026-08-17 01:29:14,022 INFO [run_teacher] [708/1842] pope_random_1789_random_1789
2026-08-17 01:29:20,036 INFO [run_teacher] [709/1842] pope_random_1793_random_1793
2026-08-17 01:29:25,393 INFO [run_teacher] [710/1842] pope_random_1795_random_1795
2026-08-17 01:29:30,525 INFO [run_teacher] [711/1842] pope_random_1798_random_1798
2026-08-17 01:29:35,973 INFO [run_teacher] [712/1842] pope_random_1802_random_1802
2026-08-17 01:29:41,905 INFO [run_teacher] [713/1842] pope_random_1809_random_1809
2026-08-17 01:29:47,320 INFO [run_teacher] [714/1842] pope_random_1811_random_1811
2026-08-17 01:29:52,743 INFO [run_teacher] [715/1842] pope_random_1812_random_1812
2026-08-17 01:29:58,483 INFO [run_teacher] [716/1842] pope_random_1817_random_1817
2026-08-17 01:30:04,148 INFO [run_teacher] [717/1842] pope_random_1824_random_1824
2026-08-17 01:30:09,730 INFO [run_teacher] [718/1842] pope_random_1829_random_1829
2026-08-17 01:30:14,995 INFO [run_teacher] [719/1842] pope_random_1833_random_1833
2026-08-17 01:30:20,451 INFO [run_teacher] [720/1842] pope_random_1837_random_1837
2026-08-17 01:30:25,134 INFO [run_teacher] [721/1842] pope_random_1842_random_1842
2026-08-17 01:30:31,323 INFO [run_teacher] [722/1842] pope_random_1843_random_1843
2026-08-17 01:30:36,455 INFO [run_teacher] [723/1842] pope_random_1844_random_1844
2026-08-17 01:30:42,395 INFO [run_teacher] [724/1842] pope_random_1845_random_1845
2026-08-17 01:30:47,560 INFO [run_teacher] [725/1842] pope_random_1847_random_1847
2026-08-17 01:30:52,550 INFO [run_teacher] [726/1842] pope_random_1850_random_1850
2026-08-17 01:30:58,115 INFO [run_teacher] [727/1842] pope_random_1852_random_1852
2026-08-17 01:31:03,481 INFO [run_teacher] [728/1842] pope_random_1855_random_1855
2026-08-17 01:31:08,954 INFO [run_teacher] [729/1842] pope_random_1856_random_1856
2026-08-17 01:31:14,602 INFO [run_teacher] [730/1842] pope_random_1859_random_1859
2026-08-17 01:31:20,659 INFO [run_teacher] [731/1842] pope_random_1860_random_1860
2026-08-17 01:31:25,982 INFO [run_teacher] [732/1842] pope_random_1868_random_1868
2026-08-17 01:31:32,647 INFO [run_teacher] [733/1842] pope_random_1874_random_1874
2026-08-17 01:31:37,553 INFO [run_teacher] [734/1842] pope_random_1875_random_1875
2026-08-17 01:31:42,360 INFO [run_teacher] [735/1842] pope_random_1878_random_1878
2026-08-17 01:31:49,125 INFO [run_teacher] [736/1842] pope_random_1880_random_1880
2026-08-17 01:31:53,215 INFO [run_teacher] [737/1842] pope_random_1881_random_1881
2026-08-17 01:31:58,322 INFO [run_teacher] [738/1842] pope_random_1886_random_1886
2026-08-17 01:32:03,096 INFO [run_teacher] [739/1842] pope_random_1903_random_1903
2026-08-17 01:32:08,202 INFO [run_teacher] [740/1842] pope_random_1913_random_1913
2026-08-17 01:32:13,576 INFO [run_teacher] [741/1842] pope_random_1920_random_1920
2026-08-17 01:32:18,532 INFO [run_teacher] [742/1842] pope_random_1921_random_1921
2026-08-17 01:32:23,539 INFO [run_teacher] [743/1842] pope_random_1922_random_1922
2026-08-17 01:32:27,488 INFO [run_teacher] [744/1842] pope_random_1925_random_1925
2026-08-17 01:32:32,412 INFO [run_teacher] [745/1842] pope_random_1927_random_1927
2026-08-17 01:32:37,536 INFO [run_teacher] [746/1842] pope_random_1931_random_1931
2026-08-17 01:32:42,992 INFO [run_teacher] [747/1842] pope_random_1933_random_1933
2026-08-17 01:32:48,582 INFO [run_teacher] [748/1842] pope_random_1935_random_1935
2026-08-17 01:32:54,205 INFO [run_teacher] [749/1842] pope_random_1940_random_1940
2026-08-17 01:32:59,395 INFO [run_teacher] [750/1842] pope_random_1948_random_1948
2026-08-17 01:33:04,369 INFO [run_teacher] [751/1842] pope_random_1949_random_1949
2026-08-17 01:33:08,934 INFO [run_teacher] [752/1842] pope_random_1952_random_1952
2026-08-17 01:33:13,316 INFO [run_teacher] [753/1842] pope_random_1955_random_1955
2026-08-17 01:33:18,306 INFO [run_teacher] [754/1842] pope_random_1961_random_1961
2026-08-17 01:33:23,771 INFO [run_teacher] [755/1842] pope_random_1963_random_1963
2026-08-17 01:33:28,136 INFO [run_teacher] [756/1842] pope_random_1964_random_1964
2026-08-17 01:33:33,501 INFO [run_teacher] [757/1842] pope_random_1970_random_1970
2026-08-17 01:33:38,250 INFO [run_teacher] [758/1842] pope_random_1973_random_1973
2026-08-17 01:33:42,982 INFO [run_teacher] [759/1842] pope_random_1974_random_1974
2026-08-17 01:33:47,556 INFO [run_teacher] [760/1842] pope_random_1976_random_1976
2026-08-17 01:33:53,154 INFO [run_teacher] [761/1842] pope_random_1981_random_1981
2026-08-17 01:33:58,344 INFO [run_teacher] [762/1842] pope_random_1984_random_1984
2026-08-17 01:34:03,634 INFO [run_teacher] [763/1842] pope_random_1993_random_1993
2026-08-17 01:34:08,766 INFO [run_teacher] [764/1842] pope_random_1994_random_1994
2026-08-17 01:34:14,239 INFO [run_teacher] [765/1842] pope_random_1996_random_1996
2026-08-17 01:34:20,363 INFO [run_teacher] [766/1842] pope_random_1997_random_1997
2026-08-17 01:34:25,369 INFO [run_teacher] [767/1842] pope_random_2001_random_2001
2026-08-17 01:34:30,759 INFO [run_teacher] [768/1842] pope_random_2002_random_2002
2026-08-17 01:34:35,350 INFO [run_teacher] [769/1842] pope_random_2016_random_2016
2026-08-17 01:34:40,640 INFO [run_teacher] [770/1842] pope_random_2019_random_2019
2026-08-17 01:34:45,955 INFO [run_teacher] [771/1842] pope_random_2026_random_2026
2026-08-17 01:34:51,287 INFO [run_teacher] [772/1842] pope_random_2032_random_2032
2026-08-17 01:34:55,452 INFO [run_teacher] [773/1842] pope_random_2036_random_2036
2026-08-17 01:35:01,175 INFO [run_teacher] [774/1842] pope_random_2038_random_2038
2026-08-17 01:35:05,907 INFO [run_teacher] [775/1842] pope_random_2040_random_2040
2026-08-17 01:35:11,405 INFO [run_teacher] [776/1842] pope_random_2041_random_2041
2026-08-17 01:35:16,079 INFO [run_teacher] [777/1842] pope_random_2046_random_2046
2026-08-17 01:35:20,553 INFO [run_teacher] [778/1842] pope_random_2061_random_2061
2026-08-17 01:35:25,185 INFO [run_teacher] [779/1842] pope_random_2066_random_2066
2026-08-17 01:35:30,733 INFO [run_teacher] [780/1842] pope_random_2072_random_2072
2026-08-17 01:35:37,489 INFO [run_teacher] [781/1842] pope_random_2074_random_2074
2026-08-17 01:35:43,087 INFO [run_teacher] [782/1842] pope_random_2076_random_2076
2026-08-17 01:35:47,744 INFO [run_teacher] [783/1842] pope_random_2078_random_2078
2026-08-17 01:35:53,343 INFO [run_teacher] [784/1842] pope_random_2079_random_2079
2026-08-17 01:35:58,999 INFO [run_teacher] [785/1842] pope_random_2088_random_2088
2026-08-17 01:36:04,131 INFO [run_teacher] [786/1842] pope_random_2092_random_2092
2026-08-17 01:36:09,463 INFO [run_teacher] [787/1842] pope_random_2097_random_2097
2026-08-17 01:36:14,311 INFO [run_teacher] [788/1842] pope_random_2099_random_2099
2026-08-17 01:36:19,352 INFO [run_teacher] [789/1842] pope_random_2103_random_2103
2026-08-17 01:36:24,217 INFO [run_teacher] [790/1842] pope_random_2104_random_2104
2026-08-17 01:36:29,607 INFO [run_teacher] [791/1842] pope_random_2109_random_2109
2026-08-17 01:36:35,539 INFO [run_teacher] [792/1842] pope_random_2110_random_2110
2026-08-17 01:36:42,736 INFO [run_teacher] [793/1842] pope_random_2121_random_2121
2026-08-17 01:36:48,151 INFO [run_teacher] [794/1842] pope_random_2132_random_2132
2026-08-17 01:36:53,149 INFO [run_teacher] [795/1842] pope_random_2135_random_2135
2026-08-17 01:36:58,265 INFO [run_teacher] [796/1842] pope_random_2137_random_2137
2026-08-17 01:37:02,497 INFO [run_teacher] [797/1842] pope_random_2138_random_2138
2026-08-17 01:37:07,753 INFO [run_teacher] [798/1842] pope_random_2141_random_2141
2026-08-17 01:37:13,294 INFO [run_teacher] [799/1842] pope_random_2149_random_2149
2026-08-17 01:37:17,883 INFO [run_teacher] [800/1842] pope_random_2152_random_2152
2026-08-17 01:37:22,982 INFO [run_teacher] [801/1842] pope_random_2153_random_2153
2026-08-17 01:37:28,113 INFO [run_teacher] [802/1842] pope_random_2154_random_2154
2026-08-17 01:37:33,595 INFO [run_teacher] [803/1842] pope_random_2157_random_2157
2026-08-17 01:37:38,693 INFO [run_teacher] [804/1842] pope_random_2159_random_2159
2026-08-17 01:37:43,683 INFO [run_teacher] [805/1842] pope_random_2161_random_2161
2026-08-17 01:37:49,123 INFO [run_teacher] [806/1842] pope_random_2169_random_2169
2026-08-17 01:37:54,713 INFO [run_teacher] [807/1842] pope_random_2173_random_2173
2026-08-17 01:38:00,370 INFO [run_teacher] [808/1842] pope_random_2174_random_2174
2026-08-17 01:38:05,302 INFO [run_teacher] [809/1842] pope_random_2178_random_2178
2026-08-17 01:38:11,566 INFO [run_teacher] [810/1842] pope_random_2180_random_2180
2026-08-17 01:38:16,390 INFO [run_teacher] [811/1842] pope_random_2182_random_2182
2026-08-17 01:38:22,721 INFO [run_teacher] [812/1842] pope_random_2187_random_2187
2026-08-17 01:38:27,753 INFO [run_teacher] [813/1842] pope_random_2195_random_2195
2026-08-17 01:38:32,801 INFO [run_teacher] [814/1842] pope_random_2197_random_2197
2026-08-17 01:38:36,534 INFO [run_teacher] [815/1842] pope_random_2198_random_2198
2026-08-17 01:38:40,982 INFO [run_teacher] [816/1842] pope_random_2203_random_2203
2026-08-17 01:38:45,597 INFO [run_teacher] [817/1842] pope_random_2206_random_2206
2026-08-17 01:38:50,354 INFO [run_teacher] [818/1842] pope_random_2215_random_2215
2026-08-17 01:38:55,453 INFO [run_teacher] [819/1842] pope_random_2223_random_2223
2026-08-17 01:39:00,968 INFO [run_teacher] [820/1842] pope_random_2226_random_2226
2026-08-17 01:39:06,466 INFO [run_teacher] [821/1842] pope_random_2229_random_2229
2026-08-17 01:39:11,214 INFO [run_teacher] [822/1842] pope_random_2231_random_2231
2026-08-17 01:39:16,346 INFO [run_teacher] [823/1842] pope_random_2235_random_2235
2026-08-17 01:39:21,320 INFO [run_teacher] [824/1842] pope_random_2237_random_2237
2026-08-17 01:39:26,285 INFO [run_teacher] [825/1842] pope_random_2238_random_2238
2026-08-17 01:39:31,475 INFO [run_teacher] [826/1842] pope_random_2239_random_2239
2026-08-17 01:39:36,007 INFO [run_teacher] [827/1842] pope_random_2244_random_2244
2026-08-17 01:39:41,355 INFO [run_teacher] [828/1842] pope_random_2246_random_2246
2026-08-17 01:39:46,345 INFO [run_teacher] [829/1842] pope_random_2252_random_2252
2026-08-17 01:39:52,085 INFO [run_teacher] [830/1842] pope_random_2253_random_2253
2026-08-17 01:39:57,625 INFO [run_teacher] [831/1842] pope_random_2258_random_2258
2026-08-17 01:40:01,623 INFO [run_teacher] [832/1842] pope_random_2259_random_2259
2026-08-17 01:40:06,330 INFO [run_teacher] [833/1842] pope_random_2263_random_2263
2026-08-17 01:40:11,404 INFO [run_teacher] [834/1842] pope_random_2266_random_2266
2026-08-17 01:40:15,502 INFO [run_teacher] [835/1842] pope_random_2267_random_2267
2026-08-17 01:40:20,068 INFO [run_teacher] [836/1842] pope_random_2268_random_2268
2026-08-17 01:40:25,083 INFO [run_teacher] [837/1842] pope_random_2279_random_2279
2026-08-17 01:40:30,106 INFO [run_teacher] [838/1842] pope_random_2280_random_2280
2026-08-17 01:40:35,238 INFO [run_teacher] [839/1842] pope_random_2286_random_2286
2026-08-17 01:40:40,495 INFO [run_teacher] [840/1842] pope_random_2287_random_2287
2026-08-17 01:40:46,101 INFO [run_teacher] [841/1842] pope_random_2292_random_2292
2026-08-17 01:40:53,282 INFO [run_teacher] [842/1842] pope_random_2300_random_2300
2026-08-17 01:40:57,981 INFO [run_teacher] [843/1842] pope_random_2310_random_2310
2026-08-17 01:41:02,979 INFO [run_teacher] [844/1842] pope_random_2321_random_2321
2026-08-17 01:41:08,003 INFO [run_teacher] [845/1842] pope_random_2322_random_2322
2026-08-17 01:41:12,593 INFO [run_teacher] [846/1842] pope_random_2324_random_2324
2026-08-17 01:41:17,841 INFO [run_teacher] [847/1842] pope_random_2327_random_2327
2026-08-17 01:41:23,015 INFO [run_teacher] [848/1842] pope_random_2329_random_2329
2026-08-17 01:41:28,683 INFO [run_teacher] [849/1842] pope_random_2336_random_2336
2026-08-17 01:41:34,403 INFO [run_teacher] [850/1842] pope_random_2343_random_2343
2026-08-17 01:41:40,567 INFO [run_teacher] [851/1842] pope_random_2345_random_2345
2026-08-17 01:41:45,991 INFO [run_teacher] [852/1842] pope_random_2348_random_2348
2026-08-17 01:41:52,014 INFO [run_teacher] [853/1842] pope_random_2356_random_2356
2026-08-17 01:41:58,245 INFO [run_teacher] [854/1842] pope_random_2365_random_2365
2026-08-17 01:42:03,335 INFO [run_teacher] [855/1842] pope_random_2367_random_2367
2026-08-17 01:42:08,209 INFO [run_teacher] [856/1842] pope_random_2377_random_2377
2026-08-17 01:42:13,607 INFO [run_teacher] [857/1842] pope_random_2381_random_2381
2026-08-17 01:42:19,613 INFO [run_teacher] [858/1842] pope_random_2385_random_2385
2026-08-17 01:42:25,420 INFO [run_teacher] [859/1842] pope_random_2393_random_2393
2026-08-17 01:42:30,035 INFO [run_teacher] [860/1842] pope_random_2394_random_2394
2026-08-17 01:42:35,750 INFO [run_teacher] [861/1842] pope_random_2396_random_2396
2026-08-17 01:42:42,581 INFO [run_teacher] [862/1842] pope_random_2406_random_2406
2026-08-17 01:42:47,780 INFO [run_teacher] [863/1842] pope_random_2409_random_2409
2026-08-17 01:42:52,903 INFO [run_teacher] [864/1842] pope_random_2412_random_2412
2026-08-17 01:42:58,693 INFO [run_teacher] [865/1842] pope_random_2413_random_2413
2026-08-17 01:43:04,066 INFO [run_teacher] [866/1842] pope_random_2414_random_2414
2026-08-17 01:43:10,372 INFO [run_teacher] [867/1842] pope_random_2416_random_2416
2026-08-17 01:43:16,737 INFO [run_teacher] [868/1842] pope_random_2419_random_2419
2026-08-17 01:43:22,785 INFO [run_teacher] [869/1842] pope_random_2424_random_2424
2026-08-17 01:43:27,159 INFO [run_teacher] [870/1842] pope_random_2434_random_2434
2026-08-17 01:43:33,315 INFO [run_teacher] [871/1842] pope_random_2435_random_2435
2026-08-17 01:43:38,788 INFO [run_teacher] [872/1842] pope_random_2454_random_2454
2026-08-17 01:43:43,695 INFO [run_teacher] [873/1842] pope_random_2462_random_2462
2026-08-17 01:43:49,052 INFO [run_teacher] [874/1842] pope_random_2464_random_2464
2026-08-17 01:43:53,734 INFO [run_teacher] [875/1842] pope_random_2467_random_2467
2026-08-17 01:43:59,390 INFO [run_teacher] [876/1842] pope_random_2472_random_2472
2026-08-17 01:44:04,539 INFO [run_teacher] [877/1842] pope_random_2477_random_2477
2026-08-17 01:44:08,888 INFO [run_teacher] [878/1842] pope_random_2481_random_2481
2026-08-17 01:44:13,736 INFO [run_teacher] [879/1842] pope_random_2482_random_2482
2026-08-17 01:44:19,052 INFO [run_teacher] [880/1842] pope_random_2484_random_2484
2026-08-17 01:44:24,849 INFO [run_teacher] [881/1842] pope_random_2494_random_2494
2026-08-17 01:44:29,873 INFO [run_teacher] [882/1842] pope_random_2497_random_2497
2026-08-17 01:44:34,555 INFO [run_teacher] [883/1842] pope_random_2499_random_2499
2026-08-17 01:44:39,178 INFO [run_teacher] [884/1842] pope_random_2507_random_2507
2026-08-17 01:44:43,860 INFO [run_teacher] [885/1842] pope_random_2512_random_2512
2026-08-17 01:44:49,775 INFO [run_teacher] [886/1842] pope_random_2513_random_2513
2026-08-17 01:44:55,165 INFO [run_teacher] [887/1842] pope_random_2518_random_2518
2026-08-17 01:45:01,096 INFO [run_teacher] [888/1842] pope_random_2523_random_2523
2026-08-17 01:45:06,620 INFO [run_teacher] [889/1842] pope_random_2524_random_2524
2026-08-17 01:45:12,926 INFO [run_teacher] [890/1842] pope_random_2526_random_2526
2026-08-17 01:45:17,141 INFO [run_teacher] [891/1842] pope_random_2529_random_2529
2026-08-17 01:45:21,873 INFO [run_teacher] [892/1842] pope_random_2540_random_2540
2026-08-17 01:45:26,572 INFO [run_teacher] [893/1842] pope_random_2547_random_2547
2026-08-17 01:45:31,162 INFO [run_teacher] [894/1842] pope_random_2554_random_2554
2026-08-17 01:45:36,260 INFO [run_teacher] [895/1842] pope_random_2562_random_2562
2026-08-17 01:45:41,292 INFO [run_teacher] [896/1842] pope_random_2569_random_2569
2026-08-17 01:45:46,599 INFO [run_teacher] [897/1842] pope_random_2570_random_2570
2026-08-17 01:45:51,630 INFO [run_teacher] [898/1842] pope_random_2571_random_2571
2026-08-17 01:45:57,479 INFO [run_teacher] [899/1842] pope_random_2572_random_2572
2026-08-17 01:46:03,585 INFO [run_teacher] [900/1842] pope_random_2578_random_2578
2026-08-17 01:46:08,733 INFO [run_teacher] [901/1842] pope_random_2580_random_2580
2026-08-17 01:46:13,490 INFO [run_teacher] [902/1842] pope_random_2583_random_2583
2026-08-17 01:46:19,055 INFO [run_teacher] [903/1842] pope_random_2584_random_2584
2026-08-17 01:46:24,295 INFO [run_teacher] [904/1842] pope_random_2588_random_2588
2026-08-17 01:46:28,960 INFO [run_teacher] [905/1842] pope_random_2590_random_2590
2026-08-17 01:46:34,825 INFO [run_teacher] [906/1842] pope_random_2595_random_2595
2026-08-17 01:46:39,649 INFO [run_teacher] [907/1842] pope_random_2598_random_2598
2026-08-17 01:46:45,847 INFO [run_teacher] [908/1842] pope_random_2601_random_2601
2026-08-17 01:46:51,737 INFO [run_teacher] [909/1842] pope_random_2604_random_2604
2026-08-17 01:46:57,735 INFO [run_teacher] [910/1842] pope_random_2606_random_2606
2026-08-17 01:47:04,041 INFO [run_teacher] [911/1842] pope_random_2613_random_2613
2026-08-17 01:47:09,748 INFO [run_teacher] [912/1842] pope_random_2618_random_2618
2026-08-17 01:47:14,571 INFO [run_teacher] [913/1842] pope_random_2619_random_2619
2026-08-17 01:47:19,811 INFO [run_teacher] [914/1842] pope_random_2620_random_2620
2026-08-17 01:47:25,268 INFO [run_teacher] [915/1842] pope_random_2624_random_2624
2026-08-17 01:47:30,283 INFO [run_teacher] [916/1842] pope_random_2626_random_2626
2026-08-17 01:47:35,148 INFO [run_teacher] [917/1842] pope_random_2632_random_2632
2026-08-17 01:47:40,205 INFO [run_teacher] [918/1842] pope_random_2633_random_2633
2026-08-17 01:47:45,537 INFO [run_teacher] [919/1842] pope_random_2638_random_2638
2026-08-17 01:47:52,260 INFO [run_teacher] [920/1842] pope_random_2639_random_2639
2026-08-17 01:47:57,991 INFO [run_teacher] [921/1842] pope_random_2640_random_2640
2026-08-17 01:48:03,365 INFO [run_teacher] [922/1842] pope_random_2642_random_2642
2026-08-17 01:48:08,455 INFO [run_teacher] [923/1842] pope_random_2646_random_2646
2026-08-17 01:48:13,836 INFO [run_teacher] [924/1842] pope_random_2649_random_2649
2026-08-17 01:48:19,468 INFO [run_teacher] [925/1842] pope_random_2650_random_2650
2026-08-17 01:48:25,616 INFO [run_teacher] [926/1842] pope_random_2656_random_2656
2026-08-17 01:48:29,948 INFO [run_teacher] [927/1842] pope_random_2663_random_2663
2026-08-17 01:48:34,880 INFO [run_teacher] [928/1842] pope_random_2665_random_2665
2026-08-17 01:48:39,628 INFO [run_teacher] [929/1842] pope_random_2666_random_2666
2026-08-17 01:48:44,618 INFO [run_teacher] [930/1842] pope_random_2667_random_2667
2026-08-17 01:48:49,858 INFO [run_teacher] [931/1842] pope_random_2669_random_2669
2026-08-17 01:48:55,065 INFO [run_teacher] [932/1842] pope_random_2670_random_2670
2026-08-17 01:49:00,405 INFO [run_teacher] [933/1842] pope_random_2671_random_2671
2026-08-17 01:49:04,979 INFO [run_teacher] [934/1842] pope_random_2672_random_2672
2026-08-17 01:49:09,935 INFO [run_teacher] [935/1842] pope_random_2673_random_2673
2026-08-17 01:49:15,200 INFO [run_teacher] [936/1842] pope_random_2676_random_2676
2026-08-17 01:49:19,974 INFO [run_teacher] [937/1842] pope_random_2681_random_2681
2026-08-17 01:49:25,572 INFO [run_teacher] [938/1842] pope_random_2683_random_2683
2026-08-17 01:49:30,729 INFO [run_teacher] [939/1842] pope_random_2688_random_2688
2026-08-17 01:49:35,544 INFO [run_teacher] [940/1842] pope_random_2691_random_2691
2026-08-17 01:49:40,226 INFO [run_teacher] [941/1842] pope_random_2692_random_2692
2026-08-17 01:49:44,033 INFO [run_teacher] [942/1842] pope_random_2694_random_2694
2026-08-17 01:49:50,706 INFO [run_teacher] [943/1842] pope_random_2703_random_2703
2026-08-17 01:49:55,263 INFO [run_teacher] [944/1842] pope_random_2706_random_2706
2026-08-17 01:50:00,078 INFO [run_teacher] [945/1842] pope_random_2707_random_2707
2026-08-17 01:50:05,418 INFO [run_teacher] [946/1842] pope_random_2713_random_2713
2026-08-17 01:50:11,241 INFO [run_teacher] [947/1842] pope_random_2723_random_2723
2026-08-17 01:50:17,098 INFO [run_teacher] [948/1842] pope_random_2726_random_2726
2026-08-17 01:50:22,063 INFO [run_teacher] [949/1842] pope_random_2727_random_2727
2026-08-17 01:50:26,711 INFO [run_teacher] [950/1842] pope_random_2734_random_2734
2026-08-17 01:50:31,377 INFO [run_teacher] [951/1842] pope_random_2742_random_2742
2026-08-17 01:50:36,641 INFO [run_teacher] [952/1842] pope_random_2744_random_2744
2026-08-17 01:50:42,614 INFO [run_teacher] [953/1842] pope_random_2746_random_2746
2026-08-17 01:50:49,754 INFO [run_teacher] [954/1842] pope_random_2750_random_2750
2026-08-17 01:50:55,385 INFO [run_teacher] [955/1842] pope_random_2754_random_2754
2026-08-17 01:50:59,259 INFO [run_teacher] [956/1842] pope_random_2757_random_2757
2026-08-17 01:51:03,716 INFO [run_teacher] [957/1842] pope_random_2759_random_2759
2026-08-17 01:51:08,248 INFO [run_teacher] [958/1842] pope_random_2762_random_2762
2026-08-17 01:51:13,705 INFO [run_teacher] [959/1842] pope_random_2763_random_2763
2026-08-17 01:51:18,903 INFO [run_teacher] [960/1842] pope_random_2766_random_2766
2026-08-17 01:51:24,693 INFO [run_teacher] [961/1842] pope_random_2769_random_2769
2026-08-17 01:51:29,992 INFO [run_teacher] [962/1842] pope_random_2773_random_2773
2026-08-17 01:51:34,715 INFO [run_teacher] [963/1842] pope_random_2776_random_2776
2026-08-17 01:51:40,222 INFO [run_teacher] [964/1842] pope_random_2777_random_2777
2026-08-17 01:51:45,570 INFO [run_teacher] [965/1842] pope_random_2781_random_2781
2026-08-17 01:51:50,360 INFO [run_teacher] [966/1842] pope_random_2788_random_2788
2026-08-17 01:51:55,217 INFO [run_teacher] [967/1842] pope_random_2794_random_2794
2026-08-17 01:52:00,674 INFO [run_teacher] [968/1842] pope_random_2798_random_2798
2026-08-17 01:52:06,139 INFO [run_teacher] [969/1842] pope_random_2808_random_2808
2026-08-17 01:52:11,762 INFO [run_teacher] [970/1842] pope_random_2809_random_2809
2026-08-17 01:52:16,477 INFO [run_teacher] [971/1842] pope_random_2810_random_2810
2026-08-17 01:52:21,225 INFO [run_teacher] [972/1842] pope_random_2811_random_2811
2026-08-17 01:52:26,740 INFO [run_teacher] [973/1842] pope_random_2818_random_2818
2026-08-17 01:52:33,222 INFO [run_teacher] [974/1842] pope_random_2823_random_2823
2026-08-17 01:52:38,495 INFO [run_teacher] [975/1842] pope_random_2824_random_2824
2026-08-17 01:52:43,902 INFO [run_teacher] [976/1842] pope_random_2828_random_2828
2026-08-17 01:52:49,292 INFO [run_teacher] [977/1842] pope_random_2838_random_2838
2026-08-17 01:52:54,849 INFO [run_teacher] [978/1842] pope_random_2839_random_2839
2026-08-17 01:53:00,038 INFO [run_teacher] [979/1842] pope_random_2850_random_2850
2026-08-17 01:53:05,112 INFO [run_teacher] [980/1842] pope_random_2851_random_2851
2026-08-17 01:53:10,552 INFO [run_teacher] [981/1842] pope_random_2852_random_2852
2026-08-17 01:53:15,400 INFO [run_teacher] [982/1842] pope_random_2856_random_2856
2026-08-17 01:53:20,082 INFO [run_teacher] [983/1842] pope_random_2861_random_2861
2026-08-17 01:53:24,831 INFO [run_teacher] [984/1842] pope_random_2863_random_2863
2026-08-17 01:53:29,562 INFO [run_teacher] [985/1842] pope_random_2869_random_2869
2026-08-17 01:53:34,328 INFO [run_teacher] [986/1842] pope_random_2879_random_2879
2026-08-17 01:53:39,451 INFO [run_teacher] [987/1842] pope_random_2885_random_2885
2026-08-17 01:53:45,949 INFO [run_teacher] [988/1842] pope_random_2889_random_2889
2026-08-17 01:53:50,639 INFO [run_teacher] [989/1842] pope_random_2893_random_2893
2026-08-17 01:53:55,596 INFO [run_teacher] [990/1842] pope_random_2896_random_2896
2026-08-17 01:54:00,819 INFO [run_teacher] [991/1842] pope_random_2897_random_2897
2026-08-17 01:54:05,784 INFO [run_teacher] [992/1842] pope_random_2901_random_2901
2026-08-17 01:54:10,950 INFO [run_teacher] [993/1842] pope_random_2903_random_2903
2026-08-17 01:54:16,031 INFO [run_teacher] [994/1842] pope_random_2904_random_2904
2026-08-17 01:54:21,538 INFO [run_teacher] [995/1842] pope_random_2914_random_2914
2026-08-17 01:54:26,853 INFO [run_teacher] [996/1842] pope_random_2923_random_2923
2026-08-17 01:54:31,910 INFO [run_teacher] [997/1842] pope_random_2927_random_2927
2026-08-17 01:54:36,050 INFO [run_teacher] [998/1842] pope_random_2936_random_2936
2026-08-17 01:54:42,898 INFO [run_teacher] [999/1842] pope_random_2940_random_2940
2026-08-17 01:54:49,412 INFO [run_teacher] [1000/1842] pope_random_2942_random_2942
2026-08-17 01:54:55,136 INFO [run_teacher] [1001/1842] pope_random_2947_random_2947
2026-08-17 01:55:00,534 INFO [run_teacher] [1002/1842] pope_random_2959_random_2959
2026-08-17 01:55:06,083 INFO [run_teacher] [1003/1842] pope_random_2960_random_2960
2026-08-17 01:55:10,256 INFO [run_teacher] [1004/1842] pope_random_2961_random_2961
2026-08-17 01:55:15,480 INFO [run_teacher] [1005/1842] pope_random_2964_random_2964
2026-08-17 01:55:20,820 INFO [run_teacher] [1006/1842] pope_random_2974_random_2974
2026-08-17 01:55:26,168 INFO [run_teacher] [1007/1842] pope_random_2976_random_2976
2026-08-17 01:55:31,366 INFO [run_teacher] [1008/1842] pope_random_2979_random_2979
2026-08-17 01:55:36,615 INFO [run_teacher] [1009/1842] pope_random_2985_random_2985
2026-08-17 01:55:40,964 INFO [run_teacher] [1010/1842] pope_random_2993_random_2993
2026-08-17 01:55:46,095 INFO [run_teacher] [1011/1842] vizwiz_VizWiz_val_00000001_1
2026-08-17 01:56:04,217 INFO [run_teacher] [1012/1842] vizwiz_VizWiz_val_00000011_11
2026-08-17 01:56:12,739 INFO [run_teacher] [1013/1842] vizwiz_VizWiz_val_00000018_18
2026-08-17 01:56:27,785 INFO [run_teacher] [1014/1842] vizwiz_VizWiz_val_00000020_20
2026-08-17 01:56:37,623 INFO [run_teacher] [1015/1842] vizwiz_VizWiz_val_00000024_24
2026-08-17 01:56:49,828 INFO [run_teacher] [1016/1842] vizwiz_VizWiz_val_00000026_26
2026-08-17 01:57:04,823 INFO [run_teacher] [1017/1842] vizwiz_VizWiz_val_00000028_28
2026-08-17 01:57:15,687 INFO [run_teacher] [1018/1842] vizwiz_VizWiz_val_00000029_29
2026-08-17 01:57:27,300 INFO [run_teacher] [1019/1842] vizwiz_VizWiz_val_00000030_30
2026-08-17 01:57:44,295 INFO [run_teacher] [1020/1842] vizwiz_VizWiz_val_00000036_36
2026-08-17 01:57:55,658 INFO [run_teacher] [1021/1842] vizwiz_VizWiz_val_00000042_42
2026-08-17 01:58:05,747 INFO [run_teacher] [1022/1842] vizwiz_VizWiz_val_00000046_46
2026-08-17 01:58:27,481 INFO [run_teacher] [1023/1842] vizwiz_VizWiz_val_00000063_63
2026-08-17 01:58:42,377 INFO [run_teacher] [1024/1842] vizwiz_VizWiz_val_00000064_64
2026-08-17 01:58:51,483 INFO [run_teacher] [1025/1842] vizwiz_VizWiz_val_00000065_65
2026-08-17 01:59:07,178 INFO [run_teacher] [1026/1842] vizwiz_VizWiz_val_00000069_69
2026-08-17 01:59:21,415 INFO [run_teacher] [1027/1842] vizwiz_VizWiz_val_00000070_70
2026-08-17 01:59:34,361 INFO [run_teacher] [1028/1842] vizwiz_VizWiz_val_00000072_72
2026-08-17 01:59:44,042 INFO [run_teacher] [1029/1842] vizwiz_VizWiz_val_00000078_78
2026-08-17 01:59:59,812 INFO [run_teacher] [1030/1842] vizwiz_VizWiz_val_00000079_79
2026-08-17 02:00:11,909 INFO [run_teacher] [1031/1842] vizwiz_VizWiz_val_00000082_82
2026-08-17 02:00:33,610 INFO [run_teacher] [1032/1842] vizwiz_VizWiz_val_00000089_89
2026-08-17 02:00:49,339 INFO [run_teacher] [1033/1842] vizwiz_VizWiz_val_00000092_92
2026-08-17 02:00:58,519 INFO [run_teacher] [1034/1842] vizwiz_VizWiz_val_00000094_94
2026-08-17 02:01:22,411 INFO [run_teacher] [1035/1842] vizwiz_VizWiz_val_00000099_99
2026-08-17 02:01:54,343 INFO [run_teacher] [1036/1842] vizwiz_VizWiz_val_00000106_106
2026-08-17 02:02:07,305 INFO [run_teacher] [1037/1842] vizwiz_VizWiz_val_00000108_108
2026-08-17 02:02:25,308 INFO [run_teacher] [1038/1842] vizwiz_VizWiz_val_00000109_109
2026-08-17 02:02:37,045 INFO [run_teacher] [1039/1842] vizwiz_VizWiz_val_00000110_110
2026-08-17 02:02:49,766 INFO [run_teacher] [1040/1842] vizwiz_VizWiz_val_00000112_112
2026-08-17 02:03:26,962 INFO [run_teacher] [1041/1842] vizwiz_VizWiz_val_00000118_118
2026-08-17 02:03:56,152 INFO [run_teacher] [1042/1842] vizwiz_VizWiz_val_00000124_124
2026-08-17 02:04:02,842 INFO [run_teacher] [1043/1842] vizwiz_VizWiz_val_00000129_129
2026-08-17 02:04:19,228 INFO [run_teacher] [1044/1842] vizwiz_VizWiz_val_00000131_131
2026-08-17 02:04:32,482 INFO [run_teacher] [1045/1842] vizwiz_VizWiz_val_00000132_132
2026-08-17 02:05:04,413 INFO [run_teacher] [1046/1842] vizwiz_VizWiz_val_00000133_133
2026-08-17 02:05:17,335 INFO [run_teacher] [1047/1842] vizwiz_VizWiz_val_00000136_136
2026-08-17 02:05:45,933 INFO [run_teacher] [1048/1842] vizwiz_VizWiz_val_00000137_137
2026-08-17 02:06:09,909 INFO [run_teacher] [1049/1842] vizwiz_VizWiz_val_00000139_139
2026-08-17 02:06:47,830 INFO [run_teacher] [1050/1842] vizwiz_VizWiz_val_00000140_140
2026-08-17 02:07:20,769 INFO [run_teacher] [1051/1842] vizwiz_VizWiz_val_00000143_143
2026-08-17 02:07:38,022 INFO [run_teacher] [1052/1842] vizwiz_VizWiz_val_00000145_145
2026-08-17 02:07:48,610 INFO [run_teacher] [1053/1842] vizwiz_VizWiz_val_00000146_146
2026-08-17 02:08:10,694 INFO [run_teacher] [1054/1842] vizwiz_VizWiz_val_00000147_147
2026-08-17 02:08:21,657 INFO [run_teacher] [1055/1842] vizwiz_VizWiz_val_00000148_148
2026-08-17 02:08:37,693 INFO [run_teacher] [1056/1842] vizwiz_VizWiz_val_00000149_149
2026-08-17 02:08:47,857 INFO [run_teacher] [1057/1842] vizwiz_VizWiz_val_00000151_151
2026-08-17 02:08:59,978 INFO [run_teacher] [1058/1842] vizwiz_VizWiz_val_00000159_159
2026-08-17 02:09:23,704 INFO [run_teacher] [1059/1842] vizwiz_VizWiz_val_00000163_163
2026-08-17 02:09:33,592 INFO [run_teacher] [1060/1842] vizwiz_VizWiz_val_00000164_164
2026-08-17 02:09:46,029 INFO [run_teacher] [1061/1842] vizwiz_VizWiz_val_00000166_166
2026-08-17 02:10:02,591 INFO [run_teacher] [1062/1842] vizwiz_VizWiz_val_00000177_177
2026-08-17 02:10:18,927 INFO [run_teacher] [1063/1842] vizwiz_VizWiz_val_00000186_186
2026-08-17 02:10:32,248 INFO [run_teacher] [1064/1842] vizwiz_VizWiz_val_00000189_189
2026-08-17 02:10:53,491 INFO [run_teacher] [1065/1842] vizwiz_VizWiz_val_00000191_191
2026-08-17 02:11:05,054 INFO [run_teacher] [1066/1842] vizwiz_VizWiz_val_00000192_192
2026-08-17 02:11:15,484 INFO [run_teacher] [1067/1842] vizwiz_VizWiz_val_00000193_193
2026-08-17 02:11:42,884 INFO [run_teacher] [1068/1842] vizwiz_VizWiz_val_00000195_195
2026-08-17 02:12:06,626 INFO [run_teacher] [1069/1842] vizwiz_VizWiz_val_00000197_197
2026-08-17 02:12:18,347 INFO [run_teacher] [1070/1842] vizwiz_VizWiz_val_00000200_200
2026-08-17 02:12:30,451 INFO [run_teacher] [1071/1842] vizwiz_VizWiz_val_00000202_202
2026-08-17 02:12:45,146 INFO [run_teacher] [1072/1842] vizwiz_VizWiz_val_00000203_203
2026-08-17 02:12:50,528 INFO [run_teacher] [1073/1842] vizwiz_VizWiz_val_00000204_204
2026-08-17 02:13:05,231 INFO [run_teacher] [1074/1842] vizwiz_VizWiz_val_00000206_206
2026-08-17 02:13:17,678 INFO [run_teacher] [1075/1842] vizwiz_VizWiz_val_00000210_210
2026-08-17 02:13:33,081 INFO [run_teacher] [1076/1842] vizwiz_VizWiz_val_00000216_216
2026-08-17 02:13:43,344 INFO [run_teacher] [1077/1842] vizwiz_VizWiz_val_00000221_221
2026-08-17 02:14:01,197 INFO [run_teacher] [1078/1842] vizwiz_VizWiz_val_00000224_224
2026-08-17 02:14:11,010 INFO [run_teacher] [1079/1842] vizwiz_VizWiz_val_00000225_225
2026-08-17 02:14:23,873 INFO [run_teacher] [1080/1842] vizwiz_VizWiz_val_00000229_229
2026-08-17 02:14:40,167 INFO [run_teacher] [1081/1842] vizwiz_VizWiz_val_00000236_236
2026-08-17 02:14:45,299 INFO [run_teacher] [1082/1842] vizwiz_VizWiz_val_00000238_238
2026-08-17 02:14:55,979 INFO [run_teacher] [1083/1842] vizwiz_VizWiz_val_00000242_242
2026-08-17 02:15:13,340 INFO [run_teacher] [1084/1842] vizwiz_VizWiz_val_00000244_244
2026-08-17 02:15:22,354 INFO [run_teacher] [1085/1842] vizwiz_VizWiz_val_00000248_248
2026-08-17 02:16:03,990 INFO [run_teacher] [1086/1842] vizwiz_VizWiz_val_00000250_250
2026-08-17 02:16:18,793 INFO [run_teacher] [1087/1842] vizwiz_VizWiz_val_00000252_252
2026-08-17 02:16:40,570 INFO [run_teacher] [1088/1842] vizwiz_VizWiz_val_00000260_260
2026-08-17 02:17:31,128 INFO [run_teacher] [1089/1842] vizwiz_VizWiz_val_00000271_271
2026-08-17 02:17:40,608 INFO [run_teacher] [1090/1842] vizwiz_VizWiz_val_00000279_279
2026-08-17 02:17:48,947 INFO [run_teacher] [1091/1842] vizwiz_VizWiz_val_00000283_283
2026-08-17 02:18:05,409 INFO [run_teacher] [1092/1842] vizwiz_VizWiz_val_00000284_284
2026-08-17 02:18:14,922 INFO [run_teacher] [1093/1842] vizwiz_VizWiz_val_00000287_287
2026-08-17 02:18:44,054 INFO [run_teacher] [1094/1842] vizwiz_VizWiz_val_00000290_290
2026-08-17 02:19:09,354 INFO [run_teacher] [1095/1842] vizwiz_VizWiz_val_00000291_291
2026-08-17 02:19:22,924 INFO [run_teacher] [1096/1842] vizwiz_VizWiz_val_00000293_293
2026-08-17 02:19:33,229 INFO [run_teacher] [1097/1842] vizwiz_VizWiz_val_00000303_303
2026-08-17 02:19:49,174 INFO [run_teacher] [1098/1842] vizwiz_VizWiz_val_00000305_305
2026-08-17 02:19:56,980 INFO [run_teacher] [1099/1842] vizwiz_VizWiz_val_00000313_313
2026-08-17 02:20:25,320 INFO [run_teacher] [1100/1842] vizwiz_VizWiz_val_00000318_318
2026-08-17 02:20:30,669 INFO [run_teacher] [1101/1842] vizwiz_VizWiz_val_00000321_321
2026-08-17 02:20:41,573 INFO [run_teacher] [1102/1842] vizwiz_VizWiz_val_00000329_329
2026-08-17 02:21:18,853 INFO [run_teacher] [1103/1842] vizwiz_VizWiz_val_00000330_330
2026-08-17 02:21:36,264 INFO [run_teacher] [1104/1842] vizwiz_VizWiz_val_00000335_335
2026-08-17 02:21:46,577 INFO [run_teacher] [1105/1842] vizwiz_VizWiz_val_00000336_336
2026-08-17 02:21:57,115 INFO [run_teacher] [1106/1842] vizwiz_VizWiz_val_00000338_338
2026-08-17 02:22:25,614 INFO [run_teacher] [1107/1842] vizwiz_VizWiz_val_00000340_340
2026-08-17 02:22:45,983 INFO [run_teacher] [1108/1842] vizwiz_VizWiz_val_00000341_341
2026-08-17 02:23:13,099 INFO [run_teacher] [1109/1842] vizwiz_VizWiz_val_00000347_347
2026-08-17 02:23:27,769 INFO [run_teacher] [1110/1842] vizwiz_VizWiz_val_00000356_356
2026-08-17 02:23:41,382 INFO [run_teacher] [1111/1842] vizwiz_VizWiz_val_00000361_361
2026-08-17 02:23:56,252 INFO [run_teacher] [1112/1842] vizwiz_VizWiz_val_00000365_365
2026-08-17 02:24:07,906 INFO [run_teacher] [1113/1842] vizwiz_VizWiz_val_00000368_368
2026-08-17 02:24:21,643 INFO [run_teacher] [1114/1842] vizwiz_VizWiz_val_00000371_371
2026-08-17 02:24:33,423 INFO [run_teacher] [1115/1842] vizwiz_VizWiz_val_00000381_381
2026-08-17 02:24:47,552 INFO [run_teacher] [1116/1842] vizwiz_VizWiz_val_00000383_383
2026-08-17 02:25:08,670 INFO [run_teacher] [1117/1842] vizwiz_VizWiz_val_00000389_389
2026-08-17 02:25:23,282 INFO [run_teacher] [1118/1842] vizwiz_VizWiz_val_00000394_394
2026-08-17 02:25:30,563 INFO [run_teacher] [1119/1842] vizwiz_VizWiz_val_00000402_402
2026-08-17 02:25:45,491 INFO [run_teacher] [1120/1842] vizwiz_VizWiz_val_00000404_404
2026-08-17 02:26:02,752 INFO [run_teacher] [1121/1842] vizwiz_VizWiz_val_00000412_412
2026-08-17 02:26:19,472 INFO [run_teacher] [1122/1842] vizwiz_VizWiz_val_00000416_416
2026-08-17 02:26:33,142 INFO [run_teacher] [1123/1842] vizwiz_VizWiz_val_00000421_421
2026-08-17 02:26:47,571 INFO [run_teacher] [1124/1842] vizwiz_VizWiz_val_00000422_422
2026-08-17 02:27:24,500 INFO [run_teacher] [1125/1842] vizwiz_VizWiz_val_00000424_424
2026-08-17 02:27:31,165 INFO [run_teacher] [1126/1842] vizwiz_VizWiz_val_00000426_426
2026-08-17 02:27:59,564 INFO [run_teacher] [1127/1842] vizwiz_VizWiz_val_00000430_430
2026-08-17 02:28:09,985 INFO [run_teacher] [1128/1842] vizwiz_VizWiz_val_00000440_440
2026-08-17 02:28:22,524 INFO [run_teacher] [1129/1842] vizwiz_VizWiz_val_00000441_441
2026-08-17 02:29:00,911 INFO [run_teacher] [1130/1842] vizwiz_VizWiz_val_00000444_444
2026-08-17 02:29:19,371 INFO [run_teacher] [1131/1842] vizwiz_VizWiz_val_00000446_446
2026-08-17 02:29:35,407 INFO [run_teacher] [1132/1842] vizwiz_VizWiz_val_00000458_458
2026-08-17 02:29:40,897 INFO [run_teacher] [1133/1842] vizwiz_VizWiz_val_00000461_461
2026-08-17 02:29:54,343 INFO [run_teacher] [1134/1842] vizwiz_VizWiz_val_00000463_463
2026-08-17 02:30:30,681 INFO [run_teacher] [1135/1842] vizwiz_VizWiz_val_00000465_465
2026-08-17 02:30:50,133 INFO [run_teacher] [1136/1842] vizwiz_VizWiz_val_00000471_471
2026-08-17 02:31:09,876 INFO [run_teacher] [1137/1842] vizwiz_VizWiz_val_00000480_480
2026-08-17 02:31:25,196 INFO [run_teacher] [1138/1842] vizwiz_VizWiz_val_00000483_483
2026-08-17 02:32:05,075 INFO [run_teacher] [1139/1842] vizwiz_VizWiz_val_00000486_486
2026-08-17 02:32:16,771 INFO [run_teacher] [1140/1842] vizwiz_VizWiz_val_00000487_487
2026-08-17 02:32:29,109 INFO [run_teacher] [1141/1842] vizwiz_VizWiz_val_00000491_491
2026-08-17 02:33:41,824 ERROR [run_teacher] Teacher generation failed for vizwiz_VizWiz_val_00000491_491: Mandatory probe observation 'grounding' is invalid (Missing FINAL_ANSWER tag and unable to resolve valid final answer)
Traceback (most recent call last):
  File "/home/aman/ProActive/scripts/run_teacher.py", line 551, in main
    raise ValueError(result.get("invalid_reason") or "invalid teacher row")
ValueError: Mandatory probe observation 'grounding' is invalid (Missing FINAL_ANSWER tag and unable to resolve valid final answer)
2026-08-17 02:33:41,825 INFO [run_teacher] [1142/1842] vizwiz_VizWiz_val_00000493_493
2026-08-17 02:33:53,056 INFO [run_teacher] [1143/1842] vizwiz_VizWiz_val_00000503_503
2026-08-17 02:34:08,676 INFO [run_teacher] [1144/1842] vizwiz_VizWiz_val_00000510_510
2026-08-17 02:34:18,539 INFO [run_teacher] [1145/1842] vizwiz_VizWiz_val_00000514_514
2026-08-17 02:34:34,185 INFO [run_teacher] [1146/1842] vizwiz_VizWiz_val_00000515_515
2026-08-17 02:34:47,897 INFO [run_teacher] [1147/1842] vizwiz_VizWiz_val_00000519_519
2026-08-17 02:35:22,677 INFO [run_teacher] [1148/1842] vizwiz_VizWiz_val_00000525_525
2026-08-17 02:35:32,607 INFO [run_teacher] [1149/1842] vizwiz_VizWiz_val_00000533_533
2026-08-17 02:35:42,021 INFO [run_teacher] [1150/1842] vizwiz_VizWiz_val_00000535_535
2026-08-17 02:35:48,061 INFO [run_teacher] [1151/1842] vizwiz_VizWiz_val_00000543_543
2026-08-17 02:35:54,850 INFO [run_teacher] [1152/1842] vizwiz_VizWiz_val_00000545_545
2026-08-17 02:36:20,434 INFO [run_teacher] [1153/1842] vizwiz_VizWiz_val_00000548_548
2026-08-17 02:36:32,521 INFO [run_teacher] [1154/1842] vizwiz_VizWiz_val_00000550_550
2026-08-17 02:36:43,984 INFO [run_teacher] [1155/1842] vizwiz_VizWiz_val_00000553_553
2026-08-17 02:36:59,812 INFO [run_teacher] [1156/1842] vizwiz_VizWiz_val_00000554_554
2026-08-17 02:37:13,241 INFO [run_teacher] [1157/1842] vizwiz_VizWiz_val_00000561_561
2026-08-17 02:37:29,319 INFO [run_teacher] [1158/1842] vizwiz_VizWiz_val_00000568_568
2026-08-17 02:37:41,024 INFO [run_teacher] [1159/1842] vizwiz_VizWiz_val_00000571_571
2026-08-17 02:38:03,933 INFO [run_teacher] [1160/1842] vizwiz_VizWiz_val_00000578_578
2026-08-17 02:38:14,388 INFO [run_teacher] [1161/1842] vizwiz_VizWiz_val_00000580_580
2026-08-17 02:38:51,026 INFO [run_teacher] [1162/1842] vizwiz_VizWiz_val_00000581_581
2026-08-17 02:39:08,545 INFO [run_teacher] [1163/1842] vizwiz_VizWiz_val_00000582_582
2026-08-17 02:39:34,220 INFO [run_teacher] [1164/1842] vizwiz_VizWiz_val_00000586_586
2026-08-17 02:39:51,264 INFO [run_teacher] [1165/1842] vizwiz_VizWiz_val_00000591_591
2026-08-17 02:40:01,303 INFO [run_teacher] [1166/1842] vizwiz_VizWiz_val_00000592_592
2026-08-17 02:40:16,623 INFO [run_teacher] [1167/1842] vizwiz_VizWiz_val_00000599_599
2026-08-17 02:40:25,295 INFO [run_teacher] [1168/1842] vizwiz_VizWiz_val_00000600_600
2026-08-17 02:40:46,813 INFO [run_teacher] [1169/1842] vizwiz_VizWiz_val_00000601_601
2026-08-17 02:40:56,610 INFO [run_teacher] [1170/1842] vizwiz_VizWiz_val_00000603_603
2026-08-17 02:41:09,905 INFO [run_teacher] [1171/1842] vizwiz_VizWiz_val_00000605_605
2026-08-17 02:41:23,051 INFO [run_teacher] [1172/1842] vizwiz_VizWiz_val_00000606_606
2026-08-17 02:41:32,581 INFO [run_teacher] [1173/1842] vizwiz_VizWiz_val_00000607_607
2026-08-17 02:41:48,327 INFO [run_teacher] [1174/1842] vizwiz_VizWiz_val_00000608_608
2026-08-17 02:42:03,705 INFO [run_teacher] [1175/1842] vizwiz_VizWiz_val_00000609_609
2026-08-17 02:42:29,630 INFO [run_teacher] [1176/1842] vizwiz_VizWiz_val_00000610_610
2026-08-17 02:42:53,663 INFO [run_teacher] [1177/1842] vizwiz_VizWiz_val_00000613_613
2026-08-17 02:43:02,336 INFO [run_teacher] [1178/1842] vizwiz_VizWiz_val_00000616_616
2026-08-17 02:43:13,715 INFO [run_teacher] [1179/1842] vizwiz_VizWiz_val_00000621_621
2026-08-17 02:43:26,411 INFO [run_teacher] [1180/1842] vizwiz_VizWiz_val_00000622_622
2026-08-17 02:44:01,658 INFO [run_teacher] [1181/1842] vizwiz_VizWiz_val_00000623_623
2026-08-17 02:44:14,479 INFO [run_teacher] [1182/1842] vizwiz_VizWiz_val_00000630_630
2026-08-17 02:44:25,967 INFO [run_teacher] [1183/1842] vizwiz_VizWiz_val_00000641_641
2026-08-17 02:44:43,195 INFO [run_teacher] [1184/1842] vizwiz_VizWiz_val_00000642_642
2026-08-17 02:44:53,516 INFO [run_teacher] [1185/1842] vizwiz_VizWiz_val_00000652_652
2026-08-17 02:45:05,912 INFO [run_teacher] [1186/1842] vizwiz_VizWiz_val_00000653_653
2026-08-17 02:45:15,784 INFO [run_teacher] [1187/1842] vizwiz_VizWiz_val_00000654_654
2026-08-17 02:45:37,402 INFO [run_teacher] [1188/1842] vizwiz_VizWiz_val_00000658_658
2026-08-17 02:45:49,340 INFO [run_teacher] [1189/1842] vizwiz_VizWiz_val_00000661_661
2026-08-17 02:46:07,842 INFO [run_teacher] [1190/1842] vizwiz_VizWiz_val_00000666_666
2026-08-17 02:46:20,263 INFO [run_teacher] [1191/1842] vizwiz_VizWiz_val_00000667_667
2026-08-17 02:46:32,342 INFO [run_teacher] [1192/1842] vizwiz_VizWiz_val_00000671_671
2026-08-17 02:46:49,095 INFO [run_teacher] [1193/1842] vizwiz_VizWiz_val_00000678_678
2026-08-17 02:47:02,474 INFO [run_teacher] [1194/1842] vizwiz_VizWiz_val_00000680_680
2026-08-17 02:47:14,537 INFO [run_teacher] [1195/1842] vizwiz_VizWiz_val_00000681_681
2026-08-17 02:47:30,098 INFO [run_teacher] [1196/1842] vizwiz_VizWiz_val_00000682_682
2026-08-17 02:47:44,485 INFO [run_teacher] [1197/1842] vizwiz_VizWiz_val_00000688_688
2026-08-17 02:47:50,500 INFO [run_teacher] [1198/1842] vizwiz_VizWiz_val_00000695_695
2026-08-17 02:47:55,840 INFO [run_teacher] [1199/1842] vizwiz_VizWiz_val_00000698_698
2026-08-17 02:48:12,743 INFO [run_teacher] [1200/1842] vizwiz_VizWiz_val_00000705_705
2026-08-17 02:48:27,505 INFO [run_teacher] [1201/1842] vizwiz_VizWiz_val_00000708_708
2026-08-17 02:48:42,325 INFO [run_teacher] [1202/1842] vizwiz_VizWiz_val_00000711_711
2026-08-17 02:48:57,486 INFO [run_teacher] [1203/1842] vizwiz_VizWiz_val_00000719_719
2026-08-17 02:49:10,308 INFO [run_teacher] [1204/1842] vizwiz_VizWiz_val_00000721_721
2026-08-17 02:49:19,454 INFO [run_teacher] [1205/1842] vizwiz_VizWiz_val_00000726_726
2026-08-17 02:49:26,944 INFO [run_teacher] [1206/1842] vizwiz_VizWiz_val_00000732_732
2026-08-17 02:49:39,914 INFO [run_teacher] [1207/1842] vizwiz_VizWiz_val_00000734_734
2026-08-17 02:49:51,586 INFO [run_teacher] [1208/1842] vizwiz_VizWiz_val_00000736_736
2026-08-17 02:50:07,989 INFO [run_teacher] [1209/1842] vizwiz_VizWiz_val_00000742_742
2026-08-17 02:50:39,586 INFO [run_teacher] [1210/1842] vizwiz_VizWiz_val_00000748_748
2026-08-17 02:50:55,806 INFO [run_teacher] [1211/1842] vizwiz_VizWiz_val_00000751_751
2026-08-17 02:51:06,811 INFO [run_teacher] [1212/1842] vizwiz_VizWiz_val_00000754_754
2026-08-17 02:51:20,324 INFO [run_teacher] [1213/1842] vizwiz_VizWiz_val_00000755_755
2026-08-17 02:51:36,343 INFO [run_teacher] [1214/1842] vizwiz_VizWiz_val_00000757_757
2026-08-17 02:51:52,763 INFO [run_teacher] [1215/1842] vizwiz_VizWiz_val_00000759_759
2026-08-17 02:52:23,736 INFO [run_teacher] [1216/1842] vizwiz_VizWiz_val_00000761_761
2026-08-17 02:52:29,068 INFO [run_teacher] [1217/1842] vizwiz_VizWiz_val_00000769_769
2026-08-17 02:52:37,532 INFO [run_teacher] [1218/1842] vizwiz_VizWiz_val_00000788_788
2026-08-17 02:52:48,744 INFO [run_teacher] [1219/1842] vizwiz_VizWiz_val_00000793_793
2026-08-17 02:53:04,114 INFO [run_teacher] [1220/1842] vizwiz_VizWiz_val_00000794_794
2026-08-17 02:53:18,493 INFO [run_teacher] [1221/1842] vizwiz_VizWiz_val_00000804_804
2026-08-17 02:53:32,438 INFO [run_teacher] [1222/1842] vizwiz_VizWiz_val_00000807_807
2026-08-17 02:53:46,559 INFO [run_teacher] [1223/1842] vizwiz_VizWiz_val_00000811_811
2026-08-17 02:54:03,562 INFO [run_teacher] [1224/1842] vizwiz_VizWiz_val_00000813_813
2026-08-17 02:54:12,150 INFO [run_teacher] [1225/1842] vizwiz_VizWiz_val_00000815_815
2026-08-17 02:54:19,865 INFO [run_teacher] [1226/1842] vizwiz_VizWiz_val_00000818_818
2026-08-17 02:54:32,294 INFO [run_teacher] [1227/1842] vizwiz_VizWiz_val_00000821_821
2026-08-17 02:54:46,956 INFO [run_teacher] [1228/1842] vizwiz_VizWiz_val_00000823_823
2026-08-17 02:55:00,643 INFO [run_teacher] [1229/1842] vizwiz_VizWiz_val_00000825_825
2026-08-17 02:55:12,131 INFO [run_teacher] [1230/1842] vizwiz_VizWiz_val_00000830_830
2026-08-17 02:55:27,259 INFO [run_teacher] [1231/1842] vizwiz_VizWiz_val_00000832_832
2026-08-17 02:55:41,763 INFO [run_teacher] [1232/1842] vizwiz_VizWiz_val_00000835_835
2026-08-17 02:55:50,060 INFO [run_teacher] [1233/1842] vizwiz_VizWiz_val_00000844_844
2026-08-17 02:56:05,205 INFO [run_teacher] [1234/1842] vizwiz_VizWiz_val_00000845_845
2026-08-17 02:56:43,259 INFO [run_teacher] [1235/1842] vizwiz_VizWiz_val_00000853_853
2026-08-17 02:56:55,663 INFO [run_teacher] [1236/1842] vizwiz_VizWiz_val_00000856_856
2026-08-17 02:57:11,442 INFO [run_teacher] [1237/1842] vizwiz_VizWiz_val_00000857_857
2026-08-17 02:57:26,753 INFO [run_teacher] [1238/1842] vizwiz_VizWiz_val_00000858_858
2026-08-17 02:58:08,081 INFO [run_teacher] [1239/1842] vizwiz_VizWiz_val_00000861_861
2026-08-17 02:58:22,551 INFO [run_teacher] [1240/1842] vizwiz_VizWiz_val_00000868_868
2026-08-17 02:58:37,921 INFO [run_teacher] [1241/1842] vizwiz_VizWiz_val_00000871_871
2026-08-17 02:58:51,708 INFO [run_teacher] [1242/1842] vizwiz_VizWiz_val_00000872_872
2026-08-17 02:59:00,122 INFO [run_teacher] [1243/1842] vizwiz_VizWiz_val_00000873_873
2026-08-17 02:59:14,768 INFO [run_teacher] [1244/1842] vizwiz_VizWiz_val_00000876_876
2026-08-17 02:59:22,199 INFO [run_teacher] [1245/1842] vizwiz_VizWiz_val_00000878_878
2026-08-17 02:59:35,369 INFO [run_teacher] [1246/1842] vizwiz_VizWiz_val_00000884_884
2026-08-17 02:59:48,965 INFO [run_teacher] [1247/1842] vizwiz_VizWiz_val_00000896_896
2026-08-17 03:00:25,288 INFO [run_teacher] [1248/1842] vizwiz_VizWiz_val_00000902_902
2026-08-17 03:00:50,746 INFO [run_teacher] [1249/1842] vizwiz_VizWiz_val_00000903_903
2026-08-17 03:01:04,258 INFO [run_teacher] [1250/1842] vizwiz_VizWiz_val_00000908_908
2026-08-17 03:01:19,503 INFO [run_teacher] [1251/1842] vizwiz_VizWiz_val_00000909_909
2026-08-17 03:01:31,858 INFO [run_teacher] [1252/1842] vizwiz_VizWiz_val_00000920_920
2026-08-17 03:01:56,108 INFO [run_teacher] [1253/1842] vizwiz_VizWiz_val_00000925_925
2026-08-17 03:02:06,830 INFO [run_teacher] [1254/1842] vizwiz_VizWiz_val_00000930_930
2026-08-17 03:02:18,759 INFO [run_teacher] [1255/1842] vizwiz_VizWiz_val_00000931_931
2026-08-17 03:02:33,863 INFO [run_teacher] [1256/1842] vizwiz_VizWiz_val_00000935_935
2026-08-17 03:02:43,876 INFO [run_teacher] [1257/1842] vizwiz_VizWiz_val_00000936_936
2026-08-17 03:02:55,631 INFO [run_teacher] [1258/1842] vizwiz_VizWiz_val_00000939_939
2026-08-17 03:03:08,576 INFO [run_teacher] [1259/1842] vizwiz_VizWiz_val_00000941_941
2026-08-17 03:03:18,106 INFO [run_teacher] [1260/1842] vizwiz_VizWiz_val_00000942_942
2026-08-17 03:03:27,303 INFO [run_teacher] [1261/1842] vizwiz_VizWiz_val_00000944_944
2026-08-17 03:03:34,393 INFO [run_teacher] [1262/1842] vizwiz_VizWiz_val_00000945_945
2026-08-17 03:03:43,657 INFO [run_teacher] [1263/1842] vizwiz_VizWiz_val_00000947_947
2026-08-17 03:03:59,410 INFO [run_teacher] [1264/1842] vizwiz_VizWiz_val_00000948_948
2026-08-17 03:04:06,599 INFO [run_teacher] [1265/1842] vizwiz_VizWiz_val_00000950_950
2026-08-17 03:04:25,318 INFO [run_teacher] [1266/1842] vizwiz_VizWiz_val_00000951_951
2026-08-17 03:04:52,167 INFO [run_teacher] [1267/1842] vizwiz_VizWiz_val_00000953_953
2026-08-17 03:05:08,203 INFO [run_teacher] [1268/1842] vizwiz_VizWiz_val_00000956_956
2026-08-17 03:05:19,725 INFO [run_teacher] [1269/1842] vizwiz_VizWiz_val_00000960_960
2026-08-17 03:05:28,480 INFO [run_teacher] [1270/1842] vizwiz_VizWiz_val_00000961_961
2026-08-17 03:05:40,951 INFO [run_teacher] [1271/1842] vizwiz_VizWiz_val_00000971_971
2026-08-17 03:06:22,162 INFO [run_teacher] [1272/1842] vizwiz_VizWiz_val_00000978_978
2026-08-17 03:06:32,217 INFO [run_teacher] [1273/1842] vizwiz_VizWiz_val_00000985_985
2026-08-17 03:06:46,080 INFO [run_teacher] [1274/1842] vizwiz_VizWiz_val_00000989_989
2026-08-17 03:06:54,327 INFO [run_teacher] [1275/1842] vizwiz_VizWiz_val_00000996_996
2026-08-17 03:07:07,406 INFO [run_teacher] [1276/1842] vizwiz_VizWiz_val_00001003_1003
2026-08-17 03:07:23,684 INFO [run_teacher] [1277/1842] vizwiz_VizWiz_val_00001013_1013
2026-08-17 03:07:34,480 INFO [run_teacher] [1278/1842] vizwiz_VizWiz_val_00001014_1014
2026-08-17 03:07:55,757 INFO [run_teacher] [1279/1842] vizwiz_VizWiz_val_00001021_1021
2026-08-17 03:08:09,869 INFO [run_teacher] [1280/1842] vizwiz_VizWiz_val_00001022_1022
2026-08-17 03:08:43,425 INFO [run_teacher] [1281/1842] vizwiz_VizWiz_val_00001025_1025
2026-08-17 03:08:53,705 INFO [run_teacher] [1282/1842] vizwiz_VizWiz_val_00001035_1035
2026-08-17 03:09:20,121 INFO [run_teacher] [1283/1842] vizwiz_VizWiz_val_00001038_1038
2026-08-17 03:09:33,341 INFO [run_teacher] [1284/1842] vizwiz_VizWiz_val_00001042_1042
2026-08-17 03:09:45,879 INFO [run_teacher] [1285/1842] vizwiz_VizWiz_val_00001045_1045
2026-08-17 03:09:55,551 INFO [run_teacher] [1286/1842] vizwiz_VizWiz_val_00001049_1049
2026-08-17 03:11:22,350 ERROR [run_teacher] Teacher generation failed for vizwiz_VizWiz_val_00001049_1049: Mandatory probe observation 'grounding' is invalid (Missing FINAL_ANSWER tag and unable to resolve valid final answer)
Traceback (most recent call last):
  File "/home/aman/ProActive/scripts/run_teacher.py", line 551, in main
    raise ValueError(result.get("invalid_reason") or "invalid teacher row")
ValueError: Mandatory probe observation 'grounding' is invalid (Missing FINAL_ANSWER tag and unable to resolve valid final answer)
2026-08-17 03:11:22,351 INFO [run_teacher] [1287/1842] vizwiz_VizWiz_val_00001050_1050
2026-08-17 03:11:46,714 INFO [run_teacher] [1288/1842] vizwiz_VizWiz_val_00001052_1052
2026-08-17 03:11:56,203 INFO [run_teacher] [1289/1842] vizwiz_VizWiz_val_00001054_1054
2026-08-17 03:12:18,137 INFO [run_teacher] [1290/1842] vizwiz_VizWiz_val_00001055_1055
2026-08-17 03:12:34,148 INFO [run_teacher] [1291/1842] vizwiz_VizWiz_val_00001057_1057
2026-08-17 03:12:44,228 INFO [run_teacher] [1292/1842] vizwiz_VizWiz_val_00001058_1058
2026-08-17 03:12:52,426 INFO [run_teacher] [1293/1842] vizwiz_VizWiz_val_00001060_1060
2026-08-17 03:12:58,166 INFO [run_teacher] [1294/1842] vizwiz_VizWiz_val_00001061_1061
2026-08-17 03:13:10,245 INFO [run_teacher] [1295/1842] vizwiz_VizWiz_val_00001069_1069
2026-08-17 03:13:23,383 INFO [run_teacher] [1296/1842] vizwiz_VizWiz_val_00001074_1074
2026-08-17 03:13:35,620 INFO [run_teacher] [1297/1842] vizwiz_VizWiz_val_00001083_1083
2026-08-17 03:13:50,207 INFO [run_teacher] [1298/1842] vizwiz_VizWiz_val_00001089_1089
2026-08-17 03:14:03,786 INFO [run_teacher] [1299/1842] vizwiz_VizWiz_val_00001092_1092
2026-08-17 03:14:12,917 INFO [run_teacher] [1300/1842] vizwiz_VizWiz_val_00001096_1096
2026-08-17 03:14:36,775 INFO [run_teacher] [1301/1842] vizwiz_VizWiz_val_00001102_1102
2026-08-17 03:15:00,942 INFO [run_teacher] [1302/1842] vizwiz_VizWiz_val_00001104_1104
2026-08-17 03:15:15,329 INFO [run_teacher] [1303/1842] vizwiz_VizWiz_val_00001108_1108
2026-08-17 03:15:36,847 INFO [run_teacher] [1304/1842] vizwiz_VizWiz_val_00001118_1118
2026-08-17 03:15:52,009 INFO [run_teacher] [1305/1842] vizwiz_VizWiz_val_00001125_1125
2026-08-17 03:15:59,423 INFO [run_teacher] [1306/1842] vizwiz_VizWiz_val_00001127_1127
2026-08-17 03:16:13,252 INFO [run_teacher] [1307/1842] vizwiz_VizWiz_val_00001128_1128
2026-08-17 03:16:32,288 INFO [run_teacher] [1308/1842] vizwiz_VizWiz_val_00001132_1132
2026-08-17 03:16:55,222 INFO [run_teacher] [1309/1842] vizwiz_VizWiz_val_00001144_1144
2026-08-17 03:17:05,976 INFO [run_teacher] [1310/1842] vizwiz_VizWiz_val_00001149_1149
2026-08-17 03:17:30,527 INFO [run_teacher] [1311/1842] vizwiz_VizWiz_val_00001150_1150
2026-08-17 03:17:50,270 INFO [run_teacher] [1312/1842] vizwiz_VizWiz_val_00001152_1152
2026-08-17 03:18:08,597 INFO [run_teacher] [1313/1842] vizwiz_VizWiz_val_00001154_1154
2026-08-17 03:18:22,851 INFO [run_teacher] [1314/1842] vizwiz_VizWiz_val_00001157_1157
2026-08-17 03:18:39,770 INFO [run_teacher] [1315/1842] vizwiz_VizWiz_val_00001162_1162
2026-08-17 03:19:31,645 INFO [run_teacher] [1316/1842] vizwiz_VizWiz_val_00001166_1166
2026-08-17 03:19:41,433 INFO [run_teacher] [1317/1842] vizwiz_VizWiz_val_00001167_1167
2026-08-17 03:19:54,196 INFO [run_teacher] [1318/1842] vizwiz_VizWiz_val_00001169_1169
2026-08-17 03:20:07,700 INFO [run_teacher] [1319/1842] vizwiz_VizWiz_val_00001170_1170
2026-08-17 03:20:20,129 INFO [run_teacher] [1320/1842] vizwiz_VizWiz_val_00001171_1171
2026-08-17 03:20:30,634 INFO [run_teacher] [1321/1842] vizwiz_VizWiz_val_00001174_1174
2026-08-17 03:20:36,482 INFO [run_teacher] [1322/1842] vizwiz_VizWiz_val_00001176_1176
2026-08-17 03:20:52,361 INFO [run_teacher] [1323/1842] vizwiz_VizWiz_val_00001180_1180
2026-08-17 03:21:07,772 INFO [run_teacher] [1324/1842] vizwiz_VizWiz_val_00001183_1183
2026-08-17 03:21:18,794 INFO [run_teacher] [1325/1842] vizwiz_VizWiz_val_00001190_1190
2026-08-17 03:21:32,081 INFO [run_teacher] [1326/1842] vizwiz_VizWiz_val_00001193_1193
2026-08-17 03:21:42,286 INFO [run_teacher] [1327/1842] vizwiz_VizWiz_val_00001199_1199
2026-08-17 03:21:48,359 INFO [run_teacher] [1328/1842] vizwiz_VizWiz_val_00001207_1207
2026-08-17 03:21:56,648 INFO [run_teacher] [1329/1842] vizwiz_VizWiz_val_00001210_1210
2026-08-17 03:22:06,178 INFO [run_teacher] [1330/1842] vizwiz_VizWiz_val_00001217_1217
2026-08-17 03:22:21,332 INFO [run_teacher] [1331/1842] vizwiz_VizWiz_val_00001221_1221
2026-08-17 03:22:32,187 INFO [run_teacher] [1332/1842] vizwiz_VizWiz_val_00001235_1235
2026-08-17 03:22:43,766 INFO [run_teacher] [1333/1842] vizwiz_VizWiz_val_00001243_1243
2026-08-17 03:22:49,739 INFO [run_teacher] [1334/1842] vizwiz_VizWiz_val_00001244_1244
2026-08-17 03:22:56,254 INFO [run_teacher] [1335/1842] vizwiz_VizWiz_val_00001266_1266
2026-08-17 03:23:04,259 INFO [run_teacher] [1336/1842] vizwiz_VizWiz_val_00001271_1271
2026-08-17 03:23:16,272 INFO [run_teacher] [1337/1842] vizwiz_VizWiz_val_00001275_1275
2026-08-17 03:23:25,128 INFO [run_teacher] [1338/1842] vizwiz_VizWiz_val_00001293_1293
2026-08-17 03:23:52,452 INFO [run_teacher] [1339/1842] vizwiz_VizWiz_val_00001297_1297
2026-08-17 03:24:00,800 INFO [run_teacher] [1340/1842] vizwiz_VizWiz_val_00001298_1298
2026-08-17 03:24:10,572 INFO [run_teacher] [1341/1842] vizwiz_VizWiz_val_00001300_1300
2026-08-17 03:24:20,927 INFO [run_teacher] [1342/1842] vizwiz_VizWiz_val_00001301_1301
2026-08-17 03:24:31,757 INFO [run_teacher] [1343/1842] vizwiz_VizWiz_val_00001314_1314
2026-08-17 03:24:39,871 INFO [run_teacher] [1344/1842] vizwiz_VizWiz_val_00001315_1315
2026-08-17 03:24:50,110 INFO [run_teacher] [1345/1842] vizwiz_VizWiz_val_00001317_1317
2026-08-17 03:25:00,132 INFO [run_teacher] [1346/1842] vizwiz_VizWiz_val_00001320_1320
2026-08-17 03:25:09,713 INFO [run_teacher] [1347/1842] vizwiz_VizWiz_val_00001333_1333
2026-08-17 03:25:24,374 INFO [run_teacher] [1348/1842] vizwiz_VizWiz_val_00001352_1352
2026-08-17 03:25:37,195 INFO [run_teacher] [1349/1842] vizwiz_VizWiz_val_00001357_1357
2026-08-17 03:25:45,217 INFO [run_teacher] [1350/1842] vizwiz_VizWiz_val_00001361_1361
2026-08-17 03:25:54,814 INFO [run_teacher] [1351/1842] vizwiz_VizWiz_val_00001363_1363
2026-08-17 03:26:03,812 INFO [run_teacher] [1352/1842] vizwiz_VizWiz_val_00001369_1369
2026-08-17 03:26:17,099 INFO [run_teacher] [1353/1842] vizwiz_VizWiz_val_00001371_1371
2026-08-17 03:26:27,113 INFO [run_teacher] [1354/1842] vizwiz_VizWiz_val_00001372_1372
2026-08-17 03:26:37,151 INFO [run_teacher] [1355/1842] vizwiz_VizWiz_val_00001373_1373
2026-08-17 03:26:46,115 INFO [run_teacher] [1356/1842] vizwiz_VizWiz_val_00001376_1376
2026-08-17 03:26:55,412 INFO [run_teacher] [1357/1842] vizwiz_VizWiz_val_00001380_1380
2026-08-17 03:27:04,476 INFO [run_teacher] [1358/1842] vizwiz_VizWiz_val_00001384_1384
2026-08-17 03:27:13,665 INFO [run_teacher] [1359/1842] vizwiz_VizWiz_val_00001385_1385
2026-08-17 03:27:22,303 INFO [run_teacher] [1360/1842] vizwiz_VizWiz_val_00001389_1389
2026-08-17 03:27:30,293 INFO [run_teacher] [1361/1842] vizwiz_VizWiz_val_00001392_1392
2026-08-17 03:27:37,657 INFO [run_teacher] [1362/1842] vizwiz_VizWiz_val_00001402_1402
2026-08-17 03:27:42,922 INFO [run_teacher] [1363/1842] vizwiz_VizWiz_val_00001404_1404
2026-08-17 03:27:57,826 INFO [run_teacher] [1364/1842] vizwiz_VizWiz_val_00001407_1407
2026-08-17 03:28:04,457 INFO [run_teacher] [1365/1842] vizwiz_VizWiz_val_00001409_1409
2026-08-17 03:28:17,587 INFO [run_teacher] [1366/1842] vizwiz_VizWiz_val_00001411_1411
2026-08-17 03:28:33,315 INFO [run_teacher] [1367/1842] vizwiz_VizWiz_val_00001420_1420
2026-08-17 03:28:39,405 INFO [run_teacher] [1368/1842] vizwiz_VizWiz_val_00001423_1423
2026-08-17 03:28:48,910 INFO [run_teacher] [1369/1842] vizwiz_VizWiz_val_00001424_1424
2026-08-17 03:29:01,781 INFO [run_teacher] [1370/1842] vizwiz_VizWiz_val_00001426_1426
2026-08-17 03:29:11,595 INFO [run_teacher] [1371/1842] vizwiz_VizWiz_val_00001429_1429
2026-08-17 03:29:19,117 INFO [run_teacher] [1372/1842] vizwiz_VizWiz_val_00001431_1431
2026-08-17 03:29:34,487 INFO [run_teacher] [1373/1842] vizwiz_VizWiz_val_00001436_1436
2026-08-17 03:30:02,028 INFO [run_teacher] [1374/1842] vizwiz_VizWiz_val_00001440_1440
2026-08-17 03:30:09,484 INFO [run_teacher] [1375/1842] vizwiz_VizWiz_val_00001446_1446
2026-08-17 03:30:20,789 INFO [run_teacher] [1376/1842] vizwiz_VizWiz_val_00001448_1448
2026-08-17 03:30:28,362 INFO [run_teacher] [1377/1842] vizwiz_VizWiz_val_00001455_1455
2026-08-17 03:30:37,076 INFO [run_teacher] [1378/1842] vizwiz_VizWiz_val_00001457_1457
2026-08-17 03:30:48,847 INFO [run_teacher] [1379/1842] vizwiz_VizWiz_val_00001461_1461
2026-08-17 03:30:53,579 INFO [run_teacher] [1380/1842] vizwiz_VizWiz_val_00001462_1462
2026-08-17 03:31:01,285 INFO [run_teacher] [1381/1842] vizwiz_VizWiz_val_00001467_1467
2026-08-17 03:31:09,182 INFO [run_teacher] [1382/1842] vizwiz_VizWiz_val_00001468_1468
2026-08-17 03:31:24,544 INFO [run_teacher] [1383/1842] vizwiz_VizWiz_val_00001469_1469
2026-08-17 03:31:35,507 INFO [run_teacher] [1384/1842] vizwiz_VizWiz_val_00001472_1472
2026-08-17 03:31:41,830 INFO [run_teacher] [1385/1842] vizwiz_VizWiz_val_00001480_1480
2026-08-17 03:31:55,200 INFO [run_teacher] [1386/1842] vizwiz_VizWiz_val_00001488_1488
2026-08-17 03:32:08,354 INFO [run_teacher] [1387/1842] vizwiz_VizWiz_val_00001489_1489
2026-08-17 03:32:23,940 INFO [run_teacher] [1388/1842] vizwiz_VizWiz_val_00001491_1491
2026-08-17 03:32:35,204 INFO [run_teacher] [1389/1842] vizwiz_VizWiz_val_00001494_1494
2026-08-17 03:32:42,684 INFO [run_teacher] [1390/1842] vizwiz_VizWiz_val_00001504_1504
2026-08-17 03:32:57,054 INFO [run_teacher] [1391/1842] vizwiz_VizWiz_val_00001507_1507
2026-08-17 03:33:04,719 INFO [run_teacher] [1392/1842] vizwiz_VizWiz_val_00001523_1523
2026-08-17 03:33:11,042 INFO [run_teacher] [1393/1842] vizwiz_VizWiz_val_00001531_1531
2026-08-17 03:33:25,062 INFO [run_teacher] [1394/1842] vizwiz_VizWiz_val_00001545_1545
2026-08-17 03:33:38,808 INFO [run_teacher] [1395/1842] vizwiz_VizWiz_val_00001547_1547
2026-08-17 03:33:52,628 INFO [run_teacher] [1396/1842] vizwiz_VizWiz_val_00001550_1550
2026-08-17 03:34:04,016 INFO [run_teacher] [1397/1842] vizwiz_VizWiz_val_00001551_1551
2026-08-17 03:34:19,027 INFO [run_teacher] [1398/1842] vizwiz_VizWiz_val_00001552_1552
2026-08-17 03:34:26,250 INFO [run_teacher] [1399/1842] vizwiz_VizWiz_val_00001553_1553
2026-08-17 03:34:38,729 INFO [run_teacher] [1400/1842] vizwiz_VizWiz_val_00001555_1555
2026-08-17 03:34:45,868 INFO [run_teacher] [1401/1842] vizwiz_VizWiz_val_00001559_1559
2026-08-17 03:34:55,490 INFO [run_teacher] [1402/1842] vizwiz_VizWiz_val_00001562_1562
2026-08-17 03:35:05,603 INFO [run_teacher] [1403/1842] vizwiz_VizWiz_val_00001563_1563
2026-08-17 03:35:16,475 INFO [run_teacher] [1404/1842] vizwiz_VizWiz_val_00001568_1568
2026-08-17 03:35:26,147 INFO [run_teacher] [1405/1842] vizwiz_VizWiz_val_00001577_1577
2026-08-17 03:35:43,991 INFO [run_teacher] [1406/1842] vizwiz_VizWiz_val_00001581_1581
2026-08-17 03:35:56,695 INFO [run_teacher] [1407/1842] vizwiz_VizWiz_val_00001582_1582
2026-08-17 03:36:05,025 INFO [run_teacher] [1408/1842] vizwiz_VizWiz_val_00001594_1594
2026-08-17 03:36:11,082 INFO [run_teacher] [1409/1842] vizwiz_VizWiz_val_00001599_1599
2026-08-17 03:36:22,794 INFO [run_teacher] [1410/1842] vizwiz_VizWiz_val_00001601_1601
2026-08-17 03:36:33,008 INFO [run_teacher] [1411/1842] vizwiz_VizWiz_val_00001611_1611
2026-08-17 03:36:45,878 INFO [run_teacher] [1412/1842] vizwiz_VizWiz_val_00001612_1612
2026-08-17 03:36:57,016 INFO [run_teacher] [1413/1842] vizwiz_VizWiz_val_00001613_1613
2026-08-17 03:37:05,130 INFO [run_teacher] [1414/1842] vizwiz_VizWiz_val_00001615_1615
2026-08-17 03:37:20,575 INFO [run_teacher] [1415/1842] vizwiz_VizWiz_val_00001616_1616
2026-08-17 03:37:32,346 INFO [run_teacher] [1416/1842] vizwiz_VizWiz_val_00001620_1620
2026-08-17 03:37:41,401 INFO [run_teacher] [1417/1842] vizwiz_VizWiz_val_00001625_1625
2026-08-17 03:37:55,313 INFO [run_teacher] [1418/1842] vizwiz_VizWiz_val_00001626_1626
2026-08-17 03:38:03,036 INFO [run_teacher] [1419/1842] vizwiz_VizWiz_val_00001634_1634
2026-08-17 03:38:21,055 INFO [run_teacher] [1420/1842] vizwiz_VizWiz_val_00001637_1637
2026-08-17 03:38:30,860 INFO [run_teacher] [1421/1842] vizwiz_VizWiz_val_00001643_1643
2026-08-17 03:38:39,990 INFO [run_teacher] [1422/1842] vizwiz_VizWiz_val_00001644_1644
2026-08-17 03:39:06,864 INFO [run_teacher] [1423/1842] vizwiz_VizWiz_val_00001645_1645
2026-08-17 03:39:14,745 INFO [run_teacher] [1424/1842] vizwiz_VizWiz_val_00001655_1655
2026-08-17 03:39:27,807 INFO [run_teacher] [1425/1842] vizwiz_VizWiz_val_00001660_1660
2026-08-17 03:40:01,037 INFO [run_teacher] [1426/1842] vizwiz_VizWiz_val_00001665_1665
2026-08-17 03:40:08,777 INFO [run_teacher] [1427/1842] vizwiz_VizWiz_val_00001666_1666
2026-08-17 03:40:18,707 INFO [run_teacher] [1428/1842] vizwiz_VizWiz_val_00001667_1667
2026-08-17 03:40:28,845 INFO [run_teacher] [1429/1842] vizwiz_VizWiz_val_00001670_1670
2026-08-17 03:40:49,746 INFO [run_teacher] [1430/1842] vizwiz_VizWiz_val_00001673_1673
2026-08-17 03:40:57,785 INFO [run_teacher] [1431/1842] vizwiz_VizWiz_val_00001686_1686
2026-08-17 03:41:13,671 INFO [run_teacher] [1432/1842] vizwiz_VizWiz_val_00001687_1687
2026-08-17 03:41:27,242 INFO [run_teacher] [1433/1842] vizwiz_VizWiz_val_00001694_1694
2026-08-17 03:41:43,054 INFO [run_teacher] [1434/1842] vizwiz_VizWiz_val_00001703_1703
2026-08-17 03:41:52,892 INFO [run_teacher] [1435/1842] vizwiz_VizWiz_val_00001710_1710
2026-08-17 03:42:05,038 INFO [run_teacher] [1436/1842] vizwiz_VizWiz_val_00001716_1716
2026-08-17 03:42:14,177 INFO [run_teacher] [1437/1842] vizwiz_VizWiz_val_00001717_1717
2026-08-17 03:42:21,482 INFO [run_teacher] [1438/1842] vizwiz_VizWiz_val_00001722_1722
2026-08-17 03:42:28,888 INFO [run_teacher] [1439/1842] vizwiz_VizWiz_val_00001729_1729
2026-08-17 03:42:43,117 INFO [run_teacher] [1440/1842] vizwiz_VizWiz_val_00001732_1732
2026-08-17 03:42:58,253 INFO [run_teacher] [1441/1842] vizwiz_VizWiz_val_00001733_1733
2026-08-17 03:43:09,366 INFO [run_teacher] [1442/1842] vizwiz_VizWiz_val_00001734_1734
2026-08-17 03:43:20,413 INFO [run_teacher] [1443/1842] vizwiz_VizWiz_val_00001743_1743
2026-08-17 03:43:33,267 INFO [run_teacher] [1444/1842] vizwiz_VizWiz_val_00001745_1745
2026-08-17 03:43:45,521 INFO [run_teacher] [1445/1842] vizwiz_VizWiz_val_00001746_1746
2026-08-17 03:44:00,158 INFO [run_teacher] [1446/1842] vizwiz_VizWiz_val_00001749_1749
2026-08-17 03:44:10,196 INFO [run_teacher] [1447/1842] vizwiz_VizWiz_val_00001753_1753
2026-08-17 03:44:22,117 INFO [run_teacher] [1448/1842] vizwiz_VizWiz_val_00001767_1767
2026-08-17 03:44:34,138 INFO [run_teacher] [1449/1842] vizwiz_VizWiz_val_00001769_1769
2026-08-17 03:44:52,115 INFO [run_teacher] [1450/1842] vizwiz_VizWiz_val_00001770_1770
2026-08-17 03:45:20,156 INFO [run_teacher] [1451/1842] vizwiz_VizWiz_val_00001773_1773
2026-08-17 03:46:11,130 INFO [run_teacher] [1452/1842] vizwiz_VizWiz_val_00001775_1775
2026-08-17 03:46:22,168 INFO [run_teacher] [1453/1842] vizwiz_VizWiz_val_00001777_1777
2026-08-17 03:46:29,282 INFO [run_teacher] [1454/1842] vizwiz_VizWiz_val_00001778_1778
2026-08-17 03:46:39,312 INFO [run_teacher] [1455/1842] vizwiz_VizWiz_val_00001779_1779
2026-08-17 03:46:48,767 INFO [run_teacher] [1456/1842] vizwiz_VizWiz_val_00001786_1786
2026-08-17 03:46:58,056 INFO [run_teacher] [1457/1842] vizwiz_VizWiz_val_00001790_1790
2026-08-17 03:47:11,834 INFO [run_teacher] [1458/1842] vizwiz_VizWiz_val_00001792_1792
2026-08-17 03:47:30,195 INFO [run_teacher] [1459/1842] vizwiz_VizWiz_val_00001812_1812
2026-08-17 03:47:46,831 INFO [run_teacher] [1460/1842] vizwiz_VizWiz_val_00001821_1821
2026-08-17 03:47:59,077 INFO [run_teacher] [1461/1842] vizwiz_VizWiz_val_00001822_1822
2026-08-17 03:48:12,172 INFO [run_teacher] [1462/1842] vizwiz_VizWiz_val_00001827_1827
2026-08-17 03:48:20,078 INFO [run_teacher] [1463/1842] vizwiz_VizWiz_val_00001830_1830
2026-08-17 03:48:33,565 INFO [run_teacher] [1464/1842] vizwiz_VizWiz_val_00001834_1834
2026-08-17 03:48:43,612 INFO [run_teacher] [1465/1842] vizwiz_VizWiz_val_00001838_1838
2026-08-17 03:48:50,493 INFO [run_teacher] [1466/1842] vizwiz_VizWiz_val_00001840_1840
2026-08-17 03:48:57,865 INFO [run_teacher] [1467/1842] vizwiz_VizWiz_val_00001848_1848
2026-08-17 03:49:06,454 INFO [run_teacher] [1468/1842] vizwiz_VizWiz_val_00001852_1852
2026-08-17 03:49:17,084 INFO [run_teacher] [1469/1842] vizwiz_VizWiz_val_00001861_1861
2026-08-17 03:49:25,923 INFO [run_teacher] [1470/1842] vizwiz_VizWiz_val_00001871_1871
2026-08-17 03:49:37,794 INFO [run_teacher] [1471/1842] vizwiz_VizWiz_val_00001878_1878
2026-08-17 03:49:46,416 INFO [run_teacher] [1472/1842] vizwiz_VizWiz_val_00001880_1880
2026-08-17 03:49:55,838 INFO [run_teacher] [1473/1842] vizwiz_VizWiz_val_00001886_1886
2026-08-17 03:50:07,443 INFO [run_teacher] [1474/1842] vizwiz_VizWiz_val_00001893_1893
2026-08-17 03:50:13,366 INFO [run_teacher] [1475/1842] vizwiz_VizWiz_val_00001900_1900
2026-08-17 03:50:30,801 INFO [run_teacher] [1476/1842] vizwiz_VizWiz_val_00001909_1909
2026-08-17 03:50:38,324 INFO [run_teacher] [1477/1842] vizwiz_VizWiz_val_00001911_1911
2026-08-17 03:50:43,797 INFO [run_teacher] [1478/1842] vizwiz_VizWiz_val_00001912_1912
2026-08-17 03:50:54,427 INFO [run_teacher] [1479/1842] vizwiz_VizWiz_val_00001923_1923
2026-08-17 03:51:05,115 INFO [run_teacher] [1480/1842] vizwiz_VizWiz_val_00001924_1924
2026-08-17 03:51:15,912 INFO [run_teacher] [1481/1842] vizwiz_VizWiz_val_00001925_1925
2026-08-17 03:51:25,966 INFO [run_teacher] [1482/1842] vizwiz_VizWiz_val_00001926_1926
2026-08-17 03:51:50,025 INFO [run_teacher] [1483/1842] vizwiz_VizWiz_val_00001927_1927
2026-08-17 03:51:58,572 INFO [run_teacher] [1484/1842] vizwiz_VizWiz_val_00001929_1929
2026-08-17 03:52:10,035 INFO [run_teacher] [1485/1842] vizwiz_VizWiz_val_00001931_1931
2026-08-17 03:52:19,748 INFO [run_teacher] [1486/1842] vizwiz_VizWiz_val_00001938_1938
2026-08-17 03:52:29,029 INFO [run_teacher] [1487/1842] vizwiz_VizWiz_val_00001939_1939
2026-08-17 03:52:48,814 INFO [run_teacher] [1488/1842] vizwiz_VizWiz_val_00001940_1940
2026-08-17 03:52:59,493 INFO [run_teacher] [1489/1842] vizwiz_VizWiz_val_00001941_1941
2026-08-17 03:53:12,531 INFO [run_teacher] [1490/1842] vizwiz_VizWiz_val_00001947_1947
2026-08-17 03:53:20,370 INFO [run_teacher] [1491/1842] vizwiz_VizWiz_val_00001950_1950
2026-08-17 03:53:25,218 INFO [run_teacher] [1492/1842] vizwiz_VizWiz_val_00001953_1953
2026-08-17 03:53:41,363 INFO [run_teacher] [1493/1842] vizwiz_VizWiz_val_00001961_1961
2026-08-17 03:54:00,331 INFO [run_teacher] [1494/1842] vizwiz_VizWiz_val_00001963_1963
2026-08-17 03:54:07,437 INFO [run_teacher] [1495/1842] vizwiz_VizWiz_val_00001969_1969
2026-08-17 03:54:24,132 INFO [run_teacher] [1496/1842] vizwiz_VizWiz_val_00001970_1970
2026-08-17 03:54:35,744 INFO [run_teacher] [1497/1842] vizwiz_VizWiz_val_00001971_1971
2026-08-17 03:54:49,281 INFO [run_teacher] [1498/1842] vizwiz_VizWiz_val_00001973_1973
2026-08-17 03:54:57,154 INFO [run_teacher] [1499/1842] vizwiz_VizWiz_val_00001984_1984
2026-08-17 03:55:09,517 INFO [run_teacher] [1500/1842] vizwiz_VizWiz_val_00001986_1986
2026-08-17 03:55:25,769 INFO [run_teacher] [1501/1842] vizwiz_VizWiz_val_00002000_2000
2026-08-17 03:55:34,941 INFO [run_teacher] [1502/1842] vizwiz_VizWiz_val_00002002_2002
2026-08-17 03:55:46,429 INFO [run_teacher] [1503/1842] vizwiz_VizWiz_val_00002007_2007
2026-08-17 03:55:57,125 INFO [run_teacher] [1504/1842] vizwiz_VizWiz_val_00002016_2016
2026-08-17 03:56:34,971 INFO [run_teacher] [1505/1842] vizwiz_VizWiz_val_00002017_2017
2026-08-17 03:56:51,240 INFO [run_teacher] [1506/1842] vizwiz_VizWiz_val_00002019_2019
2026-08-17 03:57:04,494 INFO [run_teacher] [1507/1842] vizwiz_VizWiz_val_00002024_2024
2026-08-17 03:57:14,141 INFO [run_teacher] [1508/1842] vizwiz_VizWiz_val_00002030_2030
2026-08-17 03:57:20,714 INFO [run_teacher] [1509/1842] vizwiz_VizWiz_val_00002034_2034
2026-08-17 03:57:36,850 INFO [run_teacher] [1510/1842] vizwiz_VizWiz_val_00002037_2037
2026-08-17 03:57:48,804 INFO [run_teacher] [1511/1842] vizwiz_VizWiz_val_00002039_2039
2026-08-17 03:58:01,058 INFO [run_teacher] [1512/1842] vizwiz_VizWiz_val_00002042_2042
2026-08-17 03:58:13,171 INFO [run_teacher] [1513/1842] vizwiz_VizWiz_val_00002047_2047
2026-08-17 03:58:34,072 INFO [run_teacher] [1514/1842] vizwiz_VizWiz_val_00002048_2048
2026-08-17 03:58:48,709 INFO [run_teacher] [1515/1842] vizwiz_VizWiz_val_00002054_2054
2026-08-17 03:59:09,811 INFO [run_teacher] [1516/1842] vizwiz_VizWiz_val_00002057_2057
2026-08-17 03:59:18,583 INFO [run_teacher] [1517/1842] vizwiz_VizWiz_val_00002059_2059
2026-08-17 03:59:34,461 INFO [run_teacher] [1518/1842] vizwiz_VizWiz_val_00002060_2060
2026-08-17 03:59:42,483 INFO [run_teacher] [1519/1842] vizwiz_VizWiz_val_00002065_2065
2026-08-17 04:00:02,126 INFO [run_teacher] [1520/1842] vizwiz_VizWiz_val_00002066_2066
2026-08-17 04:00:20,961 INFO [run_teacher] [1521/1842] vizwiz_VizWiz_val_00002067_2067
2026-08-17 04:00:34,216 INFO [run_teacher] [1522/1842] vizwiz_VizWiz_val_00002069_2069
2026-08-17 04:00:53,509 INFO [run_teacher] [1523/1842] vizwiz_VizWiz_val_00002070_2070
2026-08-17 04:01:02,972 INFO [run_teacher] [1524/1842] vizwiz_VizWiz_val_00002075_2075
2026-08-17 04:01:12,861 INFO [run_teacher] [1525/1842] vizwiz_VizWiz_val_00002082_2082
2026-08-17 04:01:28,072 INFO [run_teacher] [1526/1842] vizwiz_VizWiz_val_00002083_2083
2026-08-17 04:01:42,592 INFO [run_teacher] [1527/1842] vizwiz_VizWiz_val_00002084_2084
2026-08-17 04:01:53,239 INFO [run_teacher] [1528/1842] vizwiz_VizWiz_val_00002089_2089
2026-08-17 04:02:15,531 INFO [run_teacher] [1529/1842] vizwiz_VizWiz_val_00002090_2090
2026-08-17 04:02:25,220 INFO [run_teacher] [1530/1842] vizwiz_VizWiz_val_00002092_2092
2026-08-17 04:02:32,601 INFO [run_teacher] [1531/1842] vizwiz_VizWiz_val_00002094_2094
2026-08-17 04:02:45,538 INFO [run_teacher] [1532/1842] vizwiz_VizWiz_val_00002098_2098
2026-08-17 04:02:52,269 INFO [run_teacher] [1533/1842] vizwiz_VizWiz_val_00002102_2102
2026-08-17 04:03:02,324 INFO [run_teacher] [1534/1842] vizwiz_VizWiz_val_00002109_2109
2026-08-17 04:03:13,470 INFO [run_teacher] [1535/1842] vizwiz_VizWiz_val_00002125_2125
2026-08-17 04:03:20,851 INFO [run_teacher] [1536/1842] vizwiz_VizWiz_val_00002129_2129
2026-08-17 04:03:30,098 INFO [run_teacher] [1537/1842] vizwiz_VizWiz_val_00002131_2131
2026-08-17 04:03:38,378 INFO [run_teacher] [1538/1842] vizwiz_VizWiz_val_00002132_2132
2026-08-17 04:03:49,642 INFO [run_teacher] [1539/1842] vizwiz_VizWiz_val_00002134_2134
2026-08-17 04:03:57,081 INFO [run_teacher] [1540/1842] vizwiz_VizWiz_val_00002135_2135
2026-08-17 04:04:07,311 INFO [run_teacher] [1541/1842] vizwiz_VizWiz_val_00002147_2147
2026-08-17 04:04:18,573 INFO [run_teacher] [1542/1842] vizwiz_VizWiz_val_00002149_2149
2026-08-17 04:04:29,003 INFO [run_teacher] [1543/1842] vizwiz_VizWiz_val_00002154_2154
2026-08-17 04:04:40,599 INFO [run_teacher] [1544/1842] vizwiz_VizWiz_val_00002157_2157
2026-08-17 04:04:51,546 INFO [run_teacher] [1545/1842] vizwiz_VizWiz_val_00002168_2168
2026-08-17 04:05:01,359 INFO [run_teacher] [1546/1842] vizwiz_VizWiz_val_00002170_2170
2026-08-17 04:05:09,173 INFO [run_teacher] [1547/1842] vizwiz_VizWiz_val_00002175_2175
2026-08-17 04:05:22,019 INFO [run_teacher] [1548/1842] vizwiz_VizWiz_val_00002182_2182
2026-08-17 04:05:34,198 INFO [run_teacher] [1549/1842] vizwiz_VizWiz_val_00002185_2185
2026-08-17 04:05:48,060 INFO [run_teacher] [1550/1842] vizwiz_VizWiz_val_00002188_2188
2026-08-17 04:06:05,663 INFO [run_teacher] [1551/1842] vizwiz_VizWiz_val_00002192_2192
2026-08-17 04:06:16,259 INFO [run_teacher] [1552/1842] vizwiz_VizWiz_val_00002195_2195
2026-08-17 04:06:26,314 INFO [run_teacher] [1553/1842] vizwiz_VizWiz_val_00002197_2197
2026-08-17 04:06:36,269 INFO [run_teacher] [1554/1842] vizwiz_VizWiz_val_00002201_2201
2026-08-17 04:06:50,098 INFO [run_teacher] [1555/1842] vizwiz_VizWiz_val_00002202_2202
2026-08-17 04:07:02,460 INFO [run_teacher] [1556/1842] vizwiz_VizWiz_val_00002204_2204
2026-08-17 04:07:10,241 INFO [run_teacher] [1557/1842] vizwiz_VizWiz_val_00002212_2212
2026-08-17 04:07:26,636 INFO [run_teacher] [1558/1842] vizwiz_VizWiz_val_00002222_2222
2026-08-17 04:07:47,487 INFO [run_teacher] [1559/1842] vizwiz_VizWiz_val_00002227_2227
2026-08-17 04:08:02,957 INFO [run_teacher] [1560/1842] vizwiz_VizWiz_val_00002233_2233
2026-08-17 04:08:14,520 INFO [run_teacher] [1561/1842] vizwiz_VizWiz_val_00002247_2247
2026-08-17 04:08:28,198 INFO [run_teacher] [1562/1842] vizwiz_VizWiz_val_00002248_2248
2026-08-17 04:08:38,378 INFO [run_teacher] [1563/1842] vizwiz_VizWiz_val_00002254_2254
2026-08-17 04:08:45,018 INFO [run_teacher] [1564/1842] vizwiz_VizWiz_val_00002256_2256
2026-08-17 04:08:58,105 INFO [run_teacher] [1565/1842] vizwiz_VizWiz_val_00002263_2263
2026-08-17 04:09:11,367 INFO [run_teacher] [1566/1842] vizwiz_VizWiz_val_00002264_2264
2026-08-17 04:09:23,705 INFO [run_teacher] [1567/1842] vizwiz_VizWiz_val_00002267_2267
2026-08-17 04:09:38,133 INFO [run_teacher] [1568/1842] vizwiz_VizWiz_val_00002269_2269
2026-08-17 04:09:48,671 INFO [run_teacher] [1569/1842] vizwiz_VizWiz_val_00002272_2272
2026-08-17 04:10:00,742 INFO [run_teacher] [1570/1842] vizwiz_VizWiz_val_00002275_2275
2026-08-17 04:10:07,940 INFO [run_teacher] [1571/1842] vizwiz_VizWiz_val_00002279_2279
2026-08-17 04:10:22,252 INFO [run_teacher] [1572/1842] vizwiz_VizWiz_val_00002285_2285
2026-08-17 04:10:37,247 INFO [run_teacher] [1573/1842] vizwiz_VizWiz_val_00002290_2290
2026-08-17 04:10:49,626 INFO [run_teacher] [1574/1842] vizwiz_VizWiz_val_00002292_2292
2026-08-17 04:10:55,882 INFO [run_teacher] [1575/1842] vizwiz_VizWiz_val_00002301_2301
2026-08-17 04:11:05,246 INFO [run_teacher] [1576/1842] vizwiz_VizWiz_val_00002313_2313
2026-08-17 04:11:19,799 INFO [run_teacher] [1577/1842] vizwiz_VizWiz_val_00002314_2314
2026-08-17 04:11:27,455 INFO [run_teacher] [1578/1842] vizwiz_VizWiz_val_00002319_2319
2026-08-17 04:11:38,593 INFO [run_teacher] [1579/1842] vizwiz_VizWiz_val_00002326_2326
2026-08-17 04:11:48,398 INFO [run_teacher] [1580/1842] vizwiz_VizWiz_val_00002328_2328
2026-08-17 04:12:19,654 INFO [run_teacher] [1581/1842] vizwiz_VizWiz_val_00002338_2338
2026-08-17 04:12:28,259 INFO [run_teacher] [1582/1842] vizwiz_VizWiz_val_00002344_2344
2026-08-17 04:12:34,815 INFO [run_teacher] [1583/1842] vizwiz_VizWiz_val_00002345_2345
2026-08-17 04:12:44,962 INFO [run_teacher] [1584/1842] vizwiz_VizWiz_val_00002350_2350
2026-08-17 04:12:49,952 INFO [run_teacher] [1585/1842] vizwiz_VizWiz_val_00002351_2351
2026-08-17 04:13:00,973 INFO [run_teacher] [1586/1842] vizwiz_VizWiz_val_00002352_2352
2026-08-17 04:13:07,246 INFO [run_teacher] [1587/1842] vizwiz_VizWiz_val_00002353_2353
2026-08-17 04:13:17,677 INFO [run_teacher] [1588/1842] vizwiz_VizWiz_val_00002355_2355
2026-08-17 04:13:30,280 INFO [run_teacher] [1589/1842] vizwiz_VizWiz_val_00002356_2356
2026-08-17 04:13:37,536 INFO [run_teacher] [1590/1842] vizwiz_VizWiz_val_00002357_2357
2026-08-17 04:13:48,308 INFO [run_teacher] [1591/1842] vizwiz_VizWiz_val_00002358_2358
2026-08-17 04:14:05,435 INFO [run_teacher] [1592/1842] vizwiz_VizWiz_val_00002363_2363
2026-08-17 04:14:15,149 INFO [run_teacher] [1593/1842] vizwiz_VizWiz_val_00002369_2369
2026-08-17 04:14:27,361 INFO [run_teacher] [1594/1842] vizwiz_VizWiz_val_00002371_2371
2026-08-17 04:14:36,758 INFO [run_teacher] [1595/1842] vizwiz_VizWiz_val_00002374_2374
2026-08-17 04:15:52,540 INFO [run_teacher] [1596/1842] vizwiz_VizWiz_val_00002375_2375
2026-08-17 04:16:03,662 INFO [run_teacher] [1597/1842] vizwiz_VizWiz_val_00002377_2377
2026-08-17 04:16:09,127 INFO [run_teacher] [1598/1842] vizwiz_VizWiz_val_00002381_2381
2026-08-17 04:16:28,221 INFO [run_teacher] [1599/1842] vizwiz_VizWiz_val_00002388_2388
2026-08-17 04:16:34,668 INFO [run_teacher] [1600/1842] vizwiz_VizWiz_val_00002389_2389
2026-08-17 04:16:47,023 INFO [run_teacher] [1601/1842] vizwiz_VizWiz_val_00002394_2394
2026-08-17 04:17:01,734 INFO [run_teacher] [1602/1842] vizwiz_VizWiz_val_00002399_2399
2026-08-17 04:17:16,521 INFO [run_teacher] [1603/1842] vizwiz_VizWiz_val_00002400_2400
2026-08-17 04:17:25,326 INFO [run_teacher] [1604/1842] vizwiz_VizWiz_val_00002402_2402
2026-08-17 04:17:33,765 INFO [run_teacher] [1605/1842] vizwiz_VizWiz_val_00002418_2418
2026-08-17 04:17:43,470 INFO [run_teacher] [1606/1842] vizwiz_VizWiz_val_00002422_2422
2026-08-17 04:17:55,083 INFO [run_teacher] [1607/1842] vizwiz_VizWiz_val_00002427_2427
2026-08-17 04:18:05,071 INFO [run_teacher] [1608/1842] vizwiz_VizWiz_val_00002434_2434
2026-08-17 04:18:13,169 INFO [run_teacher] [1609/1842] vizwiz_VizWiz_val_00002437_2437
2026-08-17 04:18:25,665 INFO [run_teacher] [1610/1842] vizwiz_VizWiz_val_00002441_2441
2026-08-17 04:18:31,763 INFO [run_teacher] [1611/1842] vizwiz_VizWiz_val_00002443_2443
2026-08-17 04:18:42,317 INFO [run_teacher] [1612/1842] vizwiz_VizWiz_val_00002446_2446
2026-08-17 04:18:53,330 INFO [run_teacher] [1613/1842] vizwiz_VizWiz_val_00002453_2453
2026-08-17 04:19:03,285 INFO [run_teacher] [1614/1842] vizwiz_VizWiz_val_00002459_2459
2026-08-17 04:19:11,832 INFO [run_teacher] [1615/1842] vizwiz_VizWiz_val_00002463_2463
2026-08-17 04:19:39,206 INFO [run_teacher] [1616/1842] vizwiz_VizWiz_val_00002464_2464
2026-08-17 04:19:46,221 INFO [run_teacher] [1617/1842] vizwiz_VizWiz_val_00002466_2466
2026-08-17 04:20:00,666 INFO [run_teacher] [1618/1842] vizwiz_VizWiz_val_00002468_2468
2026-08-17 04:20:06,806 INFO [run_teacher] [1619/1842] vizwiz_VizWiz_val_00002473_2473
2026-08-17 04:20:18,418 INFO [run_teacher] [1620/1842] vizwiz_VizWiz_val_00002476_2476
2026-08-17 04:20:33,022 INFO [run_teacher] [1621/1842] vizwiz_VizWiz_val_00002479_2479
2026-08-17 04:20:43,951 INFO [run_teacher] [1622/1842] vizwiz_VizWiz_val_00002489_2489
2026-08-17 04:20:57,497 INFO [run_teacher] [1623/1842] vizwiz_VizWiz_val_00002495_2495
2026-08-17 04:21:05,603 INFO [run_teacher] [1624/1842] vizwiz_VizWiz_val_00002515_2515
2026-08-17 04:21:13,800 INFO [run_teacher] [1625/1842] vizwiz_VizWiz_val_00002516_2516
2026-08-17 04:21:27,345 INFO [run_teacher] [1626/1842] vizwiz_VizWiz_val_00002518_2518
2026-08-17 04:21:40,624 INFO [run_teacher] [1627/1842] vizwiz_VizWiz_val_00002520_2520
2026-08-17 04:21:49,205 INFO [run_teacher] [1628/1842] vizwiz_VizWiz_val_00002521_2521
2026-08-17 04:21:56,735 INFO [run_teacher] [1629/1842] vizwiz_VizWiz_val_00002522_2522
2026-08-17 04:22:09,931 INFO [run_teacher] [1630/1842] vizwiz_VizWiz_val_00002524_2524
2026-08-17 04:22:19,078 INFO [run_teacher] [1631/1842] vizwiz_VizWiz_val_00002526_2526
2026-08-17 04:22:26,059 INFO [run_teacher] [1632/1842] vizwiz_VizWiz_val_00002529_2529
2026-08-17 04:22:42,204 INFO [run_teacher] [1633/1842] vizwiz_VizWiz_val_00002532_2532
2026-08-17 04:22:51,218 INFO [run_teacher] [1634/1842] vizwiz_VizWiz_val_00002537_2537
2026-08-17 04:23:04,588 INFO [run_teacher] [1635/1842] vizwiz_VizWiz_val_00002540_2540
2026-08-17 04:23:12,002 INFO [run_teacher] [1636/1842] vizwiz_VizWiz_val_00002542_2542
2026-08-17 04:23:21,416 INFO [run_teacher] [1637/1842] vizwiz_VizWiz_val_00002544_2544
2026-08-17 04:23:29,779 INFO [run_teacher] [1638/1842] vizwiz_VizWiz_val_00002546_2546
2026-08-17 04:23:37,419 INFO [run_teacher] [1639/1842] vizwiz_VizWiz_val_00002550_2550
2026-08-17 04:23:45,841 INFO [run_teacher] [1640/1842] vizwiz_VizWiz_val_00002554_2554
2026-08-17 04:24:26,177 INFO [run_teacher] [1641/1842] vizwiz_VizWiz_val_00002558_2558
2026-08-17 04:24:32,759 INFO [run_teacher] [1642/1842] vizwiz_VizWiz_val_00002559_2559
2026-08-17 04:24:55,009 INFO [run_teacher] [1643/1842] vizwiz_VizWiz_val_00002560_2560
2026-08-17 04:25:02,432 INFO [run_teacher] [1644/1842] vizwiz_VizWiz_val_00002563_2563
2026-08-17 04:25:17,460 INFO [run_teacher] [1645/1842] vizwiz_VizWiz_val_00002564_2564
2026-08-17 04:25:26,457 INFO [run_teacher] [1646/1842] vizwiz_VizWiz_val_00002565_2565
2026-08-17 04:25:38,220 INFO [run_teacher] [1647/1842] vizwiz_VizWiz_val_00002566_2566
2026-08-17 04:25:42,852 INFO [run_teacher] [1648/1842] vizwiz_VizWiz_val_00002570_2570
2026-08-17 04:25:57,605 INFO [run_teacher] [1649/1842] vizwiz_VizWiz_val_00002578_2578
2026-08-17 04:26:09,518 INFO [run_teacher] [1650/1842] vizwiz_VizWiz_val_00002579_2579
2026-08-17 04:26:22,497 INFO [run_teacher] [1651/1842] vizwiz_VizWiz_val_00002584_2584
2026-08-17 04:26:36,792 INFO [run_teacher] [1652/1842] vizwiz_VizWiz_val_00002587_2587
2026-08-17 04:26:47,772 INFO [run_teacher] [1653/1842] vizwiz_VizWiz_val_00002588_2588
2026-08-17 04:26:56,310 INFO [run_teacher] [1654/1842] vizwiz_VizWiz_val_00002591_2591
2026-08-17 04:27:08,973 INFO [run_teacher] [1655/1842] vizwiz_VizWiz_val_00002593_2593
2026-08-17 04:27:16,978 INFO [run_teacher] [1656/1842] vizwiz_VizWiz_val_00002598_2598
2026-08-17 04:27:25,526 INFO [run_teacher] [1657/1842] vizwiz_VizWiz_val_00002602_2602
2026-08-17 04:27:37,422 INFO [run_teacher] [1658/1842] vizwiz_VizWiz_val_00002604_2604
2026-08-17 04:27:45,760 INFO [run_teacher] [1659/1842] vizwiz_VizWiz_val_00002605_2605
2026-08-17 04:27:59,864 INFO [run_teacher] [1660/1842] vizwiz_VizWiz_val_00002609_2609
2026-08-17 04:28:11,668 INFO [run_teacher] [1661/1842] vizwiz_VizWiz_val_00002612_2612
2026-08-17 04:28:21,049 INFO [run_teacher] [1662/1842] vizwiz_VizWiz_val_00002613_2613
2026-08-17 04:28:37,918 INFO [run_teacher] [1663/1842] vizwiz_VizWiz_val_00002615_2615
2026-08-17 04:28:53,454 INFO [run_teacher] [1664/1842] vizwiz_VizWiz_val_00002617_2617
2026-08-17 04:29:06,500 INFO [run_teacher] [1665/1842] vizwiz_VizWiz_val_00002628_2628
2026-08-17 04:29:39,039 INFO [run_teacher] [1666/1842] vizwiz_VizWiz_val_00002629_2629
2026-08-17 04:29:49,952 INFO [run_teacher] [1667/1842] vizwiz_VizWiz_val_00002630_2630
2026-08-17 04:30:02,764 INFO [run_teacher] [1668/1842] vizwiz_VizWiz_val_00002634_2634
2026-08-17 04:30:13,719 INFO [run_teacher] [1669/1842] vizwiz_VizWiz_val_00002635_2635
2026-08-17 04:30:22,857 INFO [run_teacher] [1670/1842] vizwiz_VizWiz_val_00002641_2641
2026-08-17 04:30:28,847 INFO [run_teacher] [1671/1842] vizwiz_VizWiz_val_00002646_2646
2026-08-17 04:30:37,919 INFO [run_teacher] [1672/1842] vizwiz_VizWiz_val_00002649_2649
2026-08-17 04:30:46,941 INFO [run_teacher] [1673/1842] vizwiz_VizWiz_val_00002671_2671
2026-08-17 04:30:57,171 INFO [run_teacher] [1674/1842] vizwiz_VizWiz_val_00002672_2672
2026-08-17 04:31:06,426 INFO [run_teacher] [1675/1842] vizwiz_VizWiz_val_00002675_2675
2026-08-17 04:31:22,804 INFO [run_teacher] [1676/1842] vizwiz_VizWiz_val_00002683_2683
2026-08-17 04:31:39,590 INFO [run_teacher] [1677/1842] vizwiz_VizWiz_val_00002685_2685
2026-08-17 04:32:36,887 INFO [run_teacher] [1678/1842] vizwiz_VizWiz_val_00002687_2687
2026-08-17 04:32:44,135 INFO [run_teacher] [1679/1842] vizwiz_VizWiz_val_00002695_2695
2026-08-17 04:32:55,148 INFO [run_teacher] [1680/1842] vizwiz_VizWiz_val_00002697_2697
2026-08-17 04:33:07,161 INFO [run_teacher] [1681/1842] vizwiz_VizWiz_val_00002699_2699
2026-08-17 04:33:16,858 INFO [run_teacher] [1682/1842] vizwiz_VizWiz_val_00002701_2701
2026-08-17 04:33:27,554 INFO [run_teacher] [1683/1842] vizwiz_VizWiz_val_00002710_2710
2026-08-17 04:33:35,968 INFO [run_teacher] [1684/1842] vizwiz_VizWiz_val_00002714_2714
2026-08-17 04:33:50,171 INFO [run_teacher] [1685/1842] vizwiz_VizWiz_val_00002715_2715
2026-08-17 04:34:04,775 INFO [run_teacher] [1686/1842] vizwiz_VizWiz_val_00002719_2719
2026-08-17 04:34:17,804 INFO [run_teacher] [1687/1842] vizwiz_VizWiz_val_00002721_2721
2026-08-17 04:34:25,526 INFO [run_teacher] [1688/1842] vizwiz_VizWiz_val_00002728_2728
2026-08-17 04:34:34,773 INFO [run_teacher] [1689/1842] vizwiz_VizWiz_val_00002731_2731
2026-08-17 04:34:46,502 INFO [run_teacher] [1690/1842] vizwiz_VizWiz_val_00002739_2739
2026-08-17 04:34:56,307 INFO [run_teacher] [1691/1842] vizwiz_VizWiz_val_00002744_2744
2026-08-17 04:35:08,637 INFO [run_teacher] [1692/1842] vizwiz_VizWiz_val_00002745_2745
2026-08-17 04:35:18,625 INFO [run_teacher] [1693/1842] vizwiz_VizWiz_val_00002746_2746
2026-08-17 04:35:25,339 INFO [run_teacher] [1694/1842] vizwiz_VizWiz_val_00002748_2748
2026-08-17 04:35:40,859 INFO [run_teacher] [1695/1842] vizwiz_VizWiz_val_00002749_2749
2026-08-17 04:35:52,372 INFO [run_teacher] [1696/1842] vizwiz_VizWiz_val_00002752_2752
2026-08-17 04:35:57,737 INFO [run_teacher] [1697/1842] vizwiz_VizWiz_val_00002753_2753
2026-08-17 04:36:09,600 INFO [run_teacher] [1698/1842] vizwiz_VizWiz_val_00002756_2756
2026-08-17 04:36:20,479 INFO [run_teacher] [1699/1842] vizwiz_VizWiz_val_00002757_2757
2026-08-17 04:36:26,536 INFO [run_teacher] [1700/1842] vizwiz_VizWiz_val_00002758_2758
2026-08-17 04:36:35,466 INFO [run_teacher] [1701/1842] vizwiz_VizWiz_val_00002759_2759
2026-08-17 04:36:43,613 INFO [run_teacher] [1702/1842] vizwiz_VizWiz_val_00002762_2762
2026-08-17 04:36:56,426 INFO [run_teacher] [1703/1842] vizwiz_VizWiz_val_00002764_2764
2026-08-17 04:37:08,638 INFO [run_teacher] [1704/1842] vizwiz_VizWiz_val_00002774_2774
2026-08-17 04:37:22,500 INFO [run_teacher] [1705/1842] vizwiz_VizWiz_val_00002775_2775
2026-08-17 04:37:34,271 INFO [run_teacher] [1706/1842] vizwiz_VizWiz_val_00002776_2776
2026-08-17 04:37:46,884 INFO [run_teacher] [1707/1842] vizwiz_VizWiz_val_00002779_2779
2026-08-17 04:38:04,719 INFO [run_teacher] [1708/1842] vizwiz_VizWiz_val_00002794_2794
2026-08-17 04:38:18,814 INFO [run_teacher] [1709/1842] vizwiz_VizWiz_val_00002797_2797
2026-08-17 04:38:29,486 INFO [run_teacher] [1710/1842] vizwiz_VizWiz_val_00002807_2807
2026-08-17 04:38:39,008 INFO [run_teacher] [1711/1842] vizwiz_VizWiz_val_00002812_2812
2026-08-17 04:38:48,021 INFO [run_teacher] [1712/1842] vizwiz_VizWiz_val_00002813_2813
2026-08-17 04:39:00,076 INFO [run_teacher] [1713/1842] vizwiz_VizWiz_val_00002824_2824
2026-08-17 04:39:10,572 INFO [run_teacher] [1714/1842] vizwiz_VizWiz_val_00002825_2825
2026-08-17 04:39:19,511 INFO [run_teacher] [1715/1842] vizwiz_VizWiz_val_00002826_2826
2026-08-17 04:39:28,566 INFO [run_teacher] [1716/1842] vizwiz_VizWiz_val_00002827_2827
2026-08-17 04:39:44,794 INFO [run_teacher] [1717/1842] vizwiz_VizWiz_val_00002850_2850
2026-08-17 04:40:05,770 INFO [run_teacher] [1718/1842] vizwiz_VizWiz_val_00002851_2851
2026-08-17 04:40:16,392 INFO [run_teacher] [1719/1842] vizwiz_VizWiz_val_00002854_2854
2026-08-17 04:40:29,521 INFO [run_teacher] [1720/1842] vizwiz_VizWiz_val_00002855_2855
2026-08-17 04:40:53,962 INFO [run_teacher] [1721/1842] vizwiz_VizWiz_val_00002856_2856
2026-08-17 04:41:08,382 INFO [run_teacher] [1722/1842] vizwiz_VizWiz_val_00002863_2863
2026-08-17 04:41:18,729 INFO [run_teacher] [1723/1842] vizwiz_VizWiz_val_00002864_2864
2026-08-17 04:41:29,717 INFO [run_teacher] [1724/1842] vizwiz_VizWiz_val_00002867_2867
2026-08-17 04:41:40,447 INFO [run_teacher] [1725/1842] vizwiz_VizWiz_val_00002871_2871
2026-08-17 04:41:47,620 INFO [run_teacher] [1726/1842] vizwiz_VizWiz_val_00002873_2873
2026-08-17 04:42:01,923 INFO [run_teacher] [1727/1842] vizwiz_VizWiz_val_00002877_2877
2026-08-17 04:42:14,752 INFO [run_teacher] [1728/1842] vizwiz_VizWiz_val_00002878_2878
2026-08-17 04:42:24,183 INFO [run_teacher] [1729/1842] vizwiz_VizWiz_val_00002879_2879
2026-08-17 04:42:38,294 INFO [run_teacher] [1730/1842] vizwiz_VizWiz_val_00002880_2880
2026-08-17 04:42:43,001 INFO [run_teacher] [1731/1842] vizwiz_VizWiz_val_00002882_2882
2026-08-17 04:42:52,714 INFO [run_teacher] [1732/1842] vizwiz_VizWiz_val_00002887_2887
2026-08-17 04:42:59,462 INFO [run_teacher] [1733/1842] vizwiz_VizWiz_val_00002889_2889
2026-08-17 04:43:10,650 INFO [run_teacher] [1734/1842] vizwiz_VizWiz_val_00002891_2891
2026-08-17 04:43:21,555 INFO [run_teacher] [1735/1842] vizwiz_VizWiz_val_00002900_2900
2026-08-17 04:43:31,851 INFO [run_teacher] [1736/1842] vizwiz_VizWiz_val_00002908_2908
2026-08-17 04:43:42,206 INFO [run_teacher] [1737/1842] vizwiz_VizWiz_val_00002911_2911
2026-08-17 04:43:58,184 INFO [run_teacher] [1738/1842] vizwiz_VizWiz_val_00002915_2915
2026-08-17 04:44:09,472 INFO [run_teacher] [1739/1842] vizwiz_VizWiz_val_00002925_2925
2026-08-17 04:44:15,303 INFO [run_teacher] [1740/1842] vizwiz_VizWiz_val_00002931_2931
2026-08-17 04:44:32,706 INFO [run_teacher] [1741/1842] vizwiz_VizWiz_val_00002933_2933
2026-08-17 04:44:45,477 INFO [run_teacher] [1742/1842] vizwiz_VizWiz_val_00002935_2935
2026-08-17 04:45:07,128 INFO [run_teacher] [1743/1842] vizwiz_VizWiz_val_00002939_2939
2026-08-17 04:45:19,515 INFO [run_teacher] [1744/1842] vizwiz_VizWiz_val_00002951_2951
2026-08-17 04:45:33,460 INFO [run_teacher] [1745/1842] vizwiz_VizWiz_val_00002959_2959
2026-08-17 04:45:47,789 INFO [run_teacher] [1746/1842] vizwiz_VizWiz_val_00002960_2960
2026-08-17 04:46:01,584 INFO [run_teacher] [1747/1842] vizwiz_VizWiz_val_00002963_2963
2026-08-17 04:46:08,282 INFO [run_teacher] [1748/1842] vizwiz_VizWiz_val_00002965_2965
2026-08-17 04:46:18,287 INFO [run_teacher] [1749/1842] vizwiz_VizWiz_val_00002972_2972
2026-08-17 04:46:26,543 INFO [run_teacher] [1750/1842] vizwiz_VizWiz_val_00002974_2974
2026-08-17 04:46:40,679 INFO [run_teacher] [1751/1842] vizwiz_VizWiz_val_00002977_2977
2026-08-17 04:46:52,750 INFO [run_teacher] [1752/1842] vizwiz_VizWiz_val_00002984_2984
2026-08-17 04:47:00,173 INFO [run_teacher] [1753/1842] vizwiz_VizWiz_val_00002985_2985
2026-08-17 04:47:10,894 INFO [run_teacher] [1754/1842] vizwiz_VizWiz_val_00002988_2988
2026-08-17 04:47:22,965 INFO [run_teacher] [1755/1842] vizwiz_VizWiz_val_00002989_2989
2026-08-17 04:47:30,263 INFO [run_teacher] [1756/1842] vizwiz_VizWiz_val_00002992_2992
2026-08-17 04:47:41,076 INFO [run_teacher] [1757/1842] vizwiz_VizWiz_val_00002996_2996
2026-08-17 04:47:53,014 INFO [run_teacher] [1758/1842] vizwiz_VizWiz_val_00002999_2999
2026-08-17 04:48:05,859 INFO [run_teacher] [1759/1842] vsr_11_11
2026-08-17 04:48:13,607 INFO [run_teacher] [1760/1842] vsr_12_12
2026-08-17 04:48:19,930 INFO [run_teacher] [1761/1842] vsr_18_18
2026-08-17 04:48:25,653 INFO [run_teacher] [1762/1842] vsr_20_20
2026-08-17 04:48:29,635 INFO [run_teacher] [1763/1842] vsr_21_21
2026-08-17 04:48:34,500 INFO [run_teacher] [1764/1842] vsr_24_24
2026-08-17 04:48:38,873 INFO [run_teacher] [1765/1842] vsr_26_26
2026-08-17 04:48:46,005 INFO [run_teacher] [1766/1842] vsr_30_30
2026-08-17 04:48:52,161 INFO [run_teacher] [1767/1842] vsr_31_31
2026-08-17 04:48:57,226 INFO [run_teacher] [1768/1842] vsr_32_32
2026-08-17 04:49:02,716 INFO [run_teacher] [1769/1842] vsr_41_41
2026-08-17 04:49:08,198 INFO [run_teacher] [1770/1842] vsr_50_50
2026-08-17 04:49:13,813 INFO [run_teacher] [1771/1842] vsr_51_51
2026-08-17 04:49:18,961 INFO [run_teacher] [1772/1842] vsr_53_53
2026-08-17 04:49:23,718 INFO [run_teacher] [1773/1842] vsr_55_55
2026-08-17 04:49:29,916 INFO [run_teacher] [1774/1842] vsr_56_56
2026-08-17 04:49:34,264 INFO [run_teacher] [1775/1842] vsr_57_57
2026-08-17 04:49:42,345 INFO [run_teacher] [1776/1842] vsr_63_63
2026-08-17 04:49:46,244 INFO [run_teacher] [1777/1842] vsr_64_64
2026-08-17 04:49:52,242 INFO [run_teacher] [1778/1842] vsr_68_68
2026-08-17 04:49:56,415 INFO [run_teacher] [1779/1842] vsr_70_70
2026-08-17 04:50:00,856 INFO [run_teacher] [1780/1842] vsr_72_72
2026-08-17 04:50:05,862 INFO [run_teacher] [1781/1842] vsr_73_73
2026-08-17 04:50:12,252 INFO [run_teacher] [1782/1842] vsr_85_85
2026-08-17 04:50:17,684 INFO [run_teacher] [1783/1842] vsr_86_86
2026-08-17 04:50:24,956 INFO [run_teacher] [1784/1842] vsr_88_88
2026-08-17 04:50:29,613 INFO [run_teacher] [1785/1842] vsr_95_95
2026-08-17 04:50:34,761 INFO [run_teacher] [1786/1842] vsr_99_99
2026-08-17 04:50:40,451 INFO [run_teacher] [1787/1842] vsr_100_100
2026-08-17 04:50:44,516 INFO [run_teacher] [1788/1842] vsr_110_110
2026-08-17 04:50:49,473 INFO [run_teacher] [1789/1842] vsr_112_112
2026-08-17 04:50:54,738 INFO [run_teacher] [1790/1842] vsr_113_113
2026-08-17 04:51:01,628 INFO [run_teacher] [1791/1842] vsr_117_117
2026-08-17 04:51:05,951 INFO [run_teacher] [1792/1842] vsr_119_119
2026-08-17 04:51:10,800 INFO [run_teacher] [1793/1842] vsr_124_124
2026-08-17 04:51:15,940 INFO [run_teacher] [1794/1842] vsr_125_125
2026-08-17 04:51:21,963 INFO [run_teacher] [1795/1842] vsr_126_126
2026-08-17 04:51:25,945 INFO [run_teacher] [1796/1842] vsr_130_130
2026-08-17 04:51:30,510 INFO [run_teacher] [1797/1842] vsr_140_140
2026-08-17 04:51:35,800 INFO [run_teacher] [1798/1842] vsr_151_151
2026-08-17 04:51:39,865 INFO [run_teacher] [1799/1842] vsr_159_159
2026-08-17 04:51:44,605 INFO [run_teacher] [1800/1842] vsr_160_160
2026-08-17 04:51:48,429 INFO [run_teacher] [1801/1842] vsr_166_166
2026-08-17 04:51:52,170 INFO [run_teacher] [1802/1842] vsr_171_171
2026-08-17 04:51:59,176 INFO [run_teacher] [1803/1842] vsr_174_174
2026-08-17 04:52:05,007 INFO [run_teacher] [1804/1842] vsr_177_177
2026-08-17 04:52:11,963 INFO [run_teacher] [1805/1842] vsr_181_181
2026-08-17 04:52:17,453 INFO [run_teacher] [1806/1842] vsr_186_186
2026-08-17 04:52:22,077 INFO [run_teacher] [1807/1842] vsr_187_187
2026-08-17 04:52:27,241 INFO [run_teacher] [1808/1842] vsr_190_190
2026-08-17 04:52:32,065 INFO [run_teacher] [1809/1842] vsr_202_202
2026-08-17 04:52:36,438 INFO [run_teacher] [1810/1842] vsr_203_203
2026-08-17 04:52:40,529 INFO [run_teacher] [1811/1842] vsr_206_206
2026-08-17 04:52:44,369 INFO [run_teacher] [1812/1842] vsr_214_214
2026-08-17 04:52:48,410 INFO [run_teacher] [1813/1842] vsr_219_219
2026-08-17 04:52:55,132 INFO [run_teacher] [1814/1842] vsr_223_223
2026-08-17 04:53:00,131 INFO [run_teacher] [1815/1842] vsr_231_231
2026-08-17 04:53:04,862 INFO [run_teacher] [1816/1842] vsr_234_234
2026-08-17 04:53:11,019 INFO [run_teacher] [1817/1842] vsr_235_235
2026-08-17 04:53:17,617 INFO [run_teacher] [1818/1842] vsr_246_246
2026-08-17 04:53:23,215 INFO [run_teacher] [1819/1842] vsr_247_247
2026-08-17 04:53:28,671 INFO [run_teacher] [1820/1842] vsr_249_249
2026-08-17 04:53:34,486 INFO [run_teacher] [1821/1842] vsr_255_255
2026-08-17 04:53:40,509 INFO [run_teacher] [1822/1842] vsr_256_256
2026-08-17 04:53:47,057 INFO [run_teacher] [1823/1842] vsr_259_259
2026-08-17 04:53:51,048 INFO [run_teacher] [1824/1842] vsr_261_261
2026-08-17 04:53:56,837 INFO [run_teacher] [1825/1842] vsr_270_270
2026-08-17 04:54:00,769 INFO [run_teacher] [1826/1842] vsr_271_271
2026-08-17 04:54:05,426 INFO [run_teacher] [1827/1842] vsr_272_272
2026-08-17 04:54:09,817 INFO [run_teacher] [1828/1842] vsr_273_273
2026-08-17 04:54:15,757 INFO [run_teacher] [1829/1842] vsr_277_277
2026-08-17 04:54:19,605 INFO [run_teacher] [1830/1842] vsr_278_278
2026-08-17 04:54:24,696 INFO [run_teacher] [1831/1842] vsr_281_281
2026-08-17 04:54:31,310 INFO [run_teacher] [1832/1842] vsr_283_283
2026-08-17 04:54:35,525 INFO [run_teacher] [1833/1842] vsr_284_284
2026-08-17 04:54:39,632 INFO [run_teacher] [1834/1842] vsr_291_291
2026-08-17 04:54:43,947 INFO [run_teacher] [1835/1842] vsr_308_308
2026-08-17 04:54:50,029 INFO [run_teacher] [1836/1842] vsr_309_309
2026-08-17 04:54:54,736 INFO [run_teacher] [1837/1842] vsr_314_314
2026-08-17 04:54:59,243 INFO [run_teacher] [1838/1842] vsr_324_324
2026-08-17 04:55:03,108 INFO [run_teacher] [1839/1842] vsr_330_330
2026-08-17 04:55:07,298 INFO [run_teacher] [1840/1842] vsr_331_331
2026-08-17 04:55:11,355 INFO [run_teacher] [1841/1842] vsr_337_337
2026-08-17 04:55:21,968 INFO [run_teacher] [1842/1842] vsr_339_339
2026-08-17 04:55:28,183 INFO [run_teacher] Shard finished in 16831.0s with 27 failed rows
2026-08-17 04:55:28,184 INFO [run_teacher] Unresolved failure-ledger rows: 27
