2026-08-16 19:50:13,274 INFO [run_teacher] Model: gemma4_e4b (google/gemma-4-E4B-it)
2026-08-16 19:50:13,275 INFO [run_teacher] Shard: 1/4
2026-08-16 19:50:13,275 INFO [run_teacher] Selected rows: 1787; completed: 0; pending: 1787
2026-08-16 19:50:13,275 INFO [run_teacher] Expected remaining forward passes (clean + legal probes): 12535
2026-08-16 19:50:13,275 INFO [run_teacher] Output: outputs/teacher_core/teacher_gemma4_e4b_all_all_shard01-of-04.jsonl
2026-08-16 19:50:13,275 INFO [run_teacher] Current-failure ledger: outputs/teacher_core/teacher_gemma4_e4b_all_all_shard01-of-04.failures.jsonl
2026-08-16 19:50:17,320 INFO [sentence_transformers.base.model] Loading SentenceTransformer model from /home/models/all-MiniLM-L6-v2.
Loading weights:   0%|          | 0/103 [00:00<?, ?it/s]Loading weights: 100%|██████████| 103/103 [00:00<00:00, 48546.28it/s]
[1mBertModel LOAD REPORT[0m from: /home/models/all-MiniLM-L6-v2
Key                     | Status     |  | 
------------------------+------------+--+-
embeddings.position_ids | UNEXPECTED |  | 

Notes:
- UNEXPECTED:	can be ignored when loading from different task/architecture; not ok if you expect identical arch.
2026-08-16 19:50:17,818 INFO [proactive.features.semantic] Loaded SemanticMatcher from local dir: /home/models/all-MiniLM-L6-v2
2026-08-16 19:50:17,819 INFO [run_teacher] Loading model on cuda:0
Loading weights:   0%|          | 0/2076 [00:00<?, ?it/s]Loading weights:  17%|█▋        | 346/2076 [00:00<00:00, 3441.62it/s]Loading weights:  33%|███▎      | 691/2076 [00:00<00:00, 3165.62it/s]Loading weights:  49%|████▊     | 1010/2076 [00:01<00:02, 469.97it/s]Loading weights:  58%|█████▊    | 1194/2076 [00:02<00:01, 471.66it/s]Loading weights:  64%|██████▍   | 1324/2076 [00:02<00:01, 465.93it/s]Loading weights:  69%|██████▊   | 1423/2076 [00:02<00:01, 471.90it/s]Loading weights:  90%|████████▉ | 1868/2076 [00:02<00:00, 920.17it/s]Loading weights: 100%|██████████| 2076/2076 [00:02<00:00, 778.41it/s]
2026-08-16 19:50:23,373 INFO [run_teacher] [1/1787] hallusionbench_17_17
The following generation flags are not valid and may be ignored: ['top_p', 'top_k']. Set `TRANSFORMERS_VERBOSITY=info` for more details.
2026-08-16 19:50:33,785 INFO [run_teacher] [2/1787] hallusionbench_21_21
2026-08-16 19:50:45,090 INFO [run_teacher] [3/1787] hallusionbench_32_32
2026-08-16 19:50:56,362 INFO [run_teacher] [4/1787] hallusionbench_36_36
2026-08-16 19:51:07,916 INFO [run_teacher] [5/1787] hallusionbench_44_44
2026-08-16 19:51:18,355 INFO [run_teacher] [6/1787] hallusionbench_47_47
2026-08-16 19:51:25,187 INFO [run_teacher] [7/1787] hallusionbench_51_51
2026-08-16 19:51:35,300 INFO [run_teacher] [8/1787] hallusionbench_60_60
2026-08-16 19:51:40,990 INFO [run_teacher] [9/1787] hallusionbench_71_71
2026-08-16 19:51:57,423 ERROR [run_teacher] Teacher generation failed for hallusionbench_71_71: Mandatory probe observation 'grounding' is invalid (Missing FINAL_ANSWER tag and unable to resolve valid final answer)
Traceback (most recent call last):
  File "/home/aman/ProActive/scripts/run_teacher.py", line 551, in main
    raise ValueError(result.get("invalid_reason") or "invalid teacher row")
ValueError: Mandatory probe observation 'grounding' is invalid (Missing FINAL_ANSWER tag and unable to resolve valid final answer)
2026-08-16 19:51:57,424 INFO [run_teacher] [10/1787] hallusionbench_82_82
2026-08-16 19:52:05,874 INFO [run_teacher] [11/1787] hallusionbench_98_98
2026-08-16 19:52:16,979 INFO [run_teacher] [12/1787] hallusionbench_99_99
2026-08-16 19:52:30,075 INFO [run_teacher] [13/1787] hallusionbench_108_108
2026-08-16 19:52:36,224 INFO [run_teacher] [14/1787] hallusionbench_126_126
2026-08-16 19:52:44,738 INFO [run_teacher] [15/1787] hallusionbench_128_128
2026-08-16 19:52:52,710 INFO [run_teacher] [16/1787] hallusionbench_129_129
2026-08-16 19:53:02,633 INFO [run_teacher] [17/1787] hallusionbench_135_135
2026-08-16 19:53:11,230 INFO [run_teacher] [18/1787] hallusionbench_136_136
2026-08-16 19:53:18,503 INFO [run_teacher] [19/1787] hallusionbench_141_141
2026-08-16 19:53:31,982 INFO [run_teacher] [20/1787] hallusionbench_149_149
2026-08-16 19:53:38,347 INFO [run_teacher] [21/1787] hallusionbench_172_172
2026-08-16 19:53:54,812 ERROR [run_teacher] Teacher generation failed for hallusionbench_172_172: Mandatory probe observation 'grounding' is invalid (Missing FINAL_ANSWER tag and unable to resolve valid final answer)
Traceback (most recent call last):
  File "/home/aman/ProActive/scripts/run_teacher.py", line 551, in main
    raise ValueError(result.get("invalid_reason") or "invalid teacher row")
ValueError: Mandatory probe observation 'grounding' is invalid (Missing FINAL_ANSWER tag and unable to resolve valid final answer)
2026-08-16 19:53:54,813 INFO [run_teacher] [22/1787] hallusionbench_192_192
2026-08-16 19:54:10,529 INFO [run_teacher] [23/1787] hallusionbench_197_197
2026-08-16 19:54:26,899 INFO [run_teacher] [24/1787] hallusionbench_204_204
2026-08-16 19:54:34,688 INFO [run_teacher] [25/1787] hallusionbench_209_209
2026-08-16 19:54:41,911 INFO [run_teacher] [26/1787] hallusionbench_214_214
2026-08-16 19:54:52,500 INFO [run_teacher] [27/1787] hallusionbench_220_220
2026-08-16 19:55:03,821 INFO [run_teacher] [28/1787] hallusionbench_222_222
2026-08-16 19:55:14,443 INFO [run_teacher] [29/1787] hallusionbench_227_227
2026-08-16 19:55:21,516 ERROR [run_teacher] Teacher generation failed for hallusionbench_227_227: Mandatory probe observation 'grounding' is invalid (Binary dataset answer not in valid domain: 'Germany' -> 'unknown')
Traceback (most recent call last):
  File "/home/aman/ProActive/scripts/run_teacher.py", line 551, in main
    raise ValueError(result.get("invalid_reason") or "invalid teacher row")
ValueError: Mandatory probe observation 'grounding' is invalid (Binary dataset answer not in valid domain: 'Germany' -> 'unknown')
2026-08-16 19:55:21,516 INFO [run_teacher] [30/1787] hallusionbench_231_231
2026-08-16 19:55:29,064 INFO [run_teacher] [31/1787] hallusionbench_244_244
2026-08-16 19:55:39,902 INFO [run_teacher] [32/1787] hallusionbench_248_248
2026-08-16 19:55:47,966 ERROR [run_teacher] Teacher generation failed for hallusionbench_248_248: Mandatory probe observation 'grounding' is invalid (Binary dataset answer not in valid domain: 'Florida' -> 'unknown')
Traceback (most recent call last):
  File "/home/aman/ProActive/scripts/run_teacher.py", line 551, in main
    raise ValueError(result.get("invalid_reason") or "invalid teacher row")
ValueError: Mandatory probe observation 'grounding' is invalid (Binary dataset answer not in valid domain: 'Florida' -> 'unknown')
2026-08-16 19:55:47,966 INFO [run_teacher] [33/1787] hallusionbench_253_253
2026-08-16 19:55:57,155 INFO [run_teacher] [34/1787] hallusionbench_261_261
2026-08-16 19:56:13,771 ERROR [run_teacher] Teacher generation failed for hallusionbench_261_261: Mandatory probe observation 'grounding' is invalid (Missing FINAL_ANSWER tag and unable to resolve valid final answer)
Traceback (most recent call last):
  File "/home/aman/ProActive/scripts/run_teacher.py", line 551, in main
    raise ValueError(result.get("invalid_reason") or "invalid teacher row")
ValueError: Mandatory probe observation 'grounding' is invalid (Missing FINAL_ANSWER tag and unable to resolve valid final answer)
2026-08-16 19:56:13,772 INFO [run_teacher] [35/1787] hallusionbench_264_264
2026-08-16 19:56:25,189 INFO [run_teacher] [36/1787] hallusionbench_268_268
2026-08-16 19:56:36,277 INFO [run_teacher] [37/1787] hallusionbench_272_272
2026-08-16 19:56:46,999 INFO [run_teacher] [38/1787] hallusionbench_278_278
2026-08-16 19:56:56,613 INFO [run_teacher] [39/1787] hallusionbench_287_287
2026-08-16 19:57:07,551 INFO [run_teacher] [40/1787] hallusionbench_299_299
2026-08-16 19:57:13,391 INFO [run_teacher] [41/1787] hallusionbench_301_301
2026-08-16 19:57:19,731 INFO [run_teacher] [42/1787] hallusionbench_302_302
2026-08-16 19:57:25,654 INFO [run_teacher] [43/1787] hallusionbench_303_303
2026-08-16 19:57:31,561 INFO [run_teacher] [44/1787] hallusionbench_304_304
2026-08-16 19:57:37,842 INFO [run_teacher] [45/1787] hallusionbench_305_305
2026-08-16 19:57:44,207 INFO [run_teacher] [46/1787] hallusionbench_312_312
2026-08-16 19:57:50,372 INFO [run_teacher] [47/1787] hallusionbench_323_323
2026-08-16 19:57:57,295 INFO [run_teacher] [48/1787] hallusionbench_327_327
2026-08-16 19:58:04,534 INFO [run_teacher] [49/1787] hallusionbench_328_328
2026-08-16 19:58:12,232 INFO [run_teacher] [50/1787] hallusionbench_330_330
2026-08-16 19:58:20,105 INFO [run_teacher] [51/1787] hallusionbench_333_333
2026-08-16 19:58:27,936 INFO [run_teacher] [52/1787] hallusionbench_335_335
2026-08-16 19:58:36,692 INFO [run_teacher] [53/1787] hallusionbench_360_360
2026-08-16 19:58:44,823 INFO [run_teacher] [54/1787] hallusionbench_366_366
2026-08-16 19:58:49,321 INFO [run_teacher] [55/1787] hallusionbench_367_367
2026-08-16 19:58:53,829 INFO [run_teacher] [56/1787] hallusionbench_368_368
2026-08-16 19:58:59,219 INFO [run_teacher] [57/1787] hallusionbench_379_379
2026-08-16 19:59:04,859 INFO [run_teacher] [58/1787] hallusionbench_383_383
2026-08-16 19:59:14,814 INFO [run_teacher] [59/1787] hallusionbench_396_396
2026-08-16 19:59:22,262 INFO [run_teacher] [60/1787] hallusionbench_402_402
2026-08-16 19:59:27,002 INFO [run_teacher] [61/1787] hallusionbench_404_404
2026-08-16 19:59:31,726 INFO [run_teacher] [62/1787] hallusionbench_415_415
2026-08-16 19:59:39,024 INFO [run_teacher] [63/1787] hallusionbench_428_428
2026-08-16 19:59:46,080 INFO [run_teacher] [64/1787] hallusionbench_432_432
2026-08-16 19:59:52,578 INFO [run_teacher] [65/1787] hallusionbench_440_440
2026-08-16 19:59:57,552 INFO [run_teacher] [66/1787] hallusionbench_449_449
2026-08-16 20:00:02,817 INFO [run_teacher] [67/1787] hallusionbench_465_465
2026-08-16 20:00:09,448 INFO [run_teacher] [68/1787] hallusionbench_471_471
2026-08-16 20:00:18,429 INFO [run_teacher] [69/1787] hallusionbench_474_474
2026-08-16 20:00:24,377 INFO [run_teacher] [70/1787] hallusionbench_479_479
2026-08-16 20:00:31,359 INFO [run_teacher] [71/1787] hallusionbench_481_481
2026-08-16 20:00:39,198 INFO [run_teacher] [72/1787] hallusionbench_489_489
2026-08-16 20:00:49,795 INFO [run_teacher] [73/1787] hallusionbench_493_493
2026-08-16 20:00:56,959 INFO [run_teacher] [74/1787] hallusionbench_495_495
2026-08-16 20:01:06,015 INFO [run_teacher] [75/1787] hallusionbench_499_499
2026-08-16 20:01:17,737 INFO [run_teacher] [76/1787] hallusionbench_501_501
2026-08-16 20:01:31,474 INFO [run_teacher] [77/1787] hallusionbench_506_506
2026-08-16 20:01:43,412 INFO [run_teacher] [78/1787] hallusionbench_516_516
2026-08-16 20:01:48,519 INFO [run_teacher] [79/1787] hallusionbench_517_517
2026-08-16 20:01:54,993 INFO [run_teacher] [80/1787] hallusionbench_528_528
2026-08-16 20:01:59,683 INFO [run_teacher] [81/1787] hallusionbench_535_535
2026-08-16 20:02:07,730 INFO [run_teacher] [82/1787] hallusionbench_544_544
2026-08-16 20:02:13,854 INFO [run_teacher] [83/1787] hallusionbench_548_548
2026-08-16 20:02:19,077 INFO [run_teacher] [84/1787] hallusionbench_550_550
2026-08-16 20:02:24,559 INFO [run_teacher] [85/1787] hallusionbench_551_551
2026-08-16 20:02:31,007 INFO [run_teacher] [86/1787] hallusionbench_553_553
2026-08-16 20:02:35,806 INFO [run_teacher] [87/1787] hallusionbench_557_557
2026-08-16 20:02:41,746 INFO [run_teacher] [88/1787] hallusionbench_576_576
2026-08-16 20:02:46,269 INFO [run_teacher] [89/1787] hallusionbench_577_577
2026-08-16 20:02:51,251 INFO [run_teacher] [90/1787] hallusionbench_583_583
2026-08-16 20:02:55,925 INFO [run_teacher] [91/1787] hallusionbench_584_584
2026-08-16 20:03:01,015 INFO [run_teacher] [92/1787] hallusionbench_591_591
2026-08-16 20:03:06,164 INFO [run_teacher] [93/1787] hallusionbench_592_592
2026-08-16 20:03:11,370 INFO [run_teacher] [94/1787] hallusionbench_596_596
2026-08-16 20:03:16,502 INFO [run_teacher] [95/1787] hallusionbench_598_598
2026-08-16 20:03:21,018 INFO [run_teacher] [96/1787] hallusionbench_599_599
2026-08-16 20:03:25,525 INFO [run_teacher] [97/1787] hallusionbench_602_602
2026-08-16 20:03:33,406 INFO [run_teacher] [98/1787] hallusionbench_603_603
2026-08-16 20:03:42,278 INFO [run_teacher] [99/1787] hallusionbench_605_605
2026-08-16 20:03:55,383 INFO [run_teacher] [100/1787] hallusionbench_608_608
2026-08-16 20:03:58,415 INFO [run_teacher] [101/1787] hallusionbench_610_610
2026-08-16 20:04:01,564 INFO [run_teacher] [102/1787] hallusionbench_615_615
2026-08-16 20:04:04,847 INFO [run_teacher] [103/1787] hallusionbench_618_618
2026-08-16 20:04:10,995 INFO [run_teacher] [104/1787] hallusionbench_621_621
2026-08-16 20:04:18,426 INFO [run_teacher] [105/1787] hallusionbench_626_626
2026-08-16 20:04:23,925 INFO [run_teacher] [106/1787] hallusionbench_627_627
2026-08-16 20:04:34,396 INFO [run_teacher] [107/1787] hallusionbench_631_631
2026-08-16 20:04:43,194 INFO [run_teacher] [108/1787] hallusionbench_634_634
2026-08-16 20:04:48,492 INFO [run_teacher] [109/1787] hallusionbench_636_636
2026-08-16 20:04:53,449 INFO [run_teacher] [110/1787] hallusionbench_641_641
2026-08-16 20:04:58,823 INFO [run_teacher] [111/1787] hallusionbench_646_646
2026-08-16 20:05:03,380 INFO [run_teacher] [112/1787] hallusionbench_649_649
2026-08-16 20:05:08,028 INFO [run_teacher] [113/1787] hallusionbench_655_655
2026-08-16 20:05:13,102 INFO [run_teacher] [114/1787] hallusionbench_657_657
2026-08-16 20:05:18,050 INFO [run_teacher] [115/1787] hallusionbench_665_665
2026-08-16 20:05:22,882 INFO [run_teacher] [116/1787] hallusionbench_669_669
2026-08-16 20:05:26,781 INFO [run_teacher] [117/1787] hallusionbench_670_670
2026-08-16 20:05:31,929 INFO [run_teacher] [118/1787] hallusionbench_674_674
2026-08-16 20:05:38,619 INFO [run_teacher] [119/1787] hallusionbench_675_675
2026-08-16 20:05:44,801 INFO [run_teacher] [120/1787] hallusionbench_679_679
2026-08-16 20:05:57,322 INFO [run_teacher] [121/1787] hallusionbench_680_680
2026-08-16 20:06:02,229 INFO [run_teacher] [122/1787] hallusionbench_692_692
2026-08-16 20:06:18,384 ERROR [run_teacher] Teacher generation failed for hallusionbench_692_692: Mandatory probe observation 'grounding' is invalid (Missing FINAL_ANSWER tag and unable to resolve valid final answer)
Traceback (most recent call last):
  File "/home/aman/ProActive/scripts/run_teacher.py", line 551, in main
    raise ValueError(result.get("invalid_reason") or "invalid teacher row")
ValueError: Mandatory probe observation 'grounding' is invalid (Missing FINAL_ANSWER tag and unable to resolve valid final answer)
2026-08-16 20:06:18,385 INFO [run_teacher] [123/1787] hallusionbench_697_697
2026-08-16 20:06:34,538 ERROR [run_teacher] Teacher generation failed for hallusionbench_697_697: Mandatory probe observation 'grounding' is invalid (Missing FINAL_ANSWER tag and unable to resolve valid final answer)
Traceback (most recent call last):
  File "/home/aman/ProActive/scripts/run_teacher.py", line 551, in main
    raise ValueError(result.get("invalid_reason") or "invalid teacher row")
ValueError: Mandatory probe observation 'grounding' is invalid (Missing FINAL_ANSWER tag and unable to resolve valid final answer)
2026-08-16 20:06:34,539 INFO [run_teacher] [124/1787] hallusionbench_708_708
2026-08-16 20:06:39,584 INFO [run_teacher] [125/1787] hallusionbench_709_709
2026-08-16 20:06:43,974 INFO [run_teacher] [126/1787] hallusionbench_712_712
2026-08-16 20:06:58,894 INFO [run_teacher] [127/1787] hallusionbench_716_716
2026-08-16 20:07:09,407 INFO [run_teacher] [128/1787] hallusionbench_717_717
2026-08-16 20:07:25,680 ERROR [run_teacher] Teacher generation failed for hallusionbench_717_717: Mandatory probe observation 'grounding' is invalid (Missing FINAL_ANSWER tag and unable to resolve valid final answer)
Traceback (most recent call last):
  File "/home/aman/ProActive/scripts/run_teacher.py", line 551, in main
    raise ValueError(result.get("invalid_reason") or "invalid teacher row")
ValueError: Mandatory probe observation 'grounding' is invalid (Missing FINAL_ANSWER tag and unable to resolve valid final answer)
2026-08-16 20:07:25,680 INFO [run_teacher] [129/1787] hallusionbench_721_721
2026-08-16 20:07:30,642 INFO [run_teacher] [130/1787] hallusionbench_730_730
2026-08-16 20:07:35,891 INFO [run_teacher] [131/1787] hallusionbench_737_737
2026-08-16 20:07:49,978 INFO [run_teacher] [132/1787] hallusionbench_741_741
2026-08-16 20:08:05,948 INFO [run_teacher] [133/1787] hallusionbench_743_743
2026-08-16 20:08:22,153 ERROR [run_teacher] Teacher generation failed for hallusionbench_743_743: Mandatory probe observation 'grounding' is invalid (Missing FINAL_ANSWER tag and unable to resolve valid final answer)
Traceback (most recent call last):
  File "/home/aman/ProActive/scripts/run_teacher.py", line 551, in main
    raise ValueError(result.get("invalid_reason") or "invalid teacher row")
ValueError: Mandatory probe observation 'grounding' is invalid (Missing FINAL_ANSWER tag and unable to resolve valid final answer)
2026-08-16 20:08:22,154 INFO [run_teacher] [134/1787] hallusionbench_747_747
2026-08-16 20:08:37,888 INFO [run_teacher] [135/1787] hallusionbench_760_760
2026-08-16 20:08:45,227 INFO [run_teacher] [136/1787] hallusionbench_761_761
2026-08-16 20:08:58,873 INFO [run_teacher] [137/1787] hallusionbench_763_763
2026-08-16 20:09:11,810 INFO [run_teacher] [138/1787] hallusionbench_769_769
2026-08-16 20:09:25,414 INFO [run_teacher] [139/1787] hallusionbench_770_770
2026-08-16 20:09:40,827 INFO [run_teacher] [140/1787] hallusionbench_771_771
2026-08-16 20:09:52,764 INFO [run_teacher] [141/1787] hallusionbench_772_772
2026-08-16 20:10:05,627 INFO [run_teacher] [142/1787] hallusionbench_773_773
2026-08-16 20:10:21,811 ERROR [run_teacher] Teacher generation failed for hallusionbench_773_773: Mandatory probe observation 'grounding' is invalid (Missing FINAL_ANSWER tag and unable to resolve valid final answer)
Traceback (most recent call last):
  File "/home/aman/ProActive/scripts/run_teacher.py", line 551, in main
    raise ValueError(result.get("invalid_reason") or "invalid teacher row")
ValueError: Mandatory probe observation 'grounding' is invalid (Missing FINAL_ANSWER tag and unable to resolve valid final answer)
2026-08-16 20:10:21,811 INFO [run_teacher] [143/1787] hallusionbench_774_774
2026-08-16 20:10:37,985 ERROR [run_teacher] Teacher generation failed for hallusionbench_774_774: Mandatory probe observation 'grounding' is invalid (Missing FINAL_ANSWER tag and unable to resolve valid final answer)
Traceback (most recent call last):
  File "/home/aman/ProActive/scripts/run_teacher.py", line 551, in main
    raise ValueError(result.get("invalid_reason") or "invalid teacher row")
ValueError: Mandatory probe observation 'grounding' is invalid (Missing FINAL_ANSWER tag and unable to resolve valid final answer)
2026-08-16 20:10:37,985 INFO [run_teacher] [144/1787] hallusionbench_775_775
2026-08-16 20:10:49,005 INFO [run_teacher] [145/1787] hallusionbench_777_777
2026-08-16 20:10:59,543 INFO [run_teacher] [146/1787] hallusionbench_785_785
2026-08-16 20:11:15,659 ERROR [run_teacher] Teacher generation failed for hallusionbench_785_785: Mandatory probe observation 'grounding' is invalid (Missing FINAL_ANSWER tag and unable to resolve valid final answer)
Traceback (most recent call last):
  File "/home/aman/ProActive/scripts/run_teacher.py", line 551, in main
    raise ValueError(result.get("invalid_reason") or "invalid teacher row")
ValueError: Mandatory probe observation 'grounding' is invalid (Missing FINAL_ANSWER tag and unable to resolve valid final answer)
2026-08-16 20:11:15,660 INFO [run_teacher] [147/1787] hallusionbench_787_787
2026-08-16 20:11:29,409 INFO [run_teacher] [148/1787] hallusionbench_792_792
2026-08-16 20:11:36,382 INFO [run_teacher] [149/1787] hallusionbench_796_796
2026-08-16 20:11:42,588 INFO [run_teacher] [150/1787] hallusionbench_798_798
2026-08-16 20:11:48,529 INFO [run_teacher] [151/1787] hallusionbench_805_805
2026-08-16 20:11:56,700 INFO [run_teacher] [152/1787] hallusionbench_809_809
2026-08-16 20:12:03,132 INFO [run_teacher] [153/1787] hallusionbench_814_814
2026-08-16 20:12:08,014 INFO [run_teacher] [154/1787] hallusionbench_815_815
2026-08-16 20:12:15,120 INFO [run_teacher] [155/1787] hallusionbench_825_825
2026-08-16 20:12:20,476 INFO [run_teacher] [156/1787] hallusionbench_827_827
2026-08-16 20:12:25,792 INFO [run_teacher] [157/1787] hallusionbench_830_830
2026-08-16 20:12:30,548 INFO [run_teacher] [158/1787] hallusionbench_832_832
2026-08-16 20:12:36,855 INFO [run_teacher] [159/1787] hallusionbench_833_833
2026-08-16 20:12:41,528 INFO [run_teacher] [160/1787] hallusionbench_837_837
2026-08-16 20:12:46,336 INFO [run_teacher] [161/1787] hallusionbench_838_838
2026-08-16 20:12:51,492 INFO [run_teacher] [162/1787] hallusionbench_840_840
2026-08-16 20:12:56,824 INFO [run_teacher] [163/1787] hallusionbench_846_846
2026-08-16 20:13:03,048 INFO [run_teacher] [164/1787] hallusionbench_848_848
2026-08-16 20:13:07,954 INFO [run_teacher] [165/1787] hallusionbench_852_852
2026-08-16 20:13:13,436 INFO [run_teacher] [166/1787] hallusionbench_853_853
2026-08-16 20:13:19,626 INFO [run_teacher] [167/1787] hallusionbench_854_854
2026-08-16 20:13:24,974 INFO [run_teacher] [168/1787] hallusionbench_861_861
2026-08-16 20:13:29,614 INFO [run_teacher] [169/1787] hallusionbench_863_863
2026-08-16 20:13:35,029 INFO [run_teacher] [170/1787] hallusionbench_865_865
2026-08-16 20:13:41,111 INFO [run_teacher] [171/1787] hallusionbench_868_868
2026-08-16 20:13:47,067 INFO [run_teacher] [172/1787] hallusionbench_873_873
2026-08-16 20:13:54,656 INFO [run_teacher] [173/1787] hallusionbench_875_875
2026-08-16 20:14:04,112 INFO [run_teacher] [174/1787] hallusionbench_882_882
2026-08-16 20:14:10,651 INFO [run_teacher] [175/1787] hallusionbench_888_888
2026-08-16 20:14:16,441 INFO [run_teacher] [176/1787] hallusionbench_896_896
2026-08-16 20:14:21,472 INFO [run_teacher] [177/1787] hallusionbench_899_899
2026-08-16 20:14:27,445 INFO [run_teacher] [178/1787] hallusionbench_902_902
2026-08-16 20:14:33,277 INFO [run_teacher] [179/1787] hallusionbench_905_905
2026-08-16 20:14:39,200 INFO [run_teacher] [180/1787] hallusionbench_906_906
2026-08-16 20:14:44,182 INFO [run_teacher] [181/1787] hallusionbench_909_909
2026-08-16 20:14:49,089 INFO [run_teacher] [182/1787] hallusionbench_914_914
2026-08-16 20:14:55,420 INFO [run_teacher] [183/1787] hallusionbench_916_916
2026-08-16 20:15:00,727 INFO [run_teacher] [184/1787] hallusionbench_918_918
2026-08-16 20:15:06,874 INFO [run_teacher] [185/1787] hallusionbench_926_926
2026-08-16 20:15:12,898 INFO [run_teacher] [186/1787] hallusionbench_931_931
2026-08-16 20:15:20,362 INFO [run_teacher] [187/1787] hallusionbench_932_932
2026-08-16 20:15:26,535 INFO [run_teacher] [188/1787] hallusionbench_938_938
2026-08-16 20:15:33,108 INFO [run_teacher] [189/1787] hallusionbench_942_942
2026-08-16 20:15:39,231 INFO [run_teacher] [190/1787] hallusionbench_962_962
2026-08-16 20:15:44,762 INFO [run_teacher] [191/1787] hallusionbench_964_964
2026-08-16 20:15:52,652 INFO [run_teacher] [192/1787] hallusionbench_981_981
2026-08-16 20:16:02,940 INFO [run_teacher] [193/1787] hallusionbench_985_985
2026-08-16 20:16:18,996 ERROR [run_teacher] Teacher generation failed for hallusionbench_985_985: Mandatory probe observation 'grounding' is invalid (Missing FINAL_ANSWER tag and unable to resolve valid final answer)
Traceback (most recent call last):
  File "/home/aman/ProActive/scripts/run_teacher.py", line 551, in main
    raise ValueError(result.get("invalid_reason") or "invalid teacher row")
ValueError: Mandatory probe observation 'grounding' is invalid (Missing FINAL_ANSWER tag and unable to resolve valid final answer)
2026-08-16 20:16:18,996 INFO [run_teacher] [194/1787] hallusionbench_987_987
2026-08-16 20:16:27,906 INFO [run_teacher] [195/1787] hallusionbench_989_989
2026-08-16 20:16:41,010 INFO [run_teacher] [196/1787] hallusionbench_991_991
2026-08-16 20:16:47,200 INFO [run_teacher] [197/1787] hallusionbench_998_998
2026-08-16 20:16:56,581 INFO [run_teacher] [198/1787] hallusionbench_1001_1001
2026-08-16 20:17:06,728 INFO [run_teacher] [199/1787] hallusionbench_1004_1004
2026-08-16 20:17:15,258 INFO [run_teacher] [200/1787] hallusionbench_1007_1007
2026-08-16 20:17:22,556 INFO [run_teacher] [201/1787] hallusionbench_1013_1013
2026-08-16 20:17:30,128 INFO [run_teacher] [202/1787] hallusionbench_1023_1023
2026-08-16 20:17:35,877 INFO [run_teacher] [203/1787] hallusionbench_1026_1026
2026-08-16 20:17:50,838 INFO [run_teacher] [204/1787] hallusionbench_1030_1030
2026-08-16 20:18:06,867 ERROR [run_teacher] Teacher generation failed for hallusionbench_1030_1030: Mandatory probe observation 'grounding' is invalid (Missing FINAL_ANSWER tag and unable to resolve valid final answer)
Traceback (most recent call last):
  File "/home/aman/ProActive/scripts/run_teacher.py", line 551, in main
    raise ValueError(result.get("invalid_reason") or "invalid teacher row")
ValueError: Mandatory probe observation 'grounding' is invalid (Missing FINAL_ANSWER tag and unable to resolve valid final answer)
2026-08-16 20:18:06,867 INFO [run_teacher] [205/1787] hallusionbench_1032_1032
2026-08-16 20:18:22,912 ERROR [run_teacher] Teacher generation failed for hallusionbench_1032_1032: Mandatory probe observation 'grounding' is invalid (Missing FINAL_ANSWER tag and unable to resolve valid final answer)
Traceback (most recent call last):
  File "/home/aman/ProActive/scripts/run_teacher.py", line 551, in main
    raise ValueError(result.get("invalid_reason") or "invalid teacher row")
ValueError: Mandatory probe observation 'grounding' is invalid (Missing FINAL_ANSWER tag and unable to resolve valid final answer)
2026-08-16 20:18:22,913 INFO [run_teacher] [206/1787] hallusionbench_1035_1035
2026-08-16 20:18:27,301 INFO [run_teacher] [207/1787] hallusionbench_1036_1036
2026-08-16 20:18:31,808 INFO [run_teacher] [208/1787] hallusionbench_1038_1038
2026-08-16 20:18:36,140 INFO [run_teacher] [209/1787] hallusionbench_1041_1041
2026-08-16 20:18:40,039 INFO [run_teacher] [210/1787] hallusionbench_1043_1043
2026-08-16 20:18:45,671 INFO [run_teacher] [211/1787] hallusionbench_1057_1057
2026-08-16 20:18:50,486 INFO [run_teacher] [212/1787] hallusionbench_1065_1065
2026-08-16 20:18:54,543 INFO [run_teacher] [213/1787] hallusionbench_1070_1070
2026-08-16 20:19:00,416 INFO [run_teacher] [214/1787] hallusionbench_1072_1072
2026-08-16 20:19:04,723 INFO [run_teacher] [215/1787] hallusionbench_1083_1083
2026-08-16 20:19:11,071 INFO [run_teacher] [216/1787] hallusionbench_1089_1089
2026-08-16 20:19:15,886 INFO [run_teacher] [217/1787] hallusionbench_1090_1090
2026-08-16 20:19:20,851 INFO [run_teacher] [218/1787] hallusionbench_1092_1092
2026-08-16 20:19:26,191 INFO [run_teacher] [219/1787] hallusionbench_1101_1101
2026-08-16 20:19:31,581 INFO [run_teacher] [220/1787] hallusionbench_1103_1103
2026-08-16 20:19:36,854 INFO [run_teacher] [221/1787] hallusionbench_1104_1104
2026-08-16 20:19:42,186 INFO [run_teacher] [222/1787] hallusionbench_1108_1108
2026-08-16 20:19:48,059 INFO [run_teacher] [223/1787] hallusionbench_1126_1126
2026-08-16 20:19:54,049 INFO [run_teacher] [224/1787] pope_random_0_random_0
2026-08-16 20:19:58,780 INFO [run_teacher] [225/1787] pope_random_3_random_3
2026-08-16 20:20:03,287 INFO [run_teacher] [226/1787] pope_random_13_random_13
2026-08-16 20:20:08,936 INFO [run_teacher] [227/1787] pope_random_22_random_22
2026-08-16 20:20:15,092 INFO [run_teacher] [228/1787] pope_random_23_random_23
2026-08-16 20:20:20,257 INFO [run_teacher] [229/1787] pope_random_25_random_25
2026-08-16 20:20:25,847 INFO [run_teacher] [230/1787] pope_random_26_random_26
2026-08-16 20:20:32,328 INFO [run_teacher] [231/1787] pope_random_29_random_29
2026-08-16 20:20:37,551 INFO [run_teacher] [232/1787] pope_random_37_random_37
2026-08-16 20:20:42,416 INFO [run_teacher] [233/1787] pope_random_39_random_39
2026-08-16 20:20:47,740 INFO [run_teacher] [234/1787] pope_random_43_random_43
2026-08-16 20:20:52,713 INFO [run_teacher] [235/1787] pope_random_57_random_57
2026-08-16 20:20:57,978 INFO [run_teacher] [236/1787] pope_random_63_random_63
2026-08-16 20:21:03,318 INFO [run_teacher] [237/1787] pope_random_67_random_67
2026-08-16 20:21:09,807 INFO [run_teacher] [238/1787] pope_random_70_random_70
2026-08-16 20:21:15,622 INFO [run_teacher] [239/1787] pope_random_72_random_72
2026-08-16 20:21:20,496 INFO [run_teacher] [240/1787] pope_random_73_random_73
2026-08-16 20:21:24,261 INFO [run_teacher] [241/1787] pope_random_78_random_78
2026-08-16 20:21:29,851 INFO [run_teacher] [242/1787] pope_random_81_random_81
2026-08-16 20:21:35,308 INFO [run_teacher] [243/1787] pope_random_84_random_84
2026-08-16 20:21:40,181 INFO [run_teacher] [244/1787] pope_random_101_random_101
2026-08-16 20:21:44,722 INFO [run_teacher] [245/1787] pope_random_113_random_113
2026-08-16 20:21:50,145 INFO [run_teacher] [246/1787] pope_random_115_random_115
2026-08-16 20:21:54,627 INFO [run_teacher] [247/1787] pope_random_116_random_116
2026-08-16 20:21:58,959 INFO [run_teacher] [248/1787] pope_random_118_random_118
2026-08-16 20:22:03,282 INFO [run_teacher] [249/1787] pope_random_124_random_124
2026-08-16 20:22:08,406 INFO [run_teacher] [250/1787] pope_random_127_random_127
2026-08-16 20:22:13,546 INFO [run_teacher] [251/1787] pope_random_128_random_128
2026-08-16 20:22:18,194 INFO [run_teacher] [252/1787] pope_random_129_random_129
2026-08-16 20:22:23,076 INFO [run_teacher] [253/1787] pope_random_137_random_137
2026-08-16 20:22:27,924 INFO [run_teacher] [254/1787] pope_random_138_random_138
2026-08-16 20:22:31,965 INFO [run_teacher] [255/1787] pope_random_139_random_139
2026-08-16 20:22:36,455 INFO [run_teacher] [256/1787] pope_random_141_random_141
2026-08-16 20:22:40,962 INFO [run_teacher] [257/1787] pope_random_143_random_143
2026-08-16 20:22:46,085 INFO [run_teacher] [258/1787] pope_random_145_random_145
2026-08-16 20:22:50,817 INFO [run_teacher] [259/1787] pope_random_147_random_147
2026-08-16 20:22:55,641 INFO [run_teacher] [260/1787] pope_random_154_random_154
2026-08-16 20:23:01,197 INFO [run_teacher] [261/1787] pope_random_158_random_158
2026-08-16 20:23:06,720 INFO [run_teacher] [262/1787] pope_random_161_random_161
2026-08-16 20:23:13,576 INFO [run_teacher] [263/1787] pope_random_165_random_165
2026-08-16 20:23:18,317 INFO [run_teacher] [264/1787] pope_random_166_random_166
2026-08-16 20:23:23,290 INFO [run_teacher] [265/1787] pope_random_174_random_174
2026-08-16 20:23:28,405 INFO [run_teacher] [266/1787] pope_random_175_random_175
2026-08-16 20:23:33,320 INFO [run_teacher] [267/1787] pope_random_176_random_176
2026-08-16 20:23:38,510 INFO [run_teacher] [268/1787] pope_random_179_random_179
2026-08-16 20:23:42,750 INFO [run_teacher] [269/1787] pope_random_183_random_183
2026-08-16 20:23:47,965 INFO [run_teacher] [270/1787] pope_random_184_random_184
2026-08-16 20:23:54,347 INFO [run_teacher] [271/1787] pope_random_194_random_194
2026-08-16 20:23:59,337 INFO [run_teacher] [272/1787] pope_random_197_random_197
2026-08-16 20:24:04,535 INFO [run_teacher] [273/1787] pope_random_203_random_203
2026-08-16 20:24:09,850 INFO [run_teacher] [274/1787] pope_random_208_random_208
2026-08-16 20:24:15,390 INFO [run_teacher] [275/1787] pope_random_219_random_219
2026-08-16 20:24:20,288 INFO [run_teacher] [276/1787] pope_random_223_random_223
2026-08-16 20:24:25,845 INFO [run_teacher] [277/1787] pope_random_226_random_226
2026-08-16 20:24:31,651 INFO [run_teacher] [278/1787] pope_random_229_random_229
2026-08-16 20:24:37,250 INFO [run_teacher] [279/1787] pope_random_230_random_230
2026-08-16 20:24:42,448 INFO [run_teacher] [280/1787] pope_random_232_random_232
2026-08-16 20:24:48,679 INFO [run_teacher] [281/1787] pope_random_233_random_233
2026-08-16 20:24:54,186 INFO [run_teacher] [282/1787] pope_random_234_random_234
2026-08-16 20:25:00,209 INFO [run_teacher] [283/1787] pope_random_238_random_238
2026-08-16 20:25:04,024 INFO [run_teacher] [284/1787] pope_random_239_random_239
2026-08-16 20:25:09,014 INFO [run_teacher] [285/1787] pope_random_240_random_240
2026-08-16 20:25:15,212 INFO [run_teacher] [286/1787] pope_random_243_random_243
2026-08-16 20:25:20,577 INFO [run_teacher] [287/1787] pope_random_249_random_249
2026-08-16 20:25:25,210 INFO [run_teacher] [288/1787] pope_random_252_random_252
2026-08-16 20:25:30,724 INFO [run_teacher] [289/1787] pope_random_253_random_253
2026-08-16 20:25:36,198 INFO [run_teacher] [290/1787] pope_random_254_random_254
2026-08-16 20:25:41,763 INFO [run_teacher] [291/1787] pope_random_258_random_258
2026-08-16 20:25:46,603 INFO [run_teacher] [292/1787] pope_random_259_random_259
2026-08-16 20:25:52,142 INFO [run_teacher] [293/1787] pope_random_260_random_260
2026-08-16 20:25:57,332 INFO [run_teacher] [294/1787] pope_random_262_random_262
2026-08-16 20:26:03,064 INFO [run_teacher] [295/1787] pope_random_268_random_268
2026-08-16 20:26:08,171 INFO [run_teacher] [296/1787] pope_random_272_random_272
2026-08-16 20:26:13,894 INFO [run_teacher] [297/1787] pope_random_280_random_280
2026-08-16 20:26:20,250 INFO [run_teacher] [298/1787] pope_random_285_random_285
2026-08-16 20:26:24,374 INFO [run_teacher] [299/1787] pope_random_289_random_289
2026-08-16 20:26:29,989 INFO [run_teacher] [300/1787] pope_random_295_random_295
2026-08-16 20:26:35,487 INFO [run_teacher] [301/1787] pope_random_300_random_300
2026-08-16 20:26:40,877 INFO [run_teacher] [302/1787] pope_random_301_random_301
2026-08-16 20:26:45,309 INFO [run_teacher] [303/1787] pope_random_304_random_304
2026-08-16 20:26:48,741 INFO [run_teacher] [304/1787] pope_random_306_random_306
2026-08-16 20:26:54,064 INFO [run_teacher] [305/1787] pope_random_307_random_307
2026-08-16 20:26:59,271 INFO [run_teacher] [306/1787] pope_random_310_random_310
2026-08-16 20:27:04,078 INFO [run_teacher] [307/1787] pope_random_311_random_311
2026-08-16 20:27:09,367 INFO [run_teacher] [308/1787] pope_random_321_random_321
2026-08-16 20:27:14,583 INFO [run_teacher] [309/1787] pope_random_323_random_323
2026-08-16 20:27:19,822 INFO [run_teacher] [310/1787] pope_random_326_random_326
2026-08-16 20:27:24,963 INFO [run_teacher] [311/1787] pope_random_330_random_330
2026-08-16 20:27:29,494 INFO [run_teacher] [312/1787] pope_random_331_random_331
2026-08-16 20:27:34,826 INFO [run_teacher] [313/1787] pope_random_333_random_333
2026-08-16 20:27:40,449 INFO [run_teacher] [314/1787] pope_random_336_random_336
2026-08-16 20:27:44,815 INFO [run_teacher] [315/1787] pope_random_342_random_342
2026-08-16 20:27:49,730 INFO [run_teacher] [316/1787] pope_random_344_random_344
2026-08-16 20:27:55,220 INFO [run_teacher] [317/1787] pope_random_350_random_350
2026-08-16 20:27:59,751 INFO [run_teacher] [318/1787] pope_random_353_random_353
2026-08-16 20:28:05,033 INFO [run_teacher] [319/1787] pope_random_356_random_356
2026-08-16 20:28:11,456 INFO [run_teacher] [320/1787] pope_random_359_random_359
2026-08-16 20:28:16,329 INFO [run_teacher] [321/1787] pope_random_368_random_368
2026-08-16 20:28:22,727 INFO [run_teacher] [322/1787] pope_random_370_random_370
2026-08-16 20:28:27,484 INFO [run_teacher] [323/1787] pope_random_372_random_372
2026-08-16 20:28:32,991 INFO [run_teacher] [324/1787] pope_random_377_random_377
2026-08-16 20:28:37,423 INFO [run_teacher] [325/1787] pope_random_379_random_379
2026-08-16 20:28:42,138 INFO [run_teacher] [326/1787] pope_random_382_random_382
2026-08-16 20:28:47,119 INFO [run_teacher] [327/1787] pope_random_383_random_383
2026-08-16 20:28:51,851 INFO [run_teacher] [328/1787] pope_random_384_random_384
2026-08-16 20:28:56,425 INFO [run_teacher] [329/1787] pope_random_389_random_389
2026-08-16 20:29:01,365 INFO [run_teacher] [330/1787] pope_random_395_random_395
2026-08-16 20:29:05,947 INFO [run_teacher] [331/1787] pope_random_406_random_406
2026-08-16 20:29:12,669 INFO [run_teacher] [332/1787] pope_random_411_random_411
2026-08-16 20:29:17,243 INFO [run_teacher] [333/1787] pope_random_425_random_425
2026-08-16 20:29:22,533 INFO [run_teacher] [334/1787] pope_random_438_random_438
2026-08-16 20:29:28,156 INFO [run_teacher] [335/1787] pope_random_447_random_447
2026-08-16 20:29:32,588 INFO [run_teacher] [336/1787] pope_random_450_random_450
2026-08-16 20:29:37,961 INFO [run_teacher] [337/1787] pope_random_451_random_451
2026-08-16 20:29:43,318 INFO [run_teacher] [338/1787] pope_random_458_random_458
2026-08-16 20:29:48,224 INFO [run_teacher] [339/1787] pope_random_462_random_462
2026-08-16 20:29:53,014 INFO [run_teacher] [340/1787] pope_random_467_random_467
2026-08-16 20:29:58,054 INFO [run_teacher] [341/1787] pope_random_469_random_469
2026-08-16 20:30:03,253 INFO [run_teacher] [342/1787] pope_random_470_random_470
2026-08-16 20:30:08,860 INFO [run_teacher] [343/1787] pope_random_475_random_475
2026-08-16 20:30:15,083 INFO [run_teacher] [344/1787] pope_random_476_random_476
2026-08-16 20:30:22,039 INFO [run_teacher] [345/1787] pope_random_488_random_488
2026-08-16 20:30:27,154 INFO [run_teacher] [346/1787] pope_random_491_random_491
2026-08-16 20:30:32,227 INFO [run_teacher] [347/1787] pope_random_494_random_494
2026-08-16 20:30:36,151 INFO [run_teacher] [348/1787] pope_random_517_random_517
2026-08-16 20:30:41,474 INFO [run_teacher] [349/1787] pope_random_522_random_522
2026-08-16 20:30:47,214 INFO [run_teacher] [350/1787] pope_random_526_random_526
2026-08-16 20:30:53,754 INFO [run_teacher] [351/1787] pope_random_528_random_528
2026-08-16 20:30:58,960 INFO [run_teacher] [352/1787] pope_random_534_random_534
2026-08-16 20:31:03,934 INFO [run_teacher] [353/1787] pope_random_536_random_536
2026-08-16 20:31:08,957 INFO [run_teacher] [354/1787] pope_random_546_random_546
2026-08-16 20:31:13,064 INFO [run_teacher] [355/1787] pope_random_555_random_555
2026-08-16 20:31:18,446 INFO [run_teacher] [356/1787] pope_random_556_random_556
2026-08-16 20:31:23,294 INFO [run_teacher] [357/1787] pope_random_562_random_562
2026-08-16 20:31:29,142 INFO [run_teacher] [358/1787] pope_random_564_random_564
2026-08-16 20:31:34,315 INFO [run_teacher] [359/1787] pope_random_578_random_578
2026-08-16 20:31:39,197 INFO [run_teacher] [360/1787] pope_random_582_random_582
2026-08-16 20:31:44,604 INFO [run_teacher] [361/1787] pope_random_592_random_592
2026-08-16 20:31:51,185 INFO [run_teacher] [362/1787] pope_random_593_random_593
2026-08-16 20:31:56,108 INFO [run_teacher] [363/1787] pope_random_600_random_600
2026-08-16 20:32:00,349 INFO [run_teacher] [364/1787] pope_random_605_random_605
2026-08-16 20:32:05,280 INFO [run_teacher] [365/1787] pope_random_606_random_606
2026-08-16 20:32:09,487 INFO [run_teacher] [366/1787] pope_random_613_random_613
2026-08-16 20:32:14,777 INFO [run_teacher] [367/1787] pope_random_619_random_619
2026-08-16 20:32:19,759 INFO [run_teacher] [368/1787] pope_random_620_random_620
2026-08-16 20:32:26,207 INFO [run_teacher] [369/1787] pope_random_621_random_621
2026-08-16 20:32:31,214 INFO [run_teacher] [370/1787] pope_random_623_random_623
2026-08-16 20:32:37,203 INFO [run_teacher] [371/1787] pope_random_624_random_624
2026-08-16 20:32:43,202 INFO [run_teacher] [372/1787] pope_random_628_random_628
2026-08-16 20:32:48,558 INFO [run_teacher] [373/1787] pope_random_632_random_632
2026-08-16 20:32:54,240 INFO [run_teacher] [374/1787] pope_random_634_random_634
2026-08-16 20:32:58,922 INFO [run_teacher] [375/1787] pope_random_635_random_635
2026-08-16 20:33:04,037 INFO [run_teacher] [376/1787] pope_random_640_random_640
2026-08-16 20:33:08,818 INFO [run_teacher] [377/1787] pope_random_647_random_647
2026-08-16 20:33:13,942 INFO [run_teacher] [378/1787] pope_random_652_random_652
2026-08-16 20:33:19,240 INFO [run_teacher] [379/1787] pope_random_654_random_654
2026-08-16 20:33:23,913 INFO [run_teacher] [380/1787] pope_random_659_random_659
2026-08-16 20:33:28,254 INFO [run_teacher] [381/1787] pope_random_661_random_661
2026-08-16 20:33:32,652 INFO [run_teacher] [382/1787] pope_random_668_random_668
2026-08-16 20:33:37,493 INFO [run_teacher] [383/1787] pope_random_671_random_671
2026-08-16 20:33:43,199 INFO [run_teacher] [384/1787] pope_random_686_random_686
2026-08-16 20:33:48,581 INFO [run_teacher] [385/1787] pope_random_688_random_688
2026-08-16 20:33:53,771 INFO [run_teacher] [386/1787] pope_random_690_random_690
2026-08-16 20:33:59,544 INFO [run_teacher] [387/1787] pope_random_692_random_692
2026-08-16 20:34:04,750 INFO [run_teacher] [388/1787] pope_random_695_random_695
2026-08-16 20:34:09,907 INFO [run_teacher] [389/1787] pope_random_697_random_697
2026-08-16 20:34:15,231 INFO [run_teacher] [390/1787] pope_random_705_random_705
2026-08-16 20:34:20,363 INFO [run_teacher] [391/1787] pope_random_707_random_707
2026-08-16 20:34:25,470 INFO [run_teacher] [392/1787] pope_random_712_random_712
2026-08-16 20:34:30,493 INFO [run_teacher] [393/1787] pope_random_719_random_719
2026-08-16 20:34:35,816 INFO [run_teacher] [394/1787] pope_random_722_random_722
2026-08-16 20:34:39,881 INFO [run_teacher] [395/1787] pope_random_724_random_724
2026-08-16 20:34:44,363 INFO [run_teacher] [396/1787] pope_random_727_random_727
2026-08-16 20:34:49,137 INFO [run_teacher] [397/1787] pope_random_741_random_741
2026-08-16 20:34:53,860 INFO [run_teacher] [398/1787] pope_random_742_random_742
2026-08-16 20:34:58,600 INFO [run_teacher] [399/1787] pope_random_748_random_748
2026-08-16 20:35:03,699 INFO [run_teacher] [400/1787] pope_random_758_random_758
2026-08-16 20:35:07,264 INFO [run_teacher] [401/1787] pope_random_770_random_770
2026-08-16 20:35:12,704 INFO [run_teacher] [402/1787] pope_random_772_random_772
2026-08-16 20:35:17,436 INFO [run_teacher] [403/1787] pope_random_773_random_773
2026-08-16 20:35:21,993 INFO [run_teacher] [404/1787] pope_random_780_random_780
2026-08-16 20:35:27,200 INFO [run_teacher] [405/1787] pope_random_788_random_788
2026-08-16 20:35:32,715 INFO [run_teacher] [406/1787] pope_random_795_random_795
2026-08-16 20:35:37,230 INFO [run_teacher] [407/1787] pope_random_796_random_796
2026-08-16 20:35:41,953 INFO [run_teacher] [408/1787] pope_random_797_random_797
2026-08-16 20:35:46,510 INFO [run_teacher] [409/1787] pope_random_798_random_798
2026-08-16 20:35:51,850 INFO [run_teacher] [410/1787] pope_random_799_random_799
2026-08-16 20:35:56,340 INFO [run_teacher] [411/1787] pope_random_803_random_803
2026-08-16 20:36:00,622 INFO [run_teacher] [412/1787] pope_random_805_random_805
2026-08-16 20:36:05,429 INFO [run_teacher] [413/1787] pope_random_811_random_811
2026-08-16 20:36:11,335 INFO [run_teacher] [414/1787] pope_random_814_random_814
2026-08-16 20:36:16,859 INFO [run_teacher] [415/1787] pope_random_816_random_816
2026-08-16 20:36:21,774 INFO [run_teacher] [416/1787] pope_random_817_random_817
2026-08-16 20:36:27,139 INFO [run_teacher] [417/1787] pope_random_818_random_818
2026-08-16 20:36:33,520 INFO [run_teacher] [418/1787] pope_random_824_random_824
2026-08-16 20:36:39,835 INFO [run_teacher] [419/1787] pope_random_827_random_827
2026-08-16 20:36:45,333 INFO [run_teacher] [420/1787] pope_random_833_random_833
2026-08-16 20:36:49,990 INFO [run_teacher] [421/1787] pope_random_844_random_844
2026-08-16 20:36:56,013 INFO [run_teacher] [422/1787] pope_random_852_random_852
2026-08-16 20:37:01,011 INFO [run_teacher] [423/1787] pope_random_854_random_854
2026-08-16 20:37:05,884 INFO [run_teacher] [424/1787] pope_random_855_random_855
2026-08-16 20:37:09,966 INFO [run_teacher] [425/1787] pope_random_856_random_856
2026-08-16 20:37:14,165 INFO [run_teacher] [426/1787] pope_random_860_random_860
2026-08-16 20:37:20,155 INFO [run_teacher] [427/1787] pope_random_865_random_865
2026-08-16 20:37:24,145 INFO [run_teacher] [428/1787] pope_random_869_random_869
2026-08-16 20:37:28,344 INFO [run_teacher] [429/1787] pope_random_870_random_870
2026-08-16 20:37:33,501 INFO [run_teacher] [430/1787] pope_random_873_random_873
2026-08-16 20:37:38,724 INFO [run_teacher] [431/1787] pope_random_875_random_875
2026-08-16 20:37:44,039 INFO [run_teacher] [432/1787] pope_random_876_random_876
2026-08-16 20:37:49,346 INFO [run_teacher] [433/1787] pope_random_878_random_878
2026-08-16 20:37:54,219 INFO [run_teacher] [434/1787] pope_random_883_random_883
2026-08-16 20:37:57,918 INFO [run_teacher] [435/1787] pope_random_891_random_891
2026-08-16 20:38:02,908 INFO [run_teacher] [436/1787] pope_random_898_random_898
2026-08-16 20:38:07,473 INFO [run_teacher] [437/1787] pope_random_907_random_907
2026-08-16 20:38:12,080 INFO [run_teacher] [438/1787] pope_random_910_random_910
2026-08-16 20:38:16,737 INFO [run_teacher] [439/1787] pope_random_911_random_911
2026-08-16 20:38:21,561 INFO [run_teacher] [440/1787] pope_random_916_random_916
2026-08-16 20:38:26,792 INFO [run_teacher] [441/1787] pope_random_926_random_926
2026-08-16 20:38:33,149 INFO [run_teacher] [442/1787] pope_random_933_random_933
2026-08-16 20:38:38,913 INFO [run_teacher] [443/1787] pope_random_941_random_941
2026-08-16 20:38:44,270 INFO [run_teacher] [444/1787] pope_random_942_random_942
2026-08-16 20:38:48,827 INFO [run_teacher] [445/1787] pope_random_952_random_952
2026-08-16 20:38:54,009 INFO [run_teacher] [446/1787] pope_random_956_random_956
2026-08-16 20:39:00,165 INFO [run_teacher] [447/1787] pope_random_959_random_959
2026-08-16 20:39:04,897 INFO [run_teacher] [448/1787] pope_random_965_random_965
2026-08-16 20:39:09,470 INFO [run_teacher] [449/1787] pope_random_967_random_967
2026-08-16 20:39:14,244 INFO [run_teacher] [450/1787] pope_random_971_random_971
2026-08-16 20:39:19,067 INFO [run_teacher] [451/1787] pope_random_974_random_974
2026-08-16 20:39:24,357 INFO [run_teacher] [452/1787] pope_random_977_random_977
2026-08-16 20:39:28,373 INFO [run_teacher] [453/1787] pope_random_978_random_978
2026-08-16 20:39:33,563 INFO [run_teacher] [454/1787] pope_random_980_random_980
2026-08-16 20:39:39,036 INFO [run_teacher] [455/1787] pope_random_984_random_984
2026-08-16 20:39:44,226 INFO [run_teacher] [456/1787] pope_random_989_random_989
2026-08-16 20:39:49,658 INFO [run_teacher] [457/1787] pope_random_990_random_990
2026-08-16 20:39:54,731 INFO [run_teacher] [458/1787] pope_random_995_random_995
2026-08-16 20:39:59,521 INFO [run_teacher] [459/1787] pope_random_998_random_998
2026-08-16 20:40:06,277 INFO [run_teacher] [460/1787] pope_random_1001_random_1001
2026-08-16 20:40:11,776 INFO [run_teacher] [461/1787] pope_random_1002_random_1002
2026-08-16 20:40:16,866 INFO [run_teacher] [462/1787] pope_random_1013_random_1013
2026-08-16 20:40:21,581 INFO [run_teacher] [463/1787] pope_random_1027_random_1027
2026-08-16 20:40:26,612 INFO [run_teacher] [464/1787] pope_random_1029_random_1029
2026-08-16 20:40:31,944 INFO [run_teacher] [465/1787] pope_random_1034_random_1034
2026-08-16 20:40:37,434 INFO [run_teacher] [466/1787] pope_random_1040_random_1040
2026-08-16 20:40:42,841 INFO [run_teacher] [467/1787] pope_random_1045_random_1045
2026-08-16 20:40:48,172 INFO [run_teacher] [468/1787] pope_random_1046_random_1046
2026-08-16 20:40:54,004 INFO [run_teacher] [469/1787] pope_random_1053_random_1053
2026-08-16 20:40:59,061 INFO [run_teacher] [470/1787] pope_random_1055_random_1055
2026-08-16 20:41:03,984 INFO [run_teacher] [471/1787] pope_random_1064_random_1064
2026-08-16 20:41:08,499 INFO [run_teacher] [472/1787] pope_random_1066_random_1066
2026-08-16 20:41:12,989 INFO [run_teacher] [473/1787] pope_random_1067_random_1067
2026-08-16 20:41:17,863 INFO [run_teacher] [474/1787] pope_random_1069_random_1069
2026-08-16 20:41:23,211 INFO [run_teacher] [475/1787] pope_random_1072_random_1072
2026-08-16 20:41:28,959 INFO [run_teacher] [476/1787] pope_random_1076_random_1076
2026-08-16 20:41:33,816 INFO [run_teacher] [477/1787] pope_random_1078_random_1078
2026-08-16 20:41:39,014 INFO [run_teacher] [478/1787] pope_random_1081_random_1081
2026-08-16 20:41:44,712 INFO [run_teacher] [479/1787] pope_random_1083_random_1083
2026-08-16 20:41:50,569 INFO [run_teacher] [480/1787] pope_random_1087_random_1087
2026-08-16 20:41:55,967 INFO [run_teacher] [481/1787] pope_random_1092_random_1092
2026-08-16 20:42:00,174 INFO [run_teacher] [482/1787] pope_random_1094_random_1094
2026-08-16 20:42:04,689 INFO [run_teacher] [483/1787] pope_random_1095_random_1095
2026-08-16 20:42:09,113 INFO [run_teacher] [484/1787] pope_random_1099_random_1099
2026-08-16 20:42:14,153 INFO [run_teacher] [485/1787] pope_random_1100_random_1100
2026-08-16 20:42:19,426 INFO [run_teacher] [486/1787] pope_random_1103_random_1103
2026-08-16 20:42:24,775 INFO [run_teacher] [487/1787] pope_random_1104_random_1104
2026-08-16 20:42:29,348 INFO [run_teacher] [488/1787] pope_random_1108_random_1108
2026-08-16 20:42:34,855 INFO [run_teacher] [489/1787] pope_random_1114_random_1114
2026-08-16 20:42:39,487 INFO [run_teacher] [490/1787] pope_random_1117_random_1117
2026-08-16 20:42:44,294 INFO [run_teacher] [491/1787] pope_random_1119_random_1119
2026-08-16 20:42:48,942 INFO [run_teacher] [492/1787] pope_random_1123_random_1123
2026-08-16 20:42:54,507 INFO [run_teacher] [493/1787] pope_random_1124_random_1124
2026-08-16 20:42:59,955 INFO [run_teacher] [494/1787] pope_random_1125_random_1125
2026-08-16 20:43:04,512 INFO [run_teacher] [495/1787] pope_random_1128_random_1128
2026-08-16 20:43:08,344 INFO [run_teacher] [496/1787] pope_random_1129_random_1129
2026-08-16 20:43:12,326 INFO [run_teacher] [497/1787] pope_random_1137_random_1137
2026-08-16 20:43:17,417 INFO [run_teacher] [498/1787] pope_random_1149_random_1149
2026-08-16 20:43:21,974 INFO [run_teacher] [499/1787] pope_random_1152_random_1152
2026-08-16 20:43:27,547 INFO [run_teacher] [500/1787] pope_random_1154_random_1154
2026-08-16 20:43:32,320 INFO [run_teacher] [501/1787] pope_random_1162_random_1162
2026-08-16 20:43:38,860 INFO [run_teacher] [502/1787] pope_random_1164_random_1164
2026-08-16 20:43:44,825 INFO [run_teacher] [503/1787] pope_random_1165_random_1165
2026-08-16 20:43:49,631 INFO [run_teacher] [504/1787] pope_random_1170_random_1170
2026-08-16 20:43:56,171 INFO [run_teacher] [505/1787] pope_random_1176_random_1176
2026-08-16 20:44:02,252 INFO [run_teacher] [506/1787] pope_random_1179_random_1179
2026-08-16 20:44:07,659 INFO [run_teacher] [507/1787] pope_random_1180_random_1180
2026-08-16 20:44:12,957 INFO [run_teacher] [508/1787] pope_random_1185_random_1185
2026-08-16 20:44:17,956 INFO [run_teacher] [509/1787] pope_random_1186_random_1186
2026-08-16 20:44:24,429 INFO [run_teacher] [510/1787] pope_random_1189_random_1189
2026-08-16 20:44:30,468 INFO [run_teacher] [511/1787] pope_random_1198_random_1198
2026-08-16 20:44:37,758 INFO [run_teacher] [512/1787] pope_random_1202_random_1202
2026-08-16 20:44:43,489 INFO [run_teacher] [513/1787] pope_random_1213_random_1213
2026-08-16 20:44:48,621 INFO [run_teacher] [514/1787] pope_random_1217_random_1217
2026-08-16 20:44:53,861 INFO [run_teacher] [515/1787] pope_random_1218_random_1218
2026-08-16 20:45:00,326 INFO [run_teacher] [516/1787] pope_random_1222_random_1222
2026-08-16 20:45:06,640 INFO [run_teacher] [517/1787] pope_random_1224_random_1224
2026-08-16 20:45:10,822 INFO [run_teacher] [518/1787] pope_random_1229_random_1229
2026-08-16 20:45:15,854 INFO [run_teacher] [519/1787] pope_random_1230_random_1230
2026-08-16 20:45:21,136 INFO [run_teacher] [520/1787] pope_random_1234_random_1234
2026-08-16 20:45:26,351 INFO [run_teacher] [521/1787] pope_random_1235_random_1235
2026-08-16 20:45:31,066 INFO [run_teacher] [522/1787] pope_random_1237_random_1237
2026-08-16 20:45:36,489 INFO [run_teacher] [523/1787] pope_random_1245_random_1245
2026-08-16 20:45:41,588 INFO [run_teacher] [524/1787] pope_random_1246_random_1246
2026-08-16 20:45:45,970 INFO [run_teacher] [525/1787] pope_random_1248_random_1248
2026-08-16 20:45:50,635 INFO [run_teacher] [526/1787] pope_random_1254_random_1254
2026-08-16 20:45:55,275 INFO [run_teacher] [527/1787] pope_random_1256_random_1256
2026-08-16 20:46:00,448 INFO [run_teacher] [528/1787] pope_random_1258_random_1258
2026-08-16 20:46:05,880 INFO [run_teacher] [529/1787] pope_random_1265_random_1265
2026-08-16 20:46:10,520 INFO [run_teacher] [530/1787] pope_random_1266_random_1266
2026-08-16 20:46:16,252 INFO [run_teacher] [531/1787] pope_random_1272_random_1272
2026-08-16 20:46:21,700 INFO [run_teacher] [532/1787] pope_random_1282_random_1282
2026-08-16 20:46:26,698 INFO [run_teacher] [533/1787] pope_random_1288_random_1288
2026-08-16 20:46:32,347 INFO [run_teacher] [534/1787] pope_random_1298_random_1298
2026-08-16 20:46:37,770 INFO [run_teacher] [535/1787] pope_random_1300_random_1300
2026-08-16 20:46:43,227 INFO [run_teacher] [536/1787] pope_random_1303_random_1303
2026-08-16 20:46:48,758 INFO [run_teacher] [537/1787] pope_random_1311_random_1311
2026-08-16 20:46:53,707 INFO [run_teacher] [538/1787] pope_random_1312_random_1312
2026-08-16 20:46:59,813 INFO [run_teacher] [539/1787] pope_random_1314_random_1314
2026-08-16 20:47:04,403 INFO [run_teacher] [540/1787] pope_random_1315_random_1315
2026-08-16 20:47:08,910 INFO [run_teacher] [541/1787] pope_random_1318_random_1318
2026-08-16 20:47:13,833 INFO [run_teacher] [542/1787] pope_random_1323_random_1323
2026-08-16 20:47:18,649 INFO [run_teacher] [543/1787] pope_random_1326_random_1326
2026-08-16 20:47:24,105 INFO [run_teacher] [544/1787] pope_random_1327_random_1327
2026-08-16 20:47:28,754 INFO [run_teacher] [545/1787] pope_random_1332_random_1332
2026-08-16 20:47:34,669 INFO [run_teacher] [546/1787] pope_random_1334_random_1334
2026-08-16 20:47:40,275 INFO [run_teacher] [547/1787] pope_random_1347_random_1347
2026-08-16 20:47:44,465 INFO [run_teacher] [548/1787] pope_random_1348_random_1348
2026-08-16 20:47:49,047 INFO [run_teacher] [549/1787] pope_random_1349_random_1349
2026-08-16 20:47:53,071 INFO [run_teacher] [550/1787] pope_random_1355_random_1355
2026-08-16 20:47:58,844 INFO [run_teacher] [551/1787] pope_random_1361_random_1361
2026-08-16 20:48:04,068 INFO [run_teacher] [552/1787] pope_random_1362_random_1362
2026-08-16 20:48:09,841 INFO [run_teacher] [553/1787] pope_random_1363_random_1363
2026-08-16 20:48:15,880 INFO [run_teacher] [554/1787] pope_random_1365_random_1365
2026-08-16 20:48:21,645 INFO [run_teacher] [555/1787] pope_random_1372_random_1372
2026-08-16 20:48:27,343 INFO [run_teacher] [556/1787] pope_random_1379_random_1379
2026-08-16 20:48:32,700 INFO [run_teacher] [557/1787] pope_random_1380_random_1380
2026-08-16 20:48:37,732 INFO [run_teacher] [558/1787] pope_random_1383_random_1383
2026-08-16 20:48:42,314 INFO [run_teacher] [559/1787] pope_random_1387_random_1387
2026-08-16 20:48:47,779 INFO [run_teacher] [560/1787] pope_random_1389_random_1389
2026-08-16 20:48:52,710 INFO [run_teacher] [561/1787] pope_random_1392_random_1392
2026-08-16 20:48:57,259 INFO [run_teacher] [562/1787] pope_random_1393_random_1393
2026-08-16 20:49:02,224 INFO [run_teacher] [563/1787] pope_random_1395_random_1395
2026-08-16 20:49:07,572 INFO [run_teacher] [564/1787] pope_random_1396_random_1396
2026-08-16 20:49:12,987 INFO [run_teacher] [565/1787] pope_random_1400_random_1400
2026-08-16 20:49:18,602 INFO [run_teacher] [566/1787] pope_random_1402_random_1402
2026-08-16 20:49:23,775 INFO [run_teacher] [567/1787] pope_random_1403_random_1403
2026-08-16 20:49:28,457 INFO [run_teacher] [568/1787] pope_random_1404_random_1404
2026-08-16 20:49:32,997 INFO [run_teacher] [569/1787] pope_random_1405_random_1405
2026-08-16 20:49:38,637 INFO [run_teacher] [570/1787] pope_random_1409_random_1409
2026-08-16 20:49:44,061 INFO [run_teacher] [571/1787] pope_random_1410_random_1410
2026-08-16 20:49:49,850 INFO [run_teacher] [572/1787] pope_random_1411_random_1411
2026-08-16 20:49:55,449 INFO [run_teacher] [573/1787] pope_random_1418_random_1418
2026-08-16 20:50:01,422 INFO [run_teacher] [574/1787] pope_random_1420_random_1420
2026-08-16 20:50:07,228 INFO [run_teacher] [575/1787] pope_random_1423_random_1423
2026-08-16 20:50:11,035 INFO [run_teacher] [576/1787] pope_random_1424_random_1424
2026-08-16 20:50:16,751 INFO [run_teacher] [577/1787] pope_random_1429_random_1429
2026-08-16 20:50:21,699 INFO [run_teacher] [578/1787] pope_random_1430_random_1430
2026-08-16 20:50:25,681 INFO [run_teacher] [579/1787] pope_random_1438_random_1438
2026-08-16 20:50:31,246 INFO [run_teacher] [580/1787] pope_random_1443_random_1443
2026-08-16 20:50:36,186 INFO [run_teacher] [581/1787] pope_random_1444_random_1444
2026-08-16 20:50:41,643 INFO [run_teacher] [582/1787] pope_random_1445_random_1445
2026-08-16 20:50:46,708 INFO [run_teacher] [583/1787] pope_random_1448_random_1448
2026-08-16 20:50:52,489 INFO [run_teacher] [584/1787] pope_random_1453_random_1453
2026-08-16 20:50:57,379 INFO [run_teacher] [585/1787] pope_random_1454_random_1454
2026-08-16 20:51:02,927 INFO [run_teacher] [586/1787] pope_random_1459_random_1459
2026-08-16 20:51:07,526 INFO [run_teacher] [587/1787] pope_random_1465_random_1465
2026-08-16 20:51:13,432 INFO [run_teacher] [588/1787] pope_random_1467_random_1467
2026-08-16 20:51:19,355 INFO [run_teacher] [589/1787] pope_random_1469_random_1469
2026-08-16 20:51:25,129 INFO [run_teacher] [590/1787] pope_random_1473_random_1473
2026-08-16 20:51:30,169 INFO [run_teacher] [591/1787] pope_random_1483_random_1483
2026-08-16 20:51:34,675 INFO [run_teacher] [592/1787] pope_random_1484_random_1484
2026-08-16 20:51:39,241 INFO [run_teacher] [593/1787] pope_random_1485_random_1485
2026-08-16 20:51:43,123 INFO [run_teacher] [594/1787] pope_random_1487_random_1487
2026-08-16 20:51:46,797 INFO [run_teacher] [595/1787] pope_random_1501_random_1501
2026-08-16 20:51:51,595 INFO [run_teacher] [596/1787] pope_random_1507_random_1507
2026-08-16 20:51:56,444 INFO [run_teacher] [597/1787] pope_random_1523_random_1523
2026-08-16 20:52:01,067 INFO [run_teacher] [598/1787] pope_random_1524_random_1524
2026-08-16 20:52:05,691 INFO [run_teacher] [599/1787] pope_random_1526_random_1526
2026-08-16 20:52:10,247 INFO [run_teacher] [600/1787] pope_random_1531_random_1531
2026-08-16 20:52:15,704 INFO [run_teacher] [601/1787] pope_random_1532_random_1532
2026-08-16 20:52:21,769 INFO [run_teacher] [602/1787] pope_random_1540_random_1540
2026-08-16 20:52:26,242 INFO [run_teacher] [603/1787] pope_random_1549_random_1549
2026-08-16 20:52:31,399 INFO [run_teacher] [604/1787] pope_random_1552_random_1552
2026-08-16 20:52:36,339 INFO [run_teacher] [605/1787] pope_random_1553_random_1553
2026-08-16 20:52:41,962 INFO [run_teacher] [606/1787] pope_random_1568_random_1568
2026-08-16 20:52:48,035 INFO [run_teacher] [607/1787] pope_random_1571_random_1571
2026-08-16 20:52:53,567 INFO [run_teacher] [608/1787] pope_random_1573_random_1573
2026-08-16 20:52:59,123 INFO [run_teacher] [609/1787] pope_random_1576_random_1576
2026-08-16 20:53:04,997 INFO [run_teacher] [610/1787] pope_random_1579_random_1579
2026-08-16 20:53:09,062 INFO [run_teacher] [611/1787] pope_random_1582_random_1582
2026-08-16 20:53:14,652 INFO [run_teacher] [612/1787] pope_random_1585_random_1585
2026-08-16 20:53:20,017 INFO [run_teacher] [613/1787] pope_random_1589_random_1589
2026-08-16 20:53:25,698 INFO [run_teacher] [614/1787] pope_random_1592_random_1592
2026-08-16 20:53:31,005 INFO [run_teacher] [615/1787] pope_random_1593_random_1593
2026-08-16 20:53:36,345 INFO [run_teacher] [616/1787] pope_random_1599_random_1599
2026-08-16 20:53:41,777 INFO [run_teacher] [617/1787] pope_random_1601_random_1601
2026-08-16 20:53:47,008 INFO [run_teacher] [618/1787] pope_random_1604_random_1604
2026-08-16 20:53:52,332 INFO [run_teacher] [619/1787] pope_random_1605_random_1605
2026-08-16 20:53:58,371 INFO [run_teacher] [620/1787] pope_random_1609_random_1609
2026-08-16 20:54:03,570 INFO [run_teacher] [621/1787] pope_random_1612_random_1612
2026-08-16 20:54:08,685 INFO [run_teacher] [622/1787] pope_random_1618_random_1618
2026-08-16 20:54:13,809 INFO [run_teacher] [623/1787] pope_random_1627_random_1627
2026-08-16 20:54:18,624 INFO [run_teacher] [624/1787] pope_random_1628_random_1628
2026-08-16 20:54:23,589 INFO [run_teacher] [625/1787] pope_random_1633_random_1633
2026-08-16 20:54:27,796 INFO [run_teacher] [626/1787] pope_random_1636_random_1636
2026-08-16 20:54:32,269 INFO [run_teacher] [627/1787] pope_random_1642_random_1642
2026-08-16 20:54:37,826 INFO [run_teacher] [628/1787] pope_random_1647_random_1647
2026-08-16 20:54:43,516 INFO [run_teacher] [629/1787] pope_random_1649_random_1649
2026-08-16 20:54:49,089 INFO [run_teacher] [630/1787] pope_random_1653_random_1653
2026-08-16 20:54:55,245 INFO [run_teacher] [631/1787] pope_random_1654_random_1654
2026-08-16 20:55:00,052 INFO [run_teacher] [632/1787] pope_random_1655_random_1655
2026-08-16 20:55:05,576 INFO [run_teacher] [633/1787] pope_random_1656_random_1656
2026-08-16 20:55:10,932 INFO [run_teacher] [634/1787] pope_random_1657_random_1657
2026-08-16 20:55:16,197 INFO [run_teacher] [635/1787] pope_random_1664_random_1664
2026-08-16 20:55:21,404 INFO [run_teacher] [636/1787] pope_random_1665_random_1665
2026-08-16 20:55:26,735 INFO [run_teacher] [637/1787] pope_random_1666_random_1666
2026-08-16 20:55:32,167 INFO [run_teacher] [638/1787] pope_random_1667_random_1667
2026-08-16 20:55:36,749 INFO [run_teacher] [639/1787] pope_random_1673_random_1673
2026-08-16 20:55:42,081 INFO [run_teacher] [640/1787] pope_random_1675_random_1675
2026-08-16 20:55:47,062 INFO [run_teacher] [641/1787] pope_random_1680_random_1680
2026-08-16 20:55:51,927 INFO [run_teacher] [642/1787] pope_random_1686_random_1686
2026-08-16 20:55:58,901 INFO [run_teacher] [643/1787] pope_random_1687_random_1687
2026-08-16 20:56:04,790 INFO [run_teacher] [644/1787] pope_random_1690_random_1690
2026-08-16 20:56:10,696 INFO [run_teacher] [645/1787] pope_random_1693_random_1693
2026-08-16 20:56:15,603 INFO [run_teacher] [646/1787] pope_random_1697_random_1697
2026-08-16 20:56:21,235 INFO [run_teacher] [647/1787] pope_random_1703_random_1703
2026-08-16 20:56:26,550 INFO [run_teacher] [648/1787] pope_random_1704_random_1704
2026-08-16 20:56:30,832 INFO [run_teacher] [649/1787] pope_random_1706_random_1706
2026-08-16 20:56:35,322 INFO [run_teacher] [650/1787] pope_random_1709_random_1709
2026-08-16 20:56:39,862 INFO [run_teacher] [651/1787] pope_random_1719_random_1719
2026-08-16 20:56:45,244 INFO [run_teacher] [652/1787] pope_random_1724_random_1724
2026-08-16 20:56:50,684 INFO [run_teacher] [653/1787] pope_random_1731_random_1731
2026-08-16 20:56:56,074 INFO [run_teacher] [654/1787] pope_random_1733_random_1733
2026-08-16 20:57:01,414 INFO [run_teacher] [655/1787] pope_random_1745_random_1745
2026-08-16 20:57:07,903 INFO [run_teacher] [656/1787] pope_random_1758_random_1758
2026-08-16 20:57:13,585 INFO [run_teacher] [657/1787] pope_random_1759_random_1759
2026-08-16 20:57:19,841 INFO [run_teacher] [658/1787] pope_random_1766_random_1766
2026-08-16 20:57:24,956 INFO [run_teacher] [659/1787] pope_random_1772_random_1772
2026-08-16 20:57:30,813 INFO [run_teacher] [660/1787] pope_random_1775_random_1775
2026-08-16 20:57:36,303 INFO [run_teacher] [661/1787] pope_random_1779_random_1779
2026-08-16 20:57:41,384 INFO [run_teacher] [662/1787] pope_random_1791_random_1791
2026-08-16 20:57:47,449 INFO [run_teacher] [663/1787] pope_random_1794_random_1794
2026-08-16 20:57:52,031 INFO [run_teacher] [664/1787] pope_random_1796_random_1796
2026-08-16 20:57:58,129 INFO [run_teacher] [665/1787] pope_random_1797_random_1797
2026-08-16 20:58:03,127 INFO [run_teacher] [666/1787] pope_random_1799_random_1799
2026-08-16 20:58:08,217 INFO [run_teacher] [667/1787] pope_random_1800_random_1800
2026-08-16 20:58:14,557 INFO [run_teacher] [668/1787] pope_random_1801_random_1801
2026-08-16 20:58:19,706 INFO [run_teacher] [669/1787] pope_random_1803_random_1803
2026-08-16 20:58:24,671 INFO [run_teacher] [670/1787] pope_random_1804_random_1804
2026-08-16 20:58:29,519 INFO [run_teacher] [671/1787] pope_random_1807_random_1807
2026-08-16 20:58:34,418 INFO [run_teacher] [672/1787] pope_random_1821_random_1821
2026-08-16 20:58:39,558 INFO [run_teacher] [673/1787] pope_random_1823_random_1823
2026-08-16 20:58:44,556 INFO [run_teacher] [674/1787] pope_random_1830_random_1830
2026-08-16 20:58:50,071 INFO [run_teacher] [675/1787] pope_random_1831_random_1831
2026-08-16 20:58:55,519 INFO [run_teacher] [676/1787] pope_random_1834_random_1834
2026-08-16 20:59:01,084 INFO [run_teacher] [677/1787] pope_random_1835_random_1835
2026-08-16 20:59:06,424 INFO [run_teacher] [678/1787] pope_random_1839_random_1839
2026-08-16 20:59:11,106 INFO [run_teacher] [679/1787] pope_random_1840_random_1840
2026-08-16 20:59:15,130 INFO [run_teacher] [680/1787] pope_random_1849_random_1849
2026-08-16 20:59:20,178 INFO [run_teacher] [681/1787] pope_random_1854_random_1854
2026-08-16 20:59:25,685 INFO [run_teacher] [682/1787] pope_random_1869_random_1869
2026-08-16 20:59:30,225 INFO [run_teacher] [683/1787] pope_random_1871_random_1871
2026-08-16 20:59:35,674 INFO [run_teacher] [684/1787] pope_random_1872_random_1872
2026-08-16 20:59:41,480 INFO [run_teacher] [685/1787] pope_random_1877_random_1877
2026-08-16 20:59:46,353 INFO [run_teacher] [686/1787] pope_random_1882_random_1882
2026-08-16 20:59:51,102 INFO [run_teacher] [687/1787] pope_random_1889_random_1889
2026-08-16 20:59:55,792 INFO [run_teacher] [688/1787] pope_random_1892_random_1892
2026-08-16 21:00:01,648 INFO [run_teacher] [689/1787] pope_random_1893_random_1893
2026-08-16 21:00:07,013 INFO [run_teacher] [690/1787] pope_random_1896_random_1896
2026-08-16 21:00:13,038 INFO [run_teacher] [691/1787] pope_random_1897_random_1897
2026-08-16 21:00:18,004 INFO [run_teacher] [692/1787] pope_random_1899_random_1899
2026-08-16 21:00:23,201 INFO [run_teacher] [693/1787] pope_random_1901_random_1901
2026-08-16 21:00:28,467 INFO [run_teacher] [694/1787] pope_random_1904_random_1904
2026-08-16 21:00:33,265 INFO [run_teacher] [695/1787] pope_random_1905_random_1905
2026-08-16 21:00:38,463 INFO [run_teacher] [696/1787] pope_random_1907_random_1907
2026-08-16 21:00:42,820 INFO [run_teacher] [697/1787] pope_random_1909_random_1909
2026-08-16 21:00:48,269 INFO [run_teacher] [698/1787] pope_random_1910_random_1910
2026-08-16 21:00:54,358 INFO [run_teacher] [699/1787] pope_random_1914_random_1914
2026-08-16 21:00:59,165 INFO [run_teacher] [700/1787] pope_random_1916_random_1916
2026-08-16 21:01:04,047 INFO [run_teacher] [701/1787] pope_random_1923_random_1923
2026-08-16 21:01:08,304 INFO [run_teacher] [702/1787] pope_random_1924_random_1924
2026-08-16 21:01:13,977 INFO [run_teacher] [703/1787] pope_random_1926_random_1926
2026-08-16 21:01:19,000 INFO [run_teacher] [704/1787] pope_random_1928_random_1928
2026-08-16 21:01:24,566 INFO [run_teacher] [705/1787] pope_random_1934_random_1934
2026-08-16 21:01:30,097 INFO [run_teacher] [706/1787] pope_random_1941_random_1941
2026-08-16 21:01:34,929 INFO [run_teacher] [707/1787] pope_random_1943_random_1943
2026-08-16 21:01:40,136 INFO [run_teacher] [708/1787] pope_random_1962_random_1962
2026-08-16 21:01:44,193 INFO [run_teacher] [709/1787] pope_random_1968_random_1968
2026-08-16 21:01:48,625 INFO [run_teacher] [710/1787] pope_random_1969_random_1969
2026-08-16 21:01:53,915 INFO [run_teacher] [711/1787] pope_random_1971_random_1971
2026-08-16 21:01:58,513 INFO [run_teacher] [712/1787] pope_random_1972_random_1972
2026-08-16 21:02:04,411 INFO [run_teacher] [713/1787] pope_random_1977_random_1977
2026-08-16 21:02:09,227 INFO [run_teacher] [714/1787] pope_random_1980_random_1980
2026-08-16 21:02:14,966 INFO [run_teacher] [715/1787] pope_random_1986_random_1986
2026-08-16 21:02:19,290 INFO [run_teacher] [716/1787] pope_random_1988_random_1988
2026-08-16 21:02:24,263 INFO [run_teacher] [717/1787] pope_random_1990_random_1990
2026-08-16 21:02:30,245 INFO [run_teacher] [718/1787] pope_random_1998_random_1998
2026-08-16 21:02:38,417 INFO [run_teacher] [719/1787] pope_random_1999_random_1999
2026-08-16 21:02:46,365 INFO [run_teacher] [720/1787] pope_random_2000_random_2000
2026-08-16 21:02:51,763 INFO [run_teacher] [721/1787] pope_random_2004_random_2004
2026-08-16 21:02:56,770 INFO [run_teacher] [722/1787] pope_random_2006_random_2006
2026-08-16 21:03:02,201 INFO [run_teacher] [723/1787] pope_random_2007_random_2007
2026-08-16 21:03:06,992 INFO [run_teacher] [724/1787] pope_random_2014_random_2014
2026-08-16 21:03:12,415 INFO [run_teacher] [725/1787] pope_random_2015_random_2015
2026-08-16 21:03:17,821 INFO [run_teacher] [726/1787] pope_random_2018_random_2018
2026-08-16 21:03:23,086 INFO [run_teacher] [727/1787] pope_random_2020_random_2020
2026-08-16 21:03:29,351 INFO [run_teacher] [728/1787] pope_random_2022_random_2022
2026-08-16 21:03:35,474 INFO [run_teacher] [729/1787] pope_random_2023_random_2023
2026-08-16 21:03:40,639 INFO [run_teacher] [730/1787] pope_random_2025_random_2025
2026-08-16 21:03:46,604 INFO [run_teacher] [731/1787] pope_random_2029_random_2029
2026-08-16 21:03:52,577 INFO [run_teacher] [732/1787] pope_random_2030_random_2030
2026-08-16 21:03:58,508 INFO [run_teacher] [733/1787] pope_random_2031_random_2031
2026-08-16 21:04:03,990 INFO [run_teacher] [734/1787] pope_random_2034_random_2034
2026-08-16 21:04:09,505 INFO [run_teacher] [735/1787] pope_random_2037_random_2037
2026-08-16 21:04:14,995 INFO [run_teacher] [736/1787] pope_random_2042_random_2042
2026-08-16 21:04:20,951 INFO [run_teacher] [737/1787] pope_random_2048_random_2048
2026-08-16 21:04:25,750 INFO [run_teacher] [738/1787] pope_random_2050_random_2050
2026-08-16 21:04:30,848 INFO [run_teacher] [739/1787] pope_random_2051_random_2051
2026-08-16 21:04:35,921 INFO [run_teacher] [740/1787] pope_random_2053_random_2053
2026-08-16 21:04:41,136 INFO [run_teacher] [741/1787] pope_random_2055_random_2055
2026-08-16 21:04:46,152 INFO [run_teacher] [742/1787] pope_random_2058_random_2058
2026-08-16 21:04:50,975 INFO [run_teacher] [743/1787] pope_random_2062_random_2062
2026-08-16 21:04:56,107 INFO [run_teacher] [744/1787] pope_random_2064_random_2064
2026-08-16 21:05:02,255 INFO [run_teacher] [745/1787] pope_random_2067_random_2067
2026-08-16 21:05:07,778 INFO [run_teacher] [746/1787] pope_random_2070_random_2070
2026-08-16 21:05:14,059 INFO [run_teacher] [747/1787] pope_random_2073_random_2073
2026-08-16 21:05:19,233 INFO [run_teacher] [748/1787] pope_random_2077_random_2077
2026-08-16 21:05:24,382 INFO [run_teacher] [749/1787] pope_random_2087_random_2087
2026-08-16 21:05:29,397 INFO [run_teacher] [750/1787] pope_random_2089_random_2089
2026-08-16 21:05:34,628 INFO [run_teacher] [751/1787] pope_random_2090_random_2090
2026-08-16 21:05:39,802 INFO [run_teacher] [752/1787] pope_random_2091_random_2091
2026-08-16 21:05:44,792 INFO [run_teacher] [753/1787] pope_random_2098_random_2098
2026-08-16 21:05:50,565 INFO [run_teacher] [754/1787] pope_random_2101_random_2101
2026-08-16 21:05:55,405 INFO [run_teacher] [755/1787] pope_random_2102_random_2102
2026-08-16 21:05:59,687 INFO [run_teacher] [756/1787] pope_random_2107_random_2107
2026-08-16 21:06:06,676 INFO [run_teacher] [757/1787] pope_random_2116_random_2116
2026-08-16 21:06:11,558 INFO [run_teacher] [758/1787] pope_random_2118_random_2118
2026-08-16 21:06:16,440 INFO [run_teacher] [759/1787] pope_random_2120_random_2120
2026-08-16 21:06:21,405 INFO [run_teacher] [760/1787] pope_random_2123_random_2123
2026-08-16 21:06:25,878 INFO [run_teacher] [761/1787] pope_random_2124_random_2124
2026-08-16 21:06:31,793 INFO [run_teacher] [762/1787] pope_random_2127_random_2127
2026-08-16 21:06:37,741 INFO [run_teacher] [763/1787] pope_random_2129_random_2129
2026-08-16 21:06:43,872 INFO [run_teacher] [764/1787] pope_random_2134_random_2134
2026-08-16 21:06:49,779 INFO [run_teacher] [765/1787] pope_random_2139_random_2139
2026-08-16 21:06:54,511 INFO [run_teacher] [766/1787] pope_random_2140_random_2140
2026-08-16 21:06:59,526 INFO [run_teacher] [767/1787] pope_random_2144_random_2144
2026-08-16 21:07:05,082 INFO [run_teacher] [768/1787] pope_random_2145_random_2145
2026-08-16 21:07:10,556 INFO [run_teacher] [769/1787] pope_random_2150_random_2150
2026-08-16 21:07:15,837 INFO [run_teacher] [770/1787] pope_random_2155_random_2155
2026-08-16 21:07:20,827 INFO [run_teacher] [771/1787] pope_random_2160_random_2160
2026-08-16 21:07:26,842 INFO [run_teacher] [772/1787] pope_random_2163_random_2163
2026-08-16 21:07:32,282 INFO [run_teacher] [773/1787] pope_random_2167_random_2167
2026-08-16 21:07:37,647 INFO [run_teacher] [774/1787] pope_random_2170_random_2170
2026-08-16 21:07:42,987 INFO [run_teacher] [775/1787] pope_random_2176_random_2176
2026-08-16 21:07:48,902 INFO [run_teacher] [776/1787] pope_random_2179_random_2179
2026-08-16 21:07:54,167 INFO [run_teacher] [777/1787] pope_random_2184_random_2184
2026-08-16 21:07:59,407 INFO [run_teacher] [778/1787] pope_random_2192_random_2192
2026-08-16 21:08:04,855 INFO [run_teacher] [779/1787] pope_random_2193_random_2193
2026-08-16 21:08:10,195 INFO [run_teacher] [780/1787] pope_random_2196_random_2196
2026-08-16 21:08:14,252 INFO [run_teacher] [781/1787] pope_random_2204_random_2204
2026-08-16 21:08:19,409 INFO [run_teacher] [782/1787] pope_random_2205_random_2205
2026-08-16 21:08:23,940 INFO [run_teacher] [783/1787] pope_random_2207_random_2207
2026-08-16 21:08:28,547 INFO [run_teacher] [784/1787] pope_random_2209_random_2209
2026-08-16 21:08:33,087 INFO [run_teacher] [785/1787] pope_random_2211_random_2211
2026-08-16 21:08:38,586 INFO [run_teacher] [786/1787] pope_random_2218_random_2218
2026-08-16 21:08:44,700 INFO [run_teacher] [787/1787] pope_random_2219_random_2219
2026-08-16 21:08:50,107 INFO [run_teacher] [788/1787] pope_random_2220_random_2220
2026-08-16 21:08:54,914 INFO [run_teacher] [789/1787] pope_random_2225_random_2225
2026-08-16 21:09:00,046 INFO [run_teacher] [790/1787] pope_random_2227_random_2227
2026-08-16 21:09:05,252 INFO [run_teacher] [791/1787] pope_random_2240_random_2240
2026-08-16 21:09:10,034 INFO [run_teacher] [792/1787] pope_random_2241_random_2241
2026-08-16 21:09:15,391 INFO [run_teacher] [793/1787] pope_random_2242_random_2242
2026-08-16 21:09:20,847 INFO [run_teacher] [794/1787] pope_random_2254_random_2254
2026-08-16 21:09:26,429 INFO [run_teacher] [795/1787] pope_random_2255_random_2255
2026-08-16 21:09:31,394 INFO [run_teacher] [796/1787] pope_random_2257_random_2257
2026-08-16 21:09:36,117 INFO [run_teacher] [797/1787] pope_random_2271_random_2271
2026-08-16 21:09:41,383 INFO [run_teacher] [798/1787] pope_random_2282_random_2282
2026-08-16 21:09:46,098 INFO [run_teacher] [799/1787] pope_random_2289_random_2289
2026-08-16 21:09:50,722 INFO [run_teacher] [800/1787] pope_random_2290_random_2290
2026-08-16 21:09:55,745 INFO [run_teacher] [801/1787] pope_random_2294_random_2294
2026-08-16 21:10:00,535 INFO [run_teacher] [802/1787] pope_random_2295_random_2295
2026-08-16 21:10:05,658 INFO [run_teacher] [803/1787] pope_random_2296_random_2296
2026-08-16 21:10:11,115 INFO [run_teacher] [804/1787] pope_random_2298_random_2298
2026-08-16 21:10:15,622 INFO [run_teacher] [805/1787] pope_random_2299_random_2299
2026-08-16 21:10:20,612 INFO [run_teacher] [806/1787] pope_random_2301_random_2301
2026-08-16 21:10:25,427 INFO [run_teacher] [807/1787] pope_random_2302_random_2302
2026-08-16 21:10:29,892 INFO [run_teacher] [808/1787] pope_random_2309_random_2309
2026-08-16 21:10:35,899 INFO [run_teacher] [809/1787] pope_random_2312_random_2312
2026-08-16 21:10:41,988 INFO [run_teacher] [810/1787] pope_random_2313_random_2313
2026-08-16 21:10:47,295 INFO [run_teacher] [811/1787] pope_random_2315_random_2315
2026-08-16 21:10:52,552 INFO [run_teacher] [812/1787] pope_random_2319_random_2319
2026-08-16 21:10:57,575 INFO [run_teacher] [813/1787] pope_random_2323_random_2323
2026-08-16 21:11:03,057 INFO [run_teacher] [814/1787] pope_random_2328_random_2328
2026-08-16 21:11:08,272 INFO [run_teacher] [815/1787] pope_random_2333_random_2333
2026-08-16 21:11:13,803 INFO [run_teacher] [816/1787] pope_random_2335_random_2335
2026-08-16 21:11:18,310 INFO [run_teacher] [817/1787] pope_random_2338_random_2338
2026-08-16 21:11:23,500 INFO [run_teacher] [818/1787] pope_random_2339_random_2339
2026-08-16 21:11:27,832 INFO [run_teacher] [819/1787] pope_random_2346_random_2346
2026-08-16 21:11:32,805 INFO [run_teacher] [820/1787] pope_random_2350_random_2350
2026-08-16 21:11:38,887 INFO [run_teacher] [821/1787] pope_random_2355_random_2355
2026-08-16 21:11:43,877 INFO [run_teacher] [822/1787] pope_random_2359_random_2359
2026-08-16 21:11:49,208 INFO [run_teacher] [823/1787] pope_random_2360_random_2360
2026-08-16 21:11:54,690 INFO [run_teacher] [824/1787] pope_random_2362_random_2362
2026-08-16 21:12:01,246 INFO [run_teacher] [825/1787] pope_random_2363_random_2363
2026-08-16 21:12:06,544 INFO [run_teacher] [826/1787] pope_random_2368_random_2368
2026-08-16 21:12:11,701 INFO [run_teacher] [827/1787] pope_random_2371_random_2371
2026-08-16 21:12:17,058 INFO [run_teacher] [828/1787] pope_random_2373_random_2373
2026-08-16 21:12:22,998 INFO [run_teacher] [829/1787] pope_random_2374_random_2374
2026-08-16 21:12:28,296 INFO [run_teacher] [830/1787] pope_random_2378_random_2378
2026-08-16 21:12:33,244 INFO [run_teacher] [831/1787] pope_random_2379_random_2379
2026-08-16 21:12:38,651 INFO [run_teacher] [832/1787] pope_random_2383_random_2383
2026-08-16 21:12:44,166 INFO [run_teacher] [833/1787] pope_random_2395_random_2395
2026-08-16 21:12:49,906 INFO [run_teacher] [834/1787] pope_random_2401_random_2401
2026-08-16 21:12:54,854 INFO [run_teacher] [835/1787] pope_random_2407_random_2407
2026-08-16 21:13:01,302 INFO [run_teacher] [836/1787] pope_random_2408_random_2408
2026-08-16 21:13:07,017 INFO [run_teacher] [837/1787] pope_random_2417_random_2417
2026-08-16 21:13:12,748 INFO [run_teacher] [838/1787] pope_random_2425_random_2425
2026-08-16 21:13:17,397 INFO [run_teacher] [839/1787] pope_random_2428_random_2428
2026-08-16 21:13:22,554 INFO [run_teacher] [840/1787] pope_random_2430_random_2430
2026-08-16 21:13:28,477 INFO [run_teacher] [841/1787] pope_random_2437_random_2437
2026-08-16 21:13:34,000 INFO [run_teacher] [842/1787] pope_random_2438_random_2438
2026-08-16 21:13:39,881 INFO [run_teacher] [843/1787] pope_random_2441_random_2441
2026-08-16 21:13:44,972 INFO [run_teacher] [844/1787] pope_random_2442_random_2442
2026-08-16 21:13:48,912 INFO [run_teacher] [845/1787] pope_random_2445_random_2445
2026-08-16 21:13:53,369 INFO [run_teacher] [846/1787] pope_random_2448_random_2448
2026-08-16 21:13:59,276 INFO [run_teacher] [847/1787] pope_random_2458_random_2458
2026-08-16 21:14:04,824 INFO [run_teacher] [848/1787] pope_random_2466_random_2466
2026-08-16 21:14:11,064 INFO [run_teacher] [849/1787] pope_random_2468_random_2468
2026-08-16 21:14:16,512 INFO [run_teacher] [850/1787] pope_random_2471_random_2471
2026-08-16 21:14:22,502 INFO [run_teacher] [851/1787] pope_random_2478_random_2478
2026-08-16 21:14:28,333 INFO [run_teacher] [852/1787] pope_random_2479_random_2479
2026-08-16 21:14:33,356 INFO [run_teacher] [853/1787] pope_random_2480_random_2480
2026-08-16 21:14:37,872 INFO [run_teacher] [854/1787] pope_random_2483_random_2483
2026-08-16 21:14:42,337 INFO [run_teacher] [855/1787] pope_random_2488_random_2488
2026-08-16 21:14:46,785 INFO [run_teacher] [856/1787] pope_random_2489_random_2489
2026-08-16 21:14:52,292 INFO [run_teacher] [857/1787] pope_random_2490_random_2490
2026-08-16 21:14:55,841 INFO [run_teacher] [858/1787] pope_random_2492_random_2492
2026-08-16 21:15:01,797 INFO [run_teacher] [859/1787] pope_random_2493_random_2493
2026-08-16 21:15:06,038 INFO [run_teacher] [860/1787] pope_random_2495_random_2495
2026-08-16 21:15:10,270 INFO [run_teacher] [861/1787] pope_random_2501_random_2501
2026-08-16 21:15:15,443 INFO [run_teacher] [862/1787] pope_random_2503_random_2503
2026-08-16 21:15:20,000 INFO [run_teacher] [863/1787] pope_random_2505_random_2505
2026-08-16 21:15:24,590 INFO [run_teacher] [864/1787] pope_random_2506_random_2506
2026-08-16 21:15:29,072 INFO [run_teacher] [865/1787] pope_random_2508_random_2508
2026-08-16 21:15:33,687 INFO [run_teacher] [866/1787] pope_random_2510_random_2510
2026-08-16 21:15:40,085 INFO [run_teacher] [867/1787] pope_random_2514_random_2514
2026-08-16 21:15:44,867 INFO [run_teacher] [868/1787] pope_random_2516_random_2516
2026-08-16 21:15:50,257 INFO [run_teacher] [869/1787] pope_random_2519_random_2519
2026-08-16 21:15:55,530 INFO [run_teacher] [870/1787] pope_random_2520_random_2520
2026-08-16 21:16:00,612 INFO [run_teacher] [871/1787] pope_random_2521_random_2521
2026-08-16 21:16:05,777 INFO [run_teacher] [872/1787] pope_random_2527_random_2527
2026-08-16 21:16:10,600 INFO [run_teacher] [873/1787] pope_random_2531_random_2531
2026-08-16 21:16:14,916 INFO [run_teacher] [874/1787] pope_random_2535_random_2535
2026-08-16 21:16:20,722 INFO [run_teacher] [875/1787] pope_random_2536_random_2536
2026-08-16 21:16:26,154 INFO [run_teacher] [876/1787] pope_random_2538_random_2538
2026-08-16 21:16:31,777 INFO [run_teacher] [877/1787] pope_random_2546_random_2546
2026-08-16 21:16:36,117 INFO [run_teacher] [878/1787] pope_random_2548_random_2548
2026-08-16 21:16:41,907 INFO [run_teacher] [879/1787] pope_random_2549_random_2549
2026-08-16 21:16:46,505 INFO [run_teacher] [880/1787] pope_random_2552_random_2552
2026-08-16 21:16:51,562 INFO [run_teacher] [881/1787] pope_random_2559_random_2559
2026-08-16 21:16:57,044 INFO [run_teacher] [882/1787] pope_random_2560_random_2560
2026-08-16 21:17:02,200 INFO [run_teacher] [883/1787] pope_random_2567_random_2567
2026-08-16 21:17:06,732 INFO [run_teacher] [884/1787] pope_random_2568_random_2568
2026-08-16 21:17:11,331 INFO [run_teacher] [885/1787] pope_random_2579_random_2579
2026-08-16 21:17:16,171 INFO [run_teacher] [886/1787] pope_random_2585_random_2585
2026-08-16 21:17:21,044 INFO [run_teacher] [887/1787] pope_random_2586_random_2586
2026-08-16 21:17:25,368 INFO [run_teacher] [888/1787] pope_random_2587_random_2587
2026-08-16 21:17:30,266 INFO [run_teacher] [889/1787] pope_random_2592_random_2592
2026-08-16 21:17:34,548 INFO [run_teacher] [890/1787] pope_random_2593_random_2593
2026-08-16 21:17:39,163 INFO [run_teacher] [891/1787] pope_random_2596_random_2596
2026-08-16 21:17:44,312 INFO [run_teacher] [892/1787] pope_random_2599_random_2599
2026-08-16 21:17:50,110 INFO [run_teacher] [893/1787] pope_random_2609_random_2609
2026-08-16 21:17:55,567 INFO [run_teacher] [894/1787] pope_random_2612_random_2612
2026-08-16 21:18:01,090 INFO [run_teacher] [895/1787] pope_random_2621_random_2621
2026-08-16 21:18:05,989 INFO [run_teacher] [896/1787] pope_random_2625_random_2625
2026-08-16 21:18:10,812 INFO [run_teacher] [897/1787] pope_random_2628_random_2628
2026-08-16 21:18:17,018 INFO [run_teacher] [898/1787] pope_random_2629_random_2629
2026-08-16 21:18:22,258 INFO [run_teacher] [899/1787] pope_random_2634_random_2634
2026-08-16 21:18:27,931 INFO [run_teacher] [900/1787] pope_random_2637_random_2637
2026-08-16 21:18:32,871 INFO [run_teacher] [901/1787] pope_random_2644_random_2644
2026-08-16 21:18:37,887 INFO [run_teacher] [902/1787] pope_random_2652_random_2652
2026-08-16 21:18:42,169 INFO [run_teacher] [903/1787] pope_random_2654_random_2654
2026-08-16 21:18:46,334 INFO [run_teacher] [904/1787] pope_random_2658_random_2658
2026-08-16 21:18:52,515 INFO [run_teacher] [905/1787] pope_random_2680_random_2680
2026-08-16 21:18:58,188 INFO [run_teacher] [906/1787] pope_random_2682_random_2682
2026-08-16 21:19:03,645 INFO [run_teacher] [907/1787] pope_random_2695_random_2695
2026-08-16 21:19:08,952 INFO [run_teacher] [908/1787] pope_random_2699_random_2699
2026-08-16 21:19:14,267 INFO [run_teacher] [909/1787] pope_random_2701_random_2701
2026-08-16 21:19:17,824 INFO [run_teacher] [910/1787] pope_random_2715_random_2715
2026-08-16 21:19:23,689 INFO [run_teacher] [911/1787] pope_random_2719_random_2719
2026-08-16 21:19:29,512 INFO [run_teacher] [912/1787] pope_random_2720_random_2720
2026-08-16 21:19:34,252 INFO [run_teacher] [913/1787] pope_random_2722_random_2722
2026-08-16 21:19:39,634 INFO [run_teacher] [914/1787] pope_random_2730_random_2730
2026-08-16 21:19:45,107 INFO [run_teacher] [915/1787] pope_random_2735_random_2735
2026-08-16 21:19:50,355 INFO [run_teacher] [916/1787] pope_random_2736_random_2736
2026-08-16 21:19:55,445 INFO [run_teacher] [917/1787] pope_random_2737_random_2737
2026-08-16 21:20:00,085 INFO [run_teacher] [918/1787] pope_random_2738_random_2738
2026-08-16 21:20:04,726 INFO [run_teacher] [919/1787] pope_random_2743_random_2743
2026-08-16 21:20:10,332 INFO [run_teacher] [920/1787] pope_random_2748_random_2748
2026-08-16 21:20:15,689 INFO [run_teacher] [921/1787] pope_random_2758_random_2758
2026-08-16 21:20:20,412 INFO [run_teacher] [922/1787] pope_random_2760_random_2760
2026-08-16 21:20:26,260 INFO [run_teacher] [923/1787] pope_random_2761_random_2761
2026-08-16 21:20:31,275 INFO [run_teacher] [924/1787] pope_random_2768_random_2768
2026-08-16 21:20:38,290 INFO [run_teacher] [925/1787] pope_random_2780_random_2780
2026-08-16 21:20:44,288 INFO [run_teacher] [926/1787] pope_random_2785_random_2785
2026-08-16 21:20:49,969 INFO [run_teacher] [927/1787] pope_random_2786_random_2786
2026-08-16 21:20:55,634 INFO [run_teacher] [928/1787] pope_random_2787_random_2787
2026-08-16 21:21:00,533 INFO [run_teacher] [929/1787] pope_random_2789_random_2789
2026-08-16 21:21:05,498 INFO [run_teacher] [930/1787] pope_random_2793_random_2793
2026-08-16 21:21:10,263 INFO [run_teacher] [931/1787] pope_random_2801_random_2801
2026-08-16 21:21:15,328 INFO [run_teacher] [932/1787] pope_random_2813_random_2813
2026-08-16 21:21:21,151 INFO [run_teacher] [933/1787] pope_random_2814_random_2814
2026-08-16 21:21:26,208 INFO [run_teacher] [934/1787] pope_random_2819_random_2819
2026-08-16 21:21:32,148 INFO [run_teacher] [935/1787] pope_random_2833_random_2833
2026-08-16 21:21:37,146 INFO [run_teacher] [936/1787] pope_random_2835_random_2835
2026-08-16 21:21:42,144 INFO [run_teacher] [937/1787] pope_random_2837_random_2837
2026-08-16 21:21:47,151 INFO [run_teacher] [938/1787] pope_random_2840_random_2840
2026-08-16 21:21:52,399 INFO [run_teacher] [939/1787] pope_random_2841_random_2841
2026-08-16 21:21:57,589 INFO [run_teacher] [940/1787] pope_random_2854_random_2854
2026-08-16 21:22:03,046 INFO [run_teacher] [941/1787] pope_random_2857_random_2857
2026-08-16 21:22:07,719 INFO [run_teacher] [942/1787] pope_random_2858_random_2858
2026-08-16 21:22:12,818 INFO [run_teacher] [943/1787] pope_random_2862_random_2862
2026-08-16 21:22:17,792 INFO [run_teacher] [944/1787] pope_random_2866_random_2866
2026-08-16 21:22:21,799 INFO [run_teacher] [945/1787] pope_random_2868_random_2868
2026-08-16 21:22:26,389 INFO [run_teacher] [946/1787] pope_random_2870_random_2870
2026-08-16 21:22:31,662 INFO [run_teacher] [947/1787] pope_random_2871_random_2871
2026-08-16 21:22:36,253 INFO [run_teacher] [948/1787] pope_random_2874_random_2874
2026-08-16 21:22:41,343 INFO [run_teacher] [949/1787] pope_random_2888_random_2888
2026-08-16 21:22:45,391 INFO [run_teacher] [950/1787] pope_random_2899_random_2899
2026-08-16 21:22:51,356 INFO [run_teacher] [951/1787] pope_random_2905_random_2905
2026-08-16 21:22:56,579 INFO [run_teacher] [952/1787] pope_random_2906_random_2906
2026-08-16 21:23:01,353 INFO [run_teacher] [953/1787] pope_random_2910_random_2910
2026-08-16 21:23:07,393 INFO [run_teacher] [954/1787] pope_random_2915_random_2915
2026-08-16 21:23:12,724 INFO [run_teacher] [955/1787] pope_random_2916_random_2916
2026-08-16 21:23:18,548 INFO [run_teacher] [956/1787] pope_random_2918_random_2918
2026-08-16 21:23:23,629 INFO [run_teacher] [957/1787] pope_random_2919_random_2919
2026-08-16 21:23:27,953 INFO [run_teacher] [958/1787] pope_random_2924_random_2924
2026-08-16 21:23:34,043 INFO [run_teacher] [959/1787] pope_random_2926_random_2926
2026-08-16 21:23:38,708 INFO [run_teacher] [960/1787] pope_random_2932_random_2932
2026-08-16 21:23:44,556 INFO [run_teacher] [961/1787] pope_random_2933_random_2933
2026-08-16 21:23:50,121 INFO [run_teacher] [962/1787] pope_random_2934_random_2934
2026-08-16 21:23:55,586 INFO [run_teacher] [963/1787] pope_random_2935_random_2935
2026-08-16 21:24:01,001 INFO [run_teacher] [964/1787] pope_random_2941_random_2941
2026-08-16 21:24:06,491 INFO [run_teacher] [965/1787] pope_random_2944_random_2944
2026-08-16 21:24:12,189 INFO [run_teacher] [966/1787] pope_random_2948_random_2948
2026-08-16 21:24:17,079 INFO [run_teacher] [967/1787] pope_random_2953_random_2953
2026-08-16 21:24:21,911 INFO [run_teacher] [968/1787] pope_random_2957_random_2957
2026-08-16 21:24:27,309 INFO [run_teacher] [969/1787] pope_random_2958_random_2958
2026-08-16 21:24:33,124 INFO [run_teacher] [970/1787] pope_random_2962_random_2962
2026-08-16 21:24:38,622 INFO [run_teacher] [971/1787] pope_random_2970_random_2970
2026-08-16 21:24:43,021 INFO [run_teacher] [972/1787] pope_random_2978_random_2978
2026-08-16 21:24:48,336 INFO [run_teacher] [973/1787] pope_random_2981_random_2981
2026-08-16 21:24:53,292 INFO [run_teacher] [974/1787] pope_random_2983_random_2983
2026-08-16 21:24:58,133 INFO [run_teacher] [975/1787] pope_random_2986_random_2986
2026-08-16 21:25:03,664 INFO [run_teacher] [976/1787] pope_random_2987_random_2987
2026-08-16 21:25:09,196 INFO [run_teacher] [977/1787] pope_random_2988_random_2988
2026-08-16 21:25:14,252 INFO [run_teacher] [978/1787] vizwiz_VizWiz_val_00000004_4
2026-08-16 21:25:23,066 INFO [run_teacher] [979/1787] vizwiz_VizWiz_val_00000007_7
2026-08-16 21:25:36,545 INFO [run_teacher] [980/1787] vizwiz_VizWiz_val_00000013_13
2026-08-16 21:25:49,008 INFO [run_teacher] [981/1787] vizwiz_VizWiz_val_00000019_19
2026-08-16 21:25:57,322 INFO [run_teacher] [982/1787] vizwiz_VizWiz_val_00000023_23
2026-08-16 21:26:06,686 INFO [run_teacher] [983/1787] vizwiz_VizWiz_val_00000037_37
2026-08-16 21:26:25,963 INFO [run_teacher] [984/1787] vizwiz_VizWiz_val_00000039_39
2026-08-16 21:26:38,318 INFO [run_teacher] [985/1787] vizwiz_VizWiz_val_00000040_40
2026-08-16 21:26:57,086 INFO [run_teacher] [986/1787] vizwiz_VizWiz_val_00000041_41
2026-08-16 21:27:14,605 INFO [run_teacher] [987/1787] vizwiz_VizWiz_val_00000047_47
2026-08-16 21:27:29,075 INFO [run_teacher] [988/1787] vizwiz_VizWiz_val_00000050_50
2026-08-16 21:27:44,537 INFO [run_teacher] [989/1787] vizwiz_VizWiz_val_00000054_54
2026-08-16 21:27:51,759 INFO [run_teacher] [990/1787] vizwiz_VizWiz_val_00000057_57
2026-08-16 21:28:02,256 INFO [run_teacher] [991/1787] vizwiz_VizWiz_val_00000058_58
2026-08-16 21:28:18,101 INFO [run_teacher] [992/1787] vizwiz_VizWiz_val_00000060_60
2026-08-16 21:28:42,218 INFO [run_teacher] [993/1787] vizwiz_VizWiz_val_00000066_66
2026-08-16 21:28:55,922 INFO [run_teacher] [994/1787] vizwiz_VizWiz_val_00000071_71
2026-08-16 21:29:08,801 INFO [run_teacher] [995/1787] vizwiz_VizWiz_val_00000075_75
2026-08-16 21:29:18,664 INFO [run_teacher] [996/1787] vizwiz_VizWiz_val_00000080_80
2026-08-16 21:29:29,628 INFO [run_teacher] [997/1787] vizwiz_VizWiz_val_00000081_81
2026-08-16 21:29:52,045 INFO [run_teacher] [998/1787] vizwiz_VizWiz_val_00000088_88
2026-08-16 21:30:13,330 INFO [run_teacher] [999/1787] vizwiz_VizWiz_val_00000090_90
2026-08-16 21:30:18,153 INFO [run_teacher] [1000/1787] vizwiz_VizWiz_val_00000093_93
2026-08-16 21:30:33,806 INFO [run_teacher] [1001/1787] vizwiz_VizWiz_val_00000096_96
2026-08-16 21:30:45,878 INFO [run_teacher] [1002/1787] vizwiz_VizWiz_val_00000100_100
2026-08-16 21:30:55,808 INFO [run_teacher] [1003/1787] vizwiz_VizWiz_val_00000107_107
2026-08-16 21:31:14,502 INFO [run_teacher] [1004/1787] vizwiz_VizWiz_val_00000120_120
2026-08-16 21:31:26,081 INFO [run_teacher] [1005/1787] vizwiz_VizWiz_val_00000123_123
2026-08-16 21:31:39,527 INFO [run_teacher] [1006/1787] vizwiz_VizWiz_val_00000125_125
2026-08-16 21:31:51,523 INFO [run_teacher] [1007/1787] vizwiz_VizWiz_val_00000130_130
2026-08-16 21:32:03,453 INFO [run_teacher] [1008/1787] vizwiz_VizWiz_val_00000150_150
2026-08-16 21:32:31,510 INFO [run_teacher] [1009/1787] vizwiz_VizWiz_val_00000152_152
2026-08-16 21:32:39,566 INFO [run_teacher] [1010/1787] vizwiz_VizWiz_val_00000154_154
2026-08-16 21:32:56,885 INFO [run_teacher] [1011/1787] vizwiz_VizWiz_val_00000155_155
2026-08-16 21:33:03,600 INFO [run_teacher] [1012/1787] vizwiz_VizWiz_val_00000157_157
2026-08-16 21:33:51,692 INFO [run_teacher] [1013/1787] vizwiz_VizWiz_val_00000162_162
2026-08-16 21:34:32,162 INFO [run_teacher] [1014/1787] vizwiz_VizWiz_val_00000170_170
2026-08-16 21:34:43,666 INFO [run_teacher] [1015/1787] vizwiz_VizWiz_val_00000171_171
2026-08-16 21:34:53,047 INFO [run_teacher] [1016/1787] vizwiz_VizWiz_val_00000172_172
2026-08-16 21:35:07,125 INFO [run_teacher] [1017/1787] vizwiz_VizWiz_val_00000173_173
2026-08-16 21:35:15,314 INFO [run_teacher] [1018/1787] vizwiz_VizWiz_val_00000181_181
2026-08-16 21:35:21,404 INFO [run_teacher] [1019/1787] vizwiz_VizWiz_val_00000207_207
2026-08-16 21:35:35,025 INFO [run_teacher] [1020/1787] vizwiz_VizWiz_val_00000212_212
2026-08-16 21:35:49,845 INFO [run_teacher] [1021/1787] vizwiz_VizWiz_val_00000213_213
2026-08-16 21:36:09,072 INFO [run_teacher] [1022/1787] vizwiz_VizWiz_val_00000218_218
2026-08-16 21:36:23,792 INFO [run_teacher] [1023/1787] vizwiz_VizWiz_val_00000222_222
2026-08-16 21:36:33,088 INFO [run_teacher] [1024/1787] vizwiz_VizWiz_val_00000228_228
2026-08-16 21:36:46,726 INFO [run_teacher] [1025/1787] vizwiz_VizWiz_val_00000230_230
2026-08-16 21:37:03,078 INFO [run_teacher] [1026/1787] vizwiz_VizWiz_val_00000234_234
2026-08-16 21:37:25,996 INFO [run_teacher] [1027/1787] vizwiz_VizWiz_val_00000240_240
2026-08-16 21:37:48,122 INFO [run_teacher] [1028/1787] vizwiz_VizWiz_val_00000241_241
2026-08-16 21:38:00,276 INFO [run_teacher] [1029/1787] vizwiz_VizWiz_val_00000249_249
2026-08-16 21:38:15,988 INFO [run_teacher] [1030/1787] vizwiz_VizWiz_val_00000253_253
2026-08-16 21:38:28,759 INFO [run_teacher] [1031/1787] vizwiz_VizWiz_val_00000254_254
2026-08-16 21:38:39,464 INFO [run_teacher] [1032/1787] vizwiz_VizWiz_val_00000259_259
2026-08-16 21:38:56,091 INFO [run_teacher] [1033/1787] vizwiz_VizWiz_val_00000263_263
2026-08-16 21:39:01,573 INFO [run_teacher] [1034/1787] vizwiz_VizWiz_val_00000264_264
2026-08-16 21:39:38,494 INFO [run_teacher] [1035/1787] vizwiz_VizWiz_val_00000267_267
2026-08-16 21:39:48,716 INFO [run_teacher] [1036/1787] vizwiz_VizWiz_val_00000268_268
2026-08-16 21:40:02,453 INFO [run_teacher] [1037/1787] vizwiz_VizWiz_val_00000269_269
2026-08-16 21:40:21,655 INFO [run_teacher] [1038/1787] vizwiz_VizWiz_val_00000270_270
2026-08-16 21:40:33,076 INFO [run_teacher] [1039/1787] vizwiz_VizWiz_val_00000274_274
2026-08-16 21:40:44,556 INFO [run_teacher] [1040/1787] vizwiz_VizWiz_val_00000275_275
2026-08-16 21:40:56,894 INFO [run_teacher] [1041/1787] vizwiz_VizWiz_val_00000282_282
2026-08-16 21:41:07,982 INFO [run_teacher] [1042/1787] vizwiz_VizWiz_val_00000285_285
2026-08-16 21:41:12,713 INFO [run_teacher] [1043/1787] vizwiz_VizWiz_val_00000286_286
2026-08-16 21:41:26,067 INFO [run_teacher] [1044/1787] vizwiz_VizWiz_val_00000292_292
2026-08-16 21:41:39,646 INFO [run_teacher] [1045/1787] vizwiz_VizWiz_val_00000296_296
2026-08-16 21:41:58,790 INFO [run_teacher] [1046/1787] vizwiz_VizWiz_val_00000297_297
2026-08-16 21:42:06,054 INFO [run_teacher] [1047/1787] vizwiz_VizWiz_val_00000299_299
2026-08-16 21:42:17,001 INFO [run_teacher] [1048/1787] vizwiz_VizWiz_val_00000301_301
2026-08-16 21:42:41,618 INFO [run_teacher] [1049/1787] vizwiz_VizWiz_val_00000302_302
2026-08-16 21:42:57,337 INFO [run_teacher] [1050/1787] vizwiz_VizWiz_val_00000306_306
2026-08-16 21:43:10,058 INFO [run_teacher] [1051/1787] vizwiz_VizWiz_val_00000309_309
2026-08-16 21:43:22,079 INFO [run_teacher] [1052/1787] vizwiz_VizWiz_val_00000312_312
2026-08-16 21:43:29,877 INFO [run_teacher] [1053/1787] vizwiz_VizWiz_val_00000314_314
2026-08-16 21:43:41,707 INFO [run_teacher] [1054/1787] vizwiz_VizWiz_val_00000316_316
2026-08-16 21:43:55,178 INFO [run_teacher] [1055/1787] vizwiz_VizWiz_val_00000323_323
2026-08-16 21:44:07,299 INFO [run_teacher] [1056/1787] vizwiz_VizWiz_val_00000325_325
2026-08-16 21:44:26,884 INFO [run_teacher] [1057/1787] vizwiz_VizWiz_val_00000326_326
2026-08-16 21:44:42,929 INFO [run_teacher] [1058/1787] vizwiz_VizWiz_val_00000345_345
2026-08-16 21:44:54,516 INFO [run_teacher] [1059/1787] vizwiz_VizWiz_val_00000351_351
2026-08-16 21:45:27,380 INFO [run_teacher] [1060/1787] vizwiz_VizWiz_val_00000354_354
2026-08-16 21:45:43,092 INFO [run_teacher] [1061/1787] vizwiz_VizWiz_val_00000357_357
2026-08-16 21:45:59,961 INFO [run_teacher] [1062/1787] vizwiz_VizWiz_val_00000360_360
2026-08-16 21:46:18,855 INFO [run_teacher] [1063/1787] vizwiz_VizWiz_val_00000363_363
2026-08-16 21:46:33,067 INFO [run_teacher] [1064/1787] vizwiz_VizWiz_val_00000367_367
2026-08-16 21:46:50,045 INFO [run_teacher] [1065/1787] vizwiz_VizWiz_val_00000370_370
2026-08-16 21:47:12,071 INFO [run_teacher] [1066/1787] vizwiz_VizWiz_val_00000374_374
2026-08-16 21:47:24,059 INFO [run_teacher] [1067/1787] vizwiz_VizWiz_val_00000378_378
2026-08-16 21:47:28,774 INFO [run_teacher] [1068/1787] vizwiz_VizWiz_val_00000380_380
2026-08-16 21:47:39,787 INFO [run_teacher] [1069/1787] vizwiz_VizWiz_val_00000382_382
2026-08-16 21:48:02,879 INFO [run_teacher] [1070/1787] vizwiz_VizWiz_val_00000384_384
2026-08-16 21:48:17,225 INFO [run_teacher] [1071/1787] vizwiz_VizWiz_val_00000387_387
2026-08-16 21:48:27,696 INFO [run_teacher] [1072/1787] vizwiz_VizWiz_val_00000400_400
2026-08-16 21:48:39,734 INFO [run_teacher] [1073/1787] vizwiz_VizWiz_val_00000405_405
2026-08-16 21:49:03,001 INFO [run_teacher] [1074/1787] vizwiz_VizWiz_val_00000407_407
2026-08-16 21:49:23,586 INFO [run_teacher] [1075/1787] vizwiz_VizWiz_val_00000408_408
2026-08-16 21:49:41,372 INFO [run_teacher] [1076/1787] vizwiz_VizWiz_val_00000409_409
2026-08-16 21:49:58,633 INFO [run_teacher] [1077/1787] vizwiz_VizWiz_val_00000411_411
2026-08-16 21:50:38,136 INFO [run_teacher] [1078/1787] vizwiz_VizWiz_val_00000413_413
2026-08-16 21:51:37,808 INFO [run_teacher] [1079/1787] vizwiz_VizWiz_val_00000415_415
2026-08-16 21:51:46,438 INFO [run_teacher] [1080/1787] vizwiz_VizWiz_val_00000423_423
2026-08-16 21:52:00,533 INFO [run_teacher] [1081/1787] vizwiz_VizWiz_val_00000427_427
2026-08-16 21:52:20,893 INFO [run_teacher] [1082/1787] vizwiz_VizWiz_val_00000428_428
2026-08-16 21:52:55,307 INFO [run_teacher] [1083/1787] vizwiz_VizWiz_val_00000429_429
2026-08-16 21:53:15,367 INFO [run_teacher] [1084/1787] vizwiz_VizWiz_val_00000431_431
2026-08-16 21:53:31,420 INFO [run_teacher] [1085/1787] vizwiz_VizWiz_val_00000436_436
2026-08-16 21:53:40,284 INFO [run_teacher] [1086/1787] vizwiz_VizWiz_val_00000442_442
2026-08-16 21:53:53,121 INFO [run_teacher] [1087/1787] vizwiz_VizWiz_val_00000448_448
2026-08-16 21:54:17,913 INFO [run_teacher] [1088/1787] vizwiz_VizWiz_val_00000450_450
2026-08-16 21:54:43,696 INFO [run_teacher] [1089/1787] vizwiz_VizWiz_val_00000451_451
2026-08-16 21:55:08,430 INFO [run_teacher] [1090/1787] vizwiz_VizWiz_val_00000452_452
2026-08-16 21:55:19,618 INFO [run_teacher] [1091/1787] vizwiz_VizWiz_val_00000453_453
2026-08-16 21:55:31,372 INFO [run_teacher] [1092/1787] vizwiz_VizWiz_val_00000475_475
2026-08-16 21:55:54,148 INFO [run_teacher] [1093/1787] vizwiz_VizWiz_val_00000478_478
2026-08-16 21:56:06,095 INFO [run_teacher] [1094/1787] vizwiz_VizWiz_val_00000492_492
2026-08-16 21:56:23,247 INFO [run_teacher] [1095/1787] vizwiz_VizWiz_val_00000496_496
2026-08-16 21:56:35,193 INFO [run_teacher] [1096/1787] vizwiz_VizWiz_val_00000497_497
2026-08-16 21:56:44,232 INFO [run_teacher] [1097/1787] vizwiz_VizWiz_val_00000499_499
2026-08-16 21:56:53,904 INFO [run_teacher] [1098/1787] vizwiz_VizWiz_val_00000504_504
2026-08-16 21:57:21,328 INFO [run_teacher] [1099/1787] vizwiz_VizWiz_val_00000505_505
2026-08-16 21:57:39,322 INFO [run_teacher] [1100/1787] vizwiz_VizWiz_val_00000509_509
2026-08-16 21:57:56,925 INFO [run_teacher] [1101/1787] vizwiz_VizWiz_val_00000511_511
2026-08-16 21:58:12,695 INFO [run_teacher] [1102/1787] vizwiz_VizWiz_val_00000516_516
2026-08-16 21:58:33,205 INFO [run_teacher] [1103/1787] vizwiz_VizWiz_val_00000522_522
2026-08-16 21:58:46,000 INFO [run_teacher] [1104/1787] vizwiz_VizWiz_val_00000523_523
2026-08-16 21:58:52,465 INFO [run_teacher] [1105/1787] vizwiz_VizWiz_val_00000531_531
2026-08-16 21:58:59,246 INFO [run_teacher] [1106/1787] vizwiz_VizWiz_val_00000544_544
2026-08-16 21:59:07,868 INFO [run_teacher] [1107/1787] vizwiz_VizWiz_val_00000551_551
2026-08-16 21:59:24,771 INFO [run_teacher] [1108/1787] vizwiz_VizWiz_val_00000557_557
2026-08-16 21:59:42,707 INFO [run_teacher] [1109/1787] vizwiz_VizWiz_val_00000559_559
2026-08-16 22:00:22,919 INFO [run_teacher] [1110/1787] vizwiz_VizWiz_val_00000569_569
2026-08-16 22:00:30,750 INFO [run_teacher] [1111/1787] vizwiz_VizWiz_val_00000570_570
2026-08-16 22:00:40,422 INFO [run_teacher] [1112/1787] vizwiz_VizWiz_val_00000572_572
2026-08-16 22:00:51,068 INFO [run_teacher] [1113/1787] vizwiz_VizWiz_val_00000573_573
2026-08-16 22:01:02,473 INFO [run_teacher] [1114/1787] vizwiz_VizWiz_val_00000575_575
2026-08-16 22:01:13,570 INFO [run_teacher] [1115/1787] vizwiz_VizWiz_val_00000577_577
2026-08-16 22:01:22,783 INFO [run_teacher] [1116/1787] vizwiz_VizWiz_val_00000579_579
2026-08-16 22:01:40,311 INFO [run_teacher] [1117/1787] vizwiz_VizWiz_val_00000584_584
2026-08-16 22:01:55,556 INFO [run_teacher] [1118/1787] vizwiz_VizWiz_val_00000585_585
2026-08-16 22:02:05,628 INFO [run_teacher] [1119/1787] vizwiz_VizWiz_val_00000589_589
2026-08-16 22:02:16,657 INFO [run_teacher] [1120/1787] vizwiz_VizWiz_val_00000597_597
2026-08-16 22:02:28,229 INFO [run_teacher] [1121/1787] vizwiz_VizWiz_val_00000602_602
2026-08-16 22:02:41,183 INFO [run_teacher] [1122/1787] vizwiz_VizWiz_val_00000604_604
2026-08-16 22:02:50,022 INFO [run_teacher] [1123/1787] vizwiz_VizWiz_val_00000615_615
2026-08-16 22:03:01,160 INFO [run_teacher] [1124/1787] vizwiz_VizWiz_val_00000619_619
2026-08-16 22:03:31,741 INFO [run_teacher] [1125/1787] vizwiz_VizWiz_val_00000629_629
2026-08-16 22:03:42,121 INFO [run_teacher] [1126/1787] vizwiz_VizWiz_val_00000633_633
2026-08-16 22:03:55,150 INFO [run_teacher] [1127/1787] vizwiz_VizWiz_val_00000634_634
2026-08-16 22:04:05,039 INFO [run_teacher] [1128/1787] vizwiz_VizWiz_val_00000635_635
2026-08-16 22:04:13,419 INFO [run_teacher] [1129/1787] vizwiz_VizWiz_val_00000639_639
2026-08-16 22:04:24,016 INFO [run_teacher] [1130/1787] vizwiz_VizWiz_val_00000643_643
2026-08-16 22:04:42,577 INFO [run_teacher] [1131/1787] vizwiz_VizWiz_val_00000644_644
2026-08-16 22:04:56,023 INFO [run_teacher] [1132/1787] vizwiz_VizWiz_val_00000647_647
2026-08-16 22:05:10,559 INFO [run_teacher] [1133/1787] vizwiz_VizWiz_val_00000657_657
2026-08-16 22:05:28,587 INFO [run_teacher] [1134/1787] vizwiz_VizWiz_val_00000663_663
2026-08-16 22:05:41,632 INFO [run_teacher] [1135/1787] vizwiz_VizWiz_val_00000668_668
2026-08-16 22:05:54,945 INFO [run_teacher] [1136/1787] vizwiz_VizWiz_val_00000673_673
2026-08-16 22:06:00,593 INFO [run_teacher] [1137/1787] vizwiz_VizWiz_val_00000676_676
2026-08-16 22:06:25,935 INFO [run_teacher] [1138/1787] vizwiz_VizWiz_val_00000685_685
2026-08-16 22:06:37,606 INFO [run_teacher] [1139/1787] vizwiz_VizWiz_val_00000690_690
2026-08-16 22:06:49,944 INFO [run_teacher] [1140/1787] vizwiz_VizWiz_val_00000692_692
2026-08-16 22:07:05,014 INFO [run_teacher] [1141/1787] vizwiz_VizWiz_val_00000693_693
2026-08-16 22:07:16,077 INFO [run_teacher] [1142/1787] vizwiz_VizWiz_val_00000700_700
2026-08-16 22:07:28,690 INFO [run_teacher] [1143/1787] vizwiz_VizWiz_val_00000702_702
2026-08-16 22:07:40,852 INFO [run_teacher] [1144/1787] vizwiz_VizWiz_val_00000706_706
2026-08-16 22:07:52,815 INFO [run_teacher] [1145/1787] vizwiz_VizWiz_val_00000712_712
2026-08-16 22:08:05,702 INFO [run_teacher] [1146/1787] vizwiz_VizWiz_val_00000715_715
2026-08-16 22:08:33,743 INFO [run_teacher] [1147/1787] vizwiz_VizWiz_val_00000724_724
2026-08-16 22:08:46,664 INFO [run_teacher] [1148/1787] vizwiz_VizWiz_val_00000735_735
2026-08-16 22:08:59,751 INFO [run_teacher] [1149/1787] vizwiz_VizWiz_val_00000738_738
2026-08-16 22:09:10,998 INFO [run_teacher] [1150/1787] vizwiz_VizWiz_val_00000739_739
2026-08-16 22:09:21,902 INFO [run_teacher] [1151/1787] vizwiz_VizWiz_val_00000740_740
2026-08-16 22:09:35,556 INFO [run_teacher] [1152/1787] vizwiz_VizWiz_val_00000741_741
2026-08-16 22:09:51,276 INFO [run_teacher] [1153/1787] vizwiz_VizWiz_val_00000743_743
2026-08-16 22:10:08,379 INFO [run_teacher] [1154/1787] vizwiz_VizWiz_val_00000760_760
2026-08-16 22:10:19,159 INFO [run_teacher] [1155/1787] vizwiz_VizWiz_val_00000766_766
2026-08-16 22:10:29,880 INFO [run_teacher] [1156/1787] vizwiz_VizWiz_val_00000775_775
2026-08-16 22:10:39,602 INFO [run_teacher] [1157/1787] vizwiz_VizWiz_val_00000784_784
2026-08-16 22:11:58,417 INFO [run_teacher] [1158/1787] vizwiz_VizWiz_val_00000785_785
2026-08-16 22:12:08,265 INFO [run_teacher] [1159/1787] vizwiz_VizWiz_val_00000792_792
2026-08-16 22:12:18,328 INFO [run_teacher] [1160/1787] vizwiz_VizWiz_val_00000796_796
2026-08-16 22:12:42,229 INFO [run_teacher] [1161/1787] vizwiz_VizWiz_val_00000801_801
2026-08-16 22:12:51,742 INFO [run_teacher] [1162/1787] vizwiz_VizWiz_val_00000805_805
2026-08-16 22:12:59,556 INFO [run_teacher] [1163/1787] vizwiz_VizWiz_val_00000808_808
2026-08-16 22:13:08,778 INFO [run_teacher] [1164/1787] vizwiz_VizWiz_val_00000816_816
2026-08-16 22:14:08,117 INFO [run_teacher] [1165/1787] vizwiz_VizWiz_val_00000822_822
2026-08-16 22:14:20,788 INFO [run_teacher] [1166/1787] vizwiz_VizWiz_val_00000828_828
2026-08-16 22:14:28,818 INFO [run_teacher] [1167/1787] vizwiz_VizWiz_val_00000829_829
2026-08-16 22:14:47,254 INFO [run_teacher] [1168/1787] vizwiz_VizWiz_val_00000836_836
2026-08-16 22:15:02,474 INFO [run_teacher] [1169/1787] vizwiz_VizWiz_val_00000839_839
2026-08-16 22:15:23,309 INFO [run_teacher] [1170/1787] vizwiz_VizWiz_val_00000840_840
2026-08-16 22:15:33,747 INFO [run_teacher] [1171/1787] vizwiz_VizWiz_val_00000841_841
2026-08-16 22:15:41,303 INFO [run_teacher] [1172/1787] vizwiz_VizWiz_val_00000847_847
2026-08-16 22:16:02,871 INFO [run_teacher] [1173/1787] vizwiz_VizWiz_val_00000851_851
2026-08-16 22:16:33,561 INFO [run_teacher] [1174/1787] vizwiz_VizWiz_val_00000852_852
2026-08-16 22:16:51,780 INFO [run_teacher] [1175/1787] vizwiz_VizWiz_val_00000854_854
2026-08-16 22:17:05,909 INFO [run_teacher] [1176/1787] vizwiz_VizWiz_val_00000859_859
2026-08-16 22:17:36,707 INFO [run_teacher] [1177/1787] vizwiz_VizWiz_val_00000865_865
2026-08-16 22:17:41,289 INFO [run_teacher] [1178/1787] vizwiz_VizWiz_val_00000874_874
2026-08-16 22:17:58,775 INFO [run_teacher] [1179/1787] vizwiz_VizWiz_val_00000875_875
2026-08-16 22:18:10,354 INFO [run_teacher] [1180/1787] vizwiz_VizWiz_val_00000877_877
2026-08-16 22:18:19,110 INFO [run_teacher] [1181/1787] vizwiz_VizWiz_val_00000879_879
2026-08-16 22:18:29,898 INFO [run_teacher] [1182/1787] vizwiz_VizWiz_val_00000887_887
2026-08-16 22:18:40,520 INFO [run_teacher] [1183/1787] vizwiz_VizWiz_val_00000888_888
2026-08-16 22:18:54,790 INFO [run_teacher] [1184/1787] vizwiz_VizWiz_val_00000890_890
2026-08-16 22:19:29,545 INFO [run_teacher] [1185/1787] vizwiz_VizWiz_val_00000891_891
2026-08-16 22:19:39,825 INFO [run_teacher] [1186/1787] vizwiz_VizWiz_val_00000893_893
2026-08-16 22:19:50,513 INFO [run_teacher] [1187/1787] vizwiz_VizWiz_val_00000895_895
2026-08-16 22:20:06,375 INFO [run_teacher] [1188/1787] vizwiz_VizWiz_val_00000901_901
2026-08-16 22:20:22,711 INFO [run_teacher] [1189/1787] vizwiz_VizWiz_val_00000904_904
2026-08-16 22:20:34,440 INFO [run_teacher] [1190/1787] vizwiz_VizWiz_val_00000910_910
2026-08-16 22:20:56,092 INFO [run_teacher] [1191/1787] vizwiz_VizWiz_val_00000914_914
2026-08-16 22:21:10,853 INFO [run_teacher] [1192/1787] vizwiz_VizWiz_val_00000916_916
2026-08-16 22:21:21,508 INFO [run_teacher] [1193/1787] vizwiz_VizWiz_val_00000917_917
2026-08-16 22:21:30,564 INFO [run_teacher] [1194/1787] vizwiz_VizWiz_val_00000922_922
2026-08-16 22:21:38,611 INFO [run_teacher] [1195/1787] vizwiz_VizWiz_val_00000927_927
2026-08-16 22:21:59,888 INFO [run_teacher] [1196/1787] vizwiz_VizWiz_val_00000928_928
2026-08-16 22:22:12,250 INFO [run_teacher] [1197/1787] vizwiz_VizWiz_val_00000929_929
2026-08-16 22:23:09,723 INFO [run_teacher] [1198/1787] vizwiz_VizWiz_val_00000937_937
2026-08-16 22:23:40,154 INFO [run_teacher] [1199/1787] vizwiz_VizWiz_val_00000962_962
2026-08-16 22:23:50,618 INFO [run_teacher] [1200/1787] vizwiz_VizWiz_val_00000966_966
2026-08-16 22:24:03,680 INFO [run_teacher] [1201/1787] vizwiz_VizWiz_val_00000967_967
2026-08-16 22:24:17,392 INFO [run_teacher] [1202/1787] vizwiz_VizWiz_val_00000968_968
2026-08-16 22:24:31,687 INFO [run_teacher] [1203/1787] vizwiz_VizWiz_val_00000969_969
2026-08-16 22:24:42,243 INFO [run_teacher] [1204/1787] vizwiz_VizWiz_val_00000972_972
2026-08-16 22:24:58,995 INFO [run_teacher] [1205/1787] vizwiz_VizWiz_val_00000973_973
2026-08-16 22:25:07,726 INFO [run_teacher] [1206/1787] vizwiz_VizWiz_val_00000974_974
2026-08-16 22:25:18,439 INFO [run_teacher] [1207/1787] vizwiz_VizWiz_val_00000977_977
2026-08-16 22:25:34,867 INFO [run_teacher] [1208/1787] vizwiz_VizWiz_val_00000979_979
2026-08-16 22:25:47,788 INFO [run_teacher] [1209/1787] vizwiz_VizWiz_val_00000981_981
2026-08-16 22:25:58,976 INFO [run_teacher] [1210/1787] vizwiz_VizWiz_val_00000988_988
2026-08-16 22:26:12,771 INFO [run_teacher] [1211/1787] vizwiz_VizWiz_val_00000990_990
2026-08-16 22:26:55,782 INFO [run_teacher] [1212/1787] vizwiz_VizWiz_val_00000992_992
2026-08-16 22:27:10,910 INFO [run_teacher] [1213/1787] vizwiz_VizWiz_val_00000994_994
2026-08-16 22:27:26,988 INFO [run_teacher] [1214/1787] vizwiz_VizWiz_val_00000997_997
2026-08-16 22:27:40,184 INFO [run_teacher] [1215/1787] vizwiz_VizWiz_val_00000999_999
2026-08-16 22:27:51,522 INFO [run_teacher] [1216/1787] vizwiz_VizWiz_val_00001006_1006
2026-08-16 22:27:57,037 INFO [run_teacher] [1217/1787] vizwiz_VizWiz_val_00001007_1007
2026-08-16 22:28:13,465 INFO [run_teacher] [1218/1787] vizwiz_VizWiz_val_00001010_1010
2026-08-16 22:28:30,726 INFO [run_teacher] [1219/1787] vizwiz_VizWiz_val_00001015_1015
2026-08-16 22:28:41,173 INFO [run_teacher] [1220/1787] vizwiz_VizWiz_val_00001016_1016
2026-08-16 22:29:00,891 INFO [run_teacher] [1221/1787] vizwiz_VizWiz_val_00001019_1019
2026-08-16 22:29:09,846 INFO [run_teacher] [1222/1787] vizwiz_VizWiz_val_00001023_1023
2026-08-16 22:29:38,454 INFO [run_teacher] [1223/1787] vizwiz_VizWiz_val_00001024_1024
2026-08-16 22:29:54,132 INFO [run_teacher] [1224/1787] vizwiz_VizWiz_val_00001026_1026
2026-08-16 22:30:03,870 INFO [run_teacher] [1225/1787] vizwiz_VizWiz_val_00001027_1027
2026-08-16 22:30:17,033 INFO [run_teacher] [1226/1787] vizwiz_VizWiz_val_00001029_1029
2026-08-16 22:30:29,062 INFO [run_teacher] [1227/1787] vizwiz_VizWiz_val_00001030_1030
2026-08-16 22:30:42,175 INFO [run_teacher] [1228/1787] vizwiz_VizWiz_val_00001032_1032
2026-08-16 22:31:18,421 INFO [run_teacher] [1229/1787] vizwiz_VizWiz_val_00001046_1046
2026-08-16 22:31:57,874 INFO [run_teacher] [1230/1787] vizwiz_VizWiz_val_00001048_1048
2026-08-16 22:32:03,223 INFO [run_teacher] [1231/1787] vizwiz_VizWiz_val_00001071_1071
2026-08-16 22:32:11,495 INFO [run_teacher] [1232/1787] vizwiz_VizWiz_val_00001073_1073
2026-08-16 22:32:21,084 INFO [run_teacher] [1233/1787] vizwiz_VizWiz_val_00001075_1075
2026-08-16 22:32:38,170 INFO [run_teacher] [1234/1787] vizwiz_VizWiz_val_00001082_1082
2026-08-16 22:32:50,491 INFO [run_teacher] [1235/1787] vizwiz_VizWiz_val_00001086_1086
2026-08-16 22:33:00,063 INFO [run_teacher] [1236/1787] vizwiz_VizWiz_val_00001087_1087
2026-08-16 22:33:14,883 INFO [run_teacher] [1237/1787] vizwiz_VizWiz_val_00001088_1088
2026-08-16 22:33:26,388 INFO [run_teacher] [1238/1787] vizwiz_VizWiz_val_00001091_1091
2026-08-16 22:33:50,279 INFO [run_teacher] [1239/1787] vizwiz_VizWiz_val_00001099_1099
2026-08-16 22:34:08,140 INFO [run_teacher] [1240/1787] vizwiz_VizWiz_val_00001101_1101
2026-08-16 22:34:25,101 INFO [run_teacher] [1241/1787] vizwiz_VizWiz_val_00001105_1105
2026-08-16 22:34:30,933 INFO [run_teacher] [1242/1787] vizwiz_VizWiz_val_00001114_1114
2026-08-16 22:34:47,252 INFO [run_teacher] [1243/1787] vizwiz_VizWiz_val_00001117_1117
2026-08-16 22:35:02,189 INFO [run_teacher] [1244/1787] vizwiz_VizWiz_val_00001119_1119
2026-08-16 22:35:13,335 INFO [run_teacher] [1245/1787] vizwiz_VizWiz_val_00001121_1121
2026-08-16 22:35:27,023 INFO [run_teacher] [1246/1787] vizwiz_VizWiz_val_00001130_1130
2026-08-16 22:35:42,134 INFO [run_teacher] [1247/1787] vizwiz_VizWiz_val_00001133_1133
2026-08-16 22:35:57,371 INFO [run_teacher] [1248/1787] vizwiz_VizWiz_val_00001137_1137
2026-08-16 22:36:36,933 INFO [run_teacher] [1249/1787] vizwiz_VizWiz_val_00001139_1139
2026-08-16 22:36:48,113 INFO [run_teacher] [1250/1787] vizwiz_VizWiz_val_00001140_1140
2026-08-16 22:37:04,607 INFO [run_teacher] [1251/1787] vizwiz_VizWiz_val_00001141_1141
2026-08-16 22:37:17,320 INFO [run_teacher] [1252/1787] vizwiz_VizWiz_val_00001143_1143
2026-08-16 22:37:24,451 INFO [run_teacher] [1253/1787] vizwiz_VizWiz_val_00001147_1147
2026-08-16 22:37:30,249 INFO [run_teacher] [1254/1787] vizwiz_VizWiz_val_00001155_1155
2026-08-16 22:37:42,878 INFO [run_teacher] [1255/1787] vizwiz_VizWiz_val_00001158_1158
2026-08-16 22:38:00,048 INFO [run_teacher] [1256/1787] vizwiz_VizWiz_val_00001159_1159
2026-08-16 22:38:12,402 INFO [run_teacher] [1257/1787] vizwiz_VizWiz_val_00001163_1163
2026-08-16 22:38:27,247 INFO [run_teacher] [1258/1787] vizwiz_VizWiz_val_00001164_1164
2026-08-16 22:38:40,101 INFO [run_teacher] [1259/1787] vizwiz_VizWiz_val_00001165_1165
2026-08-16 22:38:55,272 INFO [run_teacher] [1260/1787] vizwiz_VizWiz_val_00001175_1175
2026-08-16 22:39:09,417 INFO [run_teacher] [1261/1787] vizwiz_VizWiz_val_00001177_1177
2026-08-16 22:39:17,223 INFO [run_teacher] [1262/1787] vizwiz_VizWiz_val_00001187_1187
2026-08-16 22:39:33,942 INFO [run_teacher] [1263/1787] vizwiz_VizWiz_val_00001189_1189
2026-08-16 22:39:43,397 INFO [run_teacher] [1264/1787] vizwiz_VizWiz_val_00001194_1194
2026-08-16 22:39:59,733 INFO [run_teacher] [1265/1787] vizwiz_VizWiz_val_00001200_1200
2026-08-16 22:40:08,556 INFO [run_teacher] [1266/1787] vizwiz_VizWiz_val_00001201_1201
2026-08-16 22:40:21,651 INFO [run_teacher] [1267/1787] vizwiz_VizWiz_val_00001203_1203
2026-08-16 22:40:25,808 INFO [run_teacher] [1268/1787] vizwiz_VizWiz_val_00001206_1206
2026-08-16 22:40:35,405 INFO [run_teacher] [1269/1787] vizwiz_VizWiz_val_00001209_1209
2026-08-16 22:40:48,968 INFO [run_teacher] [1270/1787] vizwiz_VizWiz_val_00001211_1211
2026-08-16 22:40:58,257 INFO [run_teacher] [1271/1787] vizwiz_VizWiz_val_00001212_1212
2026-08-16 22:41:04,197 INFO [run_teacher] [1272/1787] vizwiz_VizWiz_val_00001213_1213
2026-08-16 22:41:14,460 INFO [run_teacher] [1273/1787] vizwiz_VizWiz_val_00001214_1214
2026-08-16 22:41:28,305 INFO [run_teacher] [1274/1787] vizwiz_VizWiz_val_00001215_1215
2026-08-16 22:41:37,169 INFO [run_teacher] [1275/1787] vizwiz_VizWiz_val_00001219_1219
2026-08-16 22:41:50,223 INFO [run_teacher] [1276/1787] vizwiz_VizWiz_val_00001220_1220
2026-08-16 22:42:07,659 INFO [run_teacher] [1277/1787] vizwiz_VizWiz_val_00001222_1222
2026-08-16 22:42:24,562 INFO [run_teacher] [1278/1787] vizwiz_VizWiz_val_00001224_1224
2026-08-16 22:42:39,165 INFO [run_teacher] [1279/1787] vizwiz_VizWiz_val_00001226_1226
2026-08-16 22:42:47,963 INFO [run_teacher] [1280/1787] vizwiz_VizWiz_val_00001228_1228
2026-08-16 22:42:59,917 INFO [run_teacher] [1281/1787] vizwiz_VizWiz_val_00001229_1229
2026-08-16 22:43:10,622 INFO [run_teacher] [1282/1787] vizwiz_VizWiz_val_00001230_1230
2026-08-16 22:43:22,118 INFO [run_teacher] [1283/1787] vizwiz_VizWiz_val_00001231_1231
2026-08-16 22:43:36,613 INFO [run_teacher] [1284/1787] vizwiz_VizWiz_val_00001232_1232
2026-08-16 22:43:44,136 INFO [run_teacher] [1285/1787] vizwiz_VizWiz_val_00001239_1239
2026-08-16 22:43:55,974 INFO [run_teacher] [1286/1787] vizwiz_VizWiz_val_00001240_1240
2026-08-16 22:44:01,205 INFO [run_teacher] [1287/1787] vizwiz_VizWiz_val_00001246_1246
2026-08-16 22:44:08,761 INFO [run_teacher] [1288/1787] vizwiz_VizWiz_val_00001250_1250
2026-08-16 22:44:21,974 INFO [run_teacher] [1289/1787] vizwiz_VizWiz_val_00001256_1256
2026-08-16 22:44:30,463 INFO [run_teacher] [1290/1787] vizwiz_VizWiz_val_00001259_1259
2026-08-16 22:44:45,466 INFO [run_teacher] [1291/1787] vizwiz_VizWiz_val_00001261_1261
2026-08-16 22:45:00,703 INFO [run_teacher] [1292/1787] vizwiz_VizWiz_val_00001262_1262
2026-08-16 22:45:14,632 INFO [run_teacher] [1293/1787] vizwiz_VizWiz_val_00001267_1267
2026-08-16 22:45:25,745 INFO [run_teacher] [1294/1787] vizwiz_VizWiz_val_00001268_1268
2026-08-16 22:45:34,392 INFO [run_teacher] [1295/1787] vizwiz_VizWiz_val_00001269_1269
2026-08-16 22:45:42,656 INFO [run_teacher] [1296/1787] vizwiz_VizWiz_val_00001278_1278
2026-08-16 22:45:56,776 INFO [run_teacher] [1297/1787] vizwiz_VizWiz_val_00001282_1282
2026-08-16 22:46:06,807 INFO [run_teacher] [1298/1787] vizwiz_VizWiz_val_00001286_1286
2026-08-16 22:46:13,671 INFO [run_teacher] [1299/1787] vizwiz_VizWiz_val_00001287_1287
2026-08-16 22:46:20,419 INFO [run_teacher] [1300/1787] vizwiz_VizWiz_val_00001291_1291
2026-08-16 22:46:29,433 INFO [run_teacher] [1301/1787] vizwiz_VizWiz_val_00001302_1302
2026-08-16 22:46:39,129 INFO [run_teacher] [1302/1787] vizwiz_VizWiz_val_00001307_1307
2026-08-16 22:46:49,943 INFO [run_teacher] [1303/1787] vizwiz_VizWiz_val_00001321_1321
2026-08-16 22:47:13,943 INFO [run_teacher] [1304/1787] vizwiz_VizWiz_val_00001323_1323
2026-08-16 22:47:26,947 INFO [run_teacher] [1305/1787] vizwiz_VizWiz_val_00001330_1330
2026-08-16 22:47:36,319 INFO [run_teacher] [1306/1787] vizwiz_VizWiz_val_00001335_1335
2026-08-16 22:47:49,348 INFO [run_teacher] [1307/1787] vizwiz_VizWiz_val_00001343_1343
2026-08-16 22:47:59,878 INFO [run_teacher] [1308/1787] vizwiz_VizWiz_val_00001348_1348
2026-08-16 22:48:06,609 INFO [run_teacher] [1309/1787] vizwiz_VizWiz_val_00001349_1349
2026-08-16 22:48:15,298 INFO [run_teacher] [1310/1787] vizwiz_VizWiz_val_00001351_1351
2026-08-16 22:48:23,004 INFO [run_teacher] [1311/1787] vizwiz_VizWiz_val_00001359_1359
2026-08-16 22:48:33,834 INFO [run_teacher] [1312/1787] vizwiz_VizWiz_val_00001379_1379
2026-08-16 22:48:44,214 INFO [run_teacher] [1313/1787] vizwiz_VizWiz_val_00001382_1382
2026-08-16 22:48:53,928 INFO [run_teacher] [1314/1787] vizwiz_VizWiz_val_00001383_1383
2026-08-16 22:49:10,447 INFO [run_teacher] [1315/1787] vizwiz_VizWiz_val_00001387_1387
2026-08-16 22:49:28,317 INFO [run_teacher] [1316/1787] vizwiz_VizWiz_val_00001394_1394
2026-08-16 22:49:41,029 INFO [run_teacher] [1317/1787] vizwiz_VizWiz_val_00001397_1397
2026-08-16 22:49:53,451 INFO [run_teacher] [1318/1787] vizwiz_VizWiz_val_00001398_1398
2026-08-16 22:50:07,371 INFO [run_teacher] [1319/1787] vizwiz_VizWiz_val_00001406_1406
2026-08-16 22:50:15,444 INFO [run_teacher] [1320/1787] vizwiz_VizWiz_val_00001413_1413
2026-08-16 22:50:25,224 INFO [run_teacher] [1321/1787] vizwiz_VizWiz_val_00001414_1414
2026-08-16 22:50:36,354 INFO [run_teacher] [1322/1787] vizwiz_VizWiz_val_00001417_1417
2026-08-16 22:50:48,159 INFO [run_teacher] [1323/1787] vizwiz_VizWiz_val_00001427_1427
2026-08-16 22:51:00,921 INFO [run_teacher] [1324/1787] vizwiz_VizWiz_val_00001430_1430
2026-08-16 22:51:13,359 INFO [run_teacher] [1325/1787] vizwiz_VizWiz_val_00001435_1435
2026-08-16 22:51:25,980 INFO [run_teacher] [1326/1787] vizwiz_VizWiz_val_00001445_1445
2026-08-16 22:51:34,877 INFO [run_teacher] [1327/1787] vizwiz_VizWiz_val_00001454_1454
2026-08-16 22:51:53,230 INFO [run_teacher] [1328/1787] vizwiz_VizWiz_val_00001458_1458
2026-08-16 22:52:06,059 INFO [run_teacher] [1329/1787] vizwiz_VizWiz_val_00001459_1459
2026-08-16 22:52:20,922 INFO [run_teacher] [1330/1787] vizwiz_VizWiz_val_00001470_1470
2026-08-16 22:52:28,810 INFO [run_teacher] [1331/1787] vizwiz_VizWiz_val_00001474_1474
2026-08-16 22:52:36,850 INFO [run_teacher] [1332/1787] vizwiz_VizWiz_val_00001481_1481
2026-08-16 22:52:50,104 INFO [run_teacher] [1333/1787] vizwiz_VizWiz_val_00001485_1485
2026-08-16 22:52:59,659 INFO [run_teacher] [1334/1787] vizwiz_VizWiz_val_00001487_1487
2026-08-16 22:53:06,940 INFO [run_teacher] [1335/1787] vizwiz_VizWiz_val_00001495_1495
2026-08-16 22:53:26,601 INFO [run_teacher] [1336/1787] vizwiz_VizWiz_val_00001498_1498
2026-08-16 22:53:33,465 INFO [run_teacher] [1337/1787] vizwiz_VizWiz_val_00001502_1502
2026-08-16 22:53:47,286 INFO [run_teacher] [1338/1787] vizwiz_VizWiz_val_00001506_1506
2026-08-16 22:53:59,473 INFO [run_teacher] [1339/1787] vizwiz_VizWiz_val_00001510_1510
2026-08-16 22:54:07,022 INFO [run_teacher] [1340/1787] vizwiz_VizWiz_val_00001511_1511
2026-08-16 22:54:20,309 INFO [run_teacher] [1341/1787] vizwiz_VizWiz_val_00001515_1515
2026-08-16 22:54:32,805 INFO [run_teacher] [1342/1787] vizwiz_VizWiz_val_00001516_1516
2026-08-16 22:54:40,953 INFO [run_teacher] [1343/1787] vizwiz_VizWiz_val_00001526_1526
2026-08-16 22:54:50,333 INFO [run_teacher] [1344/1787] vizwiz_VizWiz_val_00001527_1527
2026-08-16 22:55:02,621 INFO [run_teacher] [1345/1787] vizwiz_VizWiz_val_00001533_1533
2026-08-16 22:55:28,663 INFO [run_teacher] [1346/1787] vizwiz_VizWiz_val_00001534_1534
2026-08-16 22:55:44,249 INFO [run_teacher] [1347/1787] vizwiz_VizWiz_val_00001537_1537
2026-08-16 22:55:58,694 INFO [run_teacher] [1348/1787] vizwiz_VizWiz_val_00001542_1542
2026-08-16 22:57:14,644 INFO [run_teacher] [1349/1787] vizwiz_VizWiz_val_00001544_1544
2026-08-16 22:57:26,115 INFO [run_teacher] [1350/1787] vizwiz_VizWiz_val_00001546_1546
2026-08-16 22:57:37,103 INFO [run_teacher] [1351/1787] vizwiz_VizWiz_val_00001549_1549
2026-08-16 22:57:46,059 INFO [run_teacher] [1352/1787] vizwiz_VizWiz_val_00001564_1564
2026-08-16 22:57:53,931 INFO [run_teacher] [1353/1787] vizwiz_VizWiz_val_00001565_1565
2026-08-16 22:58:06,993 INFO [run_teacher] [1354/1787] vizwiz_VizWiz_val_00001567_1567
2026-08-16 22:58:20,464 INFO [run_teacher] [1355/1787] vizwiz_VizWiz_val_00001573_1573
2026-08-16 22:58:31,310 INFO [run_teacher] [1356/1787] vizwiz_VizWiz_val_00001578_1578
2026-08-16 22:58:39,983 INFO [run_teacher] [1357/1787] vizwiz_VizWiz_val_00001579_1579
2026-08-16 22:58:54,486 INFO [run_teacher] [1358/1787] vizwiz_VizWiz_val_00001583_1583
2026-08-16 22:59:03,809 INFO [run_teacher] [1359/1787] vizwiz_VizWiz_val_00001584_1584
2026-08-16 22:59:18,504 INFO [run_teacher] [1360/1787] vizwiz_VizWiz_val_00001585_1585
2026-08-16 23:00:11,944 INFO [run_teacher] [1361/1787] vizwiz_VizWiz_val_00001586_1586
2026-08-16 23:00:21,008 INFO [run_teacher] [1362/1787] vizwiz_VizWiz_val_00001596_1596
2026-08-16 23:00:32,737 INFO [run_teacher] [1363/1787] vizwiz_VizWiz_val_00001598_1598
2026-08-16 23:00:43,776 INFO [run_teacher] [1364/1787] vizwiz_VizWiz_val_00001603_1603
2026-08-16 23:00:58,529 INFO [run_teacher] [1365/1787] vizwiz_VizWiz_val_00001605_1605
2026-08-16 23:01:11,591 INFO [run_teacher] [1366/1787] vizwiz_VizWiz_val_00001614_1614
2026-08-16 23:01:22,263 INFO [run_teacher] [1367/1787] vizwiz_VizWiz_val_00001622_1622
2026-08-16 23:01:30,893 INFO [run_teacher] [1368/1787] vizwiz_VizWiz_val_00001636_1636
2026-08-16 23:01:42,331 INFO [run_teacher] [1369/1787] vizwiz_VizWiz_val_00001640_1640
2026-08-16 23:01:59,626 INFO [run_teacher] [1370/1787] vizwiz_VizWiz_val_00001641_1641
2026-08-16 23:02:13,079 INFO [run_teacher] [1371/1787] vizwiz_VizWiz_val_00001642_1642
2026-08-16 23:02:19,694 INFO [run_teacher] [1372/1787] vizwiz_VizWiz_val_00001646_1646
2026-08-16 23:02:28,491 INFO [run_teacher] [1373/1787] vizwiz_VizWiz_val_00001648_1648
2026-08-16 23:02:41,612 INFO [run_teacher] [1374/1787] vizwiz_VizWiz_val_00001668_1668
2026-08-16 23:02:49,943 INFO [run_teacher] [1375/1787] vizwiz_VizWiz_val_00001672_1672
2026-08-16 23:02:59,698 INFO [run_teacher] [1376/1787] vizwiz_VizWiz_val_00001675_1675
2026-08-16 23:03:09,320 INFO [run_teacher] [1377/1787] vizwiz_VizWiz_val_00001677_1677
2026-08-16 23:03:20,341 INFO [run_teacher] [1378/1787] vizwiz_VizWiz_val_00001679_1679
2026-08-16 23:03:31,612 INFO [run_teacher] [1379/1787] vizwiz_VizWiz_val_00001688_1688
2026-08-16 23:03:45,058 INFO [run_teacher] [1380/1787] vizwiz_VizWiz_val_00001689_1689
2026-08-16 23:03:55,854 INFO [run_teacher] [1381/1787] vizwiz_VizWiz_val_00001690_1690
2026-08-16 23:04:06,409 INFO [run_teacher] [1382/1787] vizwiz_VizWiz_val_00001692_1692
2026-08-16 23:04:22,113 INFO [run_teacher] [1383/1787] vizwiz_VizWiz_val_00001693_1693
2026-08-16 23:04:30,652 INFO [run_teacher] [1384/1787] vizwiz_VizWiz_val_00001697_1697
2026-08-16 23:04:38,599 INFO [run_teacher] [1385/1787] vizwiz_VizWiz_val_00001698_1698
2026-08-16 23:04:48,888 INFO [run_teacher] [1386/1787] vizwiz_VizWiz_val_00001701_1701
2026-08-16 23:04:56,360 INFO [run_teacher] [1387/1787] vizwiz_VizWiz_val_00001712_1712
2026-08-16 23:05:09,548 INFO [run_teacher] [1388/1787] vizwiz_VizWiz_val_00001713_1713
2026-08-16 23:05:19,053 INFO [run_teacher] [1389/1787] vizwiz_VizWiz_val_00001719_1719
2026-08-16 23:05:26,792 INFO [run_teacher] [1390/1787] vizwiz_VizWiz_val_00001723_1723
2026-08-16 23:05:32,882 INFO [run_teacher] [1391/1787] vizwiz_VizWiz_val_00001724_1724
2026-08-16 23:05:41,613 INFO [run_teacher] [1392/1787] vizwiz_VizWiz_val_00001728_1728
2026-08-16 23:05:59,448 INFO [run_teacher] [1393/1787] vizwiz_VizWiz_val_00001730_1730
2026-08-16 23:06:06,530 INFO [run_teacher] [1394/1787] vizwiz_VizWiz_val_00001735_1735
2026-08-16 23:06:16,101 INFO [run_teacher] [1395/1787] vizwiz_VizWiz_val_00001736_1736
2026-08-16 23:06:29,130 INFO [run_teacher] [1396/1787] vizwiz_VizWiz_val_00001747_1747
2026-08-16 23:06:43,459 INFO [run_teacher] [1397/1787] vizwiz_VizWiz_val_00001751_1751
2026-08-16 23:06:54,097 INFO [run_teacher] [1398/1787] vizwiz_VizWiz_val_00001754_1754
2026-08-16 23:07:03,194 INFO [run_teacher] [1399/1787] vizwiz_VizWiz_val_00001759_1759
2026-08-16 23:07:08,951 INFO [run_teacher] [1400/1787] vizwiz_VizWiz_val_00001762_1762
2026-08-16 23:07:18,006 INFO [run_teacher] [1401/1787] vizwiz_VizWiz_val_00001763_1763
2026-08-16 23:07:24,971 INFO [run_teacher] [1402/1787] vizwiz_VizWiz_val_00001764_1764
2026-08-16 23:07:37,925 INFO [run_teacher] [1403/1787] vizwiz_VizWiz_val_00001765_1765
2026-08-16 23:07:50,512 INFO [run_teacher] [1404/1787] vizwiz_VizWiz_val_00001774_1774
2026-08-16 23:07:56,785 INFO [run_teacher] [1405/1787] vizwiz_VizWiz_val_00001780_1780
2026-08-16 23:08:07,249 INFO [run_teacher] [1406/1787] vizwiz_VizWiz_val_00001781_1781
2026-08-16 23:08:21,236 INFO [run_teacher] [1407/1787] vizwiz_VizWiz_val_00001784_1784
2026-08-16 23:08:29,825 INFO [run_teacher] [1408/1787] vizwiz_VizWiz_val_00001787_1787
2026-08-16 23:08:43,170 INFO [run_teacher] [1409/1787] vizwiz_VizWiz_val_00001789_1789
2026-08-16 23:08:57,641 INFO [run_teacher] [1410/1787] vizwiz_VizWiz_val_00001796_1796
2026-08-16 23:09:13,769 INFO [run_teacher] [1411/1787] vizwiz_VizWiz_val_00001800_1800
2026-08-16 23:10:17,098 INFO [run_teacher] [1412/1787] vizwiz_VizWiz_val_00001803_1803
2026-08-16 23:10:29,236 INFO [run_teacher] [1413/1787] vizwiz_VizWiz_val_00001805_1805
2026-08-16 23:10:39,774 INFO [run_teacher] [1414/1787] vizwiz_VizWiz_val_00001809_1809
2026-08-16 23:10:49,121 INFO [run_teacher] [1415/1787] vizwiz_VizWiz_val_00001811_1811
2026-08-16 23:11:02,559 INFO [run_teacher] [1416/1787] vizwiz_VizWiz_val_00001818_1818
2026-08-16 23:11:11,831 INFO [run_teacher] [1417/1787] vizwiz_VizWiz_val_00001820_1820
2026-08-16 23:11:23,302 INFO [run_teacher] [1418/1787] vizwiz_VizWiz_val_00001825_1825
2026-08-16 23:11:31,208 INFO [run_teacher] [1419/1787] vizwiz_VizWiz_val_00001828_1828
2026-08-16 23:11:59,399 INFO [run_teacher] [1420/1787] vizwiz_VizWiz_val_00001829_1829
2026-08-16 23:12:08,804 INFO [run_teacher] [1421/1787] vizwiz_VizWiz_val_00001831_1831
2026-08-16 23:12:18,909 INFO [run_teacher] [1422/1787] vizwiz_VizWiz_val_00001832_1832
2026-08-16 23:12:28,564 INFO [run_teacher] [1423/1787] vizwiz_VizWiz_val_00001836_1836
2026-08-16 23:12:41,060 INFO [run_teacher] [1424/1787] vizwiz_VizWiz_val_00001837_1837
2026-08-16 23:12:51,799 INFO [run_teacher] [1425/1787] vizwiz_VizWiz_val_00001845_1845
2026-08-16 23:13:00,529 INFO [run_teacher] [1426/1787] vizwiz_VizWiz_val_00001851_1851
2026-08-16 23:13:11,925 INFO [run_teacher] [1427/1787] vizwiz_VizWiz_val_00001857_1857
2026-08-16 23:13:20,373 INFO [run_teacher] [1428/1787] vizwiz_VizWiz_val_00001858_1858
2026-08-16 23:13:28,562 INFO [run_teacher] [1429/1787] vizwiz_VizWiz_val_00001860_1860
2026-08-16 23:13:38,242 INFO [run_teacher] [1430/1787] vizwiz_VizWiz_val_00001864_1864
2026-08-16 23:13:46,814 INFO [run_teacher] [1431/1787] vizwiz_VizWiz_val_00001865_1865
2026-08-16 23:13:58,361 INFO [run_teacher] [1432/1787] vizwiz_VizWiz_val_00001872_1872
2026-08-16 23:14:08,641 INFO [run_teacher] [1433/1787] vizwiz_VizWiz_val_00001877_1877
2026-08-16 23:14:19,371 INFO [run_teacher] [1434/1787] vizwiz_VizWiz_val_00001885_1885
2026-08-16 23:14:30,010 INFO [run_teacher] [1435/1787] vizwiz_VizWiz_val_00001890_1890
2026-08-16 23:14:45,287 INFO [run_teacher] [1436/1787] vizwiz_VizWiz_val_00001892_1892
2026-08-16 23:14:49,961 INFO [run_teacher] [1437/1787] vizwiz_VizWiz_val_00001899_1899
2026-08-16 23:14:57,684 INFO [run_teacher] [1438/1787] vizwiz_VizWiz_val_00001903_1903
2026-08-16 23:15:30,773 INFO [run_teacher] [1439/1787] vizwiz_VizWiz_val_00001905_1905
2026-08-16 23:15:40,353 INFO [run_teacher] [1440/1787] vizwiz_VizWiz_val_00001906_1906
2026-08-16 23:15:55,764 INFO [run_teacher] [1441/1787] vizwiz_VizWiz_val_00001910_1910
2026-08-16 23:16:06,602 INFO [run_teacher] [1442/1787] vizwiz_VizWiz_val_00001922_1922
2026-08-16 23:16:15,933 INFO [run_teacher] [1443/1787] vizwiz_VizWiz_val_00001934_1934
2026-08-16 23:16:23,655 INFO [run_teacher] [1444/1787] vizwiz_VizWiz_val_00001949_1949
2026-08-16 23:16:37,842 INFO [run_teacher] [1445/1787] vizwiz_VizWiz_val_00001952_1952
2026-08-16 23:16:55,137 INFO [run_teacher] [1446/1787] vizwiz_VizWiz_val_00001954_1954
2026-08-16 23:17:00,085 INFO [run_teacher] [1447/1787] vizwiz_VizWiz_val_00001967_1967
2026-08-16 23:17:17,638 INFO [run_teacher] [1448/1787] vizwiz_VizWiz_val_00001976_1976
2026-08-16 23:17:25,185 INFO [run_teacher] [1449/1787] vizwiz_VizWiz_val_00001979_1979
2026-08-16 23:17:44,996 INFO [run_teacher] [1450/1787] vizwiz_VizWiz_val_00001981_1981
2026-08-16 23:17:54,293 INFO [run_teacher] [1451/1787] vizwiz_VizWiz_val_00001982_1982
2026-08-16 23:18:12,562 INFO [run_teacher] [1452/1787] vizwiz_VizWiz_val_00001987_1987
2026-08-16 23:18:21,801 INFO [run_teacher] [1453/1787] vizwiz_VizWiz_val_00001989_1989
2026-08-16 23:18:33,772 INFO [run_teacher] [1454/1787] vizwiz_VizWiz_val_00001992_1992
2026-08-16 23:18:49,317 INFO [run_teacher] [1455/1787] vizwiz_VizWiz_val_00001995_1995
2026-08-16 23:19:03,179 INFO [run_teacher] [1456/1787] vizwiz_VizWiz_val_00001998_1998
2026-08-16 23:19:12,077 INFO [run_teacher] [1457/1787] vizwiz_VizWiz_val_00001999_1999
2026-08-16 23:19:26,497 INFO [run_teacher] [1458/1787] vizwiz_VizWiz_val_00002001_2001
2026-08-16 23:19:32,403 INFO [run_teacher] [1459/1787] vizwiz_VizWiz_val_00002003_2003
2026-08-16 23:19:46,599 INFO [run_teacher] [1460/1787] vizwiz_VizWiz_val_00002008_2008
2026-08-16 23:20:00,453 INFO [run_teacher] [1461/1787] vizwiz_VizWiz_val_00002012_2012
2026-08-16 23:20:11,024 INFO [run_teacher] [1462/1787] vizwiz_VizWiz_val_00002021_2021
2026-08-16 23:20:18,155 INFO [run_teacher] [1463/1787] vizwiz_VizWiz_val_00002022_2022
2026-08-16 23:20:26,578 INFO [run_teacher] [1464/1787] vizwiz_VizWiz_val_00002023_2023
2026-08-16 23:20:36,166 INFO [run_teacher] [1465/1787] vizwiz_VizWiz_val_00002029_2029
2026-08-16 23:20:44,155 INFO [run_teacher] [1466/1787] vizwiz_VizWiz_val_00002031_2031
2026-08-16 23:20:54,977 INFO [run_teacher] [1467/1787] vizwiz_VizWiz_val_00002051_2051
2026-08-16 23:21:31,907 INFO [run_teacher] [1468/1787] vizwiz_VizWiz_val_00002055_2055
2026-08-16 23:21:44,178 INFO [run_teacher] [1469/1787] vizwiz_VizWiz_val_00002062_2062
2026-08-16 23:21:53,950 INFO [run_teacher] [1470/1787] vizwiz_VizWiz_val_00002063_2063
2026-08-16 23:22:27,788 INFO [run_teacher] [1471/1787] vizwiz_VizWiz_val_00002064_2064
2026-08-16 23:22:44,866 INFO [run_teacher] [1472/1787] vizwiz_VizWiz_val_00002072_2072
2026-08-16 23:22:55,963 INFO [run_teacher] [1473/1787] vizwiz_VizWiz_val_00002077_2077
2026-08-16 23:23:10,924 INFO [run_teacher] [1474/1787] vizwiz_VizWiz_val_00002079_2079
2026-08-16 23:23:17,280 INFO [run_teacher] [1475/1787] vizwiz_VizWiz_val_00002081_2081
2026-08-16 23:23:35,041 INFO [run_teacher] [1476/1787] vizwiz_VizWiz_val_00002085_2085
2026-08-16 23:23:40,989 INFO [run_teacher] [1477/1787] vizwiz_VizWiz_val_00002087_2087
2026-08-16 23:23:53,411 INFO [run_teacher] [1478/1787] vizwiz_VizWiz_val_00002091_2091
2026-08-16 23:24:03,108 INFO [run_teacher] [1479/1787] vizwiz_VizWiz_val_00002093_2093
2026-08-16 23:24:09,231 INFO [run_teacher] [1480/1787] vizwiz_VizWiz_val_00002095_2095
2026-08-16 23:24:22,493 INFO [run_teacher] [1481/1787] vizwiz_VizWiz_val_00002096_2096
2026-08-16 23:24:36,730 INFO [run_teacher] [1482/1787] vizwiz_VizWiz_val_00002100_2100
2026-08-16 23:24:50,267 INFO [run_teacher] [1483/1787] vizwiz_VizWiz_val_00002105_2105
2026-08-16 23:24:57,857 INFO [run_teacher] [1484/1787] vizwiz_VizWiz_val_00002107_2107
2026-08-16 23:25:13,577 INFO [run_teacher] [1485/1787] vizwiz_VizWiz_val_00002111_2111
2026-08-16 23:25:18,067 INFO [run_teacher] [1486/1787] vizwiz_VizWiz_val_00002116_2116
2026-08-16 23:25:28,022 INFO [run_teacher] [1487/1787] vizwiz_VizWiz_val_00002119_2119
2026-08-16 23:25:37,844 INFO [run_teacher] [1488/1787] vizwiz_VizWiz_val_00002122_2122
2026-08-16 23:25:43,484 INFO [run_teacher] [1489/1787] vizwiz_VizWiz_val_00002127_2127
2026-08-16 23:25:54,080 INFO [run_teacher] [1490/1787] vizwiz_VizWiz_val_00002136_2136
2026-08-16 23:26:06,118 INFO [run_teacher] [1491/1787] vizwiz_VizWiz_val_00002142_2142
2026-08-16 23:26:16,707 INFO [run_teacher] [1492/1787] vizwiz_VizWiz_val_00002144_2144
2026-08-16 23:26:33,964 INFO [run_teacher] [1493/1787] vizwiz_VizWiz_val_00002151_2151
2026-08-16 23:26:54,828 INFO [run_teacher] [1494/1787] vizwiz_VizWiz_val_00002161_2161
2026-08-16 23:27:04,708 INFO [run_teacher] [1495/1787] vizwiz_VizWiz_val_00002172_2172
2026-08-16 23:27:59,781 INFO [run_teacher] [1496/1787] vizwiz_VizWiz_val_00002173_2173
2026-08-16 23:28:14,760 INFO [run_teacher] [1497/1787] vizwiz_VizWiz_val_00002178_2178
2026-08-16 23:28:32,355 INFO [run_teacher] [1498/1787] vizwiz_VizWiz_val_00002179_2179
2026-08-16 23:28:38,211 INFO [run_teacher] [1499/1787] vizwiz_VizWiz_val_00002180_2180
2026-08-16 23:28:46,484 INFO [run_teacher] [1500/1787] vizwiz_VizWiz_val_00002187_2187
2026-08-16 23:29:11,542 INFO [run_teacher] [1501/1787] vizwiz_VizWiz_val_00002190_2190
2026-08-16 23:29:18,074 INFO [run_teacher] [1502/1787] vizwiz_VizWiz_val_00002200_2200
2026-08-16 23:29:29,245 INFO [run_teacher] [1503/1787] vizwiz_VizWiz_val_00002203_2203
2026-08-16 23:29:39,908 INFO [run_teacher] [1504/1787] vizwiz_VizWiz_val_00002215_2215
2026-08-16 23:30:12,073 INFO [run_teacher] [1505/1787] vizwiz_VizWiz_val_00002219_2219
2026-08-16 23:30:25,127 INFO [run_teacher] [1506/1787] vizwiz_VizWiz_val_00002220_2220
2026-08-16 23:30:36,765 INFO [run_teacher] [1507/1787] vizwiz_VizWiz_val_00002224_2224
2026-08-16 23:30:45,187 INFO [run_teacher] [1508/1787] vizwiz_VizWiz_val_00002230_2230
2026-08-16 23:31:00,108 INFO [run_teacher] [1509/1787] vizwiz_VizWiz_val_00002231_2231
2026-08-16 23:31:18,518 INFO [run_teacher] [1510/1787] vizwiz_VizWiz_val_00002232_2232
2026-08-16 23:31:25,749 INFO [run_teacher] [1511/1787] vizwiz_VizWiz_val_00002234_2234
2026-08-16 23:31:35,854 INFO [run_teacher] [1512/1787] vizwiz_VizWiz_val_00002235_2235
2026-08-16 23:31:42,419 INFO [run_teacher] [1513/1787] vizwiz_VizWiz_val_00002236_2236
2026-08-16 23:31:59,389 INFO [run_teacher] [1514/1787] vizwiz_VizWiz_val_00002240_2240
2026-08-16 23:32:11,310 INFO [run_teacher] [1515/1787] vizwiz_VizWiz_val_00002242_2242
2026-08-16 23:32:15,134 INFO [run_teacher] [1516/1787] vizwiz_VizWiz_val_00002244_2244
2026-08-16 23:32:25,689 INFO [run_teacher] [1517/1787] vizwiz_VizWiz_val_00002245_2245
2026-08-16 23:32:39,085 INFO [run_teacher] [1518/1787] vizwiz_VizWiz_val_00002250_2250
2026-08-16 23:32:49,848 INFO [run_teacher] [1519/1787] vizwiz_VizWiz_val_00002257_2257
2026-08-16 23:33:07,592 INFO [run_teacher] [1520/1787] vizwiz_VizWiz_val_00002258_2258
2026-08-16 23:33:14,532 INFO [run_teacher] [1521/1787] vizwiz_VizWiz_val_00002261_2261
2026-08-16 23:33:21,696 INFO [run_teacher] [1522/1787] vizwiz_VizWiz_val_00002266_2266
2026-08-16 23:33:31,801 INFO [run_teacher] [1523/1787] vizwiz_VizWiz_val_00002270_2270
2026-08-16 23:33:36,691 INFO [run_teacher] [1524/1787] vizwiz_VizWiz_val_00002271_2271
2026-08-16 23:33:48,079 INFO [run_teacher] [1525/1787] vizwiz_VizWiz_val_00002276_2276
2026-08-16 23:33:53,852 INFO [run_teacher] [1526/1787] vizwiz_VizWiz_val_00002277_2277
2026-08-16 23:34:10,664 INFO [run_teacher] [1527/1787] vizwiz_VizWiz_val_00002281_2281
2026-08-16 23:34:19,278 INFO [run_teacher] [1528/1787] vizwiz_VizWiz_val_00002289_2289
2026-08-16 23:34:28,800 INFO [run_teacher] [1529/1787] vizwiz_VizWiz_val_00002298_2298
2026-08-16 23:34:40,404 INFO [run_teacher] [1530/1787] vizwiz_VizWiz_val_00002299_2299
2026-08-16 23:34:46,894 INFO [run_teacher] [1531/1787] vizwiz_VizWiz_val_00002304_2304
2026-08-16 23:34:55,133 INFO [run_teacher] [1532/1787] vizwiz_VizWiz_val_00002308_2308
2026-08-16 23:35:08,320 INFO [run_teacher] [1533/1787] vizwiz_VizWiz_val_00002311_2311
2026-08-16 23:35:15,093 INFO [run_teacher] [1534/1787] vizwiz_VizWiz_val_00002315_2315
2026-08-16 23:35:31,821 INFO [run_teacher] [1535/1787] vizwiz_VizWiz_val_00002318_2318
2026-08-16 23:35:44,859 INFO [run_teacher] [1536/1787] vizwiz_VizWiz_val_00002320_2320
2026-08-16 23:35:56,505 INFO [run_teacher] [1537/1787] vizwiz_VizWiz_val_00002322_2322
2026-08-16 23:36:13,158 INFO [run_teacher] [1538/1787] vizwiz_VizWiz_val_00002323_2323
2026-08-16 23:36:20,281 INFO [run_teacher] [1539/1787] vizwiz_VizWiz_val_00002332_2332
2026-08-16 23:36:33,485 INFO [run_teacher] [1540/1787] vizwiz_VizWiz_val_00002342_2342
2026-08-16 23:36:46,281 INFO [run_teacher] [1541/1787] vizwiz_VizWiz_val_00002346_2346
2026-08-16 23:36:54,670 INFO [run_teacher] [1542/1787] vizwiz_VizWiz_val_00002347_2347
2026-08-16 23:37:11,473 INFO [run_teacher] [1543/1787] vizwiz_VizWiz_val_00002349_2349
2026-08-16 23:37:19,204 INFO [run_teacher] [1544/1787] vizwiz_VizWiz_val_00002364_2364
2026-08-16 23:37:24,369 INFO [run_teacher] [1545/1787] vizwiz_VizWiz_val_00002365_2365
2026-08-16 23:37:34,933 INFO [run_teacher] [1546/1787] vizwiz_VizWiz_val_00002366_2366
2026-08-16 23:37:54,326 INFO [run_teacher] [1547/1787] vizwiz_VizWiz_val_00002368_2368
2026-08-16 23:38:01,524 INFO [run_teacher] [1548/1787] vizwiz_VizWiz_val_00002373_2373
2026-08-16 23:38:09,996 INFO [run_teacher] [1549/1787] vizwiz_VizWiz_val_00002378_2378
2026-08-16 23:38:23,567 INFO [run_teacher] [1550/1787] vizwiz_VizWiz_val_00002386_2386
2026-08-16 23:38:31,706 INFO [run_teacher] [1551/1787] vizwiz_VizWiz_val_00002390_2390
2026-08-16 23:38:47,326 INFO [run_teacher] [1552/1787] vizwiz_VizWiz_val_00002392_2392
2026-08-16 23:38:52,408 INFO [run_teacher] [1553/1787] vizwiz_VizWiz_val_00002393_2393
2026-08-16 23:39:13,576 INFO [run_teacher] [1554/1787] vizwiz_VizWiz_val_00002401_2401
2026-08-16 23:39:25,922 INFO [run_teacher] [1555/1787] vizwiz_VizWiz_val_00002405_2405
2026-08-16 23:39:38,243 INFO [run_teacher] [1556/1787] vizwiz_VizWiz_val_00002407_2407
2026-08-16 23:39:50,423 INFO [run_teacher] [1557/1787] vizwiz_VizWiz_val_00002408_2408
2026-08-16 23:40:01,061 INFO [run_teacher] [1558/1787] vizwiz_VizWiz_val_00002413_2413
2026-08-16 23:40:16,514 INFO [run_teacher] [1559/1787] vizwiz_VizWiz_val_00002424_2424
2026-08-16 23:40:29,810 INFO [run_teacher] [1560/1787] vizwiz_VizWiz_val_00002426_2426
2026-08-16 23:40:50,070 INFO [run_teacher] [1561/1787] vizwiz_VizWiz_val_00002428_2428
2026-08-16 23:40:55,569 INFO [run_teacher] [1562/1787] vizwiz_VizWiz_val_00002431_2431
2026-08-16 23:41:31,549 INFO [run_teacher] [1563/1787] vizwiz_VizWiz_val_00002432_2432
2026-08-16 23:41:45,428 INFO [run_teacher] [1564/1787] vizwiz_VizWiz_val_00002438_2438
2026-08-16 23:41:53,783 INFO [run_teacher] [1565/1787] vizwiz_VizWiz_val_00002439_2439
2026-08-16 23:42:04,772 INFO [run_teacher] [1566/1787] vizwiz_VizWiz_val_00002444_2444
2026-08-16 23:42:25,056 INFO [run_teacher] [1567/1787] vizwiz_VizWiz_val_00002445_2445
2026-08-16 23:42:37,519 INFO [run_teacher] [1568/1787] vizwiz_VizWiz_val_00002447_2447
2026-08-16 23:42:47,224 INFO [run_teacher] [1569/1787] vizwiz_VizWiz_val_00002448_2448
2026-08-16 23:43:04,727 INFO [run_teacher] [1570/1787] vizwiz_VizWiz_val_00002450_2450
2026-08-16 23:43:15,874 INFO [run_teacher] [1571/1787] vizwiz_VizWiz_val_00002452_2452
2026-08-16 23:43:22,063 INFO [run_teacher] [1572/1787] vizwiz_VizWiz_val_00002454_2454
2026-08-16 23:43:34,143 INFO [run_teacher] [1573/1787] vizwiz_VizWiz_val_00002469_2469
2026-08-16 23:43:38,575 INFO [run_teacher] [1574/1787] vizwiz_VizWiz_val_00002470_2470
2026-08-16 23:43:49,388 INFO [run_teacher] [1575/1787] vizwiz_VizWiz_val_00002472_2472
2026-08-16 23:43:59,593 INFO [run_teacher] [1576/1787] vizwiz_VizWiz_val_00002484_2484
2026-08-16 23:44:09,032 INFO [run_teacher] [1577/1787] vizwiz_VizWiz_val_00002501_2501
2026-08-16 23:44:28,842 INFO [run_teacher] [1578/1787] vizwiz_VizWiz_val_00002502_2502
2026-08-16 23:44:48,486 INFO [run_teacher] [1579/1787] vizwiz_VizWiz_val_00002504_2504
2026-08-16 23:44:57,500 INFO [run_teacher] [1580/1787] vizwiz_VizWiz_val_00002509_2509
2026-08-16 23:45:05,781 INFO [run_teacher] [1581/1787] vizwiz_VizWiz_val_00002511_2511
2026-08-16 23:45:17,585 INFO [run_teacher] [1582/1787] vizwiz_VizWiz_val_00002514_2514
2026-08-16 23:45:34,372 INFO [run_teacher] [1583/1787] vizwiz_VizWiz_val_00002527_2527
2026-08-16 23:45:47,009 INFO [run_teacher] [1584/1787] vizwiz_VizWiz_val_00002530_2530
2026-08-16 23:46:02,188 INFO [run_teacher] [1585/1787] vizwiz_VizWiz_val_00002531_2531
2026-08-16 23:46:12,876 INFO [run_teacher] [1586/1787] vizwiz_VizWiz_val_00002538_2538
2026-08-16 23:46:21,865 INFO [run_teacher] [1587/1787] vizwiz_VizWiz_val_00002539_2539
2026-08-16 23:46:34,852 INFO [run_teacher] [1588/1787] vizwiz_VizWiz_val_00002548_2548
2026-08-16 23:46:48,689 INFO [run_teacher] [1589/1787] vizwiz_VizWiz_val_00002561_2561
2026-08-16 23:47:00,777 INFO [run_teacher] [1590/1787] vizwiz_VizWiz_val_00002562_2562
2026-08-16 23:47:19,471 INFO [run_teacher] [1591/1787] vizwiz_VizWiz_val_00002569_2569
2026-08-16 23:47:35,233 INFO [run_teacher] [1592/1787] vizwiz_VizWiz_val_00002572_2572
2026-08-16 23:47:49,354 INFO [run_teacher] [1593/1787] vizwiz_VizWiz_val_00002574_2574
2026-08-16 23:47:55,193 INFO [run_teacher] [1594/1787] vizwiz_VizWiz_val_00002575_2575
2026-08-16 23:48:05,298 INFO [run_teacher] [1595/1787] vizwiz_VizWiz_val_00002577_2577
2026-08-16 23:48:18,511 INFO [run_teacher] [1596/1787] vizwiz_VizWiz_val_00002592_2592
2026-08-16 23:48:28,525 INFO [run_teacher] [1597/1787] vizwiz_VizWiz_val_00002594_2594
2026-08-16 23:48:40,462 INFO [run_teacher] [1598/1787] vizwiz_VizWiz_val_00002606_2606
2026-08-16 23:48:57,590 INFO [run_teacher] [1599/1787] vizwiz_VizWiz_val_00002608_2608
2026-08-16 23:49:04,588 INFO [run_teacher] [1600/1787] vizwiz_VizWiz_val_00002611_2611
2026-08-16 23:49:17,892 INFO [run_teacher] [1601/1787] vizwiz_VizWiz_val_00002616_2616
2026-08-16 23:49:28,672 INFO [run_teacher] [1602/1787] vizwiz_VizWiz_val_00002618_2618
2026-08-16 23:49:36,570 INFO [run_teacher] [1603/1787] vizwiz_VizWiz_val_00002620_2620
2026-08-16 23:49:47,283 INFO [run_teacher] [1604/1787] vizwiz_VizWiz_val_00002623_2623
2026-08-16 23:50:02,345 INFO [run_teacher] [1605/1787] vizwiz_VizWiz_val_00002626_2626
2026-08-16 23:50:15,283 INFO [run_teacher] [1606/1787] vizwiz_VizWiz_val_00002627_2627
2026-08-16 23:50:25,996 INFO [run_teacher] [1607/1787] vizwiz_VizWiz_val_00002640_2640
2026-08-16 23:50:32,277 INFO [run_teacher] [1608/1787] vizwiz_VizWiz_val_00002643_2643
2026-08-16 23:50:44,065 INFO [run_teacher] [1609/1787] vizwiz_VizWiz_val_00002651_2651
2026-08-16 23:51:01,901 INFO [run_teacher] [1610/1787] vizwiz_VizWiz_val_00002656_2656
2026-08-16 23:51:13,372 INFO [run_teacher] [1611/1787] vizwiz_VizWiz_val_00002657_2657
2026-08-16 23:51:20,370 INFO [run_teacher] [1612/1787] vizwiz_VizWiz_val_00002658_2658
2026-08-16 23:51:36,565 INFO [run_teacher] [1613/1787] vizwiz_VizWiz_val_00002662_2662
2026-08-16 23:51:54,176 INFO [run_teacher] [1614/1787] vizwiz_VizWiz_val_00002665_2665
2026-08-16 23:52:07,322 INFO [run_teacher] [1615/1787] vizwiz_VizWiz_val_00002670_2670
2026-08-16 23:52:21,242 INFO [run_teacher] [1616/1787] vizwiz_VizWiz_val_00002673_2673
2026-08-16 23:52:31,281 INFO [run_teacher] [1617/1787] vizwiz_VizWiz_val_00002674_2674
2026-08-16 23:52:42,527 INFO [run_teacher] [1618/1787] vizwiz_VizWiz_val_00002681_2681
2026-08-16 23:52:52,774 INFO [run_teacher] [1619/1787] vizwiz_VizWiz_val_00002686_2686
2026-08-16 23:53:04,012 INFO [run_teacher] [1620/1787] vizwiz_VizWiz_val_00002688_2688
2026-08-16 23:53:18,949 INFO [run_teacher] [1621/1787] vizwiz_VizWiz_val_00002689_2689
2026-08-16 23:53:26,572 INFO [run_teacher] [1622/1787] vizwiz_VizWiz_val_00002692_2692
2026-08-16 23:53:44,475 INFO [run_teacher] [1623/1787] vizwiz_VizWiz_val_00002693_2693
2026-08-16 23:54:03,044 INFO [run_teacher] [1624/1787] vizwiz_VizWiz_val_00002704_2704
2026-08-16 23:54:08,967 INFO [run_teacher] [1625/1787] vizwiz_VizWiz_val_00002706_2706
2026-08-16 23:54:13,440 INFO [run_teacher] [1626/1787] vizwiz_VizWiz_val_00002709_2709
2026-08-16 23:54:22,171 INFO [run_teacher] [1627/1787] vizwiz_VizWiz_val_00002713_2713
2026-08-16 23:54:34,934 INFO [run_teacher] [1628/1787] vizwiz_VizWiz_val_00002716_2716
2026-08-16 23:54:50,420 INFO [run_teacher] [1629/1787] vizwiz_VizWiz_val_00002722_2722
2026-08-16 23:55:10,481 INFO [run_teacher] [1630/1787] vizwiz_VizWiz_val_00002729_2729
2026-08-16 23:55:17,611 INFO [run_teacher] [1631/1787] vizwiz_VizWiz_val_00002730_2730
2026-08-16 23:55:23,485 INFO [run_teacher] [1632/1787] vizwiz_VizWiz_val_00002734_2734
2026-08-16 23:55:33,815 INFO [run_teacher] [1633/1787] vizwiz_VizWiz_val_00002735_2735
2026-08-16 23:55:38,422 INFO [run_teacher] [1634/1787] vizwiz_VizWiz_val_00002760_2760
2026-08-16 23:55:46,369 INFO [run_teacher] [1635/1787] vizwiz_VizWiz_val_00002766_2766
2026-08-16 23:55:52,017 INFO [run_teacher] [1636/1787] vizwiz_VizWiz_val_00002783_2783
2026-08-16 23:56:02,722 INFO [run_teacher] [1637/1787] vizwiz_VizWiz_val_00002784_2784
2026-08-16 23:56:08,770 INFO [run_teacher] [1638/1787] vizwiz_VizWiz_val_00002786_2786
2026-08-16 23:56:19,242 INFO [run_teacher] [1639/1787] vizwiz_VizWiz_val_00002787_2787
2026-08-16 23:56:34,171 INFO [run_teacher] [1640/1787] vizwiz_VizWiz_val_00002788_2788
2026-08-16 23:56:46,242 INFO [run_teacher] [1641/1787] vizwiz_VizWiz_val_00002791_2791
2026-08-16 23:56:55,256 INFO [run_teacher] [1642/1787] vizwiz_VizWiz_val_00002793_2793
2026-08-16 23:57:19,206 INFO [run_teacher] [1643/1787] vizwiz_VizWiz_val_00002796_2796
2026-08-16 23:57:29,887 INFO [run_teacher] [1644/1787] vizwiz_VizWiz_val_00002798_2798
2026-08-16 23:57:37,517 INFO [run_teacher] [1645/1787] vizwiz_VizWiz_val_00002800_2800
2026-08-16 23:57:49,256 INFO [run_teacher] [1646/1787] vizwiz_VizWiz_val_00002801_2801
2026-08-16 23:57:56,153 INFO [run_teacher] [1647/1787] vizwiz_VizWiz_val_00002804_2804
2026-08-16 23:58:05,867 INFO [run_teacher] [1648/1787] vizwiz_VizWiz_val_00002810_2810
2026-08-16 23:58:15,897 INFO [run_teacher] [1649/1787] vizwiz_VizWiz_val_00002818_2818
2026-08-16 23:58:32,575 INFO [run_teacher] [1650/1787] vizwiz_VizWiz_val_00002819_2819
2026-08-16 23:58:46,895 INFO [run_teacher] [1651/1787] vizwiz_VizWiz_val_00002823_2823
2026-08-16 23:58:54,718 INFO [run_teacher] [1652/1787] vizwiz_VizWiz_val_00002828_2828
2026-08-16 23:59:02,124 INFO [run_teacher] [1653/1787] vizwiz_VizWiz_val_00002831_2831
2026-08-16 23:59:11,404 INFO [run_teacher] [1654/1787] vizwiz_VizWiz_val_00002834_2834
2026-08-16 23:59:18,944 INFO [run_teacher] [1655/1787] vizwiz_VizWiz_val_00002839_2839
2026-08-16 23:59:24,367 INFO [run_teacher] [1656/1787] vizwiz_VizWiz_val_00002841_2841
2026-08-16 23:59:36,655 INFO [run_teacher] [1657/1787] vizwiz_VizWiz_val_00002842_2842
2026-08-16 23:59:55,590 INFO [run_teacher] [1658/1787] vizwiz_VizWiz_val_00002844_2844
2026-08-17 00:00:06,828 INFO [run_teacher] [1659/1787] vizwiz_VizWiz_val_00002848_2848
2026-08-17 00:00:15,794 INFO [run_teacher] [1660/1787] vizwiz_VizWiz_val_00002849_2849
2026-08-17 00:00:26,707 INFO [run_teacher] [1661/1787] vizwiz_VizWiz_val_00002857_2857
2026-08-17 00:00:36,387 INFO [run_teacher] [1662/1787] vizwiz_VizWiz_val_00002858_2858
2026-08-17 00:00:42,452 INFO [run_teacher] [1663/1787] vizwiz_VizWiz_val_00002866_2866
2026-08-17 00:00:50,650 INFO [run_teacher] [1664/1787] vizwiz_VizWiz_val_00002869_2869
2026-08-17 00:00:55,540 INFO [run_teacher] [1665/1787] vizwiz_VizWiz_val_00002874_2874
2026-08-17 00:01:07,286 INFO [run_teacher] [1666/1787] vizwiz_VizWiz_val_00002888_2888
2026-08-17 00:01:22,281 INFO [run_teacher] [1667/1787] vizwiz_VizWiz_val_00002894_2894
2026-08-17 00:01:34,469 INFO [run_teacher] [1668/1787] vizwiz_VizWiz_val_00002897_2897
2026-08-17 00:01:41,009 INFO [run_teacher] [1669/1787] vizwiz_VizWiz_val_00002898_2898
2026-08-17 00:01:51,947 INFO [run_teacher] [1670/1787] vizwiz_VizWiz_val_00002899_2899
2026-08-17 00:02:03,610 INFO [run_teacher] [1671/1787] vizwiz_VizWiz_val_00002901_2901
2026-08-17 00:02:13,182 INFO [run_teacher] [1672/1787] vizwiz_VizWiz_val_00002903_2903
2026-08-17 00:02:27,277 INFO [run_teacher] [1673/1787] vizwiz_VizWiz_val_00002905_2905
2026-08-17 00:02:35,483 INFO [run_teacher] [1674/1787] vizwiz_VizWiz_val_00002907_2907
2026-08-17 00:02:47,854 INFO [run_teacher] [1675/1787] vizwiz_VizWiz_val_00002910_2910
2026-08-17 00:02:57,701 INFO [run_teacher] [1676/1787] vizwiz_VizWiz_val_00002912_2912
2026-08-17 00:03:08,464 INFO [run_teacher] [1677/1787] vizwiz_VizWiz_val_00002913_2913
2026-08-17 00:03:21,202 INFO [run_teacher] [1678/1787] vizwiz_VizWiz_val_00002914_2914
2026-08-17 00:03:33,898 INFO [run_teacher] [1679/1787] vizwiz_VizWiz_val_00002916_2916
2026-08-17 00:03:43,986 INFO [run_teacher] [1680/1787] vizwiz_VizWiz_val_00002917_2917
2026-08-17 00:03:54,308 INFO [run_teacher] [1681/1787] vizwiz_VizWiz_val_00002918_2918
2026-08-17 00:04:03,630 INFO [run_teacher] [1682/1787] vizwiz_VizWiz_val_00002923_2923
2026-08-17 00:04:17,126 INFO [run_teacher] [1683/1787] vizwiz_VizWiz_val_00002927_2927
2026-08-17 00:04:23,848 INFO [run_teacher] [1684/1787] vizwiz_VizWiz_val_00002928_2928
2026-08-17 00:04:31,913 INFO [run_teacher] [1685/1787] vizwiz_VizWiz_val_00002936_2936
2026-08-17 00:04:37,752 INFO [run_teacher] [1686/1787] vizwiz_VizWiz_val_00002938_2938
2026-08-17 00:04:46,216 INFO [run_teacher] [1687/1787] vizwiz_VizWiz_val_00002940_2940
2026-08-17 00:05:01,628 INFO [run_teacher] [1688/1787] vizwiz_VizWiz_val_00002942_2942
2026-08-17 00:05:10,842 INFO [run_teacher] [1689/1787] vizwiz_VizWiz_val_00002943_2943
2026-08-17 00:05:19,189 INFO [run_teacher] [1690/1787] vizwiz_VizWiz_val_00002953_2953
2026-08-17 00:05:31,278 INFO [run_teacher] [1691/1787] vizwiz_VizWiz_val_00002958_2958
2026-08-17 00:05:40,566 INFO [run_teacher] [1692/1787] vizwiz_VizWiz_val_00002966_2966
2026-08-17 00:05:50,904 INFO [run_teacher] [1693/1787] vizwiz_VizWiz_val_00002968_2968
2026-08-17 00:05:57,927 INFO [run_teacher] [1694/1787] vizwiz_VizWiz_val_00002971_2971
2026-08-17 00:06:21,411 INFO [run_teacher] [1695/1787] vizwiz_VizWiz_val_00002981_2981
2026-08-17 00:06:31,375 INFO [run_teacher] [1696/1787] vizwiz_VizWiz_val_00002987_2987
2026-08-17 00:06:47,287 INFO [run_teacher] [1697/1787] vizwiz_VizWiz_val_00002995_2995
2026-08-17 00:06:54,568 INFO [run_teacher] [1698/1787] vsr_1_1
2026-08-17 00:06:58,516 INFO [run_teacher] [1699/1787] vsr_4_4
2026-08-17 00:07:04,381 INFO [run_teacher] [1700/1787] vsr_5_5
2026-08-17 00:07:10,971 INFO [run_teacher] [1701/1787] vsr_8_8
2026-08-17 00:07:15,145 INFO [run_teacher] [1702/1787] vsr_9_9
2026-08-17 00:07:19,668 INFO [run_teacher] [1703/1787] vsr_10_10
2026-08-17 00:07:23,617 INFO [run_teacher] [1704/1787] vsr_13_13
2026-08-17 00:07:28,774 INFO [run_teacher] [1705/1787] vsr_17_17
2026-08-17 00:07:33,889 INFO [run_teacher] [1706/1787] vsr_19_19
2026-08-17 00:07:37,746 INFO [run_teacher] [1707/1787] vsr_23_23
2026-08-17 00:07:43,886 INFO [run_teacher] [1708/1787] vsr_25_25
2026-08-17 00:07:47,976 INFO [run_teacher] [1709/1787] vsr_27_27
2026-08-17 00:07:55,674 INFO [run_teacher] [1710/1787] vsr_35_35
2026-08-17 00:08:00,147 INFO [run_teacher] [1711/1787] vsr_39_39
2026-08-17 00:08:06,545 INFO [run_teacher] [1712/1787] vsr_40_40
2026-08-17 00:08:10,627 INFO [run_teacher] [1713/1787] vsr_45_45
2026-08-17 00:08:18,358 INFO [run_teacher] [1714/1787] vsr_49_49
2026-08-17 00:08:23,174 INFO [run_teacher] [1715/1787] vsr_59_59
2026-08-17 00:08:29,972 INFO [run_teacher] [1716/1787] vsr_60_60
2026-08-17 00:08:34,370 INFO [run_teacher] [1717/1787] vsr_74_74
2026-08-17 00:08:39,136 INFO [run_teacher] [1718/1787] vsr_76_76
2026-08-17 00:08:43,801 INFO [run_teacher] [1719/1787] vsr_82_82
2026-08-17 00:08:49,574 INFO [run_teacher] [1720/1787] vsr_83_83
2026-08-17 00:08:55,272 INFO [run_teacher] [1721/1787] vsr_87_87
2026-08-17 00:09:00,679 INFO [run_teacher] [1722/1787] vsr_94_94
2026-08-17 00:09:06,769 INFO [run_teacher] [1723/1787] vsr_97_97
2026-08-17 00:09:12,867 INFO [run_teacher] [1724/1787] vsr_98_98
2026-08-17 00:09:18,740 INFO [run_teacher] [1725/1787] vsr_101_101
2026-08-17 00:09:23,538 INFO [run_teacher] [1726/1787] vsr_104_104
2026-08-17 00:09:28,037 INFO [run_teacher] [1727/1787] vsr_106_106
2026-08-17 00:09:33,160 INFO [run_teacher] [1728/1787] vsr_107_107
2026-08-17 00:09:39,450 INFO [run_teacher] [1729/1787] vsr_111_111
2026-08-17 00:09:43,582 INFO [run_teacher] [1730/1787] vsr_114_114
2026-08-17 00:09:48,981 INFO [run_teacher] [1731/1787] vsr_115_115
2026-08-17 00:09:55,504 INFO [run_teacher] [1732/1787] vsr_116_116
2026-08-17 00:09:59,402 INFO [run_teacher] [1733/1787] vsr_120_120
2026-08-17 00:10:03,918 INFO [run_teacher] [1734/1787] vsr_123_123
2026-08-17 00:10:10,124 INFO [run_teacher] [1735/1787] vsr_129_129
2026-08-17 00:10:14,640 INFO [run_teacher] [1736/1787] vsr_132_132
2026-08-17 00:10:20,063 INFO [run_teacher] [1737/1787] vsr_133_133
2026-08-17 00:10:26,127 INFO [run_teacher] [1738/1787] vsr_135_135
2026-08-17 00:10:30,951 INFO [run_teacher] [1739/1787] vsr_136_136
2026-08-17 00:10:35,475 INFO [run_teacher] [1740/1787] vsr_141_141
2026-08-17 00:10:41,523 INFO [run_teacher] [1741/1787] vsr_143_143
2026-08-17 00:10:52,644 INFO [run_teacher] [1742/1787] vsr_146_146
2026-08-17 00:10:57,826 INFO [run_teacher] [1743/1787] vsr_148_148
2026-08-17 00:11:04,165 INFO [run_teacher] [1744/1787] vsr_150_150
2026-08-17 00:11:07,989 INFO [run_teacher] [1745/1787] vsr_152_152
2026-08-17 00:11:13,313 INFO [run_teacher] [1746/1787] vsr_154_154
2026-08-17 00:11:18,328 INFO [run_teacher] [1747/1787] vsr_155_155
2026-08-17 00:11:25,092 INFO [run_teacher] [1748/1787] vsr_161_161
2026-08-17 00:11:28,916 INFO [run_teacher] [1749/1787] vsr_162_162
2026-08-17 00:11:33,790 INFO [run_teacher] [1750/1787] vsr_164_164
2026-08-17 00:11:39,371 INFO [run_teacher] [1751/1787] vsr_178_178
2026-08-17 00:11:45,794 INFO [run_teacher] [1752/1787] vsr_180_180
2026-08-17 00:11:53,808 INFO [run_teacher] [1753/1787] vsr_184_184
2026-08-17 00:12:02,981 INFO [run_teacher] [1754/1787] vsr_194_194
2026-08-17 00:12:13,786 INFO [run_teacher] [1755/1787] vsr_196_196
2026-08-17 00:12:17,809 INFO [run_teacher] [1756/1787] vsr_198_198
2026-08-17 00:12:23,316 INFO [run_teacher] [1757/1787] vsr_199_199
2026-08-17 00:12:28,023 INFO [run_teacher] [1758/1787] vsr_215_215
2026-08-17 00:12:32,113 INFO [run_teacher] [1759/1787] vsr_216_216
2026-08-17 00:12:36,295 INFO [run_teacher] [1760/1787] vsr_220_220
2026-08-17 00:12:44,176 INFO [run_teacher] [1761/1787] vsr_222_222
2026-08-17 00:12:48,317 INFO [run_teacher] [1762/1787] vsr_225_225
2026-08-17 00:12:53,915 INFO [run_teacher] [1763/1787] vsr_228_228
2026-08-17 00:12:59,480 INFO [run_teacher] [1764/1787] vsr_229_229
2026-08-17 00:13:04,903 INFO [run_teacher] [1765/1787] vsr_230_230
2026-08-17 00:13:08,777 INFO [run_teacher] [1766/1787] vsr_237_237
2026-08-17 00:13:13,101 INFO [run_teacher] [1767/1787] vsr_244_244
2026-08-17 00:13:17,100 INFO [run_teacher] [1768/1787] vsr_245_245
2026-08-17 00:13:22,465 INFO [run_teacher] [1769/1787] vsr_250_250
2026-08-17 00:13:27,463 INFO [run_teacher] [1770/1787] vsr_253_253
2026-08-17 00:13:32,245 INFO [run_teacher] [1771/1787] vsr_262_262
2026-08-17 00:13:38,276 INFO [run_teacher] [1772/1787] vsr_263_263
2026-08-17 00:13:43,108 INFO [run_teacher] [1773/1787] vsr_266_266
2026-08-17 00:13:47,557 INFO [run_teacher] [1774/1787] vsr_274_274
2026-08-17 00:13:51,972 INFO [run_teacher] [1775/1787] vsr_275_275
2026-08-17 00:13:56,412 INFO [run_teacher] [1776/1787] vsr_276_276
2026-08-17 00:14:00,428 INFO [run_teacher] [1777/1787] vsr_279_279
2026-08-17 00:14:05,026 INFO [run_teacher] [1778/1787] vsr_280_280
2026-08-17 00:14:09,733 INFO [run_teacher] [1779/1787] vsr_282_282
2026-08-17 00:14:15,331 INFO [run_teacher] [1780/1787] vsr_285_285
2026-08-17 00:14:20,613 INFO [run_teacher] [1781/1787] vsr_286_286
2026-08-17 00:14:26,078 INFO [run_teacher] [1782/1787] vsr_296_296
2026-08-17 00:14:30,635 INFO [run_teacher] [1783/1787] vsr_298_298
2026-08-17 00:14:35,875 INFO [run_teacher] [1784/1787] vsr_319_319
2026-08-17 00:14:39,641 INFO [run_teacher] [1785/1787] vsr_320_320
2026-08-17 00:14:44,889 INFO [run_teacher] [1786/1787] vsr_332_332
2026-08-17 00:14:50,471 INFO [run_teacher] [1787/1787] vsr_335_335
2026-08-17 00:14:55,502 INFO [run_teacher] Shard finished in 15882.2s with 15 failed rows
2026-08-17 00:14:55,502 INFO [run_teacher] Unresolved failure-ledger rows: 15
