instance_id,model_id,dataset,image_key,fold,candidate_norm_answer,repair_label,damage_label,base_weight,models_proposing,hard_negative,xgboost_default_repair,xgboost_default_damage,lightgbm_default_repair,lightgbm_default_damage,mlp_64_32_regularized_repair,mlp_64_32_regularized_damage
hallusionbench_107_107,google/gemma-4-E4B-it,hallusionbench,hallusionbench:VS/chart/8_2.png,3,no,0,1,1.0,0,0,0.004230699501931667,0.9957693815231323,0.07075805484677922,0.9292419451532208,0.48806882386728834,0.6248973814922001
hallusionbench_424_424,google/gemma-4-E4B-it,hallusionbench,hallusionbench:VS/map/6_1.png,3,no,0,1,1.0,0,0,0.0058541190810501575,0.9941458702087402,0.0072807248544806144,0.9927192751455195,0.44677211718495574,0.5721966044764976
hallusionbench_425_425,google/gemma-4-E4B-it,hallusionbench,hallusionbench:VS/map/6_1.png,3,no,1,0,1.0,0,0,0.28248652815818787,0.7175136208534241,0.24597146031935294,0.7540285396806473,0.31166534412108043,0.517669671766495
hallusionbench_426_426,google/gemma-4-E4B-it,hallusionbench,hallusionbench:VS/map/6_1.png,3,no,0,1,1.0,0,0,0.2481284886598587,0.7518714666366577,0.4287109456007589,0.5712890543992414,0.3163766834055056,0.4896454310768237
hallusionbench_433_433,google/gemma-4-E4B-it,hallusionbench,hallusionbench:VS/map/7_1.png,3,yes,0,1,1.0,0,0,0.028030559420585632,0.971969485282898,0.06698081993762829,0.9330191800623717,0.4448530382313793,0.5898248459254314
hallusionbench_482_482,google/gemma-4-E4B-it,hallusionbench,hallusionbench:VS/ocr/3_2.png,4,no,1,0,1.0,0,0,0.054067447781562805,0.9459325075149536,0.029577831163385415,0.9704221688366146,0.43503603598123075,0.7315147049086241
hallusionbench_513_513,google/gemma-4-E4B-it,hallusionbench,hallusionbench:VS/ocr/8_2.png,0,yes,0,1,1.0,0,0,0.022796183824539185,0.9772038459777832,0.00672112738877213,0.9932788726112279,0.49239126980644843,0.6501409140708267
hallusionbench_559_559,google/gemma-4-E4B-it,hallusionbench,hallusionbench:VD/illusion/3_1.png,0,yes,0,1,1.0,0,0,0.2983472943305969,0.7016528844833374,0.23680556210529216,0.7631944378947081,0.198211834661892,0.5751834625166697
hallusionbench_567_567,google/gemma-4-E4B-it,hallusionbench,hallusionbench:VD/illusion/5_1.png,1,yes,0,1,1.0,0,0,0.04280467703938484,0.9571953415870667,0.03575486742669862,0.9642451326120585,0.4505227731252238,0.7244406471472843
hallusionbench_573_573,google/gemma-4-E4B-it,hallusionbench,hallusionbench:VD/illusion/7_0.png,0,yes,0,1,1.0,2,1,0.8840199112892151,0.1159801185131073,0.8323394840599956,0.16766051594000456,0.24710491211593358,0.5172560628711572
hallusionbench_580_580,google/gemma-4-E4B-it,hallusionbench,hallusionbench:VD/illusion/8_1.png,3,yes,0,1,1.0,2,1,0.8704010248184204,0.12959906458854675,0.9121103195377188,0.08788968046228135,0.4648313614058745,0.5986146330175331
hallusionbench_648_648,google/gemma-4-E4B-it,hallusionbench,hallusionbench:VD/illusion/24_0.png,3,no,0,1,1.0,0,0,0.04988182336091995,0.9501181244850159,0.028103599046257553,0.9718964009537424,0.30895512831945104,0.742910699836137
hallusionbench_658_658,google/gemma-4-E4B-it,hallusionbench,hallusionbench:VD/illusion/26_0.png,2,yes,1,0,1.0,0,0,0.21165378391742706,0.7883461117744446,0.4179219463906673,0.5820780536093322,0.4245331767143621,0.6617505264091577
hallusionbench_802_802,google/gemma-4-E4B-it,hallusionbench,hallusionbench:VD/ocr/3_0.png,1,no,0,1,1.0,1,0,0.02856728807091713,0.9714326858520508,0.5349111731060469,0.46508882688672976,0.3974267280147358,0.6273718451197825
hallusionbench_806_806,google/gemma-4-E4B-it,hallusionbench,hallusionbench:VD/ocr/3_1.png,1,no,1,0,1.0,0,0,0.08081229776144028,0.9191876649856567,0.0404125523068308,0.9595874476863864,0.4136928095053805,0.6317035039373614
hallusionbench_821_821,google/gemma-4-E4B-it,hallusionbench,hallusionbench:VD/ocr/6_1.png,4,no,1,0,1.0,0,0,0.0019365160260349512,0.9980635046958923,0.000536650297790107,0.9994633497022098,0.4756387864850677,0.7960607867809018
hallusionbench_822_822,google/gemma-4-E4B-it,hallusionbench,hallusionbench:VD/ocr/6_1.png,4,no,0,1,1.0,0,0,0.016106123104691505,0.9838938117027283,0.0020499312859987655,0.9979500687140013,0.4654920663480883,0.7927753741299255
hallusionbench_831_831,google/gemma-4-E4B-it,hallusionbench,hallusionbench:VD/ocr/9_0.png,1,no,0,1,1.0,0,0,0.019152814522385597,0.980847179889679,0.02327490289122495,0.9767250971065757,0.3993173752810163,0.6276350073936032
hallusionbench_845_845,google/gemma-4-E4B-it,hallusionbench,hallusionbench:VD/ocr/12_1.png,0,no,1,0,1.0,0,0,0.0661892220377922,0.9338107705116272,0.07740077009430306,0.922599229905697,0.23438377786630682,0.5395218448013315
hallusionbench_857_857,google/gemma-4-E4B-it,hallusionbench,hallusionbench:VD/ocr/15_1.png,3,no,0,1,1.0,0,0,0.0185198076069355,0.9814801812171936,0.018562026187549926,0.9814379738124501,0.489974277877909,0.6317152881327438
hallusionbench_867_867,google/gemma-4-E4B-it,hallusionbench,hallusionbench:VD/ocr/18_0.png,2,no,0,1,1.0,0,0,0.014650322496891022,0.9853496551513672,0.052594937503398595,0.9474050624966014,0.38645162215381196,0.5119133723364577
hallusionbench_874_874,google/gemma-4-E4B-it,hallusionbench,hallusionbench:VD/ocr/19_1.png,0,no,0,1,1.0,0,0,0.005523504689335823,0.9944764971733093,0.008469890021182537,0.9915301099788174,0.47222214583714484,0.6048148454765814
hallusionbench_877_877,google/gemma-4-E4B-it,hallusionbench,hallusionbench:VD/ocr/20_1.png,0,no,1,0,1.0,0,0,0.019248688593506813,0.9807512760162354,0.04136716523499848,0.9586328347650016,0.16883358654380684,0.5089062444195627
hallusionbench_889_889,google/gemma-4-E4B-it,hallusionbench,hallusionbench:VD/figure/3_0.png,0,no,0,1,1.0,0,0,0.2919774055480957,0.7080225348472595,0.1919214580469612,0.808078541953039,0.42118531090260763,0.660498753302174
hallusionbench_911_911,google/gemma-4-E4B-it,hallusionbench,hallusionbench:VD/figure/8_0.png,1,no,0,1,1.0,0,0,0.2126963585615158,0.7873037457466125,0.21965853268697633,0.7803414673435796,0.43881158833730793,0.7117573311902002
hallusionbench_946_946,google/gemma-4-E4B-it,hallusionbench,hallusionbench:VD/figure/16_1.png,1,yes,1,0,1.0,0,0,0.015396162867546082,0.9846038222312927,0.029626677979278822,0.9703733220011852,0.4442802280312381,0.7344865999279218
hallusionbench_956_956,google/gemma-4-E4B-it,hallusionbench,hallusionbench:VD/figure/19_0.png,2,no,1,0,1.0,2,0,0.5786529779434204,0.4213467836380005,0.8954155363535917,0.10458446364640811,0.4228639110858827,0.5498564233829306
hallusionbench_958_958,google/gemma-4-E4B-it,hallusionbench,hallusionbench:VD/figure/19_1.png,1,no,0,1,1.0,0,0,0.007547373417764902,0.9924526810646057,0.001500014422041844,0.9984999855774246,0.39735597159924035,0.6267658298866701
hallusionbench_969_969,google/gemma-4-E4B-it,hallusionbench,hallusionbench:VD/video/1_2.png,3,no,1,0,1.0,0,0,0.010998410172760487,0.9890016317367554,0.013837172248308145,0.986162827751692,0.4653214722955191,0.5909037783392745
pope_random_1058_random_1058,google/gemma-4-E4B-it,pope,coco:000000303534,3,no,0,1,1.0,0,0,0.002148617058992386,0.9978513717651367,0.02384920193249502,0.976150798067505,0.4923448526316644,0.6348713040205497
pope_random_1134_random_1134,google/gemma-4-E4B-it,pope,coco:000000246145,0,no,0,1,1.0,0,0,0.007313159294426441,0.9926868677139282,0.0022651297616468817,0.9977348702383532,0.4733081342156708,0.6011798558855342
pope_random_1150_random_1150,google/gemma-4-E4B-it,pope,coco:000000529668,4,no,0,1,1.0,0,0,0.014976122416555882,0.9850238561630249,0.042723777487667355,0.9572762225123326,0.4643215016424501,0.7924090242166807
pope_random_1214_random_1214,google/gemma-4-E4B-it,pope,coco:000000112664,1,no,0,1,1.0,0,0,0.0036231691483408213,0.9963768124580383,0.0013758728072033888,0.9986241271911906,0.42260790456819713,0.6333023018814385
pope_random_1216_random_1216,google/gemma-4-E4B-it,pope,coco:000000112664,1,no,0,1,1.0,0,0,0.003952289931476116,0.9960476756095886,0.004747146555387454,0.9952528534444921,0.37611905879630286,0.6983518913720501
pope_random_1243_random_1243,google/gemma-4-E4B-it,pope,coco:000000383185,0,yes,0,1,1.0,1,0,0.5006284117698669,0.49937155842781067,0.43648235061290763,0.5635176493870926,0.24387012775491665,0.5220889593805722
pope_random_1244_random_1244,google/gemma-4-E4B-it,pope,coco:000000383185,0,no,0,1,1.0,0,0,0.24406586587429047,0.7559342384338379,0.36906323547297126,0.6309367645270291,0.42226874529389946,0.6087803220856204
pope_random_1284_random_1284,google/gemma-4-E4B-it,pope,coco:000000201148,3,no,0,1,1.0,0,0,0.02189934253692627,0.9781006574630737,0.14256748582957748,0.8574325141704227,0.37263004344140205,0.7315826971314646
pope_random_12_random_12,google/gemma-4-E4B-it,pope,coco:000000429109,2,no,0,1,1.0,0,0,0.045365110039711,0.9546347856521606,0.025906665169413933,0.974093334830586,0.3628692997439727,0.5191786608546063
pope_random_1338_random_1338,google/gemma-4-E4B-it,pope,coco:000000120648,3,yes,1,0,1.0,0,0,0.09256847202777863,0.9074314832687378,0.02271026531036944,0.9772897346896305,0.4401254338197821,0.5852415153191183
pope_random_1464_random_1464,google/gemma-4-E4B-it,pope,coco:000000391735,1,no,0,1,1.0,0,0,0.02856728807091713,0.9714326858520508,0.025618096376062303,0.9743819036186868,0.3981617080702761,0.6274617924383135
pope_random_1506_random_1506,google/gemma-4-E4B-it,pope,coco:000000023731,2,no,0,1,1.0,0,0,0.006693259347230196,0.9933068156242371,0.005077520622342073,0.9949224793776579,0.38720117778425667,0.512488124685243
pope_random_1508_random_1508,google/gemma-4-E4B-it,pope,coco:000000023731,2,no,0,1,1.0,0,0,0.021911045536398888,0.9780890345573425,0.003960488078793951,0.996039511921206,0.3813205678561985,0.5105139150873805
pope_random_1584_random_1584,google/gemma-4-E4B-it,pope,coco:000000198312,1,no,0,1,1.0,0,0,0.003876648610457778,0.9961233735084534,0.001199339366386053,0.9988006606320842,0.4132706436599168,0.6301862763058048
pope_random_1906_random_1906,google/gemma-4-E4B-it,pope,coco:000000418680,3,no,0,1,1.0,0,0,0.04988182336091995,0.9501181244850159,0.10362683332158629,0.8963731666784138,0.4085982117754877,0.6704883248331491
pope_random_2024_random_2024,google/gemma-4-E4B-it,pope,coco:000000091954,1,no,0,1,1.0,0,0,0.07946942746639252,0.9205305576324463,0.04347059885531768,0.9565294012155409,0.4455264670417445,0.7331789742967673
pope_random_206_random_206,google/gemma-4-E4B-it,pope,coco:000000553165,4,no,0,1,1.0,0,0,0.0034914780408143997,0.9965085387229919,0.010122977119062494,0.9898770228809376,0.46382078489308043,0.7925849001828493
pope_random_2228_random_2228,google/gemma-4-E4B-it,pope,coco:000000233521,0,no,0,1,1.0,0,0,0.013040237128734589,0.9869597554206848,0.053631045138642405,0.9463689548613576,0.5012614360884086,0.6309201698189705
pope_random_2236_random_2236,google/gemma-4-E4B-it,pope,coco:000000355256,0,no,0,1,1.0,0,0,0.022984100505709648,0.9770159125328064,0.044950747051603505,0.9550492529483966,0.48604736946415933,0.6072624237848718
pope_random_2690_random_2690,google/gemma-4-E4B-it,pope,coco:000000265472,1,no,0,1,1.0,0,0,0.053452081978321075,0.9465479254722595,0.05729282007868033,0.942707179910303,0.1861818687008596,0.7948822807711204
pope_random_2832_random_2832,google/gemma-4-E4B-it,pope,coco:000000399702,0,no,0,1,1.0,0,0,0.22562314569950104,0.7743767499923706,0.4785317044153952,0.5214682955846051,0.22747005686580207,0.5475909045804488
pope_random_2908_random_2908,google/gemma-4-E4B-it,pope,coco:000000141278,4,no,0,1,1.0,0,0,0.004771769978106022,0.9952282905578613,0.001232646186978466,0.9987673538130216,0.1594805795341591,0.8970026765091621
pope_random_2990_random_2990,google/gemma-4-E4B-it,pope,coco:000000361430,1,no,0,1,1.0,0,0,0.0027737536001950502,0.9972261786460876,0.0010638190751768258,0.9989361809246216,0.43323951901144026,0.6438718566527486
pope_random_352_random_352,google/gemma-4-E4B-it,pope,coco:000000084447,3,yes,1,0,1.0,0,0,0.004764246288686991,0.9952357411384583,0.0010297685283532844,0.9989702314716468,0.3067005352373408,0.7660036149796868
pope_random_492_random_492,google/gemma-4-E4B-it,pope,coco:000000069189,4,no,0,1,1.0,0,0,0.018869122490286827,0.981130838394165,0.0055334381379740375,0.994466561862026,0.4664386177204844,0.7964279061926482
pope_random_684_random_684,google/gemma-4-E4B-it,pope,coco:000000069196,1,no,0,1,1.0,0,0,0.007789037190377712,0.9922109842300415,0.003918964690576588,0.9960810353111926,0.3605261815056811,0.6874354254454412
vsr_142_142,google/gemma-4-E4B-it,vsr,coco:000000289698,1,false,1,0,1.0,0,0,0.4843694269657135,0.5156306028366089,0.31703700269689006,0.6829629971608666,0.17152516547584454,0.7677909978355703
vsr_157_157,google/gemma-4-E4B-it,vsr,coco:000000136559,0,false,0,1,1.0,1,0,0.5259057283401489,0.4740942120552063,0.45480370185108815,0.5451962981489121,0.2069450049364506,0.5447502933090353
vsr_179_179,google/gemma-4-E4B-it,vsr,coco:000000476339,2,false,1,0,1.0,0,0,0.4691593647003174,0.5308407545089722,0.2630767923571609,0.736923207642839,0.12433918683911968,0.8581854650636582
vsr_182_182,google/gemma-4-E4B-it,vsr,coco:000000389474,0,false,1,0,1.0,0,0,0.2652214765548706,0.7347785234451294,0.47501921424518107,0.5249807857548192,0.1782747986443772,0.4771146808076193
vsr_205_205,google/gemma-4-E4B-it,vsr,coco:000000526225,4,false,0,1,1.0,0,0,0.01300593838095665,0.9869940876960754,0.012979519678547017,0.987020480321453,0.46700110252471194,0.7945420705976941
vsr_211_211,google/gemma-4-E4B-it,vsr,coco:000000180296,3,false,0,1,1.0,0,0,0.04605980962514877,0.953940212726593,0.060105632795442863,0.9398943672045571,0.49005452736886485,0.6255435360943025
vsr_227_227,google/gemma-4-E4B-it,vsr,coco:000000154202,2,false,0,1,1.0,0,0,0.0025610390584915876,0.997438907623291,0.011219029099824416,0.9887809709001756,0.43925186511610814,0.5789055529817513
vsr_232_232,google/gemma-4-E4B-it,vsr,coco:000000258523,3,false,0,1,1.0,0,0,0.030848607420921326,0.9691513776779175,0.02231185099461614,0.9776881490053839,0.48926737259805536,0.6228991831494796
vsr_241_241,google/gemma-4-E4B-it,vsr,coco:000000329147,4,false,1,0,1.0,0,0,0.024075767025351524,0.9759241938591003,0.0056139733417835715,0.9943860266582164,0.43898638904843446,0.743759960947719
vsr_288_288,google/gemma-4-E4B-it,vsr,coco:000000371258,0,false,0,1,1.0,0,0,0.031166190281510353,0.9688338041305542,0.18593887558270733,0.8140611244172928,0.4709770591130601,0.6002557275281356
vsr_289_289,google/gemma-4-E4B-it,vsr,coco:000000230224,4,false,0,1,1.0,0,0,0.05262512341141701,0.9473749399185181,0.08933265387074446,0.9106673461292556,0.4686039688099704,0.7972495907243546
vsr_290_290,google/gemma-4-E4B-it,vsr,coco:000000265707,0,false,0,1,1.0,2,1,0.5172051787376404,0.4827950894832611,0.5031588503427266,0.4968411496572739,0.15814668588989808,0.5057268796770256
vsr_292_292,google/gemma-4-E4B-it,vsr,coco:000000007319,4,false,0,1,1.0,0,0,0.09506113827228546,0.9049388766288757,0.03425156437969564,0.9657484356203043,0.4648792584025825,0.7932300452365842
vsr_297_297,google/gemma-4-E4B-it,vsr,coco:000000159850,3,false,1,0,1.0,0,0,0.03175589442253113,0.9682440757751465,0.010558057023099157,0.9894419429769009,0.465904018057496,0.5925758800290758
vsr_299_299,google/gemma-4-E4B-it,vsr,coco:000000433110,2,false,0,1,1.0,0,0,0.016251977533102036,0.9837480187416077,0.008429408925961772,0.9915705910740382,0.3712293939154826,0.5235858849154374
vsr_29_29,google/gemma-4-E4B-it,vsr,coco:000000252617,3,false,0,1,1.0,0,0,0.055009327828884125,0.9449906349182129,0.04794314720926242,0.9520568527907377,0.49099981873585136,0.6299490585306186
vsr_300_300,google/gemma-4-E4B-it,vsr,coco:000000259819,1,false,0,1,1.0,0,0,0.032258205115795135,0.9677417278289795,0.0833652349258266,0.9166347651354673,0.44968699947988877,0.6410421805562783
vsr_301_301,google/gemma-4-E4B-it,vsr,coco:000000216664,2,false,0,1,1.0,0,0,0.01797238551080227,0.9820276498794556,0.0035386063193268845,0.9964613936806732,0.3313918402196839,0.5644787404973822
vsr_303_303,google/gemma-4-E4B-it,vsr,coco:000000022041,3,false,0,1,1.0,0,0,0.002741325180977583,0.9972586631774902,0.028218553293747728,0.9717814467062522,0.49149889559287024,0.6317635896736161
vsr_311_311,google/gemma-4-E4B-it,vsr,coco:000000309568,3,false,1,0,1.0,0,0,0.09274686127901077,0.907253086566925,0.17726583558359793,0.8227341644164022,0.28727008579309404,0.5560015580508672
vsr_318_318,google/gemma-4-E4B-it,vsr,coco:000000280732,1,false,0,1,1.0,0,0,0.028835000470280647,0.9711650609970093,0.03834993807475709,0.9616500619221402,0.4975319216575215,0.6601154026430948
vsr_336_336,google/gemma-4-E4B-it,vsr,coco:000000144746,2,false,1,0,1.0,1,0,0.5951507091522217,0.404849112033844,0.2282166250272801,0.7717833749727195,0.3062652633374735,0.8207392768441157
vsr_44_44,google/gemma-4-E4B-it,vsr,coco:000000499656,2,false,0,1,1.0,0,0,0.00528460368514061,0.9947153925895691,0.0015768466808683504,0.9984231533191316,0.37923329280505697,0.521080693962815
vsr_58_58,google/gemma-4-E4B-it,vsr,coco:000000092213,4,false,0,1,1.0,0,0,0.14856746792793274,0.8514326214790344,0.2655979869354762,0.7344020130645238,0.43568456912382936,0.7305785116931375
vsr_96_96,google/gemma-4-E4B-it,vsr,coco:000000355462,2,true,1,0,1.0,0,0,0.03636915236711502,0.9636308550834656,0.021451022156524446,0.9785489778434755,0.3532585000212363,0.680938527439887
hallusionbench_1013_1013,google/gemma-4-E4B-it,hallusionbench,hallusionbench:VD/video/6_0.png,3,yes,1,0,1.0,0,0,0.11238366365432739,0.8876163959503174,0.3914082273423636,0.6085917726576366,0.2731146769087058,0.47396467061596204
hallusionbench_1101_1101,google/gemma-4-E4B-it,hallusionbench,hallusionbench:VD/video/17_1.png,4,yes,1,0,1.0,0,0,0.015273760072886944,0.9847262501716614,0.01611528905601168,0.9838847109439883,0.439598012627318,0.7487202462594224
hallusionbench_1103_1103,google/gemma-4-E4B-it,hallusionbench,hallusionbench:VD/video/17_1.png,4,yes,0,1,1.0,0,0,0.2737288475036621,0.7262710928916931,0.16605607276269535,0.8339439272373046,0.44103639761342284,0.7480819392857575
hallusionbench_1104_1104,google/gemma-4-E4B-it,hallusionbench,hallusionbench:VD/video/17_1.png,4,yes,0,1,1.0,0,0,0.08326829224824905,0.9167316555976868,0.22180652913905693,0.778193470860943,0.4363544101169498,0.7369084847796654
hallusionbench_333_333,google/gemma-4-E4B-it,hallusionbench,hallusionbench:VS/table/8_3.png,1,yes,0,1,1.0,0,0,0.007443470414727926,0.9925565123558044,0.004644347173006126,0.9953556528263238,0.4540122084593486,0.6458329001349579
hallusionbench_432_432,google/gemma-4-E4B-it,hallusionbench,hallusionbench:VS/map/7_1.png,3,no,0,1,1.0,0,0,0.005142613314092159,0.9948574304580688,0.008549044767529074,0.9914509552324708,0.48718037447097795,0.625774360410481
hallusionbench_471_471,google/gemma-4-E4B-it,hallusionbench,hallusionbench:VS/ocr/2_1.png,4,no,1,0,1.0,0,0,0.2622927129268646,0.7377073168754578,0.3036570269366007,0.6963429730633992,0.4224137302034253,0.7610365440110564
hallusionbench_481_481,google/gemma-4-E4B-it,hallusionbench,hallusionbench:VS/ocr/3_2.png,4,no,1,0,1.0,0,0,0.49352383613586426,0.5064759850502014,0.4088883666799274,0.5911116333200725,0.4399221472377627,0.7565976076437473
hallusionbench_516_516,google/gemma-4-E4B-it,hallusionbench,hallusionbench:VS/ocr/9_1.png,0,no,0,1,1.0,0,0,0.007248026318848133,0.992751955986023,0.005937474736197705,0.9940625252638023,0.4705613249670446,0.5974684127224738
hallusionbench_517_517,google/gemma-4-E4B-it,hallusionbench,hallusionbench:VS/ocr/9_1.png,0,no,0,1,1.0,0,0,0.01078970730304718,0.9892102479934692,0.0029211132950948846,0.9970788867049052,0.47106195685020436,0.5932081751072498
hallusionbench_598_598,google/gemma-4-E4B-it,hallusionbench,hallusionbench:VD/illusion/13_0.png,3,no,0,1,1.0,0,0,0.09388721734285355,0.906112790107727,0.02411701179906557,0.9758829882009343,0.2851306690670007,0.5381440815303468
hallusionbench_599_599,google/gemma-4-E4B-it,hallusionbench,hallusionbench:VD/illusion/13_1.png,3,yes,0,1,1.0,0,0,0.06866397708654404,0.9313359260559082,0.09692958302770939,0.9030704169722906,0.416855379263069,0.7134359679392029
hallusionbench_679_679,google/gemma-4-E4B-it,hallusionbench,hallusionbench:VD/illusion/30_0.png,1,yes,0,1,1.0,0,0,0.010782238095998764,0.9892177581787109,0.02201007082094067,0.9779899291779114,0.40744195314372217,0.6561023566802564
hallusionbench_680_680,google/gemma-4-E4B-it,hallusionbench,hallusionbench:VD/illusion/30_1.png,1,yes,0,1,1.0,2,1,0.6629294157028198,0.3370704650878906,0.9121371728486634,0.08786282713923571,0.445855115357933,0.7075741480059535
hallusionbench_721_721,google/gemma-4-E4B-it,hallusionbench,hallusionbench:VD/math/6_1.png,2,yes,0,1,1.0,0,0,0.010245618410408497,0.9897543787956238,0.0021013328281539252,0.997898667171846,0.38098912052763456,0.5144865416967329
hallusionbench_760_760,google/gemma-4-E4B-it,hallusionbench,hallusionbench:VD/math/13_0.png,2,yes,1,0,1.0,0,0,0.032542597502470016,0.9674573540687561,0.0183140239911971,0.9816859760088029,0.41622107377466183,0.5833076792333036
hallusionbench_772_772,google/gemma-4-E4B-it,hallusionbench,hallusionbench:VD/math/15_0.png,4,yes,1,0,1.0,0,0,0.10265061259269714,0.8973494172096252,0.06390866894047723,0.9360913310595227,0.43158516413172054,0.7365084773294679
hallusionbench_787_787,google/gemma-4-E4B-it,hallusionbench,hallusionbench:VD/math/17_1.png,4,yes,1,0,1.0,0,0,0.00584477698430419,0.99415522813797,0.004662392117077876,0.9953376078829221,0.43133271007699053,0.7318101249298454
hallusionbench_814_814,google/gemma-4-E4B-it,hallusionbench,hallusionbench:VD/ocr/4_1.png,0,no,0,1,1.0,0,0,0.016897834837436676,0.9831021428108215,0.0020188993610527808,0.9979811006389473,0.4718779233118264,0.6039507920530227
hallusionbench_815_815,google/gemma-4-E4B-it,hallusionbench,hallusionbench:VD/ocr/5_0.png,0,no,0,1,1.0,0,0,0.02485029026865959,0.9751496911048889,0.30225283641181283,0.6977471635881874,0.4731771991991171,0.5948740850237331
hallusionbench_854_854,google/gemma-4-E4B-it,hallusionbench,hallusionbench:VD/ocr/14_1.png,1,no,0,1,1.0,0,0,0.007148905657231808,0.9928511381149292,0.0029439592918373402,0.9970560407076181,0.3971089689914821,0.627013896071151
hallusionbench_865_865,google/gemma-4-E4B-it,hallusionbench,hallusionbench:VD/ocr/17_1.png,0,no,1,0,1.0,2,0,0.5520127415657043,0.44798725843429565,0.6387994166260116,0.36120058337398864,0.14010825804892932,0.5039688420029769
hallusionbench_868_868,google/gemma-4-E4B-it,hallusionbench,hallusionbench:VD/ocr/18_0.png,2,no,1,0,1.0,0,0,0.006031326483935118,0.9939687252044678,0.019089164807469167,0.9809108351925309,0.39128179782926176,0.5157476721019714
hallusionbench_873_873,google/gemma-4-E4B-it,hallusionbench,hallusionbench:VD/ocr/19_1.png,0,no,1,0,1.0,0,0,0.004210090730339289,0.9957899451255798,0.0045145748057607155,0.9954854251942392,0.47249232774050537,0.6047980551498413
hallusionbench_875_875,google/gemma-4-E4B-it,hallusionbench,hallusionbench:VD/ocr/20_0.png,4,no,0,1,1.0,0,0,0.0337236225605011,0.9662762880325317,0.01685974487013101,0.983140255129869,0.2940855826667758,0.7151026112121123
hallusionbench_914_914,google/gemma-4-E4B-it,hallusionbench,hallusionbench:VD/figure/8_1.png,0,no,0,1,1.0,0,0,0.0037436916027218103,0.9962563514709473,0.007910102804040938,0.9920898971959591,0.4720020423684873,0.6044764316484491
hallusionbench_926_926,google/gemma-4-E4B-it,hallusionbench,hallusionbench:VD/figure/11_1.png,3,no,0,1,1.0,0,0,0.0029667685739696026,0.9970332384109497,0.0010530494678668578,0.9989469505321332,0.48740568771273723,0.6258879568784933
hallusionbench_942_942,google/gemma-4-E4B-it,hallusionbench,hallusionbench:VD/figure/15_1.png,3,yes,1,0,1.0,0,0,0.0027279502246528864,0.9972720742225647,0.000602280884606647,0.9993977191153934,0.42319867501306646,0.6518562969980279
pope_random_1170_random_1170,google/gemma-4-E4B-it,pope,coco:000000513136,2,yes,1,0,1.0,0,0,0.010819979943335056,0.9891800880432129,0.0024810134636982935,0.9975189865363017,0.45901572590139855,0.6091679056437144
pope_random_1246_random_1246,google/gemma-4-E4B-it,pope,coco:000000383185,0,no,0,1,1.0,0,0,0.03947284445166588,0.9605271220207214,0.04504334223269999,0.9549566577673001,0.4726751694536518,0.5805783497195414
pope_random_1288_random_1288,google/gemma-4-E4B-it,pope,coco:000000201148,3,no,0,1,1.0,0,0,0.005146396346390247,0.994853675365448,0.001816748832297049,0.9981832511677029,0.3989380564046088,0.7098377950270895
pope_random_1326_random_1326,google/gemma-4-E4B-it,pope,coco:000000287035,0,no,0,1,1.0,1,0,0.4246263802051544,0.5753735303878784,0.5855876405369892,0.414412359463011,0.21614961755844678,0.5337774201292569
pope_random_1348_random_1348,google/gemma-4-E4B-it,pope,coco:000000186709,1,no,0,1,1.0,0,0,0.07296088337898254,0.9270392656326294,0.3935849119743508,0.6064150881446585,0.42790841351415676,0.6777334527832711
pope_random_1410_random_1410,google/gemma-4-E4B-it,pope,coco:000000200583,4,no,0,1,1.0,0,0,0.0019860826432704926,0.9980138540267944,0.0008719976326518058,0.9991280023673482,0.46402966573636334,0.7923371889115685
pope_random_1420_random_1420,google/gemma-4-E4B-it,pope,coco:000000424585,4,yes,1,0,1.0,0,0,0.26071032881736755,0.7392894625663757,0.4281900080121115,0.5718099919878885,0.3825667790281954,0.8860174216656413
pope_random_1507_random_1507,google/gemma-4-E4B-it,pope,coco:000000023731,2,yes,0,1,1.0,0,0,0.0061328234151005745,0.9938672184944153,0.008125167316981274,0.9918748326830187,0.24344415625370774,0.6784535932641549
pope_random_1686_random_1686,google/gemma-4-E4B-it,pope,coco:000000331366,2,yes,1,0,1.0,0,0,0.01407413650304079,0.9859258532524109,0.012703581289889736,0.9872964187101103,0.16008581418431322,0.7235970611756332
pope_random_1758_random_1758,google/gemma-4-E4B-it,pope,coco:000000346707,0,no,0,1,1.0,0,0,0.005119770765304565,0.994880199432373,0.023270668272395902,0.976729331727604,0.47220075744930606,0.604910517108342
pope_random_1834_random_1834,google/gemma-4-E4B-it,pope,coco:000000349936,3,no,0,1,1.0,0,0,0.023098694160580635,0.9769013524055481,0.0035708701305800054,0.99642912986942,0.32297132901574616,0.7525219335327101
pope_random_208_random_208,google/gemma-4-E4B-it,pope,coco:000000553165,4,no,0,1,1.0,0,0,0.07780172675848007,0.9221982955932617,0.045409677281764926,0.9545903227182351,0.46844886617368314,0.7962725301319319
pope_random_2760_random_2760,google/gemma-4-E4B-it,pope,coco:000000579231,1,yes,1,0,1.0,0,0,0.4219449460506439,0.5780550837516785,0.19552560401203836,0.8044743960473335,0.38378272908093936,0.6908824292027739
pope_random_2906_random_2906,google/gemma-4-E4B-it,pope,coco:000000141278,4,no,0,1,1.0,0,0,0.004085622727870941,0.9959143996238708,0.001090416573103773,0.9989095834268963,0.4657494568408622,0.7960818551586358
pope_random_300_random_300,google/gemma-4-E4B-it,pope,coco:000000515904,2,no,0,1,1.0,0,0,0.03337619826197624,0.966623842716217,0.08191255615515337,0.9180874438448464,0.36325652911253914,0.5192694400203826
pope_random_301_random_301,google/gemma-4-E4B-it,pope,coco:000000515904,2,no,1,0,1.0,0,0,0.0017450889572501183,0.9982549548149109,0.0005776860185455267,0.9994223139814544,0.38937257403136966,0.5142677997427345
pope_random_384_random_384,google/gemma-4-E4B-it,pope,coco:000000350898,1,no,0,1,1.0,0,0,0.012515733018517494,0.9874842762947083,0.005136254076075603,0.9948637459214194,0.41496281644082084,0.6321604834599535
pope_random_70_random_70,google/gemma-4-E4B-it,pope,coco:000000353180,4,no,0,1,1.0,0,0,0.007998672313988209,0.9920012950897217,0.014937887297680072,0.98506211270232,0.4642888486155438,0.7924756645083614
pope_random_798_random_798,google/gemma-4-E4B-it,pope,coco:000000147289,1,no,0,1,1.0,0,0,0.012907483614981174,0.9870924949645996,0.16747466132238534,0.8325253386515239,0.404379656122168,0.6299099142265272
pope_random_817_random_817,google/gemma-4-E4B-it,pope,coco:000000500473,1,yes,0,1,1.0,0,0,0.007789037190377712,0.9922109842300415,0.009413302302615452,0.9905866976973845,0.3879676444965752,0.6695688609771309
pope_random_818_random_818,google/gemma-4-E4B-it,pope,coco:000000500473,1,no,0,1,1.0,0,0,0.040094174444675446,0.9599058032035828,0.05547565988658872,0.9445243401045647,0.3892014167667588,0.6634077454606293
vsr_101_101,google/gemma-4-E4B-it,vsr,coco:000000465591,3,false,1,0,1.0,0,0,0.24712352454662323,0.7528765797615051,0.17548994254015982,0.8245100574598403,0.48634762978709667,0.6182674193153859
vsr_136_136,google/gemma-4-E4B-it,vsr,coco:000000499656,2,false,0,1,1.0,0,0,0.15520839393138885,0.84479159116745,0.10487093842061189,0.8951290615793881,0.2984386454807451,0.8195308832514431
vsr_141_141,google/gemma-4-E4B-it,vsr,coco:000000221681,2,false,1,0,1.0,0,0,0.15128420293331146,0.8487160205841064,0.4665568304528231,0.5334431695471767,0.49353552739473333,0.6588161202234576
vsr_154_154,google/gemma-4-E4B-it,vsr,coco:000000352549,0,false,0,1,1.0,2,1,0.5918971300125122,0.40810301899909973,0.8072256689987518,0.19277433100124844,0.32639600770232235,0.5393438750465993
vsr_164_164,google/gemma-4-E4B-it,vsr,coco:000000375760,1,false,0,1,1.0,0,0,0.012746436521410942,0.9872536063194275,0.0285206798030855,0.9714793201566737,0.3998396470964487,0.6270255377943789
vsr_178_178,google/gemma-4-E4B-it,vsr,coco:000000280551,2,false,1,0,1.0,1,0,0.502663791179657,0.49733611941337585,0.1567055963853118,0.843294403614688,0.3111452704125382,0.8215805521008627
vsr_180_180,google/gemma-4-E4B-it,vsr,coco:000000216664,2,false,0,1,1.0,2,1,0.5224823951721191,0.4775177538394928,0.7970523528390531,0.20294764716094674,0.4850821528804706,0.6405282478601293
vsr_194_194,google/gemma-4-E4B-it,vsr,coco:000000315663,4,true,0,1,1.0,0,0,0.0818178653717041,0.9181821942329407,0.07062028087159068,0.9293797191284092,0.2220149475680271,0.6730250868163319
vsr_215_215,google/gemma-4-E4B-it,vsr,coco:000000379226,1,false,1,0,1.0,0,0,0.010367339476943016,0.9896326065063477,0.0156229365698614,0.9843770634400122,0.40225560897434154,0.6725681658000369
vsr_225_225,google/gemma-4-E4B-it,vsr,coco:000000518081,0,false,0,1,1.0,0,0,0.03874070569872856,0.9612593054771423,0.03610272050400854,0.9638972794959916,0.191895517656351,0.512968991055678
vsr_228_228,google/gemma-4-E4B-it,vsr,coco:000000480991,3,false,0,1,1.0,0,0,0.019616708159446716,0.9803833365440369,0.06704639784200275,0.9329536021579973,0.31305031163760894,0.4797949595117598
vsr_244_244,google/gemma-4-E4B-it,vsr,coco:000000259819,1,false,0,1,1.0,0,0,0.03668675944209099,0.9633132815361023,0.04024605879598636,0.9597539411874604,0.4095617765190283,0.628710135177257
vsr_245_245,google/gemma-4-E4B-it,vsr,coco:000000202447,2,false,0,1,1.0,0,0,0.03492055833339691,0.9650793671607971,0.005636239155433851,0.9943637608445662,0.3869105961902706,0.5122464918481423
vsr_25_25,google/gemma-4-E4B-it,vsr,coco:000000225713,3,false,0,1,1.0,0,0,0.021878469735383987,0.9781215190887451,0.03066122258057512,0.969338777419425,0.31367304816934816,0.5169808598472362
vsr_262_262,google/gemma-4-E4B-it,vsr,coco:000000012315,0,false,1,0,1.0,0,0,0.05254000797867775,0.9474599957466125,0.17608874012954778,0.8239112598704523,0.4705751255127529,0.5951522999018454
vsr_274_274,google/gemma-4-E4B-it,vsr,coco:000000057091,0,false,0,1,1.0,0,0,0.007161940913647413,0.9928380846977234,0.010565381811403618,0.9894346181885965,0.3574124909324898,0.7172638394262474
vsr_276_276,google/gemma-4-E4B-it,vsr,coco:000000085131,3,false,0,1,1.0,0,0,0.16835592687129974,0.8316441178321838,0.09337395232570496,0.9066260476742951,0.49033666048736146,0.62606445070663
vsr_279_279,google/gemma-4-E4B-it,vsr,coco:000000350810,3,false,0,1,1.0,0,0,0.02189934253692627,0.9781006574630737,0.10591235909105796,0.8940876409089422,0.37035299564337393,0.7351142673967535
vsr_280_280,google/gemma-4-E4B-it,vsr,coco:000000103582,4,false,0,1,1.0,0,0,0.034056633710861206,0.9659432768821716,0.034578155622402566,0.9654218443775975,0.4693044250219563,0.7939985500414121
vsr_285_285,google/gemma-4-E4B-it,vsr,coco:000000192824,3,false,1,0,1.0,0,0,0.060212135314941406,0.9397878050804138,0.025557295959240323,0.9744427040407596,0.3250701530269419,0.5048312680858495
vsr_286_286,google/gemma-4-E4B-it,vsr,coco:000000091348,2,false,0,1,1.0,0,0,0.02646052837371826,0.9735394716262817,0.015531639009501297,0.9844683609904987,0.38239206642840834,0.5109670995073403
vsr_335_335,google/gemma-4-E4B-it,vsr,coco:000000279829,0,false,0,1,1.0,2,0,0.8177289366722107,0.18227115273475647,0.6175248927548298,0.3824751072451705,0.19295374616033517,0.528575695774967
vsr_74_74,google/gemma-4-E4B-it,vsr,coco:000000324483,0,false,0,1,1.0,0,0,0.008604721166193485,0.9913952946662903,0.028314055306039036,0.9716859446939609,0.4723291519059076,0.5986931961272063
vsr_76_76,google/gemma-4-E4B-it,vsr,coco:000000473433,4,false,0,1,1.0,0,0,0.0020049994345754385,0.9979950189590454,0.004459820247493745,0.9955401797525063,0.4643341697848086,0.7947653725987776
vsr_94_94,google/gemma-4-E4B-it,vsr,coco:000000144746,2,false,1,0,1.0,0,0,0.17330552637577057,0.8266944289207458,0.030194477418574613,0.9698055225814254,0.3793956886000134,0.7094432427430665
vsr_98_98,google/gemma-4-E4B-it,vsr,coco:000000222299,4,false,0,1,1.0,0,0,0.13145765662193298,0.8685423731803894,0.11596733810307579,0.8840326618969242,0.4646552519262101,0.7935535285909955
hallusionbench_1014_1014,google/gemma-4-E4B-it,hallusionbench,hallusionbench:VD/video/6_0.png,3,yes,0,1,1.0,1,0,0.45616042613983154,0.5438398122787476,0.8255709979842908,0.17442900201570932,0.46405382741466134,0.5970828539353625
hallusionbench_1066_1066,google/gemma-4-E4B-it,hallusionbench,hallusionbench:VD/video/12_0.png,1,yes,1,0,1.0,0,0,0.0775538757443428,0.9224461317062378,0.15424275631747325,0.845757243699415,0.37761214170931945,0.823824619854452
hallusionbench_1087_1087,google/gemma-4-E4B-it,hallusionbench,hallusionbench:VD/video/14_2.png,0,yes,0,1,1.0,0,0,0.06089850142598152,0.93910151720047,0.14189201893020922,0.858107981069791,0.3304105967847593,0.5424885166148824
hallusionbench_1100_1100,google/gemma-4-E4B-it,hallusionbench,hallusionbench:VD/video/17_0.png,0,yes,0,1,1.0,0,0,0.10609705001115799,0.8939029574394226,0.09462942546631667,0.9053705745336834,0.32219472710386704,0.5360204433086971
hallusionbench_1124_1124,google/gemma-4-E4B-it,hallusionbench,hallusionbench:VD/video/19_1.png,2,yes,1,0,1.0,2,0,0.6241428256034851,0.3758571445941925,0.6610066433144798,0.33899335668551983,0.42327029515061126,0.6180947858848469
hallusionbench_163_163,google/gemma-4-E4B-it,hallusionbench,hallusionbench:VS/chart/15_1.png,2,no,0,1,1.0,0,0,0.01004001498222351,0.9899599552154541,0.0009819888937340614,0.999018011106266,0.38149469882863996,0.5097779307680922
hallusionbench_164_164,google/gemma-4-E4B-it,hallusionbench,hallusionbench:VS/chart/15_1.png,2,no,0,1,1.0,0,0,0.013171782717108727,0.9868282079696655,0.00206590094898115,0.9979340990510188,0.3834263990755148,0.511004799557036
hallusionbench_179_179,google/gemma-4-E4B-it,hallusionbench,hallusionbench:VS/chart/17_2.png,0,yes,0,1,1.0,0,0,0.14671878516674042,0.8532812595367432,0.23595458248394707,0.7640454175160534,0.32422784520977765,0.5375146110594772
hallusionbench_199_199,google/gemma-4-E4B-it,hallusionbench,hallusionbench:VS/chart/20_2.png,4,no,0,1,1.0,1,1,0.38525390625,0.6147458553314209,0.5597515067411832,0.44024849325881665,0.1838310943974698,0.6912953409460431
hallusionbench_343_343,google/gemma-4-E4B-it,hallusionbench,hallusionbench:VS/table/9_1.png,0,no,0,1,1.0,0,0,0.0382855162024498,0.9617145657539368,0.03701156161823144,0.9629884383817686,0.4333531550729895,0.6813212807245479
hallusionbench_434_434,google/gemma-4-E4B-it,hallusionbench,hallusionbench:VS/map/7_2.png,3,no,1,0,1.0,0,0,0.0030961050651967525,0.9969038367271423,0.05595098510485798,0.944049014895142,0.4859227723866267,0.6223482928932014
hallusionbench_439_439,google/gemma-4-E4B-it,hallusionbench,hallusionbench:VS/map/8_1.png,2,no,0,1,1.0,0,0,0.011556542478501797,0.9884434342384338,0.02868527349888817,0.9713147265011118,0.4592998271932337,0.877874733414437
hallusionbench_498_498,google/gemma-4-E4B-it,hallusionbench,hallusionbench:VS/ocr/6_1.png,4,yes,1,0,1.0,0,0,0.02766493894159794,0.9723351001739502,0.011469467363586418,0.9885305326364134,0.4363371526142067,0.741123517125433
hallusionbench_522_522,google/gemma-4-E4B-it,hallusionbench,hallusionbench:VS/ocr/10_1.png,4,no,0,1,1.0,0,0,0.00993344560265541,0.9900665283203125,0.0013605518153845043,0.9986394481846155,0.3612351817032382,0.8278675872505886
hallusionbench_538_538,google/gemma-4-E4B-it,hallusionbench,hallusionbench:VD/illusion/0_0.png,2,yes,1,0,1.0,1,0,0.40144190192222595,0.5985580682754517,0.8146264129707605,0.1853735870292394,0.43253901356177515,0.6622147521582114
hallusionbench_568_568,google/gemma-4-E4B-it,hallusionbench,hallusionbench:VD/illusion/5_1.png,1,yes,1,0,1.0,1,0,0.7208635807037354,0.27913638949394226,0.4814232297543746,0.5185767700545841,0.45415527509696796,0.7191228956175639
hallusionbench_569_569,google/gemma-4-E4B-it,hallusionbench,hallusionbench:VD/illusion/5_1.png,1,yes,0,1,1.0,1,0,0.5777716040611267,0.4222283363342285,0.441985094160529,0.5580149059463636,0.3751601407794973,0.6877477249212423
hallusionbench_645_645,google/gemma-4-E4B-it,hallusionbench,hallusionbench:VD/illusion/23_0.png,0,no,1,0,1.0,0,0,0.33198562264442444,0.6680144667625427,0.47492174976521073,0.5250782502347896,0.4178942281732328,0.6643678979316467
hallusionbench_691_691,google/gemma-4-E4B-it,hallusionbench,hallusionbench:VD/math/1_1.png,3,yes,0,1,1.0,0,0,0.038392748683691025,0.9616071581840515,0.02104980474060763,0.9789501952593923,0.45870076556346806,0.5957374238578865
hallusionbench_767_767,google/gemma-4-E4B-it,hallusionbench,hallusionbench:VD/math/14_0.png,0,yes,0,1,1.0,0,0,0.22435806691646576,0.7756420373916626,0.3530384922745023,0.646961507725498,0.2818244461197579,0.5873484712489516
hallusionbench_856_856,google/gemma-4-E4B-it,hallusionbench,hallusionbench:VD/ocr/15_0.png,1,no,0,1,1.0,0,0,0.005088488571345806,0.9949114918708801,0.0005079170552266853,0.9994920829450271,0.3979237505773374,0.6268618809708192
hallusionbench_870_870,google/gemma-4-E4B-it,hallusionbench,hallusionbench:VD/ocr/18_1.png,0,no,0,1,1.0,0,0,0.12827353179454803,0.8717265725135803,0.10084059103991921,0.899159408960081,0.25871321202953695,0.6086230707544409
hallusionbench_895_895,google/gemma-4-E4B-it,hallusionbench,hallusionbench:VD/figure/4_1.png,2,yes,0,1,1.0,0,0,0.13920935988426208,0.860790491104126,0.38005984018175837,0.6199401598182411,0.4110057499234028,0.6331352531611258
hallusionbench_913_913,google/gemma-4-E4B-it,hallusionbench,hallusionbench:VD/figure/8_1.png,0,yes,0,1,1.0,0,0,0.2556394636631012,0.7443605065345764,0.12748576570855347,0.8725142342914467,0.4335885402642484,0.7476685056117467
hallusionbench_929_929,google/gemma-4-E4B-it,hallusionbench,hallusionbench:VD/figure/12_1.png,4,no,1,0,1.0,2,0,0.6569022536277771,0.3430976867675781,0.8430791974029856,0.15692080259701438,0.21194721513162787,0.6948208981185521
hallusionbench_930_930,google/gemma-4-E4B-it,hallusionbench,hallusionbench:VD/figure/12_1.png,4,yes,1,0,1.0,0,0,0.04837324097752571,0.9516267776489258,0.10832036834530297,0.891679631654697,0.14127737152829806,0.6085935404017699
hallusionbench_934_934,google/gemma-4-E4B-it,hallusionbench,hallusionbench:VD/figure/13_1.png,1,no,0,1,1.0,0,0,0.04209795594215393,0.9579020738601685,0.019937125377497818,0.9800628746170568,0.44726451756431734,0.6393428814536551
hallusionbench_953_953,google/gemma-4-E4B-it,hallusionbench,hallusionbench:VD/figure/18_1.png,1,yes,0,1,1.0,0,0,0.1674438863992691,0.8325562477111816,0.2549191746937331,0.7450808250958366,0.4948552996619662,0.6647632616014133
hallusionbench_955_955,google/gemma-4-E4B-it,hallusionbench,hallusionbench:VD/figure/19_0.png,2,no,0,1,1.0,0,0,0.4227493703365326,0.5772503614425659,0.31428061543376523,0.6857193845662344,0.43489246221472333,0.8666894550373999
hallusionbench_957_957,google/gemma-4-E4B-it,hallusionbench,hallusionbench:VD/figure/19_1.png,1,no,1,0,1.0,0,0,0.0683983713388443,0.9316016435623169,0.0957611886748517,0.904238811300795,0.13638640814376246,0.7218054583540039
hallusionbench_96_96,google/gemma-4-E4B-it,hallusionbench,hallusionbench:VS/chart/7_2.png,4,yes,0,1,1.0,0,0,0.4905398488044739,0.5094600915908813,0.3628535161783256,0.6371464838216744,0.4304369004469206,0.7790963506800064
hallusionbench_972_972,google/gemma-4-E4B-it,hallusionbench,hallusionbench:VD/video/1_2.png,3,yes,0,1,1.0,0,0,0.09249143302440643,0.9075086712837219,0.054992648055286135,0.945007351944714,0.4487042823197435,0.5903313578386142
pope_random_102_random_102,google/gemma-4-E4B-it,pope,coco:000000131115,3,no,0,1,1.0,0,0,0.010944546200335026,0.9890555143356323,0.007880099600075775,0.9921199003999243,0.4906386260883946,0.6306091610628466
pope_random_1056_random_1056,google/gemma-4-E4B-it,pope,coco:000000303534,3,no,0,1,1.0,0,0,0.01842072606086731,0.9815793037414551,0.007579462316467199,0.9924205376835329,0.4660359009816658,0.5933336054924468
pope_random_1172_random_1172,google/gemma-4-E4B-it,pope,coco:000000513136,2,yes,1,0,1.0,0,0,0.10395497828722,0.8960449695587158,0.18218938503091345,0.8178106149690864,0.37802587379245284,0.681663478962891
pope_random_1174_random_1174,google/gemma-4-E4B-it,pope,coco:000000513136,2,no,0,1,1.0,0,0,0.03181767836213112,0.968182384967804,0.02747756346933844,0.9725224365306615,0.41334755919772176,0.6108115044875596
pope_random_1340_random_1340,google/gemma-4-E4B-it,pope,coco:000000120648,3,yes,1,0,1.0,0,0,0.028707370162010193,0.9712925553321838,0.017150751537133534,0.9828492484628665,0.45823367561756506,0.5953590522828514
pope_random_1342_random_1342,google/gemma-4-E4B-it,pope,coco:000000120648,3,no,0,1,1.0,0,0,0.0027173259295523167,0.9972826242446899,0.0016871593857955228,0.9983128406142044,0.4922068743097841,0.6346727732446515
pope_random_1343_random_1343,google/gemma-4-E4B-it,pope,coco:000000120648,3,yes,0,1,1.0,0,0,0.013628563843667507,0.9863714575767517,0.018911806359417232,0.9810881936405829,0.46673469042428967,0.5971899878774026
pope_random_1386_random_1386,google/gemma-4-E4B-it,pope,coco:000000123017,1,no,0,1,1.0,0,0,0.05278448760509491,0.9472155570983887,0.05548883713179112,0.944511162868209,0.49319821839543865,0.6590124225712013
pope_random_1412_random_1412,google/gemma-4-E4B-it,pope,coco:000000200583,4,yes,1,0,1.0,0,0,0.05849524214863777,0.9415047764778137,0.04391096912150947,0.9560890308784905,0.42791364572125223,0.799674441704221
pope_random_1414_random_1414,google/gemma-4-E4B-it,pope,coco:000000200583,4,no,0,1,1.0,0,0,0.005003298167139292,0.9949966669082642,0.005183506845131852,0.9948164931548681,0.4873815935701715,0.7906958207186744
pope_random_1710_random_1710,google/gemma-4-E4B-it,pope,coco:000000239773,4,no,0,1,1.0,0,0,0.003742372151464224,0.9962576627731323,0.0012864907406729554,0.998713509259327,0.4720394179221771,0.7929461424403312
pope_random_1832_random_1832,google/gemma-4-E4B-it,pope,coco:000000349936,3,no,0,1,1.0,0,0,0.08079593628644943,0.9192041158676147,0.08723386651789901,0.9127661334821011,0.4047809087038224,0.6350116250189375
pope_random_1902_random_1902,google/gemma-4-E4B-it,pope,coco:000000418680,3,no,0,1,1.0,0,0,0.02501213178038597,0.974987804889679,0.05448434536182747,0.9455156546381727,0.4906279081306239,0.6276908499016872
pope_random_2044_random_2044,google/gemma-4-E4B-it,pope,coco:000000560064,4,no,0,1,1.0,0,0,0.03289903327822685,0.967100977897644,0.014927306830719701,0.9850726931692803,0.46567049786197745,0.7953380750698043
pope_random_2230_random_2230,google/gemma-4-E4B-it,pope,coco:000000233521,0,no,0,1,1.0,0,0,0.0015457231784239411,0.998454213142395,0.0004672064460772244,0.9995327935539229,0.4710912483832871,0.5869878287147006
pope_random_2234_random_2234,google/gemma-4-E4B-it,pope,coco:000000355256,0,no,0,1,1.0,0,0,0.010102219879627228,0.9898977279663086,0.024024360651678445,0.9759756393483215,0.47187837831717444,0.6042096946215382
pope_random_2790_random_2790,google/gemma-4-E4B-it,pope,coco:000000514248,3,no,0,1,1.0,0,0,0.006162671372294426,0.993837296962738,0.007957942455378057,0.9920420575446218,0.492264440132709,0.6348161690527487
pope_random_2791_random_2791,google/gemma-4-E4B-it,pope,coco:000000514248,3,yes,0,1,1.0,0,0,0.2686556279659271,0.7313443422317505,0.3749011153609014,0.6250988846390989,0.4447968256828019,0.5931982388418953
pope_random_2836_random_2836,google/gemma-4-E4B-it,pope,coco:000000399702,0,no,0,1,1.0,0,0,0.008347797207534313,0.9916521906852722,0.00959543333752871,0.9904045666624713,0.4695207812756063,0.5866145974640934
pope_random_302_random_302,google/gemma-4-E4B-it,pope,coco:000000515904,2,no,0,1,1.0,0,0,0.016392303630709648,0.9836077094078064,0.0018919739555894083,0.9981080260444106,0.3860181988529233,0.5116010561195662
pope_random_576_random_576,google/gemma-4-E4B-it,pope,coco:000000287305,1,no,0,1,1.0,0,0,0.002671487396582961,0.997328519821167,0.004076737300162969,0.9959232626996205,0.4471706018268402,0.6387165127962227
pope_random_802_random_802,google/gemma-4-E4B-it,pope,coco:000000147289,1,no,0,1,1.0,0,0,0.012430726550519466,0.987569272518158,0.004234496005721657,0.9957655039974993,0.399568678038471,0.6266920867309861
pope_random_86_random_86,google/gemma-4-E4B-it,pope,coco:000000219622,3,no,0,1,1.0,0,0,0.0028953985311090946,0.9971045851707458,0.012654446163777243,0.9873455538362228,0.49229270902213346,0.6347656374220667
pope_random_940_random_940,google/gemma-4-E4B-it,pope,coco:000000280734,1,no,0,1,1.0,1,0,0.637470006942749,0.36253002285957336,0.11805303984736885,0.8819469601919303,0.3722007787837224,0.719159828783142
pope_random_954_random_954,google/gemma-4-E4B-it,pope,coco:000000489728,0,no,0,1,1.0,0,0,0.006464439444243908,0.9935355186462402,0.008742832959329537,0.9912571670406706,0.47244532183748855,0.6054472560773411
vsr_109_109,google/gemma-4-E4B-it,vsr,coco:000000245576,1,false,1,0,1.0,0,0,0.08928664028644562,0.9107133746147156,0.035848085506243355,0.9641519144867068,0.18265297139652462,0.7909850569936782
vsr_122_122,google/gemma-4-E4B-it,vsr,coco:000000550019,3,false,0,1,1.0,0,0,0.019359247758984566,0.9806407690048218,0.005442893243510862,0.9945571067564891,0.3163478981092593,0.763626494767158
vsr_127_127,google/gemma-4-E4B-it,vsr,coco:000000268570,3,true,1,0,1.0,0,0,0.029486721381545067,0.9705132246017456,0.08667065988933076,0.9133293401106692,0.43341144751659316,0.6008233312673346
vsr_153_153,google/gemma-4-E4B-it,vsr,coco:000000127799,0,true,1,0,1.0,2,0,0.6515500545501709,0.3484499156475067,0.6684818427182295,0.33151815728177075,0.2615542710078073,0.5238459618740019
vsr_156_156,google/gemma-4-E4B-it,vsr,coco:000000007319,4,true,0,1,1.0,0,0,0.13418786227703094,0.8658120632171631,0.011750568237013129,0.988249431762987,0.3702515899341358,0.8975294012276689
vsr_158_158,google/gemma-4-E4B-it,vsr,coco:000000258509,1,false,1,0,1.0,0,0,0.1640385538339615,0.8359615206718445,0.13757417611540954,0.8624258238507102,0.1797358999030501,0.7860766503885562
vsr_163_163,google/gemma-4-E4B-it,vsr,coco:000000046905,4,true,1,0,1.0,1,0,0.6214872002601624,0.37851274013519287,0.36406710537418613,0.6359328946258138,0.43091452421197357,0.7912017744111566
vsr_165_165,google/gemma-4-E4B-it,vsr,coco:000000563805,2,false,0,1,1.0,0,0,0.00602622888982296,0.9939737915992737,0.021496609341156308,0.9785033906588437,0.3916565215261508,0.51600135858331
vsr_169_169,google/gemma-4-E4B-it,vsr,coco:000000473964,1,false,0,1,1.0,0,0,0.0074093760922551155,0.9925906658172607,0.003430433762046633,0.9965695662448107,0.4028187393645265,0.6272658339468814
vsr_173_173,google/gemma-4-E4B-it,vsr,coco:000000034524,1,false,1,0,1.0,2,0,0.6168117523193359,0.3831881284713745,0.6454229403546827,0.3545770596781338,0.43424463565317667,0.6421035096356699
vsr_195_195,google/gemma-4-E4B-it,vsr,coco:000000055468,2,false,0,1,1.0,0,0,0.001190737122669816,0.9988092184066772,0.0020759464469507767,0.9979240535530493,0.39614549841613145,0.5194064057734171
vsr_208_208,google/gemma-4-E4B-it,vsr,coco:000000059501,0,false,1,0,1.0,0,0,0.1178312674164772,0.8821687698364258,0.06840185246984064,0.9315981475301596,0.19526561307952592,0.5289794151653008
vsr_213_213,google/gemma-4-E4B-it,vsr,coco:000000482994,4,false,1,0,1.0,0,0,0.015430918894708157,0.9845690727233887,0.004901830422666576,0.9950981695773334,0.3738143220626578,0.8247035205888632
vsr_236_236,google/gemma-4-E4B-it,vsr,coco:000000482841,4,false,0,1,1.0,0,0,0.04067494720220566,0.9593250751495361,0.049782530138570785,0.9502174698614293,0.46646025814836584,0.7955461813090531
vsr_239_239,google/gemma-4-E4B-it,vsr,coco:000000420344,3,false,0,1,1.0,0,0,0.056390438228845596,0.9436094760894775,0.1701056452958591,0.829894354704141,0.46657883517702875,0.5973454212791733
vsr_251_251,google/gemma-4-E4B-it,vsr,coco:000000068764,4,true,1,0,1.0,0,0,0.03637787699699402,0.9636220932006836,0.03097652265367032,0.9690234773463298,0.4352227497619431,0.7330896836789107
vsr_258_258,google/gemma-4-E4B-it,vsr,coco:000000084448,0,false,1,0,1.0,0,0,0.056900713592767715,0.943099319934845,0.051204801882823045,0.948795198117177,0.47069462289712316,0.5877146949528301
vsr_2_2,google/gemma-4-E4B-it,vsr,coco:000000470862,2,false,1,0,1.0,0,0,0.015324224717915058,0.9846757054328918,0.002641406681933057,0.997358593318067,0.35712598306622984,0.5505951377619885
vsr_305_305,google/gemma-4-E4B-it,vsr,coco:000000292365,2,false,0,1,1.0,0,0,0.020232556387782097,0.9797674417495728,0.00947785877841196,0.9905221412215879,0.384364339254546,0.5113352902202398
vsr_327_327,google/gemma-4-E4B-it,vsr,coco:000000040937,3,false,1,0,1.0,0,0,0.42068028450012207,0.5793196558952332,0.07792936034605395,0.9220706396539462,0.4288460324193037,0.6408497847691009
vsr_328_328,google/gemma-4-E4B-it,vsr,coco:000000003474,2,false,0,1,1.0,0,0,0.0158663522452116,0.9841337203979492,0.001845068968833162,0.9981549310311669,0.38042818340179857,0.510182617188615
vsr_37_37,google/gemma-4-E4B-it,vsr,coco:000000461775,2,false,0,1,1.0,0,0,0.24970385432243347,0.7502961158752441,0.18844658915272483,0.811553410847275,0.4614032128822875,0.8726667346090853
vsr_43_43,google/gemma-4-E4B-it,vsr,coco:000000126810,3,false,1,0,1.0,0,0,0.01857203058898449,0.9814279079437256,0.021829699693364665,0.9781703003066354,0.2820444700874591,0.47388957361987794
vsr_48_48,google/gemma-4-E4B-it,vsr,coco:000000373623,3,false,1,0,1.0,0,0,0.17907890677452087,0.8209213018417358,0.14866799894570562,0.8513320010542945,0.2735292443007158,0.5438537910762805
vsr_61_61,google/gemma-4-E4B-it,vsr,coco:000000282221,2,false,0,1,1.0,1,1,0.463514119386673,0.5364859104156494,0.9071975952055709,0.0928024047944291,0.47442430865147156,0.6269534447741061
vsr_75_75,google/gemma-4-E4B-it,vsr,coco:000000061389,4,false,0,1,1.0,0,0,0.11896456032991409,0.8810354471206665,0.13619853656708408,0.8638014634329159,0.46987598270583675,0.7945334304934641
vsr_80_80,google/gemma-4-E4B-it,vsr,coco:000000108639,4,false,1,0,1.0,2,0,0.8855875134468079,0.11441235989332199,0.8554063456449331,0.1445936543550669,0.20389260980510243,0.6927838371174682
vsr_81_81,google/gemma-4-E4B-it,vsr,coco:000000318723,1,false,0,1,1.0,0,0,0.025609595701098442,0.97439044713974,0.0248877477748755,0.9751122522208797,0.4142564464754669,0.6318182127019142
vsr_89_89,google/gemma-4-E4B-it,vsr,coco:000000566743,4,false,0,1,1.0,0,0,0.2136503905057907,0.7863496541976929,0.32127863276659246,0.6787213672334076,0.46880815039462137,0.798850826611939
vsr_90_90,google/gemma-4-E4B-it,vsr,coco:000000486501,4,false,0,1,1.0,1,0,0.5761343240737915,0.42386552691459656,0.1905251566275129,0.8094748433724871,0.2804527719923312,0.7109855695697359
hallusionbench_729_729,google/gemma-4-E4B-it,hallusionbench,hallusionbench:VD/math/7_1.png,2,yes,1,0,1.0,0,0,0.006861294619739056,0.9931387305259705,0.0011494775103352394,0.9988505224896649,0.39113469855919913,0.7819669994222449
hallusionbench_1088_1088,google/gemma-4-E4B-it,hallusionbench,hallusionbench:VD/video/14_2.png,0,yes,0,1,1.0,0,0,0.20761677622795105,0.7923833131790161,0.12566795268469164,0.8743320473153084,0.28352262960534214,0.5353972352759337
hallusionbench_1099_1099,google/gemma-4-E4B-it,hallusionbench,hallusionbench:VD/video/17_0.png,0,yes,1,0,1.0,2,0,0.895433783531189,0.10456632077693939,0.657005203696983,0.34299479630301727,0.2873248119198283,0.5255793019963001
hallusionbench_1116_1116,google/gemma-4-E4B-it,hallusionbench,hallusionbench:VD/video/18_2.png,3,yes,0,1,1.0,2,1,0.8005921244621277,0.19940796494483948,0.7155917978780765,0.2844082021219237,0.4628243895303353,0.596517611890404
hallusionbench_1123_1123,google/gemma-4-E4B-it,hallusionbench,hallusionbench:VD/video/19_1.png,2,yes,0,1,1.0,0,0,0.4395970106124878,0.5604028105735779,0.13562053737471014,0.8643794626252896,0.42235124143043856,0.6138497963478221
hallusionbench_166_166,google/gemma-4-E4B-it,hallusionbench,hallusionbench:VS/chart/15_2.png,1,no,1,0,1.0,0,0,0.18542437255382538,0.8145756125450134,0.026819733928153497,0.9731802660844882,0.14208316843095692,0.7171626964030826
hallusionbench_184_184,google/gemma-4-E4B-it,hallusionbench,hallusionbench:VS/chart/18_1.png,2,no,0,1,1.0,0,0,0.0740283653140068,0.9259716868400574,0.028493890887781825,0.9715061091122181,0.4147264664321349,0.5473929990376308
hallusionbench_185_185,google/gemma-4-E4B-it,hallusionbench,hallusionbench:VS/chart/18_1.png,2,yes,1,0,1.0,2,0,0.8871718049049377,0.11282823979854584,0.884616487029679,0.11538351297032091,0.3107003111861933,0.6800005729260923
hallusionbench_198_198,google/gemma-4-E4B-it,hallusionbench,hallusionbench:VS/chart/20_2.png,4,no,1,0,1.0,0,0,0.007758971769362688,0.9922410249710083,0.016533850408760348,0.9834661495912397,0.4375050490400588,0.8348117076426379
hallusionbench_263_263,google/gemma-4-E4B-it,hallusionbench,hallusionbench:VS/table/5_1.png,1,no,0,1,1.0,0,0,0.005711404141038656,0.9942885637283325,0.001260337767990857,0.998739662230538,0.4239496469835081,0.6343994085934432
hallusionbench_377_377,google/gemma-4-E4B-it,hallusionbench,hallusionbench:VS/map/1_1.png,4,yes,1,0,1.0,2,0,0.6993295550346375,0.3006703853607178,0.8596958270351401,0.1403041729648599,0.3647374511336865,0.9070502549107403
hallusionbench_510_510,google/gemma-4-E4B-it,hallusionbench,hallusionbench:VS/ocr/8_1.png,4,no,0,1,1.0,0,0,0.3404688537120819,0.6595310568809509,0.2823113152836038,0.7176886847163961,0.37563645400209755,0.9076908285138052
hallusionbench_511_511,google/gemma-4-E4B-it,hallusionbench,hallusionbench:VS/ocr/8_1.png,4,yes,1,0,1.0,0,0,0.0878249853849411,0.9121749401092529,0.06980824482868093,0.9301917551713189,0.43399743742435765,0.7368694519544469
hallusionbench_524_524,google/gemma-4-E4B-it,hallusionbench,hallusionbench:VS/ocr/10_2.png,3,no,1,0,1.0,0,0,0.04409484192728996,0.9559050798416138,0.20468905866590065,0.7953109413340995,0.45203500093763116,0.6383405269315228
hallusionbench_561_561,google/gemma-4-E4B-it,hallusionbench,hallusionbench:VD/illusion/3_1.png,0,no,0,1,1.0,0,0,0.10075352340936661,0.8992465734481812,0.19090403417713067,0.8090959658228696,0.42937526628560646,0.6052992734607181
hallusionbench_575_575,google/gemma-4-E4B-it,hallusionbench,hallusionbench:VD/illusion/7_1.png,0,yes,1,0,1.0,2,0,0.7716277837753296,0.22837220132350922,0.7252107368915096,0.27478926310849067,0.23757119307470584,0.5234323733354397
hallusionbench_587_587,google/gemma-4-E4B-it,hallusionbench,hallusionbench:VD/illusion/10_0.png,3,yes,0,1,1.0,0,0,0.19320669770240784,0.8067934513092041,0.2679078177833775,0.7320921822166226,0.4113093576442021,0.6181550227017317
hallusionbench_589_589,google/gemma-4-E4B-it,hallusionbench,hallusionbench:VD/illusion/10_1.png,2,yes,1,0,1.0,0,0,0.02387666143476963,0.9761233925819397,0.008932059582689498,0.9910679404173104,0.4100985124747112,0.6755795975787849
hallusionbench_678_678,google/gemma-4-E4B-it,hallusionbench,hallusionbench:VD/illusion/30_0.png,1,yes,1,0,1.0,0,0,0.02219291403889656,0.9778071045875549,0.03212132038320821,0.9678786796151339,0.44531089748299246,0.7168318433679329
hallusionbench_723_723,google/gemma-4-E4B-it,hallusionbench,hallusionbench:VD/math/6_1.png,2,no,0,1,1.0,0,0,0.021464962512254715,0.9785350561141968,0.015585821740736236,0.9844141782592637,0.3901284126729323,0.5148054174120742
hallusionbench_727_727,google/gemma-4-E4B-it,hallusionbench,hallusionbench:VD/math/7_1.png,2,yes,0,1,1.0,0,0,0.027151649817824364,0.9728484153747559,0.09334347564276028,0.9066565243572395,0.4148745370466999,0.5918288604416966
hallusionbench_745_745,google/gemma-4-E4B-it,hallusionbench,hallusionbench:VD/math/10_1.png,0,yes,0,1,1.0,2,1,0.7766627073287964,0.22333742678165436,0.710863709388717,0.2891362906112834,0.23748411578546524,0.5135848850575909
hallusionbench_755_755,google/gemma-4-E4B-it,hallusionbench,hallusionbench:VD/math/12_0.png,0,no,1,0,1.0,1,0,0.46803706884384155,0.531963050365448,0.715924368063221,0.2840756319367792,0.24357846036833722,0.5222853691038072
hallusionbench_766_766,google/gemma-4-E4B-it,hallusionbench,hallusionbench:VD/math/14_0.png,0,no,1,0,1.0,2,0,0.793644368648529,0.2063557654619217,0.5382412210591818,0.46175877894081846,0.17715997936684358,0.6214412923728423
hallusionbench_783_783,google/gemma-4-E4B-it,hallusionbench,hallusionbench:VD/math/16_1.png,4,yes,0,1,1.0,0,0,0.12808524072170258,0.8719147443771362,0.12128655852040357,0.8787134414795964,0.4329253648561568,0.7481126311297517
hallusionbench_794_794,google/gemma-4-E4B-it,hallusionbench,hallusionbench:VD/ocr/1_0.png,4,yes,1,0,1.0,0,0,0.014061935245990753,0.9859381318092346,0.02871163691602695,0.971288363083973,0.44224442479699616,0.7472401339017646
hallusionbench_80_80,google/gemma-4-E4B-it,hallusionbench,hallusionbench:VS/chart/6_1.png,4,no,0,1,1.0,0,0,0.06505430489778519,0.9349457621574402,0.0741269643926975,0.9258730356073025,0.23277262973757548,0.6924676435772461
hallusionbench_810_810,google/gemma-4-E4B-it,hallusionbench,hallusionbench:VD/ocr/3_2.png,1,no,1,0,1.0,0,0,0.033336058259010315,0.9666640162467957,0.009218311864980764,0.9907816881277836,0.4005263842434315,0.6271361856671449
hallusionbench_817_817,google/gemma-4-E4B-it,hallusionbench,hallusionbench:VD/ocr/5_1.png,2,no,1,0,1.0,0,0,0.062034301459789276,0.9379658102989197,0.11782667007833181,0.8821733299216681,0.41210210235818107,0.8587981516246609
hallusionbench_818_818,google/gemma-4-E4B-it,hallusionbench,hallusionbench:VD/ocr/5_1.png,2,no,0,1,1.0,0,0,0.06759611517190933,0.9324038624763489,0.06176681092928607,0.9382331890707138,0.38871276206631156,0.5137705058298053
hallusionbench_869_869,google/gemma-4-E4B-it,hallusionbench,hallusionbench:VD/ocr/18_1.png,0,no,1,0,1.0,0,0,0.0948912501335144,0.9051088094711304,0.09869974060224565,0.9013002593977545,0.3879759946614405,0.6467787718494741
hallusionbench_876_876,google/gemma-4-E4B-it,hallusionbench,hallusionbench:VD/ocr/20_0.png,4,no,1,0,1.0,0,0,0.03143736720085144,0.9685625433921814,0.10160208643077372,0.8983979135692263,0.4764288989580719,0.7951549136657673
hallusionbench_878_878,google/gemma-4-E4B-it,hallusionbench,hallusionbench:VD/ocr/20_1.png,0,no,0,1,1.0,0,0,0.06194525212049484,0.938054621219635,0.029002333457678938,0.970997666542321,0.4756873740137163,0.5748525248755396
hallusionbench_890_890,google/gemma-4-E4B-it,hallusionbench,hallusionbench:VD/figure/3_0.png,0,yes,0,1,1.0,2,0,0.7968669533729553,0.20313295722007751,0.5382884867021847,0.4617115132978158,0.27273010328485126,0.5228248500460153
hallusionbench_927_927,google/gemma-4-E4B-it,hallusionbench,hallusionbench:VD/figure/12_0.png,0,yes,1,0,1.0,0,0,0.07635603100061417,0.9236440062522888,0.05245707680755749,0.9475429231924425,0.17520792949005307,0.6208851645121616
hallusionbench_935_935,google/gemma-4-E4B-it,hallusionbench,hallusionbench:VD/figure/14_0.png,1,no,0,1,1.0,0,0,0.027339337393641472,0.9726606607437134,0.03904392601256128,0.9609560740379283,0.4024856469081355,0.6268881289630754
hallusionbench_941_941,google/gemma-4-E4B-it,hallusionbench,hallusionbench:VD/figure/15_1.png,3,no,1,0,1.0,0,0,0.05054313316941261,0.9494569897651672,0.08315358002577007,0.9168464199742299,0.28970478288737644,0.46638440885205057
hallusionbench_954_954,google/gemma-4-E4B-it,hallusionbench,hallusionbench:VD/figure/18_1.png,1,no,0,1,1.0,0,0,0.0033816176000982523,0.996618390083313,0.004920590021891476,0.9950794099781085,0.3966001752010929,0.6266069050463847
hallusionbench_970_970,google/gemma-4-E4B-it,hallusionbench,hallusionbench:VD/video/1_2.png,3,no,1,0,1.0,0,0,0.11531461775302887,0.8846853971481323,0.05628144956366304,0.9437185504363371,0.4899987691434854,0.6280140333170788
hallusionbench_971_971,google/gemma-4-E4B-it,hallusionbench,hallusionbench:VD/video/1_2.png,3,yes,0,1,1.0,0,0,0.4773561358451843,0.5226442813873291,0.4904355453353525,0.5095644546646476,0.424652681989859,0.5893824580085766
hallusionbench_97_97,google/gemma-4-E4B-it,hallusionbench,hallusionbench:VS/chart/7_2.png,4,yes,1,0,1.0,2,0,0.6328418254852295,0.36715811491012573,0.8830908788247906,0.11690912117520938,0.3064833666592497,0.9301497193509721
pope_random_106_random_106,google/gemma-4-E4B-it,pope,coco:000000131115,3,no,0,1,1.0,0,0,0.032307371497154236,0.9676926136016846,0.08749574566441876,0.9125042543355812,0.48890964341747783,0.632199310949389
pope_random_1330_random_1330,google/gemma-4-E4B-it,pope,coco:000000287035,0,no,0,1,1.0,0,0,0.005357507150620222,0.9946424961090088,0.0206073372911016,0.9793926627088985,0.3600979451250505,0.718762790084369
pope_random_1344_random_1344,google/gemma-4-E4B-it,pope,coco:000000186709,1,yes,1,0,1.0,0,0,0.00793149322271347,0.9920685291290283,0.012511391782901678,0.9874886082232588,0.4167615952744862,0.6836462169580463
pope_random_14_random_14,google/gemma-4-E4B-it,pope,coco:000000429109,2,no,0,1,1.0,0,0,0.0018217016477137804,0.9981783628463745,0.0005722619107323482,0.9994277380892677,0.3868825677597968,0.5122267839095432
pope_random_1586_random_1586,google/gemma-4-E4B-it,pope,coco:000000198312,1,no,0,1,1.0,0,0,0.007148905657231808,0.9928511381149292,0.0030569890582897424,0.9969430109411449,0.39705102220288835,0.6269332545141625
pope_random_1588_random_1588,google/gemma-4-E4B-it,pope,coco:000000198312,1,no,0,1,1.0,0,0,0.019726263359189034,0.9802737236022949,0.01131216478412595,0.9886878352033963,0.4497239049671794,0.6504730791979869
pope_random_1658_random_1658,google/gemma-4-E4B-it,pope,coco:000000442809,2,no,0,1,1.0,0,0,0.0011218148283660412,0.9988781809806824,0.0009503005201118606,0.9990496994798882,0.3952949635938786,0.5306024905762272
pope_random_188_random_188,google/gemma-4-E4B-it,pope,coco:000000063953,3,no,0,1,1.0,0,0,0.010859311558306217,0.9891406297683716,0.009555149381517882,0.9904448506184822,0.492080591073525,0.6342551533320527
pope_random_218_random_218,google/gemma-4-E4B-it,pope,coco:000000498759,4,no,0,1,1.0,0,0,0.17290981113910675,0.8270901441574097,0.1469033933138633,0.8530966066861366,0.4680200199553457,0.796616140744216
pope_random_2650_random_2650,google/gemma-4-E4B-it,pope,coco:000000429580,2,no,0,1,1.0,0,0,0.01588592305779457,0.9841140508651733,0.01498861467931678,0.9850113853206832,0.3868204854481818,0.5121529294421217
pope_random_2688_random_2688,google/gemma-4-E4B-it,pope,coco:000000265472,1,no,0,1,1.0,0,0,0.0033816176000982523,0.996618390083313,0.0018803506032153592,0.9981196493967848,0.3963429961449234,0.626597817873864
pope_random_2692_random_2692,google/gemma-4-E4B-it,pope,coco:000000265472,1,yes,1,0,1.0,0,0,0.0027737536001950502,0.9972261786460876,0.0006975000069603304,0.999302499993147,0.4441901332988168,0.6503367909382943
pope_random_2904_random_2904,google/gemma-4-E4B-it,pope,coco:000000141278,4,no,0,1,1.0,0,0,0.18908657133579254,0.8109133243560791,0.0839961473371558,0.9160038526628442,0.44036560864884267,0.7459529992601717
pope_random_386_random_386,google/gemma-4-E4B-it,pope,coco:000000350898,1,no,0,1,1.0,0,0,0.23216655850410461,0.7678335309028625,0.18139208472104748,0.8186079153294508,0.33511780461418694,0.7681713632103465
pope_random_478_random_478,google/gemma-4-E4B-it,pope,coco:000000332025,3,yes,1,0,1.0,1,0,0.47751569747924805,0.5224844217300415,0.7716742337997071,0.22832576620029313,0.392932325723578,0.6309276050951651
pope_random_704_random_704,google/gemma-4-E4B-it,pope,coco:000000032610,4,no,0,1,1.0,0,0,0.0013145197881385684,0.9986854195594788,0.0008624910906413665,0.9991375089093586,0.48769222144318186,0.7906029638132057
pope_random_800_random_800,google/gemma-4-E4B-it,pope,coco:000000147289,1,no,0,1,1.0,0,0,0.003952289931476116,0.9960476756095886,0.008004414163889296,0.991995585837064,0.37596179057114487,0.6986409064107969
pope_random_88_random_88,google/gemma-4-E4B-it,pope,coco:000000219622,3,no,0,1,1.0,0,0,0.010781713761389256,0.9892183542251587,0.013395237603263305,0.9866047623967368,0.4272935821743358,0.6163649270617777
pope_random_938_random_938,google/gemma-4-E4B-it,pope,coco:000000280734,1,no,0,1,1.0,1,0,0.1938047707080841,0.8061953186988831,0.6303227716848457,0.36967722822175725,0.3913337989616621,0.6995166110000743
pope_random_958_random_958,google/gemma-4-E4B-it,pope,coco:000000489728,0,no,0,1,1.0,0,0,0.014703681692481041,0.9852963089942932,0.010432711370611478,0.9895672886293885,0.4451194328347093,0.5604365657620929
vsr_100_100,google/gemma-4-E4B-it,vsr,coco:000000402590,3,false,0,1,1.0,0,0,0.06977590918540955,0.9302240610122681,0.20572387499743117,0.7942761250025691,0.4606917895119306,0.6328024192097564
vsr_125_125,google/gemma-4-E4B-it,vsr,coco:000000112553,1,false,1,0,1.0,0,0,0.03647879511117935,0.9635211825370789,0.25594575157793936,0.7440542482725963,0.44561646629057566,0.6612222121427879
vsr_177_177,google/gemma-4-E4B-it,vsr,coco:000000355462,2,true,1,0,1.0,1,0,0.27255159616470337,0.7274483442306519,0.6876980464529289,0.312301953547071,0.4328778266295795,0.658543232788928
vsr_202_202,google/gemma-4-E4B-it,vsr,coco:000000137514,4,false,0,1,1.0,1,0,0.5525147914886475,0.4474850594997406,0.21155225915732154,0.7884477408426785,0.28283062151491134,0.7129291958602101
vsr_206_206,google/gemma-4-E4B-it,vsr,coco:000000113412,1,false,1,0,1.0,0,0,0.006099272985011339,0.9939007759094238,0.0015797102907655234,0.9984202897099834,0.3983288679674991,0.6268366431516919
vsr_20_20,google/gemma-4-E4B-it,vsr,coco:000000210276,3,false,0,1,1.0,0,0,0.03866743668913841,0.9613325595855713,0.106850647734001,0.8931493522659991,0.4899732300994579,0.625552954235794
vsr_214_214,google/gemma-4-E4B-it,vsr,coco:000000433110,2,false,0,1,1.0,0,0,0.017226511612534523,0.9827735424041748,0.005511773284143142,0.9944882267158569,0.3735044787128314,0.5230851606022401
vsr_219_219,google/gemma-4-E4B-it,vsr,coco:000000575911,4,false,0,1,1.0,0,0,0.002030555158853531,0.9979694485664368,0.0005750308192957018,0.9994249691807043,0.4919169534487039,0.8030185194837283
vsr_21_21,google/gemma-4-E4B-it,vsr,coco:000000248133,0,false,1,0,1.0,0,0,0.008363945409655571,0.9916360378265381,0.0020228061321839494,0.9979771938678161,0.47215523873840753,0.5977743104037123
vsr_235_235,google/gemma-4-E4B-it,vsr,coco:000000530730,2,false,1,0,1.0,0,0,0.008057882077991962,0.9919421672821045,0.030365990416835735,0.9696340095831643,0.396190861643495,0.5192027854400547
vsr_247_247,google/gemma-4-E4B-it,vsr,coco:000000202186,0,false,1,0,1.0,0,0,0.0879560261964798,0.9120438098907471,0.03553007537623362,0.9644699246237665,0.47137835700015807,0.5843730733955101
vsr_24_24,google/gemma-4-E4B-it,vsr,coco:000000040069,2,true,0,1,1.0,0,0,0.05796512961387634,0.942034900188446,0.06977424659288047,0.9302257534071194,0.4134079503231439,0.542842530340221
vsr_255_255,google/gemma-4-E4B-it,vsr,coco:000000046905,4,true,1,0,1.0,1,0,0.5905293226242065,0.40947043895721436,0.3369564983202722,0.6630435016797278,0.37898183131072644,0.8613955249917579
vsr_256_256,google/gemma-4-E4B-it,vsr,coco:000000577928,0,false,1,0,1.0,2,0,0.956503689289093,0.04349629580974579,0.834533384866246,0.1654666151337542,0.1501591901464343,0.4999568661634224
vsr_259_259,google/gemma-4-E4B-it,vsr,coco:000000500792,3,true,0,1,1.0,0,0,0.257677286863327,0.7423229217529297,0.15102766119543734,0.8489723388045628,0.3807927129069345,0.6657912668079526
vsr_261_261,google/gemma-4-E4B-it,vsr,coco:000000375760,1,false,0,1,1.0,0,0,0.0157330259680748,0.9842669367790222,0.009816722164986202,0.9901832778372649,0.41394777084859974,0.6309870108762184
vsr_26_26,google/gemma-4-E4B-it,vsr,coco:000000266083,2,false,0,1,1.0,0,0,0.33973821997642517,0.6602618098258972,0.39704628835902184,0.6029537116409778,0.41882790755392746,0.5914260511598386
vsr_271_271,google/gemma-4-E4B-it,vsr,coco:000000432468,4,false,0,1,1.0,0,0,0.006474896799772978,0.9935251474380493,0.009618693691337322,0.9903813063086626,0.4710887571973757,0.793095525937679
vsr_277_277,google/gemma-4-E4B-it,vsr,coco:000000548219,3,false,0,1,1.0,0,0,0.0749710202217102,0.9250290393829346,0.07649655561038209,0.923503444389618,0.49068204365940926,0.6294420748252956
vsr_281_281,google/gemma-4-E4B-it,vsr,coco:000000169200,1,false,1,0,1.0,0,0,0.041031669825315475,0.9589683413505554,0.0591748535371325,0.9408251464708508,0.1334584439519863,0.7095364074177599
vsr_31_31,google/gemma-4-E4B-it,vsr,coco:000000007319,4,true,0,1,1.0,0,0,0.0359371192753315,0.9640628695487976,0.1771577908465284,0.8228422091534716,0.39897549395353477,0.8475017198463873
vsr_324_324,google/gemma-4-E4B-it,vsr,coco:000000163738,1,false,0,1,1.0,0,0,0.007148905657231808,0.9928511381149292,0.0008712125609073558,0.9991287874389349,0.3980298111845632,0.6270502543930643
vsr_32_32,google/gemma-4-E4B-it,vsr,coco:000000127477,3,false,1,0,1.0,0,0,0.10734884440898895,0.8926511406898499,0.07349979283685174,0.9265002071631483,0.4625465305037206,0.5989026578079867
vsr_339_339,google/gemma-4-E4B-it,vsr,coco:000000520389,3,false,0,1,1.0,0,0,0.04392372444272041,0.9560763239860535,0.012312821013255057,0.9876871789867449,0.41026520787431403,0.6732536788311848
vsr_63_63,google/gemma-4-E4B-it,vsr,coco:000000484173,0,false,0,1,1.0,0,0,0.009311728179454803,0.9906882047653198,0.010101915458228146,0.989898084541772,0.4705242154231973,0.5972629872301606
vsr_70_70,google/gemma-4-E4B-it,vsr,coco:000000471064,3,false,0,1,1.0,0,0,0.008966159075498581,0.9910338521003723,0.0007898200865124659,0.9992101799134875,0.4901429670960837,0.6327693396155564
vsr_86_86,google/gemma-4-E4B-it,vsr,coco:000000475108,0,true,0,1,1.0,0,0,0.06225389614701271,0.9377461075782776,0.06900210295019789,0.9309978970498022,0.33690343283056673,0.5465585966539531
vsr_88_88,google/gemma-4-E4B-it,vsr,coco:000000209718,0,false,0,1,1.0,0,0,0.014928268268704414,0.9850717782974243,0.007131756930583635,0.9928682430694162,0.47212312168441517,0.5995243029951726
vsr_95_95,google/gemma-4-E4B-it,vsr,coco:000000137514,4,false,1,0,1.0,0,0,0.24887752532958984,0.751122236251831,0.12157192413640341,0.8784280758635966,0.43706845149958823,0.7401042844628143
hallusionbench_107_107,Qwen/Qwen3-VL-8B-Instruct,hallusionbench,hallusionbench:VS/chart/8_2.png,3,no,0,1,1.0,0,0,0.004764246288686991,0.9952357411384583,0.0036267721943730536,0.996373227805627,0.36915907786565105,0.7380087844379308
hallusionbench_1101_1101,Qwen/Qwen3-VL-8B-Instruct,hallusionbench,hallusionbench:VD/video/17_1.png,4,no,0,1,1.0,0,0,0.020081132650375366,0.9799188375473022,0.0125630773900385,0.9874369226099615,0.14383602585939712,0.5976607140117371
hallusionbench_1121_1121,Qwen/Qwen3-VL-8B-Instruct,hallusionbench,hallusionbench:VD/video/19_1.png,2,no,1,0,1.0,0,0,0.07677270472049713,0.9232272505760193,0.11723101660042208,0.8827689833995777,0.37854160666616915,0.6944611958548945
hallusionbench_1122_1122,Qwen/Qwen3-VL-8B-Instruct,hallusionbench,hallusionbench:VD/video/19_1.png,2,no,0,1,1.0,2,1,0.796326756477356,0.20367321372032166,0.7227624486905909,0.2772375513094088,0.30749842854408765,0.6856875294516961
hallusionbench_129_129,Qwen/Qwen3-VL-8B-Instruct,hallusionbench,hallusionbench:VS/chart/10_2.png,4,yes,0,1,1.0,0,0,0.00311553874053061,0.9968844056129456,0.0008040193863617215,0.9991959806136383,0.47554053778266087,0.797268602853412
hallusionbench_136_136,Qwen/Qwen3-VL-8B-Instruct,hallusionbench,hallusionbench:VS/chart/11_1.png,0,no,1,0,1.0,0,0,0.18166323006153107,0.8183369040489197,0.15498849695432343,0.8450115030456767,0.31942985827909354,0.5443816294939292
hallusionbench_158_158,Qwen/Qwen3-VL-8B-Instruct,hallusionbench,hallusionbench:VS/chart/14_2.png,4,yes,0,1,1.0,0,0,0.24338823556900024,0.756611704826355,0.31977072599494233,0.6802292740050576,0.48450507113873503,0.7934368308802685
hallusionbench_433_433,Qwen/Qwen3-VL-8B-Instruct,hallusionbench,hallusionbench:VS/map/7_1.png,3,no,1,0,1.0,0,0,0.02842417173087597,0.9715757966041565,0.044334787040291444,0.9556652129597085,0.39287190685486884,0.7190016512424734
hallusionbench_465_465,Qwen/Qwen3-VL-8B-Instruct,hallusionbench,hallusionbench:VS/ocr/1_2.png,0,no,1,0,1.0,0,0,0.34411290287971497,0.6558870673179626,0.3474039789051923,0.652596021094808,0.11841112774785599,0.5255312284744107
hallusionbench_471_471,Qwen/Qwen3-VL-8B-Instruct,hallusionbench,hallusionbench:VS/ocr/2_1.png,4,yes,0,1,1.0,0,0,0.06663431972265244,0.9333657622337341,0.16975015717756936,0.8302498428224306,0.4475230405525362,0.8754147339755511
hallusionbench_487_487,Qwen/Qwen3-VL-8B-Instruct,hallusionbench,hallusionbench:VS/ocr/4_1.png,0,yes,1,0,1.0,0,0,0.0710633397102356,0.9289366006851196,0.09391281760815585,0.9060871823918443,0.17148363564669292,0.5146565639803142
hallusionbench_511_511,Qwen/Qwen3-VL-8B-Instruct,hallusionbench,hallusionbench:VS/ocr/8_1.png,4,no,0,1,1.0,2,0,0.5534836649894714,0.4465165436267853,0.5419849138590802,0.4580150861409198,0.40909026521982456,0.8040059738706604
hallusionbench_516_516,Qwen/Qwen3-VL-8B-Instruct,hallusionbench,hallusionbench:VS/ocr/9_1.png,0,no,0,1,1.0,0,0,0.004210090730339289,0.9957899451255798,0.006258793983650912,0.993741206016349,0.4724058238198045,0.604668140758089
hallusionbench_517_517,Qwen/Qwen3-VL-8B-Instruct,hallusionbench,hallusionbench:VS/ocr/9_1.png,0,no,0,1,1.0,0,0,0.016599738970398903,0.983400285243988,0.22830916207914964,0.7716908379208507,0.4911923026210773,0.6166124771931185
hallusionbench_539_539,Qwen/Qwen3-VL-8B-Instruct,hallusionbench,hallusionbench:VD/illusion/0_0.png,2,yes,0,1,1.0,2,1,0.7955478429794312,0.20445218682289124,0.695767290526779,0.30423270947322073,0.2771025730445166,0.6832300697843572
hallusionbench_618_618,Qwen/Qwen3-VL-8B-Instruct,hallusionbench,hallusionbench:VD/illusion/17_1.png,2,yes,0,1,1.0,0,0,0.027063822373747826,0.9729361534118652,0.006346954428900976,0.9936530455710991,0.37241244073333507,0.5238586819343747
hallusionbench_755_755,Qwen/Qwen3-VL-8B-Instruct,hallusionbench,hallusionbench:VD/math/12_0.png,0,no,1,0,1.0,0,0,0.08667191863059998,0.9133281111717224,0.12144554715054165,0.8785544528494585,0.3339006732461374,0.5449500006311404
hallusionbench_756_756,Qwen/Qwen3-VL-8B-Instruct,hallusionbench,hallusionbench:VD/math/12_0.png,0,no,1,0,1.0,0,0,0.3576754033565521,0.6423247456550598,0.30219431703159155,0.6978056829684085,0.31711342700911443,0.5325152886216136
hallusionbench_783_783,Qwen/Qwen3-VL-8B-Instruct,hallusionbench,hallusionbench:VD/math/16_1.png,4,no,1,0,1.0,0,0,0.4739573001861572,0.5260429382324219,0.11911889618975335,0.8808811038102466,0.42946688612833367,0.7880284218796734
hallusionbench_805_805,Qwen/Qwen3-VL-8B-Instruct,hallusionbench,hallusionbench:VD/ocr/3_1.png,1,yes,1,0,1.0,0,0,0.0226422231644392,0.9773577451705933,0.04802162651111447,0.951978373461032,0.42814746494093275,0.6734185033988364
hallusionbench_816_816,Qwen/Qwen3-VL-8B-Instruct,hallusionbench,hallusionbench:VD/ocr/5_0.png,0,yes,0,1,1.0,0,0,0.016875019297003746,0.9831249713897705,0.009761151471885781,0.9902388485281143,0.5033602234539212,0.646904168787776
hallusionbench_832_832,Qwen/Qwen3-VL-8B-Instruct,hallusionbench,hallusionbench:VD/ocr/9_0.png,1,yes,0,1,1.0,0,0,0.003952289931476116,0.9960476756095886,0.005868851109942019,0.9941311488899092,0.3763481382853331,0.6981365140029304
hallusionbench_857_857,Qwen/Qwen3-VL-8B-Instruct,hallusionbench,hallusionbench:VD/ocr/15_1.png,3,no,0,1,1.0,0,0,0.01257441844791174,0.9874256253242493,0.017913332752564622,0.9820866672474353,0.4859018523211756,0.6326029394300566
hallusionbench_946_946,Qwen/Qwen3-VL-8B-Instruct,hallusionbench,hallusionbench:VD/figure/16_1.png,1,no,0,1,1.0,0,0,0.00793149322271347,0.9920685291290283,0.03621294864191038,0.9637870513754923,0.42829040789619643,0.6780564109748612
hallusionbench_953_953,Qwen/Qwen3-VL-8B-Instruct,hallusionbench,hallusionbench:VD/figure/18_1.png,1,yes,0,1,1.0,0,0,0.018925264477729797,0.9810747504234314,0.004957869359236229,0.9950421306423749,0.4111074253018989,0.6299691728223777
hallusionbench_954_954,Qwen/Qwen3-VL-8B-Instruct,hallusionbench,hallusionbench:VD/figure/18_1.png,1,no,0,1,1.0,0,0,0.011364451609551907,0.9886355400085449,0.025895017747150348,0.9741049822418447,0.39917039929930115,0.6279930868663212
hallusionbench_96_96,Qwen/Qwen3-VL-8B-Instruct,hallusionbench,hallusionbench:VS/chart/7_2.png,4,yes,0,1,1.0,0,0,0.0036113811656832695,0.9963886737823486,0.0013856126506353948,0.9986143873493647,0.47049582712679167,0.7920054907452264
hallusionbench_97_97,Qwen/Qwen3-VL-8B-Instruct,hallusionbench,hallusionbench:VS/chart/7_2.png,4,no,0,1,1.0,0,0,0.005110993515700102,0.9948890805244446,0.009152610876590925,0.9908473891234091,0.329585524790844,0.8390071095065639
pope_random_1170_random_1170,Qwen/Qwen3-VL-8B-Instruct,pope,coco:000000513136,2,yes,1,0,1.0,0,0,0.020505249500274658,0.9794946908950806,0.04253058485777651,0.9574694151422234,0.2933810723735882,0.7262129438934748
pope_random_1410_random_1410,Qwen/Qwen3-VL-8B-Instruct,pope,coco:000000200583,4,no,0,1,1.0,0,0,0.004771769978106022,0.9952282905578613,0.0026504997478914724,0.9973495002521084,0.1807642915976613,0.8892753751561483
pope_random_1588_random_1588,Qwen/Qwen3-VL-8B-Instruct,pope,coco:000000198312,1,no,0,1,1.0,0,0,0.005804369691759348,0.9941956400871277,0.0013793869421854484,0.9986206130579867,0.4040753018711683,0.6291903448947825
pope_random_2044_random_2044,Qwen/Qwen3-VL-8B-Instruct,pope,coco:000000560064,4,no,0,1,1.0,0,0,0.0036113811656832695,0.9963886737823486,0.0006760523565206986,0.9993239476434792,0.4702207140384792,0.7920261889590389
pope_random_206_random_206,Qwen/Qwen3-VL-8B-Instruct,pope,coco:000000553165,4,no,0,1,1.0,0,0,0.0018686160910874605,0.9981314539909363,0.00024461074196108657,0.9997553892580389,0.47270275994360567,0.7941637035915312
pope_random_216_random_216,Qwen/Qwen3-VL-8B-Instruct,pope,coco:000000498759,4,no,0,1,1.0,0,0,0.007794514764100313,0.9922054409980774,0.0017351882353759025,0.9982648117646241,0.3709831886061061,0.8269890704636697
pope_random_2229_random_2229,Qwen/Qwen3-VL-8B-Instruct,pope,coco:000000233521,0,no,1,0,1.0,0,0,0.0385335311293602,0.9614664316177368,0.051597468366214226,0.9484025316337859,0.41360411042774337,0.6601384418004022
pope_random_2236_random_2236,Qwen/Qwen3-VL-8B-Instruct,pope,coco:000000355256,0,no,0,1,1.0,0,0,0.01870124600827694,0.9812987446784973,0.07544908389066571,0.9245509161093344,0.5020941639936904,0.644488997715156
pope_random_2688_random_2688,Qwen/Qwen3-VL-8B-Instruct,pope,coco:000000265472,1,no,0,1,1.0,0,0,0.02377190627157688,0.9762281179428101,0.004389266192625623,0.9956107338065451,0.47448022961066233,0.6734968390458161
pope_random_2690_random_2690,Qwen/Qwen3-VL-8B-Instruct,pope,coco:000000265472,1,yes,1,0,1.0,0,0,0.023576566949486732,0.976423442363739,0.1553712873859618,0.8446287126794731,0.42817163875806497,0.6721867435640976
pope_random_2832_random_2832,Qwen/Qwen3-VL-8B-Instruct,pope,coco:000000399702,0,no,0,1,1.0,0,0,0.05932184308767319,0.9406781196594238,0.0416864852356844,0.9583135147643157,0.4317906562919615,0.6066605020402325
pope_random_2906_random_2906,Qwen/Qwen3-VL-8B-Instruct,pope,coco:000000141278,4,no,0,1,1.0,0,0,0.015333090908825397,0.9846669435501099,0.010086657478089,0.9899133425219109,0.11595837875416859,0.9181354784841718
pope_random_2988_random_2988,Qwen/Qwen3-VL-8B-Instruct,pope,coco:000000361430,1,no,0,1,1.0,1,0,0.3138081133365631,0.6861916780471802,0.5726027972169625,0.42739720280285837,0.12152535179688535,0.687151493522607
pope_random_756_random_756,Qwen/Qwen3-VL-8B-Instruct,pope,coco:000000044520,2,no,0,1,1.0,0,0,0.04054153710603714,0.9594584703445435,0.04056091812191203,0.9594390818780879,0.4333779242907833,0.6624091345957315
pope_random_88_random_88,Qwen/Qwen3-VL-8B-Instruct,pope,coco:000000219622,3,no,0,1,1.0,0,0,0.002837312174960971,0.9971626400947571,0.0003133061573826476,0.9996866938426174,0.41098652276646075,0.6697019873555811
pope_random_940_random_940,Qwen/Qwen3-VL-8B-Instruct,pope,coco:000000280734,1,no,0,1,1.0,0,0,0.028585443273186684,0.9714145660400391,0.01787066261461622,0.9821293373929951,0.47340168923713294,0.6650185928068075
pope_random_954_random_954,Qwen/Qwen3-VL-8B-Instruct,pope,coco:000000489728,0,no,0,1,1.0,0,0,0.006029951851814985,0.9939700365066528,0.010843254025042244,0.9891567459749576,0.4730460443402871,0.6045388523718084
vsr_100_100,Qwen/Qwen3-VL-8B-Instruct,vsr,coco:000000402590,3,false,0,1,1.0,0,0,0.005146396346390247,0.994853675365448,0.00156476349415083,0.9984352365058491,0.3909761886972557,0.72310458548347
vsr_154_154,Qwen/Qwen3-VL-8B-Instruct,vsr,coco:000000352549,0,false,0,1,1.0,0,0,0.0283916387706995,0.9716083407402039,0.028681300413216333,0.9713186995867837,0.32705131320372793,0.7325657474266153
vsr_158_158,Qwen/Qwen3-VL-8B-Instruct,vsr,coco:000000258509,1,true,0,1,1.0,0,0,0.11617108434438705,0.88382887840271,0.4225539109515318,0.57744608906823,0.4056944043237744,0.701262753960403
vsr_195_195,Qwen/Qwen3-VL-8B-Instruct,vsr,coco:000000055468,2,false,0,1,1.0,0,0,0.0061328234151005745,0.9938672184944153,0.000779575506441239,0.9992204244935587,0.24819678905728482,0.6622213333501628
vsr_202_202,Qwen/Qwen3-VL-8B-Instruct,vsr,coco:000000137514,4,false,0,1,1.0,0,0,0.010972133837640285,0.9890278577804565,0.02418172813618337,0.9758182718638166,0.4712699133550345,0.8065638075518162
vsr_219_219,Qwen/Qwen3-VL-8B-Instruct,vsr,coco:000000575911,4,false,0,1,1.0,0,0,0.00993427075445652,0.9900656938552856,0.0011413280662139218,0.9988586719337862,0.44070035713517186,0.8115045239999231
vsr_227_227,Qwen/Qwen3-VL-8B-Instruct,vsr,coco:000000154202,2,false,0,1,1.0,0,0,0.24935691058635712,0.7506429553031921,0.4522186628543926,0.5477813371456072,0.2547242710862534,0.8320877161112491
vsr_255_255,Qwen/Qwen3-VL-8B-Instruct,vsr,coco:000000046905,4,false,0,1,1.0,1,0,0.17598757147789001,0.824012279510498,0.7595477266001625,0.24045227339983755,0.27610412003058943,0.851929100734177
vsr_261_261,Qwen/Qwen3-VL-8B-Instruct,vsr,coco:000000375760,1,true,1,0,1.0,0,0,0.04081298038363457,0.9591869711875916,0.03269305918051961,0.9673069408698988,0.4483873725688541,0.7264003762012771
vsr_288_288,Qwen/Qwen3-VL-8B-Instruct,vsr,coco:000000371258,0,true,1,0,1.0,1,0,0.3792162537574768,0.6207836866378784,0.7919984410715942,0.20800155892840597,0.19812463371632494,0.5541760344215998
vsr_290_290,Qwen/Qwen3-VL-8B-Instruct,vsr,coco:000000265707,0,false,0,1,1.0,0,0,0.005357507150620222,0.9946424961090088,0.00249696596542818,0.9975030340345717,0.360853247146481,0.7191394445251142
vsr_292_292,Qwen/Qwen3-VL-8B-Instruct,vsr,coco:000000007319,4,false,0,1,1.0,0,0,0.026774805039167404,0.9732251167297363,0.010595604064910174,0.9894043959350899,0.4610133534509927,0.8057866173891243
vsr_77_77,Qwen/Qwen3-VL-8B-Instruct,vsr,coco:000000206255,1,true,1,0,1.0,0,0,0.30719903111457825,0.6928009986877441,0.4832499445221232,0.5167500554401714,0.4414324488822459,0.6809082998969064
vsr_89_89,Qwen/Qwen3-VL-8B-Instruct,vsr,coco:000000566743,4,false,0,1,1.0,0,0,0.015425640158355236,0.9845743775367737,0.0022868537424717414,0.9977131462575283,0.4652944797176332,0.7928707291407836
vsr_96_96,Qwen/Qwen3-VL-8B-Instruct,vsr,coco:000000355462,2,false,0,1,1.0,0,0,0.03321278095245361,0.9667872786521912,0.0068169505365110366,0.993183049463489,0.3617626686451466,0.7612628095998079
hallusionbench_693_693,Qwen/Qwen3-VL-8B-Instruct,hallusionbench,hallusionbench:VD/math/1_1.png,3,no,1,0,1.0,1,0,0.2633958160877228,0.7366042137145996,0.5124988967843338,0.48750110321566636,0.4525770895921496,0.5938985949055707
hallusionbench_106_106,Qwen/Qwen3-VL-8B-Instruct,hallusionbench,hallusionbench:VS/chart/8_2.png,3,yes,0,1,1.0,0,0,0.01741102524101734,0.9825890064239502,0.02444822916729659,0.9755517708327034,0.4533145965351446,0.6375913397470664
hallusionbench_1123_1123,Qwen/Qwen3-VL-8B-Instruct,hallusionbench,hallusionbench:VD/video/19_1.png,2,no,1,0,1.0,0,0,0.008161299861967564,0.9918387532234192,0.0006190009241880761,0.9993809990758119,0.36498229235084034,0.8153117872618505
hallusionbench_163_163,Qwen/Qwen3-VL-8B-Instruct,hallusionbench,hallusionbench:VS/chart/15_1.png,2,no,0,1,1.0,0,0,0.008632034063339233,0.9913679957389832,0.0029881816253167345,0.9970118183746832,0.2948767542704047,0.5729220430161015
hallusionbench_166_166,Qwen/Qwen3-VL-8B-Instruct,hallusionbench,hallusionbench:VS/chart/15_2.png,1,yes,0,1,1.0,0,0,0.005909261759370565,0.994090735912323,0.003418372771310902,0.9965816272311377,0.48269961136478223,0.6698029217611319
hallusionbench_199_199,Qwen/Qwen3-VL-8B-Instruct,hallusionbench,hallusionbench:VS/chart/20_2.png,4,yes,1,0,1.0,0,0,0.006566694006323814,0.9934332370758057,0.020001752877058587,0.9799982471229415,0.4443128754157632,0.8107421183420768
hallusionbench_264_264,Qwen/Qwen3-VL-8B-Instruct,hallusionbench,hallusionbench:VS/table/5_1.png,1,yes,0,1,1.0,0,0,0.010834473185241222,0.9891654849052429,0.05663208919091071,0.9433679108256418,0.34584979800561316,0.7066859965029038
hallusionbench_295_295,Qwen/Qwen3-VL-8B-Instruct,hallusionbench,hallusionbench:VS/table/7_1.png,1,no,0,1,1.0,0,0,0.007653805427253246,0.9923461675643921,0.0023552470091627448,0.997644752991563,0.47373060563636715,0.6700067804311947
hallusionbench_380_380,Qwen/Qwen3-VL-8B-Instruct,hallusionbench,hallusionbench:VS/map/1_1.png,4,yes,0,1,1.0,0,0,0.08760415762662888,0.912395715713501,0.04490985235491477,0.9550901476450853,0.4698722862050238,0.8061761311909765
hallusionbench_425_425,Qwen/Qwen3-VL-8B-Instruct,hallusionbench,hallusionbench:VS/map/6_1.png,3,yes,0,1,1.0,0,0,0.42068028450012207,0.5793196558952332,0.05370611510267685,0.9462938848973231,0.4313792697679293,0.6411660669369582
hallusionbench_472_472,Qwen/Qwen3-VL-8B-Instruct,hallusionbench,hallusionbench:VS/ocr/2_2.png,1,yes,0,1,1.0,0,0,0.1484210193157196,0.8515788912773132,0.37464582352430387,0.6253541764946712,0.5339469638902337,0.6754255620184242
hallusionbench_510_510,Qwen/Qwen3-VL-8B-Instruct,hallusionbench,hallusionbench:VS/ocr/8_1.png,4,no,0,1,1.0,0,0,0.0025843163020908833,0.9974156618118286,0.0008519996734835286,0.9991480003265164,0.2700886218016201,0.6968941922550774
hallusionbench_512_512,Qwen/Qwen3-VL-8B-Instruct,hallusionbench,hallusionbench:VS/ocr/8_2.png,0,no,1,0,1.0,0,0,0.023596076294779778,0.9764038920402527,0.01571173494301074,0.9842882650569893,0.13588469196765993,0.49587944437535014
hallusionbench_525_525,Qwen/Qwen3-VL-8B-Instruct,hallusionbench,hallusionbench:VS/ocr/10_2.png,3,yes,0,1,1.0,0,0,0.012909695506095886,0.9870902895927429,0.015245261653893533,0.9847547383461064,0.4913464141858842,0.6322604734640896
hallusionbench_538_538,Qwen/Qwen3-VL-8B-Instruct,hallusionbench,hallusionbench:VD/illusion/0_0.png,2,no,0,1,1.0,0,0,0.08797982335090637,0.9120200276374817,0.07616310822638553,0.9238368917736144,0.41614353322504183,0.5835346091371495
hallusionbench_570_570,Qwen/Qwen3-VL-8B-Instruct,hallusionbench,hallusionbench:VD/illusion/6_0.png,2,yes,0,1,1.0,0,0,0.022050226107239723,0.9779497981071472,0.0012495915786117388,0.9987504084213884,0.2669768866289929,0.7529124578791218
hallusionbench_578_578,Qwen/Qwen3-VL-8B-Instruct,hallusionbench,hallusionbench:VD/illusion/8_0.png,4,yes,0,1,1.0,0,0,0.22898979485034943,0.7710102200508118,0.34900497770447864,0.6509950222955213,0.4407003985825333,0.7473620136215494
hallusionbench_588_588,Qwen/Qwen3-VL-8B-Instruct,hallusionbench,hallusionbench:VD/illusion/10_1.png,2,yes,0,1,1.0,0,0,0.023256998509168625,0.9767430424690247,0.009107698868251368,0.9908923011317485,0.2401765235801323,0.715473862733392
hallusionbench_619_619,Qwen/Qwen3-VL-8B-Instruct,hallusionbench,hallusionbench:VD/illusion/17_1.png,2,no,0,1,1.0,0,0,0.10664116591215134,0.8933588266372681,0.2699312463497349,0.7300687536502647,0.26975368184751425,0.8366952431118783
hallusionbench_692_692,Qwen/Qwen3-VL-8B-Instruct,hallusionbench,hallusionbench:VD/math/1_1.png,3,no,0,1,1.0,1,1,0.40327417850494385,0.5967260003089905,0.6259839571786088,0.37401604282139145,0.46213930269278214,0.5989853713274504
hallusionbench_721_721,Qwen/Qwen3-VL-8B-Instruct,hallusionbench,hallusionbench:VD/math/6_1.png,2,no,1,0,1.0,0,0,0.027570774778723717,0.9724292159080505,0.0404069916632347,0.9595930083367652,0.4324704165730557,0.6397371240175614
hallusionbench_760_760,Qwen/Qwen3-VL-8B-Instruct,hallusionbench,hallusionbench:VD/math/13_0.png,2,yes,1,0,1.0,0,0,0.33407142758369446,0.6659283638000488,0.36624634316502197,0.6337536568349776,0.4217959678625954,0.6090079249683047
hallusionbench_766_766,Qwen/Qwen3-VL-8B-Instruct,hallusionbench,hallusionbench:VD/math/14_0.png,0,yes,0,1,1.0,0,0,0.16027390956878662,0.8397262096405029,0.031667204753702605,0.9683327952462975,0.323985420834576,0.6547002015868109
hallusionbench_806_806,Qwen/Qwen3-VL-8B-Instruct,hallusionbench,hallusionbench:VD/ocr/3_1.png,1,no,1,0,1.0,0,0,0.0015671738656237721,0.9984328150749207,0.0010605920466256206,0.9989394079531733,0.4249734074442778,0.6385513425377035
hallusionbench_808_808,Qwen/Qwen3-VL-8B-Instruct,hallusionbench,hallusionbench:VD/ocr/3_2.png,1,yes,1,0,1.0,0,0,0.0027737536001950502,0.9972261786460876,0.00037339944850157654,0.9996266005513732,0.433117875859687,0.6432034998881476
hallusionbench_810_810,Qwen/Qwen3-VL-8B-Instruct,hallusionbench,hallusionbench:VD/ocr/3_2.png,1,no,1,0,1.0,0,0,0.007547373417764902,0.9924526810646057,0.004462930808584863,0.995537069190638,0.3967059868205388,0.6267205897872419
hallusionbench_865_865,Qwen/Qwen3-VL-8B-Instruct,hallusionbench,hallusionbench:VD/ocr/17_1.png,0,yes,0,1,1.0,0,0,0.05120095610618591,0.9487990140914917,0.03704922598774012,0.96295077401226,0.4817205068507239,0.5888125104702276
hallusionbench_868_868,Qwen/Qwen3-VL-8B-Instruct,hallusionbench,hallusionbench:VD/ocr/18_0.png,2,no,1,0,1.0,0,0,0.032391950488090515,0.9676080346107483,0.025943801343249123,0.9740561986567507,0.3981070246193584,0.6071216849504645
hallusionbench_875_875,Qwen/Qwen3-VL-8B-Instruct,hallusionbench,hallusionbench:VD/ocr/20_0.png,4,no,0,1,1.0,0,0,0.07210520654916763,0.9278948307037354,0.190562546735054,0.8094374532649461,0.4010683163481157,0.7964845459437256
hallusionbench_896_896,Qwen/Qwen3-VL-8B-Instruct,hallusionbench,hallusionbench:VD/figure/4_1.png,2,no,0,1,1.0,1,0,0.44870725274086,0.5512927770614624,0.5983683429014665,0.4016316570985333,0.4329400768045492,0.6600009214282125
hallusionbench_900_900,Qwen/Qwen3-VL-8B-Instruct,hallusionbench,hallusionbench:VD/figure/5_1.png,3,no,0,1,1.0,0,0,0.006765154656022787,0.9932348132133484,0.0035369437015542204,0.9964630562984458,0.43806709237273633,0.6459534820221952
hallusionbench_913_913,Qwen/Qwen3-VL-8B-Instruct,hallusionbench,hallusionbench:VD/figure/8_1.png,0,yes,0,1,1.0,0,0,0.20760522782802582,0.792394757270813,0.4220714160120321,0.5779285839879682,0.42426694457830405,0.6312371937169263
hallusionbench_925_925,Qwen/Qwen3-VL-8B-Instruct,hallusionbench,hallusionbench:VD/figure/11_1.png,3,no,1,0,1.0,0,0,0.03862528130412102,0.9613747596740723,0.024488313186294387,0.9755116868137057,0.2541364398189611,0.45981459029119326
hallusionbench_933_933,Qwen/Qwen3-VL-8B-Instruct,hallusionbench,hallusionbench:VD/figure/13_1.png,1,no,1,0,1.0,0,0,0.06596510112285614,0.9340348243713379,0.2668185432839832,0.733181456633486,0.4298864886205345,0.7015696232159994
hallusionbench_935_935,Qwen/Qwen3-VL-8B-Instruct,hallusionbench,hallusionbench:VD/figure/14_0.png,1,no,0,1,1.0,0,0,0.0039130630902945995,0.9960869550704956,0.004574364347093604,0.995425635656179,0.47856711509641264,0.6673616386768225
hallusionbench_955_955,Qwen/Qwen3-VL-8B-Instruct,hallusionbench,hallusionbench:VD/figure/19_0.png,2,no,0,1,1.0,0,0,0.02214064449071884,0.9778593182563782,0.03938252889477949,0.9606174711052204,0.5541612089500326,0.912455000493621
hallusionbench_969_969,Qwen/Qwen3-VL-8B-Instruct,hallusionbench,hallusionbench:VD/video/1_2.png,3,no,1,0,1.0,0,0,0.024831432849168777,0.9751685857772827,0.011422017714533205,0.9885779822854667,0.43971141883452036,0.5952719650022686
pope_random_1244_random_1244,Qwen/Qwen3-VL-8B-Instruct,pope,coco:000000383185,0,no,0,1,1.0,0,0,0.014996197074651718,0.9850037097930908,0.005992515917068557,0.9940074840829314,0.47693292132224563,0.5821857467945376
pope_random_12_random_12,Qwen/Qwen3-VL-8B-Instruct,pope,coco:000000429109,2,no,0,1,1.0,0,0,0.0061328234151005745,0.9938672184944153,0.001424625645689305,0.9985753743543107,0.22454558933913243,0.7279203136880491
pope_random_1344_random_1344,Qwen/Qwen3-VL-8B-Instruct,pope,coco:000000186709,1,no,0,1,1.0,0,0,0.00474260188639164,0.9952573180198669,0.008933147020571356,0.9910668529808744,0.40488521553267404,0.6893946440029172
pope_random_1414_random_1414,Qwen/Qwen3-VL-8B-Instruct,pope,coco:000000200583,4,no,0,1,1.0,0,0,0.1342269778251648,0.8657730221748352,0.20564041667160812,0.794359583328392,0.2020843148170343,0.7781062297433837
pope_random_14_random_14,Qwen/Qwen3-VL-8B-Instruct,pope,coco:000000429109,2,no,0,1,1.0,0,0,0.004340257029980421,0.9956597685813904,0.005457064675598815,0.9945429353244012,0.3870017573475462,0.5123267120620624
pope_random_208_random_208,Qwen/Qwen3-VL-8B-Instruct,pope,coco:000000553165,4,no,0,1,1.0,0,0,0.002427108120173216,0.9975728392601013,0.00025049335116724065,0.9997495066488329,0.4068312268064264,0.8216522922072476
pope_random_2230_random_2230,Qwen/Qwen3-VL-8B-Instruct,pope,coco:000000233521,0,no,0,1,1.0,0,0,0.001223703962750733,0.9987762570381165,0.0003117083702323468,0.9996882916297677,0.4724621760980503,0.5924076147082884
pope_random_2448_random_2448,Qwen/Qwen3-VL-8B-Instruct,pope,coco:000000294475,1,no,0,1,1.0,0,0,0.0687926635146141,0.9312072992324829,0.04783162639547686,0.9521683736260069,0.13382888655121644,0.7120359858319197
pope_random_300_random_300,Qwen/Qwen3-VL-8B-Instruct,pope,coco:000000515904,2,no,0,1,1.0,0,0,0.018202193081378937,0.9817978143692017,0.011383960404775973,0.988616039595224,0.41345401963738476,0.5465961600341059
pope_random_384_random_384,Qwen/Qwen3-VL-8B-Instruct,pope,coco:000000350898,1,no,0,1,1.0,0,0,0.006359420251101255,0.9936406016349792,0.004990706551861261,0.995009293445766,0.40023882797892346,0.6283597830083615
pope_random_802_random_802,Qwen/Qwen3-VL-8B-Instruct,pope,coco:000000147289,1,no,0,1,1.0,0,0,0.013169017620384693,0.9868309497833252,0.03114127740363271,0.9688587225799477,0.40406252928210057,0.6862058623089873
pope_random_820_random_820,Qwen/Qwen3-VL-8B-Instruct,pope,coco:000000500473,1,no,0,1,1.0,0,0,0.0008855703053995967,0.999114453792572,0.00032227141439051307,0.9996777285855627,0.4519194276715205,0.6408971832702267
pope_random_938_random_938,Qwen/Qwen3-VL-8B-Instruct,pope,coco:000000280734,1,no,0,1,1.0,0,0,0.037786711007356644,0.9622132778167725,0.016275249122962073,0.9837247508770379,0.4021186168412251,0.627704092712758
pope_random_956_random_956,Qwen/Qwen3-VL-8B-Instruct,pope,coco:000000489728,0,no,0,1,1.0,0,0,0.011748763732612133,0.9882511496543884,0.003729270334816674,0.9962707296651833,0.4779431851366015,0.5995041642950517
vsr_109_109,Qwen/Qwen3-VL-8B-Instruct,vsr,coco:000000245576,1,true,0,1,1.0,0,0,0.13800521194934845,0.8619948625564575,0.11002595692973276,0.8899740430702673,0.4529497832439317,0.6875791054565361
vsr_125_125,Qwen/Qwen3-VL-8B-Instruct,vsr,coco:000000112553,1,false,1,0,1.0,0,0,0.22564607858657837,0.7743538618087769,0.14753710147438998,0.8524628985357962,0.167664972490161,0.755812336181146
vsr_132_132,Qwen/Qwen3-VL-8B-Instruct,vsr,coco:000000504158,4,true,1,0,1.0,0,0,0.013579939492046833,0.9864200949668884,0.016956063299042545,0.9830439367009574,0.4670655643359966,0.7916102953851059
vsr_149_149,Qwen/Qwen3-VL-8B-Instruct,vsr,coco:000000282002,3,false,1,0,1.0,0,0,0.02457568049430847,0.9754242897033691,0.015053795457897977,0.9849462045421019,0.41620117498234366,0.6383520221073942
vsr_156_156,Qwen/Qwen3-VL-8B-Instruct,vsr,coco:000000007319,4,false,1,0,1.0,0,0,0.2194625437259674,0.7805373072624207,0.04914499492876873,0.9508550050712313,0.25240092176459594,0.6840069127142824
vsr_159_159,Qwen/Qwen3-VL-8B-Instruct,vsr,coco:000000174137,4,false,0,1,1.0,0,0,0.013175265863537788,0.9868246912956238,0.008293188589217126,0.9917068114107829,0.46395120624769604,0.7934173370930526
vsr_16_16,Qwen/Qwen3-VL-8B-Instruct,vsr,coco:000000550019,3,true,0,1,1.0,0,0,0.05647990480065346,0.9435201287269592,0.023944495080198424,0.9760555049198015,0.23968151722528122,0.45509616745341974
vsr_21_21,Qwen/Qwen3-VL-8B-Instruct,vsr,coco:000000248133,0,false,1,0,1.0,0,0,0.015585540793836117,0.9844144582748413,0.0025026570067664135,0.9974973429932336,0.23385914301697958,0.534197762376213
vsr_236_236,Qwen/Qwen3-VL-8B-Instruct,vsr,coco:000000482841,4,false,0,1,1.0,0,0,0.007998672313988209,0.9920012950897217,0.0013712498643539204,0.998628750135646,0.46420908553160556,0.7922760339020504
vsr_251_251,Qwen/Qwen3-VL-8B-Instruct,vsr,coco:000000068764,4,false,0,1,1.0,0,0,0.021615127101540565,0.9783848524093628,0.04402288945875009,0.9559771105412499,0.4506532332282515,0.8283049878109409
vsr_258_258,Qwen/Qwen3-VL-8B-Instruct,vsr,coco:000000084448,0,true,0,1,1.0,0,0,0.04275495931506157,0.9572449922561646,0.18802716684586915,0.811972833154131,0.15763584520066204,0.4813623051132386
vsr_262_262,Qwen/Qwen3-VL-8B-Instruct,vsr,coco:000000012315,0,false,1,0,1.0,2,0,0.6811061501502991,0.3188938796520233,0.6705726725133391,0.3294273274866611,0.107896389743187,0.5327444598535126
vsr_277_277,Qwen/Qwen3-VL-8B-Instruct,vsr,coco:000000548219,3,false,0,1,1.0,0,0,0.007044196594506502,0.9929558038711548,0.004135861624447546,0.9958641383755525,0.3702172007749672,0.7365808606195925
vsr_335_335,Qwen/Qwen3-VL-8B-Instruct,vsr,coco:000000279829,0,false,0,1,1.0,0,0,0.0038706320337951183,0.9961293935775757,0.005790111133667073,0.994209888866333,0.47372328509504597,0.5812149646936687
vsr_43_43,Qwen/Qwen3-VL-8B-Instruct,vsr,coco:000000126810,3,false,1,0,1.0,0,0,0.002058433135971427,0.9979415535926819,0.0013663053332095961,0.9986336946667905,0.4429576794847921,0.6471290924128421
vsr_61_61,Qwen/Qwen3-VL-8B-Instruct,vsr,coco:000000282221,2,false,0,1,1.0,0,0,0.019142551347613335,0.9808574914932251,0.34525519570377516,0.6547448042962246,0.4718526647813641,0.6233105763299791
vsr_70_70,Qwen/Qwen3-VL-8B-Instruct,vsr,coco:000000471064,3,false,0,1,1.0,0,0,0.0033435551449656487,0.9966564178466797,0.0032882960667247854,0.9967117039332751,0.40352353637465677,0.6887979592250547
vsr_74_74,Qwen/Qwen3-VL-8B-Instruct,vsr,coco:000000324483,0,false,0,1,1.0,0,0,0.016828471794724464,0.9831715226173401,0.0015051144993850185,0.9984948855006149,0.4716739117644825,0.5841386248797898
vsr_81_81,Qwen/Qwen3-VL-8B-Instruct,vsr,coco:000000318723,1,false,0,1,1.0,0,0,0.05166825279593468,0.9483317732810974,0.011598230570193003,0.9884017694259505,0.4116451413599841,0.6293910273246166
vsr_98_98,Qwen/Qwen3-VL-8B-Instruct,vsr,coco:000000222299,4,false,0,1,1.0,0,0,0.012785390019416809,0.9872145652770996,0.054952085350382894,0.945047914649617,0.22574318666495263,0.8738040828537531
hallusionbench_1055_1055,Qwen/Qwen3-VL-8B-Instruct,hallusionbench,hallusionbench:VD/video/11_0.png,4,no,0,1,1.0,0,0,0.05164952576160431,0.9483504295349121,0.06581294423094508,0.9341870557690549,0.48274328526726457,0.7863606523951927
hallusionbench_1067_1067,Qwen/Qwen3-VL-8B-Instruct,hallusionbench,hallusionbench:VD/video/12_0.png,1,no,1,0,1.0,1,0,0.33225217461586,0.6677478551864624,0.8432282198335704,0.15677178016642962,0.4404693707571717,0.6873185703813195
hallusionbench_181_181,Qwen/Qwen3-VL-8B-Instruct,hallusionbench,hallusionbench:VS/chart/17_2.png,0,no,1,0,1.0,0,0,0.0955590084195137,0.9044411182403564,0.07532300216981613,0.924676997830184,0.33368646738945024,0.5442373699797397
hallusionbench_184_184,Qwen/Qwen3-VL-8B-Instruct,hallusionbench,hallusionbench:VS/chart/18_1.png,2,no,0,1,1.0,0,0,0.015065120533108711,0.98493492603302,0.027396717905216427,0.9726032820947836,0.3667338995121229,0.5142256511655134
hallusionbench_44_44,Qwen/Qwen3-VL-8B-Instruct,hallusionbench,hallusionbench:VS/chart/3_1.png,1,no,1,0,1.0,0,0,0.12093906104564667,0.8790608644485474,0.053178473709166486,0.9468215263738721,0.4493293645361943,0.7258129816055341
hallusionbench_47_47,Qwen/Qwen3-VL-8B-Instruct,hallusionbench,hallusionbench:VS/chart/3_1.png,1,yes,1,0,1.0,0,0,0.10434611886739731,0.8956539630889893,0.22154268645666647,0.7784573135433336,0.41117078969111154,0.6589634702488493
hallusionbench_499_499,Qwen/Qwen3-VL-8B-Instruct,hallusionbench,hallusionbench:VS/ocr/6_1.png,4,yes,0,1,1.0,0,0,0.012396890670061111,0.9876031279563904,0.004213260586888586,0.9957867394131114,0.14638369397656376,0.8766341384818171
hallusionbench_500_500,Qwen/Qwen3-VL-8B-Instruct,hallusionbench,hallusionbench:VS/ocr/6_2.png,2,yes,0,1,1.0,0,0,0.02344641648232937,0.9765535593032837,0.025360538167915444,0.9746394618320846,0.4710884619383886,0.6640907311803471
hallusionbench_513_513,Qwen/Qwen3-VL-8B-Instruct,hallusionbench,hallusionbench:VS/ocr/8_2.png,0,no,1,0,1.0,0,0,0.13100090622901917,0.8689990639686584,0.03334802427501498,0.9666519757249851,0.13950354217965266,0.45629953009611957
hallusionbench_559_559,Qwen/Qwen3-VL-8B-Instruct,hallusionbench,hallusionbench:VD/illusion/3_1.png,0,no,1,0,1.0,0,0,0.02696368098258972,0.9730362892150879,0.02863864500124915,0.9713613549987509,0.1829567227082813,0.595930396614963
hallusionbench_586_586,Qwen/Qwen3-VL-8B-Instruct,hallusionbench,hallusionbench:VD/illusion/10_0.png,3,no,0,1,1.0,0,0,0.20237389206886292,0.797626256942749,0.15911777723288675,0.8408822227671133,0.4140008117866005,0.6330096628290695
hallusionbench_587_587,Qwen/Qwen3-VL-8B-Instruct,hallusionbench,hallusionbench:VD/illusion/10_0.png,3,no,1,0,1.0,0,0,0.3015217185020447,0.6984784007072449,0.20738276922125978,0.7926172307787404,0.3790776689892484,0.707326310778073
hallusionbench_594_594,Qwen/Qwen3-VL-8B-Instruct,hallusionbench,hallusionbench:VD/illusion/11_1.png,0,no,0,1,1.0,0,0,0.011831063777208328,0.9881689548492432,0.04000647366146268,0.9599935263385374,0.1565076258827907,0.5022331868182776
hallusionbench_660_660,Qwen/Qwen3-VL-8B-Instruct,hallusionbench,hallusionbench:VD/illusion/27_0.png,0,no,0,1,1.0,1,0,0.7104515433311462,0.2895483672618866,0.30346948033959537,0.6965305196604048,0.31109381801144004,0.5341221347399082
hallusionbench_680_680,Qwen/Qwen3-VL-8B-Instruct,hallusionbench,hallusionbench:VD/illusion/30_1.png,1,no,1,0,1.0,2,0,0.6815868020057678,0.3184131979942322,0.6248466936303083,0.37515330636969185,0.4532342222558523,0.7207776709965886
hallusionbench_691_691,Qwen/Qwen3-VL-8B-Instruct,hallusionbench,hallusionbench:VD/math/1_1.png,3,yes,0,1,1.0,0,0,0.022090069949626923,0.9779099225997925,0.01690729340584511,0.983092706594155,0.3698673937567419,0.7111449121373549
hallusionbench_722_722,Qwen/Qwen3-VL-8B-Instruct,hallusionbench,hallusionbench:VD/math/6_1.png,2,yes,0,1,1.0,0,0,0.00679436419159174,0.9932056665420532,0.004381624925681962,0.995618375074318,0.3289214524534597,0.5460309822481634
hallusionbench_773_773,Qwen/Qwen3-VL-8B-Instruct,hallusionbench,hallusionbench:VD/math/15_0.png,4,no,1,0,1.0,0,0,0.09205169230699539,0.9079483151435852,0.07235516571021591,0.9276448342897841,0.11301728906584678,0.5621862520499481
hallusionbench_787_787,Qwen/Qwen3-VL-8B-Instruct,hallusionbench,hallusionbench:VD/math/17_1.png,4,yes,1,0,1.0,0,0,0.3286794424057007,0.6713202595710754,0.20403740347175772,0.7959625965282423,0.11223822838153455,0.6021143651895727
hallusionbench_813_813,Qwen/Qwen3-VL-8B-Instruct,hallusionbench,hallusionbench:VD/ocr/4_1.png,0,yes,0,1,1.0,0,0,0.005357507150620222,0.9946424961090088,0.010321863047009674,0.9896781369529905,0.3380618347319482,0.745424054076957
hallusionbench_821_821,Qwen/Qwen3-VL-8B-Instruct,hallusionbench,hallusionbench:VD/ocr/6_1.png,4,no,1,0,1.0,0,0,0.3039871156215668,0.6960129141807556,0.19221187464060235,0.8077881253593977,0.4358627852142633,0.7386881226240546
hallusionbench_822_822,Qwen/Qwen3-VL-8B-Instruct,hallusionbench,hallusionbench:VD/ocr/6_1.png,4,no,0,1,1.0,0,0,0.03904714807868004,0.9609528183937073,0.08860158084030575,0.9113984191596942,0.35607524800684787,0.7985057753410089
hallusionbench_869_869,Qwen/Qwen3-VL-8B-Instruct,hallusionbench,hallusionbench:VD/ocr/18_1.png,0,no,1,0,1.0,2,0,0.846479594707489,0.1535203605890274,0.6965819542085481,0.3034180457914521,0.3074018223704759,0.5329135973480382
hallusionbench_874_874,Qwen/Qwen3-VL-8B-Instruct,hallusionbench,hallusionbench:VD/ocr/19_1.png,0,no,0,1,1.0,0,0,0.017387017607688904,0.9826129674911499,0.21747092019953732,0.782529079800463,0.5046264021816542,0.6347738105558891
hallusionbench_878_878,Qwen/Qwen3-VL-8B-Instruct,hallusionbench,hallusionbench:VD/ocr/20_1.png,0,no,0,1,1.0,0,0,0.07152944058179855,0.9284706711769104,0.02472954292649676,0.9752704570735033,0.4834266620151329,0.5830111592177247
hallusionbench_884_884,Qwen/Qwen3-VL-8B-Instruct,hallusionbench,hallusionbench:VD/figure/1_1.png,3,yes,1,0,1.0,1,0,0.08416900783777237,0.9158309102058411,0.7095686973531505,0.29043130264684974,0.4342943537807905,0.6140254897237359
hallusionbench_926_926,Qwen/Qwen3-VL-8B-Instruct,hallusionbench,hallusionbench:VD/figure/11_1.png,3,no,0,1,1.0,0,0,0.006135585252195597,0.9938643574714661,0.0005777238843349848,0.9994222761156649,0.4915788072882272,0.6339105227018493
hallusionbench_958_958,Qwen/Qwen3-VL-8B-Instruct,hallusionbench,hallusionbench:VD/figure/19_1.png,1,no,0,1,1.0,0,0,0.40646544098854065,0.5935347676277161,0.3614303190550741,0.6385696812041369,0.14230190924273067,0.715334058337932
hallusionbench_970_970,Qwen/Qwen3-VL-8B-Instruct,hallusionbench,hallusionbench:VD/video/1_2.png,3,yes,0,1,1.0,0,0,0.3013371229171753,0.698663055896759,0.18877745588753764,0.8112225441124625,0.41395575357492603,0.6330340229040309
hallusionbench_971_971,Qwen/Qwen3-VL-8B-Instruct,hallusionbench,hallusionbench:VD/video/1_2.png,3,no,1,0,1.0,2,0,0.7610935568809509,0.23890657722949982,0.5553748033832187,0.44462519661678157,0.4537511643315653,0.5991090597457299
pope_random_1061_random_1061,Qwen/Qwen3-VL-8B-Instruct,pope,coco:000000303534,3,no,1,0,1.0,0,0,0.006335804704576731,0.9936642646789551,0.0019262808690162449,0.9980737191309837,0.44780533389110305,0.5724444816826606
pope_random_1330_random_1330,Qwen/Qwen3-VL-8B-Instruct,pope,coco:000000287035,0,no,0,1,1.0,0,0,0.010204540565609932,0.9897955060005188,0.008548365168899797,0.9914516348311002,0.12796406542459707,0.498758511783659
pope_random_1340_random_1340,Qwen/Qwen3-VL-8B-Instruct,pope,coco:000000120648,3,yes,1,0,1.0,0,0,0.27529123425483704,0.7247087359428406,0.17436603994648453,0.8256339600535155,0.37042519027672505,0.7294099560645705
pope_random_1346_random_1346,Qwen/Qwen3-VL-8B-Instruct,pope,coco:000000186709,1,no,0,1,1.0,0,0,0.0634133517742157,0.9365866780281067,0.32515484625133706,0.6748451535992164,0.4951562380651478,0.6696887708744986
pope_random_1420_random_1420,Qwen/Qwen3-VL-8B-Instruct,pope,coco:000000424585,4,no,0,1,1.0,0,0,0.010218275710940361,0.9897817373275757,0.007916314602250731,0.9920836853977493,0.4513902247588054,0.8088553388640853
pope_random_1506_random_1506,Qwen/Qwen3-VL-8B-Instruct,pope,coco:000000023731,2,no,0,1,1.0,0,0,0.015065120533108711,0.98493492603302,0.2284058388890074,0.7715941611109924,0.3697967668334349,0.512854345435865
pope_random_1508_random_1508,Qwen/Qwen3-VL-8B-Instruct,pope,coco:000000023731,2,no,0,1,1.0,0,0,0.010199455544352531,0.9898005127906799,0.00658656863324046,0.9934134313667594,0.3830372251227308,0.5135295070493079
pope_random_1686_random_1686,Qwen/Qwen3-VL-8B-Instruct,pope,coco:000000331366,2,no,0,1,1.0,0,0,0.03773844614624977,0.9622614979743958,0.2913938995693859,0.7086061004306139,0.3444715996063294,0.6690357806032653
pope_random_1758_random_1758,Qwen/Qwen3-VL-8B-Instruct,pope,coco:000000346707,0,no,0,1,1.0,0,0,0.009872805327177048,0.9901272058486938,0.0025546739862554856,0.9974453260137445,0.49126665139001596,0.6173194237102051
pope_random_2234_random_2234,Qwen/Qwen3-VL-8B-Instruct,pope,coco:000000355256,0,no,0,1,1.0,0,0,0.030756844207644463,0.9692432284355164,0.06919970983263592,0.9308002901673641,0.47443931181292853,0.601784933406607
pope_random_800_random_800,Qwen/Qwen3-VL-8B-Instruct,pope,coco:000000147289,1,no,0,1,1.0,0,0,0.003952289931476116,0.9960476756095886,0.008004414163889296,0.991995585837064,0.3467581729847545,0.7082930186871093
vsr_124_124,Qwen/Qwen3-VL-8B-Instruct,vsr,coco:000000292365,2,false,1,0,1.0,0,0,0.1981346160173416,0.8018654584884644,0.022962999285544163,0.9770370007144559,0.19222056291402273,0.8498169480924667
vsr_127_127,Qwen/Qwen3-VL-8B-Instruct,vsr,coco:000000268570,3,true,1,0,1.0,0,0,0.17672012746334076,0.8232799768447876,0.12512451947579897,0.8748754805242012,0.40353519192088066,0.6087159630844515
vsr_169_169,Qwen/Qwen3-VL-8B-Instruct,vsr,coco:000000473964,1,false,0,1,1.0,0,0,0.021838484331965446,0.9781615734100342,0.0032305282718371737,0.9967694717290699,0.4617376553169682,0.6673520374538651
vsr_20_20,Qwen/Qwen3-VL-8B-Instruct,vsr,coco:000000210276,3,false,0,1,1.0,0,0,0.10008927434682846,0.8999107480049133,0.04595463227685974,0.9540453677231403,0.43627510436168315,0.603448863028677
vsr_244_244,Qwen/Qwen3-VL-8B-Instruct,vsr,coco:000000259819,1,false,0,1,1.0,0,0,0.007148905657231808,0.9928511381149292,0.0009989784783988884,0.9990010215214202,0.3973131135059943,0.6268675634852965
vsr_27_27,Qwen/Qwen3-VL-8B-Instruct,vsr,coco:000000001675,0,true,0,1,1.0,0,0,0.24299074709415436,0.7570092678070068,0.2660147644448708,0.7339852355551295,0.13605572283586723,0.46376103927948026
vsr_297_297,Qwen/Qwen3-VL-8B-Instruct,vsr,coco:000000159850,3,false,1,0,1.0,0,0,0.13987946510314941,0.8601205945014954,0.12951752825722918,0.8704824717427709,0.4844957448156137,0.6116310293639499
vsr_2_2,Qwen/Qwen3-VL-8B-Instruct,vsr,coco:000000470862,2,true,0,1,1.0,0,0,0.015429122373461723,0.9845709204673767,0.014878789807946052,0.985121210192054,0.31451214825695334,0.5606106121838952
vsr_31_31,Qwen/Qwen3-VL-8B-Instruct,vsr,coco:000000007319,4,true,0,1,1.0,0,0,0.1637384593486786,0.8362616300582886,0.08723973911830978,0.9127602608816903,0.43253063498558403,0.7890780392356479
vsr_325_325,Qwen/Qwen3-VL-8B-Instruct,vsr,coco:000000543719,2,false,0,1,1.0,0,0,0.020602453500032425,0.9793975949287415,0.017300407733084704,0.9826995922669153,0.3790885881021651,0.5129256249328478
vsr_328_328,Qwen/Qwen3-VL-8B-Instruct,vsr,coco:000000003474,2,false,0,1,1.0,0,0,0.016038956120610237,0.9839609861373901,0.14372121551326572,0.856278784486734,0.37535889389626054,0.5097539070754524
hallusionbench_1053_1053,Qwen/Qwen3-VL-8B-Instruct,hallusionbench,hallusionbench:VD/video/11_0.png,4,no,0,1,1.0,0,0,0.012396890670061111,0.9876031279563904,0.004213260586888586,0.9957867394131114,0.1457583792831414,0.876566594226272
hallusionbench_1065_1065,Qwen/Qwen3-VL-8B-Instruct,hallusionbench,hallusionbench:VD/video/12_0.png,1,no,1,0,1.0,1,0,0.33225217461586,0.6677478551864624,0.8432282198335704,0.15677178016642962,0.4404693707571717,0.6873185703813195
hallusionbench_108_108,Qwen/Qwen3-VL-8B-Instruct,hallusionbench,hallusionbench:VS/chart/8_2.png,3,yes,0,1,1.0,0,0,0.011657992377877235,0.9883419871330261,0.0070433800972272784,0.9929566199027727,0.4540771845142543,0.6388767959260935
hallusionbench_272_272,Qwen/Qwen3-VL-8B-Instruct,hallusionbench,hallusionbench:VS/table/5_3.png,1,yes,0,1,1.0,0,0,0.003952289931476116,0.9960476756095886,0.006001711381954208,0.9939982886198941,0.34443392811022755,0.7084740114167756
hallusionbench_296_296,Qwen/Qwen3-VL-8B-Instruct,hallusionbench,hallusionbench:VS/table/7_1.png,1,yes,0,1,1.0,0,0,0.007653805427253246,0.9923461675643921,0.005083518125175356,0.9949164818756506,0.4734956945401181,0.6697575459702354
hallusionbench_379_379,Qwen/Qwen3-VL-8B-Instruct,hallusionbench,hallusionbench:VS/map/1_1.png,4,yes,0,1,1.0,1,0,0.376020222902298,0.6239797472953796,0.7204008285868437,0.27959917141315627,0.4400934772892915,0.7463874647758458
hallusionbench_435_435,Qwen/Qwen3-VL-8B-Instruct,hallusionbench,hallusionbench:VS/map/7_2.png,3,no,0,1,1.0,0,0,0.06619086116552353,0.9338091015815735,0.06677649418388486,0.9332235058161152,0.25501666530023287,0.45606799176193763
hallusionbench_440_440,Qwen/Qwen3-VL-8B-Instruct,hallusionbench,hallusionbench:VS/map/8_1.png,2,yes,0,1,1.0,0,0,0.029019325971603394,0.970980703830719,0.019391184216444358,0.9806088157835556,0.48014382464478267,0.6861375442363998
hallusionbench_494_494,Qwen/Qwen3-VL-8B-Instruct,hallusionbench,hallusionbench:VS/ocr/5_2.png,0,yes,0,1,1.0,0,0,0.008392738178372383,0.9916073083877563,0.008072498025711262,0.9919275019742887,0.3579418634126336,0.7170140690217335
hallusionbench_572_572,Qwen/Qwen3-VL-8B-Instruct,hallusionbench,hallusionbench:VD/illusion/7_0.png,0,no,0,1,1.0,0,0,0.0553058423101902,0.9446941018104553,0.05009675841040234,0.9499032415895978,0.2111665423554099,0.5728468996406589
hallusionbench_595_595,Qwen/Qwen3-VL-8B-Instruct,hallusionbench,hallusionbench:VD/illusion/11_1.png,0,no,1,0,1.0,0,0,0.04590899869799614,0.95409095287323,0.015294656716730214,0.9847053432832698,0.20719420660522217,0.5969506189236272
hallusionbench_599_599,Qwen/Qwen3-VL-8B-Instruct,hallusionbench,hallusionbench:VD/illusion/13_1.png,3,yes,0,1,1.0,0,0,0.09944120049476624,0.9005588889122009,0.19535001111872188,0.8046499888812783,0.4638705290462549,0.5862761555714753
hallusionbench_627_627,Qwen/Qwen3-VL-8B-Instruct,hallusionbench,hallusionbench:VD/illusion/19_0.png,1,yes,0,1,1.0,0,0,0.128989577293396,0.871010422706604,0.3975991072931575,0.6024008927825677,0.4886632686733921,0.7001225297603443
hallusionbench_708_708,Qwen/Qwen3-VL-8B-Instruct,hallusionbench,hallusionbench:VD/math/4_0.png,2,no,1,0,1.0,2,0,0.7459200024604797,0.25408002734184265,0.6813920617006812,0.3186079382993185,0.3163601880910509,0.6746358983035252
hallusionbench_711_711,Qwen/Qwen3-VL-8B-Instruct,hallusionbench,hallusionbench:VD/math/4_1.png,0,no,1,0,1.0,0,0,0.05410218611359596,0.9458977580070496,0.20514420615286183,0.7948557938471383,0.2648264235190725,0.5226534175874467
hallusionbench_728_728,Qwen/Qwen3-VL-8B-Instruct,hallusionbench,hallusionbench:VD/math/7_1.png,2,no,1,0,1.0,0,0,0.1725078821182251,0.8274920582771301,0.3160015156625476,0.6839984843374523,0.4203215623410779,0.6015792817232163
hallusionbench_729_729,Qwen/Qwen3-VL-8B-Instruct,hallusionbench,hallusionbench:VD/math/7_1.png,2,no,0,1,1.0,1,1,0.8216122984886169,0.17838770151138306,0.3845814958935449,0.6154185041064547,0.42173769494649516,0.6131911158990646
hallusionbench_745_745,Qwen/Qwen3-VL-8B-Instruct,hallusionbench,hallusionbench:VD/math/10_1.png,0,yes,0,1,1.0,1,1,0.4978702664375305,0.5021296143531799,0.5021439517515884,0.49785604824841206,0.0999820133835276,0.510731972896732
hallusionbench_774_774,Qwen/Qwen3-VL-8B-Instruct,hallusionbench,hallusionbench:VD/math/15_0.png,4,no,1,0,1.0,0,0,0.18643268942832947,0.8135673403739929,0.2285200803767355,0.7714799196232646,0.43589652214055247,0.7479356172257055
hallusionbench_777_777,Qwen/Qwen3-VL-8B-Instruct,hallusionbench,hallusionbench:VD/math/15_1.png,2,no,1,0,1.0,1,0,0.5383629202842712,0.4616372585296631,0.3906235497653448,0.6093764502346549,0.43239442824286645,0.6560484014559148
hallusionbench_782_782,Qwen/Qwen3-VL-8B-Instruct,hallusionbench,hallusionbench:VD/math/16_1.png,4,no,1,0,1.0,0,0,0.4007417559623718,0.5992581248283386,0.45804911781081364,0.5419508821891864,0.36127421347289773,0.8723431486699786
hallusionbench_802_802,Qwen/Qwen3-VL-8B-Instruct,hallusionbench,hallusionbench:VD/ocr/3_0.png,1,no,0,1,1.0,0,0,0.021838484331965446,0.9781615734100342,0.004567769342127489,0.9954322306582714,0.46015240617316716,0.6678431261697548
hallusionbench_845_845,Qwen/Qwen3-VL-8B-Instruct,hallusionbench,hallusionbench:VD/ocr/12_1.png,0,yes,0,1,1.0,0,0,0.007258200086653233,0.9927418231964111,0.004449158438633843,0.9955508415613662,0.4737447751106188,0.6008922002439985
hallusionbench_858_858,Qwen/Qwen3-VL-8B-Instruct,hallusionbench,hallusionbench:VD/ocr/15_1.png,3,yes,0,1,1.0,0,0,0.014893813990056515,0.9851062297821045,0.004162461010382747,0.9958375389896172,0.4875514695710708,0.6300166661952604
hallusionbench_883_883,Qwen/Qwen3-VL-8B-Instruct,hallusionbench,hallusionbench:VD/figure/1_1.png,3,yes,0,1,1.0,0,0,0.012025352567434311,0.9879746437072754,0.022840117048332723,0.9771598829516673,0.29232690886967255,0.4726791672824108
hallusionbench_895_895,Qwen/Qwen3-VL-8B-Instruct,hallusionbench,hallusionbench:VD/figure/4_1.png,2,no,1,0,1.0,0,0,0.008656212128698826,0.9913437366485596,0.0003940543265033323,0.9996059456734967,0.25899422331986505,0.6758197791519113
hallusionbench_899_899,Qwen/Qwen3-VL-8B-Instruct,hallusionbench,hallusionbench:VD/figure/5_1.png,3,yes,0,1,1.0,0,0,0.093559131026268,0.9064406752586365,0.18946715244136836,0.8105328475586318,0.4116776944187411,0.6216799379651884
hallusionbench_911_911,Qwen/Qwen3-VL-8B-Instruct,hallusionbench,hallusionbench:VD/figure/8_0.png,1,no,0,1,1.0,2,1,0.5024248361587524,0.49757519364356995,0.6108366566973218,0.38916334312257866,0.4584292779861553,0.7178481225728128
hallusionbench_914_914,Qwen/Qwen3-VL-8B-Instruct,hallusionbench,hallusionbench:VD/figure/8_1.png,0,no,0,1,1.0,0,0,0.003434140933677554,0.9965658783912659,0.001922690130281292,0.9980773098697188,0.4725292389852102,0.6056408023913454
hallusionbench_927_927,Qwen/Qwen3-VL-8B-Instruct,hallusionbench,hallusionbench:VD/figure/12_0.png,0,no,0,1,1.0,0,0,0.04028508439660072,0.9597148895263672,0.09597042806172763,0.9040295719382726,0.47957211544427586,0.5991945794432185
hallusionbench_930_930,Qwen/Qwen3-VL-8B-Instruct,hallusionbench,hallusionbench:VD/figure/12_1.png,4,no,0,1,1.0,1,0,0.5700893998146057,0.42991068959236145,0.20284716138847955,0.7971528386115204,0.27141960816561,0.7047397526866579
hallusionbench_934_934,Qwen/Qwen3-VL-8B-Instruct,hallusionbench,hallusionbench:VD/figure/13_1.png,1,no,0,1,1.0,0,0,0.214096337556839,0.7859036326408386,0.48981918661586316,0.5101808134534787,0.1574076108100632,0.7585311564648447
hallusionbench_936_936,Qwen/Qwen3-VL-8B-Instruct,hallusionbench,hallusionbench:VD/figure/14_0.png,1,yes,0,1,1.0,0,0,0.003952289931476116,0.9960476756095886,0.006001711381954208,0.9939982886198941,0.3761785301549317,0.6975022431554135
hallusionbench_957_957,Qwen/Qwen3-VL-8B-Instruct,hallusionbench,hallusionbench:VD/figure/19_1.png,1,no,1,0,1.0,0,0,0.030077354982495308,0.969922661781311,0.05500841428980261,0.9449915857298934,0.43794874276824636,0.7208539955563629
hallusionbench_960_960,Qwen/Qwen3-VL-8B-Instruct,hallusionbench,hallusionbench:VD/video/0_1.png,1,no,0,1,1.0,1,0,0.6370853781700134,0.3629145920276642,0.2747566754228055,0.7252433243961383,0.13529936367903259,0.706909783648301
pope_random_1172_random_1172,Qwen/Qwen3-VL-8B-Instruct,pope,coco:000000513136,2,no,0,1,1.0,0,0,0.012795349583029747,0.9872046709060669,0.001370317551936235,0.9986296824480637,0.38092948248365865,0.5240390744161852
pope_random_1246_random_1246,Qwen/Qwen3-VL-8B-Instruct,pope,coco:000000383185,0,no,0,1,1.0,0,0,0.07692918926477432,0.9230706691741943,0.08060669869772223,0.9193933013022778,0.46470899567573054,0.6420438744283146
pope_random_1329_random_1329,Qwen/Qwen3-VL-8B-Instruct,pope,coco:000000287035,0,no,1,0,1.0,0,0,0.1727474480867386,0.8272525668144226,0.08508517147008958,0.9149148285299105,0.1405143889226977,0.50334618247086
pope_random_1338_random_1338,Qwen/Qwen3-VL-8B-Instruct,pope,coco:000000120648,3,no,0,1,1.0,0,0,0.03242308273911476,0.9675768613815308,0.09244028579345528,0.9075597142065448,0.4026363966872728,0.6948999420163212
pope_random_1386_random_1386,Qwen/Qwen3-VL-8B-Instruct,pope,coco:000000123017,1,no,0,1,1.0,0,0,0.003952289931476116,0.9960476756095886,0.006001711381954208,0.9939982886198941,0.3228369497114918,0.722959896957841
pope_random_1584_random_1584,Qwen/Qwen3-VL-8B-Instruct,pope,coco:000000198312,1,no,0,1,1.0,0,0,0.013340497389435768,0.9866595268249512,0.006404543286506198,0.9935954567131817,0.44739030393582524,0.63825240638209
pope_random_1586_random_1586,Qwen/Qwen3-VL-8B-Instruct,pope,coco:000000198312,1,no,0,1,1.0,0,0,0.006926177069544792,0.9930738210678101,0.003235416682551767,0.9967645833179535,0.4062145094244569,0.6298639384865014
pope_random_188_random_188,Qwen/Qwen3-VL-8B-Instruct,pope,coco:000000063953,3,no,0,1,1.0,0,0,0.011447085067629814,0.9885529279708862,0.0033278185225284456,0.9966721814774715,0.4918012138354347,0.6340103759027864
pope_random_2046_random_2046,Qwen/Qwen3-VL-8B-Instruct,pope,coco:000000348469,3,no,0,1,1.0,0,0,0.036701615899801254,0.9632984399795532,0.019098368943379067,0.980901631056621,0.4903447455765404,0.6276165975378057
pope_random_204_random_204,Qwen/Qwen3-VL-8B-Instruct,pope,coco:000000553165,4,no,0,1,1.0,0,0,0.005569507367908955,0.9944304823875427,0.0004416435062445643,0.9995583564937555,0.42627396920357746,0.8140602990458675
pope_random_220_random_220,Qwen/Qwen3-VL-8B-Instruct,pope,coco:000000498759,4,no,0,1,1.0,0,0,0.02606276609003544,0.9739372134208679,0.06183739788320553,0.9381626021167944,0.4651059750992395,0.800965196095814
pope_random_2790_random_2790,Qwen/Qwen3-VL-8B-Instruct,pope,coco:000000514248,3,no,0,1,1.0,0,0,0.023686053231358528,0.9763140082359314,0.011024290208767825,0.9889757097912322,0.4862296405339267,0.6322343784246626
pope_random_386_random_386,Qwen/Qwen3-VL-8B-Instruct,pope,coco:000000350898,1,no,0,1,1.0,0,0,0.100633405148983,0.899366557598114,0.18528337167957376,0.8147166282257362,0.18452309412108314,0.7824122296495329
pope_random_492_random_492,Qwen/Qwen3-VL-8B-Instruct,pope,coco:000000069189,4,no,0,1,1.0,0,0,0.009309542365372181,0.9906904697418213,0.0012299912941196956,0.9987700087058804,0.465201382361496,0.7924688870287749
pope_random_576_random_576,Qwen/Qwen3-VL-8B-Instruct,pope,coco:000000287305,1,no,0,1,1.0,0,0,0.0039130630902945995,0.9960869550704956,0.0019389680628467607,0.9980610319382626,0.4788096822308775,0.6671296658786047
pope_random_70_random_70,Qwen/Qwen3-VL-8B-Instruct,pope,coco:000000353180,4,no,0,1,1.0,0,0,0.004771769978106022,0.9952282905578613,0.0026504997478914724,0.9973495002521084,0.18072590580386644,0.8892653097500797
pope_random_86_random_86,Qwen/Qwen3-VL-8B-Instruct,pope,coco:000000219622,3,no,0,1,1.0,0,0,0.027670828625559807,0.9723291993141174,0.2304157476074585,0.7695842523925417,0.4917104362050918,0.6345789808264367
pope_random_958_random_958,Qwen/Qwen3-VL-8B-Instruct,pope,coco:000000489728,0,no,0,1,1.0,0,0,0.005357507150620222,0.9946424961090088,0.0016877341555226904,0.9983122658444774,0.3386280420749412,0.7457537900105647
vsr_107_107,Qwen/Qwen3-VL-8B-Instruct,vsr,coco:000000320600,2,false,1,0,1.0,0,0,0.04646711423993111,0.953532874584198,0.012045970612323131,0.987954029387677,0.20707480709795023,0.863668049816401
vsr_141_141,Qwen/Qwen3-VL-8B-Instruct,vsr,coco:000000221681,2,true,0,1,1.0,0,0,0.019764432683587074,0.9802355766296387,0.02764911032167146,0.9723508896783284,0.5316512799741533,0.9110729828837936
vsr_164_164,Qwen/Qwen3-VL-8B-Instruct,vsr,coco:000000375760,1,false,0,1,1.0,0,0,0.028533397242426872,0.9714666604995728,0.048769789443795356,0.9512302105562046,0.4657704431137806,0.6421922328661369
vsr_165_165,Qwen/Qwen3-VL-8B-Instruct,vsr,coco:000000563805,2,false,0,1,1.0,0,0,0.050864361226558685,0.9491355419158936,0.05974828488873447,0.9402517151112654,0.4748438304368971,0.8781282178868386
vsr_180_180,Qwen/Qwen3-VL-8B-Instruct,vsr,coco:000000216664,2,false,0,1,1.0,0,0,0.007699656765908003,0.9923003911972046,0.0015594765368135285,0.9984405234631863,0.39144755705663536,0.5209462068590465
vsr_200_200,Qwen/Qwen3-VL-8B-Instruct,vsr,coco:000000499656,2,true,1,0,1.0,0,0,0.23363758623600006,0.7663626074790955,0.3571605156226119,0.6428394843773878,0.41215265641952925,0.6020960135487379
vsr_211_211,Qwen/Qwen3-VL-8B-Instruct,vsr,coco:000000180296,3,false,0,1,1.0,0,0,0.11338925361633301,0.8866108059883118,0.3483535221495117,0.6516464778504885,0.4918189068172183,0.6337276864319774
vsr_235_235,Qwen/Qwen3-VL-8B-Instruct,vsr,coco:000000530730,2,false,1,0,1.0,0,0,0.024458404630422592,0.9755415916442871,0.025450569579079516,0.9745494304209205,0.41276913235720003,0.7553604768585499
vsr_249_249,Qwen/Qwen3-VL-8B-Instruct,vsr,coco:000000471871,3,false,0,1,1.0,0,0,0.007719377055764198,0.9922806024551392,0.003481177894710107,0.9965188221052897,0.3204539048267128,0.7580320667698801
vsr_280_280,Qwen/Qwen3-VL-8B-Instruct,vsr,coco:000000103582,4,false,0,1,1.0,0,0,0.05798245221376419,0.9420175552368164,0.0898273513084345,0.9101726486915654,0.22487104270559274,0.8702336832949873
vsr_29_29,Qwen/Qwen3-VL-8B-Instruct,vsr,coco:000000252617,3,false,0,1,1.0,0,0,0.006765154656022787,0.9932348132133484,0.003536461634156147,0.996463538365844,0.43808621680779863,0.6458087421625596
vsr_300_300,Qwen/Qwen3-VL-8B-Instruct,vsr,coco:000000259819,1,false,0,1,1.0,0,0,0.003952289931476116,0.9960476756095886,0.0067615085993366335,0.9932384914004919,0.3766457599259327,0.6980827672834531
vsr_303_303,Qwen/Qwen3-VL-8B-Instruct,vsr,coco:000000022041,3,false,0,1,1.0,0,0,0.08014121651649475,0.9198587536811829,0.03427455773519876,0.9657254422648012,0.4137885323846585,0.6763639686596132
vsr_30_30,Qwen/Qwen3-VL-8B-Instruct,vsr,coco:000000127381,2,false,0,1,1.0,0,0,0.01951814815402031,0.9804819226264954,0.0013278820413000615,0.9986721179586998,0.36579153495641076,0.5263963021901427
vsr_339_339,Qwen/Qwen3-VL-8B-Instruct,vsr,coco:000000520389,3,false,0,1,1.0,0,0,0.029521292075514793,0.9704787731170654,0.008032791878498367,0.9919672081215016,0.267460306720706,0.4581252740720297
vsr_62_62,Qwen/Qwen3-VL-8B-Instruct,vsr,coco:000000145891,4,true,1,0,1.0,2,0,0.9336860775947571,0.06631398946046829,0.9421172356203386,0.05788276437966134,0.38798975602686236,0.8667066035221558
vsr_63_63,Qwen/Qwen3-VL-8B-Instruct,vsr,coco:000000484173,0,false,0,1,1.0,0,0,0.016826728358864784,0.9831732511520386,0.05243936392215337,0.9475606360778468,0.5049538467148474,0.635025626371394
vsr_76_76,Qwen/Qwen3-VL-8B-Instruct,vsr,coco:000000473433,4,false,0,1,1.0,0,0,0.0036329440772533417,0.9963670969009399,0.0015415301024953691,0.9984584698975046,0.47746334088612147,0.8013166570889595
vsr_97_97,Qwen/Qwen3-VL-8B-Instruct,vsr,coco:000000455365,4,true,1,0,1.0,0,0,0.0018686160910874605,0.9981314539909363,0.0009636772878491228,0.9990363227121508,0.4722300689106436,0.7930542127771808
