instance_id,model_id,dataset,image_key,fold,candidate_norm_answer,repair_label,damage_label,base_weight,models_proposing,hard_negative,xgboost_default_repair,xgboost_default_damage,lightgbm_default_repair,lightgbm_default_damage,mlp_64_32_regularized_repair,mlp_64_32_regularized_damage
hallusionbench_107_107,google/gemma-4-E4B-it,hallusionbench,hallusionbench:VS/chart/8_2.png,3,no,0,1,1.0,0,0,0.013803658075630665,0.9861963391304016,0.0424456227699786,0.9575543772300213,0.48806213462669545,0.6271675115697839
hallusionbench_424_424,google/gemma-4-E4B-it,hallusionbench,hallusionbench:VS/map/6_1.png,3,no,0,1,1.0,0,0,0.006481722928583622,0.9935182929039001,0.007448472171033683,0.9925515278289663,0.4464445835586086,0.5753277804553447
hallusionbench_425_425,google/gemma-4-E4B-it,hallusionbench,hallusionbench:VS/map/6_1.png,3,no,1,0,1.0,0,0,0.2758977711200714,0.7241021990776062,0.27630203416169724,0.7236979658383029,0.31316570234865404,0.5181897650746781
hallusionbench_426_426,google/gemma-4-E4B-it,hallusionbench,hallusionbench:VS/map/6_1.png,3,no,0,1,1.0,0,0,0.07119019329547882,0.9288097023963928,0.38089208892239645,0.6191079110776038,0.31663428529907783,0.493981062582323
hallusionbench_433_433,google/gemma-4-E4B-it,hallusionbench,hallusionbench:VS/map/7_1.png,3,yes,0,1,1.0,0,0,0.05096583440899849,0.9490340948104858,0.0402348039119076,0.9597651960880925,0.4456752868572028,0.5869459294255517
hallusionbench_482_482,google/gemma-4-E4B-it,hallusionbench,hallusionbench:VS/ocr/3_2.png,4,no,1,0,1.0,0,0,0.08778204023838043,0.9122179746627808,0.11759848678261786,0.8824015132173822,0.4404267468895562,0.7256583857100956
hallusionbench_513_513,google/gemma-4-E4B-it,hallusionbench,hallusionbench:VS/ocr/8_2.png,0,yes,0,1,1.0,0,0,0.020617950707674026,0.9793820381164551,0.0056961151740914165,0.9943038848259086,0.49133500851857786,0.6522246492264636
hallusionbench_559_559,google/gemma-4-E4B-it,hallusionbench,hallusionbench:VD/illusion/3_1.png,0,yes,0,1,1.0,0,0,0.11094757914543152,0.8890524506568909,0.2778419228974219,0.722158077102578,0.2075422810213889,0.5710307210788713
hallusionbench_567_567,google/gemma-4-E4B-it,hallusionbench,hallusionbench:VD/illusion/5_1.png,1,yes,0,1,1.0,0,0,0.07971777766942978,0.920282244682312,0.0672344904544727,0.9327655095455273,0.4580605656770291,0.7229795164198676
hallusionbench_573_573,google/gemma-4-E4B-it,hallusionbench,hallusionbench:VD/illusion/7_0.png,0,yes,0,1,1.0,2,1,0.7286819815635681,0.27131789922714233,0.9033402434924838,0.0966597565075162,0.2531425105208227,0.5148698165286312
hallusionbench_580_580,google/gemma-4-E4B-it,hallusionbench,hallusionbench:VD/illusion/8_1.png,3,yes,0,1,1.0,2,1,0.8079994320869446,0.19200068712234497,0.7773063937052638,0.22269360629473642,0.4658691875512473,0.5950514146192799
hallusionbench_648_648,google/gemma-4-E4B-it,hallusionbench,hallusionbench:VD/illusion/24_0.png,3,no,0,1,1.0,0,0,0.04391051083803177,0.9560894966125488,0.23068975706093506,0.769310242939065,0.3078020477839159,0.7418492498939175
hallusionbench_658_658,google/gemma-4-E4B-it,hallusionbench,hallusionbench:VD/illusion/26_0.png,2,yes,1,0,1.0,2,0,0.6031701564788818,0.39682987332344055,0.6528953510533885,0.34710464894661147,0.4272640969680989,0.6609597443561179
hallusionbench_802_802,google/gemma-4-E4B-it,hallusionbench,hallusionbench:VD/ocr/3_0.png,1,no,0,1,1.0,1,0,0.034991711378097534,0.9650081992149353,0.5726732871604379,0.4273267128395621,0.39336401357108847,0.6282038409757413
hallusionbench_806_806,google/gemma-4-E4B-it,hallusionbench,hallusionbench:VD/ocr/3_1.png,1,no,1,0,1.0,0,0,0.024590982124209404,0.9754089713096619,0.025842703241184824,0.9741572967588152,0.4098263118010164,0.6325081128712081
hallusionbench_821_821,google/gemma-4-E4B-it,hallusionbench,hallusionbench:VD/ocr/6_1.png,4,no,1,0,1.0,0,0,0.001424382091499865,0.9985755681991577,0.0005156497448955122,0.9994843502551044,0.47329039897448144,0.7989827057797954
hallusionbench_822_822,google/gemma-4-E4B-it,hallusionbench,hallusionbench:VD/ocr/6_1.png,4,no,0,1,1.0,0,0,0.01703503727912903,0.9829649329185486,0.004180162199483029,0.995819837800517,0.46266299531193467,0.7952039647172238
hallusionbench_831_831,google/gemma-4-E4B-it,hallusionbench,hallusionbench:VD/ocr/9_0.png,1,no,0,1,1.0,0,0,0.023408016189932823,0.9765920042991638,0.045291151854669046,0.954708848145331,0.3954201197744512,0.62846541113665
hallusionbench_845_845,google/gemma-4-E4B-it,hallusionbench,hallusionbench:VD/ocr/12_1.png,0,no,1,0,1.0,0,0,0.04006689786911011,0.9599331617355347,0.05037868364141605,0.9496213163585839,0.231266623000767,0.541849131832077
hallusionbench_857_857,google/gemma-4-E4B-it,hallusionbench,hallusionbench:VD/ocr/15_1.png,3,no,0,1,1.0,0,0,0.026798591017723083,0.9732014536857605,0.0250901744057082,0.9749098255942917,0.48995921542468457,0.6338170103170164
hallusionbench_867_867,google/gemma-4-E4B-it,hallusionbench,hallusionbench:VD/ocr/18_0.png,2,no,0,1,1.0,0,0,0.011443405412137508,0.9885565042495728,0.050237197962262885,0.949762802037737,0.3857715555648877,0.5123814501956133
hallusionbench_874_874,google/gemma-4-E4B-it,hallusionbench,hallusionbench:VD/ocr/19_1.png,0,no,0,1,1.0,0,0,0.006109760608524084,0.9938902854919434,0.004416831979547881,0.9955831680204522,0.4720198769067708,0.6063120875629804
hallusionbench_877_877,google/gemma-4-E4B-it,hallusionbench,hallusionbench:VD/ocr/20_1.png,0,no,1,0,1.0,0,0,0.03517157584428787,0.9648284316062927,0.06112376548951166,0.9388762345104883,0.1670776331543073,0.5105216483369613
hallusionbench_889_889,google/gemma-4-E4B-it,hallusionbench,hallusionbench:VD/figure/3_0.png,0,no,0,1,1.0,0,0,0.4967189133167267,0.5032812356948853,0.20354639552605558,0.7964536044739443,0.4217405582830767,0.6597900545708886
hallusionbench_911_911,google/gemma-4-E4B-it,hallusionbench,hallusionbench:VD/figure/8_0.png,1,no,0,1,1.0,0,0,0.23457647860050201,0.7654235363006592,0.21630112934955326,0.7836988706504467,0.4455103147912024,0.7102338030340509
hallusionbench_946_946,google/gemma-4-E4B-it,hallusionbench,hallusionbench:VD/figure/16_1.png,1,yes,1,0,1.0,0,0,0.01787923276424408,0.9821208119392395,0.027330951458351856,0.972669048541648,0.45158607182140814,0.7331299066012192
hallusionbench_956_956,google/gemma-4-E4B-it,hallusionbench,hallusionbench:VD/figure/19_0.png,2,no,1,0,1.0,2,0,0.7527387142181396,0.24726122617721558,0.8562061611809102,0.14379383881908975,0.42233702286943964,0.5503140425002504
hallusionbench_958_958,google/gemma-4-E4B-it,hallusionbench,hallusionbench:VD/figure/19_1.png,1,no,0,1,1.0,0,0,0.00835311971604824,0.9916468858718872,0.004051696069072035,0.995948303930928,0.39287921207794846,0.6275175652709005
hallusionbench_969_969,google/gemma-4-E4B-it,hallusionbench,hallusionbench:VD/video/1_2.png,3,no,1,0,1.0,0,0,0.01692059077322483,0.9830794334411621,0.017661756067683564,0.9823382439323164,0.46530577151465125,0.5942187679536702
pope_random_1058_random_1058,google/gemma-4-E4B-it,pope,coco:000000303534,3,no,0,1,1.0,0,0,0.006736570503562689,0.9932634234428406,0.021421415773514026,0.9785785842264859,0.49232124775046354,0.6374727987881852
pope_random_1134_random_1134,google/gemma-4-E4B-it,pope,coco:000000246145,0,no,0,1,1.0,0,0,0.004954356700181961,0.9950456619262695,0.0017432446061848193,0.9982567553938152,0.4729675718172919,0.6024684061842569
pope_random_1150_random_1150,google/gemma-4-E4B-it,pope,coco:000000529668,4,no,0,1,1.0,0,0,0.013910317793488503,0.9860897064208984,0.07595176352828707,0.9240482364717131,0.46149725105595607,0.7950072785031941
pope_random_1214_random_1214,google/gemma-4-E4B-it,pope,coco:000000112664,1,no,0,1,1.0,0,0,0.002617984777316451,0.9973819851875305,0.0008085993850046463,0.9991914006149952,0.41842593391954624,0.6338527950412738
pope_random_1216_random_1216,google/gemma-4-E4B-it,pope,coco:000000112664,1,no,0,1,1.0,0,0,0.0035483944229781628,0.9964516162872314,0.005357367317041232,0.9946426326829588,0.37411007209491653,0.6992053376126655
pope_random_1243_random_1243,google/gemma-4-E4B-it,pope,coco:000000383185,0,yes,0,1,1.0,1,0,0.5068519711494446,0.4931480288505554,0.4256372828979396,0.5743627171020602,0.24983911020099878,0.5198182603221635
pope_random_1244_random_1244,google/gemma-4-E4B-it,pope,coco:000000383185,0,no,0,1,1.0,0,0,0.3236173689365387,0.6763827204704285,0.21743410666251134,0.7825658933374886,0.4227542531242799,0.608185709425806
pope_random_1284_random_1284,google/gemma-4-E4B-it,pope,coco:000000201148,3,no,0,1,1.0,0,0,0.026559220626950264,0.9734407067298889,0.05978116803260765,0.9402188319673924,0.3713195707662877,0.7324093283799039
pope_random_12_random_12,google/gemma-4-E4B-it,pope,coco:000000429109,2,no,0,1,1.0,0,0,0.05296871066093445,0.9470312595367432,0.03681091902839451,0.9631890809716055,0.3620412776786419,0.5201264045716419
pope_random_1338_random_1338,google/gemma-4-E4B-it,pope,coco:000000120648,3,yes,1,0,1.0,0,0,0.08699711412191391,0.9130028486251831,0.05744912072949833,0.9425508792705016,0.44092251377544467,0.5842440639685536
pope_random_1464_random_1464,google/gemma-4-E4B-it,pope,coco:000000391735,1,no,0,1,1.0,0,0,0.034991711378097534,0.9650081992149353,0.04208706987233838,0.9579129301276617,0.39408434371229417,0.6282929973211286
pope_random_1506_random_1506,google/gemma-4-E4B-it,pope,coco:000000023731,2,no,0,1,1.0,0,0,0.006443329621106386,0.9935566782951355,0.0021860800600838116,0.9978139199399162,0.3865247730033908,0.5129508030468802
pope_random_1508_random_1508,google/gemma-4-E4B-it,pope,coco:000000023731,2,no,0,1,1.0,0,0,0.021587934345006943,0.9784120917320251,0.006857191619301131,0.9931428083806988,0.38063047822825874,0.5111725692444902
pope_random_1584_random_1584,google/gemma-4-E4B-it,pope,coco:000000198312,1,no,0,1,1.0,0,0,0.004158074036240578,0.995841920375824,0.0013824350929390863,0.9986175649070609,0.40953522083523175,0.630774361351775
pope_random_1906_random_1906,google/gemma-4-E4B-it,pope,coco:000000418680,3,no,0,1,1.0,0,0,0.06508263200521469,0.9349173903465271,0.14243454413165177,0.8575654558683483,0.4076893928093826,0.6699550866226197
pope_random_2024_random_2024,google/gemma-4-E4B-it,pope,coco:000000091954,1,no,0,1,1.0,0,0,0.05877918004989624,0.9412208199501038,0.032588418300997055,0.9674115816990029,0.4521977343420209,0.7318046611466407
pope_random_206_random_206,google/gemma-4-E4B-it,pope,coco:000000553165,4,no,0,1,1.0,0,0,0.007588530424982309,0.9924114942550659,0.0064513677650728084,0.9935486322349271,0.4610108796348176,0.7951747229238676
pope_random_2228_random_2228,google/gemma-4-E4B-it,pope,coco:000000233521,0,no,0,1,1.0,0,0,0.020335648208856583,0.9796643257141113,0.040302844272984986,0.9596971557270149,0.5002073273061949,0.6324053159266382
pope_random_2236_random_2236,google/gemma-4-E4B-it,pope,coco:000000355256,0,no,0,1,1.0,0,0,0.026900049299001694,0.973099946975708,0.031142936829530798,0.9688570631704693,0.48505023654456597,0.6086309337866405
pope_random_2690_random_2690,google/gemma-4-E4B-it,pope,coco:000000265472,1,no,0,1,1.0,0,0,0.3146459460258484,0.6853541731834412,0.09900267106536774,0.9009973289346321,0.20069134069947908,0.7931002649387607
pope_random_2832_random_2832,google/gemma-4-E4B-it,pope,coco:000000399702,0,no,0,1,1.0,0,0,0.10272759199142456,0.8972724080085754,0.38473341957794743,0.6152665804220524,0.23493746890850134,0.5452971907542165
pope_random_2908_random_2908,google/gemma-4-E4B-it,pope,coco:000000141278,4,no,0,1,1.0,0,0,0.004782765172421932,0.9952172040939331,0.0010797360683020595,0.9989202639316981,0.15558675080792558,0.9001720919765722
pope_random_2990_random_2990,google/gemma-4-E4B-it,pope,coco:000000361430,1,no,0,1,1.0,0,0,0.003956795670092106,0.9960432052612305,0.0003810587464898572,0.99961894125351,0.4286406281894699,0.6445925774044627
pope_random_352_random_352,google/gemma-4-E4B-it,pope,coco:000000084447,3,yes,1,0,1.0,0,0,0.004608467221260071,0.9953914880752563,0.0006417681600521265,0.999358231839948,0.30491510057045346,0.7662323833683333
pope_random_492_random_492,google/gemma-4-E4B-it,pope,coco:000000069189,4,no,0,1,1.0,0,0,0.01933913864195347,0.9806607961654663,0.005079168634350058,0.9949208313656499,0.46410283256439494,0.798541483471972
pope_random_684_random_684,google/gemma-4-E4B-it,pope,coco:000000069196,1,no,0,1,1.0,0,0,0.007380517665296793,0.9926194548606873,0.005877102748069133,0.9941228972519309,0.3585270059434524,0.6881195735154266
vsr_142_142,google/gemma-4-E4B-it,vsr,coco:000000289698,1,false,1,0,1.0,0,0,0.24115578830242157,0.7588440775871277,0.16466016972399303,0.835339830276007,0.18037976006307968,0.7654199645513416
vsr_157_157,google/gemma-4-E4B-it,vsr,coco:000000136559,0,false,0,1,1.0,0,0,0.30739060044288635,0.6926091313362122,0.23141288379868874,0.7685871162013111,0.2043315700136942,0.5464461780675764
vsr_179_179,google/gemma-4-E4B-it,vsr,coco:000000476339,2,false,1,0,1.0,1,0,0.434905469417572,0.5650944709777832,0.5399799693234345,0.4600200306765654,0.1247250962092147,0.8530116423136762
vsr_182_182,google/gemma-4-E4B-it,vsr,coco:000000389474,0,false,1,0,1.0,0,0,0.18661755323410034,0.8133825659751892,0.3521684430194962,0.6478315569805035,0.1763644855460879,0.47854994083929575
vsr_205_205,google/gemma-4-E4B-it,vsr,coco:000000526225,4,false,0,1,1.0,0,0,0.024451281875371933,0.9755487442016602,0.02247131910673642,0.9775286808932635,0.46435406273345853,0.7968268866342914
vsr_211_211,google/gemma-4-E4B-it,vsr,coco:000000180296,3,false,0,1,1.0,0,0,0.04737316444516182,0.9526268243789673,0.09342653366202366,0.9065734663379764,0.49005739331619885,0.6281442375487578
vsr_227_227,google/gemma-4-E4B-it,vsr,coco:000000154202,2,false,0,1,1.0,0,0,0.006811314262449741,0.993188738822937,0.006949180940637124,0.9930508190593629,0.43864433650118445,0.5793999468131531
vsr_232_232,google/gemma-4-E4B-it,vsr,coco:000000258523,3,false,0,1,1.0,0,0,0.0494486540555954,0.9505513310432434,0.028016866305915183,0.9719831336940847,0.4892635708643817,0.6253943319488123
vsr_241_241,google/gemma-4-E4B-it,vsr,coco:000000329147,4,false,1,0,1.0,0,0,0.01948695071041584,0.9805130958557129,0.006713775872096515,0.9932862241279035,0.4448486947051281,0.737974425290522
vsr_288_288,google/gemma-4-E4B-it,vsr,coco:000000371258,0,false,0,1,1.0,0,0,0.026013143360614777,0.9739868640899658,0.24593706395094272,0.754062936049057,0.4706793481010779,0.6016908512107488
vsr_289_289,google/gemma-4-E4B-it,vsr,coco:000000230224,4,false,0,1,1.0,0,0,0.1328125298023224,0.8671875596046448,0.1645745112379233,0.8354254887620768,0.4663319294276063,0.7991153985362315
vsr_290_290,google/gemma-4-E4B-it,vsr,coco:000000265707,0,false,0,1,1.0,2,1,0.5555289387702942,0.44447121024131775,0.5373335690105512,0.4626664309894486,0.15681000117478816,0.5068878299750879
vsr_292_292,google/gemma-4-E4B-it,vsr,coco:000000007319,4,false,0,1,1.0,0,0,0.09421885758638382,0.905781090259552,0.025427258173528054,0.9745727418264719,0.46210246000296934,0.7955945129425667
vsr_297_297,google/gemma-4-E4B-it,vsr,coco:000000159850,3,false,1,0,1.0,0,0,0.02228882908821106,0.9777111411094666,0.009927579972862274,0.9900724200271378,0.46571259073744103,0.5960927850484217
vsr_299_299,google/gemma-4-E4B-it,vsr,coco:000000433110,2,false,0,1,1.0,0,0,0.01309556607156992,0.9869044423103333,0.00708159126172414,0.9929184087382757,0.37046737206939273,0.524265853527418
vsr_29_29,google/gemma-4-E4B-it,vsr,coco:000000252617,3,false,0,1,1.0,0,0,0.084190234541893,0.915809690952301,0.05379437118439527,0.9462056288156047,0.4909948551838687,0.6324567990449785
vsr_300_300,google/gemma-4-E4B-it,vsr,coco:000000259819,1,false,0,1,1.0,0,0,0.05724857375025749,0.9427514672279358,0.07893848102182272,0.9210615189781772,0.44719512451689075,0.6413165242796227
vsr_301_301,google/gemma-4-E4B-it,vsr,coco:000000216664,2,false,0,1,1.0,0,0,0.018792659044265747,0.9812073111534119,0.004648674532701582,0.9953513254672984,0.3307252618560152,0.5657239480513366
vsr_303_303,google/gemma-4-E4B-it,vsr,coco:000000022041,3,false,0,1,1.0,0,0,0.0019687253516167402,0.9980313181877136,0.010991328120477473,0.9890086718795227,0.4914817847018355,0.6343044203921477
vsr_311_311,google/gemma-4-E4B-it,vsr,coco:000000309568,3,false,1,0,1.0,0,0,0.07965665310621262,0.920343279838562,0.2654885509399146,0.7345114490600856,0.28960737175015644,0.5490018006983565
vsr_318_318,google/gemma-4-E4B-it,vsr,coco:000000280732,1,false,0,1,1.0,0,0,0.030407585203647614,0.9695923924446106,0.02834856302681984,0.97165143697318,0.49391502454516434,0.6607719331783147
vsr_336_336,google/gemma-4-E4B-it,vsr,coco:000000144746,2,false,1,0,1.0,1,0,0.4660584330558777,0.5339416265487671,0.5466594595927855,0.4533405404072145,0.3045489887875222,0.8183584253357613
vsr_44_44,google/gemma-4-E4B-it,vsr,coco:000000499656,2,false,0,1,1.0,0,0,0.004065596032887697,0.9959343671798706,0.0017864150125715221,0.9982135849874285,0.37854356180748416,0.5217455841470954
vsr_58_58,google/gemma-4-E4B-it,vsr,coco:000000092213,4,false,0,1,1.0,0,0,0.21050207316875458,0.7894978523254395,0.1157371717501808,0.8842628282498194,0.4409029973778869,0.7251320942583911
vsr_96_96,google/gemma-4-E4B-it,vsr,coco:000000355462,2,true,1,0,1.0,0,0,0.06073722615838051,0.9392627477645874,0.014864408460641179,0.9851355915393588,0.3549440685649306,0.6811614337312419
hallusionbench_1013_1013,google/gemma-4-E4B-it,hallusionbench,hallusionbench:VD/video/6_0.png,3,yes,1,0,1.0,1,0,0.28667914867401123,0.7133209705352783,0.5948693561187449,0.40513064388125525,0.2735534001566395,0.48064441323222873
hallusionbench_1101_1101,google/gemma-4-E4B-it,hallusionbench,hallusionbench:VD/video/17_1.png,4,yes,1,0,1.0,0,0,0.03384348377585411,0.9661564826965332,0.019562816505185744,0.9804371834948142,0.44634880314464903,0.743257471889612
hallusionbench_1103_1103,google/gemma-4-E4B-it,hallusionbench,hallusionbench:VD/video/17_1.png,4,yes,0,1,1.0,0,0,0.16913220286369324,0.8308678269386292,0.14254081081675823,0.8574591891832418,0.44962022654990214,0.7428466006985521
hallusionbench_1104_1104,google/gemma-4-E4B-it,hallusionbench,hallusionbench:VD/video/17_1.png,4,yes,0,1,1.0,0,0,0.07054553925991058,0.9294543266296387,0.06325368326828082,0.9367463167317192,0.4433756259952458,0.7314100788056225
hallusionbench_333_333,google/gemma-4-E4B-it,hallusionbench,hallusionbench:VS/table/8_3.png,1,yes,0,1,1.0,0,0,0.004619636572897434,0.9953804016113281,0.002162109627851382,0.9978378903721487,0.4498028930273184,0.646259900213853
hallusionbench_432_432,google/gemma-4-E4B-it,hallusionbench,hallusionbench:VS/map/7_1.png,3,no,0,1,1.0,0,0,0.004686709027737379,0.995313286781311,0.007087346083221414,0.9929126539167786,0.4871470721721522,0.6280828549573609
hallusionbench_471_471,google/gemma-4-E4B-it,hallusionbench,hallusionbench:VS/ocr/2_1.png,4,no,1,0,1.0,1,0,0.15267795324325562,0.8473220467567444,0.5570414328553843,0.44295856714461596,0.4286546984502106,0.7573732485815071
hallusionbench_481_481,google/gemma-4-E4B-it,hallusionbench,hallusionbench:VS/ocr/3_2.png,4,no,1,0,1.0,0,0,0.28385695815086365,0.7161430716514587,0.2987847617913639,0.7012152382086364,0.44791755953970697,0.7522960823230844
hallusionbench_516_516,google/gemma-4-E4B-it,hallusionbench,hallusionbench:VS/ocr/9_1.png,0,no,0,1,1.0,0,0,0.00556225748732686,0.9944376945495605,0.00815874191594789,0.991841258084052,0.4703098308026129,0.5988861949831846
hallusionbench_517_517,google/gemma-4-E4B-it,hallusionbench,hallusionbench:VS/ocr/9_1.png,0,no,0,1,1.0,0,0,0.00577485840767622,0.9942252039909363,0.0029495586442958477,0.9970504413557041,0.4708130806594367,0.5943381852588131
hallusionbench_598_598,google/gemma-4-E4B-it,hallusionbench,hallusionbench:VD/illusion/13_0.png,3,no,0,1,1.0,0,0,0.06301841139793396,0.9369816184043884,0.02007852114831463,0.9799214788516855,0.28672548114441443,0.5371991201345004
hallusionbench_599_599,google/gemma-4-E4B-it,hallusionbench,hallusionbench:VD/illusion/13_1.png,3,yes,0,1,1.0,0,0,0.06924942135810852,0.9307505488395691,0.03957796804903639,0.9604220319509638,0.4159936709525723,0.7134304665568431
hallusionbench_679_679,google/gemma-4-E4B-it,hallusionbench,hallusionbench:VD/illusion/30_0.png,1,yes,0,1,1.0,0,0,0.011642432771623135,0.9883576035499573,0.02582602031723998,0.97417397968276,0.4149022474571864,0.6552017468329925
hallusionbench_680_680,google/gemma-4-E4B-it,hallusionbench,hallusionbench:VD/illusion/30_1.png,1,yes,0,1,1.0,2,1,0.6768960952758789,0.3231038749217987,0.9206200636555717,0.07937993634442825,0.45368387258830606,0.7060225490869595
hallusionbench_721_721,google/gemma-4-E4B-it,hallusionbench,hallusionbench:VD/math/6_1.png,2,yes,0,1,1.0,0,0,0.005387068726122379,0.9946129322052002,0.0027590582949920763,0.997240941705008,0.3803315097783976,0.5151721882250095
hallusionbench_760_760,google/gemma-4-E4B-it,hallusionbench,hallusionbench:VD/math/13_0.png,2,yes,1,0,1.0,0,0,0.03127923235297203,0.9687207341194153,0.011329570051564155,0.9886704299484359,0.4202555726983514,0.5806720191385915
hallusionbench_772_772,google/gemma-4-E4B-it,hallusionbench,hallusionbench:VD/math/15_0.png,4,yes,1,0,1.0,0,0,0.05157490074634552,0.9484250545501709,0.03484336669221812,0.9651566333077819,0.43697985189242117,0.7309341252154907
hallusionbench_787_787,google/gemma-4-E4B-it,hallusionbench,hallusionbench:VD/math/17_1.png,4,yes,1,0,1.0,0,0,0.008211164735257626,0.991788923740387,0.0035867157132941758,0.9964132842867057,0.43685230840566786,0.7256565864577837
hallusionbench_814_814,google/gemma-4-E4B-it,hallusionbench,hallusionbench:VD/ocr/4_1.png,0,no,0,1,1.0,0,0,0.016468869522213936,0.9835311770439148,0.0008465637565373509,0.9991534362434625,0.4716782455000495,0.605432708778792
hallusionbench_815_815,google/gemma-4-E4B-it,hallusionbench,hallusionbench:VD/ocr/5_0.png,0,no,0,1,1.0,0,0,0.06967213749885559,0.930327832698822,0.1560124724044251,0.8439875275955747,0.47284097765060934,0.5962002554951358
hallusionbench_854_854,google/gemma-4-E4B-it,hallusionbench,hallusionbench:VD/ocr/14_1.png,1,no,0,1,1.0,0,0,0.007469027303159237,0.9925310015678406,0.004411962659961795,0.9955880373400383,0.3926744004642278,0.627838739824999
hallusionbench_865_865,google/gemma-4-E4B-it,hallusionbench,hallusionbench:VD/ocr/17_1.png,0,no,1,0,1.0,2,0,0.6218969225883484,0.37810298800468445,0.6932745952774546,0.30672540472254517,0.13943571252567807,0.5047261506487645
hallusionbench_868_868,google/gemma-4-E4B-it,hallusionbench,hallusionbench:VD/ocr/18_0.png,2,no,1,0,1.0,0,0,0.005411943886429071,0.9945880174636841,0.017896519005462866,0.9821034809945371,0.3906294985875122,0.5162089358448951
hallusionbench_873_873,google/gemma-4-E4B-it,hallusionbench,hallusionbench:VD/ocr/19_1.png,0,no,1,0,1.0,0,0,0.00364695698954165,0.996353030204773,0.0037331968179121224,0.9962668031820878,0.4722879523719309,0.6062506334997703
hallusionbench_875_875,google/gemma-4-E4B-it,hallusionbench,hallusionbench:VD/ocr/20_0.png,4,no,0,1,1.0,0,0,0.028268050402402878,0.9717319011688232,0.029065154827439085,0.9709348451725609,0.29515007631350865,0.718823693006731
hallusionbench_914_914,google/gemma-4-E4B-it,hallusionbench,hallusionbench:VD/figure/8_1.png,0,no,0,1,1.0,0,0,0.00782739371061325,0.9921725988388062,0.01075637690631145,0.9892436230936886,0.4715984930845451,0.6059501579517057
hallusionbench_926_926,google/gemma-4-E4B-it,hallusionbench,hallusionbench:VD/figure/11_1.png,3,no,0,1,1.0,0,0,0.003009952837601304,0.9969899654388428,0.0008465942839168523,0.9991534057160831,0.4873859294849547,0.6282104784832809
hallusionbench_942_942,google/gemma-4-E4B-it,hallusionbench,hallusionbench:VD/figure/15_1.png,3,yes,1,0,1.0,0,0,0.00229386193677783,0.9977060556411743,0.0003109389664918565,0.9996890610335082,0.4227085500300165,0.6538539054065785
pope_random_1170_random_1170,google/gemma-4-E4B-it,pope,coco:000000513136,2,yes,1,0,1.0,0,0,0.008039440959692001,0.9919605851173401,0.0020756777479053502,0.9979243222520946,0.458254531999061,0.6103255775163928
pope_random_1246_random_1246,google/gemma-4-E4B-it,pope,coco:000000383185,0,no,0,1,1.0,0,0,0.022768596187233925,0.9772313833236694,0.025274407226213567,0.9747255927737865,0.47246808505170546,0.5814675632486659
pope_random_1288_random_1288,google/gemma-4-E4B-it,pope,coco:000000201148,3,no,0,1,1.0,0,0,0.006377850659191608,0.9936221241950989,0.001002271256356451,0.9989977287436437,0.39805702440111257,0.711472739711
pope_random_1326_random_1326,google/gemma-4-E4B-it,pope,coco:000000287035,0,no,0,1,1.0,1,0,0.5962365865707397,0.4037632644176483,0.4437626309749584,0.5562373690250413,0.22317602093349875,0.5315086340946983
pope_random_1348_random_1348,google/gemma-4-E4B-it,pope,coco:000000186709,1,no,0,1,1.0,0,0,0.05747520923614502,0.9425246715545654,0.4308657582151647,0.5691342417848351,0.42547291726850445,0.6783549039912652
pope_random_1410_random_1410,google/gemma-4-E4B-it,pope,coco:000000200583,4,no,0,1,1.0,0,0,0.0026305553037673235,0.9973694086074829,0.0009240995686693746,0.9990759004313308,0.4612019176873537,0.7949414126873107
pope_random_1420_random_1420,google/gemma-4-E4B-it,pope,coco:000000424585,4,yes,1,0,1.0,1,0,0.3811073899269104,0.6188925504684448,0.6706861592310221,0.32931384076897807,0.39202098198475394,0.884105528085479
pope_random_1507_random_1507,google/gemma-4-E4B-it,pope,coco:000000023731,2,yes,0,1,1.0,0,0,0.006218433380126953,0.9937816262245178,0.005475464462585973,0.9945245355374139,0.24144689890986376,0.6796590625213198
pope_random_1686_random_1686,google/gemma-4-E4B-it,pope,coco:000000331366,2,yes,1,0,1.0,0,0,0.01746782846748829,0.9825321435928345,0.011156216622654286,0.9888437833773457,0.15816109418003052,0.7285704682265358
pope_random_1758_random_1758,google/gemma-4-E4B-it,pope,coco:000000346707,0,no,0,1,1.0,0,0,0.007639382500201464,0.9923606514930725,0.020975834920628038,0.979024165079372,0.4717966548150414,0.606387755499989
pope_random_1834_random_1834,google/gemma-4-E4B-it,pope,coco:000000349936,3,no,0,1,1.0,0,0,0.021373439580202103,0.9786266088485718,0.004859537612830663,0.9951404623871694,0.3212549698320592,0.7526316643411726
pope_random_208_random_208,google/gemma-4-E4B-it,pope,coco:000000553165,4,no,0,1,1.0,0,0,0.04219133406877518,0.9578086733818054,0.0664017625714251,0.933598237428575,0.4661381752195044,0.7983349247876194
pope_random_2760_random_2760,google/gemma-4-E4B-it,pope,coco:000000579231,1,yes,1,0,1.0,0,0,0.3920808732509613,0.607919454574585,0.2561994177354224,0.7438005822645777,0.3929541562501044,0.6893603010513619
pope_random_2906_random_2906,google/gemma-4-E4B-it,pope,coco:000000141278,4,no,0,1,1.0,0,0,0.0030179910827428102,0.9969820380210876,0.0010554279544461697,0.9989445720455539,0.46332385412148225,0.798245395806782
pope_random_300_random_300,google/gemma-4-E4B-it,pope,coco:000000515904,2,no,0,1,1.0,0,0,0.03512706235051155,0.9648728966712952,0.06377182363156746,0.9362281763684326,0.3624284678896315,0.5202146678982235
pope_random_301_random_301,google/gemma-4-E4B-it,pope,coco:000000515904,2,no,1,0,1.0,0,0,0.0014632409438490868,0.9985367059707642,0.00023096100155636895,0.9997690389984437,0.3886997911719215,0.5147259432440315
pope_random_384_random_384,google/gemma-4-E4B-it,pope,coco:000000350898,1,no,0,1,1.0,0,0,0.006556383799761534,0.9934436082839966,0.0037536955999261943,0.9962463044000738,0.4111354972455233,0.6329691472288096
pope_random_70_random_70,google/gemma-4-E4B-it,pope,coco:000000353180,4,no,0,1,1.0,0,0,0.005572666879743338,0.9944273233413696,0.00917116674083598,0.990828833259164,0.4614700389506326,0.7950705639323946
pope_random_798_random_798,google/gemma-4-E4B-it,pope,coco:000000147289,1,no,0,1,1.0,0,0,0.01801574043929577,0.9819841980934143,0.1736965023205746,0.8263034976794253,0.4003461905377682,0.6307664225813312
pope_random_817_random_817,google/gemma-4-E4B-it,pope,coco:000000500473,1,yes,0,1,1.0,0,0,0.007380517665296793,0.9926194548606873,0.01526028109975025,0.9847397189002498,0.38609894693954094,0.6701891928261468
pope_random_818_random_818,google/gemma-4-E4B-it,pope,coco:000000500473,1,no,0,1,1.0,0,0,0.03125661984086037,0.9687433242797852,0.04353748814092536,0.9564625118590746,0.3979882087527803,0.6620807787687399
vsr_101_101,google/gemma-4-E4B-it,vsr,coco:000000465591,3,false,1,0,1.0,0,0,0.13790573179721832,0.8620941638946533,0.11003201027641506,0.8899679897235849,0.4863411722796624,0.6205289317714617
vsr_136_136,google/gemma-4-E4B-it,vsr,coco:000000499656,2,false,0,1,1.0,0,0,0.11920136213302612,0.8807986974716187,0.1337301099456384,0.8662698900543616,0.29723932880408754,0.816907977813948
vsr_141_141,google/gemma-4-E4B-it,vsr,coco:000000221681,2,false,1,0,1.0,1,0,0.11848233640193939,0.8815177083015442,0.6259374733845744,0.3740625266154256,0.49240978171257205,0.6607936575644026
vsr_154_154,google/gemma-4-E4B-it,vsr,coco:000000352549,0,false,0,1,1.0,2,1,0.7970686554908752,0.202931210398674,0.8411283299731076,0.1588716700268924,0.331604652613061,0.536778119183639
vsr_164_164,google/gemma-4-E4B-it,vsr,coco:000000375760,1,false,0,1,1.0,0,0,0.019236724823713303,0.9807631969451904,0.027458735254408582,0.9725412647455913,0.39540274579898677,0.6276267336991935
vsr_178_178,google/gemma-4-E4B-it,vsr,coco:000000280551,2,false,1,0,1.0,0,0,0.31379860639572144,0.6862013936042786,0.2822920190236714,0.7177079809763286,0.30943249300367187,0.8192085064593864
vsr_180_180,google/gemma-4-E4B-it,vsr,coco:000000216664,2,false,0,1,1.0,2,1,0.6140987277030945,0.38590142130851746,0.6052791959224845,0.39472080407751564,0.4840420337597927,0.6417750775746313
vsr_194_194,google/gemma-4-E4B-it,vsr,coco:000000315663,4,true,0,1,1.0,0,0,0.1302424520254135,0.8697575330734253,0.07858538123883922,0.9214146187611608,0.22802860678789558,0.6772144148054472
vsr_215_215,google/gemma-4-E4B-it,vsr,coco:000000379226,1,false,1,0,1.0,0,0,0.011888677254319191,0.9881113767623901,0.014064893124757866,0.985935106875242,0.4002880850168321,0.6734303617299998
vsr_225_225,google/gemma-4-E4B-it,vsr,coco:000000518081,0,false,0,1,1.0,0,0,0.04797665774822235,0.9520233273506165,0.09683579576437562,0.9031642042356243,0.189552559657774,0.5153698644692593
vsr_228_228,google/gemma-4-E4B-it,vsr,coco:000000480991,3,false,0,1,1.0,0,0,0.06500386446714401,0.9349960684776306,0.09291733907711909,0.9070826609228809,0.31330631402795067,0.484557931588259
vsr_244_244,google/gemma-4-E4B-it,vsr,coco:000000259819,1,false,0,1,1.0,0,0,0.04042520746588707,0.959574818611145,0.036236245996694554,0.9637637540033054,0.40561962668434604,0.6295277963423588
vsr_245_245,google/gemma-4-E4B-it,vsr,coco:000000202447,2,false,0,1,1.0,0,0,0.039101772010326385,0.960898220539093,0.009289138241210512,0.9907108617587894,0.3862276139355601,0.5127134999407201
vsr_25_25,google/gemma-4-E4B-it,vsr,coco:000000225713,3,false,0,1,1.0,0,0,0.02873959019780159,0.9712603688240051,0.024213096842336898,0.9757869031576631,0.31515483138821365,0.5182054299408716
vsr_262_262,google/gemma-4-E4B-it,vsr,coco:000000012315,0,false,1,0,1.0,0,0,0.06354741007089615,0.9364525675773621,0.1526839995819172,0.8473160004180826,0.4703334790014526,0.5965536158955977
vsr_274_274,google/gemma-4-E4B-it,vsr,coco:000000057091,0,false,0,1,1.0,0,0,0.004131872206926346,0.9958682060241699,0.010811594761601045,0.989188405238399,0.3556874162084712,0.7215525514793538
vsr_276_276,google/gemma-4-E4B-it,vsr,coco:000000085131,3,false,0,1,1.0,0,0,0.16654013097286224,0.8334599733352661,0.05899373086274733,0.9410062691372527,0.49033835928391406,0.6286737524087108
vsr_279_279,google/gemma-4-E4B-it,vsr,coco:000000350810,3,false,0,1,1.0,0,0,0.02199455350637436,0.9780054688453674,0.04453495474990794,0.955465045250092,0.36903385421791485,0.7360031332176596
vsr_280_280,google/gemma-4-E4B-it,vsr,coco:000000103582,4,false,0,1,1.0,0,0,0.08073040843009949,0.9192695617675781,0.11914268838169091,0.8808573116183093,0.46671279126755527,0.7963333986218046
vsr_285_285,google/gemma-4-E4B-it,vsr,coco:000000192824,3,false,1,0,1.0,0,0,0.06275546550750732,0.9372445940971375,0.08050228629597045,0.9194977137040297,0.3255740810737097,0.5085835163575171
vsr_286_286,google/gemma-4-E4B-it,vsr,coco:000000091348,2,false,0,1,1.0,0,0,0.029923856258392334,0.9700760841369629,0.025108217490877972,0.974891782509122,0.381707926767284,0.5116188455209514
vsr_335_335,google/gemma-4-E4B-it,vsr,coco:000000279829,0,false,0,1,1.0,0,0,0.4425041079521179,0.5574960708618164,0.4394356449729038,0.560564355027096,0.19062290664169262,0.5301536248905352
vsr_74_74,google/gemma-4-E4B-it,vsr,coco:000000324483,0,false,0,1,1.0,0,0,0.008378670550882816,0.9916213750839233,0.017215876199454076,0.9827841238005459,0.47201535164140296,0.5999285089208151
vsr_76_76,google/gemma-4-E4B-it,vsr,coco:000000473433,4,false,0,1,1.0,0,0,0.002524587558582425,0.9974754452705383,0.002073977592965509,0.9979260224070344,0.4616513383429753,0.7970730480173451
vsr_94_94,google/gemma-4-E4B-it,vsr,coco:000000144746,2,false,1,0,1.0,0,0,0.11488912254571915,0.8851109743118286,0.042070107316370446,0.9579298926836295,0.3765029444407236,0.7130948648759886
vsr_98_98,google/gemma-4-E4B-it,vsr,coco:000000222299,4,false,0,1,1.0,0,0,0.07471470534801483,0.9252853393554688,0.08589525344730746,0.9141047465526926,0.46190408448091114,0.7959029893019343
hallusionbench_1014_1014,google/gemma-4-E4B-it,hallusionbench,hallusionbench:VD/video/6_0.png,3,yes,0,1,1.0,1,0,0.3549293577671051,0.6450707316398621,0.7153307092573064,0.28466929074269387,0.46483084301853217,0.5934748442186363
hallusionbench_1066_1066,google/gemma-4-E4B-it,hallusionbench,hallusionbench:VD/video/12_0.png,1,yes,1,0,1.0,0,0,0.0864606574177742,0.9135393500328064,0.13901706167652736,0.8609829383234726,0.3810903298372426,0.8231594591706377
hallusionbench_1087_1087,google/gemma-4-E4B-it,hallusionbench,hallusionbench:VD/video/14_2.png,0,yes,0,1,1.0,0,0,0.1285039186477661,0.8714959025382996,0.16890677540267118,0.8310932245973287,0.3355957186679531,0.5399400631525294
hallusionbench_1100_1100,google/gemma-4-E4B-it,hallusionbench,hallusionbench:VD/video/17_0.png,0,yes,0,1,1.0,0,0,0.14075826108455658,0.8592418432235718,0.11108007209516146,0.8889199279048385,0.3274481804667765,0.5334222228610409
hallusionbench_1124_1124,google/gemma-4-E4B-it,hallusionbench,hallusionbench:VD/video/19_1.png,2,yes,1,0,1.0,2,0,0.7111274600028992,0.28887251019477844,0.6756945307968744,0.32430546920312564,0.4272840619837533,0.6159570626818026
hallusionbench_163_163,google/gemma-4-E4B-it,hallusionbench,hallusionbench:VS/chart/15_1.png,2,no,0,1,1.0,0,0,0.008100079372525215,0.9918999671936035,0.0005840395300905499,0.9994159604699094,0.380813107234264,0.5104328105216271
hallusionbench_164_164,google/gemma-4-E4B-it,hallusionbench,hallusionbench:VS/chart/15_1.png,2,no,0,1,1.0,0,0,0.012337001040577888,0.9876629710197449,0.0016503510595122966,0.9983496489404877,0.3827182054216204,0.5113680747267463
hallusionbench_179_179,google/gemma-4-E4B-it,hallusionbench,hallusionbench:VS/chart/17_2.png,0,yes,0,1,1.0,0,0,0.14975136518478394,0.8502487540245056,0.3001576982804255,0.6998423017195744,0.3294523943763972,0.534929511896671
hallusionbench_199_199,google/gemma-4-E4B-it,hallusionbench,hallusionbench:VS/chart/20_2.png,4,no,0,1,1.0,2,1,0.6028730869293213,0.39712679386138916,0.6031214160314107,0.39687858396858955,0.18919307631587506,0.6983335172489842
hallusionbench_343_343,google/gemma-4-E4B-it,hallusionbench,hallusionbench:VS/table/9_1.png,0,no,0,1,1.0,0,0,0.04395158961415291,0.9560484290122986,0.03839649287424057,0.9616035071257594,0.4332956777128804,0.6808835484385738
hallusionbench_434_434,google/gemma-4-E4B-it,hallusionbench,hallusionbench:VS/map/7_2.png,3,no,1,0,1.0,0,0,0.010188544169068336,0.9898114800453186,0.025700630300118484,0.9742993696998815,0.4858996126449758,0.6246150925169203
hallusionbench_439_439,google/gemma-4-E4B-it,hallusionbench,hallusionbench:VS/map/8_1.png,2,no,0,1,1.0,0,0,0.02989141456782818,0.9701085090637207,0.030272890815646433,0.9697271091843536,0.4583787120922116,0.8768436643077347
hallusionbench_498_498,google/gemma-4-E4B-it,hallusionbench,hallusionbench:VS/ocr/6_1.png,4,yes,1,0,1.0,0,0,0.07351816445589066,0.9264819025993347,0.026038187475299412,0.9739618125247006,0.44198150238993417,0.7353047703172007
hallusionbench_522_522,google/gemma-4-E4B-it,hallusionbench,hallusionbench:VS/ocr/10_1.png,4,no,0,1,1.0,0,0,0.00909070111811161,0.9909092783927917,0.0017927008602290624,0.998207299139771,0.3582292530417539,0.8311000788094844
hallusionbench_538_538,google/gemma-4-E4B-it,hallusionbench,hallusionbench:VD/illusion/0_0.png,2,yes,1,0,1.0,1,0,0.48804742097854614,0.5119525194168091,0.7545230474657486,0.2454769525342514,0.43559013837179733,0.6617856673522773
hallusionbench_568_568,google/gemma-4-E4B-it,hallusionbench,hallusionbench:VD/illusion/5_1.png,1,yes,1,0,1.0,2,0,0.6159236431121826,0.38407647609710693,0.6029903970750532,0.3970096029249467,0.46250701162659996,0.7176168738796229
hallusionbench_569_569,google/gemma-4-E4B-it,hallusionbench,hallusionbench:VD/illusion/5_1.png,1,yes,0,1,1.0,1,0,0.502534031867981,0.4974660575389862,0.3546735175051083,0.6453264824948917,0.3851438249335974,0.6859021326479712
hallusionbench_645_645,google/gemma-4-E4B-it,hallusionbench,hallusionbench:VD/illusion/23_0.png,0,no,1,0,1.0,0,0,0.3136917054653168,0.6863082647323608,0.4584047154849115,0.5415952845150882,0.41964746683760135,0.6636082516990598
hallusionbench_691_691,google/gemma-4-E4B-it,hallusionbench,hallusionbench:VD/math/1_1.png,3,yes,0,1,1.0,0,0,0.058490995317697525,0.9415090084075928,0.03877908869413474,0.9612209113058653,0.45953854420057577,0.5922420129579252
hallusionbench_767_767,google/gemma-4-E4B-it,hallusionbench,hallusionbench:VD/math/14_0.png,0,yes,0,1,1.0,0,0,0.15307553112506866,0.846924364566803,0.2400020228553047,0.7599979771446952,0.28077669286373447,0.5911445388548993
hallusionbench_856_856,google/gemma-4-E4B-it,hallusionbench,hallusionbench:VD/ocr/15_0.png,1,no,0,1,1.0,0,0,0.004892943426966667,0.9951070547103882,0.0009601552875979801,0.999039844712402,0.3934533901746647,0.6275923458854176
hallusionbench_870_870,google/gemma-4-E4B-it,hallusionbench,hallusionbench:VD/ocr/18_1.png,0,no,0,1,1.0,0,0,0.130784809589386,0.869215190410614,0.06252310551037331,0.9374768944896266,0.25810558828745744,0.6131050376437367
hallusionbench_895_895,google/gemma-4-E4B-it,hallusionbench,hallusionbench:VD/figure/4_1.png,2,yes,0,1,1.0,0,0,0.43466973304748535,0.5653300285339355,0.35325535086840126,0.6467446491315987,0.4148201156698825,0.6310347755038308
hallusionbench_913_913,google/gemma-4-E4B-it,hallusionbench,hallusionbench:VD/figure/8_1.png,0,yes,0,1,1.0,0,0,0.269899845123291,0.7301002144813538,0.19131687730062547,0.8086831226993744,0.4355491490718136,0.7478269484017728
hallusionbench_929_929,google/gemma-4-E4B-it,hallusionbench,hallusionbench:VD/figure/12_1.png,4,no,1,0,1.0,2,0,0.8720620274543762,0.1279379427433014,0.7871718882416028,0.2128281117583974,0.21819370648151115,0.7021370332880001
hallusionbench_930_930,google/gemma-4-E4B-it,hallusionbench,hallusionbench:VD/figure/12_1.png,4,yes,1,0,1.0,0,0,0.08820097148418427,0.9117989540100098,0.11730303416431435,0.8826969658356858,0.14510910179309344,0.6162099402370352
hallusionbench_934_934,google/gemma-4-E4B-it,hallusionbench,hallusionbench:VD/figure/13_1.png,1,no,0,1,1.0,0,0,0.05042676255106926,0.949573278427124,0.02732554442970032,0.9726744555702996,0.4444343100796996,0.6396902178211484
hallusionbench_953_953,google/gemma-4-E4B-it,hallusionbench,hallusionbench:VD/figure/18_1.png,1,yes,0,1,1.0,0,0,0.16519759595394135,0.8348023891448975,0.42607969227050574,0.5739203077294943,0.490429214447747,0.6653973040592136
hallusionbench_955_955,google/gemma-4-E4B-it,hallusionbench,hallusionbench:VD/figure/19_0.png,2,no,0,1,1.0,1,0,0.6653236746788025,0.33467623591423035,0.4958080784939184,0.5041919215060815,0.4335326973674497,0.8655781887819832
hallusionbench_957_957,google/gemma-4-E4B-it,hallusionbench,hallusionbench:VD/figure/19_1.png,1,no,1,0,1.0,0,0,0.0323578342795372,0.9676421880722046,0.05907454477031974,0.9409254552296802,0.13931061647403645,0.7200565051439074
hallusionbench_96_96,google/gemma-4-E4B-it,hallusionbench,hallusionbench:VS/chart/7_2.png,4,yes,0,1,1.0,0,0,0.2799126207828522,0.7200876474380493,0.20673766106277291,0.7932623389372272,0.4370961351227283,0.7750986331167548
hallusionbench_972_972,google/gemma-4-E4B-it,hallusionbench,hallusionbench:VD/video/1_2.png,3,yes,0,1,1.0,0,0,0.051081545650959015,0.9489184617996216,0.05202497461832092,0.9479750253816792,0.44959786189474565,0.5869861495443512
pope_random_102_random_102,google/gemma-4-E4B-it,pope,coco:000000131115,3,no,0,1,1.0,0,0,0.01118145789951086,0.9888184666633606,0.015612104367894354,0.9843878956321057,0.4906291048663458,0.6331324263088153
pope_random_1056_random_1056,google/gemma-4-E4B-it,pope,coco:000000303534,3,no,0,1,1.0,0,0,0.011395464651286602,0.9886045455932617,0.0042065824100500195,0.9957934175899499,0.46584766496679186,0.59670724584941
pope_random_1172_random_1172,google/gemma-4-E4B-it,pope,coco:000000513136,2,yes,1,0,1.0,0,0,0.07709599286317825,0.9229039549827576,0.09134868680969158,0.9086513131903083,0.37989657355280493,0.681322627766971
pope_random_1174_random_1174,google/gemma-4-E4B-it,pope,coco:000000513136,2,no,0,1,1.0,0,0,0.017827827483415604,0.9821721911430359,0.019777295593030802,0.9802227044069691,0.41262619248933824,0.6117628225852819
pope_random_1340_random_1340,google/gemma-4-E4B-it,pope,coco:000000120648,3,yes,1,0,1.0,0,0,0.058490995317697525,0.9415090084075928,0.03125901604477785,0.9687409839552221,0.4590432618593531,0.591854984860544
pope_random_1342_random_1342,google/gemma-4-E4B-it,pope,coco:000000120648,3,no,0,1,1.0,0,0,0.004533245228230953,0.9954667091369629,0.002069130544646942,0.997930869455353,0.49218300931633474,0.6372707637773696
pope_random_1343_random_1343,google/gemma-4-E4B-it,pope,coco:000000120648,3,yes,0,1,1.0,0,0,0.01703251525759697,0.9829674959182739,0.044459075766478735,0.9555409242335212,0.46774246033385597,0.5936295610080181
pope_random_1386_random_1386,google/gemma-4-E4B-it,pope,coco:000000123017,1,no,0,1,1.0,0,0,0.05132060497999191,0.9486793279647827,0.025012283771954018,0.974987716228046,0.48987636291194525,0.6594123227774366
pope_random_1412_random_1412,google/gemma-4-E4B-it,pope,coco:000000200583,4,yes,1,0,1.0,0,0,0.039335835725069046,0.9606641530990601,0.04783300775805751,0.9521669922419425,0.43509845529923424,0.796653832986776
pope_random_1414_random_1414,google/gemma-4-E4B-it,pope,coco:000000200583,4,no,0,1,1.0,0,0,0.0032602143473923206,0.9967398047447205,0.003765954711142487,0.9962340452888576,0.485871717574338,0.7926321584650409
pope_random_1710_random_1710,google/gemma-4-E4B-it,pope,coco:000000239773,4,no,0,1,1.0,0,0,0.0021757527720183134,0.9978243112564087,0.0014293937489238194,0.9985706062510762,0.46927510376439385,0.7958371860154336
pope_random_1832_random_1832,google/gemma-4-E4B-it,pope,coco:000000349936,3,no,0,1,1.0,0,0,0.0682268962264061,0.9317731261253357,0.11276572643668578,0.8872342735633142,0.4052735892818011,0.6365270539851287
pope_random_1902_random_1902,google/gemma-4-E4B-it,pope,coco:000000418680,3,no,0,1,1.0,0,0,0.03155925124883652,0.9684407711029053,0.029645464762593568,0.9703545352374064,0.49062747237718246,0.6302889539617432
pope_random_2044_random_2044,google/gemma-4-E4B-it,pope,coco:000000560064,4,no,0,1,1.0,0,0,0.024301620200276375,0.9756984114646912,0.016168094558219482,0.9838319054417806,0.4630911393547276,0.7975687874910007
pope_random_2230_random_2230,google/gemma-4-E4B-it,pope,coco:000000233521,0,no,0,1,1.0,0,0,0.0022245021536946297,0.9977754950523376,0.000794760401583282,0.9992052395984168,0.4708792042034925,0.5881947211583856
pope_random_2234_random_2234,google/gemma-4-E4B-it,pope,coco:000000355256,0,no,0,1,1.0,0,0,0.012907142750918865,0.9870928525924683,0.021295009018280766,0.9787049909817193,0.4714753799836271,0.6056798417203725
pope_random_2790_random_2790,google/gemma-4-E4B-it,pope,coco:000000514248,3,no,0,1,1.0,0,0,0.009483840316534042,0.9905161261558533,0.012615397654138136,0.9873846023458618,0.4922404546323603,0.6374169356331485
pope_random_2791_random_2791,google/gemma-4-E4B-it,pope,coco:000000514248,3,yes,0,1,1.0,0,0,0.2621605098247528,0.7378395795822144,0.315049838964502,0.6849501610354982,0.4458011982574197,0.590689526594076
pope_random_2836_random_2836,google/gemma-4-E4B-it,pope,coco:000000399702,0,no,0,1,1.0,0,0,0.012146860361099243,0.9878531694412231,0.011594905336761836,0.9884050946632382,0.4691425504323335,0.586640325675276
pope_random_302_random_302,google/gemma-4-E4B-it,pope,coco:000000515904,2,no,0,1,1.0,0,0,0.010874832049012184,0.98912513256073,0.0015938541290782156,0.9984061458709217,0.3853348801940889,0.5120708347235728
pope_random_576_random_576,google/gemma-4-E4B-it,pope,coco:000000287305,1,no,0,1,1.0,0,0,0.002159543801099062,0.997840404510498,0.0015413532987347308,0.9984586467012653,0.4431879187920241,0.6391121262982434
pope_random_802_random_802,google/gemma-4-E4B-it,pope,coco:000000147289,1,no,0,1,1.0,0,0,0.009485762566328049,0.9905142784118652,0.005323978138515492,0.9946760218614844,0.395144271153564,0.6272749135549891
pope_random_86_random_86,google/gemma-4-E4B-it,pope,coco:000000219622,3,no,0,1,1.0,0,0,0.004265325143933296,0.9957347512245178,0.005636938808635958,0.9943630611913641,0.49226921281390057,0.6373651698663904
pope_random_940_random_940,google/gemma-4-E4B-it,pope,coco:000000280734,1,no,0,1,1.0,0,0,0.32316020131111145,0.6768398284912109,0.1980823507535119,0.8019176492464881,0.3733519024588233,0.7189640657539015
pope_random_954_random_954,google/gemma-4-E4B-it,pope,coco:000000489728,0,no,0,1,1.0,0,0,0.010979369282722473,0.9890206456184387,0.004737418682367654,0.9952625813176323,0.4720405260748541,0.6069288717618749
vsr_109_109,google/gemma-4-E4B-it,vsr,coco:000000245576,1,false,1,0,1.0,0,0,0.11729872226715088,0.8827013969421387,0.06410616816735046,0.9358938318326495,0.19630294718809632,0.7892547969111333
vsr_122_122,google/gemma-4-E4B-it,vsr,coco:000000550019,3,false,0,1,1.0,0,0,0.013883219100534916,0.9861168265342712,0.004184037039477172,0.9958159629605229,0.3149469231234629,0.764304026537742
vsr_127_127,google/gemma-4-E4B-it,vsr,coco:000000268570,3,true,1,0,1.0,0,0,0.05663401633501053,0.9433660507202148,0.10206166826097535,0.8979383317390247,0.4327714385948975,0.6036932757824371
vsr_153_153,google/gemma-4-E4B-it,vsr,coco:000000127799,0,true,1,0,1.0,2,0,0.7303329110145569,0.2696669101715088,0.6001213149574649,0.3998786850425349,0.26757336771579965,0.5219898555583208
vsr_156_156,google/gemma-4-E4B-it,vsr,coco:000000007319,4,true,0,1,1.0,0,0,0.05692731589078903,0.9430726766586304,0.035801764125210744,0.9641982358747893,0.3800502522362535,0.8953888088759396
vsr_158_158,google/gemma-4-E4B-it,vsr,coco:000000258509,1,false,1,0,1.0,0,0,0.11161026358604431,0.8883897662162781,0.07503615091385593,0.924963849086144,0.19259149547275617,0.7843967498773908
vsr_163_163,google/gemma-4-E4B-it,vsr,coco:000000046905,4,true,1,0,1.0,1,0,0.6722919940948486,0.3277081251144409,0.43372512879035974,0.5662748712096406,0.4383403372029001,0.7879804847404321
vsr_165_165,google/gemma-4-E4B-it,vsr,coco:000000563805,2,false,0,1,1.0,0,0,0.006415044888854027,0.993584930896759,0.016699905719832195,0.9833000942801678,0.3910051704707193,0.5164612373607754
vsr_169_169,google/gemma-4-E4B-it,vsr,coco:000000473964,1,false,0,1,1.0,0,0,0.010279637761414051,0.9897204041481018,0.0029775405211087728,0.9970224594788912,0.39864846667530485,0.6278503639721529
vsr_173_173,google/gemma-4-E4B-it,vsr,coco:000000034524,1,false,1,0,1.0,2,0,0.5216554403305054,0.47834455966949463,0.5561334987293424,0.44386650127065747,0.42947055028755315,0.6428574340540645
vsr_195_195,google/gemma-4-E4B-it,vsr,coco:000000055468,2,false,0,1,1.0,0,0,0.002581775886937976,0.9974181652069092,0.001413572125184071,0.9985864278748158,0.39563915100802527,0.5199198502568952
vsr_208_208,google/gemma-4-E4B-it,vsr,coco:000000059501,0,false,1,0,1.0,0,0,0.05445608124136925,0.9455439448356628,0.051453206442154654,0.9485467935578454,0.19286683217377806,0.5306640080655246
vsr_213_213,google/gemma-4-E4B-it,vsr,coco:000000482994,4,false,1,0,1.0,0,0,0.01371424924582243,0.9862857460975647,0.003610640721357652,0.9963893592786423,0.37005927011178597,0.8278969602157178
vsr_236_236,google/gemma-4-E4B-it,vsr,coco:000000482841,4,false,0,1,1.0,0,0,0.045311298221349716,0.9546886682510376,0.037269605879175334,0.9627303941208246,0.463949567227958,0.7977693633152112
vsr_239_239,google/gemma-4-E4B-it,vsr,coco:000000420344,3,false,0,1,1.0,0,0,0.037810806185007095,0.9621891975402832,0.19408934764558172,0.8059106523544184,0.46758640798118095,0.5937884131409998
vsr_251_251,google/gemma-4-E4B-it,vsr,coco:000000068764,4,true,1,0,1.0,0,0,0.08649056404829025,0.9135094285011292,0.03616654467214342,0.9638334553278566,0.44084087453518034,0.727435698494542
vsr_258_258,google/gemma-4-E4B-it,vsr,coco:000000084448,0,false,1,0,1.0,0,0,0.0568731352686882,0.9431268572807312,0.035544412349508864,0.964455587650491,0.47048160329103,0.5889568152225495
vsr_2_2,google/gemma-4-E4B-it,vsr,coco:000000470862,2,false,1,0,1.0,0,0,0.01725209690630436,0.9827478528022766,0.001692014436363617,0.9983079855636363,0.3559840398145712,0.5519077860816718
vsr_305_305,google/gemma-4-E4B-it,vsr,coco:000000292365,2,false,0,1,1.0,0,0,0.018103102222085,0.9818969964981079,0.006948994920093915,0.9930510050799062,0.3836453945684491,0.5116947534738466
vsr_327_327,google/gemma-4-E4B-it,vsr,coco:000000040937,3,false,1,0,1.0,0,0,0.21932168304920197,0.7806782722473145,0.20187302438547516,0.798126975614525,0.4286163920673166,0.6448751703898167
vsr_328_328,google/gemma-4-E4B-it,vsr,coco:000000003474,2,false,0,1,1.0,0,0,0.01931261457502842,0.9806874394416809,0.001759750932294781,0.9982402490677051,0.37973794059653976,0.510845496349401
vsr_37_37,google/gemma-4-E4B-it,vsr,coco:000000461775,2,false,0,1,1.0,0,0,0.11415442824363708,0.8858455419540405,0.32077369603618866,0.6792263039638113,0.4597548722627584,0.8719312855597113
vsr_43_43,google/gemma-4-E4B-it,vsr,coco:000000126810,3,false,1,0,1.0,0,0,0.02592439204454422,0.9740756750106812,0.05661830696351294,0.9433816930364871,0.2825205684343964,0.4801930907739871
vsr_48_48,google/gemma-4-E4B-it,vsr,coco:000000373623,3,false,1,0,1.0,0,0,0.08912259340286255,0.9108774065971375,0.11964624519092248,0.8803537548090776,0.2750338494712748,0.5388728683302997
vsr_61_61,google/gemma-4-E4B-it,vsr,coco:000000282221,2,false,0,1,1.0,2,1,0.6350985765457153,0.3649016320705414,0.92986005845659,0.07013994154340995,0.47351552510390565,0.6288997973997956
vsr_75_75,google/gemma-4-E4B-it,vsr,coco:000000061389,4,false,0,1,1.0,0,0,0.143584743142128,0.8564152717590332,0.2476149216242693,0.7523850783757311,0.4672740947370094,0.7967704508336569
vsr_80_80,google/gemma-4-E4B-it,vsr,coco:000000108639,4,false,1,0,1.0,2,0,0.9513658285140991,0.04863426089286804,0.8803252630754115,0.11967473692458858,0.2097315209611352,0.7001910419430825
vsr_81_81,google/gemma-4-E4B-it,vsr,coco:000000318723,1,false,0,1,1.0,0,0,0.03883146867156029,0.9611685276031494,0.021440761134495872,0.9785592388655041,0.41039836472467117,0.6326212193268773
vsr_89_89,google/gemma-4-E4B-it,vsr,coco:000000566743,4,false,0,1,1.0,0,0,0.10963132232427597,0.8903687000274658,0.26240517807195185,0.7375948219280483,0.4664801817115528,0.8008995226671342
vsr_90_90,google/gemma-4-E4B-it,vsr,coco:000000486501,4,false,0,1,1.0,0,0,0.40333080291748047,0.5966692566871643,0.16961971118000943,0.8303802888199908,0.28379624145980764,0.7142735796526141
hallusionbench_729_729,google/gemma-4-E4B-it,hallusionbench,hallusionbench:VD/math/7_1.png,2,yes,1,0,1.0,0,0,0.007056647911667824,0.9929433465003967,0.0015608529289845333,0.9984391470710154,0.39071680872481745,0.7845233172711049
hallusionbench_1088_1088,google/gemma-4-E4B-it,hallusionbench,hallusionbench:VD/video/14_2.png,0,yes,0,1,1.0,0,0,0.06508956849575043,0.9349104166030884,0.0703309820878156,0.9296690179121844,0.2897117408466428,0.533117486009083
hallusionbench_1099_1099,google/gemma-4-E4B-it,hallusionbench,hallusionbench:VD/video/17_0.png,0,yes,1,0,1.0,2,0,0.7369787693023682,0.2630212604999542,0.6038938348048664,0.3961061651951334,0.29399192529403334,0.5236787176344923
hallusionbench_1116_1116,google/gemma-4-E4B-it,hallusionbench,hallusionbench:VD/video/18_2.png,3,yes,0,1,1.0,2,1,0.8849953413009644,0.11500471830368042,0.7901650619584293,0.20983493804157075,0.4636250016218572,0.5929670428412416
hallusionbench_1123_1123,google/gemma-4-E4B-it,hallusionbench,hallusionbench:VD/video/19_1.png,2,yes,0,1,1.0,0,0,0.09003975242376328,0.9099602699279785,0.14085168886952082,0.8591483111304793,0.4256958672652528,0.6115927903007139
hallusionbench_166_166,google/gemma-4-E4B-it,hallusionbench,hallusionbench:VS/chart/15_2.png,1,no,1,0,1.0,0,0,0.2365039885044098,0.7634961009025574,0.0750735313020125,0.9249264686979874,0.14752300226772566,0.7152389440403452
hallusionbench_184_184,google/gemma-4-E4B-it,hallusionbench,hallusionbench:VS/chart/18_1.png,2,no,0,1,1.0,0,0,0.05850740149617195,0.94149249792099,0.020563197866633107,0.9794368021333668,0.414113112896135,0.5479437269795503
hallusionbench_185_185,google/gemma-4-E4B-it,hallusionbench,hallusionbench:VS/chart/18_1.png,2,yes,1,0,1.0,2,0,0.9106165766716003,0.08938339352607727,0.9282983796502216,0.07170162034977846,0.31194294975890946,0.6809612435845809
hallusionbench_198_198,google/gemma-4-E4B-it,hallusionbench,hallusionbench:VS/chart/20_2.png,4,no,1,0,1.0,0,0,0.014251001179218292,0.9857490658760071,0.019619931080520413,0.9803800689194796,0.4392405121552118,0.8349836963651198
hallusionbench_263_263,google/gemma-4-E4B-it,hallusionbench,hallusionbench:VS/table/5_1.png,1,no,0,1,1.0,0,0,0.0038586300797760487,0.9961413741111755,0.0005842401490567794,0.9994157598509431,0.41957006883777875,0.6349465361226129
hallusionbench_377_377,google/gemma-4-E4B-it,hallusionbench,hallusionbench:VS/map/1_1.png,4,yes,1,0,1.0,2,0,0.7695717811584473,0.23042818903923035,0.8720304753878493,0.1279695246121509,0.3746667905448579,0.9054279364759419
hallusionbench_510_510,google/gemma-4-E4B-it,hallusionbench,hallusionbench:VS/ocr/8_1.png,4,no,0,1,1.0,1,0,0.5447058081626892,0.45529410243034363,0.449358416055972,0.5506415839440283,0.38563368305787565,0.9060674272210206
hallusionbench_511_511,google/gemma-4-E4B-it,hallusionbench,hallusionbench:VS/ocr/8_1.png,4,yes,1,0,1.0,0,0,0.10605502128601074,0.8939448595046997,0.06745837815203086,0.9325416218479691,0.43940855421363234,0.7312989825755729
hallusionbench_524_524,google/gemma-4-E4B-it,hallusionbench,hallusionbench:VS/ocr/10_2.png,3,no,1,0,1.0,0,0,0.05673474073410034,0.9432652592658997,0.1861857042662526,0.8138142957337475,0.4518492435713769,0.640728537694658
hallusionbench_561_561,google/gemma-4-E4B-it,hallusionbench,hallusionbench:VD/illusion/3_1.png,0,no,0,1,1.0,0,0,0.04831025004386902,0.9516897201538086,0.11797510831849728,0.8820248916815027,0.42889302288932324,0.6067109266748366
hallusionbench_575_575,google/gemma-4-E4B-it,hallusionbench,hallusionbench:VD/illusion/7_1.png,0,yes,1,0,1.0,2,0,0.521787166595459,0.4782126247882843,0.6113355258738941,0.3886644741261058,0.2447430226918098,0.5209032953119686
hallusionbench_587_587,google/gemma-4-E4B-it,hallusionbench,hallusionbench:VD/illusion/10_0.png,3,yes,0,1,1.0,0,0,0.12872619926929474,0.8712737560272217,0.19629643709744254,0.8037035629025576,0.41181933690930567,0.6189703477332904
hallusionbench_589_589,google/gemma-4-E4B-it,hallusionbench,hallusionbench:VD/illusion/10_1.png,2,yes,1,0,1.0,0,0,0.010826493613421917,0.9891735315322876,0.015811345455876896,0.984188654544123,0.41220190000348117,0.6751861616199333
hallusionbench_678_678,google/gemma-4-E4B-it,hallusionbench,hallusionbench:VD/illusion/30_0.png,1,yes,1,0,1.0,0,0,0.05936124920845032,0.9406386613845825,0.02729983882929604,0.9727001611707039,0.4529706767692309,0.7153786675976127
hallusionbench_723_723,google/gemma-4-E4B-it,hallusionbench,hallusionbench:VD/math/6_1.png,2,no,0,1,1.0,0,0,0.008466492407023907,0.9915334582328796,0.01287288104359069,0.9871271189564094,0.3894667465140126,0.5152647369427727
hallusionbench_727_727,google/gemma-4-E4B-it,hallusionbench,hallusionbench:VD/math/7_1.png,2,yes,0,1,1.0,0,0,0.041773535311222076,0.9582263827323914,0.11291285369092714,0.8870871463090728,0.41900243267119536,0.5891629403205906
hallusionbench_745_745,google/gemma-4-E4B-it,hallusionbench,hallusionbench:VD/math/10_1.png,0,yes,0,1,1.0,2,1,0.7415772676467896,0.25842270255088806,0.7274486121869598,0.2725513878130401,0.23424301133742476,0.5159986268392714
hallusionbench_755_755,google/gemma-4-E4B-it,hallusionbench,hallusionbench:VD/math/12_0.png,0,no,1,0,1.0,2,0,0.5881322026252747,0.4118676781654358,0.621616654183407,0.37838334581659283,0.24954522204510518,0.5199060240135607
hallusionbench_766_766,google/gemma-4-E4B-it,hallusionbench,hallusionbench:VD/math/14_0.png,0,no,1,0,1.0,2,0,0.8878876566886902,0.11211232095956802,0.6685951243841636,0.33140487561583626,0.1866630770192188,0.6162110229557687
hallusionbench_783_783,google/gemma-4-E4B-it,hallusionbench,hallusionbench:VD/math/16_1.png,4,yes,0,1,1.0,0,0,0.10846421867609024,0.891535758972168,0.1394473980010954,0.8605526019989047,0.43976664156593714,0.7426852323076727
hallusionbench_794_794,google/gemma-4-E4B-it,hallusionbench,hallusionbench:VD/ocr/1_0.png,4,yes,1,0,1.0,0,0,0.023242324590682983,0.9767577052116394,0.03105809506150026,0.9689419049384999,0.44810050447904043,0.7414741974059209
hallusionbench_80_80,google/gemma-4-E4B-it,hallusionbench,hallusionbench:VS/chart/6_1.png,4,no,0,1,1.0,0,0,0.06390376389026642,0.9360963106155396,0.12720370815115004,0.8727962918488501,0.23583521392156787,0.6913914744157184
hallusionbench_810_810,google/gemma-4-E4B-it,hallusionbench,hallusionbench:VD/ocr/3_2.png,1,no,1,0,1.0,0,0,0.020301800221204758,0.9796981811523438,0.006679059991401892,0.9933209400085982,0.3960935532811694,0.627721112996157
hallusionbench_817_817,google/gemma-4-E4B-it,hallusionbench,hallusionbench:VD/ocr/5_1.png,2,no,1,0,1.0,0,0,0.3309684693813324,0.66903156042099,0.15612205002964527,0.8438779499703547,0.4106488980850467,0.8576384949440471
hallusionbench_818_818,google/gemma-4-E4B-it,hallusionbench,hallusionbench:VD/ocr/5_1.png,2,no,0,1,1.0,0,0,0.04116903617978096,0.9588309526443481,0.11089746021818975,0.8891025397818102,0.38804670787985807,0.5142320639786467
hallusionbench_869_869,google/gemma-4-E4B-it,hallusionbench,hallusionbench:VD/ocr/18_1.png,0,no,1,0,1.0,0,0,0.1330150067806244,0.866985023021698,0.08973423315796342,0.9102657668420366,0.38705314808164126,0.6508936460489839
hallusionbench_876_876,google/gemma-4-E4B-it,hallusionbench,hallusionbench:VD/ocr/20_0.png,4,no,1,0,1.0,0,0,0.052722685039043427,0.9472772479057312,0.08789284145504782,0.9121071585449524,0.47396864568877495,0.7974479727560163
hallusionbench_878_878,google/gemma-4-E4B-it,hallusionbench,hallusionbench:VD/ocr/20_1.png,0,no,0,1,1.0,0,0,0.0445014126598835,0.9554985165596008,0.032052715589888724,0.9679472844101112,0.4755013483548059,0.5753239994061763
hallusionbench_890_890,google/gemma-4-E4B-it,hallusionbench,hallusionbench:VD/figure/3_0.png,0,yes,0,1,1.0,1,0,0.7555373311042786,0.2444627434015274,0.4042321019354064,0.5957678980645934,0.27907662515954224,0.5209308908562309
hallusionbench_927_927,google/gemma-4-E4B-it,hallusionbench,hallusionbench:VD/figure/12_0.png,0,yes,1,0,1.0,0,0,0.0645180493593216,0.9354819655418396,0.05117186954269868,0.9488281304573013,0.18467727681620696,0.615579296392388
hallusionbench_935_935,google/gemma-4-E4B-it,hallusionbench,hallusionbench:VD/figure/14_0.png,1,no,0,1,1.0,0,0,0.016570977866649628,0.9834290146827698,0.04834213641805849,0.9516578635819415,0.3984157008933079,0.6274701582479899
hallusionbench_941_941,google/gemma-4-E4B-it,hallusionbench,hallusionbench:VD/figure/15_1.png,3,no,1,0,1.0,0,0,0.11604093015193939,0.8839589953422546,0.06305191159057502,0.936948088409425,0.2899876451691564,0.47290144374313325
hallusionbench_954_954,google/gemma-4-E4B-it,hallusionbench,hallusionbench:VD/figure/18_1.png,1,no,0,1,1.0,0,0,0.003322191070765257,0.9966778755187988,0.006034345261394156,0.9939656547386059,0.39211810271095326,0.62738450956437
hallusionbench_970_970,google/gemma-4-E4B-it,hallusionbench,hallusionbench:VD/video/1_2.png,3,no,1,0,1.0,0,0,0.06611090153455734,0.9338890314102173,0.08746358459643801,0.9125364154035621,0.4899912172050512,0.6305806336613454
hallusionbench_971_971,google/gemma-4-E4B-it,hallusionbench,hallusionbench:VD/video/1_2.png,3,yes,0,1,1.0,1,0,0.6601167321205139,0.3398831784725189,0.4369292391208193,0.563070760879181,0.42544917061137977,0.5891552653136027
hallusionbench_97_97,google/gemma-4-E4B-it,hallusionbench,hallusionbench:VS/chart/7_2.png,4,yes,1,0,1.0,2,0,0.7695717811584473,0.23042818903923035,0.9082549320499355,0.09174506795006457,0.31845081550948134,0.9285140842568058
pope_random_106_random_106,google/gemma-4-E4B-it,pope,coco:000000131115,3,no,0,1,1.0,0,0,0.02188815176486969,0.9781118631362915,0.05634157084796827,0.9436584291520318,0.4888722412011674,0.6343080756640798
pope_random_1330_random_1330,google/gemma-4-E4B-it,pope,coco:000000287035,0,no,0,1,1.0,0,0,0.003870100248605013,0.9961298704147339,0.014589876189793237,0.9854101238102069,0.3584738089086223,0.7230289610460248
pope_random_1344_random_1344,google/gemma-4-E4B-it,pope,coco:000000186709,1,yes,1,0,1.0,0,0,0.00945793092250824,0.9905421137809753,0.007443902448831161,0.9925560975511688,0.41366244667517926,0.6842805534781334
pope_random_14_random_14,google/gemma-4-E4B-it,pope,coco:000000429109,2,no,0,1,1.0,0,0,0.0017977777170017362,0.9982022047042847,0.000905844061942229,0.9990941559380578,0.38620482996937316,0.512690425586047
pope_random_1586_random_1586,google/gemma-4-E4B-it,pope,coco:000000198312,1,no,0,1,1.0,0,0,0.007469027303159237,0.9925310015678406,0.0029208240775453905,0.9970791759224545,0.392554789080295,0.6277570373967096
pope_random_1588_random_1588,google/gemma-4-E4B-it,pope,coco:000000198312,1,no,0,1,1.0,0,0,0.011155868880450726,0.9888441562652588,0.00950563209448564,0.9904943679055145,0.44848360012987837,0.6507545694924337
pope_random_1658_random_1658,google/gemma-4-E4B-it,pope,coco:000000442809,2,no,0,1,1.0,0,0,0.0006336901569738984,0.9993663430213928,0.0007151035240843725,0.9992848964759156,0.39464448523202833,0.53127918732129
pope_random_188_random_188,google/gemma-4-E4B-it,pope,coco:000000063953,3,no,0,1,1.0,0,0,0.008823718875646591,0.9911762475967407,0.013863249154727053,0.986136750845273,0.49205760972459234,0.6368449890570739
pope_random_218_random_218,google/gemma-4-E4B-it,pope,coco:000000498759,4,no,0,1,1.0,0,0,0.1327238231897354,0.8672762513160706,0.12956426759429454,0.8704357324057056,0.4657092074913578,0.798485842179203
pope_random_2650_random_2650,google/gemma-4-E4B-it,pope,coco:000000429580,2,no,0,1,1.0,0,0,0.022795412689447403,0.9772046208381653,0.010739425076191229,0.9892605749238088,0.3861421440358069,0.5126167595398945
pope_random_2688_random_2688,google/gemma-4-E4B-it,pope,coco:000000265472,1,no,0,1,1.0,0,0,0.003322191070765257,0.9966778755187988,0.0015547935013120082,0.9984452064986881,0.39185618541561745,0.6273923684497602
pope_random_2692_random_2692,google/gemma-4-E4B-it,pope,coco:000000265472,1,yes,1,0,1.0,0,0,0.005369297228753567,0.9946306943893433,0.0004216849044291193,0.9995783150955708,0.44004970052070636,0.6508017376625677
pope_random_2904_random_2904,google/gemma-4-E4B-it,pope,coco:000000141278,4,no,0,1,1.0,0,0,0.1717502921819687,0.8282496929168701,0.24000291749492209,0.7599970825050781,0.4462213477045462,0.7401756079197365
pope_random_386_random_386,google/gemma-4-E4B-it,pope,coco:000000350898,1,no,0,1,1.0,0,0,0.2917090952396393,0.7082908749580383,0.19815393576218118,0.8018460642378189,0.33789166197575615,0.7677756671350092
pope_random_478_random_478,google/gemma-4-E4B-it,pope,coco:000000332025,3,yes,1,0,1.0,2,0,0.7828533053398132,0.21714664995670319,0.7927389167355123,0.20726108326448775,0.393384949846285,0.6316625905018481
pope_random_704_random_704,google/gemma-4-E4B-it,pope,coco:000000032610,4,no,0,1,1.0,0,0,0.0016683452995494008,0.998331606388092,0.0008790189583388113,0.9991209810416612,0.4861782073861799,0.7925496270415017
pope_random_800_random_800,google/gemma-4-E4B-it,pope,coco:000000147289,1,no,0,1,1.0,0,0,0.0035483944229781628,0.9964516162872314,0.01021734321782426,0.9897826567821757,0.37386735900197987,0.6994955399831672
pope_random_88_random_88,google/gemma-4-E4B-it,pope,coco:000000219622,3,no,0,1,1.0,0,0,0.03444887697696686,0.9655511379241943,0.02725517112620632,0.9727448288737937,0.4272340992027509,0.6198475806414767
pope_random_938_random_938,google/gemma-4-E4B-it,pope,coco:000000280734,1,no,0,1,1.0,0,0,0.21373103559017181,0.7862690091133118,0.31780277798775175,0.6821972220122482,0.3918699815665264,0.6995233461110382
pope_random_958_random_958,google/gemma-4-E4B-it,pope,coco:000000489728,0,no,0,1,1.0,0,0,0.014364318922162056,0.9856356382369995,0.014455144230650021,0.98554485576935,0.4445124742787173,0.5612321275705692
vsr_100_100,google/gemma-4-E4B-it,vsr,coco:000000402590,3,false,0,1,1.0,0,0,0.043805573135614395,0.9561944603919983,0.2017176328292661,0.7982823671707341,0.4604976245842292,0.6354875257387688
vsr_125_125,google/gemma-4-E4B-it,vsr,coco:000000112553,1,false,1,0,1.0,0,0,0.15429723262786865,0.8457027077674866,0.44015832536653027,0.5598416746334697,0.44482712145469744,0.6615095175823972
vsr_177_177,google/gemma-4-E4B-it,vsr,coco:000000355462,2,true,1,0,1.0,1,0,0.19262973964214325,0.8073701858520508,0.6796354730021086,0.32036452699789136,0.43596570505970733,0.6574932250457225
vsr_202_202,google/gemma-4-E4B-it,vsr,coco:000000137514,4,false,0,1,1.0,0,0,0.44207316637039185,0.5579269528388977,0.19347979032399254,0.8065202096760077,0.2856496935864455,0.715894034204631
vsr_206_206,google/gemma-4-E4B-it,vsr,coco:000000113412,1,false,1,0,1.0,0,0,0.004892943426966667,0.9951070547103882,0.0020059051921792635,0.9979940948078206,0.3938693142825086,0.6275263845275738
vsr_20_20,google/gemma-4-E4B-it,vsr,coco:000000210276,3,false,0,1,1.0,0,0,0.05355130881071091,0.9464486241340637,0.1669275290383433,0.8330724709616568,0.48997783086801266,0.6281527719099074
vsr_214_214,google/gemma-4-E4B-it,vsr,coco:000000433110,2,false,0,1,1.0,0,0,0.01309556607156992,0.9869044423103333,0.0054958227162104885,0.9945041772837895,0.37272734637225985,0.5237469466667802
vsr_219_219,google/gemma-4-E4B-it,vsr,coco:000000575911,4,false,0,1,1.0,0,0,0.001527254469692707,0.9984727501869202,0.0003956913861328871,0.9996043086138671,0.4902821782464392,0.805449082532681
vsr_21_21,google/gemma-4-E4B-it,vsr,coco:000000248133,0,false,1,0,1.0,0,0,0.008304504677653313,0.9916954636573792,0.0021237935968621466,0.9978762064031378,0.4718481060100625,0.5989652450478058
vsr_235_235,google/gemma-4-E4B-it,vsr,coco:000000530730,2,false,1,0,1.0,0,0,0.01259597484022379,0.9874039888381958,0.023574531012847157,0.9764254689871529,0.3956718761180041,0.519665988550738
vsr_247_247,google/gemma-4-E4B-it,vsr,coco:000000202186,0,false,1,0,1.0,0,0,0.06812882423400879,0.9318711161613464,0.03748019308410588,0.962519806915894,0.4711569108685915,0.5853220761654928
vsr_24_24,google/gemma-4-E4B-it,vsr,coco:000000040069,2,true,0,1,1.0,0,0,0.0401797741651535,0.9598202109336853,0.09791984378677152,0.9020801562132286,0.41293901391248466,0.543124850513134
vsr_255_255,google/gemma-4-E4B-it,vsr,coco:000000046905,4,true,1,0,1.0,1,0,0.7151278257369995,0.2848722040653229,0.48829770042334075,0.5117022995766595,0.38645066378983745,0.8590456807949444
vsr_256_256,google/gemma-4-E4B-it,vsr,coco:000000577928,0,false,1,0,1.0,2,0,0.9272643327713013,0.07273560017347336,0.8119437027257849,0.18805629727421494,0.14902539671867607,0.502121527527156
vsr_259_259,google/gemma-4-E4B-it,vsr,coco:000000500792,3,true,0,1,1.0,0,0,0.41074463725090027,0.5892553925514221,0.29418554664159635,0.7058144533584038,0.38133944857373825,0.6635794921106258
vsr_261_261,google/gemma-4-E4B-it,vsr,coco:000000375760,1,false,0,1,1.0,0,0,0.01674146205186844,0.9832584857940674,0.010234726776168789,0.9897652732238311,0.4100732583007299,0.6317920908639749
vsr_26_26,google/gemma-4-E4B-it,vsr,coco:000000266083,2,false,0,1,1.0,0,0,0.29380175471305847,0.7061980366706848,0.327588797682604,0.6724112023173959,0.42269066986358866,0.5887650988234329
vsr_271_271,google/gemma-4-E4B-it,vsr,coco:000000432468,4,false,0,1,1.0,0,0,0.0037251722533255816,0.9962748289108276,0.01447428115807248,0.9855257188419276,0.46846284287428686,0.7956877887075464
vsr_277_277,google/gemma-4-E4B-it,vsr,coco:000000548219,3,false,0,1,1.0,0,0,0.09344333410263062,0.9065566658973694,0.116467571863347,0.8835324281366531,0.4906757432474715,0.6319418077242034
vsr_281_281,google/gemma-4-E4B-it,vsr,coco:000000169200,1,false,1,0,1.0,0,0,0.026326509192585945,0.9736734628677368,0.0342728172666205,0.9657271827333794,0.13709061286949137,0.7078137055703276
vsr_31_31,google/gemma-4-E4B-it,vsr,coco:000000007319,4,true,0,1,1.0,0,0,0.12552449107170105,0.8744756579399109,0.21547940059658857,0.7845205994034118,0.40674179473975625,0.8452011993009216
vsr_324_324,google/gemma-4-E4B-it,vsr,coco:000000163738,1,false,0,1,1.0,0,0,0.007469027303159237,0.9925310015678406,0.0013983718071078237,0.9986016281928921,0.3935494930019932,0.6278334222597727
vsr_32_32,google/gemma-4-E4B-it,vsr,coco:000000127477,3,false,1,0,1.0,0,0,0.12242496013641357,0.8775750398635864,0.09391706065782991,0.9060829393421701,0.46357374201489415,0.5953642593820592
vsr_339_339,google/gemma-4-E4B-it,vsr,coco:000000520389,3,false,0,1,1.0,0,0,0.05859357491135597,0.9414064288139343,0.015171257129999439,0.9848287428700004,0.4104632351181225,0.6762849366655055
vsr_63_63,google/gemma-4-E4B-it,vsr,coco:000000484173,0,false,0,1,1.0,0,0,0.01052713394165039,0.9894729256629944,0.01074493224538599,0.989255067754614,0.47027413768516196,0.5986768023646366
vsr_70_70,google/gemma-4-E4B-it,vsr,coco:000000471064,3,false,0,1,1.0,0,0,0.007457349449396133,0.9925426244735718,0.0007687893397722972,0.9992312106602277,0.4901220924243346,0.6348288044356347
vsr_86_86,google/gemma-4-E4B-it,vsr,coco:000000475108,0,true,0,1,1.0,0,0,0.09765958040952682,0.9023403525352478,0.0714399258633472,0.9285600741366529,0.34201743334806106,0.5440156238355406
vsr_88_88,google/gemma-4-E4B-it,vsr,coco:000000209718,0,false,0,1,1.0,0,0,0.01271122507750988,0.9872888326644897,0.005000090742846243,0.9949999092571538,0.47181570247407234,0.6007156595509658
vsr_95_95,google/gemma-4-E4B-it,vsr,coco:000000137514,4,false,1,0,1.0,0,0,0.2593134045600891,0.7406866550445557,0.17542049715056776,0.8245795028494325,0.4430295718656821,0.732650024881091
hallusionbench_107_107,Qwen/Qwen3-VL-8B-Instruct,hallusionbench,hallusionbench:VS/chart/8_2.png,3,no,0,1,1.0,0,0,0.006968631409108639,0.99303138256073,0.0017568255118531433,0.9982431744881469,0.3678285258533441,0.7389680398350326
hallusionbench_1101_1101,Qwen/Qwen3-VL-8B-Instruct,hallusionbench,hallusionbench:VD/video/17_1.png,4,no,0,1,1.0,0,0,0.03670310229063034,0.9632968902587891,0.00861025471529449,0.9913897452847055,0.14528864300236907,0.5957135468766172
hallusionbench_1121_1121,Qwen/Qwen3-VL-8B-Instruct,hallusionbench,hallusionbench:VD/video/19_1.png,2,no,1,0,1.0,0,0,0.12470956891775131,0.8752904534339905,0.10562487702647902,0.894375122973521,0.38046735962356837,0.6935639658075061
hallusionbench_1122_1122,Qwen/Qwen3-VL-8B-Instruct,hallusionbench,hallusionbench:VD/video/19_1.png,2,no,0,1,1.0,2,1,0.8703674674034119,0.12963247299194336,0.836133005207856,0.16386699479214392,0.30931613321409585,0.6852324299265203
hallusionbench_129_129,Qwen/Qwen3-VL-8B-Instruct,hallusionbench,hallusionbench:VS/chart/10_2.png,4,yes,0,1,1.0,0,0,0.002282307017594576,0.9977177381515503,0.0005668058668506512,0.9994331941331493,0.47314349799918387,0.80021745701941
hallusionbench_136_136,Qwen/Qwen3-VL-8B-Instruct,hallusionbench,hallusionbench:VS/chart/11_1.png,0,no,1,0,1.0,0,0,0.18896622955799103,0.8110336661338806,0.2079527320426006,0.7920472679573992,0.32560086273144184,0.5416980196638371
hallusionbench_158_158,Qwen/Qwen3-VL-8B-Instruct,hallusionbench,hallusionbench:VS/chart/14_2.png,4,yes,0,1,1.0,0,0,0.2448994666337967,0.7551005482673645,0.2744543273554944,0.7255456726445059,0.4826792006692414,0.7955100693925484
hallusionbench_433_433,Qwen/Qwen3-VL-8B-Instruct,hallusionbench,hallusionbench:VS/map/7_1.png,3,no,1,0,1.0,0,0,0.038145262748003006,0.9618548154830933,0.057493877215406324,0.9425061227845938,0.3916411419581026,0.7198685502843579
hallusionbench_465_465,Qwen/Qwen3-VL-8B-Instruct,hallusionbench,hallusionbench:VS/ocr/1_2.png,0,no,1,0,1.0,1,0,0.6029565334320068,0.3970434367656708,0.24710654220401837,0.7528934577959815,0.11973470875406476,0.5196592652042317
hallusionbench_471_471,Qwen/Qwen3-VL-8B-Instruct,hallusionbench,hallusionbench:VS/ocr/2_1.png,4,yes,0,1,1.0,0,0,0.1140977144241333,0.8859022855758667,0.07960610798740309,0.920393892012597,0.451582859355769,0.8750278270887399
hallusionbench_487_487,Qwen/Qwen3-VL-8B-Instruct,hallusionbench,hallusionbench:VS/ocr/4_1.png,0,yes,1,0,1.0,0,0,0.09066801518201828,0.9093319177627563,0.10970485731972693,0.890295142680273,0.16971947922937727,0.5156338619499012
hallusionbench_511_511,Qwen/Qwen3-VL-8B-Instruct,hallusionbench,hallusionbench:VS/ocr/8_1.png,4,no,0,1,1.0,1,0,0.43270134925842285,0.5672987699508667,0.6623653235171064,0.3376346764828939,0.4154330420515034,0.800648824854996
hallusionbench_516_516,Qwen/Qwen3-VL-8B-Instruct,hallusionbench,hallusionbench:VS/ocr/9_1.png,0,no,0,1,1.0,0,0,0.00364695698954165,0.996353030204773,0.006349336843228342,0.9936506631567716,0.4722020717980188,0.6061425274932725
hallusionbench_517_517,Qwen/Qwen3-VL-8B-Instruct,hallusionbench,hallusionbench:VS/ocr/9_1.png,0,no,0,1,1.0,0,0,0.043833523988723755,0.9561664462089539,0.36743749642672163,0.6325625035732781,0.490253805966267,0.6178027517309974
hallusionbench_539_539,Qwen/Qwen3-VL-8B-Instruct,hallusionbench,hallusionbench:VD/illusion/0_0.png,2,yes,0,1,1.0,2,1,0.7159825563430786,0.284017413854599,0.7543077711176647,0.2456922288823354,0.27799458592264314,0.6844134302540895
hallusionbench_618_618,Qwen/Qwen3-VL-8B-Instruct,hallusionbench,hallusionbench:VD/illusion/17_1.png,2,yes,0,1,1.0,0,0,0.027414433658123016,0.9725855588912964,0.005452328185076893,0.9945476718149231,0.3716448577674733,0.5245366754153586
hallusionbench_755_755,Qwen/Qwen3-VL-8B-Instruct,hallusionbench,hallusionbench:VD/math/12_0.png,0,no,1,0,1.0,0,0,0.1571759134531021,0.8428239226341248,0.17706064309539798,0.822939356904602,0.33902506459095855,0.5423837710126681
hallusionbench_756_756,Qwen/Qwen3-VL-8B-Instruct,hallusionbench,hallusionbench:VD/math/12_0.png,0,no,1,0,1.0,0,0,0.3245061933994293,0.6754937767982483,0.4185941259219987,0.581405874078001,0.32270932287030424,0.5296926816215692
hallusionbench_783_783,Qwen/Qwen3-VL-8B-Instruct,hallusionbench,hallusionbench:VD/math/16_1.png,4,no,1,0,1.0,0,0,0.3175058960914612,0.6824942827224731,0.11461565243380234,0.8853843475661979,0.435843384681185,0.7841783616139523
hallusionbench_805_805,Qwen/Qwen3-VL-8B-Instruct,hallusionbench,hallusionbench:VD/ocr/3_1.png,1,yes,1,0,1.0,0,0,0.026319483295083046,0.9736804962158203,0.04819362520863618,0.9518063747913638,0.42618290777326967,0.6740279972030673
hallusionbench_816_816,Qwen/Qwen3-VL-8B-Instruct,hallusionbench,hallusionbench:VD/ocr/5_0.png,0,yes,0,1,1.0,0,0,0.01173500157892704,0.9882650375366211,0.010224027782365691,0.9897759722176344,0.5026598847701772,0.6487310072380746
hallusionbench_832_832,Qwen/Qwen3-VL-8B-Instruct,hallusionbench,hallusionbench:VD/ocr/9_0.png,1,yes,0,1,1.0,0,0,0.0035483944229781628,0.9964516162872314,0.005357367317041232,0.9946426326829588,0.37441041774408534,0.6989888878269284
hallusionbench_857_857,Qwen/Qwen3-VL-8B-Instruct,hallusionbench,hallusionbench:VD/ocr/15_1.png,3,no,0,1,1.0,0,0,0.013543694280087948,0.9864562749862671,0.03215402802371551,0.9678459719762845,0.4858223074660611,0.6352732817829383
hallusionbench_946_946,Qwen/Qwen3-VL-8B-Instruct,hallusionbench,hallusionbench:VD/figure/16_1.png,1,no,0,1,1.0,0,0,0.01201352383941412,0.9879865050315857,0.028375235372594097,0.9716247646274058,0.4259185215519788,0.6786787822215484
hallusionbench_953_953,Qwen/Qwen3-VL-8B-Instruct,hallusionbench,hallusionbench:VD/figure/18_1.png,1,yes,0,1,1.0,0,0,0.021941201761364937,0.9780588150024414,0.0031703302029154317,0.9968296697970846,0.4072133335292069,0.6307894011225786
hallusionbench_954_954,Qwen/Qwen3-VL-8B-Instruct,hallusionbench,hallusionbench:VD/figure/18_1.png,1,no,0,1,1.0,0,0,0.007120171096175909,0.9928798079490662,0.05072443821308085,0.9492755617869191,0.3952324279884411,0.6288338579490657
hallusionbench_96_96,Qwen/Qwen3-VL-8B-Instruct,hallusionbench,hallusionbench:VS/chart/7_2.png,4,yes,0,1,1.0,0,0,0.0033550632651895285,0.996644914150238,0.0010689178858040917,0.9989310821141958,0.46751911428798976,0.7949603331432709
hallusionbench_97_97,Qwen/Qwen3-VL-8B-Instruct,hallusionbench,hallusionbench:VS/chart/7_2.png,4,no,0,1,1.0,0,0,0.0047486103139817715,0.9952514171600342,0.008049461641479036,0.9919505383585209,0.3258767494820061,0.8420277250188909
pope_random_1170_random_1170,Qwen/Qwen3-VL-8B-Instruct,pope,coco:000000513136,2,yes,1,0,1.0,0,0,0.011698669753968716,0.9883013367652893,0.02376978193436831,0.9762302180656317,0.29189466844143946,0.7296509334183966
pope_random_1410_random_1410,Qwen/Qwen3-VL-8B-Instruct,pope,coco:000000200583,4,no,0,1,1.0,0,0,0.004782765172421932,0.9952172040939331,0.0020962369843552115,0.9979037630156448,0.17668572010314954,0.892456743583866
pope_random_1588_random_1588,Qwen/Qwen3-VL-8B-Instruct,pope,coco:000000198312,1,no,0,1,1.0,0,0,0.006222180090844631,0.993777871131897,0.001417235682637264,0.9985827643173627,0.4001173398790381,0.6300424102682107
pope_random_2044_random_2044,Qwen/Qwen3-VL-8B-Instruct,pope,coco:000000560064,4,no,0,1,1.0,0,0,0.0033550632651895285,0.996644914150238,0.0003360127413148764,0.9996639872586852,0.4672681664821895,0.7949692337939088
pope_random_206_random_206,Qwen/Qwen3-VL-8B-Instruct,pope,coco:000000553165,4,no,0,1,1.0,0,0,0.0020125177688896656,0.9979875087738037,0.00023286119890088101,0.9997671388010991,0.470097298575536,0.7971438111265539
pope_random_216_random_216,Qwen/Qwen3-VL-8B-Instruct,pope,coco:000000498759,4,no,0,1,1.0,0,0,0.005903270561248064,0.9940967559814453,0.0027710371345017627,0.9972289628654981,0.3677233140752187,0.8302355747205861
pope_random_2229_random_2229,Qwen/Qwen3-VL-8B-Instruct,pope,coco:000000233521,0,no,1,0,1.0,0,0,0.04291961342096329,0.9570804238319397,0.03325432566549812,0.9667456743345019,0.4142262480272051,0.6593426366520081
pope_random_2236_random_2236,Qwen/Qwen3-VL-8B-Instruct,pope,coco:000000355256,0,no,0,1,1.0,0,0,0.02001064643263817,0.9799893498420715,0.03723303518441994,0.96276696481558,0.5012516830227159,0.6462496202813293
pope_random_2688_random_2688,Qwen/Qwen3-VL-8B-Instruct,pope,coco:000000265472,1,no,0,1,1.0,0,0,0.015892134979367256,0.9841078519821167,0.00466307788770863,0.9953369221122914,0.4689434450552855,0.6739964836130528
pope_random_2690_random_2690,Qwen/Qwen3-VL-8B-Instruct,pope,coco:000000265472,1,yes,1,0,1.0,0,0,0.020357094705104828,0.979642927646637,0.10225456049799869,0.8977454395020013,0.42619240196728386,0.6727931533213946
pope_random_2832_random_2832,Qwen/Qwen3-VL-8B-Instruct,pope,coco:000000399702,0,no,0,1,1.0,0,0,0.0477520227432251,0.9522479176521301,0.022270421757587214,0.9777295782424128,0.4312684466612932,0.6091160511504925
pope_random_2906_random_2906,Qwen/Qwen3-VL-8B-Instruct,pope,coco:000000141278,4,no,0,1,1.0,0,0,0.014868292957544327,0.9851316809654236,0.005446320437071428,0.9945536795629286,0.11261923287213645,0.9210976357262984
pope_random_2988_random_2988,Qwen/Qwen3-VL-8B-Instruct,pope,coco:000000361430,1,no,0,1,1.0,1,0,0.5446314215660095,0.45536842942237854,0.44691610453377417,0.5530838954662258,0.12608515296440476,0.6842002584874928
pope_random_756_random_756,Qwen/Qwen3-VL-8B-Instruct,pope,coco:000000044520,2,no,0,1,1.0,0,0,0.12485751509666443,0.8751425743103027,0.04116530448697334,0.9588346955130267,0.43638049907975807,0.6620096904778606
pope_random_88_random_88,Qwen/Qwen3-VL-8B-Instruct,pope,coco:000000219622,3,no,0,1,1.0,0,0,0.004316579084843397,0.9956834316253662,0.00027581490919962166,0.9997241850908003,0.41032501763516344,0.6716906200421412
pope_random_940_random_940,Qwen/Qwen3-VL-8B-Instruct,pope,coco:000000280734,1,no,0,1,1.0,0,0,0.028225591406226158,0.9717743396759033,0.026003924035098366,0.9739960759649017,0.4715460930370223,0.6654497107074654
pope_random_954_random_954,Qwen/Qwen3-VL-8B-Instruct,pope,coco:000000489728,0,no,0,1,1.0,0,0,0.004808707628399134,0.9951913356781006,0.014508746773794962,0.9854912532262049,0.47283591414665327,0.6057881785246163
vsr_100_100,Qwen/Qwen3-VL-8B-Instruct,vsr,coco:000000402590,3,false,0,1,1.0,0,0,0.006377850659191608,0.9936221241950989,0.000790445416080749,0.9992095545839192,0.389731493744979,0.724163743561743
vsr_154_154,Qwen/Qwen3-VL-8B-Instruct,vsr,coco:000000352549,0,false,0,1,1.0,0,0,0.030301552265882492,0.969698429107666,0.035592490755801634,0.9644075092441984,0.3250048324252362,0.7371242708334432
vsr_158_158,Qwen/Qwen3-VL-8B-Instruct,vsr,coco:000000258509,1,true,0,1,1.0,0,0,0.13103187084197998,0.8689680099487305,0.32067349644031684,0.6793265035596832,0.40425969083420465,0.7016740573025791
vsr_195_195,Qwen/Qwen3-VL-8B-Instruct,vsr,coco:000000055468,2,false,0,1,1.0,0,0,0.006218433380126953,0.9937816262245178,0.0007758161425443767,0.9992241838574556,0.24705000417845507,0.6632152025864498
vsr_202_202,Qwen/Qwen3-VL-8B-Instruct,vsr,coco:000000137514,4,false,0,1,1.0,0,0,0.03748181462287903,0.9625182151794434,0.01834834065667272,0.9816516593433273,0.472024784310621,0.8074926308794332
vsr_219_219,Qwen/Qwen3-VL-8B-Instruct,vsr,coco:000000575911,4,false,0,1,1.0,0,0,0.010862000286579132,0.9891379475593567,0.0015348939367737164,0.9984651060632264,0.4369909578551947,0.8149449262255768
vsr_227_227,Qwen/Qwen3-VL-8B-Instruct,vsr,coco:000000154202,2,false,0,1,1.0,0,0,0.28401437401771545,0.7159857153892517,0.175655404401888,0.824344595598112,0.25389371737644234,0.8267796864801173
vsr_255_255,Qwen/Qwen3-VL-8B-Instruct,vsr,coco:000000046905,4,false,0,1,1.0,1,0,0.2035929560661316,0.7964070439338684,0.6723529857696173,0.327647014230383,0.271573533662396,0.8557361146905101
vsr_261_261,Qwen/Qwen3-VL-8B-Instruct,vsr,coco:000000375760,1,true,1,0,1.0,0,0,0.1453051120042801,0.8546949625015259,0.08303373772483182,0.9169662622751682,0.45510308461907,0.7249718647004162
vsr_288_288,Qwen/Qwen3-VL-8B-Instruct,vsr,coco:000000371258,0,true,1,0,1.0,2,0,0.6617719531059265,0.3382280766963959,0.819803173457617,0.1801968265423829,0.206102212522809,0.5502252710140373
vsr_290_290,Qwen/Qwen3-VL-8B-Instruct,vsr,coco:000000265707,0,false,0,1,1.0,0,0,0.003870100248605013,0.9961298704147339,0.003384211836179078,0.9966157881638209,0.35922789576509007,0.7233981033279149
vsr_292_292,Qwen/Qwen3-VL-8B-Instruct,vsr,coco:000000007319,4,false,0,1,1.0,0,0,0.020713025704026222,0.9792869091033936,0.01096395029513325,0.9890360497048668,0.4582323129863786,0.8085109542056484
vsr_77_77,Qwen/Qwen3-VL-8B-Instruct,vsr,coco:000000206255,1,true,1,0,1.0,0,0,0.3591102361679077,0.6408898234367371,0.4685237559291585,0.5314762440708414,0.44964678835331917,0.6792311696687827
vsr_89_89,Qwen/Qwen3-VL-8B-Instruct,vsr,coco:000000566743,4,false,0,1,1.0,0,0,0.016309935599565506,0.983690083026886,0.0030643766625624955,0.9969356233374376,0.46249973211972595,0.7952458329771216
vsr_96_96,Qwen/Qwen3-VL-8B-Instruct,vsr,coco:000000355462,2,false,0,1,1.0,0,0,0.030383432283997536,0.9696165919303894,0.004733939648830339,0.9952660603511696,0.3597487717825136,0.7624481558068662
hallusionbench_693_693,Qwen/Qwen3-VL-8B-Instruct,hallusionbench,hallusionbench:VD/math/1_1.png,3,no,1,0,1.0,1,0,0.3008798360824585,0.6991203427314758,0.5115529555722529,0.4884470444277473,0.45346889006352475,0.5905946620582802
hallusionbench_106_106,Qwen/Qwen3-VL-8B-Instruct,hallusionbench,hallusionbench:VS/chart/8_2.png,3,yes,0,1,1.0,0,0,0.020198063924908638,0.9798020124435425,0.044640891883723534,0.9553591081162766,0.4531331621885435,0.6401261289943534
hallusionbench_1123_1123,Qwen/Qwen3-VL-8B-Instruct,hallusionbench,hallusionbench:VD/video/19_1.png,2,no,1,0,1.0,0,0,0.007582094520330429,0.9924179315567017,0.001018276790444293,0.9989817232095557,0.3593807532893179,0.8169246447304306
hallusionbench_163_163,Qwen/Qwen3-VL-8B-Instruct,hallusionbench,hallusionbench:VS/chart/15_1.png,2,no,0,1,1.0,0,0,0.009287907741963863,0.9907121062278748,0.0022806072288467528,0.9977193927711532,0.29409532221465773,0.5739115617694931
hallusionbench_166_166,Qwen/Qwen3-VL-8B-Instruct,hallusionbench,hallusionbench:VS/chart/15_2.png,1,yes,0,1,1.0,0,0,0.00790222454816103,0.9920977354049683,0.0077176457897428765,0.9922823542102572,0.47764984343209077,0.6703857663357876
hallusionbench_199_199,Qwen/Qwen3-VL-8B-Instruct,hallusionbench,hallusionbench:VS/chart/20_2.png,4,yes,1,0,1.0,0,0,0.011607133783400059,0.9883928894996643,0.025119260328985295,0.9748807396710146,0.4455804890277164,0.8117619841137763
hallusionbench_264_264,Qwen/Qwen3-VL-8B-Instruct,hallusionbench,hallusionbench:VS/table/5_1.png,1,yes,0,1,1.0,0,0,0.015420990064740181,0.9845789670944214,0.04336355919748512,0.9566364408025149,0.3435716008156054,0.7076587575130838
hallusionbench_295_295,Qwen/Qwen3-VL-8B-Instruct,hallusionbench,hallusionbench:VS/table/7_1.png,1,no,0,1,1.0,0,0,0.008989165537059307,0.9910107851028442,0.002488531563264548,0.9975114684367355,0.47187658885981965,0.670438853133545
hallusionbench_380_380,Qwen/Qwen3-VL-8B-Instruct,hallusionbench,hallusionbench:VS/map/1_1.png,4,yes,0,1,1.0,0,0,0.0878712609410286,0.912128746509552,0.10977079831595025,0.89022920168405,0.46631168978360177,0.8091848258046267
hallusionbench_425_425,Qwen/Qwen3-VL-8B-Instruct,hallusionbench,hallusionbench:VS/map/6_1.png,3,yes,0,1,1.0,0,0,0.042329635471105576,0.9576703310012817,0.1126921754422678,0.8873078245577323,0.4311469296517835,0.644701104877339
hallusionbench_472_472,Qwen/Qwen3-VL-8B-Instruct,hallusionbench,hallusionbench:VS/ocr/2_2.png,1,yes,0,1,1.0,1,0,0.26510119438171387,0.7348990440368652,0.518045912326404,0.4819540876735959,0.5322490222473155,0.6756617442121744
hallusionbench_510_510,Qwen/Qwen3-VL-8B-Instruct,hallusionbench,hallusionbench:VS/ocr/8_1.png,4,no,0,1,1.0,0,0,0.0021131066605448723,0.9978868365287781,0.002722086722206105,0.9972779132777938,0.27213916958324835,0.7007526969243227
hallusionbench_512_512,Qwen/Qwen3-VL-8B-Instruct,hallusionbench,hallusionbench:VS/ocr/8_2.png,0,no,1,0,1.0,0,0,0.02031969279050827,0.9796803593635559,0.018319747901768504,0.9816802520982314,0.1353132867487325,0.4948068657909053
hallusionbench_525_525,Qwen/Qwen3-VL-8B-Instruct,hallusionbench,hallusionbench:VS/ocr/10_2.png,3,yes,0,1,1.0,0,0,0.0071816230192780495,0.9928183555603027,0.026608604650103593,0.9733913953498964,0.49132724659883437,0.6348125829333618
hallusionbench_538_538,Qwen/Qwen3-VL-8B-Instruct,hallusionbench,hallusionbench:VD/illusion/0_0.png,2,no,0,1,1.0,0,0,0.07735661417245865,0.9226433634757996,0.07369235822897312,0.9263076417710269,0.42018375937795627,0.5808789441531481
hallusionbench_570_570,Qwen/Qwen3-VL-8B-Instruct,hallusionbench,hallusionbench:VD/illusion/6_0.png,2,yes,0,1,1.0,0,0,0.008795577101409435,0.9912044405937195,0.0009027432457493937,0.9990972567542505,0.2652651998187666,0.7565586188058981
hallusionbench_578_578,Qwen/Qwen3-VL-8B-Instruct,hallusionbench,hallusionbench:VD/illusion/8_0.png,4,yes,0,1,1.0,1,0,0.1621224731206894,0.8378775715827942,0.5618099464550427,0.43819005354495766,0.4465289901139196,0.7416023112170619
hallusionbench_588_588,Qwen/Qwen3-VL-8B-Instruct,hallusionbench,hallusionbench:VD/illusion/10_1.png,2,yes,0,1,1.0,0,0,0.018785251304507256,0.9812147617340088,0.01189973403349797,0.9881002659665019,0.23871019024258275,0.7209962533860302
hallusionbench_619_619,Qwen/Qwen3-VL-8B-Instruct,hallusionbench,hallusionbench:VD/illusion/17_1.png,2,no,0,1,1.0,0,0,0.09473931044340134,0.9052606821060181,0.2776570063493643,0.7223429936506357,0.2689110747290355,0.8316710236860988
hallusionbench_692_692,Qwen/Qwen3-VL-8B-Instruct,hallusionbench,hallusionbench:VD/math/1_1.png,3,no,0,1,1.0,2,1,0.5207479000091553,0.47925207018852234,0.5871421911590097,0.41285780884099044,0.4631726752041678,0.5954414541214337
hallusionbench_721_721,Qwen/Qwen3-VL-8B-Instruct,hallusionbench,hallusionbench:VD/math/6_1.png,2,no,1,0,1.0,0,0,0.05265504866838455,0.947344958782196,0.0703854216915443,0.9296145783084557,0.4371648646271183,0.6374524380166591
hallusionbench_760_760,Qwen/Qwen3-VL-8B-Instruct,hallusionbench,hallusionbench:VD/math/13_0.png,2,yes,1,0,1.0,0,0,0.28664806485176086,0.7133519649505615,0.4232199364236524,0.5767800635763475,0.42508778724037527,0.6067204121703986
hallusionbench_766_766,Qwen/Qwen3-VL-8B-Instruct,hallusionbench,hallusionbench:VD/math/14_0.png,0,yes,0,1,1.0,0,0,0.2488488107919693,0.7511511445045471,0.05899629035259933,0.9410037096474005,0.3242965863424959,0.6571047837745707
hallusionbench_806_806,Qwen/Qwen3-VL-8B-Instruct,hallusionbench,hallusionbench:VD/ocr/3_1.png,1,no,1,0,1.0,0,0,0.0018851038767024875,0.9981149435043335,0.0007582187293174904,0.9992417812706825,0.41991562434987384,0.6393654119997624
hallusionbench_808_808,Qwen/Qwen3-VL-8B-Instruct,hallusionbench,hallusionbench:VD/ocr/3_2.png,1,yes,1,0,1.0,0,0,0.003956795670092106,0.9960432052612305,0.0001896891121630922,0.9998103108878369,0.42843801229404094,0.6439194836984818
hallusionbench_810_810,Qwen/Qwen3-VL-8B-Instruct,hallusionbench,hallusionbench:VD/ocr/3_2.png,1,no,1,0,1.0,0,0,0.00835311971604824,0.9916468858718872,0.01067352204668086,0.9893264779533192,0.3922176197186543,0.6275057303388045
hallusionbench_865_865,Qwen/Qwen3-VL-8B-Instruct,hallusionbench,hallusionbench:VD/ocr/17_1.png,0,yes,0,1,1.0,0,0,0.08660335838794708,0.9133967161178589,0.05321410605736378,0.9467858939426362,0.4808907806403735,0.5904090657563921
hallusionbench_868_868,Qwen/Qwen3-VL-8B-Instruct,hallusionbench,hallusionbench:VD/ocr/18_0.png,2,no,1,0,1.0,0,0,0.02253732457756996,0.977462649345398,0.02259464484932592,0.9774053551506741,0.39695004304477405,0.6081599198492093
hallusionbench_875_875,Qwen/Qwen3-VL-8B-Instruct,hallusionbench,hallusionbench:VD/ocr/20_0.png,4,no,0,1,1.0,0,0,0.09857545793056488,0.9014245271682739,0.29859324615612076,0.7014067538438794,0.40089205427739494,0.7980142106135885
hallusionbench_896_896,Qwen/Qwen3-VL-8B-Instruct,hallusionbench,hallusionbench:VD/figure/4_1.png,2,no,0,1,1.0,1,0,0.4714711606502533,0.5285288691520691,0.6964122676041375,0.3035877323958624,0.4361566483697472,0.6589321620636408
hallusionbench_900_900,Qwen/Qwen3-VL-8B-Instruct,hallusionbench,hallusionbench:VD/figure/5_1.png,3,no,0,1,1.0,0,0,0.006374247372150421,0.9936257600784302,0.0018361962695090824,0.9981638037304911,0.4377507684737174,0.647563409146575
hallusionbench_913_913,Qwen/Qwen3-VL-8B-Instruct,hallusionbench,hallusionbench:VD/figure/8_1.png,0,yes,0,1,1.0,0,0,0.35195451974868774,0.6480457186698914,0.47666618656406345,0.5233338134359363,0.4250290633607213,0.6307821529795757
hallusionbench_925_925,Qwen/Qwen3-VL-8B-Instruct,hallusionbench,hallusionbench:VD/figure/11_1.png,3,no,1,0,1.0,0,0,0.06488564610481262,0.9351143836975098,0.05845535509480981,0.9415446449051903,0.2544597233054559,0.46578972119467815
hallusionbench_933_933,Qwen/Qwen3-VL-8B-Instruct,hallusionbench,hallusionbench:VD/figure/13_1.png,1,no,1,0,1.0,0,0,0.20046041905879974,0.7995396256446838,0.15654347266735727,0.8434565273326426,0.43648186299332864,0.7001215098107697
hallusionbench_935_935,Qwen/Qwen3-VL-8B-Instruct,hallusionbench,hallusionbench:VD/figure/14_0.png,1,no,0,1,1.0,0,0,0.005023306235671043,0.9949766993522644,0.004099750730639397,0.9959002492693607,0.47412165114940213,0.6679805243285596
hallusionbench_955_955,Qwen/Qwen3-VL-8B-Instruct,hallusionbench,hallusionbench:VD/figure/19_0.png,2,no,0,1,1.0,0,0,0.022080296650528908,0.9779196977615356,0.009458578574972063,0.990541421425028,0.556386527569629,0.9115510221281067
hallusionbench_969_969,Qwen/Qwen3-VL-8B-Instruct,hallusionbench,hallusionbench:VD/video/1_2.png,3,no,1,0,1.0,0,0,0.007385259959846735,0.99261474609375,0.012184097694623334,0.9878159023053766,0.43942228632313174,0.5993515524524733
pope_random_1244_random_1244,Qwen/Qwen3-VL-8B-Instruct,pope,coco:000000383185,0,no,0,1,1.0,0,0,0.02443777397274971,0.9755622148513794,0.005452531224752646,0.9945474687752474,0.47632155706656243,0.5833115134246664
pope_random_12_random_12,Qwen/Qwen3-VL-8B-Instruct,pope,coco:000000429109,2,no,0,1,1.0,0,0,0.006218433380126953,0.9937816262245178,0.0017469516395108363,0.9982530483604891,0.22116938713466464,0.7288718150269138
pope_random_1344_random_1344,Qwen/Qwen3-VL-8B-Instruct,pope,coco:000000186709,1,no,0,1,1.0,0,0,0.003739027539268136,0.996260941028595,0.005846729534954986,0.9941532704650451,0.402267803334462,0.6900408064638209
pope_random_1414_random_1414,Qwen/Qwen3-VL-8B-Instruct,pope,coco:000000200583,4,no,0,1,1.0,0,0,0.10809526592493057,0.8919047117233276,0.14322111645596958,0.8567788835440308,0.1985062261765373,0.7855597003236244
pope_random_14_random_14,Qwen/Qwen3-VL-8B-Instruct,pope,coco:000000429109,2,no,0,1,1.0,0,0,0.004552594386041164,0.9954473376274109,0.008259468243244137,0.9917405317567558,0.38632454373546293,0.5127899963593999
pope_random_208_random_208,Qwen/Qwen3-VL-8B-Instruct,pope,coco:000000553165,4,no,0,1,1.0,0,0,0.001899485825560987,0.9981005787849426,0.00028532436827561535,0.9997146756317244,0.40213530082345283,0.8247164908843942
pope_random_2230_random_2230,Qwen/Qwen3-VL-8B-Instruct,pope,coco:000000233521,0,no,0,1,1.0,0,0,0.0007770035299472511,0.999222993850708,0.0001977330398982706,0.9998022669601018,0.47215064280342567,0.593696721673026
pope_random_2448_random_2448,Qwen/Qwen3-VL-8B-Instruct,pope,coco:000000294475,1,no,0,1,1.0,0,0,0.06603936105966568,0.9339606165885925,0.033548999707313315,0.9664510002926867,0.13729736623871402,0.7103665121574544
pope_random_300_random_300,Qwen/Qwen3-VL-8B-Instruct,pope,coco:000000515904,2,no,0,1,1.0,0,0,0.0068293469958007336,0.9931706190109253,0.004059439365871972,0.9959405606341281,0.4128664527111237,0.5471640378662939
pope_random_384_random_384,Qwen/Qwen3-VL-8B-Instruct,pope,coco:000000350898,1,no,0,1,1.0,0,0,0.0059638069942593575,0.9940361976623535,0.007009359209215688,0.9929906407907844,0.39628448513707565,0.6292100172422878
pope_random_802_random_802,Qwen/Qwen3-VL-8B-Instruct,pope,coco:000000147289,1,no,0,1,1.0,0,0,0.011875011026859283,0.9881249666213989,0.027078759310965622,0.9729212406890344,0.4017944980016062,0.6868615421551333
pope_random_820_random_820,Qwen/Qwen3-VL-8B-Instruct,pope,coco:000000500473,1,no,0,1,1.0,0,0,0.0004450162232387811,0.9995549321174622,0.00023943728106221984,0.9997605627189377,0.4480928007123882,0.6414367808046094
pope_random_938_random_938,Qwen/Qwen3-VL-8B-Instruct,pope,coco:000000280734,1,no,0,1,1.0,0,0,0.05347874388098717,0.9465212225914001,0.021460833143190524,0.9785391668568094,0.3979569880208821,0.6282935942197412
pope_random_956_random_956,Qwen/Qwen3-VL-8B-Instruct,pope,coco:000000489728,0,no,0,1,1.0,0,0,0.006098397541791201,0.9939016103744507,0.004196346765817296,0.9958036532341827,0.47711493134004157,0.6010774797563481
vsr_109_109,Qwen/Qwen3-VL-8B-Instruct,vsr,coco:000000245576,1,true,0,1,1.0,0,0,0.157489612698555,0.842510461807251,0.19011777003780886,0.8098822299621911,0.4609381849383752,0.6857642552493531
vsr_125_125,Qwen/Qwen3-VL-8B-Instruct,vsr,coco:000000112553,1,false,1,0,1.0,0,0,0.1182350292801857,0.881764829158783,0.20693269855388052,0.7930673014461195,0.17628190825988307,0.7535491627583198
vsr_132_132,Qwen/Qwen3-VL-8B-Instruct,vsr,coco:000000504158,4,true,1,0,1.0,0,0,0.01571204699575901,0.9842879772186279,0.011885287893860912,0.988114712106139,0.4641566946943047,0.7943670180716165
vsr_149_149,Qwen/Qwen3-VL-8B-Instruct,vsr,coco:000000282002,3,false,1,0,1.0,0,0,0.02933388575911522,0.9706661105155945,0.02630328108049238,0.9736967189195077,0.415679214868864,0.6400600336482744
vsr_156_156,Qwen/Qwen3-VL-8B-Instruct,vsr,coco:000000007319,4,false,1,0,1.0,0,0,0.09385713934898376,0.9061428308486938,0.06522979777162644,0.9347702022283737,0.2596682495546738,0.6901565714922042
vsr_159_159,Qwen/Qwen3-VL-8B-Instruct,vsr,coco:000000174137,4,false,0,1,1.0,0,0,0.034359946846961975,0.9656400680541992,0.005869184041586597,0.9941308159584135,0.4611967909579456,0.7957702147814043
vsr_16_16,Qwen/Qwen3-VL-8B-Instruct,vsr,coco:000000550019,3,true,0,1,1.0,0,0,0.06677187979221344,0.9332281947135925,0.061734716047973356,0.9382652839520268,0.2399245390218008,0.4614158837388577
vsr_21_21,Qwen/Qwen3-VL-8B-Instruct,vsr,coco:000000248133,0,false,1,0,1.0,0,0,0.007152737583965063,0.9928472638130188,0.0015145073719783067,0.9984854926280217,0.2307674013338448,0.5364570926746939
vsr_236_236,Qwen/Qwen3-VL-8B-Instruct,vsr,coco:000000482841,4,false,0,1,1.0,0,0,0.005572666879743338,0.9944273233413696,0.0019566820207093673,0.9980433179792907,0.46137589770995313,0.7948873090496905
vsr_251_251,Qwen/Qwen3-VL-8B-Instruct,vsr,coco:000000068764,4,false,0,1,1.0,0,0,0.032166410237550735,0.9678335189819336,0.06170703760069335,0.9382929623993068,0.4521925500578223,0.8287817942063709
vsr_258_258,Qwen/Qwen3-VL-8B-Instruct,vsr,coco:000000084448,0,true,0,1,1.0,0,0,0.01668054237961769,0.9833194613456726,0.19567466814406367,0.8043253318559362,0.15587330420262188,0.48117840665332595
vsr_262_262,Qwen/Qwen3-VL-8B-Instruct,vsr,coco:000000012315,0,false,1,0,1.0,1,0,0.46635618805885315,0.5336437225341797,0.5133073411121643,0.4866926588878355,0.11022298799986678,0.5294270406936847
vsr_277_277,Qwen/Qwen3-VL-8B-Instruct,vsr,coco:000000548219,3,false,0,1,1.0,0,0,0.007869883440434933,0.9921301007270813,0.0019694962533368444,0.9980305037466632,0.3688902352476112,0.7375044823053086
vsr_335_335,Qwen/Qwen3-VL-8B-Instruct,vsr,coco:000000279829,0,false,0,1,1.0,0,0,0.0029388698749244213,0.9970610737800598,0.005801019364688491,0.9941989806353115,0.47348568028780585,0.5822120773654412
vsr_43_43,Qwen/Qwen3-VL-8B-Instruct,vsr,coco:000000126810,3,false,1,0,1.0,0,0,0.002527671866118908,0.99747234582901,0.001380764580265134,0.998619235419735,0.4422903999372878,0.6499857546124459
vsr_61_61,Qwen/Qwen3-VL-8B-Instruct,vsr,coco:000000282221,2,false,0,1,1.0,0,0,0.06855200231075287,0.9314480423927307,0.17625849387569795,0.8237415061243021,0.47095701214295327,0.6248868544172995
vsr_70_70,Qwen/Qwen3-VL-8B-Instruct,vsr,coco:000000471064,3,false,0,1,1.0,0,0,0.003172461176291108,0.9968275427818298,0.002012492323260007,0.9979875076767399,0.40281603851018394,0.690432294054953
vsr_74_74,Qwen/Qwen3-VL-8B-Instruct,vsr,coco:000000324483,0,false,0,1,1.0,0,0,0.014119313098490238,0.9858807325363159,0.003261445178246362,0.9967385548217536,0.4714765569685072,0.5852922778098608
vsr_81_81,Qwen/Qwen3-VL-8B-Instruct,vsr,coco:000000318723,1,false,0,1,1.0,0,0,0.02816268987953663,0.9718372821807861,0.019785738720326174,0.9802142612796738,0.4077216517439745,0.6302041235421248
vsr_98_98,Qwen/Qwen3-VL-8B-Instruct,vsr,coco:000000222299,4,false,0,1,1.0,0,0,0.01929403282701969,0.980705976486206,0.03939320576967356,0.9606067942303265,0.22134186957752786,0.8769249081629189
hallusionbench_1055_1055,Qwen/Qwen3-VL-8B-Instruct,hallusionbench,hallusionbench:VD/video/11_0.png,4,no,0,1,1.0,0,0,0.05240301415324211,0.9475969672203064,0.07448946975411314,0.9255105302458868,0.48344021231812034,0.7874114634299149
hallusionbench_1067_1067,Qwen/Qwen3-VL-8B-Instruct,hallusionbench,hallusionbench:VD/video/12_0.png,1,no,1,0,1.0,2,0,0.7001308798789978,0.29986903071403503,0.8307649844286479,0.16923501557135198,0.44885047309966775,0.6856694249887998
hallusionbench_181_181,Qwen/Qwen3-VL-8B-Instruct,hallusionbench,hallusionbench:VS/chart/17_2.png,0,no,1,0,1.0,0,0,0.041008587926626205,0.9589914679527283,0.07939940716393218,0.9206005928360678,0.3388314648604849,0.541677458357158
hallusionbench_184_184,Qwen/Qwen3-VL-8B-Instruct,hallusionbench,hallusionbench:VS/chart/18_1.png,2,no,0,1,1.0,0,0,0.01621684804558754,0.9837831854820251,0.029576339187315476,0.9704236608126845,0.3659410288951422,0.5148643219344532
hallusionbench_44_44,Qwen/Qwen3-VL-8B-Instruct,hallusionbench,hallusionbench:VS/chart/3_1.png,1,no,1,0,1.0,0,0,0.19203642010688782,0.8079635500907898,0.15569674273164535,0.8443032572683546,0.4560982418716552,0.7243712415842325
hallusionbench_47_47,Qwen/Qwen3-VL-8B-Instruct,hallusionbench,hallusionbench:VS/chart/3_1.png,1,yes,1,0,1.0,0,0,0.05456213653087616,0.9454378485679626,0.18210588379754414,0.8178941162024558,0.41872476447365775,0.6578919179595556
hallusionbench_499_499,Qwen/Qwen3-VL-8B-Instruct,hallusionbench,hallusionbench:VS/ocr/6_1.png,4,yes,0,1,1.0,0,0,0.01692979596555233,0.9830701947212219,0.0031427335518636125,0.9968572664481365,0.1435758493173864,0.8803322374904287
hallusionbench_500_500,Qwen/Qwen3-VL-8B-Instruct,hallusionbench,hallusionbench:VS/ocr/6_2.png,2,yes,0,1,1.0,0,0,0.016461944207549095,0.9835380911827087,0.035612320540801906,0.9643876794591981,0.470626164068548,0.665139654225215
hallusionbench_513_513,Qwen/Qwen3-VL-8B-Instruct,hallusionbench,hallusionbench:VS/ocr/8_2.png,0,no,1,0,1.0,0,0,0.1629977524280548,0.8370023369789124,0.08672402598891023,0.9132759740110897,0.1387787781028253,0.45508693377911136
hallusionbench_559_559,Qwen/Qwen3-VL-8B-Instruct,hallusionbench,hallusionbench:VD/illusion/3_1.png,0,no,1,0,1.0,0,0,0.07690416276454926,0.9230958819389343,0.06438265561212439,0.9356173443878756,0.19258537229600645,0.5915182696437342
hallusionbench_586_586,Qwen/Qwen3-VL-8B-Instruct,hallusionbench,hallusionbench:VD/illusion/10_0.png,3,no,0,1,1.0,0,0,0.17243973910808563,0.8275602459907532,0.17244083416571745,0.8275591658342827,0.4143909099240406,0.6336856911309564
hallusionbench_587_587,Qwen/Qwen3-VL-8B-Instruct,hallusionbench,hallusionbench:VD/illusion/10_0.png,3,no,1,0,1.0,0,0,0.4388766288757324,0.5611233115196228,0.33514308150502403,0.6648569184949762,0.3817409889688647,0.7032953466873256
hallusionbench_594_594,Qwen/Qwen3-VL-8B-Instruct,hallusionbench,hallusionbench:VD/illusion/11_1.png,0,no,0,1,1.0,0,0,0.031647227704524994,0.9683527946472168,0.027439509604914744,0.9725604903950852,0.1552967385890972,0.5031833358813915
hallusionbench_660_660,Qwen/Qwen3-VL-8B-Instruct,hallusionbench,hallusionbench:VD/illusion/27_0.png,0,no,0,1,1.0,1,0,0.7260217666625977,0.27397820353507996,0.42779165723497775,0.5722083427650221,0.3172748214330488,0.5314227467086755
hallusionbench_680_680,Qwen/Qwen3-VL-8B-Instruct,hallusionbench,hallusionbench:VD/illusion/30_1.png,1,no,1,0,1.0,2,0,0.534703254699707,0.46529674530029297,0.7438721956692922,0.25612780433070775,0.4616552961658399,0.7192920733892451
hallusionbench_691_691,Qwen/Qwen3-VL-8B-Instruct,hallusionbench,hallusionbench:VD/math/1_1.png,3,yes,0,1,1.0,0,0,0.01837006025016308,0.9816299676895142,0.011867257549206362,0.9881327424507936,0.368669899750896,0.7110304405239762
hallusionbench_722_722,Qwen/Qwen3-VL-8B-Instruct,hallusionbench,hallusionbench:VD/math/6_1.png,2,yes,0,1,1.0,0,0,0.0034171994775533676,0.9965828061103821,0.002433212414778227,0.9975667875852217,0.32825008454387533,0.5472736309010885
hallusionbench_773_773,Qwen/Qwen3-VL-8B-Instruct,hallusionbench,hallusionbench:VD/math/15_0.png,4,no,1,0,1.0,0,0,0.045357368886470795,0.954642653465271,0.10354963683117088,0.8964503631688293,0.11397080509449169,0.561705354977215
hallusionbench_787_787,Qwen/Qwen3-VL-8B-Instruct,hallusionbench,hallusionbench:VD/math/17_1.png,4,yes,1,0,1.0,0,0,0.07188660651445389,0.9281134009361267,0.17634969750782806,0.8236503024921722,0.11557391514191102,0.6110917150882886
hallusionbench_813_813,Qwen/Qwen3-VL-8B-Instruct,hallusionbench,hallusionbench:VD/ocr/4_1.png,0,yes,0,1,1.0,0,0,0.003870100248605013,0.9961298704147339,0.008766998354455355,0.9912330016455447,0.33587069187379864,0.749986514581914
hallusionbench_821_821,Qwen/Qwen3-VL-8B-Instruct,hallusionbench,hallusionbench:VD/ocr/6_1.png,4,no,1,0,1.0,0,0,0.4879107177257538,0.5120893120765686,0.30749585950301045,0.6925041404969899,0.4426970107450551,0.7332302222657624
hallusionbench_822_822,Qwen/Qwen3-VL-8B-Instruct,hallusionbench,hallusionbench:VD/ocr/6_1.png,4,no,0,1,1.0,0,0,0.07235769182443619,0.927642285823822,0.21320216312531987,0.7867978368746803,0.3548502981441232,0.8019693230779611
hallusionbench_869_869,Qwen/Qwen3-VL-8B-Instruct,hallusionbench,hallusionbench:VD/ocr/18_1.png,0,no,1,0,1.0,2,0,0.8299860954284668,0.17001387476921082,0.7723555219110504,0.22764447808894944,0.31364797653404214,0.5304998286281122
hallusionbench_874_874,Qwen/Qwen3-VL-8B-Instruct,hallusionbench,hallusionbench:VD/ocr/19_1.png,0,no,0,1,1.0,0,0,0.021686891093850136,0.9783130884170532,0.16336372275288102,0.8366362772471189,0.5035969546676741,0.6362930445118752
hallusionbench_878_878,Qwen/Qwen3-VL-8B-Instruct,hallusionbench,hallusionbench:VD/ocr/20_1.png,0,no,0,1,1.0,0,0,0.08154075592756271,0.9184593558311462,0.07006578107801993,0.92993421892198,0.48281561504412923,0.5842954381088215
hallusionbench_884_884,Qwen/Qwen3-VL-8B-Instruct,hallusionbench,hallusionbench:VD/figure/1_1.png,3,yes,1,0,1.0,0,0,0.21162186563014984,0.7883781790733337,0.45890966412513,0.5410903358748703,0.4334783265925144,0.6165921643671289
hallusionbench_926_926,Qwen/Qwen3-VL-8B-Instruct,hallusionbench,hallusionbench:VD/figure/11_1.png,3,no,0,1,1.0,0,0,0.006495946552604437,0.9935041069984436,0.0006388086330390297,0.9993611913669609,0.4915531510875025,0.6364962284153339
hallusionbench_958_958,Qwen/Qwen3-VL-8B-Instruct,hallusionbench,hallusionbench:VD/figure/19_1.png,1,no,0,1,1.0,0,0,0.24911338090896606,0.7508864998817444,0.3625432917371964,0.6374567082628034,0.1477529407127251,0.7134177731711109
hallusionbench_970_970,Qwen/Qwen3-VL-8B-Instruct,hallusionbench,hallusionbench:VD/video/1_2.png,3,yes,0,1,1.0,0,0,0.23411133885383606,0.7658886909484863,0.23957535469177085,0.7604246453082292,0.4143394421317664,0.6337165849529913
hallusionbench_971_971,Qwen/Qwen3-VL-8B-Instruct,hallusionbench,hallusionbench:VD/video/1_2.png,3,no,1,0,1.0,1,0,0.8596433401107788,0.1403566300868988,0.48726514301701873,0.5127348569829814,0.45485650946692296,0.5959178097391902
pope_random_1061_random_1061,Qwen/Qwen3-VL-8B-Instruct,pope,coco:000000303534,3,no,1,0,1.0,0,0,0.005603650584816933,0.9943963289260864,0.003939196891109713,0.9960608031088902,0.44758773968651205,0.5756533686754073
pope_random_1330_random_1330,Qwen/Qwen3-VL-8B-Instruct,pope,coco:000000287035,0,no,0,1,1.0,0,0,0.020943766459822655,0.9790562987327576,0.01462883542402764,0.9853711645759723,0.12759617388926622,0.4970237716162935
pope_random_1340_random_1340,Qwen/Qwen3-VL-8B-Instruct,pope,coco:000000120648,3,yes,1,0,1.0,0,0,0.4388766288757324,0.5611233115196228,0.2700127910542426,0.7299872089457576,0.3731102082703036,0.7268283101646309
pope_random_1346_random_1346,Qwen/Qwen3-VL-8B-Instruct,pope,coco:000000186709,1,no,0,1,1.0,0,0,0.10856234282255173,0.8914375901222229,0.3499842480992414,0.6500157519007584,0.4942963394282175,0.6699078684914289
pope_random_1420_random_1420,Qwen/Qwen3-VL-8B-Instruct,pope,coco:000000424585,4,no,0,1,1.0,0,0,0.007933192886412144,0.9920667409896851,0.00938900112396225,0.9906109988760378,0.4486451451090073,0.8116792777885671
pope_random_1506_random_1506,Qwen/Qwen3-VL-8B-Instruct,pope,coco:000000023731,2,no,0,1,1.0,0,0,0.01621684804558754,0.9837831854820251,0.21096608995031396,0.7890339100496861,0.36903320557528374,0.513481633906125
pope_random_1508_random_1508,Qwen/Qwen3-VL-8B-Instruct,pope,coco:000000023731,2,no,0,1,1.0,0,0,0.009613660164177418,0.9903863668441772,0.005832581144629207,0.9941674188553709,0.3823559767838585,0.5141835835230564
pope_random_1686_random_1686,Qwen/Qwen3-VL-8B-Instruct,pope,coco:000000331366,2,no,0,1,1.0,0,0,0.044050656259059906,0.9559493064880371,0.46536776077223874,0.5346322392277613,0.34323357503984053,0.6698488265942251
pope_random_1758_random_1758,Qwen/Qwen3-VL-8B-Instruct,pope,coco:000000346707,0,no,0,1,1.0,0,0,0.011827350594103336,0.9881725907325745,0.002523641759392248,0.9974763582406077,0.4903442356837592,0.6184737172514135
pope_random_2234_random_2234,Qwen/Qwen3-VL-8B-Instruct,pope,coco:000000355256,0,no,0,1,1.0,0,0,0.03704197332262993,0.9629580974578857,0.06410159034412795,0.935898409655872,0.4740796063152263,0.603180646861029
pope_random_800_random_800,Qwen/Qwen3-VL-8B-Instruct,pope,coco:000000147289,1,no,0,1,1.0,0,0,0.0035483944229781628,0.9964516162872314,0.01021734321782426,0.9897826567821757,0.34449788452940927,0.7092684710511634
vsr_124_124,Qwen/Qwen3-VL-8B-Instruct,vsr,coco:000000292365,2,false,1,0,1.0,0,0,0.2643343508243561,0.7356656789779663,0.022339059145586617,0.9776609408544135,0.19213313841502416,0.8443267500268846
vsr_127_127,Qwen/Qwen3-VL-8B-Instruct,vsr,coco:000000268570,3,true,1,0,1.0,0,0,0.13827168941497803,0.8617284297943115,0.20242849537415977,0.7975715046258404,0.4040952314301866,0.60925365645911
vsr_169_169,Qwen/Qwen3-VL-8B-Instruct,vsr,coco:000000473964,1,false,0,1,1.0,0,0,0.02266804315149784,0.9773319363594055,0.0037519822235700826,0.9962480177764299,0.45642221940001376,0.667738973959575
vsr_20_20,Qwen/Qwen3-VL-8B-Instruct,vsr,coco:000000210276,3,false,0,1,1.0,0,0,0.1061272844672203,0.8938726782798767,0.02364479198194974,0.9763552080180502,0.43624135573419137,0.6081221509037084
vsr_244_244,Qwen/Qwen3-VL-8B-Instruct,vsr,coco:000000259819,1,false,0,1,1.0,0,0,0.007469027303159237,0.9925310015678406,0.0015459903448365702,0.9984540096551635,0.39282590069665274,0.627641772640718
vsr_27_27,Qwen/Qwen3-VL-8B-Instruct,vsr,coco:000000001675,0,true,0,1,1.0,0,0,0.4163615107536316,0.5836385488510132,0.27765426246706154,0.7223457375329382,0.1370426826623602,0.46213313612780865
vsr_297_297,Qwen/Qwen3-VL-8B-Instruct,vsr,coco:000000159850,3,false,1,0,1.0,0,0,0.15057431161403656,0.8494256734848022,0.181959916336974,0.8180400836630262,0.4844710702197608,0.6141604894068855
vsr_2_2,Qwen/Qwen3-VL-8B-Instruct,vsr,coco:000000470862,2,true,0,1,1.0,0,0,0.02368699014186859,0.9763129949569702,0.016966982971717736,0.9830330170282823,0.31364404412815516,0.5619447841372932
vsr_31_31,Qwen/Qwen3-VL-8B-Instruct,vsr,coco:000000007319,4,true,0,1,1.0,0,0,0.1289336234331131,0.8710663914680481,0.11712728082796968,0.8828727191720306,0.43969411440092865,0.7859752904288165
vsr_325_325,Qwen/Qwen3-VL-8B-Instruct,vsr,coco:000000543719,2,false,0,1,1.0,0,0,0.01584264077246189,0.984157383441925,0.01921904306808374,0.9807809569319161,0.37837604816549214,0.5135826731128976
vsr_328_328,Qwen/Qwen3-VL-8B-Instruct,vsr,coco:000000003474,2,false,0,1,1.0,0,0,0.021933959797024727,0.9780660271644592,0.12329350407021512,0.8767064959297848,0.37463983580525606,0.5104308362695659
hallusionbench_1053_1053,Qwen/Qwen3-VL-8B-Instruct,hallusionbench,hallusionbench:VD/video/11_0.png,4,no,0,1,1.0,0,0,0.01692979596555233,0.9830701947212219,0.0031427335518636125,0.9968572664481365,0.1429623066093552,0.8802691284446184
hallusionbench_1065_1065,Qwen/Qwen3-VL-8B-Instruct,hallusionbench,hallusionbench:VD/video/12_0.png,1,no,1,0,1.0,2,0,0.7001308798789978,0.29986903071403503,0.8307649844286479,0.16923501557135198,0.44885047309966775,0.6856694249887998
hallusionbench_108_108,Qwen/Qwen3-VL-8B-Instruct,hallusionbench,hallusionbench:VS/chart/8_2.png,3,yes,0,1,1.0,0,0,0.010198267176747322,0.9898017048835754,0.006001427287339285,0.9939985727126608,0.4539100210541297,0.6414938662234853
hallusionbench_272_272,Qwen/Qwen3-VL-8B-Instruct,hallusionbench,hallusionbench:VS/table/5_3.png,1,yes,0,1,1.0,0,0,0.004815809428691864,0.9951842427253723,0.003980614640613569,0.9960193853593864,0.3421641297835269,0.709448396697089
hallusionbench_296_296,Qwen/Qwen3-VL-8B-Instruct,hallusionbench,hallusionbench:VS/table/7_1.png,1,yes,0,1,1.0,0,0,0.008989165537059307,0.9910107851028442,0.004058714925283597,0.9959412850747164,0.47164476631020086,0.6701898791714893
hallusionbench_379_379,Qwen/Qwen3-VL-8B-Instruct,hallusionbench,hallusionbench:VS/map/1_1.png,4,yes,0,1,1.0,1,0,0.33152177929878235,0.6684780716896057,0.6280157258851828,0.3719842741148175,0.44593625033365886,0.7406156731799828
hallusionbench_435_435,Qwen/Qwen3-VL-8B-Instruct,hallusionbench,hallusionbench:VS/map/7_2.png,3,no,0,1,1.0,0,0,0.06374839693307877,0.9362516403198242,0.1047005589455572,0.8952994410544428,0.25536440063162785,0.4622199055512623
hallusionbench_440_440,Qwen/Qwen3-VL-8B-Instruct,hallusionbench,hallusionbench:VS/map/8_1.png,2,yes,0,1,1.0,0,0,0.02544664591550827,0.9745532870292664,0.027434922922503286,0.9725650770774967,0.4783083661073666,0.6887328637811879
hallusionbench_494_494,Qwen/Qwen3-VL-8B-Instruct,hallusionbench,hallusionbench:VS/ocr/5_2.png,0,yes,0,1,1.0,0,0,0.005865104962140322,0.9941349625587463,0.01025278897846014,0.9897472110215397,0.35612903877270075,0.7212882674051194
hallusionbench_572_572,Qwen/Qwen3-VL-8B-Instruct,hallusionbench,hallusionbench:VD/illusion/7_0.png,0,no,0,1,1.0,0,0,0.15452148020267487,0.8454785346984863,0.06511308178610531,0.9348869182138947,0.22081382578312334,0.5687564087545129
hallusionbench_595_595,Qwen/Qwen3-VL-8B-Instruct,hallusionbench,hallusionbench:VD/illusion/11_1.png,0,no,1,0,1.0,0,0,0.13106566667556763,0.8689343333244324,0.028831562509667952,0.9711684374903321,0.2170077535885821,0.5925341802827703
hallusionbench_599_599,Qwen/Qwen3-VL-8B-Instruct,hallusionbench,hallusionbench:VD/illusion/13_1.png,3,yes,0,1,1.0,0,0,0.11924883723258972,0.8807510137557983,0.19128067159173992,0.8087193284082602,0.4637892975847168,0.5888675482739362
hallusionbench_627_627,Qwen/Qwen3-VL-8B-Instruct,hallusionbench,hallusionbench:VD/illusion/19_0.png,1,yes,0,1,1.0,0,0,0.19014672935009003,0.8098533153533936,0.454759261951274,0.5452407380487257,0.487414163153406,0.700251966187277
hallusionbench_708_708,Qwen/Qwen3-VL-8B-Instruct,hallusionbench,hallusionbench:VD/math/4_0.png,2,no,1,0,1.0,2,0,0.8948122262954712,0.10518772900104523,0.699363552977317,0.30063644702268305,0.3170429734686078,0.6748457559798019
hallusionbench_711_711,Qwen/Qwen3-VL-8B-Instruct,hallusionbench,hallusionbench:VD/math/4_1.png,0,no,1,0,1.0,0,0,0.05837013199925423,0.9416298866271973,0.29306834665090836,0.7069316533490915,0.27088376923746343,0.5207186450815098
hallusionbench_728_728,Qwen/Qwen3-VL-8B-Instruct,hallusionbench,hallusionbench:VD/math/7_1.png,2,no,1,0,1.0,0,0,0.2859613001346588,0.7140387296676636,0.4457286737732822,0.5542713262267178,0.423609674003282,0.5993846350464557
hallusionbench_729_729,Qwen/Qwen3-VL-8B-Instruct,hallusionbench,hallusionbench:VD/math/7_1.png,2,no,0,1,1.0,2,1,0.5810611248016357,0.4189390242099762,0.5370592362511115,0.46294076374888843,0.42508745577303175,0.6109217537300828
hallusionbench_745_745,Qwen/Qwen3-VL-8B-Instruct,hallusionbench,hallusionbench:VD/math/10_1.png,0,yes,0,1,1.0,2,1,0.5459624528884888,0.45403748750686646,0.5814892039791277,0.418510796020872,0.10264136560677745,0.5087647859602012
hallusionbench_774_774,Qwen/Qwen3-VL-8B-Instruct,hallusionbench,hallusionbench:VD/math/15_0.png,4,no,1,0,1.0,0,0,0.304223895072937,0.695776104927063,0.12310161794343515,0.8768983820565649,0.4429901442385812,0.7421310785959061
hallusionbench_777_777,Qwen/Qwen3-VL-8B-Instruct,hallusionbench,hallusionbench:VD/math/15_1.png,2,no,1,0,1.0,1,0,0.6840001344680786,0.3159997761249542,0.45595534804247356,0.5440446519575265,0.4356014170067258,0.6549502111030182
hallusionbench_782_782,Qwen/Qwen3-VL-8B-Instruct,hallusionbench,hallusionbench:VD/math/16_1.png,4,no,1,0,1.0,1,0,0.476592481136322,0.5234074592590332,0.5690256930213162,0.4309743069786842,0.3695155544536388,0.8702311020074185
hallusionbench_802_802,Qwen/Qwen3-VL-8B-Instruct,hallusionbench,hallusionbench:VD/ocr/3_0.png,1,no,0,1,1.0,0,0,0.015228485688567162,0.9847715497016907,0.004234790697333291,0.9957652093026668,0.454568025991222,0.668242934041064
hallusionbench_845_845,Qwen/Qwen3-VL-8B-Instruct,hallusionbench,hallusionbench:VD/ocr/12_1.png,0,yes,0,1,1.0,0,0,0.007150791119784117,0.9928492307662964,0.005232420228657565,0.9947675797713424,0.4733980610645817,0.602210437261892
hallusionbench_858_858,Qwen/Qwen3-VL-8B-Instruct,hallusionbench,hallusionbench:VD/ocr/15_1.png,3,yes,0,1,1.0,0,0,0.007183544337749481,0.9928164482116699,0.004713143200855937,0.9952868567991441,0.4874979262051969,0.6326060217608671
hallusionbench_883_883,Qwen/Qwen3-VL-8B-Instruct,hallusionbench,hallusionbench:VD/figure/1_1.png,3,yes,0,1,1.0,0,0,0.014779483899474144,0.9852205514907837,0.041880612497744746,0.9581193875022552,0.29285595378770285,0.4786235486148723
hallusionbench_895_895,Qwen/Qwen3-VL-8B-Instruct,hallusionbench,hallusionbench:VD/figure/4_1.png,2,no,1,0,1.0,0,0,0.007942242547869682,0.992057740688324,0.0005765638102241016,0.999423436189776,0.25771916464855554,0.67702174830766
hallusionbench_899_899,Qwen/Qwen3-VL-8B-Instruct,hallusionbench,hallusionbench:VD/figure/5_1.png,3,yes,0,1,1.0,0,0,0.09178772568702698,0.9082122445106506,0.1981556693617147,0.8018443306382854,0.41124870871814984,0.6233424241592332
hallusionbench_911_911,Qwen/Qwen3-VL-8B-Instruct,hallusionbench,hallusionbench:VD/figure/8_0.png,1,no,0,1,1.0,2,1,0.6331914663314819,0.36680856347084045,0.7801256315906822,0.2198743684093177,0.46623524519192333,0.7162287124775584
hallusionbench_914_914,Qwen/Qwen3-VL-8B-Instruct,hallusionbench,hallusionbench:VD/figure/8_1.png,0,no,0,1,1.0,0,0,0.0036137772258371115,0.9963862895965576,0.0015281447494102248,0.9984718552505898,0.47212433926984904,0.6071229272028512
hallusionbench_927_927,Qwen/Qwen3-VL-8B-Instruct,hallusionbench,hallusionbench:VD/figure/12_0.png,0,no,0,1,1.0,0,0,0.05000173673033714,0.9499982595443726,0.08723930877982579,0.912760691220174,0.4788242758006276,0.6008366182078213
hallusionbench_930_930,Qwen/Qwen3-VL-8B-Instruct,hallusionbench,hallusionbench:VD/figure/12_1.png,4,no,0,1,1.0,0,0,0.3798907697200775,0.6201094388961792,0.2783528181824296,0.7216471818175707,0.27640697326125113,0.7087601712987066
hallusionbench_934_934,Qwen/Qwen3-VL-8B-Instruct,hallusionbench,hallusionbench:VD/figure/13_1.png,1,no,0,1,1.0,1,0,0.1644299179315567,0.8355700969696045,0.5510372931665933,0.4489627068334066,0.1673787400203723,0.7560209607512501
hallusionbench_936_936,Qwen/Qwen3-VL-8B-Instruct,hallusionbench,hallusionbench:VD/figure/14_0.png,1,yes,0,1,1.0,0,0,0.004171426873654127,0.9958285689353943,0.003980614640613569,0.9960193853593864,0.3743311497475479,0.698352399853737
hallusionbench_957_957,Qwen/Qwen3-VL-8B-Instruct,hallusionbench,hallusionbench:VD/figure/19_1.png,1,no,1,0,1.0,0,0,0.07764054834842682,0.9223594069480896,0.031772364145847436,0.9682276358541526,0.4444799975056793,0.7194201414306874
hallusionbench_960_960,Qwen/Qwen3-VL-8B-Instruct,hallusionbench,hallusionbench:VD/video/0_1.png,1,no,0,1,1.0,1,0,0.57437664270401,0.4256233870983124,0.4681238987292566,0.5318761012707433,0.13929646694854383,0.7051180094261457
pope_random_1172_random_1172,Qwen/Qwen3-VL-8B-Instruct,pope,coco:000000513136,2,no,0,1,1.0,0,0,0.007945748046040535,0.9920542240142822,0.0030212257737495607,0.9969787742262505,0.3802805758512803,0.5247543871624498
pope_random_1246_random_1246,Qwen/Qwen3-VL-8B-Instruct,pope,coco:000000383185,0,no,0,1,1.0,0,0,0.0897282138466835,0.9102718234062195,0.030805414852212398,0.9691945851477876,0.46351131497579967,0.6444004186936483
pope_random_1329_random_1329,Qwen/Qwen3-VL-8B-Instruct,pope,coco:000000287035,0,no,1,0,1.0,0,0,0.11491646617650986,0.8850835561752319,0.051279513237243654,0.9487204867627563,0.13993202218145712,0.5041394559079033
pope_random_1338_random_1338,Qwen/Qwen3-VL-8B-Instruct,pope,coco:000000120648,3,no,0,1,1.0,0,0,0.029620613902807236,0.9703794121742249,0.1626428934706011,0.8373571065293991,0.40177709609312395,0.6964555187184008
pope_random_1386_random_1386,Qwen/Qwen3-VL-8B-Instruct,pope,coco:000000123017,1,no,0,1,1.0,0,0,0.003785493550822139,0.9962144494056702,0.003980614640613569,0.9960193853593864,0.32045037394090303,0.7237911283163663
pope_random_1584_random_1584,Qwen/Qwen3-VL-8B-Instruct,pope,coco:000000198312,1,no,0,1,1.0,0,0,0.009490476921200752,0.9905095100402832,0.007154443492216136,0.9928455565077838,0.4432856031473072,0.6388057026376046
pope_random_1586_random_1586,Qwen/Qwen3-VL-8B-Instruct,pope,coco:000000198312,1,no,0,1,1.0,0,0,0.007371388375759125,0.9926285743713379,0.0038968348542461548,0.9961031651457538,0.4022316821544722,0.6307251601255452
pope_random_188_random_188,Qwen/Qwen3-VL-8B-Instruct,pope,coco:000000063953,3,no,0,1,1.0,0,0,0.013914824463427067,0.9860851764678955,0.0033214547787389953,0.9966785452212611,0.49177705010888195,0.6365967380575345
pope_random_2046_random_2046,Qwen/Qwen3-VL-8B-Instruct,pope,coco:000000348469,3,no,0,1,1.0,0,0,0.048020824790000916,0.9519791603088379,0.028576090364125707,0.9714239096358743,0.4903424700986931,0.6302142621072857
pope_random_204_random_204,Qwen/Qwen3-VL-8B-Instruct,pope,coco:000000553165,4,no,0,1,1.0,0,0,0.003568543354049325,0.9964314699172974,0.0008736021656540463,0.999126397834346,0.4222034834029112,0.8179836309288365
pope_random_220_random_220,Qwen/Qwen3-VL-8B-Instruct,pope,coco:000000498759,4,no,0,1,1.0,0,0,0.028086833655834198,0.9719131588935852,0.08064530638283858,0.9193546936171616,0.461971132506292,0.8040207793228275
pope_random_2790_random_2790,Qwen/Qwen3-VL-8B-Instruct,pope,coco:000000514248,3,no,0,1,1.0,0,0,0.017924033105373383,0.9820759296417236,0.011692621997366256,0.9883073780026337,0.4861520337799915,0.6349031861563071
pope_random_386_random_386,Qwen/Qwen3-VL-8B-Instruct,pope,coco:000000350898,1,no,0,1,1.0,0,0,0.1162060871720314,0.883793830871582,0.17948302510698663,0.8205169748930135,0.19650243674369597,0.7800483726370051
pope_random_492_random_492,Qwen/Qwen3-VL-8B-Instruct,pope,coco:000000069189,4,no,0,1,1.0,0,0,0.008642208762466908,0.9913578033447266,0.0012230072955863658,0.9987769927044137,0.46235593988043094,0.7950061781133716
pope_random_576_random_576,Qwen/Qwen3-VL-8B-Instruct,pope,coco:000000287305,1,no,0,1,1.0,0,0,0.005023306235671043,0.9949766993522644,0.0015525031574757887,0.9984474968425242,0.47440892046434885,0.667748494599075
pope_random_70_random_70,Qwen/Qwen3-VL-8B-Instruct,pope,coco:000000353180,4,no,0,1,1.0,0,0,0.004782765172421932,0.9952172040939331,0.0020962369843552115,0.9979037630156448,0.1766481105330424,0.8924469903994353
pope_random_86_random_86,Qwen/Qwen3-VL-8B-Instruct,pope,coco:000000219622,3,no,0,1,1.0,0,0,0.030573267489671707,0.969426691532135,0.2840754371112328,0.7159245628887674,0.4916839406246993,0.6372122783354759
pope_random_958_random_958,Qwen/Qwen3-VL-8B-Instruct,pope,coco:000000489728,0,no,0,1,1.0,0,0,0.003870100248605013,0.9961298704147339,0.0021013098835522288,0.9978986901164478,0.3364351023676476,0.7503122206855386
vsr_107_107,Qwen/Qwen3-VL-8B-Instruct,vsr,coco:000000320600,2,false,1,0,1.0,0,0,0.05068778619170189,0.9493122100830078,0.014694298409178656,0.9853057015908213,0.2084312310669653,0.8592022925092443
vsr_141_141,Qwen/Qwen3-VL-8B-Instruct,vsr,coco:000000221681,2,true,0,1,1.0,0,0,0.02544218860566616,0.9745578169822693,0.01583546940861398,0.9841645305913861,0.5333363839027955,0.909915551670286
vsr_164_164,Qwen/Qwen3-VL-8B-Instruct,vsr,coco:000000375760,1,false,0,1,1.0,0,0,0.047923825681209564,0.9520761966705322,0.049007741367504944,0.950992258632495,0.4615047686681751,0.642631814816053
vsr_165_165,Qwen/Qwen3-VL-8B-Instruct,vsr,coco:000000563805,2,false,0,1,1.0,0,0,0.07798834890127182,0.9220116138458252,0.011969209927695177,0.9880307900723049,0.4738502731043255,0.8774382072259231
vsr_180_180,Qwen/Qwen3-VL-8B-Instruct,vsr,coco:000000216664,2,false,0,1,1.0,0,0,0.0048002079129219055,0.9951997995376587,0.0027384776377528536,0.9972615223622472,0.39076626840522377,0.5215746304833894
vsr_200_200,Qwen/Qwen3-VL-8B-Instruct,vsr,coco:000000499656,2,true,1,0,1.0,2,0,0.5655785202980042,0.43442124128341675,0.5441669050056478,0.4558330949943522,0.4161680212024504,0.5993085017091369
vsr_211_211,Qwen/Qwen3-VL-8B-Instruct,vsr,coco:000000180296,3,false,0,1,1.0,0,0,0.06697308272123337,0.933026909828186,0.19929087218693345,0.8007091278130667,0.4917963124685164,0.6363078738201685
vsr_235_235,Qwen/Qwen3-VL-8B-Instruct,vsr,coco:000000530730,2,false,1,0,1.0,0,0,0.03950968757271767,0.9604902863502502,0.04909603009242297,0.950903969907577,0.41226238690995837,0.7577996945709822
vsr_249_249,Qwen/Qwen3-VL-8B-Instruct,vsr,coco:000000471871,3,false,0,1,1.0,0,0,0.005889410153031349,0.9941105246543884,0.003974639892894284,0.9960253601071057,0.31871965399434327,0.758260333716052
vsr_280_280,Qwen/Qwen3-VL-8B-Instruct,vsr,coco:000000103582,4,false,0,1,1.0,0,0,0.0956534892320633,0.9043465256690979,0.06992022441645476,0.9300797755835454,0.22044638873782177,0.8734058860262988
vsr_29_29,Qwen/Qwen3-VL-8B-Instruct,vsr,coco:000000252617,3,false,0,1,1.0,0,0,0.006011935882270336,0.993988037109375,0.0018358209873605836,0.9981641790126393,0.4377701538324725,0.6474231665178751
vsr_300_300,Qwen/Qwen3-VL-8B-Instruct,vsr,coco:000000259819,1,false,0,1,1.0,0,0,0.0035483944229781628,0.9964516162872314,0.0065622310227631715,0.9934377689772368,0.3747629556305214,0.6989348442621716
vsr_303_303,Qwen/Qwen3-VL-8B-Instruct,vsr,coco:000000022041,3,false,0,1,1.0,0,0,0.1485428512096405,0.8514571785926819,0.02194418210309391,0.9780558178969061,0.4140656296535008,0.6787490654435538
vsr_30_30,Qwen/Qwen3-VL-8B-Instruct,vsr,coco:000000127381,2,false,0,1,1.0,0,0,0.029297154396772385,0.9707028269767761,0.0009836751376313011,0.9990163248623687,0.3651223720739214,0.5273460934571286
vsr_339_339,Qwen/Qwen3-VL-8B-Instruct,vsr,coco:000000520389,3,false,0,1,1.0,0,0,0.025549106299877167,0.9744508862495422,0.008718974257427042,0.9912810257425728,0.267760894543163,0.46428807947004186
vsr_62_62,Qwen/Qwen3-VL-8B-Instruct,vsr,coco:000000145891,4,true,1,0,1.0,2,0,0.9628758430480957,0.03712420165538788,0.9573801767819414,0.042619823218058746,0.39698053828294877,0.8645776799925681
vsr_63_63,Qwen/Qwen3-VL-8B-Instruct,vsr,coco:000000484173,0,false,0,1,1.0,0,0,0.021686891093850136,0.9783130884170532,0.03426920324632867,0.9657307967536712,0.5039240457020651,0.6365439282773129
vsr_76_76,Qwen/Qwen3-VL-8B-Instruct,vsr,coco:000000473433,4,false,0,1,1.0,0,0,0.005408933851867914,0.9945911169052124,0.0023707808184613827,0.9976292191815386,0.47515765380040587,0.8041489835747124
vsr_97_97,Qwen/Qwen3-VL-8B-Instruct,vsr,coco:000000455365,4,true,1,0,1.0,0,0,0.0020125177688896656,0.9979875087738037,0.0017322390797695584,0.9982677609202304,0.4696678404262583,0.7960306339402913
