Physical GPU 3 has 48657 MiB free.
Preparing both source-only folds before any held-out test access.
===== qwen3_vl_8b state-manifest index =====
Timeout: 600s; bundle remaining: 18000s
{
  "format_version": "state_manifest_v2",
  "state_dir": "outputs/week8_lomo/qwen3_vl_8b/states",
  "files": [
    {
      "path": "outputs/week8_lomo/qwen3_vl_8b/states/states_lomo.jsonl",
      "row_count": 194249,
      "sha256": "0e0c903fe2fe856a1dd59e95dd9d21e6507143d583b605966148e789124ccf38"
    }
  ],
  "row_count": 194249,
  "teacher_row_count": 7291,
  "split_counts": {
    "cal": 20002,
    "test": 20716,
    "train": 134847,
    "val": 18684
  },
  "required_split": null,
  "report_sha256": "674440e5c73afa0b616b317ca473d0308be531878c6d84203ee62adf26005343"
}
	Command being timed: "timeout --signal=TERM --kill-after=5m 600s python scripts/index_state_manifest.py --state_dir outputs/week8_lomo/qwen3_vl_8b/states --output_path outputs/week8_lomo/qwen3_vl_8b/state_manifest.json --expected_teacher_rows 7291 --resume"
	User time (seconds): 3.31
	System time (seconds): 0.18
	Percent of CPU this job got: 99%
	Elapsed (wall clock) time (h:mm:ss or m:ss): 0:03.50
	Average shared text size (kbytes): 0
	Average unshared data size (kbytes): 0
	Average stack size (kbytes): 0
	Average total size (kbytes): 0
	Maximum resident set size (kbytes): 52880
	Average resident set size (kbytes): 0
	Major (requiring I/O) page faults: 0
	Minor (reclaiming a frame) page faults: 14221
	Voluntary context switches: 3
	Involuntary context switches: 9
	Swaps: 0
	File system inputs: 0
	File system outputs: 8
	Socket messages sent: 0
	Socket messages received: 0
	Signals delivered: 0
	Page size (bytes): 4096
	Exit status: 0
qwen3_vl_8b state-manifest index exit code: 0
===== qwen3_vl_8b Deep Sets diagnostic =====
Timeout: 720s; bundle remaining: 17997s
{
  "encoder": "deep_sets",
  "gru_condition": "standard",
  "seed": 42,
  "budgets": [
    1,
    2,
    4
  ],
  "config_approval": "APPROVED",
  "pilot": false,
  "manifest": "outputs/week8_lomo/qwen3_vl_8b/vectorized/vectorized_manifest.json",
  "output": "outputs/week8_lomo/qwen3_vl_8b/checkpoints/diagnostic/diag_deep_sets_standard_seed42.best.pt"
}
2026-09-11 13:08:06,899 INFO [train_diag] epoch=0 train_total=0.823284 score=(0.8753629841408492, 0.4608869631729651)
2026-09-11 13:08:17,359 INFO [train_diag] epoch=1 train_total=0.724589 score=(0.8779870657378909, 0.4732773925193903)
2026-09-11 13:08:28,428 INFO [train_diag] epoch=2 train_total=0.700318 score=(0.88258968561441, 0.4733728023728562)
2026-09-11 13:08:38,410 INFO [train_diag] epoch=3 train_total=0.687424 score=(0.8865481784923673, 0.43245698677253214)
2026-09-11 13:08:48,752 INFO [train_diag] epoch=4 train_total=0.674917 score=(0.8817656660992018, 0.4807884429687068)
2026-09-11 13:08:59,259 INFO [train_diag] epoch=5 train_total=0.670265 score=(0.8821111614616773, 0.46301305566779066)
2026-09-11 13:09:09,670 INFO [train_diag] epoch=6 train_total=0.661338 score=(0.8794129179732905, 0.49850283609257434)
2026-09-11 13:09:20,213 INFO [train_diag] epoch=7 train_total=0.652512 score=(0.8814094511524054, 0.49406036726897246)
2026-09-11 13:09:30,808 INFO [train_diag] epoch=8 train_total=0.647184 score=(0.884011135441401, 0.4896053780690408)
/home/aman/miniconda3/envs/proactive-internvl/lib/python3.11/site-packages/sklearn/metrics/_classification.py:2939: UserWarning: y_pred contains classes not in y_true
  warnings.warn("y_pred contains classes not in y_true")
/home/aman/miniconda3/envs/proactive-internvl/lib/python3.11/site-packages/sklearn/metrics/_classification.py:2939: UserWarning: y_pred contains classes not in y_true
  warnings.warn("y_pred contains classes not in y_true")
/home/aman/miniconda3/envs/proactive-internvl/lib/python3.11/site-packages/sklearn/metrics/_classification.py:2939: UserWarning: y_pred contains classes not in y_true
  warnings.warn("y_pred contains classes not in y_true")
{
  "format_version": "week5_validation_report_v1",
  "encoder_name": "deep_sets",
  "gru_condition": "standard",
  "seed": 42,
  "pilot": false,
  "scientifically_weighted": true,
  "train_rows": 218174,
  "validation_rows": 30241,
  "best_epoch": 3,
  "metrics": {
    "is_valid": true,
    "record_count": 30241,
    "source_bit_micro_f1": 0.880908757786735,
    "source_bit_macro_f1": 0.8865481784923673,
    "source_bit_hamming_loss": 0.12538165625034445,
    "source_bit_auroc": {
      "visual": 0.9698831518390654,
      "language": 0.8654516002760395,
      "alignment": 0.9910260268844594
    },
    "six_way_macro_f1": 0.43245698677253214,
    "six_way_balanced_accuracy": 0.6582279594530763,
    "six_way_confusion_matrix": [
      [
        1757,
        50,
        411,
        18,
        723,
        874
      ],
      [
        53,
        2814,
        470,
        9,
        683,
        4332
      ],
      [
        0,
        0,
        145,
        43,
        26,
        0
      ],
      [
        440,
        336,
        1427,
        12130,
        364,
        95
      ],
      [
        1,
        2,
        14,
        0,
        69,
        0
      ],
      [
        12,
        42,
        112,
        0,
        264,
        2525
      ]
    ],
    "six_way_labels": [
      "visual",
      "language-prior",
      "alignment",
      "mixed",
      "unclear",
      "no-failure"
    ],
    "signature_mse": 0.056548634284785564
  },
  "stratified_metrics": {
    "pooled": {
      "record_count": 30241,
      "source_bit_micro_f1": 0.880908757786735,
      "source_bit_macro_f1": 0.8865481784923673,
      "source_bit_hamming_loss": 0.12538165625034445,
      "source_bit_auroc": {
        "visual": 0.9698831518390654,
        "language": 0.8654516002760395,
        "alignment": 0.9910260268844594
      },
      "six_way_macro_f1": 0.43245698677253214,
      "six_way_balanced_accuracy": 0.6582279594530763,
      "six_way_confusion_matrix": [
        [
          1757,
          50,
          411,
          18,
          723,
          874
        ],
        [
          53,
          2814,
          470,
          9,
          683,
          4332
        ],
        [
          0,
          0,
          145,
          43,
          26,
          0
        ],
        [
          440,
          336,
          1427,
          12130,
          364,
          95
        ],
        [
          1,
          2,
          14,
          0,
          69,
          0
        ],
        [
          12,
          42,
          112,
          0,
          264,
          2525
        ]
      ],
      "six_way_labels": [
        "visual",
        "language-prior",
        "alignment",
        "mixed",
        "unclear",
        "no-failure"
      ],
      "signature_mse": 0.056548634284785564
    },
    "within_dataset": {
      "hallusionbench": {
        "record_count": 3913,
        "source_bit_micro_f1": 0.767260231177757,
        "source_bit_macro_f1": 0.7084512865766549,
        "source_bit_hamming_loss": 0.19039100434449271,
        "source_bit_auroc": {
          "visual": 0.8799213859159044,
          "language": 0.8423313202832153,
          "alignment": 0.85726945410692
        },
        "six_way_macro_f1": 0.34255267029795716,
        "six_way_balanced_accuracy": 0.613696059502704,
        "six_way_confusion_matrix": [
          [
            289,
            12,
            104,
            0,
            123,
            82
          ],
          [
            38,
            632,
            324,
            5,
            373,
            252
          ],
          [
            0,
            0,
            102,
            0,
            25,
            0
          ],
          [
            138,
            190,
            515,
            295,
            223,
            19
          ],
          [
            1,
            2,
            14,
            0,
            69,
            0
          ],
          [
            0,
            0,
            0,
            0,
            0,
            86
          ]
        ],
        "six_way_labels": [
          "visual",
          "language-prior",
          "alignment",
          "mixed",
          "unclear",
          "no-failure"
        ],
        "signature_mse": 0.06145720240933255
      },
      "pope": {
        "record_count": 11544,
        "source_bit_micro_f1": 0.8215613382899628,
        "source_bit_macro_f1": 0.8060102192190818,
        "source_bit_hamming_loss": 0.10533610533610534,
        "source_bit_auroc": {
          "visual": 0.9317355745709229,
          "language": 0.8896744737991857,
          "alignment": 0.9890548687936858
        },
        "six_way_macro_f1": 0.3626125296019524,
        "six_way_balanced_accuracy": 0.5429901666492071,
        "six_way_confusion_matrix": [
          [
            1034,
            7,
            132,
            0,
            227,
            743
          ],
          [
            10,
            2009,
            51,
            0,
            156,
            4032
          ],
          [
            0,
            0,
            0,
            0,
            0,
            0
          ],
          [
            105,
            51,
            151,
            274,
            40,
            59
          ],
          [
            0,
            0,
            0,
            0,
            0,
            0
          ],
          [
            0,
            20,
            10,
            0,
            55,
            2378
          ]
        ],
        "six_way_labels": [
          "visual",
          "language-prior",
          "alignment",
          "mixed",
          "unclear",
          "no-failure"
        ],
        "signature_mse": 0.047540871540174924
      },
      "vizwiz": {
        "record_count": 13476,
        "source_bit_micro_f1": 0.9254700909134332,
        "source_bit_macro_f1": 0.8880629135983344,
        "source_bit_hamming_loss": 0.11578608884931235,
        "source_bit_auroc": {
          "visual": 0.9597592134727762,
          "language": 0.8331950992598729,
          "alignment": 0.9930172386025143
        },
        "six_way_macro_f1": 0.33302239967462394,
        "six_way_balanced_accuracy": 0.44174401731921015,
        "six_way_confusion_matrix": [
          [
            293,
            0,
            128,
            18,
            256,
            0
          ],
          [
            1,
            46,
            34,
            3,
            42,
            0
          ],
          [
            0,
            0,
            43,
            43,
            1,
            0
          ],
          [
            104,
            42,
            704,
            11502,
            45,
            0
          ],
          [
            0,
            0,
            0,
            0,
            0,
            0
          ],
          [
            6,
            3,
            66,
            0,
            96,
            0
          ]
        ],
        "six_way_labels": [
          "visual",
          "language-prior",
          "alignment",
          "mixed",
          "unclear",
          "no-failure"
        ],
        "signature_mse": 0.061901888459133234
      },
      "vsr": {
        "record_count": 1308,
        "source_bit_micro_f1": 0.6952273581360391,
        "source_bit_macro_f1": 0.6668993913354816,
        "source_bit_hamming_loss": 0.2066768603465851,
        "source_bit_auroc": {
          "visual": 0.8048349056603773,
          "language": 0.8650064170315566,
          "alignment": 0.8707700935471554
        },
        "six_way_macro_f1": 0.24671722774448332,
        "six_way_balanced_accuracy": 0.2904252521021908,
        "six_way_confusion_matrix": [
          [
            141,
            31,
            47,
            0,
            117,
            49
          ],
          [
            4,
            127,
            61,
            1,
            112,
            48
          ],
          [
            0,
            0,
            0,
            0,
            0,
            0
          ],
          [
            93,
            53,
            57,
            59,
            56,
            17
          ],
          [
            0,
            0,
            0,
            0,
            0,
            0
          ],
          [
            6,
            19,
            36,
            0,
            113,
            61
          ]
        ],
        "six_way_labels": [
          "visual",
          "language-prior",
          "alignment",
          "mixed",
          "unclear",
          "no-failure"
        ],
        "signature_mse": 0.06621066241851929
      }
    },
    "within_model": {
      "google/gemma-4-E4B-it": {
        "record_count": 30241,
        "source_bit_micro_f1": 0.880908757786735,
        "source_bit_macro_f1": 0.8865481784923673,
        "source_bit_hamming_loss": 0.12538165625034445,
        "source_bit_auroc": {
          "visual": 0.9698831518390654,
          "language": 0.8654516002760395,
          "alignment": 0.9910260268844594
        },
        "six_way_macro_f1": 0.43245698677253214,
        "six_way_balanced_accuracy": 0.6582279594530763,
        "six_way_confusion_matrix": [
          [
            1757,
            50,
            411,
            18,
            723,
            874
          ],
          [
            53,
            2814,
            470,
            9,
            683,
            4332
          ],
          [
            0,
            0,
            145,
            43,
            26,
            0
          ],
          [
            440,
            336,
            1427,
            12130,
            364,
            95
          ],
          [
            1,
            2,
            14,
            0,
            69,
            0
          ],
          [
            12,
            42,
            112,
            0,
            264,
            2525
          ]
        ],
        "six_way_labels": [
          "visual",
          "language-prior",
          "alignment",
          "mixed",
          "unclear",
          "no-failure"
        ],
        "signature_mse": 0.056548634284785564
      }
    },
    "within_budget": {
      "1": {
        "record_count": 4922,
        "source_bit_micro_f1": 0.84421336414404,
        "source_bit_macro_f1": 0.8538804712311113,
        "source_bit_hamming_loss": 0.16436407964242178,
        "source_bit_auroc": {
          "visual": 0.9496835025345787,
          "language": 0.7645533937688613,
          "alignment": 0.987343727213671
        },
        "six_way_macro_f1": 0.3413543616028816,
        "six_way_balanced_accuracy": 0.5783499779408129,
        "six_way_confusion_matrix": [
          [
            159,
            11,
            96,
            2,
            161,
            194
          ],
          [
            15,
            222,
            108,
            2,
            132,
            887
          ],
          [
            0,
            0,
            22,
            7,
            6,
            0
          ],
          [
            60,
            41,
            310,
            1876,
            93,
            25
          ],
          [
            0,
            0,
            3,
            0,
            11,
            0
          ],
          [
            2,
            7,
            19,
            0,
            40,
            411
          ]
        ],
        "six_way_labels": [
          "visual",
          "language-prior",
          "alignment",
          "mixed",
          "unclear",
          "no-failure"
        ],
        "signature_mse": 0.07223490413612346
      },
      "2": {
        "record_count": 8765,
        "source_bit_micro_f1": 0.8670349110076176,
        "source_bit_macro_f1": 0.8738652830432047,
        "source_bit_hamming_loss": 0.14006465107434873,
        "source_bit_auroc": {
          "visual": 0.9616188075225716,
          "language": 0.8333744569438409,
          "alignment": 0.989604767572083
        },
        "six_way_macro_f1": 0.3966672047334396,
        "six_way_balanced_accuracy": 0.6220627432893543,
        "six_way_confusion_matrix": [
          [
            419,
            16,
            140,
            4,
            236,
            295
          ],
          [
            25,
            653,
            160,
            2,
            216,
            1367
          ],
          [
            0,
            0,
            41,
            13,
            7,
            0
          ],
          [
            131,
            96,
            474,
            3439,
            117,
            33
          ],
          [
            1,
            0,
            5,
            0,
            19,
            0
          ],
          [
            5,
            15,
            33,
            0,
            74,
            729
          ]
        ],
        "six_way_labels": [
          "visual",
          "language-prior",
          "alignment",
          "mixed",
          "unclear",
          "no-failure"
        ],
        "signature_mse": 0.06207651190150082
      },
      "4": {
        "record_count": 16554,
        "source_bit_micro_f1": 0.8992093726668836,
        "source_bit_macro_f1": 0.9032294746959679,
        "source_bit_hamming_loss": 0.10601667270750272,
        "source_bit_auroc": {
          "visual": 0.9785724145056305,
          "language": 0.9041785493703369,
          "alignment": 0.9926807438232506
        },
        "six_way_macro_f1": 0.47577767220890177,
        "six_way_balanced_accuracy": 0.701140387106446,
        "six_way_confusion_matrix": [
          [
            1179,
            23,
            175,
            12,
            326,
            385
          ],
          [
            13,
            1939,
            202,
            5,
            335,
            2078
          ],
          [
            0,
            0,
            82,
            23,
            13,
            0
          ],
          [
            249,
            199,
            643,
            6815,
            154,
            37
          ],
          [
            0,
            2,
            6,
            0,
            39,
            0
          ],
          [
            5,
            20,
            60,
            0,
            150,
            1385
          ]
        ],
        "six_way_labels": [
          "visual",
          "language-prior",
          "alignment",
          "mixed",
          "unclear",
          "no-failure"
        ],
        "signature_mse": 0.04895773978685188
      }
    }
  },
  "config_sha256": "0293d3bdbcd91299f7f4ec0e501917e2d40bfcc40b2a33d5591f0ac0330f3d74",
  "source_manifest_sha256": "0109dca021172e495c8920583501a30c326a2a4097152b1323aa8848831142bb",
  "checkpoint_path": "outputs/week8_lomo/qwen3_vl_8b/checkpoints/diagnostic/diag_deep_sets_standard_seed42.best.pt",
  "checkpoint_sha256": "888e8b5c08807175874ccebc6ba6890c32ab7931c56b3f3399fcdc60d74dafd0",
  "report_sha256": "489e1513431a6f131c4ce2c9dec1a3e23e6445c64efadbb8e2ef93ba02d1a84c"
}
	Command being timed: "timeout --signal=TERM --kill-after=5m 720s python scripts/train_diag.py --config configs/experiments/diag_bakeoff.yaml --manifest_path outputs/week8_lomo/qwen3_vl_8b/vectorized/vectorized_manifest.json --encoder deep_sets --seed 42 --device cuda:0 --output_dir outputs/week8_lomo/qwen3_vl_8b/checkpoints/diagnostic --resume"
	User time (seconds): 237.64
	System time (seconds): 38.25
	Percent of CPU this job got: 271%
	Elapsed (wall clock) time (h:mm:ss or m:ss): 1:41.75
	Average shared text size (kbytes): 0
	Average unshared data size (kbytes): 0
	Average stack size (kbytes): 0
	Average total size (kbytes): 0
	Maximum resident set size (kbytes): 1509888
	Average resident set size (kbytes): 0
	Major (requiring I/O) page faults: 587
	Minor (reclaiming a frame) page faults: 2257642
	Voluntary context switches: 1555143
	Involuntary context switches: 179329
	Swaps: 0
	File system inputs: 157400
	File system outputs: 41312
	Socket messages sent: 0
	Socket messages received: 0
	Signals delivered: 0
	Page size (bytes): 4096
	Exit status: 0
qwen3_vl_8b Deep Sets diagnostic exit code: 0
===== qwen3_vl_8b clean diagnostic =====
Timeout: 300s; bundle remaining: 17895s
{
  "encoder": "clean_mlp",
  "gru_condition": "standard",
  "seed": 42,
  "budgets": [
    1,
    2,
    4
  ],
  "config_approval": "APPROVED",
  "pilot": false,
  "manifest": "outputs/week8_lomo/qwen3_vl_8b/vectorized/vectorized_manifest.json",
  "output": "outputs/week8_lomo/qwen3_vl_8b/checkpoints/diagnostic/diag_clean_mlp_standard_seed42.best.pt"
}
2026-09-11 13:09:37,966 INFO [train_diag] epoch=0 train_total=1.411698 score=(0.7800957680308711, 0.21947586060648902)
2026-09-11 13:09:38,631 INFO [train_diag] epoch=1 train_total=1.189160 score=(0.7827880295804824, 0.30883238611629)
2026-09-11 13:09:39,277 INFO [train_diag] epoch=2 train_total=1.137305 score=(0.7907672195948483, 0.20880566507680884)
2026-09-11 13:09:39,997 INFO [train_diag] epoch=3 train_total=1.142081 score=(0.7747184379792712, 0.32301279102213376)
2026-09-11 13:09:40,703 INFO [train_diag] epoch=4 train_total=1.122134 score=(0.7828370355902262, 0.2200782568505487)
2026-09-11 13:09:41,407 INFO [train_diag] epoch=5 train_total=1.105596 score=(0.7891181858452977, 0.2642055415500353)
2026-09-11 13:09:42,096 INFO [train_diag] epoch=6 train_total=1.108310 score=(0.7856641443081797, 0.2781527788796998)
2026-09-11 13:09:42,793 INFO [train_diag] epoch=7 train_total=1.096552 score=(0.7875118065707701, 0.23649671983253992)
/home/aman/miniconda3/envs/proactive-internvl/lib/python3.11/site-packages/sklearn/metrics/_classification.py:2939: UserWarning: y_pred contains classes not in y_true
  warnings.warn("y_pred contains classes not in y_true")
/home/aman/miniconda3/envs/proactive-internvl/lib/python3.11/site-packages/sklearn/metrics/_classification.py:2939: UserWarning: y_pred contains classes not in y_true
  warnings.warn("y_pred contains classes not in y_true")
/home/aman/miniconda3/envs/proactive-internvl/lib/python3.11/site-packages/sklearn/metrics/_classification.py:2939: UserWarning: y_pred contains classes not in y_true
  warnings.warn("y_pred contains classes not in y_true")
{
  "format_version": "week5_validation_report_v1",
  "encoder_name": "clean_mlp",
  "gru_condition": "standard",
  "seed": 42,
  "pilot": false,
  "scientifically_weighted": true,
  "train_rows": 5059,
  "validation_rows": 2106,
  "best_epoch": 2,
  "metrics": {
    "is_valid": true,
    "record_count": 2106,
    "source_bit_micro_f1": 0.7827311121539183,
    "source_bit_macro_f1": 0.7907672195948483,
    "source_bit_hamming_loss": 0.2198480531813865,
    "source_bit_auroc": {
      "visual": 0.9235716672235215,
      "language": 0.5644863236730706,
      "alignment": 0.9831296839361355
    },
    "six_way_macro_f1": 0.20880566507680884,
    "six_way_balanced_accuracy": 0.3513233864974561,
    "six_way_confusion_matrix": [
      [
        0,
        0,
        60,
        0,
        36,
        171
      ],
      [
        0,
        0,
        36,
        0,
        48,
        501
      ],
      [
        0,
        0,
        6,
        3,
        6,
        0
      ],
      [
        0,
        0,
        144,
        789,
        45,
        51
      ],
      [
        0,
        0,
        0,
        0,
        0,
        6
      ],
      [
        0,
        0,
        6,
        0,
        6,
        192
      ]
    ],
    "six_way_labels": [
      "visual",
      "language-prior",
      "alignment",
      "mixed",
      "unclear",
      "no-failure"
    ],
    "signature_mse": 0.09089927135821207
  },
  "stratified_metrics": {
    "pooled": {
      "record_count": 2106,
      "source_bit_micro_f1": 0.7827311121539183,
      "source_bit_macro_f1": 0.7907672195948483,
      "source_bit_hamming_loss": 0.2198480531813865,
      "source_bit_auroc": {
        "visual": 0.9235716672235215,
        "language": 0.5644863236730706,
        "alignment": 0.9831296839361355
      },
      "six_way_macro_f1": 0.20880566507680884,
      "six_way_balanced_accuracy": 0.3513233864974561,
      "six_way_confusion_matrix": [
        [
          0,
          0,
          60,
          0,
          36,
          171
        ],
        [
          0,
          0,
          36,
          0,
          48,
          501
        ],
        [
          0,
          0,
          6,
          3,
          6,
          0
        ],
        [
          0,
          0,
          144,
          789,
          45,
          51
        ],
        [
          0,
          0,
          0,
          0,
          0,
          6
        ],
        [
          0,
          0,
          6,
          0,
          6,
          192
        ]
      ],
      "six_way_labels": [
        "visual",
        "language-prior",
        "alignment",
        "mixed",
        "unclear",
        "no-failure"
      ],
      "signature_mse": 0.09089927135821207
    },
    "within_dataset": {
      "hallusionbench": {
        "record_count": 273,
        "source_bit_micro_f1": 0.6493506493506493,
        "source_bit_macro_f1": 0.5558204799144902,
        "source_bit_hamming_loss": 0.2967032967032967,
        "source_bit_auroc": {
          "visual": 0.6952169076751946,
          "language": 0.5364583333333334,
          "alignment": 0.7204301075268817
        },
        "six_way_macro_f1": 0.05770308123249299,
        "six_way_balanced_accuracy": 0.2881944444444444,
        "six_way_confusion_matrix": [
          [
            0,
            0,
            15,
            0,
            6,
            21
          ],
          [
            0,
            0,
            15,
            0,
            36,
            63
          ],
          [
            0,
            0,
            6,
            0,
            3,
            0
          ],
          [
            0,
            0,
            45,
            6,
            21,
            24
          ],
          [
            0,
            0,
            0,
            0,
            0,
            6
          ],
          [
            0,
            0,
            0,
            0,
            0,
            6
          ]
        ],
        "six_way_labels": [
          "visual",
          "language-prior",
          "alignment",
          "mixed",
          "unclear",
          "no-failure"
        ],
        "signature_mse": 0.10141017743314015
      },
      "pope": {
        "record_count": 807,
        "source_bit_micro_f1": 0.6640471512770137,
        "source_bit_macro_f1": 0.5976535541752933,
        "source_bit_hamming_loss": 0.21189591078066913,
        "source_bit_auroc": {
          "visual": 0.7911764705882354,
          "language": 0.429225432211101,
          "alignment": 0.9749823819591261
        },
        "six_way_macro_f1": 0.06312292358803986,
        "six_way_balanced_accuracy": 0.25,
        "six_way_confusion_matrix": [
          [
            0,
            0,
            15,
            0,
            18,
            117
          ],
          [
            0,
            0,
            6,
            0,
            6,
            426
          ],
          [
            0,
            0,
            0,
            0,
            0,
            0
          ],
          [
            0,
            0,
            21,
            0,
            9,
            18
          ],
          [
            0,
            0,
            0,
            0,
            0,
            0
          ],
          [
            0,
            0,
            0,
            0,
            0,
            171
          ]
        ],
        "six_way_labels": [
          "visual",
          "language-prior",
          "alignment",
          "mixed",
          "unclear",
          "no-failure"
        ],
        "signature_mse": 0.08513556135042231
      },
      "vizwiz": {
        "record_count": 939,
        "source_bit_micro_f1": 0.8659638554216867,
        "source_bit_macro_f1": 0.6712097428328061,
        "source_bit_hamming_loss": 0.18956336528221512,
        "source_bit_auroc": {
          "visual": 0.9205426356589147,
          "language": 0.5057328015952144,
          "alignment": 0.9918546365914787
        },
        "six_way_macro_f1": 0.15818181818181817,
        "six_way_balanced_accuracy": 0.18125,
        "six_way_confusion_matrix": [
          [
            0,
            0,
            30,
            0,
            6,
            12
          ],
          [
            0,
            0,
            6,
            0,
            0,
            3
          ],
          [
            0,
            0,
            0,
            3,
            3,
            0
          ],
          [
            0,
            0,
            69,
            783,
            12,
            0
          ],
          [
            0,
            0,
            0,
            0,
            0,
            0
          ],
          [
            0,
            0,
            6,
            0,
            6,
            0
          ]
        ],
        "six_way_labels": [
          "visual",
          "language-prior",
          "alignment",
          "mixed",
          "unclear",
          "no-failure"
        ],
        "signature_mse": 0.0905958607968417
      },
      "vsr": {
        "record_count": 87,
        "source_bit_micro_f1": 0.47619047619047616,
        "source_bit_macro_f1": 0.43684210526315786,
        "source_bit_hamming_loss": 0.3793103448275862,
        "source_bit_auroc": {
          "visual": 0.5047619047619047,
          "language": 0.3605769230769231,
          "alignment": 0.8076923076923076
        },
        "six_way_macro_f1": 0.07246376811594203,
        "six_way_balanced_accuracy": 0.25,
        "six_way_confusion_matrix": [
          [
            0,
            0,
            0,
            0,
            6,
            21
          ],
          [
            0,
            0,
            9,
            0,
            6,
            9
          ],
          [
            0,
            0,
            0,
            0,
            0,
            0
          ],
          [
            0,
            0,
            9,
            0,
            3,
            9
          ],
          [
            0,
            0,
            0,
            0,
            0,
            0
          ],
          [
            0,
            0,
            0,
            0,
            0,
            15
          ]
        ],
        "six_way_labels": [
          "visual",
          "language-prior",
          "alignment",
          "mixed",
          "unclear",
          "no-failure"
        ],
        "signature_mse": 0.1146548935991051
      }
    },
    "within_model": {
      "google/gemma-4-E4B-it": {
        "record_count": 2106,
        "source_bit_micro_f1": 0.7827311121539183,
        "source_bit_macro_f1": 0.7907672195948483,
        "source_bit_hamming_loss": 0.2198480531813865,
        "source_bit_auroc": {
          "visual": 0.9235716672235215,
          "language": 0.5644863236730706,
          "alignment": 0.9831296839361355
        },
        "six_way_macro_f1": 0.20880566507680884,
        "six_way_balanced_accuracy": 0.3513233864974561,
        "six_way_confusion_matrix": [
          [
            0,
            0,
            60,
            0,
            36,
            171
          ],
          [
            0,
            0,
            36,
            0,
            48,
            501
          ],
          [
            0,
            0,
            6,
            3,
            6,
            0
          ],
          [
            0,
            0,
            144,
            789,
            45,
            51
          ],
          [
            0,
            0,
            0,
            0,
            0,
            6
          ],
          [
            0,
            0,
            6,
            0,
            6,
            192
          ]
        ],
        "six_way_labels": [
          "visual",
          "language-prior",
          "alignment",
          "mixed",
          "unclear",
          "no-failure"
        ],
        "signature_mse": 0.09089927135821207
      }
    },
    "within_budget": {
      "1": {
        "record_count": 702,
        "source_bit_micro_f1": 0.7827311121539183,
        "source_bit_macro_f1": 0.7907672195948483,
        "source_bit_hamming_loss": 0.2198480531813865,
        "source_bit_auroc": {
          "visual": 0.9235716672235215,
          "language": 0.5644863236730706,
          "alignment": 0.9831296839361355
        },
        "six_way_macro_f1": 0.20880566507680884,
        "six_way_balanced_accuracy": 0.3513233864974561,
        "six_way_confusion_matrix": [
          [
            0,
            0,
            20,
            0,
            12,
            57
          ],
          [
            0,
            0,
            12,
            0,
            16,
            167
          ],
          [
            0,
            0,
            2,
            1,
            2,
            0
          ],
          [
            0,
            0,
            48,
            263,
            15,
            17
          ],
          [
            0,
            0,
            0,
            0,
            0,
            2
          ],
          [
            0,
            0,
            2,
            0,
            2,
            64
          ]
        ],
        "six_way_labels": [
          "visual",
          "language-prior",
          "alignment",
          "mixed",
          "unclear",
          "no-failure"
        ],
        "signature_mse": 0.09089927135794354
      },
      "2": {
        "record_count": 702,
        "source_bit_micro_f1": 0.7827311121539183,
        "source_bit_macro_f1": 0.7907672195948483,
        "source_bit_hamming_loss": 0.2198480531813865,
        "source_bit_auroc": {
          "visual": 0.9235716672235215,
          "language": 0.5644863236730706,
          "alignment": 0.9831296839361355
        },
        "six_way_macro_f1": 0.20880566507680884,
        "six_way_balanced_accuracy": 0.3513233864974561,
        "six_way_confusion_matrix": [
          [
            0,
            0,
            20,
            0,
            12,
            57
          ],
          [
            0,
            0,
            12,
            0,
            16,
            167
          ],
          [
            0,
            0,
            2,
            1,
            2,
            0
          ],
          [
            0,
            0,
            48,
            263,
            15,
            17
          ],
          [
            0,
            0,
            0,
            0,
            0,
            2
          ],
          [
            0,
            0,
            2,
            0,
            2,
            64
          ]
        ],
        "six_way_labels": [
          "visual",
          "language-prior",
          "alignment",
          "mixed",
          "unclear",
          "no-failure"
        ],
        "signature_mse": 0.09089927135794354
      },
      "4": {
        "record_count": 702,
        "source_bit_micro_f1": 0.7827311121539183,
        "source_bit_macro_f1": 0.7907672195948483,
        "source_bit_hamming_loss": 0.2198480531813865,
        "source_bit_auroc": {
          "visual": 0.9235716672235215,
          "language": 0.5644863236730706,
          "alignment": 0.9831296839361355
        },
        "six_way_macro_f1": 0.20880566507680884,
        "six_way_balanced_accuracy": 0.3513233864974561,
        "six_way_confusion_matrix": [
          [
            0,
            0,
            20,
            0,
            12,
            57
          ],
          [
            0,
            0,
            12,
            0,
            16,
            167
          ],
          [
            0,
            0,
            2,
            1,
            2,
            0
          ],
          [
            0,
            0,
            48,
            263,
            15,
            17
          ],
          [
            0,
            0,
            0,
            0,
            0,
            2
          ],
          [
            0,
            0,
            2,
            0,
            2,
            64
          ]
        ],
        "six_way_labels": [
          "visual",
          "language-prior",
          "alignment",
          "mixed",
          "unclear",
          "no-failure"
        ],
        "signature_mse": 0.09089927135874909
      }
    }
  },
  "config_sha256": "0293d3bdbcd91299f7f4ec0e501917e2d40bfcc40b2a33d5591f0ac0330f3d74",
  "source_manifest_sha256": "0109dca021172e495c8920583501a30c326a2a4097152b1323aa8848831142bb",
  "checkpoint_path": "outputs/week8_lomo/qwen3_vl_8b/checkpoints/diagnostic/diag_clean_mlp_standard_seed42.best.pt",
  "checkpoint_sha256": "42de7d52388a3646e9c9ea91c5c4cfd63f56905c9ff62d3514de8bcb1977630f",
  "report_sha256": "b3ac1e35e4e877e2f44224f66f59812cfa1a4df1f86ac9f8e75f009827afe26a"
}
	Command being timed: "timeout --signal=TERM --kill-after=5m 300s python scripts/train_diag.py --config configs/experiments/diag_bakeoff.yaml --manifest_path outputs/week8_lomo/qwen3_vl_8b/vectorized/vectorized_manifest.json --encoder clean_mlp --seed 42 --device cuda:0 --output_dir outputs/week8_lomo/qwen3_vl_8b/checkpoints/diagnostic --resume"
	User time (seconds): 17.45
	System time (seconds): 11.70
	Percent of CPU this job got: 278%
	Elapsed (wall clock) time (h:mm:ss or m:ss): 0:10.45
	Average shared text size (kbytes): 0
	Average unshared data size (kbytes): 0
	Average stack size (kbytes): 0
	Average total size (kbytes): 0
	Maximum resident set size (kbytes): 1320764
	Average resident set size (kbytes): 0
	Major (requiring I/O) page faults: 0
	Minor (reclaiming a frame) page faults: 798180
	Voluntary context switches: 45130
	Involuntary context switches: 144981
	Swaps: 0
	File system inputs: 0
	File system outputs: 21776
	Socket messages sent: 0
	Socket messages received: 0
	Signals delivered: 0
	Page size (bytes): 4096
	Exit status: 0
qwen3_vl_8b clean diagnostic exit code: 0
===== qwen3_vl_8b diagnostic freeze =====
Timeout: 300s; bundle remaining: 17885s
{
  "artifacts": {
    "clean_checkpoint": {
      "path": "outputs/week8_lomo/qwen3_vl_8b/checkpoints/diagnostic/diag_clean_mlp_standard_seed42.best.pt",
      "sha256": "42de7d52388a3646e9c9ea91c5c4cfd63f56905c9ff62d3514de8bcb1977630f"
    },
    "diagnostic_checkpoint": {
      "path": "outputs/week8_lomo/qwen3_vl_8b/checkpoints/diagnostic/diag_deep_sets_standard_seed42.best.pt",
      "sha256": "888e8b5c08807175874ccebc6ba6890c32ab7931c56b3f3399fcdc60d74dafd0"
    },
    "diagnostic_config": {
      "path": "configs/experiments/diag_bakeoff.yaml",
      "sha256": "0293d3bdbcd91299f7f4ec0e501917e2d40bfcc40b2a33d5591f0ac0330f3d74"
    },
    "fold_manifest": {
      "path": "outputs/week8_lomo/qwen3_vl_8b/lomo_fold_manifest.json",
      "sha256": "26e7a5ffe9ae743cd5c077517f073379721b714233a4a1e696c6d3a60a9f311b"
    },
    "policy_config": {
      "path": "configs/experiments/policy_train.yaml",
      "sha256": "33e88aa1bbc4dbaa47309015be7e6e188523dcdf5416cf64d1703aa4c442c9eb"
    },
    "selection_report": {
      "path": "outputs/week8_lomo/qwen3_vl_8b/freeze/lomo_predeclared_selection.json",
      "sha256": "5f2ef48fab61da3057435aa18a25f46941fe2e5da072b9f8322a0b88140eae35"
    }
  },
  "format_version": "proactive_stack_freeze_v1",
  "freeze_sha256": "ddcc9ed76bc2b7512825c1b822ac501db440cf98815fced6ae954c3df3a1f2af",
  "owner_approved": true,
  "status": "FROZEN"
}

	Command being timed: "timeout --signal=TERM --kill-after=5m 300s python scripts/freeze_lomo_stack.py --stage diagnostic --fold_manifest outputs/week8_lomo/qwen3_vl_8b/lomo_fold_manifest.json --diagnostic_checkpoint outputs/week8_lomo/qwen3_vl_8b/checkpoints/diagnostic/diag_deep_sets_standard_seed42.best.pt --clean_checkpoint outputs/week8_lomo/qwen3_vl_8b/checkpoints/diagnostic/diag_clean_mlp_standard_seed42.best.pt --output_dir outputs/week8_lomo/qwen3_vl_8b/freeze --approve_freeze --overwrite"
	User time (seconds): 1.78
	System time (seconds): 5.39
	Percent of CPU this job got: 549%
	Elapsed (wall clock) time (h:mm:ss or m:ss): 0:01.30
	Average shared text size (kbytes): 0
	Average unshared data size (kbytes): 0
	Average stack size (kbytes): 0
	Average total size (kbytes): 0
	Maximum resident set size (kbytes): 429944
	Average resident set size (kbytes): 0
	Major (requiring I/O) page faults: 0
	Minor (reclaiming a frame) page faults: 60917
	Voluntary context switches: 172
	Involuntary context switches: 96311
	Swaps: 0
	File system inputs: 0
	File system outputs: 16
	Socket messages sent: 0
	Socket messages received: 0
	Signals delivered: 0
	Page size (bytes): 4096
	Exit status: 0
qwen3_vl_8b diagnostic freeze exit code: 0
===== qwen3_vl_8b temporary validation APS =====
Timeout: 180s; bundle remaining: 17883s
{
  "format_version": "temporary_validation_aps_v1",
  "status": "TEMPORARY_NOT_FINAL_CALIBRATION",
  "fit_split": "val",
  "calibration_split_used": false,
  "test_split_used": false,
  "config_sha256": "0293d3bdbcd91299f7f4ec0e501917e2d40bfcc40b2a33d5591f0ac0330f3d74",
  "checkpoint_path": "outputs/week8_lomo/qwen3_vl_8b/checkpoints/diagnostic/diag_deep_sets_standard_seed42.best.pt",
  "checkpoint_sha256": "888e8b5c08807175874ccebc6ba6890c32ab7931c56b3f3399fcdc60d74dafd0",
  "source_manifest_sha256": "0109dca021172e495c8920583501a30c326a2a4097152b1323aa8848831142bb",
  "budgets": [
    1,
    2,
    3,
    4,
    7
  ],
  "coverages": [
    0.9,
    0.95
  ],
  "limit": null,
  "thresholds": {
    "1": {
      "0.9": {
        "alpha": 0.09999999999999998,
        "target_coverage": 0.9,
        "threshold": 0.9999186992645264,
        "calibration_count": 4922,
        "validation_metrics": {
          "coverage": 0.9002438033319788,
          "average_set_size": 3.3969930922389273,
          "singleton_rate": 0.15603413246647704,
          "empty_set_rate": 0.06704591629418935
        }
      },
      "0.95": {
        "alpha": 0.050000000000000044,
        "target_coverage": 0.95,
        "threshold": 0.999962329864502,
        "calibration_count": 4922,
        "validation_metrics": {
          "coverage": 0.9502234863876473,
          "average_set_size": 3.542868752539618,
          "singleton_rate": 0.1542056074766355,
          "empty_set_rate": 0.018082080455099552
        }
      }
    },
    "2": {
      "0.9": {
        "alpha": 0.09999999999999998,
        "target_coverage": 0.9,
        "threshold": 0.9999258518218994,
        "calibration_count": 8765,
        "validation_metrics": {
          "coverage": 0.9001711351968055,
          "average_set_size": 3.1923559612093553,
          "singleton_rate": 0.18687963491158016,
          "empty_set_rate": 0.07415858528237307
        }
      },
      "0.95": {
        "alpha": 0.050000000000000044,
        "target_coverage": 0.95,
        "threshold": 0.9999855756759644,
        "calibration_count": 8765,
        "validation_metrics": {
          "coverage": 0.9501426126640046,
          "average_set_size": 3.5196805476326296,
          "singleton_rate": 0.11694238448374215,
          "empty_set_rate": 0.026126640045636054
        }
      }
    },
    "3": {
      "0.9": {
        "alpha": 0.09999999999999998,
        "target_coverage": 0.9,
        "threshold": 0.9999511241912842,
        "calibration_count": 12701,
        "validation_metrics": {
          "coverage": 0.9000866073537517,
          "average_set_size": 3.0798362333674514,
          "singleton_rate": 0.19155971970710967,
          "empty_set_rate": 0.07952129753562712
        }
      },
      "0.95": {
        "alpha": 0.050000000000000044,
        "target_coverage": 0.95,
        "threshold": 0.9999947547912598,
        "calibration_count": 12701,
        "validation_metrics": {
          "coverage": 0.9500826706558538,
          "average_set_size": 3.5623179277222268,
          "singleton_rate": 0.10337768679631525,
          "empty_set_rate": 0.03172978505629478
        }
      }
    },
    "4": {
      "0.9": {
        "alpha": 0.09999999999999998,
        "target_coverage": 0.9,
        "threshold": 0.9999666213989258,
        "calibration_count": 16554,
        "validation_metrics": {
          "coverage": 0.900144980065241,
          "average_set_size": 2.9896097619910598,
          "singleton_rate": 0.20067657363779148,
          "empty_set_rate": 0.08324272079255769
        }
      },
      "0.95": {
        "alpha": 0.050000000000000044,
        "target_coverage": 0.95,
        "threshold": 0.9999979734420776,
        "calibration_count": 16554,
        "validation_metrics": {
          "coverage": 0.95070677781805,
          "average_set_size": 3.650477226048085,
          "singleton_rate": 0.07792678506705328,
          "empty_set_rate": 0.035036849099915425
        }
      }
    },
    "7": {
      "0.9": {
        "alpha": 0.09999999999999998,
        "target_coverage": 0.9,
        "threshold": 0.9999772310256958,
        "calibration_count": 18684,
        "validation_metrics": {
          "coverage": 0.9002890173410405,
          "average_set_size": 2.948244487261828,
          "singleton_rate": 0.2118925283665168,
          "empty_set_rate": 0.08558124598587026
        }
      },
      "0.95": {
        "alpha": 0.050000000000000044,
        "target_coverage": 0.95,
        "threshold": 0.9999986886978149,
        "calibration_count": 18684,
        "validation_metrics": {
          "coverage": 0.9514557910511667,
          "average_set_size": 3.639798758295868,
          "singleton_rate": 0.07332476985656176,
          "empty_set_rate": 0.03623421108970242
        }
      }
    }
  },
  "report_sha256": "fe0d01a49efea8382533f3c81412afe075f8b6e60fa256c5b53a231bab153b9b"
}
	Command being timed: "timeout --signal=TERM --kill-after=5m 180s python scripts/fit_temporary_aps.py --config configs/experiments/diag_bakeoff.yaml --manifest_path outputs/week8_lomo/qwen3_vl_8b/vectorized/vectorized_manifest.json --checkpoint outputs/week8_lomo/qwen3_vl_8b/checkpoints/diagnostic/diag_deep_sets_standard_seed42.best.pt --output_dir outputs/week8_lomo/qwen3_vl_8b/temporary_aps --seed 42 --device cuda:0 --resume"
	User time (seconds): 13.88
	System time (seconds): 6.11
	Percent of CPU this job got: 233%
	Elapsed (wall clock) time (h:mm:ss or m:ss): 0:08.57
	Average shared text size (kbytes): 0
	Average unshared data size (kbytes): 0
	Average stack size (kbytes): 0
	Average total size (kbytes): 0
	Maximum resident set size (kbytes): 1044104
	Average resident set size (kbytes): 0
	Major (requiring I/O) page faults: 0
	Minor (reclaiming a frame) page faults: 195650
	Voluntary context switches: 508
	Involuntary context switches: 154478
	Swaps: 0
	File system inputs: 0
	File system outputs: 16
	Socket messages sent: 0
	Socket messages received: 0
	Signals delivered: 0
	Page size (bytes): 4096
	Exit status: 0
qwen3_vl_8b temporary validation APS exit code: 0
===== qwen3_vl_8b VOI targets =====
Timeout: 1080s; bundle remaining: 17875s
2026-09-11 13:15:31,344 INFO [build_voi_targets] Processed 248415 target rows from outputs/week8_lomo/qwen3_vl_8b/states/states_lomo.jsonl
{
  "format_version": "week6_voi_manifest_v1",
  "config_sha256": "33e88aa1bbc4dbaa47309015be7e6e188523dcdf5416cf64d1703aa4c442c9eb",
  "vector_manifest_sha256": "0109dca021172e495c8920583501a30c326a2a4097152b1323aa8848831142bb",
  "state_manifest_sha256": "e4e66f4f30536ce3864c8e8bd8a8c2195035083da8d1f9735d614129aef4b9f5",
  "freeze_manifest_sha256": "e62e710c549b2ab49e8a5e111906b490b3eda818dea44576c1b39cfde2a5244f",
  "checkpoint_sha256": "888e8b5c08807175874ccebc6ba6890c32ab7931c56b3f3399fcdc60d74dafd0",
  "temporary_aps_sha256": "c1da4f8fd0fdd1663cff5762d12c15973bb39903e9388668378d6409139d1366",
  "limit": null,
  "status": "COMPLETE",
  "fit_splits": [
    "train",
    "val"
  ],
  "calibration_used": false,
  "test_used": false,
  "budgets": [
    1,
    2,
    4
  ],
  "eta_loss": 0.25,
  "cost_multipliers": [
    0.0,
    0.05,
    0.1,
    0.2,
    0.4
  ],
  "target_coverage": 0.9,
  "row_count": 248415,
  "split_counts": {
    "train": 218174,
    "val": 30241
  },
  "sign_counts": {
    "0": {
      "zero": 248415,
      "positive": 524714,
      "negative": 151747
    },
    "0.05": {
      "zero": 248415,
      "positive": 261001,
      "negative": 415460
    },
    "0.1": {
      "zero": 248415,
      "positive": 231210,
      "negative": 445251
    },
    "0.2": {
      "zero": 248415,
      "positive": 207009,
      "negative": 469452
    },
    "0.4": {
      "zero": 248415,
      "positive": 199457,
      "negative": 477004
    }
  },
  "best_action_counts": {
    "0": {
      "blank": 73221,
      "stop": 101060,
      "grounding": 9970,
      "crop": 12127,
      "blur": 35744,
      "brightness": 8459,
      "noise": 7510,
      "relation": 324
    },
    "0.05": {
      "blank": 65956,
      "stop": 131954,
      "grounding": 7110,
      "blur": 23815,
      "brightness": 6071,
      "crop": 8222,
      "noise": 4977,
      "relation": 310
    },
    "0.1": {
      "blank": 62986,
      "stop": 136690,
      "grounding": 6317,
      "blur": 23157,
      "brightness": 5908,
      "crop": 8135,
      "noise": 4920,
      "relation": 302
    },
    "0.2": {
      "blank": 56628,
      "stop": 145852,
      "grounding": 6014,
      "blur": 20883,
      "crop": 8055,
      "noise": 4883,
      "brightness": 5820,
      "relation": 280
    },
    "0.4": {
      "blank": 55127,
      "stop": 148211,
      "grounding": 5895,
      "blur": 20582,
      "crop": 7885,
      "noise": 4843,
      "brightness": 5615,
      "relation": 257
    }
  },
  "files": [
    {
      "path": "states_lomo__train.jsonl",
      "split": "train",
      "row_count": 218174,
      "sha256": "fcf7ac08f748d8c69e947ea8716cf234cf1ad8731a88b5db8e85956f4247cef7",
      "source_state_path": "outputs/week8_lomo/qwen3_vl_8b/states/states_lomo.jsonl",
      "source_state_sha256": "0e0c903fe2fe856a1dd59e95dd9d21e6507143d583b605966148e789124ccf38",
      "source_teacher_path": "outputs/week8_lomo/qwen3_vl_8b/teachers/teacher_lomo.jsonl",
      "source_teacher_sha256": "8ba8340b05b2f9e37904dffe1cc7e75345fd8cf08175be2081c11228dbce5f7f"
    },
    {
      "path": "states_lomo__val.jsonl",
      "split": "val",
      "row_count": 30241,
      "sha256": "dcc9e67aeb50e934766ff4ff0dbc328d795cddf1c2bf4eb77a2e3256532a78b8",
      "source_state_path": "outputs/week8_lomo/qwen3_vl_8b/states/states_lomo.jsonl",
      "source_state_sha256": "0e0c903fe2fe856a1dd59e95dd9d21e6507143d583b605966148e789124ccf38",
      "source_teacher_path": "outputs/week8_lomo/qwen3_vl_8b/teachers/teacher_lomo.jsonl",
      "source_teacher_sha256": "8ba8340b05b2f9e37904dffe1cc7e75345fd8cf08175be2081c11228dbce5f7f"
    }
  ],
  "manifest_sha256": "ca9dbc26eaadb8b63013c199ceb22a943c2d0f82c14bef2d8ec0295865905f54"
}
	Command being timed: "timeout --signal=TERM --kill-after=5m 1080s python scripts/build_voi_targets.py --config configs/experiments/policy_train.yaml --manifest_path outputs/week8_lomo/qwen3_vl_8b/vectorized/vectorized_manifest.json --state_manifest outputs/week8_lomo/qwen3_vl_8b/state_manifest.json --state_dir outputs/week8_lomo/qwen3_vl_8b/states --checkpoint outputs/week8_lomo/qwen3_vl_8b/checkpoints/diagnostic/diag_deep_sets_standard_seed42.best.pt --freeze_manifest outputs/week8_lomo/qwen3_vl_8b/freeze/lomo_diagnostic_freeze.json --temporary_aps outputs/week8_lomo/qwen3_vl_8b/temporary_aps/temporary_aps_deep_sets_standard_seed42.json --teacher_path outputs/week8_lomo/qwen3_vl_8b/teachers --output_dir outputs/week8_lomo/qwen3_vl_8b/voi --seed 42 --inference_batch_size 512 --device cuda:0 --resume"
	User time (seconds): 329.22
	System time (seconds): 15.79
	Percent of CPU this job got: 101%
	Elapsed (wall clock) time (h:mm:ss or m:ss): 5:39.27
	Average shared text size (kbytes): 0
	Average unshared data size (kbytes): 0
	Average stack size (kbytes): 0
	Average total size (kbytes): 0
	Maximum resident set size (kbytes): 10957740
	Average resident set size (kbytes): 0
	Major (requiring I/O) page faults: 0
	Minor (reclaiming a frame) page faults: 2672700
	Voluntary context switches: 3800
	Involuntary context switches: 35643
	Swaps: 0
	File system inputs: 0
	File system outputs: 1206824
	Socket messages sent: 0
	Socket messages received: 0
	Signals delivered: 0
	Page size (bytes): 4096
	Exit status: 0
qwen3_vl_8b VOI targets exit code: 0
===== qwen3_vl_8b VOI policy =====
Timeout: 4500s; bundle remaining: 17535s
2026-09-11 13:16:56,524 INFO [train_policy] epoch=0 val_loss=0.535829 oracle_agreement=0.7943
2026-09-11 13:17:24,176 INFO [train_policy] epoch=1 val_loss=0.531258 oracle_agreement=0.7966
2026-09-11 13:17:57,588 INFO [train_policy] epoch=2 val_loss=0.529833 oracle_agreement=0.7893
2026-09-11 13:18:27,945 INFO [train_policy] epoch=3 val_loss=0.527042 oracle_agreement=0.7923
2026-09-11 13:19:02,196 INFO [train_policy] epoch=4 val_loss=0.524554 oracle_agreement=0.7961
2026-09-11 13:19:36,090 INFO [train_policy] epoch=5 val_loss=0.521508 oracle_agreement=0.8003
2026-09-11 13:20:08,834 INFO [train_policy] epoch=6 val_loss=0.521207 oracle_agreement=0.7953
2026-09-11 13:20:43,464 INFO [train_policy] epoch=7 val_loss=0.522525 oracle_agreement=0.8000
2026-09-11 13:21:17,516 INFO [train_policy] epoch=8 val_loss=0.519700 oracle_agreement=0.8008
2026-09-11 13:21:51,878 INFO [train_policy] epoch=9 val_loss=0.519228 oracle_agreement=0.8001
2026-09-11 13:22:26,183 INFO [train_policy] epoch=10 val_loss=0.519888 oracle_agreement=0.8023
2026-09-11 13:22:55,211 INFO [train_policy] epoch=11 val_loss=0.519260 oracle_agreement=0.7958
2026-09-11 13:23:28,678 INFO [train_policy] epoch=12 val_loss=0.517105 oracle_agreement=0.8049
2026-09-11 13:24:02,213 INFO [train_policy] epoch=13 val_loss=0.522493 oracle_agreement=0.7983
2026-09-11 13:24:35,867 INFO [train_policy] epoch=14 val_loss=0.518585 oracle_agreement=0.7962
2026-09-11 13:25:08,247 INFO [train_policy] epoch=15 val_loss=0.519717 oracle_agreement=0.7960
2026-09-11 13:25:42,284 INFO [train_policy] epoch=16 val_loss=0.517459 oracle_agreement=0.7991
2026-09-11 13:26:15,196 INFO [train_policy] epoch=17 val_loss=0.515770 oracle_agreement=0.8045
2026-09-11 13:26:48,513 INFO [train_policy] epoch=18 val_loss=0.515629 oracle_agreement=0.8044
2026-09-11 13:27:20,380 INFO [train_policy] epoch=19 val_loss=0.514158 oracle_agreement=0.8020
2026-09-11 13:27:53,706 INFO [train_policy] epoch=20 val_loss=0.516966 oracle_agreement=0.7991
2026-09-11 13:28:27,616 INFO [train_policy] epoch=21 val_loss=0.515290 oracle_agreement=0.8010
2026-09-11 13:28:56,596 INFO [train_policy] epoch=22 val_loss=0.515723 oracle_agreement=0.8046
2026-09-11 13:29:29,980 INFO [train_policy] epoch=23 val_loss=0.515958 oracle_agreement=0.7985
2026-09-11 13:30:02,899 INFO [train_policy] epoch=24 val_loss=0.516304 oracle_agreement=0.7997
{
  "encoder": "deep_sets",
  "gru_condition": "standard",
  "cost_multiplier": 0.0,
  "target_kind": "voi",
  "limit": null,
  "seed": 42,
  "pilot": false,
  "config_approval": "APPROVED",
  "output": "outputs/week8_lomo/qwen3_vl_8b/checkpoints/policy/policy_deep_sets_standard_lambda0_seed42.best.pt"
}
{
  "format_version": "week6_policy_validation_v1",
  "is_valid": true,
  "fit_split": "train",
  "selection_split": "val",
  "calibration_used": false,
  "test_used": false,
  "encoder_name": "deep_sets",
  "gru_condition": "standard",
  "seed": 42,
  "cost_multiplier": 0.0,
  "target_kind": "voi",
  "train_rows": 218174,
  "validation_rows": 30241,
  "best_epoch": 19,
  "metrics": {
    "total": 0.5141576845720566,
    "ranking": 0.07012544222638518,
    "mse": 0.41092185563800837,
    "action_ce": 0.6826035617512727,
    "best_action_accuracy": 0.8020237426011044,
    "stop_prediction_rate": 0.40299593267418404,
    "row_count": 30241
  },
  "checkpoint_path": "outputs/week8_lomo/qwen3_vl_8b/checkpoints/policy/policy_deep_sets_standard_lambda0_seed42.best.pt",
  "checkpoint_sha256": "a5d7d93563a76912ca0e77359f0b303d25c3c6d710e6a0527f9572c6b4d4a3a0",
  "config_sha256": "33e88aa1bbc4dbaa47309015be7e6e188523dcdf5416cf64d1703aa4c442c9eb",
  "source_manifest_sha256": "373ef826a22e4c1206c49405800b2c9910ce17a17f7e654ef7a19972033780d6",
  "diagnostic_checkpoint_sha256": "888e8b5c08807175874ccebc6ba6890c32ab7931c56b3f3399fcdc60d74dafd0",
  "vector_manifest_sha256": "0109dca021172e495c8920583501a30c326a2a4097152b1323aa8848831142bb",
  "week5_freeze_sha256": "e62e710c549b2ab49e8a5e111906b490b3eda818dea44576c1b39cfde2a5244f",
  "limit": null,
  "report_sha256": "74b3e689b55fea577698a141079689b80bbb7e6dfbf699de9d3eeaf0ffba7f72"
}
	Command being timed: "timeout --signal=TERM --kill-after=5m 4500s python scripts/train_policy.py --config configs/experiments/policy_train.yaml --manifest_path outputs/week8_lomo/qwen3_vl_8b/vectorized/vectorized_manifest.json --voi_manifest outputs/week8_lomo/qwen3_vl_8b/voi/voi_manifest.json --diagnostic_checkpoint outputs/week8_lomo/qwen3_vl_8b/checkpoints/diagnostic/diag_deep_sets_standard_seed42.best.pt --freeze_manifest outputs/week8_lomo/qwen3_vl_8b/freeze/lomo_diagnostic_freeze.json --cost_multiplier 0.0 --target_kind voi --seed 42 --device cuda:0 --output_dir outputs/week8_lomo/qwen3_vl_8b/checkpoints/policy --resume"
	User time (seconds): 887.86
	System time (seconds): 8.78
	Percent of CPU this job got: 102%
	Elapsed (wall clock) time (h:mm:ss or m:ss): 14:33.42
	Average shared text size (kbytes): 0
	Average unshared data size (kbytes): 0
	Average stack size (kbytes): 0
	Average total size (kbytes): 0
	Maximum resident set size (kbytes): 4303724
	Average resident set size (kbytes): 0
	Major (requiring I/O) page faults: 8
	Minor (reclaiming a frame) page faults: 1057611
	Voluntary context switches: 33194
	Involuntary context switches: 208683
	Swaps: 0
	File system inputs: 2432
	File system outputs: 34944
	Socket messages sent: 0
	Socket messages received: 0
	Signals delivered: 0
	Page size (bytes): 4096
	Exit status: 0
qwen3_vl_8b VOI policy exit code: 0
===== qwen3_vl_8b scalar baseline =====
Timeout: 300s; bundle remaining: 16662s
2026-09-11 13:30:11,638 INFO [train_one_pass_baselines] epoch=0 train_loss=1.515206 val_macro_f1=0.7524
2026-09-11 13:30:12,288 INFO [train_one_pass_baselines] epoch=1 train_loss=1.317526 val_macro_f1=0.7631
2026-09-11 13:30:12,841 INFO [train_one_pass_baselines] epoch=2 train_loss=1.201068 val_macro_f1=0.7747
2026-09-11 13:30:13,487 INFO [train_one_pass_baselines] epoch=3 train_loss=1.176132 val_macro_f1=0.7735
2026-09-11 13:30:14,138 INFO [train_one_pass_baselines] epoch=4 train_loss=1.171731 val_macro_f1=0.7775
2026-09-11 13:30:14,782 INFO [train_one_pass_baselines] epoch=5 train_loss=1.159138 val_macro_f1=0.7756
2026-09-11 13:30:15,423 INFO [train_one_pass_baselines] epoch=6 train_loss=1.157873 val_macro_f1=0.7753
2026-09-11 13:30:16,068 INFO [train_one_pass_baselines] epoch=7 train_loss=1.162847 val_macro_f1=0.7724
2026-09-11 13:30:16,713 INFO [train_one_pass_baselines] epoch=8 train_loss=1.157247 val_macro_f1=0.7734
2026-09-11 13:30:17,361 INFO [train_one_pass_baselines] epoch=9 train_loss=1.152137 val_macro_f1=0.7769
{
  "baseline": "scalar",
  "pilot": false,
  "output": "outputs/week8_lomo/qwen3_vl_8b/checkpoints/baselines/baseline_scalar_seed42.best.pt"
}
{
  "format_version": "week6_one_pass_baseline_validation_v1",
  "is_valid": true,
  "fit_split": "train",
  "selection_split": "val",
  "calibration_used": false,
  "test_used": false,
  "baseline_type": "scalar",
  "metrics": {
    "record_count": 702,
    "source_bit_micro_f1": 0.7748837209302326,
    "source_bit_macro_f1": 0.7775280077573413,
    "source_bit_hamming_loss": 0.22981956315289648,
    "source_bit_auroc": {
      "visual": 0.9177121617106584,
      "language": 0.5532766199934874,
      "alignment": 0.9766943629846856
    },
    "six_way_macro_f1": 0.26704503868222756,
    "six_way_balanced_accuracy": 0.31350954836393957,
    "six_way_confusion_matrix": [
      [
        1,
        58,
        10,
        8,
        12,
        0
      ],
      [
        0,
        167,
        9,
        2,
        17,
        0
      ],
      [
        0,
        0,
        1,
        2,
        2,
        0
      ],
      [
        5,
        17,
        26,
        279,
        16,
        0
      ],
      [
        0,
        2,
        0,
        0,
        0,
        0
      ],
      [
        0,
        64,
        1,
        1,
        2,
        0
      ]
    ],
    "six_way_labels": [
      "visual",
      "language-prior",
      "alignment",
      "mixed",
      "unclear",
      "no-failure"
    ],
    "signature_mse": 0.09470282448945368
  },
  "checkpoint_path": "outputs/week8_lomo/qwen3_vl_8b/checkpoints/baselines/baseline_scalar_seed42.best.pt",
  "checkpoint_sha256": "3231329e9745080fe234b0e60895c1537d1f542be32679f062b480512c5fc768",
  "config_sha256": "33e88aa1bbc4dbaa47309015be7e6e188523dcdf5416cf64d1703aa4c442c9eb",
  "source_manifest_sha256": "0109dca021172e495c8920583501a30c326a2a4097152b1323aa8848831142bb",
  "diagnostic_checkpoint_sha256": "888e8b5c08807175874ccebc6ba6890c32ab7931c56b3f3399fcdc60d74dafd0",
  "week5_freeze_sha256": "e62e710c549b2ab49e8a5e111906b490b3eda818dea44576c1b39cfde2a5244f",
  "seed": 42,
  "limit": null,
  "report_sha256": "e91ecfbe8dc1d6ffbd53508353f6b7d92eef0a776ffd421da14b443684a303ca"
}
	Command being timed: "timeout --signal=TERM --kill-after=5m 300s python scripts/train_one_pass_baselines.py --config configs/experiments/policy_train.yaml --manifest_path outputs/week8_lomo/qwen3_vl_8b/vectorized/vectorized_manifest.json --diagnostic_checkpoint outputs/week8_lomo/qwen3_vl_8b/checkpoints/diagnostic/diag_deep_sets_standard_seed42.best.pt --freeze_manifest outputs/week8_lomo/qwen3_vl_8b/freeze/lomo_diagnostic_freeze.json --baseline scalar --seed 42 --device cuda:0 --output_dir outputs/week8_lomo/qwen3_vl_8b/checkpoints/baselines --resume"
	User time (seconds): 17.35
	System time (seconds): 6.71
	Percent of CPU this job got: 209%
	Elapsed (wall clock) time (h:mm:ss or m:ss): 0:11.47
	Average shared text size (kbytes): 0
	Average unshared data size (kbytes): 0
	Average stack size (kbytes): 0
	Average total size (kbytes): 0
	Maximum resident set size (kbytes): 1372208
	Average resident set size (kbytes): 0
	Major (requiring I/O) page faults: 1
	Minor (reclaiming a frame) page faults: 282482
	Voluntary context switches: 866
	Involuntary context switches: 34912
	Swaps: 0
	File system inputs: 288
	File system outputs: 23072
	Socket messages sent: 0
	Socket messages received: 0
	Signals delivered: 0
	Page size (bytes): 4096
	Exit status: 0
qwen3_vl_8b scalar baseline exit code: 0
===== qwen3_vl_8b complete-stack freeze =====
Timeout: 300s; bundle remaining: 16650s
{
  "artifacts": {
    "clean_checkpoint": {
      "path": "outputs/week8_lomo/qwen3_vl_8b/checkpoints/diagnostic/diag_clean_mlp_standard_seed42.best.pt",
      "sha256": "42de7d52388a3646e9c9ea91c5c4cfd63f56905c9ff62d3514de8bcb1977630f"
    },
    "diagnostic_checkpoint": {
      "path": "outputs/week8_lomo/qwen3_vl_8b/checkpoints/diagnostic/diag_deep_sets_standard_seed42.best.pt",
      "sha256": "888e8b5c08807175874ccebc6ba6890c32ab7931c56b3f3399fcdc60d74dafd0"
    },
    "diagnostic_config": {
      "path": "configs/experiments/diag_bakeoff.yaml",
      "sha256": "0293d3bdbcd91299f7f4ec0e501917e2d40bfcc40b2a33d5591f0ac0330f3d74"
    },
    "fold_manifest": {
      "path": "outputs/week8_lomo/qwen3_vl_8b/lomo_fold_manifest.json",
      "sha256": "26e7a5ffe9ae743cd5c077517f073379721b714233a4a1e696c6d3a60a9f311b"
    },
    "policy_checkpoint": {
      "path": "outputs/week8_lomo/qwen3_vl_8b/checkpoints/policy/policy_deep_sets_standard_lambda0_seed42.best.pt",
      "sha256": "a5d7d93563a76912ca0e77359f0b303d25c3c6d710e6a0527f9572c6b4d4a3a0"
    },
    "policy_config": {
      "path": "configs/experiments/policy_train.yaml",
      "sha256": "33e88aa1bbc4dbaa47309015be7e6e188523dcdf5416cf64d1703aa4c442c9eb"
    },
    "scalar_baseline": {
      "path": "outputs/week8_lomo/qwen3_vl_8b/checkpoints/baselines/baseline_scalar_seed42.best.pt",
      "sha256": "3231329e9745080fe234b0e60895c1537d1f542be32679f062b480512c5fc768"
    },
    "selection_report": {
      "path": "outputs/week8_lomo/qwen3_vl_8b/freeze/lomo_predeclared_selection.json",
      "sha256": "5f2ef48fab61da3057435aa18a25f46941fe2e5da072b9f8322a0b88140eae35"
    }
  },
  "format_version": "proactive_stack_freeze_v1",
  "freeze_sha256": "ccdbe3befe217443cc54df46c2543bc8e08448142834d7291a02b47c1f3bc525",
  "owner_approved": true,
  "status": "FROZEN"
}

	Command being timed: "timeout --signal=TERM --kill-after=5m 300s python scripts/freeze_lomo_stack.py --stage stack --fold_manifest outputs/week8_lomo/qwen3_vl_8b/lomo_fold_manifest.json --diagnostic_checkpoint outputs/week8_lomo/qwen3_vl_8b/checkpoints/diagnostic/diag_deep_sets_standard_seed42.best.pt --clean_checkpoint outputs/week8_lomo/qwen3_vl_8b/checkpoints/diagnostic/diag_clean_mlp_standard_seed42.best.pt --policy_checkpoint outputs/week8_lomo/qwen3_vl_8b/checkpoints/policy/policy_deep_sets_standard_lambda0_seed42.best.pt --scalar_checkpoint outputs/week8_lomo/qwen3_vl_8b/checkpoints/baselines/baseline_scalar_seed42.best.pt --output_dir outputs/week8_lomo/qwen3_vl_8b/freeze --approve_freeze --overwrite"
	User time (seconds): 1.78
	System time (seconds): 5.44
	Percent of CPU this job got: 515%
	Elapsed (wall clock) time (h:mm:ss or m:ss): 0:01.40
	Average shared text size (kbytes): 0
	Average unshared data size (kbytes): 0
	Average stack size (kbytes): 0
	Average total size (kbytes): 0
	Maximum resident set size (kbytes): 430836
	Average resident set size (kbytes): 0
	Major (requiring I/O) page faults: 0
	Minor (reclaiming a frame) page faults: 61276
	Voluntary context switches: 179
	Involuntary context switches: 80802
	Swaps: 0
	File system inputs: 32
	File system outputs: 16
	Socket messages sent: 0
	Socket messages received: 0
	Signals delivered: 0
	Page size (bytes): 4096
	Exit status: 0
qwen3_vl_8b complete-stack freeze exit code: 0
===== qwen3_vl_8b source calibration trajectories =====
Timeout: 300s; bundle remaining: 16649s
2026-09-11 13:30:23,899 INFO [build_policy_trajectories] Budget 1: wrote 750 calibration trajectories
2026-09-11 13:30:27,178 INFO [build_policy_trajectories] Budget 2: wrote 750 calibration trajectories
2026-09-11 13:30:31,516 INFO [build_policy_trajectories] Budget 3: wrote 750 calibration trajectories
2026-09-11 13:30:36,772 INFO [build_policy_trajectories] Budget 4: wrote 750 calibration trajectories
2026-09-11 13:30:43,801 INFO [build_policy_trajectories] Budget 7: wrote 750 calibration trajectories
{
  "format_version": "week7_calibration_trajectories_v1",
  "config_sha256": "10c5b4775f911ae62b5f2e25c331c5adda9a15ee3576f8e853ac0a982b0cd960",
  "freeze_manifest_sha256": "b245d3f0aec7d43fdedf1684fb183d4b8d740f666fc47bc7873b61c0be0605aa",
  "vector_manifest_sha256": "0109dca021172e495c8920583501a30c326a2a4097152b1323aa8848831142bb",
  "diagnostic_checkpoint_sha256": "888e8b5c08807175874ccebc6ba6890c32ab7931c56b3f3399fcdc60d74dafd0",
  "policy_checkpoint_sha256": "a5d7d93563a76912ca0e77359f0b303d25c3c6d710e6a0527f9572c6b4d4a3a0",
  "limit": null,
  "status": "COMPLETE",
  "split": "cal",
  "calibration_only": true,
  "test_used": false,
  "budgets": [
    1,
    2,
    3,
    4,
    7
  ],
  "base_model_instances": 750,
  "row_count": 3750,
  "six_way_labels": [
    "visual",
    "language-prior",
    "alignment",
    "mixed",
    "unclear",
    "no-failure"
  ],
  "teacher_files": [
    {
      "path": "outputs/week8_lomo/qwen3_vl_8b/teachers/teacher_lomo.jsonl",
      "sha256": "8ba8340b05b2f9e37904dffe1cc7e75345fd8cf08175be2081c11228dbce5f7f",
      "calibration_rows": 750
    }
  ],
  "files": [
    {
      "path": "calibration_trajectories_budget1.jsonl",
      "budget": 1,
      "row_count": 750,
      "sha256": "7c149627a890e2d33011344492efd932835e247ca9901464ffa6fc8f7cd9a10d",
      "action_counts": {
        "blank": 601,
        "stop": 750,
        "blur": 142,
        "brightness": 3,
        "noise": 2,
        "crop": 1,
        "grounding": 1
      }
    },
    {
      "path": "calibration_trajectories_budget2.jsonl",
      "budget": 2,
      "row_count": 750,
      "sha256": "2135d621e6ce8b2fa4d2fdf057a71e00a543571e8ae4fccd439b6e8435a4da97",
      "action_counts": {
        "blank": 696,
        "blur": 585,
        "stop": 750,
        "grounding": 114,
        "noise": 52,
        "crop": 37,
        "brightness": 10,
        "relation": 2
      }
    },
    {
      "path": "calibration_trajectories_budget3.jsonl",
      "budget": 3,
      "row_count": 750,
      "sha256": "04a74442062e4c0755f6fe547fd74f9234079297edd170ca5a7fc42db1562843",
      "action_counts": {
        "blank": 741,
        "blur": 701,
        "grounding": 240,
        "stop": 750,
        "crop": 365,
        "brightness": 77,
        "noise": 75,
        "relation": 8
      }
    },
    {
      "path": "calibration_trajectories_budget4.jsonl",
      "budget": 4,
      "row_count": 750,
      "sha256": "10b0046da3bc155c46aa5e3335b96d1d5c94c3b23fcd2ca81f2ad918d6d50b8a",
      "action_counts": {
        "blank": 748,
        "blur": 686,
        "grounding": 313,
        "brightness": 209,
        "stop": 750,
        "crop": 463,
        "noise": 293,
        "relation": 9
      }
    },
    {
      "path": "calibration_trajectories_budget7.jsonl",
      "budget": 7,
      "row_count": 750,
      "sha256": "b640725fa8ea90dc664950e62ca85fa2e1e61358dd3e9e8ed8e11aba93dc4257",
      "action_counts": {
        "blank": 742,
        "grounding": 341,
        "blur": 725,
        "brightness": 522,
        "crop": 558,
        "stop": 750,
        "noise": 486,
        "relation": 12
      }
    }
  ],
  "manifest_sha256": "181beac28c5aab1e2dc0b12ebf67348764ececa5dad74c55d8eae125af21e57e"
}
	Command being timed: "timeout --signal=TERM --kill-after=5m 300s python scripts/build_policy_trajectories.py --config configs/experiments/calibrate_aps.yaml --manifest_path outputs/week8_lomo/qwen3_vl_8b/vectorized/vectorized_manifest.json --freeze_manifest outputs/week8_lomo/qwen3_vl_8b/freeze/lomo_stack_freeze.json --teacher_path outputs/week8_lomo/qwen3_vl_8b/teachers --output_dir outputs/week8_lomo/qwen3_vl_8b/calibration/trajectories --seed 42 --device cuda:0 --resume"
	User time (seconds): 24.73
	System time (seconds): 6.14
	Percent of CPU this job got: 125%
	Elapsed (wall clock) time (h:mm:ss or m:ss): 0:24.69
	Average shared text size (kbytes): 0
	Average unshared data size (kbytes): 0
	Average stack size (kbytes): 0
	Average total size (kbytes): 0
	Maximum resident set size (kbytes): 929780
	Average resident set size (kbytes): 0
	Major (requiring I/O) page faults: 7
	Minor (reclaiming a frame) page faults: 164794
	Voluntary context switches: 611
	Involuntary context switches: 36299
	Swaps: 0
	File system inputs: 2336
	File system outputs: 7736
	Socket messages sent: 0
	Socket messages received: 0
	Signals delivered: 0
	Page size (bytes): 4096
	Exit status: 0
qwen3_vl_8b source calibration trajectories exit code: 0
===== qwen3_vl_8b source APS calibration =====
Timeout: 300s; bundle remaining: 16624s
{
  "format_version": "week7_final_aps_v1",
  "status": "FINAL_FROZEN",
  "fit_split": "cal",
  "test_used": false,
  "config_sha256": "10c5b4775f911ae62b5f2e25c331c5adda9a15ee3576f8e853ac0a982b0cd960",
  "freeze_manifest_sha256": "b245d3f0aec7d43fdedf1684fb183d4b8d740f666fc47bc7873b61c0be0605aa",
  "trajectory_manifest_sha256": "09dabe5b9bb1873f09cdc426e233b06586d57059e1856fd4e848259dd1a68bd7",
  "budgets": [
    1,
    2,
    3,
    4,
    7
  ],
  "coverages": [
    0.9,
    0.95
  ],
  "thresholds": {
    "1": {
      "0.9": {
        "alpha": 0.09999999999999998,
        "target_coverage": 0.9,
        "threshold": 0.9999251365661621,
        "calibration_count": 750,
        "calibration_metrics": {
          "coverage": 0.9013333333333333,
          "average_set_size": 2.6613333333333333,
          "singleton_rate": 0.19733333333333333,
          "empty_set_rate": 0.09066666666666667
        }
      },
      "0.95": {
        "alpha": 0.050000000000000044,
        "target_coverage": 0.95,
        "threshold": 0.9999562501907349,
        "calibration_count": 750,
        "calibration_metrics": {
          "coverage": 0.952,
          "average_set_size": 2.7546666666666666,
          "singleton_rate": 0.232,
          "empty_set_rate": 0.04133333333333333
        }
      }
    },
    "2": {
      "0.9": {
        "alpha": 0.09999999999999998,
        "target_coverage": 0.9,
        "threshold": 0.9999916553497314,
        "calibration_count": 750,
        "calibration_metrics": {
          "coverage": 0.9013333333333333,
          "average_set_size": 2.868,
          "singleton_rate": 0.09066666666666667,
          "empty_set_rate": 0.09733333333333333
        }
      },
      "0.95": {
        "alpha": 0.050000000000000044,
        "target_coverage": 0.95,
        "threshold": 0.9999980926513672,
        "calibration_count": 750,
        "calibration_metrics": {
          "coverage": 0.956,
          "average_set_size": 3.494666666666667,
          "singleton_rate": 0.088,
          "empty_set_rate": 0.042666666666666665
        }
      }
    },
    "3": {
      "0.9": {
        "alpha": 0.09999999999999998,
        "target_coverage": 0.9,
        "threshold": 0.9999978542327881,
        "calibration_count": 750,
        "calibration_metrics": {
          "coverage": 0.9026666666666666,
          "average_set_size": 3.2733333333333334,
          "singleton_rate": 0.06533333333333333,
          "empty_set_rate": 0.09733333333333333
        }
      },
      "0.95": {
        "alpha": 0.050000000000000044,
        "target_coverage": 0.95,
        "threshold": 0.9999990463256836,
        "calibration_count": 750,
        "calibration_metrics": {
          "coverage": 0.9586666666666667,
          "average_set_size": 3.4306666666666668,
          "singleton_rate": 0.10533333333333333,
          "empty_set_rate": 0.04133333333333333
        }
      }
    },
    "4": {
      "0.9": {
        "alpha": 0.09999999999999998,
        "target_coverage": 0.9,
        "threshold": 0.9999982118606567,
        "calibration_count": 750,
        "calibration_metrics": {
          "coverage": 0.9013333333333333,
          "average_set_size": 3.2586666666666666,
          "singleton_rate": 0.07066666666666667,
          "empty_set_rate": 0.09866666666666667
        }
      },
      "0.95": {
        "alpha": 0.050000000000000044,
        "target_coverage": 0.95,
        "threshold": 0.999998927116394,
        "calibration_count": 750,
        "calibration_metrics": {
          "coverage": 0.956,
          "average_set_size": 3.3546666666666667,
          "singleton_rate": 0.12,
          "empty_set_rate": 0.044
        }
      }
    },
    "7": {
      "0.9": {
        "alpha": 0.09999999999999998,
        "target_coverage": 0.9,
        "threshold": 0.9999988079071045,
        "calibration_count": 750,
        "calibration_metrics": {
          "coverage": 0.9093333333333333,
          "average_set_size": 3.276,
          "singleton_rate": 0.076,
          "empty_set_rate": 0.09066666666666667
        }
      },
      "0.95": {
        "alpha": 0.050000000000000044,
        "target_coverage": 0.95,
        "threshold": 0.9999991655349731,
        "calibration_count": 750,
        "calibration_metrics": {
          "coverage": 0.9586666666666667,
          "average_set_size": 3.3626666666666667,
          "singleton_rate": 0.11866666666666667,
          "empty_set_rate": 0.04133333333333333
        }
      }
    }
  },
  "thresholds_sha256": "9c71d552537535a4e59b7adb3b71b70154947a2aeda5900bc4d558f996c3327a"
}
	Command being timed: "timeout --signal=TERM --kill-after=5m 300s python scripts/calibrate_aps.py --config configs/experiments/calibrate_aps.yaml --manifest_path outputs/week8_lomo/qwen3_vl_8b/calibration/trajectories/calibration_trajectory_manifest.json --freeze_manifest outputs/week8_lomo/qwen3_vl_8b/freeze/lomo_stack_freeze.json --output_dir outputs/week8_lomo/qwen3_vl_8b/calibration/aps --seed 42 --device cpu --resume"
	User time (seconds): 1.95
	System time (seconds): 5.57
	Percent of CPU this job got: 477%
	Elapsed (wall clock) time (h:mm:ss or m:ss): 0:01.57
	Average shared text size (kbytes): 0
	Average unshared data size (kbytes): 0
	Average stack size (kbytes): 0
	Average total size (kbytes): 0
	Maximum resident set size (kbytes): 429240
	Average resident set size (kbytes): 0
	Major (requiring I/O) page faults: 0
	Minor (reclaiming a frame) page faults: 63613
	Voluntary context switches: 163
	Involuntary context switches: 195
	Swaps: 0
	File system inputs: 24
	File system outputs: 16
	Socket messages sent: 0
	Socket messages received: 0
	Signals delivered: 0
	Page size (bytes): 4096
	Exit status: 0
qwen3_vl_8b source APS calibration exit code: 0
===== qwen3_vl_8b clean source APS =====
Timeout: 300s; bundle remaining: 16623s
{
  "format_version": "static_baseline_aps_v1",
  "status": "FINAL_FROZEN",
  "baseline": "clean_only_learned",
  "fit_split": "cal",
  "calibration_used": true,
  "test_used": false,
  "approval_config_sha256": "10c5b4775f911ae62b5f2e25c331c5adda9a15ee3576f8e853ac0a982b0cd960",
  "vector_manifest_sha256": "0109dca021172e495c8920583501a30c326a2a4097152b1323aa8848831142bb",
  "checkpoint_sha256": "42de7d52388a3646e9c9ea91c5c4cfd63f56905c9ff62d3514de8bcb1977630f",
  "freeze_manifest_sha256": "b245d3f0aec7d43fdedf1684fb183d4b8d740f666fc47bc7873b61c0be0605aa",
  "budgets": [
    1,
    2,
    3,
    4,
    7
  ],
  "coverages": [
    0.9,
    0.95
  ],
  "limit": null,
  "thresholds": {
    "1": {
      "0.9": {
        "alpha": 0.09999999999999998,
        "target_coverage": 0.9,
        "threshold": 0.9770305156707764,
        "fit_count": 750,
        "fit_metrics": {
          "coverage": 0.9013333333333333,
          "average_set_size": 3.2853333333333334,
          "singleton_rate": 0.24133333333333334,
          "empty_set_rate": 0.02266666666666667
        }
      },
      "0.95": {
        "alpha": 0.050000000000000044,
        "target_coverage": 0.95,
        "threshold": 0.9999999664723873,
        "fit_count": 750,
        "fit_metrics": {
          "coverage": 0.952,
          "average_set_size": 5.26,
          "singleton_rate": 0.0,
          "empty_set_rate": 0.0
        }
      }
    },
    "2": {
      "0.9": {
        "alpha": 0.09999999999999998,
        "target_coverage": 0.9,
        "threshold": 0.9770305156707764,
        "fit_count": 750,
        "fit_metrics": {
          "coverage": 0.9013333333333333,
          "average_set_size": 3.2853333333333334,
          "singleton_rate": 0.24133333333333334,
          "empty_set_rate": 0.02266666666666667
        }
      },
      "0.95": {
        "alpha": 0.050000000000000044,
        "target_coverage": 0.95,
        "threshold": 0.9999999664723873,
        "fit_count": 750,
        "fit_metrics": {
          "coverage": 0.952,
          "average_set_size": 5.26,
          "singleton_rate": 0.0,
          "empty_set_rate": 0.0
        }
      }
    },
    "3": {
      "0.9": {
        "alpha": 0.09999999999999998,
        "target_coverage": 0.9,
        "threshold": 0.9770305156707764,
        "fit_count": 750,
        "fit_metrics": {
          "coverage": 0.9013333333333333,
          "average_set_size": 3.2853333333333334,
          "singleton_rate": 0.24133333333333334,
          "empty_set_rate": 0.02266666666666667
        }
      },
      "0.95": {
        "alpha": 0.050000000000000044,
        "target_coverage": 0.95,
        "threshold": 0.9999999664723873,
        "fit_count": 750,
        "fit_metrics": {
          "coverage": 0.952,
          "average_set_size": 5.26,
          "singleton_rate": 0.0,
          "empty_set_rate": 0.0
        }
      }
    },
    "4": {
      "0.9": {
        "alpha": 0.09999999999999998,
        "target_coverage": 0.9,
        "threshold": 0.9770305156707764,
        "fit_count": 750,
        "fit_metrics": {
          "coverage": 0.9013333333333333,
          "average_set_size": 3.2853333333333334,
          "singleton_rate": 0.24133333333333334,
          "empty_set_rate": 0.02266666666666667
        }
      },
      "0.95": {
        "alpha": 0.050000000000000044,
        "target_coverage": 0.95,
        "threshold": 0.9999999664723873,
        "fit_count": 750,
        "fit_metrics": {
          "coverage": 0.952,
          "average_set_size": 5.26,
          "singleton_rate": 0.0,
          "empty_set_rate": 0.0
        }
      }
    },
    "7": {
      "0.9": {
        "alpha": 0.09999999999999998,
        "target_coverage": 0.9,
        "threshold": 0.9770305156707764,
        "fit_count": 750,
        "fit_metrics": {
          "coverage": 0.9013333333333333,
          "average_set_size": 3.2853333333333334,
          "singleton_rate": 0.24133333333333334,
          "empty_set_rate": 0.02266666666666667
        }
      },
      "0.95": {
        "alpha": 0.050000000000000044,
        "target_coverage": 0.95,
        "threshold": 0.9999999664723873,
        "fit_count": 750,
        "fit_metrics": {
          "coverage": 0.952,
          "average_set_size": 5.26,
          "singleton_rate": 0.0,
          "empty_set_rate": 0.0
        }
      }
    }
  },
  "report_sha256": "67daabdd7fa2d57996a7319ee78333686c1affeb8daa218be3d44235f2540066"
}
	Command being timed: "timeout --signal=TERM --kill-after=5m 300s python scripts/calibrate_static_baseline_aps.py --approval_config configs/experiments/calibrate_aps.yaml --manifest_path outputs/week8_lomo/qwen3_vl_8b/vectorized/vectorized_manifest.json --checkpoint outputs/week8_lomo/qwen3_vl_8b/checkpoints/diagnostic/diag_clean_mlp_standard_seed42.best.pt --phase calibration --freeze_manifest outputs/week8_lomo/qwen3_vl_8b/freeze/lomo_stack_freeze.json --budgets 1 2 3 4 7 --coverages 0.90 0.95 --output_dir outputs/week8_lomo/qwen3_vl_8b/calibration/static_aps --seed 42 --device cpu --resume"
	User time (seconds): 11.63
	System time (seconds): 5.76
	Percent of CPU this job got: 649%
	Elapsed (wall clock) time (h:mm:ss or m:ss): 0:02.67
	Average shared text size (kbytes): 0
	Average unshared data size (kbytes): 0
	Average stack size (kbytes): 0
	Average total size (kbytes): 0
	Maximum resident set size (kbytes): 557136
	Average resident set size (kbytes): 0
	Major (requiring I/O) page faults: 0
	Minor (reclaiming a frame) page faults: 98562
	Voluntary context switches: 632
	Involuntary context switches: 29293
	Swaps: 0
	File system inputs: 24
	File system outputs: 16
	Socket messages sent: 0
	Socket messages received: 0
	Signals delivered: 0
	Page size (bytes): 4096
	Exit status: 0
qwen3_vl_8b clean source APS exit code: 0
===== qwen3_vl_8b scalar source APS =====
Timeout: 300s; bundle remaining: 16620s
{
  "format_version": "static_baseline_aps_v1",
  "status": "FINAL_FROZEN",
  "baseline": "scalar_confidence",
  "fit_split": "cal",
  "calibration_used": true,
  "test_used": false,
  "approval_config_sha256": "10c5b4775f911ae62b5f2e25c331c5adda9a15ee3576f8e853ac0a982b0cd960",
  "vector_manifest_sha256": "0109dca021172e495c8920583501a30c326a2a4097152b1323aa8848831142bb",
  "checkpoint_sha256": "3231329e9745080fe234b0e60895c1537d1f542be32679f062b480512c5fc768",
  "freeze_manifest_sha256": "b245d3f0aec7d43fdedf1684fb183d4b8d740f666fc47bc7873b61c0be0605aa",
  "budgets": [
    1,
    2,
    3,
    4,
    7
  ],
  "coverages": [
    0.9,
    0.95
  ],
  "limit": null,
  "thresholds": {
    "1": {
      "0.9": {
        "alpha": 0.09999999999999998,
        "target_coverage": 0.9,
        "threshold": 0.9075398743152618,
        "fit_count": 750,
        "fit_metrics": {
          "coverage": 0.9013333333333333,
          "average_set_size": 3.16,
          "singleton_rate": 0.18266666666666667,
          "empty_set_rate": 0.02266666666666667
        }
      },
      "0.95": {
        "alpha": 0.050000000000000044,
        "target_coverage": 0.95,
        "threshold": 0.9999999571591616,
        "fit_count": 750,
        "fit_metrics": {
          "coverage": 0.952,
          "average_set_size": 5.209333333333333,
          "singleton_rate": 0.0,
          "empty_set_rate": 0.0
        }
      }
    },
    "2": {
      "0.9": {
        "alpha": 0.09999999999999998,
        "target_coverage": 0.9,
        "threshold": 0.9075398743152618,
        "fit_count": 750,
        "fit_metrics": {
          "coverage": 0.9013333333333333,
          "average_set_size": 3.16,
          "singleton_rate": 0.18266666666666667,
          "empty_set_rate": 0.02266666666666667
        }
      },
      "0.95": {
        "alpha": 0.050000000000000044,
        "target_coverage": 0.95,
        "threshold": 0.9999999571591616,
        "fit_count": 750,
        "fit_metrics": {
          "coverage": 0.952,
          "average_set_size": 5.209333333333333,
          "singleton_rate": 0.0,
          "empty_set_rate": 0.0
        }
      }
    },
    "3": {
      "0.9": {
        "alpha": 0.09999999999999998,
        "target_coverage": 0.9,
        "threshold": 0.9075398743152618,
        "fit_count": 750,
        "fit_metrics": {
          "coverage": 0.9013333333333333,
          "average_set_size": 3.16,
          "singleton_rate": 0.18266666666666667,
          "empty_set_rate": 0.02266666666666667
        }
      },
      "0.95": {
        "alpha": 0.050000000000000044,
        "target_coverage": 0.95,
        "threshold": 0.9999999571591616,
        "fit_count": 750,
        "fit_metrics": {
          "coverage": 0.952,
          "average_set_size": 5.209333333333333,
          "singleton_rate": 0.0,
          "empty_set_rate": 0.0
        }
      }
    },
    "4": {
      "0.9": {
        "alpha": 0.09999999999999998,
        "target_coverage": 0.9,
        "threshold": 0.9075398743152618,
        "fit_count": 750,
        "fit_metrics": {
          "coverage": 0.9013333333333333,
          "average_set_size": 3.16,
          "singleton_rate": 0.18266666666666667,
          "empty_set_rate": 0.02266666666666667
        }
      },
      "0.95": {
        "alpha": 0.050000000000000044,
        "target_coverage": 0.95,
        "threshold": 0.9999999571591616,
        "fit_count": 750,
        "fit_metrics": {
          "coverage": 0.952,
          "average_set_size": 5.209333333333333,
          "singleton_rate": 0.0,
          "empty_set_rate": 0.0
        }
      }
    },
    "7": {
      "0.9": {
        "alpha": 0.09999999999999998,
        "target_coverage": 0.9,
        "threshold": 0.9075398743152618,
        "fit_count": 750,
        "fit_metrics": {
          "coverage": 0.9013333333333333,
          "average_set_size": 3.16,
          "singleton_rate": 0.18266666666666667,
          "empty_set_rate": 0.02266666666666667
        }
      },
      "0.95": {
        "alpha": 0.050000000000000044,
        "target_coverage": 0.95,
        "threshold": 0.9999999571591616,
        "fit_count": 750,
        "fit_metrics": {
          "coverage": 0.952,
          "average_set_size": 5.209333333333333,
          "singleton_rate": 0.0,
          "empty_set_rate": 0.0
        }
      }
    }
  },
  "report_sha256": "92f14b55bce2f49111bab1d51beda02217d2c1197eec09ab020bfbbb55246e91"
}
	Command being timed: "timeout --signal=TERM --kill-after=5m 300s python scripts/calibrate_static_baseline_aps.py --approval_config configs/experiments/calibrate_aps.yaml --manifest_path outputs/week8_lomo/qwen3_vl_8b/vectorized/vectorized_manifest.json --checkpoint outputs/week8_lomo/qwen3_vl_8b/checkpoints/baselines/baseline_scalar_seed42.best.pt --phase calibration --freeze_manifest outputs/week8_lomo/qwen3_vl_8b/freeze/lomo_stack_freeze.json --budgets 1 2 3 4 7 --coverages 0.90 0.95 --output_dir outputs/week8_lomo/qwen3_vl_8b/calibration/static_aps --seed 42 --device cpu --resume"
	User time (seconds): 11.96
	System time (seconds): 5.65
	Percent of CPU this job got: 642%
	Elapsed (wall clock) time (h:mm:ss or m:ss): 0:02.74
	Average shared text size (kbytes): 0
	Average unshared data size (kbytes): 0
	Average stack size (kbytes): 0
	Average total size (kbytes): 0
	Maximum resident set size (kbytes): 553996
	Average resident set size (kbytes): 0
	Major (requiring I/O) page faults: 0
	Minor (reclaiming a frame) page faults: 98411
	Voluntary context switches: 683
	Involuntary context switches: 90270
	Swaps: 0
	File system inputs: 0
	File system outputs: 16
	Socket messages sent: 0
	Socket messages received: 0
	Signals delivered: 0
	Page size (bytes): 4096
	Exit status: 0
qwen3_vl_8b scalar source APS exit code: 0
qwen3_vl_8b source-only stack is frozen and calibrated; held-out test is still unopened.
===== gemma4_e4b state-manifest index =====
Timeout: 600s; bundle remaining: 16617s
{
  "format_version": "state_manifest_v2",
  "state_dir": "outputs/week8_lomo/gemma4_e4b/states",
  "files": [
    {
      "path": "outputs/week8_lomo/gemma4_e4b/states/states_lomo.jsonl",
      "row_count": 194374,
      "sha256": "caec0d4b8a73a51464a4f98a99c25527d64df5dd8a532d519045ddb2d3e97e91"
    }
  ],
  "row_count": 194374,
  "teacher_row_count": 7291,
  "split_counts": {
    "cal": 20002,
    "test": 20753,
    "train": 134935,
    "val": 18684
  },
  "required_split": null,
  "report_sha256": "ed69674587c725278ee4e043de53477eb0fb47fe97cdd565cf468dee75af3054"
}
	Command being timed: "timeout --signal=TERM --kill-after=5m 600s python scripts/index_state_manifest.py --state_dir outputs/week8_lomo/gemma4_e4b/states --output_path outputs/week8_lomo/gemma4_e4b/state_manifest.json --expected_teacher_rows 7291 --resume"
	User time (seconds): 3.33
	System time (seconds): 0.19
	Percent of CPU this job got: 99%
	Elapsed (wall clock) time (h:mm:ss or m:ss): 0:03.53
	Average shared text size (kbytes): 0
	Average unshared data size (kbytes): 0
	Average stack size (kbytes): 0
	Average total size (kbytes): 0
	Maximum resident set size (kbytes): 52880
	Average resident set size (kbytes): 0
	Major (requiring I/O) page faults: 0
	Minor (reclaiming a frame) page faults: 14224
	Voluntary context switches: 5
	Involuntary context switches: 6
	Swaps: 0
	File system inputs: 16
	File system outputs: 8
	Socket messages sent: 0
	Socket messages received: 0
	Signals delivered: 0
	Page size (bytes): 4096
	Exit status: 0
gemma4_e4b state-manifest index exit code: 0
===== gemma4_e4b Deep Sets diagnostic =====
Timeout: 720s; bundle remaining: 16614s
{
  "encoder": "deep_sets",
  "gru_condition": "standard",
  "seed": 42,
  "budgets": [
    1,
    2,
    4
  ],
  "config_approval": "APPROVED",
  "pilot": false,
  "manifest": "outputs/week8_lomo/gemma4_e4b/vectorized/vectorized_manifest.json",
  "output": "outputs/week8_lomo/gemma4_e4b/checkpoints/diagnostic/diag_deep_sets_standard_seed42.best.pt"
}
2026-09-11 13:31:09,114 INFO [train_diag] epoch=0 train_total=0.959118 score=(0.8355582227021531, 0.49652703540453896)
2026-09-11 13:31:19,371 INFO [train_diag] epoch=1 train_total=0.863500 score=(0.8425907274770045, 0.4582398581892193)
2026-09-11 13:31:30,174 INFO [train_diag] epoch=2 train_total=0.843174 score=(0.8419501937334356, 0.4826800571137046)
2026-09-11 13:31:40,574 INFO [train_diag] epoch=3 train_total=0.828970 score=(0.8411677405581238, 0.4972375299473654)
2026-09-11 13:31:51,109 INFO [train_diag] epoch=4 train_total=0.822573 score=(0.8445045815229041, 0.49785703185061236)
2026-09-11 13:32:01,864 INFO [train_diag] epoch=5 train_total=0.812525 score=(0.8448998767679377, 0.4949522959534807)
2026-09-11 13:32:11,978 INFO [train_diag] epoch=6 train_total=0.808910 score=(0.8385511914892206, 0.48629219037432475)
2026-09-11 13:32:22,120 INFO [train_diag] epoch=7 train_total=0.801775 score=(0.845056672789986, 0.4934614489583657)
2026-09-11 13:32:32,416 INFO [train_diag] epoch=8 train_total=0.798414 score=(0.8427860511855901, 0.48884952318200564)
2026-09-11 13:32:43,283 INFO [train_diag] epoch=9 train_total=0.796024 score=(0.8425405597878513, 0.4912288646127321)
2026-09-11 13:32:53,721 INFO [train_diag] epoch=10 train_total=0.790011 score=(0.8426640315720674, 0.4940384966704734)
2026-09-11 13:33:04,364 INFO [train_diag] epoch=11 train_total=0.782073 score=(0.8441842369228875, 0.5008532911400234)
2026-09-11 13:33:14,355 INFO [train_diag] epoch=12 train_total=0.780164 score=(0.841254657242259, 0.48389532558387444)
/home/aman/miniconda3/envs/proactive-internvl/lib/python3.11/site-packages/sklearn/metrics/_classification.py:2939: UserWarning: y_pred contains classes not in y_true
  warnings.warn("y_pred contains classes not in y_true")
/home/aman/miniconda3/envs/proactive-internvl/lib/python3.11/site-packages/sklearn/metrics/_classification.py:2939: UserWarning: y_pred contains classes not in y_true
  warnings.warn("y_pred contains classes not in y_true")
{
  "format_version": "week5_validation_report_v1",
  "encoder_name": "deep_sets",
  "gru_condition": "standard",
  "seed": 42,
  "pilot": false,
  "scientifically_weighted": true,
  "train_rows": 218255,
  "validation_rows": 30242,
  "best_epoch": 7,
  "metrics": {
    "is_valid": true,
    "record_count": 30242,
    "source_bit_micro_f1": 0.8428033195865791,
    "source_bit_macro_f1": 0.845056672789986,
    "source_bit_hamming_loss": 0.13612415404624914,
    "source_bit_auroc": {
      "visual": 0.9417623641384852,
      "language": 0.8970563297001287,
      "alignment": 0.9805788485426066
    },
    "six_way_macro_f1": 0.4934614489583657,
    "six_way_balanced_accuracy": 0.5524548325777664,
    "six_way_confusion_matrix": [
      [
        2414,
        130,
        294,
        88,
        647,
        649
      ],
      [
        44,
        4297,
        160,
        114,
        1103,
        2773
      ],
      [
        26,
        14,
        1128,
        125,
        368,
        13
      ],
      [
        1198,
        368,
        1968,
        6776,
        482,
        72
      ],
      [
        58,
        51,
        106,
        7,
        134,
        77
      ],
      [
        174,
        672,
        185,
        1,
        655,
        2871
      ]
    ],
    "six_way_labels": [
      "visual",
      "language-prior",
      "alignment",
      "mixed",
      "unclear",
      "no-failure"
    ],
    "signature_mse": 0.04999348685925047
  },
  "stratified_metrics": {
    "pooled": {
      "record_count": 30242,
      "source_bit_micro_f1": 0.8428033195865791,
      "source_bit_macro_f1": 0.845056672789986,
      "source_bit_hamming_loss": 0.13612415404624914,
      "source_bit_auroc": {
        "visual": 0.9417623641384852,
        "language": 0.8970563297001287,
        "alignment": 0.9805788485426066
      },
      "six_way_macro_f1": 0.4934614489583657,
      "six_way_balanced_accuracy": 0.5524548325777664,
      "six_way_confusion_matrix": [
        [
          2414,
          130,
          294,
          88,
          647,
          649
        ],
        [
          44,
          4297,
          160,
          114,
          1103,
          2773
        ],
        [
          26,
          14,
          1128,
          125,
          368,
          13
        ],
        [
          1198,
          368,
          1968,
          6776,
          482,
          72
        ],
        [
          58,
          51,
          106,
          7,
          134,
          77
        ],
        [
          174,
          672,
          185,
          1,
          655,
          2871
        ]
      ],
      "six_way_labels": [
        "visual",
        "language-prior",
        "alignment",
        "mixed",
        "unclear",
        "no-failure"
      ],
      "signature_mse": 0.04999348685925047
    },
    "within_dataset": {
      "hallusionbench": {
        "record_count": 3918,
        "source_bit_micro_f1": 0.7250108178277802,
        "source_bit_macro_f1": 0.720177285736736,
        "source_bit_hamming_loss": 0.2162668027905394,
        "source_bit_auroc": {
          "visual": 0.8109383203978959,
          "language": 0.8049888896853272,
          "alignment": 0.9358305170232409
        },
        "six_way_macro_f1": 0.4019305533731723,
        "six_way_balanced_accuracy": 0.3949901384035777,
        "six_way_confusion_matrix": [
          [
            312,
            19,
            7,
            0,
            175,
            126
          ],
          [
            14,
            494,
            43,
            33,
            466,
            164
          ],
          [
            9,
            0,
            124,
            70,
            138,
            0
          ],
          [
            205,
            113,
            64,
            464,
            185,
            4
          ],
          [
            8,
            39,
            16,
            7,
            57,
            46
          ],
          [
            26,
            58,
            32,
            0,
            228,
            172
          ]
        ],
        "six_way_labels": [
          "visual",
          "language-prior",
          "alignment",
          "mixed",
          "unclear",
          "no-failure"
        ],
        "signature_mse": 0.0627710833052549
      },
      "pope": {
        "record_count": 11540,
        "source_bit_micro_f1": 0.7916583714911407,
        "source_bit_macro_f1": 0.7722164682818047,
        "source_bit_hamming_loss": 0.12091276718659734,
        "source_bit_auroc": {
          "visual": 0.9225924464700963,
          "language": 0.8536247207322752,
          "alignment": 0.9944924775689886
        },
        "six_way_macro_f1": 0.4191151545829632,
        "six_way_balanced_accuracy": 0.5813221822256335,
        "six_way_confusion_matrix": [
          [
            900,
            84,
            7,
            15,
            235,
            481
          ],
          [
            8,
            3224,
            7,
            47,
            365,
            2229
          ],
          [
            0,
            0,
            0,
            0,
            0,
            0
          ],
          [
            108,
            85,
            19,
            345,
            122,
            0
          ],
          [
            0,
            0,
            0,
            0,
            0,
            0
          ],
          [
            70,
            498,
            15,
            1,
            243,
            2432
          ]
        ],
        "six_way_labels": [
          "visual",
          "language-prior",
          "alignment",
          "mixed",
          "unclear",
          "no-failure"
        ],
        "signature_mse": 0.050871939335409254
      },
      "vizwiz": {
        "record_count": 13487,
        "source_bit_micro_f1": 0.8938609864507956,
        "source_bit_macro_f1": 0.8510334049798982,
        "source_bit_hamming_loss": 0.12216702503645485,
        "source_bit_auroc": {
          "visual": 0.9340585329684238,
          "language": 0.9000977199856388,
          "alignment": 0.9464461513807175
        },
        "six_way_macro_f1": 0.4447357787338139,
        "six_way_balanced_accuracy": 0.5081359835689018,
        "six_way_confusion_matrix": [
          [
            1084,
            20,
            278,
            73,
            193,
            34
          ],
          [
            22,
            386,
            110,
            34,
            185,
            221
          ],
          [
            17,
            14,
            1004,
            55,
            230,
            13
          ],
          [
            822,
            148,
            1867,
            5824,
            140,
            67
          ],
          [
            50,
            12,
            90,
            0,
            77,
            31
          ],
          [
            48,
            56,
            136,
            0,
            32,
            114
          ]
        ],
        "six_way_labels": [
          "visual",
          "language-prior",
          "alignment",
          "mixed",
          "unclear",
          "no-failure"
        ],
        "signature_mse": 0.04349201141028528
      },
      "vsr": {
        "record_count": 1297,
        "source_bit_micro_f1": 0.7444486262702296,
        "source_bit_macro_f1": 0.7542603918264313,
        "source_bit_hamming_loss": 0.17450526856849138,
        "source_bit_auroc": {
          "visual": 0.9125574733520846,
          "language": 0.8217307655262751,
          "alignment": 0.9333682481491179
        },
        "six_way_macro_f1": 0.3732701284477031,
        "six_way_balanced_accuracy": 0.49783400979890907,
        "six_way_confusion_matrix": [
          [
            118,
            7,
            2,
            0,
            44,
            8
          ],
          [
            0,
            193,
            0,
            0,
            87,
            159
          ],
          [
            0,
            0,
            0,
            0,
            0,
            0
          ],
          [
            63,
            22,
            18,
            143,
            35,
            1
          ],
          [
            0,
            0,
            0,
            0,
            0,
            0
          ],
          [
            30,
            60,
            2,
            0,
            152,
            153
          ]
        ],
        "six_way_labels": [
          "visual",
          "language-prior",
          "alignment",
          "mixed",
          "unclear",
          "no-failure"
        ],
        "signature_mse": 0.07118503268028034
      }
    },
    "within_model": {
      "Qwen/Qwen3-VL-8B-Instruct": {
        "record_count": 30242,
        "source_bit_micro_f1": 0.8428033195865791,
        "source_bit_macro_f1": 0.845056672789986,
        "source_bit_hamming_loss": 0.13612415404624914,
        "source_bit_auroc": {
          "visual": 0.9417623641384852,
          "language": 0.8970563297001287,
          "alignment": 0.9805788485426066
        },
        "six_way_macro_f1": 0.4934614489583657,
        "six_way_balanced_accuracy": 0.5524548325777664,
        "six_way_confusion_matrix": [
          [
            2414,
            130,
            294,
            88,
            647,
            649
          ],
          [
            44,
            4297,
            160,
            114,
            1103,
            2773
          ],
          [
            26,
            14,
            1128,
            125,
            368,
            13
          ],
          [
            1198,
            368,
            1968,
            6776,
            482,
            72
          ],
          [
            58,
            51,
            106,
            7,
            134,
            77
          ],
          [
            174,
            672,
            185,
            1,
            655,
            2871
          ]
        ],
        "six_way_labels": [
          "visual",
          "language-prior",
          "alignment",
          "mixed",
          "unclear",
          "no-failure"
        ],
        "signature_mse": 0.04999348685925047
      }
    },
    "within_budget": {
      "1": {
        "record_count": 4922,
        "source_bit_micro_f1": 0.799415474542378,
        "source_bit_macro_f1": 0.8037841837013556,
        "source_bit_hamming_loss": 0.1766219693891372,
        "source_bit_auroc": {
          "visual": 0.9086196059316571,
          "language": 0.8219992416786135,
          "alignment": 0.9697321855647216
        },
        "six_way_macro_f1": 0.3952405020255963,
        "six_way_balanced_accuracy": 0.4633060034534746,
        "six_way_confusion_matrix": [
          [
            262,
            31,
            76,
            17,
            162,
            139
          ],
          [
            7,
            387,
            29,
            21,
            251,
            686
          ],
          [
            4,
            1,
            151,
            27,
            86,
            4
          ],
          [
            184,
            45,
            407,
            966,
            145,
            20
          ],
          [
            11,
            5,
            16,
            2,
            25,
            11
          ],
          [
            21,
            77,
            33,
            0,
            121,
            492
          ]
        ],
        "six_way_labels": [
          "visual",
          "language-prior",
          "alignment",
          "mixed",
          "unclear",
          "no-failure"
        ],
        "signature_mse": 0.06310290595173808
      },
      "2": {
        "record_count": 8766,
        "source_bit_micro_f1": 0.8257833638823426,
        "source_bit_macro_f1": 0.8287245367699058,
        "source_bit_hamming_loss": 0.15179861586432428,
        "source_bit_auroc": {
          "visual": 0.9272475364961601,
          "language": 0.8742774576681464,
          "alignment": 0.9769981181142907
        },
        "six_way_macro_f1": 0.45604896192851124,
        "six_way_balanced_accuracy": 0.5167401930793882,
        "six_way_confusion_matrix": [
          [
            619,
            44,
            99,
            27,
            221,
            212
          ],
          [
            15,
            1071,
            53,
            37,
            352,
            936
          ],
          [
            11,
            4,
            314,
            41,
            113,
            4
          ],
          [
            357,
            118,
            665,
            1833,
            153,
            24
          ],
          [
            18,
            16,
            34,
            2,
            38,
            18
          ],
          [
            57,
            188,
            55,
            1,
            185,
            831
          ]
        ],
        "six_way_labels": [
          "visual",
          "language-prior",
          "alignment",
          "mixed",
          "unclear",
          "no-failure"
        ],
        "signature_mse": 0.05455983972962945
      },
      "4": {
        "record_count": 16554,
        "source_bit_micro_f1": 0.8651753892327894,
        "source_bit_macro_f1": 0.8665277828189044,
        "source_bit_hamming_loss": 0.11578269099109983,
        "source_bit_auroc": {
          "visual": 0.9565342986056309,
          "language": 0.9247552101481497,
          "alignment": 0.9849786932806912
        },
        "six_way_macro_f1": 0.5408112324905568,
        "six_way_balanced_accuracy": 0.5979140602884737,
        "six_way_confusion_matrix": [
          [
            1533,
            55,
            119,
            44,
            264,
            298
          ],
          [
            22,
            2839,
            78,
            56,
            500,
            1151
          ],
          [
            11,
            9,
            663,
            57,
            169,
            5
          ],
          [
            657,
            205,
            896,
            3977,
            184,
            28
          ],
          [
            29,
            30,
            56,
            3,
            71,
            48
          ],
          [
            96,
            407,
            97,
            0,
            349,
            1548
          ]
        ],
        "six_way_labels": [
          "visual",
          "language-prior",
          "alignment",
          "mixed",
          "unclear",
          "no-failure"
        ],
        "signature_mse": 0.04367759885423862
      }
    }
  },
  "config_sha256": "0293d3bdbcd91299f7f4ec0e501917e2d40bfcc40b2a33d5591f0ac0330f3d74",
  "source_manifest_sha256": "4aa621b1e8e0bf9f3f47cf5b88a720374fe8a35310b19bf3fd68d158c836a52f",
  "checkpoint_path": "outputs/week8_lomo/gemma4_e4b/checkpoints/diagnostic/diag_deep_sets_standard_seed42.best.pt",
  "checkpoint_sha256": "032a6b167b62e3f7f63be99b02c3b547d5a1b0aa0c7be0b81f3987e7b2ad82d7",
  "report_sha256": "6d44c7e0ac5e854be3472709a260995f6fceee9137746e049d2e55954a12f42c"
}
	Command being timed: "timeout --signal=TERM --kill-after=5m 720s python scripts/train_diag.py --config configs/experiments/diag_bakeoff.yaml --manifest_path outputs/week8_lomo/gemma4_e4b/vectorized/vectorized_manifest.json --encoder deep_sets --seed 42 --device cuda:0 --output_dir outputs/week8_lomo/gemma4_e4b/checkpoints/diagnostic --resume"
	User time (seconds): 332.15
	System time (seconds): 53.41
	Percent of CPU this job got: 271%
	Elapsed (wall clock) time (h:mm:ss or m:ss): 2:22.17
	Average shared text size (kbytes): 0
	Average unshared data size (kbytes): 0
	Average stack size (kbytes): 0
	Average total size (kbytes): 0
	Maximum resident set size (kbytes): 1510488
	Average resident set size (kbytes): 0
	Major (requiring I/O) page faults: 0
	Minor (reclaiming a frame) page faults: 3042842
	Voluntary context switches: 2314117
	Involuntary context switches: 83867
	Swaps: 0
	File system inputs: 72
	File system outputs: 57168
	Socket messages sent: 0
	Socket messages received: 0
	Signals delivered: 0
	Page size (bytes): 4096
	Exit status: 0
gemma4_e4b Deep Sets diagnostic exit code: 0
===== gemma4_e4b clean diagnostic =====
Timeout: 300s; bundle remaining: 16472s
{
  "encoder": "clean_mlp",
  "gru_condition": "standard",
  "seed": 42,
  "budgets": [
    1,
    2,
    4
  ],
  "config_approval": "APPROVED",
  "pilot": false,
  "manifest": "outputs/week8_lomo/gemma4_e4b/vectorized/vectorized_manifest.json",
  "output": "outputs/week8_lomo/gemma4_e4b/checkpoints/diagnostic/diag_clean_mlp_standard_seed42.best.pt"
}
2026-09-11 13:33:22,041 INFO [train_diag] epoch=0 train_total=1.577012 score=(0.6977308509906807, 0.26967625906927406)
2026-09-11 13:33:22,741 INFO [train_diag] epoch=1 train_total=1.423271 score=(0.7072863300272639, 0.22818871851041758)
2026-09-11 13:33:23,445 INFO [train_diag] epoch=2 train_total=1.377838 score=(0.7145219822604223, 0.2622922190833637)
2026-09-11 13:33:24,154 INFO [train_diag] epoch=3 train_total=1.355371 score=(0.7310611002391824, 0.215417414447731)
2026-09-11 13:33:24,935 INFO [train_diag] epoch=4 train_total=1.346476 score=(0.7348620469025198, 0.251860230492974)
2026-09-11 13:33:25,627 INFO [train_diag] epoch=5 train_total=1.336937 score=(0.7281168360194835, 0.25232147335663874)
2026-09-11 13:33:26,352 INFO [train_diag] epoch=6 train_total=1.322523 score=(0.7333194538886231, 0.2914889560370981)
2026-09-11 13:33:27,016 INFO [train_diag] epoch=7 train_total=1.310417 score=(0.751726045225313, 0.3113890950379396)
2026-09-11 13:33:27,740 INFO [train_diag] epoch=8 train_total=1.305890 score=(0.7351216586803844, 0.26401887200923807)
2026-09-11 13:33:28,439 INFO [train_diag] epoch=9 train_total=1.301323 score=(0.7616582591422896, 0.2877190140359738)
2026-09-11 13:33:29,219 INFO [train_diag] epoch=10 train_total=1.291625 score=(0.7630397695425802, 0.2964661097284052)
2026-09-11 13:33:29,941 INFO [train_diag] epoch=11 train_total=1.292721 score=(0.7312085989251343, 0.33808421863044885)
2026-09-11 13:33:30,677 INFO [train_diag] epoch=12 train_total=1.293537 score=(0.7609091828552975, 0.30566384538872904)
2026-09-11 13:33:31,403 INFO [train_diag] epoch=13 train_total=1.278924 score=(0.7635872894977392, 0.2992937182517512)
2026-09-11 13:33:32,107 INFO [train_diag] epoch=14 train_total=1.275146 score=(0.7686141556250199, 0.31929413520412975)
2026-09-11 13:33:32,777 INFO [train_diag] epoch=15 train_total=1.271062 score=(0.7609421113863425, 0.3070963050641611)
2026-09-11 13:33:33,499 INFO [train_diag] epoch=16 train_total=1.271994 score=(0.7408212228163289, 0.29371615120134026)
2026-09-11 13:33:34,260 INFO [train_diag] epoch=17 train_total=1.269024 score=(0.7627227379489541, 0.3032287651770836)
2026-09-11 13:33:34,927 INFO [train_diag] epoch=18 train_total=1.270369 score=(0.7697245634624276, 0.3106054090051528)
2026-09-11 13:33:35,664 INFO [train_diag] epoch=19 train_total=1.262612 score=(0.7620900150515487, 0.29239485970963297)
2026-09-11 13:33:36,403 INFO [train_diag] epoch=20 train_total=1.252633 score=(0.7625585924616173, 0.30108644310771965)
2026-09-11 13:33:37,115 INFO [train_diag] epoch=21 train_total=1.248897 score=(0.76078555089804, 0.3732393360420523)
2026-09-11 13:33:37,846 INFO [train_diag] epoch=22 train_total=1.253576 score=(0.7656139304099717, 0.29895174723977674)
2026-09-11 13:33:38,527 INFO [train_diag] epoch=23 train_total=1.248130 score=(0.7587469027979203, 0.3067443300504808)
/home/aman/miniconda3/envs/proactive-internvl/lib/python3.11/site-packages/sklearn/metrics/_classification.py:2939: UserWarning: y_pred contains classes not in y_true
  warnings.warn("y_pred contains classes not in y_true")
/home/aman/miniconda3/envs/proactive-internvl/lib/python3.11/site-packages/sklearn/metrics/_classification.py:2939: UserWarning: y_pred contains classes not in y_true
  warnings.warn("y_pred contains classes not in y_true")
{
  "format_version": "week5_validation_report_v1",
  "encoder_name": "clean_mlp",
  "gru_condition": "standard",
  "seed": 42,
  "pilot": false,
  "scientifically_weighted": true,
  "train_rows": 5059,
  "validation_rows": 2106,
  "best_epoch": 18,
  "metrics": {
    "is_valid": true,
    "record_count": 2106,
    "source_bit_micro_f1": 0.7622993267736924,
    "source_bit_macro_f1": 0.7697245634624276,
    "source_bit_hamming_loss": 0.21794871794871795,
    "source_bit_auroc": {
      "visual": 0.8787018585546382,
      "language": 0.6953220442513913,
      "alignment": 0.9528504220285042
    },
    "six_way_macro_f1": 0.3106054090051528,
    "six_way_balanced_accuracy": 0.39884912597877964,
    "six_way_confusion_matrix": [
      [
        39,
        66,
        78,
        9,
        21,
        81
      ],
      [
        0,
        78,
        30,
        3,
        72,
        408
      ],
      [
        0,
        9,
        75,
        9,
        21,
        3
      ],
      [
        54,
        21,
        204,
        417,
        45,
        15
      ],
      [
        3,
        6,
        9,
        0,
        6,
        6
      ],
      [
        6,
        33,
        21,
        3,
        21,
        234
      ]
    ],
    "six_way_labels": [
      "visual",
      "language-prior",
      "alignment",
      "mixed",
      "unclear",
      "no-failure"
    ],
    "signature_mse": 0.07808564701332417
  },
  "stratified_metrics": {
    "pooled": {
      "record_count": 2106,
      "source_bit_micro_f1": 0.7622993267736924,
      "source_bit_macro_f1": 0.7697245634624276,
      "source_bit_hamming_loss": 0.21794871794871795,
      "source_bit_auroc": {
        "visual": 0.8787018585546382,
        "language": 0.6953220442513913,
        "alignment": 0.9528504220285042
      },
      "six_way_macro_f1": 0.3106054090051528,
      "six_way_balanced_accuracy": 0.39884912597877964,
      "six_way_confusion_matrix": [
        [
          39,
          66,
          78,
          9,
          21,
          81
        ],
        [
          0,
          78,
          30,
          3,
          72,
          408
        ],
        [
          0,
          9,
          75,
          9,
          21,
          3
        ],
        [
          54,
          21,
          204,
          417,
          45,
          15
        ],
        [
          3,
          6,
          9,
          0,
          6,
          6
        ],
        [
          6,
          33,
          21,
          3,
          21,
          234
        ]
      ],
      "six_way_labels": [
        "visual",
        "language-prior",
        "alignment",
        "mixed",
        "unclear",
        "no-failure"
      ],
      "signature_mse": 0.07808564701332417
    },
    "within_dataset": {
      "hallusionbench": {
        "record_count": 273,
        "source_bit_micro_f1": 0.603448275862069,
        "source_bit_macro_f1": 0.5732800299556172,
        "source_bit_hamming_loss": 0.336996336996337,
        "source_bit_auroc": {
          "visual": 0.593939393939394,
          "language": 0.4545893719806763,
          "alignment": 0.8623188405797102
        },
        "six_way_macro_f1": 0.2533230884946571,
        "six_way_balanced_accuracy": 0.30357142857142855,
        "six_way_confusion_matrix": [
          [
            0,
            15,
            6,
            0,
            6,
            18
          ],
          [
            0,
            27,
            9,
            0,
            24,
            24
          ],
          [
            0,
            3,
            3,
            3,
            15,
            0
          ],
          [
            0,
            12,
            15,
            33,
            12,
            0
          ],
          [
            0,
            3,
            0,
            0,
            6,
            3
          ],
          [
            0,
            9,
            6,
            0,
            6,
            15
          ]
        ],
        "six_way_labels": [
          "visual",
          "language-prior",
          "alignment",
          "mixed",
          "unclear",
          "no-failure"
        ],
        "signature_mse": 0.09166011640790817
      },
      "pope": {
        "record_count": 807,
        "source_bit_micro_f1": 0.6666666666666666,
        "source_bit_macro_f1": 0.6258493447464702,
        "source_bit_hamming_loss": 0.2094175960346964,
        "source_bit_auroc": {
          "visual": 0.8155038759689922,
          "language": 0.36929971988795524,
          "alignment": 0.9937739463601533
        },
        "six_way_macro_f1": 0.20094674556213019,
        "six_way_balanced_accuracy": 0.35202770841336917,
        "six_way_confusion_matrix": [
          [
            0,
            39,
            3,
            3,
            15,
            60
          ],
          [
            0,
            42,
            3,
            3,
            24,
            339
          ],
          [
            0,
            0,
            0,
            0,
            0,
            0
          ],
          [
            0,
            0,
            3,
            21,
            24,
            0
          ],
          [
            0,
            0,
            0,
            0,
            0,
            0
          ],
          [
            0,
            15,
            9,
            0,
            6,
            198
          ]
        ],
        "six_way_labels": [
          "visual",
          "language-prior",
          "alignment",
          "mixed",
          "unclear",
          "no-failure"
        ],
        "signature_mse": 0.08731418727009306
      },
      "vizwiz": {
        "record_count": 939,
        "source_bit_micro_f1": 0.8457446808510638,
        "source_bit_macro_f1": 0.7701970389810064,
        "source_bit_hamming_loss": 0.1853035143769968,
        "source_bit_auroc": {
          "visual": 0.8657392253136932,
          "language": 0.7845093846519363,
          "alignment": 0.8641609482220837
        },
        "six_way_macro_f1": 0.2893006114571335,
        "six_way_balanced_accuracy": 0.3515732014792459,
        "six_way_confusion_matrix": [
          [
            39,
            6,
            63,
            6,
            0,
            3
          ],
          [
            0,
            6,
            18,
            0,
            15,
            27
          ],
          [
            0,
            6,
            72,
            6,
            6,
            3
          ],
          [
            54,
            6,
            180,
            357,
            6,
            15
          ],
          [
            3,
            3,
            9,
            0,
            0,
            3
          ],
          [
            6,
            3,
            6,
            3,
            0,
            9
          ]
        ],
        "six_way_labels": [
          "visual",
          "language-prior",
          "alignment",
          "mixed",
          "unclear",
          "no-failure"
        ],
        "signature_mse": 0.06318616395875962
      },
      "vsr": {
        "record_count": 87,
        "source_bit_micro_f1": 0.625,
        "source_bit_macro_f1": 0.619047619047619,
        "source_bit_hamming_loss": 0.27586206896551724,
        "source_bit_auroc": {
          "visual": 0.894736842105263,
          "language": 0.5673076923076923,
          "alignment": 0.9
        },
        "six_way_macro_f1": 0.17434210526315788,
        "six_way_balanced_accuracy": 0.21944444444444444,
        "six_way_confusion_matrix": [
          [
            0,
            6,
            6,
            0,
            0,
            0
          ],
          [
            0,
            3,
            0,
            0,
            9,
            18
          ],
          [
            0,
            0,
            0,
            0,
            0,
            0
          ],
          [
            0,
            3,
            6,
            6,
            3,
            0
          ],
          [
            0,
            0,
            0,
            0,
            0,
            0
          ],
          [
            0,
            6,
            0,
            0,
            9,
            12
          ]
        ],
        "six_way_labels": [
          "visual",
          "language-prior",
          "alignment",
          "mixed",
          "unclear",
          "no-failure"
        ],
        "signature_mse": 0.1106988936374873
      }
    },
    "within_model": {
      "Qwen/Qwen3-VL-8B-Instruct": {
        "record_count": 2106,
        "source_bit_micro_f1": 0.7622993267736924,
        "source_bit_macro_f1": 0.7697245634624276,
        "source_bit_hamming_loss": 0.21794871794871795,
        "source_bit_auroc": {
          "visual": 0.8787018585546382,
          "language": 0.6953220442513913,
          "alignment": 0.9528504220285042
        },
        "six_way_macro_f1": 0.3106054090051528,
        "six_way_balanced_accuracy": 0.39884912597877964,
        "six_way_confusion_matrix": [
          [
            39,
            66,
            78,
            9,
            21,
            81
          ],
          [
            0,
            78,
            30,
            3,
            72,
            408
          ],
          [
            0,
            9,
            75,
            9,
            21,
            3
          ],
          [
            54,
            21,
            204,
            417,
            45,
            15
          ],
          [
            3,
            6,
            9,
            0,
            6,
            6
          ],
          [
            6,
            33,
            21,
            3,
            21,
            234
          ]
        ],
        "six_way_labels": [
          "visual",
          "language-prior",
          "alignment",
          "mixed",
          "unclear",
          "no-failure"
        ],
        "signature_mse": 0.07808564701332417
      }
    },
    "within_budget": {
      "1": {
        "record_count": 702,
        "source_bit_micro_f1": 0.7622993267736924,
        "source_bit_macro_f1": 0.7697245634624276,
        "source_bit_hamming_loss": 0.21794871794871795,
        "source_bit_auroc": {
          "visual": 0.8787018585546382,
          "language": 0.6953220442513913,
          "alignment": 0.9528504220285042
        },
        "six_way_macro_f1": 0.3106054090051528,
        "six_way_balanced_accuracy": 0.39884912597877964,
        "six_way_confusion_matrix": [
          [
            13,
            22,
            26,
            3,
            7,
            27
          ],
          [
            0,
            26,
            10,
            1,
            24,
            136
          ],
          [
            0,
            3,
            25,
            3,
            7,
            1
          ],
          [
            18,
            7,
            68,
            139,
            15,
            5
          ],
          [
            1,
            2,
            3,
            0,
            2,
            2
          ],
          [
            2,
            11,
            7,
            1,
            7,
            78
          ]
        ],
        "six_way_labels": [
          "visual",
          "language-prior",
          "alignment",
          "mixed",
          "unclear",
          "no-failure"
        ],
        "signature_mse": 0.07808564702046197
      },
      "2": {
        "record_count": 702,
        "source_bit_micro_f1": 0.7622993267736924,
        "source_bit_macro_f1": 0.7697245634624276,
        "source_bit_hamming_loss": 0.21794871794871795,
        "source_bit_auroc": {
          "visual": 0.8787018585546382,
          "language": 0.6953220442513913,
          "alignment": 0.9528504220285042
        },
        "six_way_macro_f1": 0.3106054090051528,
        "six_way_balanced_accuracy": 0.39884912597877964,
        "six_way_confusion_matrix": [
          [
            13,
            22,
            26,
            3,
            7,
            27
          ],
          [
            0,
            26,
            10,
            1,
            24,
            136
          ],
          [
            0,
            3,
            25,
            3,
            7,
            1
          ],
          [
            18,
            7,
            68,
            139,
            15,
            5
          ],
          [
            1,
            2,
            3,
            0,
            2,
            2
          ],
          [
            2,
            11,
            7,
            1,
            7,
            78
          ]
        ],
        "six_way_labels": [
          "visual",
          "language-prior",
          "alignment",
          "mixed",
          "unclear",
          "no-failure"
        ],
        "signature_mse": 0.07808564702046197
      },
      "4": {
        "record_count": 702,
        "source_bit_micro_f1": 0.7622993267736924,
        "source_bit_macro_f1": 0.7697245634624276,
        "source_bit_hamming_loss": 0.21794871794871795,
        "source_bit_auroc": {
          "visual": 0.8787018585546382,
          "language": 0.6953220442513913,
          "alignment": 0.9528504220285042
        },
        "six_way_macro_f1": 0.3106054090051528,
        "six_way_balanced_accuracy": 0.39884912597877964,
        "six_way_confusion_matrix": [
          [
            13,
            22,
            26,
            3,
            7,
            27
          ],
          [
            0,
            26,
            10,
            1,
            24,
            136
          ],
          [
            0,
            3,
            25,
            3,
            7,
            1
          ],
          [
            18,
            7,
            68,
            139,
            15,
            5
          ],
          [
            1,
            2,
            3,
            0,
            2,
            2
          ],
          [
            2,
            11,
            7,
            1,
            7,
            78
          ]
        ],
        "six_way_labels": [
          "visual",
          "language-prior",
          "alignment",
          "mixed",
          "unclear",
          "no-failure"
        ],
        "signature_mse": 0.07808564699904856
      }
    }
  },
  "config_sha256": "0293d3bdbcd91299f7f4ec0e501917e2d40bfcc40b2a33d5591f0ac0330f3d74",
  "source_manifest_sha256": "4aa621b1e8e0bf9f3f47cf5b88a720374fe8a35310b19bf3fd68d158c836a52f",
  "checkpoint_path": "outputs/week8_lomo/gemma4_e4b/checkpoints/diagnostic/diag_clean_mlp_standard_seed42.best.pt",
  "checkpoint_sha256": "7d1e48c72ec5737e01e333e8bf1c71aabe2ffa541e61b3938957e9a98278e4dd",
  "report_sha256": "f9c16d3c424fac98710ea78c53393b2d2f4358ca64bb21024009d5532cfb59e9"
}
	Command being timed: "timeout --signal=TERM --kill-after=5m 300s python scripts/train_diag.py --config configs/experiments/diag_bakeoff.yaml --manifest_path outputs/week8_lomo/gemma4_e4b/vectorized/vectorized_manifest.json --encoder clean_mlp --seed 42 --device cuda:0 --output_dir outputs/week8_lomo/gemma4_e4b/checkpoints/diagnostic --resume"
	User time (seconds): 28.18
	System time (seconds): 22.96
	Percent of CPU this job got: 224%
	Elapsed (wall clock) time (h:mm:ss or m:ss): 0:22.79
	Average shared text size (kbytes): 0
	Average unshared data size (kbytes): 0
	Average stack size (kbytes): 0
	Average total size (kbytes): 0
	Maximum resident set size (kbytes): 1315996
	Average resident set size (kbytes): 0
	Major (requiring I/O) page faults: 0
	Minor (reclaiming a frame) page faults: 1626476
	Voluntary context switches: 133795
	Involuntary context switches: 29634
	Swaps: 0
	File system inputs: 8
	File system outputs: 69376
	Socket messages sent: 0
	Socket messages received: 0
	Signals delivered: 0
	Page size (bytes): 4096
	Exit status: 0
gemma4_e4b clean diagnostic exit code: 0
===== gemma4_e4b diagnostic freeze =====
Timeout: 300s; bundle remaining: 16449s
{
  "artifacts": {
    "clean_checkpoint": {
      "path": "outputs/week8_lomo/gemma4_e4b/checkpoints/diagnostic/diag_clean_mlp_standard_seed42.best.pt",
      "sha256": "7d1e48c72ec5737e01e333e8bf1c71aabe2ffa541e61b3938957e9a98278e4dd"
    },
    "diagnostic_checkpoint": {
      "path": "outputs/week8_lomo/gemma4_e4b/checkpoints/diagnostic/diag_deep_sets_standard_seed42.best.pt",
      "sha256": "032a6b167b62e3f7f63be99b02c3b547d5a1b0aa0c7be0b81f3987e7b2ad82d7"
    },
    "diagnostic_config": {
      "path": "configs/experiments/diag_bakeoff.yaml",
      "sha256": "0293d3bdbcd91299f7f4ec0e501917e2d40bfcc40b2a33d5591f0ac0330f3d74"
    },
    "fold_manifest": {
      "path": "outputs/week8_lomo/gemma4_e4b/lomo_fold_manifest.json",
      "sha256": "2a47540475981396efb756ecd94a4fa97e7457968a82422c53a841c151a38197"
    },
    "policy_config": {
      "path": "configs/experiments/policy_train.yaml",
      "sha256": "33e88aa1bbc4dbaa47309015be7e6e188523dcdf5416cf64d1703aa4c442c9eb"
    },
    "selection_report": {
      "path": "outputs/week8_lomo/gemma4_e4b/freeze/lomo_predeclared_selection.json",
      "sha256": "1f1e5597ef34398d569671fbef0775d1f085a256edef0fcb57ee3404303a706d"
    }
  },
  "format_version": "proactive_stack_freeze_v1",
  "freeze_sha256": "629f6e37882996abf40830d56c8afc862847107351328ea7e2b0e50f2b850a0b",
  "owner_approved": true,
  "status": "FROZEN"
}

	Command being timed: "timeout --signal=TERM --kill-after=5m 300s python scripts/freeze_lomo_stack.py --stage diagnostic --fold_manifest outputs/week8_lomo/gemma4_e4b/lomo_fold_manifest.json --diagnostic_checkpoint outputs/week8_lomo/gemma4_e4b/checkpoints/diagnostic/diag_deep_sets_standard_seed42.best.pt --clean_checkpoint outputs/week8_lomo/gemma4_e4b/checkpoints/diagnostic/diag_clean_mlp_standard_seed42.best.pt --output_dir outputs/week8_lomo/gemma4_e4b/freeze --approve_freeze --overwrite"
	User time (seconds): 1.79
	System time (seconds): 5.48
	Percent of CPU this job got: 553%
	Elapsed (wall clock) time (h:mm:ss or m:ss): 0:01.31
	Average shared text size (kbytes): 0
	Average unshared data size (kbytes): 0
	Average stack size (kbytes): 0
	Average total size (kbytes): 0
	Maximum resident set size (kbytes): 431124
	Average resident set size (kbytes): 0
	Major (requiring I/O) page faults: 0
	Minor (reclaiming a frame) page faults: 60942
	Voluntary context switches: 174
	Involuntary context switches: 44863
	Swaps: 0
	File system inputs: 0
	File system outputs: 16
	Socket messages sent: 0
	Socket messages received: 0
	Signals delivered: 0
	Page size (bytes): 4096
	Exit status: 0
gemma4_e4b diagnostic freeze exit code: 0
===== gemma4_e4b temporary validation APS =====
Timeout: 180s; bundle remaining: 16448s
{
  "format_version": "temporary_validation_aps_v1",
  "status": "TEMPORARY_NOT_FINAL_CALIBRATION",
  "fit_split": "val",
  "calibration_split_used": false,
  "test_split_used": false,
  "config_sha256": "0293d3bdbcd91299f7f4ec0e501917e2d40bfcc40b2a33d5591f0ac0330f3d74",
  "checkpoint_path": "outputs/week8_lomo/gemma4_e4b/checkpoints/diagnostic/diag_deep_sets_standard_seed42.best.pt",
  "checkpoint_sha256": "032a6b167b62e3f7f63be99b02c3b547d5a1b0aa0c7be0b81f3987e7b2ad82d7",
  "source_manifest_sha256": "4aa621b1e8e0bf9f3f47cf5b88a720374fe8a35310b19bf3fd68d158c836a52f",
  "budgets": [
    1,
    2,
    3,
    4,
    7
  ],
  "coverages": [
    0.9,
    0.95
  ],
  "limit": null,
  "thresholds": {
    "1": {
      "0.9": {
        "alpha": 0.09999999999999998,
        "target_coverage": 0.9,
        "threshold": 0.9996532201766968,
        "calibration_count": 4922,
        "validation_metrics": {
          "coverage": 0.9002438033319788,
          "average_set_size": 3.575985371800081,
          "singleton_rate": 0.2706216984965461,
          "empty_set_rate": 0.014221861032100772
        }
      },
      "0.95": {
        "alpha": 0.050000000000000044,
        "target_coverage": 0.95,
        "threshold": 0.9999804496765137,
        "calibration_count": 4922,
        "validation_metrics": {
          "coverage": 0.9502234863876473,
          "average_set_size": 3.9032913449817146,
          "singleton_rate": 0.1613165379926859,
          "empty_set_rate": 0.0020316944331572532
        }
      }
    },
    "2": {
      "0.9": {
        "alpha": 0.09999999999999998,
        "target_coverage": 0.9,
        "threshold": 0.9999212622642517,
        "calibration_count": 8766,
        "validation_metrics": {
          "coverage": 0.9001825233858088,
          "average_set_size": 3.341432808578599,
          "singleton_rate": 0.3296828656171572,
          "empty_set_rate": 0.015856719142140086
        }
      },
      "0.95": {
        "alpha": 0.050000000000000044,
        "target_coverage": 0.95,
        "threshold": 0.9999875128269196,
        "calibration_count": 8766,
        "validation_metrics": {
          "coverage": 0.9501483002509696,
          "average_set_size": 3.654232261008442,
          "singleton_rate": 0.17134382842801735,
          "empty_set_rate": 0.004449007529089665
        }
      }
    },
    "3": {
      "0.9": {
        "alpha": 0.09999999999999998,
        "target_coverage": 0.9,
        "threshold": 0.9999384880065918,
        "calibration_count": 12718,
        "validation_metrics": {
          "coverage": 0.9001415316873722,
          "average_set_size": 3.115348325208366,
          "singleton_rate": 0.3724642239345809,
          "empty_set_rate": 0.021544267966661423
        }
      },
      "0.95": {
        "alpha": 0.050000000000000044,
        "target_coverage": 0.95,
        "threshold": 0.9999900981783867,
        "calibration_count": 12718,
        "validation_metrics": {
          "coverage": 0.9501493945588929,
          "average_set_size": 3.4857682025475705,
          "singleton_rate": 0.18359805000786286,
          "empty_set_rate": 0.008570529957540493
        }
      }
    },
    "4": {
      "0.9": {
        "alpha": 0.09999999999999998,
        "target_coverage": 0.9,
        "threshold": 0.9999392032623291,
        "calibration_count": 16554,
        "validation_metrics": {
          "coverage": 0.9000845717047239,
          "average_set_size": 2.929865893439652,
          "singleton_rate": 0.3964600700736982,
          "empty_set_rate": 0.026640086988039144
        }
      },
      "0.95": {
        "alpha": 0.050000000000000044,
        "target_coverage": 0.95,
        "threshold": 0.999990850687027,
        "calibration_count": 16554,
        "validation_metrics": {
          "coverage": 0.9502235109339132,
          "average_set_size": 3.3233659538480125,
          "singleton_rate": 0.20363658330312914,
          "empty_set_rate": 0.011598405219282348
        }
      }
    },
    "7": {
      "0.9": {
        "alpha": 0.09999999999999998,
        "target_coverage": 0.9,
        "threshold": 0.9999346733093262,
        "calibration_count": 18684,
        "validation_metrics": {
          "coverage": 0.9001819738813959,
          "average_set_size": 2.794690644401627,
          "singleton_rate": 0.41056518946692355,
          "empty_set_rate": 0.03050738599871548
        }
      },
      "0.95": {
        "alpha": 0.050000000000000044,
        "target_coverage": 0.95,
        "threshold": 0.999991700053215,
        "calibration_count": 18684,
        "validation_metrics": {
          "coverage": 0.9500642260757868,
          "average_set_size": 3.2270391779062297,
          "singleton_rate": 0.21606722329265682,
          "empty_set_rate": 0.013594519374866196
        }
      }
    }
  },
  "report_sha256": "89a0b32de91c1aa5dc2a96c0f88c62e794ffec7e0494f8438deae6ac28e2fd12"
}
	Command being timed: "timeout --signal=TERM --kill-after=5m 180s python scripts/fit_temporary_aps.py --config configs/experiments/diag_bakeoff.yaml --manifest_path outputs/week8_lomo/gemma4_e4b/vectorized/vectorized_manifest.json --checkpoint outputs/week8_lomo/gemma4_e4b/checkpoints/diagnostic/diag_deep_sets_standard_seed42.best.pt --output_dir outputs/week8_lomo/gemma4_e4b/temporary_aps --seed 42 --device cuda:0 --resume"
	User time (seconds): 14.06
	System time (seconds): 6.10
	Percent of CPU this job got: 258%
	Elapsed (wall clock) time (h:mm:ss or m:ss): 0:07.81
	Average shared text size (kbytes): 0
	Average unshared data size (kbytes): 0
	Average stack size (kbytes): 0
	Average total size (kbytes): 0
	Maximum resident set size (kbytes): 1043908
	Average resident set size (kbytes): 0
	Major (requiring I/O) page faults: 0
	Minor (reclaiming a frame) page faults: 195458
	Voluntary context switches: 490
	Involuntary context switches: 52243
	Swaps: 0
	File system inputs: 16
	File system outputs: 16
	Socket messages sent: 0
	Socket messages received: 0
	Signals delivered: 0
	Page size (bytes): 4096
	Exit status: 0
gemma4_e4b temporary validation APS exit code: 0
===== gemma4_e4b VOI targets =====
Timeout: 1080s; bundle remaining: 16440s
2026-09-11 13:39:22,504 INFO [build_voi_targets] Processed 248497 target rows from outputs/week8_lomo/gemma4_e4b/states/states_lomo.jsonl
{
  "format_version": "week6_voi_manifest_v1",
  "config_sha256": "33e88aa1bbc4dbaa47309015be7e6e188523dcdf5416cf64d1703aa4c442c9eb",
  "vector_manifest_sha256": "4aa621b1e8e0bf9f3f47cf5b88a720374fe8a35310b19bf3fd68d158c836a52f",
  "state_manifest_sha256": "8b7098e9b6747d5cae458d2323e57948320abd55ecc7466df947ab917fd06ce3",
  "freeze_manifest_sha256": "7036287a6a76959b5f2956dae4dca5cf0992f98338117b00025f8ba615968b84",
  "checkpoint_sha256": "032a6b167b62e3f7f63be99b02c3b547d5a1b0aa0c7be0b81f3987e7b2ad82d7",
  "temporary_aps_sha256": "453f42ff76d00e05bf670b38e3d203735830f4e372c73ff4f77c99d3b364b1c1",
  "limit": null,
  "status": "COMPLETE",
  "fit_splits": [
    "train",
    "val"
  ],
  "calibration_used": false,
  "test_used": false,
  "budgets": [
    1,
    2,
    4
  ],
  "eta_loss": 0.25,
  "cost_multipliers": [
    0.0,
    0.05,
    0.1,
    0.2,
    0.4
  ],
  "target_coverage": 0.9,
  "row_count": 248497,
  "split_counts": {
    "train": 218255,
    "val": 30242
  },
  "sign_counts": {
    "0": {
      "zero": 248498,
      "positive": 503735,
      "negative": 172782
    },
    "0.05": {
      "zero": 248497,
      "positive": 239942,
      "negative": 436576
    },
    "0.1": {
      "zero": 248497,
      "positive": 208282,
      "negative": 468236
    },
    "0.2": {
      "zero": 248497,
      "positive": 183570,
      "negative": 492948
    },
    "0.4": {
      "zero": 248497,
      "positive": 172036,
      "negative": 504482
    }
  },
  "best_action_counts": {
    "0": {
      "blank": 64460,
      "stop": 100870,
      "grounding": 31148,
      "brightness": 8021,
      "blur": 27006,
      "crop": 12065,
      "noise": 4337,
      "relation": 590
    },
    "0.05": {
      "blank": 56452,
      "stop": 131186,
      "crop": 7995,
      "noise": 3041,
      "brightness": 5734,
      "grounding": 23503,
      "blur": 20020,
      "relation": 566
    },
    "0.1": {
      "blank": 54858,
      "stop": 137286,
      "crop": 7585,
      "noise": 2867,
      "brightness": 5457,
      "blur": 18443,
      "grounding": 21436,
      "relation": 565
    },
    "0.2": {
      "blank": 47314,
      "stop": 148510,
      "crop": 7303,
      "noise": 2755,
      "brightness": 5191,
      "blur": 17543,
      "grounding": 19331,
      "relation": 550
    },
    "0.4": {
      "blank": 44648,
      "stop": 153083,
      "crop": 7066,
      "noise": 2665,
      "brightness": 5061,
      "blur": 17198,
      "grounding": 18262,
      "relation": 514
    }
  },
  "files": [
    {
      "path": "states_lomo__train.jsonl",
      "split": "train",
      "row_count": 218255,
      "sha256": "e0a70db626901222fca1aca07c62c7f199d3a1787f8e8a8d09847ac62791a9eb",
      "source_state_path": "outputs/week8_lomo/gemma4_e4b/states/states_lomo.jsonl",
      "source_state_sha256": "caec0d4b8a73a51464a4f98a99c25527d64df5dd8a532d519045ddb2d3e97e91",
      "source_teacher_path": "outputs/week8_lomo/gemma4_e4b/teachers/teacher_lomo.jsonl",
      "source_teacher_sha256": "69a89a645142c998659e59d31793f739b4da6057f3e57c87c3a06d133e8854ac"
    },
    {
      "path": "states_lomo__val.jsonl",
      "split": "val",
      "row_count": 30242,
      "sha256": "7a1ab4fc70df56bff2422c807ec27ed2203c9127755480d5886ec5fdd9516395",
      "source_state_path": "outputs/week8_lomo/gemma4_e4b/states/states_lomo.jsonl",
      "source_state_sha256": "caec0d4b8a73a51464a4f98a99c25527d64df5dd8a532d519045ddb2d3e97e91",
      "source_teacher_path": "outputs/week8_lomo/gemma4_e4b/teachers/teacher_lomo.jsonl",
      "source_teacher_sha256": "69a89a645142c998659e59d31793f739b4da6057f3e57c87c3a06d133e8854ac"
    }
  ],
  "manifest_sha256": "a550174da2fc4ea9f9d63c358cb9038d94cabfa26e22237b140f58f768d140b9"
}
	Command being timed: "timeout --signal=TERM --kill-after=5m 1080s python scripts/build_voi_targets.py --config configs/experiments/policy_train.yaml --manifest_path outputs/week8_lomo/gemma4_e4b/vectorized/vectorized_manifest.json --state_manifest outputs/week8_lomo/gemma4_e4b/state_manifest.json --state_dir outputs/week8_lomo/gemma4_e4b/states --checkpoint outputs/week8_lomo/gemma4_e4b/checkpoints/diagnostic/diag_deep_sets_standard_seed42.best.pt --freeze_manifest outputs/week8_lomo/gemma4_e4b/freeze/lomo_diagnostic_freeze.json --temporary_aps outputs/week8_lomo/gemma4_e4b/temporary_aps/temporary_aps_deep_sets_standard_seed42.json --teacher_path outputs/week8_lomo/gemma4_e4b/teachers --output_dir outputs/week8_lomo/gemma4_e4b/voi --seed 42 --inference_batch_size 512 --device cuda:0 --resume"
	User time (seconds): 325.14
	System time (seconds): 15.84
	Percent of CPU this job got: 101%
	Elapsed (wall clock) time (h:mm:ss or m:ss): 5:35.39
	Average shared text size (kbytes): 0
	Average unshared data size (kbytes): 0
	Average stack size (kbytes): 0
	Average total size (kbytes): 0
	Maximum resident set size (kbytes): 10960404
	Average resident set size (kbytes): 0
	Major (requiring I/O) page faults: 0
	Minor (reclaiming a frame) page faults: 2673530
	Voluntary context switches: 3754
	Involuntary context switches: 3889
	Swaps: 0
	File system inputs: 48
	File system outputs: 1207432
	Socket messages sent: 0
	Socket messages received: 0
	Signals delivered: 0
	Page size (bytes): 4096
	Exit status: 0
gemma4_e4b VOI targets exit code: 0
===== gemma4_e4b VOI policy =====
Timeout: 4500s; bundle remaining: 16104s
2026-09-11 13:40:49,700 INFO [train_policy] epoch=0 val_loss=0.658623 oracle_agreement=0.7973
2026-09-11 13:41:23,879 INFO [train_policy] epoch=1 val_loss=0.651708 oracle_agreement=0.8016
2026-09-11 13:41:56,743 INFO [train_policy] epoch=2 val_loss=0.646321 oracle_agreement=0.8031
2026-09-11 13:42:29,721 INFO [train_policy] epoch=3 val_loss=0.646853 oracle_agreement=0.8012
2026-09-11 13:43:02,564 INFO [train_policy] epoch=4 val_loss=0.644886 oracle_agreement=0.7997
2026-09-11 13:43:36,714 INFO [train_policy] epoch=5 val_loss=0.643231 oracle_agreement=0.8033
2026-09-11 13:44:11,065 INFO [train_policy] epoch=6 val_loss=0.645256 oracle_agreement=0.8011
2026-09-11 13:44:44,474 INFO [train_policy] epoch=7 val_loss=0.641011 oracle_agreement=0.8037
2026-09-11 13:45:16,770 INFO [train_policy] epoch=8 val_loss=0.641327 oracle_agreement=0.8030
2026-09-11 13:45:49,929 INFO [train_policy] epoch=9 val_loss=0.641251 oracle_agreement=0.8045
2026-09-11 13:46:24,139 INFO [train_policy] epoch=10 val_loss=0.640546 oracle_agreement=0.8066
2026-09-11 13:46:54,616 INFO [train_policy] epoch=11 val_loss=0.638330 oracle_agreement=0.8020
2026-09-11 13:47:26,771 INFO [train_policy] epoch=12 val_loss=0.639070 oracle_agreement=0.8064
2026-09-11 13:47:56,549 INFO [train_policy] epoch=13 val_loss=0.637794 oracle_agreement=0.8037
2026-09-11 13:48:30,365 INFO [train_policy] epoch=14 val_loss=0.641340 oracle_agreement=0.8014
2026-09-11 13:49:03,691 INFO [train_policy] epoch=15 val_loss=0.638050 oracle_agreement=0.8057
2026-09-11 13:49:37,570 INFO [train_policy] epoch=16 val_loss=0.636658 oracle_agreement=0.8025
2026-09-11 13:50:08,431 INFO [train_policy] epoch=17 val_loss=0.635424 oracle_agreement=0.8046
2026-09-11 13:50:36,880 INFO [train_policy] epoch=18 val_loss=0.638002 oracle_agreement=0.8063
2026-09-11 13:51:09,629 INFO [train_policy] epoch=19 val_loss=0.639546 oracle_agreement=0.8016
2026-09-11 13:51:43,615 INFO [train_policy] epoch=20 val_loss=0.636485 oracle_agreement=0.8009
2026-09-11 13:52:17,676 INFO [train_policy] epoch=21 val_loss=0.639241 oracle_agreement=0.8034
2026-09-11 13:52:51,124 INFO [train_policy] epoch=22 val_loss=0.638624 oracle_agreement=0.8033
{
  "encoder": "deep_sets",
  "gru_condition": "standard",
  "cost_multiplier": 0.0,
  "target_kind": "voi",
  "limit": null,
  "seed": 42,
  "pilot": false,
  "config_approval": "APPROVED",
  "output": "outputs/week8_lomo/gemma4_e4b/checkpoints/policy/policy_deep_sets_standard_lambda0_seed42.best.pt"
}
{
  "format_version": "week6_policy_validation_v1",
  "is_valid": true,
  "fit_split": "train",
  "selection_split": "val",
  "calibration_used": false,
  "test_used": false,
  "encoder_name": "deep_sets",
  "gru_condition": "standard",
  "seed": 42,
  "cost_multiplier": 0.0,
  "target_kind": "voi",
  "train_rows": 218255,
  "validation_rows": 30242,
  "best_epoch": 17,
  "metrics": {
    "total": 0.6354240665722126,
    "ranking": 0.08917093875596041,
    "mse": 0.9019133683495338,
    "action_ce": 0.6415495737804701,
    "best_action_accuracy": 0.8046425500958931,
    "stop_prediction_rate": 0.3988162158587395,
    "row_count": 30242
  },
  "checkpoint_path": "outputs/week8_lomo/gemma4_e4b/checkpoints/policy/policy_deep_sets_standard_lambda0_seed42.best.pt",
  "checkpoint_sha256": "ae3e03feae6096f689ce663683e578143f2fca2321ae4952338f62a9d3fff4e2",
  "config_sha256": "33e88aa1bbc4dbaa47309015be7e6e188523dcdf5416cf64d1703aa4c442c9eb",
  "source_manifest_sha256": "5c4d7ba609183482e8f3258a57893d73092a938c60d29139a4996782d174391c",
  "diagnostic_checkpoint_sha256": "032a6b167b62e3f7f63be99b02c3b547d5a1b0aa0c7be0b81f3987e7b2ad82d7",
  "vector_manifest_sha256": "4aa621b1e8e0bf9f3f47cf5b88a720374fe8a35310b19bf3fd68d158c836a52f",
  "week5_freeze_sha256": "7036287a6a76959b5f2956dae4dca5cf0992f98338117b00025f8ba615968b84",
  "limit": null,
  "report_sha256": "2672cee18c7288d8d844d392681eeaa455ff64e85f38151b0107f6dd516fb401"
}
	Command being timed: "timeout --signal=TERM --kill-after=5m 4500s python scripts/train_policy.py --config configs/experiments/policy_train.yaml --manifest_path outputs/week8_lomo/gemma4_e4b/vectorized/vectorized_manifest.json --voi_manifest outputs/week8_lomo/gemma4_e4b/voi/voi_manifest.json --diagnostic_checkpoint outputs/week8_lomo/gemma4_e4b/checkpoints/diagnostic/diag_deep_sets_standard_seed42.best.pt --freeze_manifest outputs/week8_lomo/gemma4_e4b/freeze/lomo_diagnostic_freeze.json --cost_multiplier 0.0 --target_kind voi --seed 42 --device cuda:0 --output_dir outputs/week8_lomo/gemma4_e4b/checkpoints/policy --resume"
	User time (seconds): 823.77
	System time (seconds): 8.91
	Percent of CPU this job got: 102%
	Elapsed (wall clock) time (h:mm:ss or m:ss): 13:30.56
	Average shared text size (kbytes): 0
	Average unshared data size (kbytes): 0
	Average stack size (kbytes): 0
	Average total size (kbytes): 0
	Maximum resident set size (kbytes): 4285432
	Average resident set size (kbytes): 0
	Major (requiring I/O) page faults: 0
	Minor (reclaiming a frame) page faults: 1006513
	Voluntary context switches: 30535
	Involuntary context switches: 49038
	Swaps: 0
	File system inputs: 0
	File system outputs: 31232
	Socket messages sent: 0
	Socket messages received: 0
	Signals delivered: 0
	Page size (bytes): 4096
	Exit status: 0
gemma4_e4b VOI policy exit code: 0
===== gemma4_e4b scalar baseline =====
Timeout: 300s; bundle remaining: 15294s
2026-09-11 13:52:59,246 INFO [train_one_pass_baselines] epoch=0 train_loss=1.658128 val_macro_f1=0.6452
2026-09-11 13:52:59,921 INFO [train_one_pass_baselines] epoch=1 train_loss=1.501593 val_macro_f1=0.6713
2026-09-11 13:53:00,488 INFO [train_one_pass_baselines] epoch=2 train_loss=1.433433 val_macro_f1=0.6888
2026-09-11 13:53:01,162 INFO [train_one_pass_baselines] epoch=3 train_loss=1.414332 val_macro_f1=0.6913
2026-09-11 13:53:01,828 INFO [train_one_pass_baselines] epoch=4 train_loss=1.404103 val_macro_f1=0.6933
2026-09-11 13:53:02,487 INFO [train_one_pass_baselines] epoch=5 train_loss=1.398102 val_macro_f1=0.6963
2026-09-11 13:53:03,138 INFO [train_one_pass_baselines] epoch=6 train_loss=1.394058 val_macro_f1=0.6954
2026-09-11 13:53:03,809 INFO [train_one_pass_baselines] epoch=7 train_loss=1.390150 val_macro_f1=0.6984
2026-09-11 13:53:04,465 INFO [train_one_pass_baselines] epoch=8 train_loss=1.386253 val_macro_f1=0.6981
2026-09-11 13:53:05,119 INFO [train_one_pass_baselines] epoch=9 train_loss=1.383327 val_macro_f1=0.6985
2026-09-11 13:53:05,672 INFO [train_one_pass_baselines] epoch=10 train_loss=1.380104 val_macro_f1=0.6989
2026-09-11 13:53:06,313 INFO [train_one_pass_baselines] epoch=11 train_loss=1.379560 val_macro_f1=0.6976
2026-09-11 13:53:06,957 INFO [train_one_pass_baselines] epoch=12 train_loss=1.374235 val_macro_f1=0.6977
2026-09-11 13:53:07,607 INFO [train_one_pass_baselines] epoch=13 train_loss=1.376063 val_macro_f1=0.6982
2026-09-11 13:53:08,257 INFO [train_one_pass_baselines] epoch=14 train_loss=1.375690 val_macro_f1=0.6981
2026-09-11 13:53:08,907 INFO [train_one_pass_baselines] epoch=15 train_loss=1.374613 val_macro_f1=0.6979
{
  "baseline": "scalar",
  "pilot": false,
  "output": "outputs/week8_lomo/gemma4_e4b/checkpoints/baselines/baseline_scalar_seed42.best.pt"
}
{
  "format_version": "week6_one_pass_baseline_validation_v1",
  "is_valid": true,
  "fit_split": "train",
  "selection_split": "val",
  "calibration_used": false,
  "test_used": false,
  "baseline_type": "scalar",
  "metrics": {
    "record_count": 702,
    "source_bit_micro_f1": 0.6930905195500804,
    "source_bit_macro_f1": 0.6988523680801372,
    "source_bit_hamming_loss": 0.2720797720797721,
    "source_bit_auroc": {
      "visual": 0.8525397535483348,
      "language": 0.6222045948147142,
      "alignment": 0.9280692195931923
    },
    "six_way_macro_f1": 0.2147837433989598,
    "six_way_balanced_accuracy": 0.30944908020174483,
    "six_way_confusion_matrix": [
      [
        2,
        3,
        25,
        4,
        0,
        64
      ],
      [
        5,
        2,
        19,
        2,
        0,
        169
      ],
      [
        4,
        5,
        17,
        4,
        0,
        9
      ],
      [
        5,
        5,
        88,
        134,
        0,
        20
      ],
      [
        1,
        0,
        3,
        0,
        0,
        6
      ],
      [
        1,
        3,
        10,
        1,
        0,
        91
      ]
    ],
    "six_way_labels": [
      "visual",
      "language-prior",
      "alignment",
      "mixed",
      "unclear",
      "no-failure"
    ],
    "signature_mse": 0.08946443138490898
  },
  "checkpoint_path": "outputs/week8_lomo/gemma4_e4b/checkpoints/baselines/baseline_scalar_seed42.best.pt",
  "checkpoint_sha256": "40ca44c24a8a56e16239396be3b7880c7144f8041e013649d4300dab24889fdb",
  "config_sha256": "33e88aa1bbc4dbaa47309015be7e6e188523dcdf5416cf64d1703aa4c442c9eb",
  "source_manifest_sha256": "4aa621b1e8e0bf9f3f47cf5b88a720374fe8a35310b19bf3fd68d158c836a52f",
  "diagnostic_checkpoint_sha256": "032a6b167b62e3f7f63be99b02c3b547d5a1b0aa0c7be0b81f3987e7b2ad82d7",
  "week5_freeze_sha256": "7036287a6a76959b5f2956dae4dca5cf0992f98338117b00025f8ba615968b84",
  "seed": 42,
  "limit": null,
  "report_sha256": "bb075dfeb15b3c36bfa9ed96359fc9791a016da544e8441bb2c78b38b3f829aa"
}
	Command being timed: "timeout --signal=TERM --kill-after=5m 300s python scripts/train_one_pass_baselines.py --config configs/experiments/policy_train.yaml --manifest_path outputs/week8_lomo/gemma4_e4b/vectorized/vectorized_manifest.json --diagnostic_checkpoint outputs/week8_lomo/gemma4_e4b/checkpoints/diagnostic/diag_deep_sets_standard_seed42.best.pt --freeze_manifest outputs/week8_lomo/gemma4_e4b/freeze/lomo_diagnostic_freeze.json --baseline scalar --seed 42 --device cuda:0 --output_dir outputs/week8_lomo/gemma4_e4b/checkpoints/baselines --resume"
	User time (seconds): 21.22
	System time (seconds): 6.50
	Percent of CPU this job got: 187%
	Elapsed (wall clock) time (h:mm:ss or m:ss): 0:14.75
	Average shared text size (kbytes): 0
	Average unshared data size (kbytes): 0
	Average stack size (kbytes): 0
	Average total size (kbytes): 0
	Maximum resident set size (kbytes): 1377560
	Average resident set size (kbytes): 0
	Major (requiring I/O) page faults: 7
	Minor (reclaiming a frame) page faults: 278730
	Voluntary context switches: 982
	Involuntary context switches: 92959
	Swaps: 0
	File system inputs: 2048
	File system outputs: 41200
	Socket messages sent: 0
	Socket messages received: 0
	Signals delivered: 0
	Page size (bytes): 4096
	Exit status: 0
gemma4_e4b scalar baseline exit code: 0
===== gemma4_e4b complete-stack freeze =====
Timeout: 300s; bundle remaining: 15279s
{
  "artifacts": {
    "clean_checkpoint": {
      "path": "outputs/week8_lomo/gemma4_e4b/checkpoints/diagnostic/diag_clean_mlp_standard_seed42.best.pt",
      "sha256": "7d1e48c72ec5737e01e333e8bf1c71aabe2ffa541e61b3938957e9a98278e4dd"
    },
    "diagnostic_checkpoint": {
      "path": "outputs/week8_lomo/gemma4_e4b/checkpoints/diagnostic/diag_deep_sets_standard_seed42.best.pt",
      "sha256": "032a6b167b62e3f7f63be99b02c3b547d5a1b0aa0c7be0b81f3987e7b2ad82d7"
    },
    "diagnostic_config": {
      "path": "configs/experiments/diag_bakeoff.yaml",
      "sha256": "0293d3bdbcd91299f7f4ec0e501917e2d40bfcc40b2a33d5591f0ac0330f3d74"
    },
    "fold_manifest": {
      "path": "outputs/week8_lomo/gemma4_e4b/lomo_fold_manifest.json",
      "sha256": "2a47540475981396efb756ecd94a4fa97e7457968a82422c53a841c151a38197"
    },
    "policy_checkpoint": {
      "path": "outputs/week8_lomo/gemma4_e4b/checkpoints/policy/policy_deep_sets_standard_lambda0_seed42.best.pt",
      "sha256": "ae3e03feae6096f689ce663683e578143f2fca2321ae4952338f62a9d3fff4e2"
    },
    "policy_config": {
      "path": "configs/experiments/policy_train.yaml",
      "sha256": "33e88aa1bbc4dbaa47309015be7e6e188523dcdf5416cf64d1703aa4c442c9eb"
    },
    "scalar_baseline": {
      "path": "outputs/week8_lomo/gemma4_e4b/checkpoints/baselines/baseline_scalar_seed42.best.pt",
      "sha256": "40ca44c24a8a56e16239396be3b7880c7144f8041e013649d4300dab24889fdb"
    },
    "selection_report": {
      "path": "outputs/week8_lomo/gemma4_e4b/freeze/lomo_predeclared_selection.json",
      "sha256": "1f1e5597ef34398d569671fbef0775d1f085a256edef0fcb57ee3404303a706d"
    }
  },
  "format_version": "proactive_stack_freeze_v1",
  "freeze_sha256": "20a55a660cf562627e68fb0d286e0c000678e0f65464dad640cc6e4d554526d3",
  "owner_approved": true,
  "status": "FROZEN"
}

	Command being timed: "timeout --signal=TERM --kill-after=5m 300s python scripts/freeze_lomo_stack.py --stage stack --fold_manifest outputs/week8_lomo/gemma4_e4b/lomo_fold_manifest.json --diagnostic_checkpoint outputs/week8_lomo/gemma4_e4b/checkpoints/diagnostic/diag_deep_sets_standard_seed42.best.pt --clean_checkpoint outputs/week8_lomo/gemma4_e4b/checkpoints/diagnostic/diag_clean_mlp_standard_seed42.best.pt --policy_checkpoint outputs/week8_lomo/gemma4_e4b/checkpoints/policy/policy_deep_sets_standard_lambda0_seed42.best.pt --scalar_checkpoint outputs/week8_lomo/gemma4_e4b/checkpoints/baselines/baseline_scalar_seed42.best.pt --output_dir outputs/week8_lomo/gemma4_e4b/freeze --approve_freeze --overwrite"
	User time (seconds): 1.75
	System time (seconds): 5.54
	Percent of CPU this job got: 545%
	Elapsed (wall clock) time (h:mm:ss or m:ss): 0:01.33
	Average shared text size (kbytes): 0
	Average unshared data size (kbytes): 0
	Average stack size (kbytes): 0
	Average total size (kbytes): 0
	Maximum resident set size (kbytes): 432536
	Average resident set size (kbytes): 0
	Major (requiring I/O) page faults: 0
	Minor (reclaiming a frame) page faults: 61291
	Voluntary context switches: 175
	Involuntary context switches: 37526
	Swaps: 0
	File system inputs: 0
	File system outputs: 16
	Socket messages sent: 0
	Socket messages received: 0
	Signals delivered: 0
	Page size (bytes): 4096
	Exit status: 0
gemma4_e4b complete-stack freeze exit code: 0
===== gemma4_e4b source calibration trajectories =====
Timeout: 300s; bundle remaining: 15278s
2026-09-11 13:53:15,237 INFO [build_policy_trajectories] Budget 1: wrote 750 calibration trajectories
2026-09-11 13:53:18,558 INFO [build_policy_trajectories] Budget 2: wrote 750 calibration trajectories
2026-09-11 13:53:22,961 INFO [build_policy_trajectories] Budget 3: wrote 750 calibration trajectories
2026-09-11 13:53:28,423 INFO [build_policy_trajectories] Budget 4: wrote 750 calibration trajectories
2026-09-11 13:53:36,452 INFO [build_policy_trajectories] Budget 7: wrote 750 calibration trajectories
{
  "format_version": "week7_calibration_trajectories_v1",
  "config_sha256": "10c5b4775f911ae62b5f2e25c331c5adda9a15ee3576f8e853ac0a982b0cd960",
  "freeze_manifest_sha256": "b69821ef5d60c95553dff5f0b80783d10778960110f645c21b886768f1e78119",
  "vector_manifest_sha256": "4aa621b1e8e0bf9f3f47cf5b88a720374fe8a35310b19bf3fd68d158c836a52f",
  "diagnostic_checkpoint_sha256": "032a6b167b62e3f7f63be99b02c3b547d5a1b0aa0c7be0b81f3987e7b2ad82d7",
  "policy_checkpoint_sha256": "ae3e03feae6096f689ce663683e578143f2fca2321ae4952338f62a9d3fff4e2",
  "limit": null,
  "status": "COMPLETE",
  "split": "cal",
  "calibration_only": true,
  "test_used": false,
  "budgets": [
    1,
    2,
    3,
    4,
    7
  ],
  "base_model_instances": 750,
  "row_count": 3750,
  "six_way_labels": [
    "visual",
    "language-prior",
    "alignment",
    "mixed",
    "unclear",
    "no-failure"
  ],
  "teacher_files": [
    {
      "path": "outputs/week8_lomo/gemma4_e4b/teachers/teacher_lomo.jsonl",
      "sha256": "69a89a645142c998659e59d31793f739b4da6057f3e57c87c3a06d133e8854ac",
      "calibration_rows": 750
    }
  ],
  "files": [
    {
      "path": "calibration_trajectories_budget1.jsonl",
      "budget": 1,
      "row_count": 750,
      "sha256": "4b66f78a61d528b309085e2ee008b850735a814186bb08531ec4e83dd2bc5f6c",
      "action_counts": {
        "blank": 452,
        "stop": 750,
        "grounding": 208,
        "blur": 77,
        "brightness": 13
      }
    },
    {
      "path": "calibration_trajectories_budget2.jsonl",
      "budget": 2,
      "row_count": 750,
      "sha256": "421f15ed410f29d5de71b20c213e80a1411740ba60ba726a45cabf1c0065a691",
      "action_counts": {
        "blur": 591,
        "blank": 547,
        "stop": 750,
        "grounding": 326,
        "brightness": 17,
        "noise": 2,
        "crop": 8,
        "relation": 9
      }
    },
    {
      "path": "calibration_trajectories_budget3.jsonl",
      "budget": 3,
      "row_count": 750,
      "sha256": "161d37a19d4bc0673ac960a5c5d267a014b7a4af271cf05695b3a82094856648",
      "action_counts": {
        "blur": 713,
        "blank": 642,
        "brightness": 70,
        "stop": 750,
        "grounding": 719,
        "crop": 75,
        "noise": 15,
        "relation": 5
      }
    },
    {
      "path": "calibration_trajectories_budget4.jsonl",
      "budget": 4,
      "row_count": 750,
      "sha256": "eb3a14094a8a208ed2729f313d2b04304944b27515297c4492b2f7f671edd1eb",
      "action_counts": {
        "blur": 729,
        "blank": 693,
        "brightness": 195,
        "grounding": 632,
        "stop": 750,
        "crop": 408,
        "noise": 45,
        "relation": 10
      }
    },
    {
      "path": "calibration_trajectories_budget7.jsonl",
      "budget": 7,
      "row_count": 750,
      "sha256": "345d059652ab0fb775dd4cc178263ba421fcfdb59b5ce700e46f4617140fc078",
      "action_counts": {
        "grounding": 746,
        "blur": 628,
        "blank": 733,
        "crop": 613,
        "brightness": 594,
        "noise": 563,
        "stop": 750,
        "relation": 13
      }
    }
  ],
  "manifest_sha256": "a0ef6569bb64c631a32d6680c177ab23a6517335f119edf5777d479857ee45e9"
}
	Command being timed: "timeout --signal=TERM --kill-after=5m 300s python scripts/build_policy_trajectories.py --config configs/experiments/calibrate_aps.yaml --manifest_path outputs/week8_lomo/gemma4_e4b/vectorized/vectorized_manifest.json --freeze_manifest outputs/week8_lomo/gemma4_e4b/freeze/lomo_stack_freeze.json --teacher_path outputs/week8_lomo/gemma4_e4b/teachers --output_dir outputs/week8_lomo/gemma4_e4b/calibration/trajectories --seed 42 --device cuda:0 --resume"
	User time (seconds): 26.20
	System time (seconds): 5.91
	Percent of CPU this job got: 124%
	Elapsed (wall clock) time (h:mm:ss or m:ss): 0:25.85
	Average shared text size (kbytes): 0
	Average unshared data size (kbytes): 0
	Average stack size (kbytes): 0
	Average total size (kbytes): 0
	Maximum resident set size (kbytes): 948616
	Average resident set size (kbytes): 0
	Major (requiring I/O) page faults: 0
	Minor (reclaiming a frame) page faults: 168751
	Voluntary context switches: 646
	Involuntary context switches: 90969
	Swaps: 0
	File system inputs: 80
	File system outputs: 7800
	Socket messages sent: 0
	Socket messages received: 0
	Signals delivered: 0
	Page size (bytes): 4096
	Exit status: 0
gemma4_e4b source calibration trajectories exit code: 0
===== gemma4_e4b source APS calibration =====
Timeout: 300s; bundle remaining: 15252s
{
  "format_version": "week7_final_aps_v1",
  "status": "FINAL_FROZEN",
  "fit_split": "cal",
  "test_used": false,
  "config_sha256": "10c5b4775f911ae62b5f2e25c331c5adda9a15ee3576f8e853ac0a982b0cd960",
  "freeze_manifest_sha256": "b69821ef5d60c95553dff5f0b80783d10778960110f645c21b886768f1e78119",
  "trajectory_manifest_sha256": "42fd4b16f77071023834bdfb4fda1f35852bf759850f9b6368bfe9d7e4c14edb",
  "budgets": [
    1,
    2,
    3,
    4,
    7
  ],
  "coverages": [
    0.9,
    0.95
  ],
  "thresholds": {
    "1": {
      "0.9": {
        "alpha": 0.09999999999999998,
        "target_coverage": 0.9,
        "threshold": 0.999978631734848,
        "calibration_count": 750,
        "calibration_metrics": {
          "coverage": 0.9013333333333333,
          "average_set_size": 2.616,
          "singleton_rate": 0.464,
          "empty_set_rate": 0.004
        }
      },
      "0.95": {
        "alpha": 0.050000000000000044,
        "target_coverage": 0.95,
        "threshold": 0.999990701675415,
        "calibration_count": 750,
        "calibration_metrics": {
          "coverage": 0.9533333333333334,
          "average_set_size": 3.0,
          "singleton_rate": 0.17466666666666666,
          "empty_set_rate": 0.0013333333333333333
        }
      }
    },
    "2": {
      "0.9": {
        "alpha": 0.09999999999999998,
        "target_coverage": 0.9,
        "threshold": 0.9999735504388809,
        "calibration_count": 750,
        "calibration_metrics": {
          "coverage": 0.9013333333333333,
          "average_set_size": 2.1666666666666665,
          "singleton_rate": 0.416,
          "empty_set_rate": 0.02666666666666667
        }
      },
      "0.95": {
        "alpha": 0.050000000000000044,
        "target_coverage": 0.95,
        "threshold": 0.9999925009906292,
        "calibration_count": 750,
        "calibration_metrics": {
          "coverage": 0.952,
          "average_set_size": 2.712,
          "singleton_rate": 0.17466666666666666,
          "empty_set_rate": 0.02
        }
      }
    },
    "3": {
      "0.9": {
        "alpha": 0.09999999999999998,
        "target_coverage": 0.9,
        "threshold": 0.999962329864502,
        "calibration_count": 750,
        "calibration_metrics": {
          "coverage": 0.9013333333333333,
          "average_set_size": 1.8853333333333333,
          "singleton_rate": 0.44533333333333336,
          "empty_set_rate": 0.050666666666666665
        }
      },
      "0.95": {
        "alpha": 0.050000000000000044,
        "target_coverage": 0.95,
        "threshold": 0.9999953061342239,
        "calibration_count": 750,
        "calibration_metrics": {
          "coverage": 0.952,
          "average_set_size": 2.644,
          "singleton_rate": 0.132,
          "empty_set_rate": 0.030666666666666665
        }
      }
    },
    "4": {
      "0.9": {
        "alpha": 0.09999999999999998,
        "target_coverage": 0.9,
        "threshold": 0.9999558925628662,
        "calibration_count": 750,
        "calibration_metrics": {
          "coverage": 0.9013333333333333,
          "average_set_size": 1.7706666666666666,
          "singleton_rate": 0.4666666666666667,
          "empty_set_rate": 0.07066666666666667
        }
      },
      "0.95": {
        "alpha": 0.050000000000000044,
        "target_coverage": 0.95,
        "threshold": 0.9999963939189911,
        "calibration_count": 750,
        "calibration_metrics": {
          "coverage": 0.952,
          "average_set_size": 2.7626666666666666,
          "singleton_rate": 0.11866666666666667,
          "empty_set_rate": 0.042666666666666665
        }
      }
    },
    "7": {
      "0.9": {
        "alpha": 0.09999999999999998,
        "target_coverage": 0.9,
        "threshold": 0.9999501705169678,
        "calibration_count": 750,
        "calibration_metrics": {
          "coverage": 0.9013333333333333,
          "average_set_size": 1.7826666666666666,
          "singleton_rate": 0.428,
          "empty_set_rate": 0.08666666666666667
        }
      },
      "0.95": {
        "alpha": 0.050000000000000044,
        "target_coverage": 0.95,
        "threshold": 0.9999974966049194,
        "calibration_count": 750,
        "calibration_metrics": {
          "coverage": 0.952,
          "average_set_size": 2.8453333333333335,
          "singleton_rate": 0.12266666666666666,
          "empty_set_rate": 0.042666666666666665
        }
      }
    }
  },
  "thresholds_sha256": "26f54b575c816f4c31fa658b20d839fa8394ec80c121fef4a5033107f0a40059"
}
	Command being timed: "timeout --signal=TERM --kill-after=5m 300s python scripts/calibrate_aps.py --config configs/experiments/calibrate_aps.yaml --manifest_path outputs/week8_lomo/gemma4_e4b/calibration/trajectories/calibration_trajectory_manifest.json --freeze_manifest outputs/week8_lomo/gemma4_e4b/freeze/lomo_stack_freeze.json --output_dir outputs/week8_lomo/gemma4_e4b/calibration/aps --seed 42 --device cpu --resume"
	User time (seconds): 1.98
	System time (seconds): 5.53
	Percent of CPU this job got: 477%
	Elapsed (wall clock) time (h:mm:ss or m:ss): 0:01.57
	Average shared text size (kbytes): 0
	Average unshared data size (kbytes): 0
	Average stack size (kbytes): 0
	Average total size (kbytes): 0
	Maximum resident set size (kbytes): 428220
	Average resident set size (kbytes): 0
	Major (requiring I/O) page faults: 0
	Minor (reclaiming a frame) page faults: 63620
	Voluntary context switches: 199
	Involuntary context switches: 184
	Swaps: 0
	File system inputs: 8
	File system outputs: 16
	Socket messages sent: 0
	Socket messages received: 0
	Signals delivered: 0
	Page size (bytes): 4096
	Exit status: 0
gemma4_e4b source APS calibration exit code: 0
===== gemma4_e4b clean source APS =====
Timeout: 300s; bundle remaining: 15250s
{
  "format_version": "static_baseline_aps_v1",
  "status": "FINAL_FROZEN",
  "baseline": "clean_only_learned",
  "fit_split": "cal",
  "calibration_used": true,
  "test_used": false,
  "approval_config_sha256": "10c5b4775f911ae62b5f2e25c331c5adda9a15ee3576f8e853ac0a982b0cd960",
  "vector_manifest_sha256": "4aa621b1e8e0bf9f3f47cf5b88a720374fe8a35310b19bf3fd68d158c836a52f",
  "checkpoint_sha256": "7d1e48c72ec5737e01e333e8bf1c71aabe2ffa541e61b3938957e9a98278e4dd",
  "freeze_manifest_sha256": "b69821ef5d60c95553dff5f0b80783d10778960110f645c21b886768f1e78119",
  "budgets": [
    1,
    2,
    3,
    4,
    7
  ],
  "coverages": [
    0.9,
    0.95
  ],
  "limit": null,
  "thresholds": {
    "1": {
      "0.9": {
        "alpha": 0.09999999999999998,
        "target_coverage": 0.9,
        "threshold": 0.9588083922863007,
        "fit_count": 750,
        "fit_metrics": {
          "coverage": 0.9013333333333333,
          "average_set_size": 3.2813333333333334,
          "singleton_rate": 0.15466666666666667,
          "empty_set_rate": 0.008
        }
      },
      "0.95": {
        "alpha": 0.050000000000000044,
        "target_coverage": 0.95,
        "threshold": 0.9866748228669167,
        "fit_count": 750,
        "fit_metrics": {
          "coverage": 0.952,
          "average_set_size": 4.252,
          "singleton_rate": 0.112,
          "empty_set_rate": 0.0
        }
      }
    },
    "2": {
      "0.9": {
        "alpha": 0.09999999999999998,
        "target_coverage": 0.9,
        "threshold": 0.9588083922863007,
        "fit_count": 750,
        "fit_metrics": {
          "coverage": 0.9013333333333333,
          "average_set_size": 3.2813333333333334,
          "singleton_rate": 0.15466666666666667,
          "empty_set_rate": 0.008
        }
      },
      "0.95": {
        "alpha": 0.050000000000000044,
        "target_coverage": 0.95,
        "threshold": 0.9866748228669167,
        "fit_count": 750,
        "fit_metrics": {
          "coverage": 0.952,
          "average_set_size": 4.252,
          "singleton_rate": 0.112,
          "empty_set_rate": 0.0
        }
      }
    },
    "3": {
      "0.9": {
        "alpha": 0.09999999999999998,
        "target_coverage": 0.9,
        "threshold": 0.9588083922863007,
        "fit_count": 750,
        "fit_metrics": {
          "coverage": 0.9013333333333333,
          "average_set_size": 3.2813333333333334,
          "singleton_rate": 0.15466666666666667,
          "empty_set_rate": 0.008
        }
      },
      "0.95": {
        "alpha": 0.050000000000000044,
        "target_coverage": 0.95,
        "threshold": 0.9866748228669167,
        "fit_count": 750,
        "fit_metrics": {
          "coverage": 0.952,
          "average_set_size": 4.252,
          "singleton_rate": 0.112,
          "empty_set_rate": 0.0
        }
      }
    },
    "4": {
      "0.9": {
        "alpha": 0.09999999999999998,
        "target_coverage": 0.9,
        "threshold": 0.9588083922863007,
        "fit_count": 750,
        "fit_metrics": {
          "coverage": 0.9013333333333333,
          "average_set_size": 3.2813333333333334,
          "singleton_rate": 0.15466666666666667,
          "empty_set_rate": 0.008
        }
      },
      "0.95": {
        "alpha": 0.050000000000000044,
        "target_coverage": 0.95,
        "threshold": 0.9866748228669167,
        "fit_count": 750,
        "fit_metrics": {
          "coverage": 0.952,
          "average_set_size": 4.252,
          "singleton_rate": 0.112,
          "empty_set_rate": 0.0
        }
      }
    },
    "7": {
      "0.9": {
        "alpha": 0.09999999999999998,
        "target_coverage": 0.9,
        "threshold": 0.9588083922863007,
        "fit_count": 750,
        "fit_metrics": {
          "coverage": 0.9013333333333333,
          "average_set_size": 3.2813333333333334,
          "singleton_rate": 0.15466666666666667,
          "empty_set_rate": 0.008
        }
      },
      "0.95": {
        "alpha": 0.050000000000000044,
        "target_coverage": 0.95,
        "threshold": 0.9866748228669167,
        "fit_count": 750,
        "fit_metrics": {
          "coverage": 0.952,
          "average_set_size": 4.252,
          "singleton_rate": 0.112,
          "empty_set_rate": 0.0
        }
      }
    }
  },
  "report_sha256": "1495ab96d2a86b8c935acdd8e0b3614e989477690b0a331d2b4c815d344c0841"
}
	Command being timed: "timeout --signal=TERM --kill-after=5m 300s python scripts/calibrate_static_baseline_aps.py --approval_config configs/experiments/calibrate_aps.yaml --manifest_path outputs/week8_lomo/gemma4_e4b/vectorized/vectorized_manifest.json --checkpoint outputs/week8_lomo/gemma4_e4b/checkpoints/diagnostic/diag_clean_mlp_standard_seed42.best.pt --phase calibration --freeze_manifest outputs/week8_lomo/gemma4_e4b/freeze/lomo_stack_freeze.json --budgets 1 2 3 4 7 --coverages 0.90 0.95 --output_dir outputs/week8_lomo/gemma4_e4b/calibration/static_aps --seed 42 --device cpu --resume"
	User time (seconds): 11.63
	System time (seconds): 5.74
	Percent of CPU this job got: 658%
	Elapsed (wall clock) time (h:mm:ss or m:ss): 0:02.63
	Average shared text size (kbytes): 0
	Average unshared data size (kbytes): 0
	Average stack size (kbytes): 0
	Average total size (kbytes): 0
	Maximum resident set size (kbytes): 560492
	Average resident set size (kbytes): 0
	Major (requiring I/O) page faults: 0
	Minor (reclaiming a frame) page faults: 99809
	Voluntary context switches: 659
	Involuntary context switches: 44534
	Swaps: 0
	File system inputs: 0
	File system outputs: 16
	Socket messages sent: 0
	Socket messages received: 0
	Signals delivered: 0
	Page size (bytes): 4096
	Exit status: 0
gemma4_e4b clean source APS exit code: 0
===== gemma4_e4b scalar source APS =====
Timeout: 300s; bundle remaining: 15248s
{
  "format_version": "static_baseline_aps_v1",
  "status": "FINAL_FROZEN",
  "baseline": "scalar_confidence",
  "fit_split": "cal",
  "calibration_used": true,
  "test_used": false,
  "approval_config_sha256": "10c5b4775f911ae62b5f2e25c331c5adda9a15ee3576f8e853ac0a982b0cd960",
  "vector_manifest_sha256": "4aa621b1e8e0bf9f3f47cf5b88a720374fe8a35310b19bf3fd68d158c836a52f",
  "checkpoint_sha256": "40ca44c24a8a56e16239396be3b7880c7144f8041e013649d4300dab24889fdb",
  "freeze_manifest_sha256": "b69821ef5d60c95553dff5f0b80783d10778960110f645c21b886768f1e78119",
  "budgets": [
    1,
    2,
    3,
    4,
    7
  ],
  "coverages": [
    0.9,
    0.95
  ],
  "limit": null,
  "thresholds": {
    "1": {
      "0.9": {
        "alpha": 0.09999999999999998,
        "target_coverage": 0.9,
        "threshold": 0.9635046273469925,
        "fit_count": 750,
        "fit_metrics": {
          "coverage": 0.9013333333333333,
          "average_set_size": 3.8906666666666667,
          "singleton_rate": 0.06666666666666667,
          "empty_set_rate": 0.013333333333333334
        }
      },
      "0.95": {
        "alpha": 0.050000000000000044,
        "target_coverage": 0.95,
        "threshold": 0.9999999739229679,
        "fit_count": 750,
        "fit_metrics": {
          "coverage": 0.9533333333333334,
          "average_set_size": 5.330666666666667,
          "singleton_rate": 0.0013333333333333333,
          "empty_set_rate": 0.0
        }
      }
    },
    "2": {
      "0.9": {
        "alpha": 0.09999999999999998,
        "target_coverage": 0.9,
        "threshold": 0.9635046273469925,
        "fit_count": 750,
        "fit_metrics": {
          "coverage": 0.9013333333333333,
          "average_set_size": 3.8906666666666667,
          "singleton_rate": 0.06666666666666667,
          "empty_set_rate": 0.013333333333333334
        }
      },
      "0.95": {
        "alpha": 0.050000000000000044,
        "target_coverage": 0.95,
        "threshold": 0.9999999739229679,
        "fit_count": 750,
        "fit_metrics": {
          "coverage": 0.9533333333333334,
          "average_set_size": 5.330666666666667,
          "singleton_rate": 0.0013333333333333333,
          "empty_set_rate": 0.0
        }
      }
    },
    "3": {
      "0.9": {
        "alpha": 0.09999999999999998,
        "target_coverage": 0.9,
        "threshold": 0.9635046273469925,
        "fit_count": 750,
        "fit_metrics": {
          "coverage": 0.9013333333333333,
          "average_set_size": 3.8906666666666667,
          "singleton_rate": 0.06666666666666667,
          "empty_set_rate": 0.013333333333333334
        }
      },
      "0.95": {
        "alpha": 0.050000000000000044,
        "target_coverage": 0.95,
        "threshold": 0.9999999739229679,
        "fit_count": 750,
        "fit_metrics": {
          "coverage": 0.9533333333333334,
          "average_set_size": 5.330666666666667,
          "singleton_rate": 0.0013333333333333333,
          "empty_set_rate": 0.0
        }
      }
    },
    "4": {
      "0.9": {
        "alpha": 0.09999999999999998,
        "target_coverage": 0.9,
        "threshold": 0.9635046273469925,
        "fit_count": 750,
        "fit_metrics": {
          "coverage": 0.9013333333333333,
          "average_set_size": 3.8906666666666667,
          "singleton_rate": 0.06666666666666667,
          "empty_set_rate": 0.013333333333333334
        }
      },
      "0.95": {
        "alpha": 0.050000000000000044,
        "target_coverage": 0.95,
        "threshold": 0.9999999739229679,
        "fit_count": 750,
        "fit_metrics": {
          "coverage": 0.9533333333333334,
          "average_set_size": 5.330666666666667,
          "singleton_rate": 0.0013333333333333333,
          "empty_set_rate": 0.0
        }
      }
    },
    "7": {
      "0.9": {
        "alpha": 0.09999999999999998,
        "target_coverage": 0.9,
        "threshold": 0.9635046273469925,
        "fit_count": 750,
        "fit_metrics": {
          "coverage": 0.9013333333333333,
          "average_set_size": 3.8906666666666667,
          "singleton_rate": 0.06666666666666667,
          "empty_set_rate": 0.013333333333333334
        }
      },
      "0.95": {
        "alpha": 0.050000000000000044,
        "target_coverage": 0.95,
        "threshold": 0.9999999739229679,
        "fit_count": 750,
        "fit_metrics": {
          "coverage": 0.9533333333333334,
          "average_set_size": 5.330666666666667,
          "singleton_rate": 0.0013333333333333333,
          "empty_set_rate": 0.0
        }
      }
    }
  },
  "report_sha256": "0e3e508dc64cca4183a7177a0e301c2d67b60cd5d1375f1ba2a94f92575c78b1"
}
	Command being timed: "timeout --signal=TERM --kill-after=5m 300s python scripts/calibrate_static_baseline_aps.py --approval_config configs/experiments/calibrate_aps.yaml --manifest_path outputs/week8_lomo/gemma4_e4b/vectorized/vectorized_manifest.json --checkpoint outputs/week8_lomo/gemma4_e4b/checkpoints/baselines/baseline_scalar_seed42.best.pt --phase calibration --freeze_manifest outputs/week8_lomo/gemma4_e4b/freeze/lomo_stack_freeze.json --budgets 1 2 3 4 7 --coverages 0.90 0.95 --output_dir outputs/week8_lomo/gemma4_e4b/calibration/static_aps --seed 42 --device cpu --resume"
	User time (seconds): 11.74
	System time (seconds): 5.73
	Percent of CPU this job got: 649%
	Elapsed (wall clock) time (h:mm:ss or m:ss): 0:02.69
	Average shared text size (kbytes): 0
	Average unshared data size (kbytes): 0
	Average stack size (kbytes): 0
	Average total size (kbytes): 0
	Maximum resident set size (kbytes): 558884
	Average resident set size (kbytes): 0
	Major (requiring I/O) page faults: 0
	Minor (reclaiming a frame) page faults: 99675
	Voluntary context switches: 645
	Involuntary context switches: 36018
	Swaps: 0
	File system inputs: 0
	File system outputs: 16
	Socket messages sent: 0
	Socket messages received: 0
	Signals delivered: 0
	Page size (bytes): 4096
	Exit status: 0
gemma4_e4b scalar source APS exit code: 0
gemma4_e4b source-only stack is frozen and calibrated; held-out test is still unopened.
Both folds are frozen and source-calibrated. Beginning locked held-out evaluation.
===== qwen3_vl_8b held-out evaluation =====
Timeout: 720s; bundle remaining: 15245s
{
  "format_version": "lomo_evaluation_v1",
  "heldout_model_id": "Qwen/Qwen3-VL-8B-Instruct",
  "fold_manifest_sha256": "26e7a5ffe9ae743cd5c077517f073379721b714233a4a1e696c6d3a60a9f311b",
  "freeze_manifest_sha256": "b245d3f0aec7d43fdedf1684fb183d4b8d740f666fc47bc7873b61c0be0605aa",
  "aps_sha256": "f782ca516a7c4b8ba5b5b8bb1451e099a57b541345b98a2cca103ab3db214f84",
  "clean_aps_sha256": "7f4c5f6349497b37e88088ef0c5835f7493c39caefb6a24e7e5db7a929ddcb6c",
  "scalar_aps_sha256": "9fbabd160139e3b99be20aeda06b9993888997409d14173de7418d6e4c5e8820",
  "vector_manifest_sha256": "0109dca021172e495c8920583501a30c326a2a4097152b1323aa8848831142bb",
  "calibration_models_exclude_heldout": true,
  "test_rows_only_heldout_model": true,
  "is_valid": true,
  "heldout_test_instances": 780,
  "budgets": [
    1,
    2,
    3,
    4,
    7
  ],
  "coverages": [
    0.9,
    0.95
  ],
  "summaries": {
    "blank_first|1|0.9": {
      "row_count": 780,
      "mean_acquisition_cost": 1.0,
      "diagnostic": {
        "record_count": 780,
        "source_bit_micro_f1": 0.8139269406392694,
        "source_bit_macro_f1": 0.8043224031690969,
        "source_bit_hamming_loss": 0.13931623931623932,
        "source_bit_auroc": {
          "visual": 0.8871296565966796,
          "language": 0.9999793166211632,
          "alignment": 0.9026295468961142
        },
        "six_way_macro_f1": 0.3995341909181626,
        "six_way_balanced_accuracy": 0.505887852698231,
        "six_way_confusion_matrix": [
          [
            3,
            0,
            12,
            1,
            29,
            44
          ],
          [
            0,
            217,
            0,
            2,
            0,
            1
          ],
          [
            1,
            0,
            7,
            4,
            32,
            3
          ],
          [
            11,
            51,
            61,
            101,
            58,
            6
          ],
          [
            0,
            0,
            0,
            0,
            5,
            3
          ],
          [
            2,
            0,
            3,
            0,
            9,
            114
          ]
        ],
        "six_way_labels": [
          "visual",
          "language-prior",
          "alignment",
          "mixed",
          "unclear",
          "no-failure"
        ],
        "signature_mse": 0.01661144187839411
      },
      "prediction_sets": {
        "coverage": 0.9717948717948718,
        "average_set_size": 3.6,
        "singleton_rate": 0.038461538461538464,
        "empty_set_rate": 0.010256410256410256
      },
      "action_counts": {
        "blank": 780,
        "stop": 780
      }
    },
    "blank_first|1|0.95": {
      "row_count": 780,
      "mean_acquisition_cost": 1.0,
      "diagnostic": {
        "record_count": 780,
        "source_bit_micro_f1": 0.8139269406392694,
        "source_bit_macro_f1": 0.8043224031690969,
        "source_bit_hamming_loss": 0.13931623931623932,
        "source_bit_auroc": {
          "visual": 0.8871296565966796,
          "language": 0.9999793166211632,
          "alignment": 0.9026295468961142
        },
        "six_way_macro_f1": 0.3995341909181626,
        "six_way_balanced_accuracy": 0.505887852698231,
        "six_way_confusion_matrix": [
          [
            3,
            0,
            12,
            1,
            29,
            44
          ],
          [
            0,
            217,
            0,
            2,
            0,
            1
          ],
          [
            1,
            0,
            7,
            4,
            32,
            3
          ],
          [
            11,
            51,
            61,
            101,
            58,
            6
          ],
          [
            0,
            0,
            0,
            0,
            5,
            3
          ],
          [
            2,
            0,
            3,
            0,
            9,
            114
          ]
        ],
        "six_way_labels": [
          "visual",
          "language-prior",
          "alignment",
          "mixed",
          "unclear",
          "no-failure"
        ],
        "signature_mse": 0.01661144187839411
      },
      "prediction_sets": {
        "coverage": 0.9782051282051282,
        "average_set_size": 3.6717948717948716,
        "singleton_rate": 0.03333333333333333,
        "empty_set_rate": 0.007692307692307693
      },
      "action_counts": {
        "blank": 780,
        "stop": 780
      }
    },
    "blank_first|2|0.9": {
      "row_count": 780,
      "mean_acquisition_cost": 2.0,
      "diagnostic": {
        "record_count": 780,
        "source_bit_micro_f1": 0.8856526429341963,
        "source_bit_macro_f1": 0.8900131172324862,
        "source_bit_hamming_loss": 0.0905982905982906,
        "source_bit_auroc": {
          "visual": 0.8840186396250895,
          "language": 0.999972422161551,
          "alignment": 0.9968147596591379
        },
        "six_way_macro_f1": 0.5105967909018579,
        "six_way_balanced_accuracy": 0.6384585719434362,
        "six_way_confusion_matrix": [
          [
            12,
            0,
            1,
            1,
            31,
            44
          ],
          [
            0,
            219,
            0,
            0,
            0,
            1
          ],
          [
            0,
            0,
            41,
            5,
            0,
            1
          ],
          [
            3,
            36,
            122,
            126,
            0,
            1
          ],
          [
            1,
            0,
            0,
            0,
            4,
            3
          ],
          [
            5,
            0,
            0,
            0,
            9,
            114
          ]
        ],
        "six_way_labels": [
          "visual",
          "language-prior",
          "alignment",
          "mixed",
          "unclear",
          "no-failure"
        ],
        "signature_mse": 0.0075340108785316336
      },
      "prediction_sets": {
        "coverage": 0.9923076923076923,
        "average_set_size": 4.187179487179487,
        "singleton_rate": 0.007692307692307693,
        "empty_set_rate": 0.00641025641025641
      },
      "action_counts": {
        "blank": 780,
        "grounding": 780,
        "stop": 780
      }
    },
    "blank_first|2|0.95": {
      "row_count": 780,
      "mean_acquisition_cost": 2.0,
      "diagnostic": {
        "record_count": 780,
        "source_bit_micro_f1": 0.8856526429341963,
        "source_bit_macro_f1": 0.8900131172324862,
        "source_bit_hamming_loss": 0.0905982905982906,
        "source_bit_auroc": {
          "visual": 0.8840186396250895,
          "language": 0.999972422161551,
          "alignment": 0.9968147596591379
        },
        "six_way_macro_f1": 0.5105967909018579,
        "six_way_balanced_accuracy": 0.6384585719434362,
        "six_way_confusion_matrix": [
          [
            12,
            0,
            1,
            1,
            31,
            44
          ],
          [
            0,
            219,
            0,
            0,
            0,
            1
          ],
          [
            0,
            0,
            41,
            5,
            0,
            1
          ],
          [
            3,
            36,
            122,
            126,
            0,
            1
          ],
          [
            1,
            0,
            0,
            0,
            4,
            3
          ],
          [
            5,
            0,
            0,
            0,
            9,
            114
          ]
        ],
        "six_way_labels": [
          "visual",
          "language-prior",
          "alignment",
          "mixed",
          "unclear",
          "no-failure"
        ],
        "signature_mse": 0.0075340108785316336
      },
      "prediction_sets": {
        "coverage": 1.0,
        "average_set_size": 4.552564102564102,
        "singleton_rate": 0.005128205128205128,
        "empty_set_rate": 0.0
      },
      "action_counts": {
        "blank": 780,
        "grounding": 780,
        "stop": 780
      }
    },
    "blank_first|3|0.9": {
      "row_count": 780,
      "mean_acquisition_cost": 3.0,
      "diagnostic": {
        "record_count": 780,
        "source_bit_micro_f1": 0.9283018867924528,
        "source_bit_macro_f1": 0.9300394278320545,
        "source_bit_hamming_loss": 0.05683760683760684,
        "source_bit_auroc": {
          "visual": 0.9577431226667372,
          "language": 0.999944844323102,
          "alignment": 0.9958977965307081
        },
        "six_way_macro_f1": 0.7123611872055392,
        "six_way_balanced_accuracy": 0.8181614875244597,
        "six_way_confusion_matrix": [
          [
            59,
            0,
            2,
            1,
            13,
            14
          ],
          [
            0,
            220,
            0,
            0,
            0,
            0
          ],
          [
            0,
            0,
            42,
            3,
            1,
            1
          ],
          [
            16,
            21,
            44,
            205,
            2,
            0
          ],
          [
            0,
            0,
            0,
            0,
            6,
            2
          ],
          [
            0,
            0,
            0,
            0,
            14,
            114
          ]
        ],
        "six_way_labels": [
          "visual",
          "language-prior",
          "alignment",
          "mixed",
          "unclear",
          "no-failure"
        ],
        "signature_mse": 0.00901740690750425
      },
      "prediction_sets": {
        "coverage": 0.9833333333333333,
        "average_set_size": 4.098717948717948,
        "singleton_rate": 0.010256410256410256,
        "empty_set_rate": 0.016666666666666666
      },
      "action_counts": {
        "blank": 780,
        "grounding": 780,
        "blur": 780,
        "stop": 780
      }
    },
    "blank_first|3|0.95": {
      "row_count": 780,
      "mean_acquisition_cost": 3.0,
      "diagnostic": {
        "record_count": 780,
        "source_bit_micro_f1": 0.9283018867924528,
        "source_bit_macro_f1": 0.9300394278320545,
        "source_bit_hamming_loss": 0.05683760683760684,
        "source_bit_auroc": {
          "visual": 0.9577431226667372,
          "language": 0.999944844323102,
          "alignment": 0.9958977965307081
        },
        "six_way_macro_f1": 0.7123611872055392,
        "six_way_balanced_accuracy": 0.8181614875244597,
        "six_way_confusion_matrix": [
          [
            59,
            0,
            2,
            1,
            13,
            14
          ],
          [
            0,
            220,
            0,
            0,
            0,
            0
          ],
          [
            0,
            0,
            42,
            3,
            1,
            1
          ],
          [
            16,
            21,
            44,
            205,
            2,
            0
          ],
          [
            0,
            0,
            0,
            0,
            6,
            2
          ],
          [
            0,
            0,
            0,
            0,
            14,
            114
          ]
        ],
        "six_way_labels": [
          "visual",
          "language-prior",
          "alignment",
          "mixed",
          "unclear",
          "no-failure"
        ],
        "signature_mse": 0.00901740690750425
      },
      "prediction_sets": {
        "coverage": 0.9935897435897436,
        "average_set_size": 4.208974358974359,
        "singleton_rate": 0.016666666666666666,
        "empty_set_rate": 0.00641025641025641
      },
      "action_counts": {
        "blank": 780,
        "grounding": 780,
        "blur": 780,
        "stop": 780
      }
    },
    "blank_first|4|0.9": {
      "row_count": 780,
      "mean_acquisition_cost": 4.0,
      "diagnostic": {
        "record_count": 780,
        "source_bit_micro_f1": 0.9595800524934384,
        "source_bit_macro_f1": 0.9603827918781439,
        "source_bit_hamming_loss": 0.03290598290598291,
        "source_bit_auroc": {
          "visual": 0.9854907463793058,
          "language": 0.999944844323102,
          "alignment": 0.9956358070654422
        },
        "six_way_macro_f1": 0.7903436106224389,
        "six_way_balanced_accuracy": 0.8571078455786649,
        "six_way_confusion_matrix": [
          [
            82,
            0,
            1,
            1,
            4,
            1
          ],
          [
            0,
            220,
            0,
            0,
            0,
            0
          ],
          [
            0,
            0,
            41,
            4,
            1,
            1
          ],
          [
            13,
            14,
            21,
            240,
            0,
            0
          ],
          [
            0,
            0,
            0,
            0,
            5,
            3
          ],
          [
            0,
            0,
            0,
            0,
            14,
            114
          ]
        ],
        "six_way_labels": [
          "visual",
          "language-prior",
          "alignment",
          "mixed",
          "unclear",
          "no-failure"
        ],
        "signature_mse": 0.009976851743501216
      },
      "prediction_sets": {
        "coverage": 0.9833333333333333,
        "average_set_size": 3.9256410256410255,
        "singleton_rate": 0.020512820512820513,
        "empty_set_rate": 0.015384615384615385
      },
      "action_counts": {
        "blank": 780,
        "grounding": 780,
        "blur": 780,
        "crop": 780,
        "stop": 780
      }
    },
    "blank_first|4|0.95": {
      "row_count": 780,
      "mean_acquisition_cost": 4.0,
      "diagnostic": {
        "record_count": 780,
        "source_bit_micro_f1": 0.9595800524934384,
        "source_bit_macro_f1": 0.9603827918781439,
        "source_bit_hamming_loss": 0.03290598290598291,
        "source_bit_auroc": {
          "visual": 0.9854907463793058,
          "language": 0.999944844323102,
          "alignment": 0.9956358070654422
        },
        "six_way_macro_f1": 0.7903436106224389,
        "six_way_balanced_accuracy": 0.8571078455786649,
        "six_way_confusion_matrix": [
          [
            82,
            0,
            1,
            1,
            4,
            1
          ],
          [
            0,
            220,
            0,
            0,
            0,
            0
          ],
          [
            0,
            0,
            41,
            4,
            1,
            1
          ],
          [
            13,
            14,
            21,
            240,
            0,
            0
          ],
          [
            0,
            0,
            0,
            0,
            5,
            3
          ],
          [
            0,
            0,
            0,
            0,
            14,
            114
          ]
        ],
        "six_way_labels": [
          "visual",
          "language-prior",
          "alignment",
          "mixed",
          "unclear",
          "no-failure"
        ],
        "signature_mse": 0.009976851743501216
      },
      "prediction_sets": {
        "coverage": 0.9884615384615385,
        "average_set_size": 3.9974358974358974,
        "singleton_rate": 0.021794871794871794,
        "empty_set_rate": 0.010256410256410256
      },
      "action_counts": {
        "blank": 780,
        "grounding": 780,
        "blur": 780,
        "crop": 780,
        "stop": 780
      }
    },
    "blank_first|7|0.9": {
      "row_count": 780,
      "mean_acquisition_cost": 6.012820512820513,
      "diagnostic": {
        "record_count": 780,
        "source_bit_micro_f1": 0.9783950617283951,
        "source_bit_macro_f1": 0.9777700272616024,
        "source_bit_hamming_loss": 0.017948717948717947,
        "source_bit_auroc": {
          "visual": 0.9992785088299929,
          "language": 0.9999517387827143,
          "alignment": 0.9965045089765864
        },
        "six_way_macro_f1": 0.8371790152044111,
        "six_way_balanced_accuracy": 0.8983476539641373,
        "six_way_confusion_matrix": [
          [
            86,
            0,
            1,
            2,
            0,
            0
          ],
          [
            0,
            219,
            0,
            1,
            0,
            0
          ],
          [
            0,
            0,
            42,
            3,
            1,
            1
          ],
          [
            14,
            5,
            7,
            262,
            0,
            0
          ],
          [
            0,
            0,
            0,
            0,
            6,
            2
          ],
          [
            0,
            0,
            2,
            0,
            14,
            112
          ]
        ],
        "six_way_labels": [
          "visual",
          "language-prior",
          "alignment",
          "mixed",
          "unclear",
          "no-failure"
        ],
        "signature_mse": 0.010597101543885113
      },
      "prediction_sets": {
        "coverage": 0.985897435897436,
        "average_set_size": 3.8897435897435897,
        "singleton_rate": 0.04871794871794872,
        "empty_set_rate": 0.01282051282051282
      },
      "action_counts": {
        "blank": 780,
        "grounding": 780,
        "blur": 780,
        "crop": 780,
        "brightness": 780,
        "noise": 780,
        "stop": 780,
        "relation": 10
      }
    },
    "blank_first|7|0.95": {
      "row_count": 780,
      "mean_acquisition_cost": 6.012820512820513,
      "diagnostic": {
        "record_count": 780,
        "source_bit_micro_f1": 0.9783950617283951,
        "source_bit_macro_f1": 0.9777700272616024,
        "source_bit_hamming_loss": 0.017948717948717947,
        "source_bit_auroc": {
          "visual": 0.9992785088299929,
          "language": 0.9999517387827143,
          "alignment": 0.9965045089765864
        },
        "six_way_macro_f1": 0.8371790152044111,
        "six_way_balanced_accuracy": 0.8983476539641373,
        "six_way_confusion_matrix": [
          [
            86,
            0,
            1,
            2,
            0,
            0
          ],
          [
            0,
            219,
            0,
            1,
            0,
            0
          ],
          [
            0,
            0,
            42,
            3,
            1,
            1
          ],
          [
            14,
            5,
            7,
            262,
            0,
            0
          ],
          [
            0,
            0,
            0,
            0,
            6,
            2
          ],
          [
            0,
            0,
            2,
            0,
            14,
            112
          ]
        ],
        "six_way_labels": [
          "visual",
          "language-prior",
          "alignment",
          "mixed",
          "unclear",
          "no-failure"
        ],
        "signature_mse": 0.010597101543885113
      },
      "prediction_sets": {
        "coverage": 0.9948717948717949,
        "average_set_size": 3.9602564102564104,
        "singleton_rate": 0.04358974358974359,
        "empty_set_rate": 0.0038461538461538464
      },
      "action_counts": {
        "blank": 780,
        "grounding": 780,
        "blur": 780,
        "crop": 780,
        "brightness": 780,
        "noise": 780,
        "stop": 780,
        "relation": 10
      }
    },
    "clean_only_learned|1|0.9": {
      "row_count": 780,
      "mean_acquisition_cost": 0.0,
      "diagnostic": {
        "record_count": 780,
        "source_bit_micro_f1": 0.669367088607595,
        "source_bit_macro_f1": 0.6825604713483643,
        "source_bit_hamming_loss": 0.27905982905982907,
        "source_bit_auroc": {
          "visual": 0.8636911223490163,
          "language": 0.6296709963873032,
          "alignment": 0.9377912909186179
        },
        "six_way_macro_f1": 0.1765950606038397,
        "six_way_balanced_accuracy": 0.3067406668636722,
        "six_way_confusion_matrix": [
          [
            0,
            0,
            21,
            1,
            9,
            58
          ],
          [
            0,
            0,
            11,
            0,
            18,
            191
          ],
          [
            0,
            0,
            18,
            3,
            17,
            9
          ],
          [
            0,
            0,
            136,
            80,
            36,
            36
          ],
          [
            0,
            0,
            1,
            0,
            2,
            5
          ],
          [
            0,
            0,
            3,
            0,
            6,
            119
          ]
        ],
        "six_way_labels": [
          "visual",
          "language-prior",
          "alignment",
          "mixed",
          "unclear",
          "no-failure"
        ],
        "signature_mse": 0.09572683583910313
      },
      "prediction_sets": {
        "coverage": 0.867948717948718,
        "average_set_size": 4.1320512820512825,
        "singleton_rate": 0.041025641025641026,
        "empty_set_rate": 0.001282051282051282
      },
      "action_counts": {
        "stop": 780
      }
    },
    "clean_only_learned|1|0.95": {
      "row_count": 780,
      "mean_acquisition_cost": 0.0,
      "diagnostic": {
        "record_count": 780,
        "source_bit_micro_f1": 0.669367088607595,
        "source_bit_macro_f1": 0.6825604713483643,
        "source_bit_hamming_loss": 0.27905982905982907,
        "source_bit_auroc": {
          "visual": 0.8636911223490163,
          "language": 0.6296709963873032,
          "alignment": 0.9377912909186179
        },
        "six_way_macro_f1": 0.1765950606038397,
        "six_way_balanced_accuracy": 0.3067406668636722,
        "six_way_confusion_matrix": [
          [
            0,
            0,
            21,
            1,
            9,
            58
          ],
          [
            0,
            0,
            11,
            0,
            18,
            191
          ],
          [
            0,
            0,
            18,
            3,
            17,
            9
          ],
          [
            0,
            0,
            136,
            80,
            36,
            36
          ],
          [
            0,
            0,
            1,
            0,
            2,
            5
          ],
          [
            0,
            0,
            3,
            0,
            6,
            119
          ]
        ],
        "six_way_labels": [
          "visual",
          "language-prior",
          "alignment",
          "mixed",
          "unclear",
          "no-failure"
        ],
        "signature_mse": 0.09572683583910313
      },
      "prediction_sets": {
        "coverage": 0.9,
        "average_set_size": 5.194871794871795,
        "singleton_rate": 0.0,
        "empty_set_rate": 0.0
      },
      "action_counts": {
        "stop": 780
      }
    },
    "clean_only_learned|2|0.9": {
      "row_count": 780,
      "mean_acquisition_cost": 0.0,
      "diagnostic": {
        "record_count": 780,
        "source_bit_micro_f1": 0.669367088607595,
        "source_bit_macro_f1": 0.6825604713483643,
        "source_bit_hamming_loss": 0.27905982905982907,
        "source_bit_auroc": {
          "visual": 0.8636911223490163,
          "language": 0.6296709963873032,
          "alignment": 0.9377912909186179
        },
        "six_way_macro_f1": 0.1765950606038397,
        "six_way_balanced_accuracy": 0.3067406668636722,
        "six_way_confusion_matrix": [
          [
            0,
            0,
            21,
            1,
            9,
            58
          ],
          [
            0,
            0,
            11,
            0,
            18,
            191
          ],
          [
            0,
            0,
            18,
            3,
            17,
            9
          ],
          [
            0,
            0,
            136,
            80,
            36,
            36
          ],
          [
            0,
            0,
            1,
            0,
            2,
            5
          ],
          [
            0,
            0,
            3,
            0,
            6,
            119
          ]
        ],
        "six_way_labels": [
          "visual",
          "language-prior",
          "alignment",
          "mixed",
          "unclear",
          "no-failure"
        ],
        "signature_mse": 0.09572683583910313
      },
      "prediction_sets": {
        "coverage": 0.867948717948718,
        "average_set_size": 4.1320512820512825,
        "singleton_rate": 0.041025641025641026,
        "empty_set_rate": 0.001282051282051282
      },
      "action_counts": {
        "stop": 780
      }
    },
    "clean_only_learned|2|0.95": {
      "row_count": 780,
      "mean_acquisition_cost": 0.0,
      "diagnostic": {
        "record_count": 780,
        "source_bit_micro_f1": 0.669367088607595,
        "source_bit_macro_f1": 0.6825604713483643,
        "source_bit_hamming_loss": 0.27905982905982907,
        "source_bit_auroc": {
          "visual": 0.8636911223490163,
          "language": 0.6296709963873032,
          "alignment": 0.9377912909186179
        },
        "six_way_macro_f1": 0.1765950606038397,
        "six_way_balanced_accuracy": 0.3067406668636722,
        "six_way_confusion_matrix": [
          [
            0,
            0,
            21,
            1,
            9,
            58
          ],
          [
            0,
            0,
            11,
            0,
            18,
            191
          ],
          [
            0,
            0,
            18,
            3,
            17,
            9
          ],
          [
            0,
            0,
            136,
            80,
            36,
            36
          ],
          [
            0,
            0,
            1,
            0,
            2,
            5
          ],
          [
            0,
            0,
            3,
            0,
            6,
            119
          ]
        ],
        "six_way_labels": [
          "visual",
          "language-prior",
          "alignment",
          "mixed",
          "unclear",
          "no-failure"
        ],
        "signature_mse": 0.09572683583910313
      },
      "prediction_sets": {
        "coverage": 0.9,
        "average_set_size": 5.194871794871795,
        "singleton_rate": 0.0,
        "empty_set_rate": 0.0
      },
      "action_counts": {
        "stop": 780
      }
    },
    "clean_only_learned|3|0.9": {
      "row_count": 780,
      "mean_acquisition_cost": 0.0,
      "diagnostic": {
        "record_count": 780,
        "source_bit_micro_f1": 0.669367088607595,
        "source_bit_macro_f1": 0.6825604713483643,
        "source_bit_hamming_loss": 0.27905982905982907,
        "source_bit_auroc": {
          "visual": 0.8636911223490163,
          "language": 0.6296709963873032,
          "alignment": 0.9377912909186179
        },
        "six_way_macro_f1": 0.1765950606038397,
        "six_way_balanced_accuracy": 0.3067406668636722,
        "six_way_confusion_matrix": [
          [
            0,
            0,
            21,
            1,
            9,
            58
          ],
          [
            0,
            0,
            11,
            0,
            18,
            191
          ],
          [
            0,
            0,
            18,
            3,
            17,
            9
          ],
          [
            0,
            0,
            136,
            80,
            36,
            36
          ],
          [
            0,
            0,
            1,
            0,
            2,
            5
          ],
          [
            0,
            0,
            3,
            0,
            6,
            119
          ]
        ],
        "six_way_labels": [
          "visual",
          "language-prior",
          "alignment",
          "mixed",
          "unclear",
          "no-failure"
        ],
        "signature_mse": 0.09572683583910313
      },
      "prediction_sets": {
        "coverage": 0.867948717948718,
        "average_set_size": 4.1320512820512825,
        "singleton_rate": 0.041025641025641026,
        "empty_set_rate": 0.001282051282051282
      },
      "action_counts": {
        "stop": 780
      }
    },
    "clean_only_learned|3|0.95": {
      "row_count": 780,
      "mean_acquisition_cost": 0.0,
      "diagnostic": {
        "record_count": 780,
        "source_bit_micro_f1": 0.669367088607595,
        "source_bit_macro_f1": 0.6825604713483643,
        "source_bit_hamming_loss": 0.27905982905982907,
        "source_bit_auroc": {
          "visual": 0.8636911223490163,
          "language": 0.6296709963873032,
          "alignment": 0.9377912909186179
        },
        "six_way_macro_f1": 0.1765950606038397,
        "six_way_balanced_accuracy": 0.3067406668636722,
        "six_way_confusion_matrix": [
          [
            0,
            0,
            21,
            1,
            9,
            58
          ],
          [
            0,
            0,
            11,
            0,
            18,
            191
          ],
          [
            0,
            0,
            18,
            3,
            17,
            9
          ],
          [
            0,
            0,
            136,
            80,
            36,
            36
          ],
          [
            0,
            0,
            1,
            0,
            2,
            5
          ],
          [
            0,
            0,
            3,
            0,
            6,
            119
          ]
        ],
        "six_way_labels": [
          "visual",
          "language-prior",
          "alignment",
          "mixed",
          "unclear",
          "no-failure"
        ],
        "signature_mse": 0.09572683583910313
      },
      "prediction_sets": {
        "coverage": 0.9,
        "average_set_size": 5.194871794871795,
        "singleton_rate": 0.0,
        "empty_set_rate": 0.0
      },
      "action_counts": {
        "stop": 780
      }
    },
    "clean_only_learned|4|0.9": {
      "row_count": 780,
      "mean_acquisition_cost": 0.0,
      "diagnostic": {
        "record_count": 780,
        "source_bit_micro_f1": 0.669367088607595,
        "source_bit_macro_f1": 0.6825604713483643,
        "source_bit_hamming_loss": 0.27905982905982907,
        "source_bit_auroc": {
          "visual": 0.8636911223490163,
          "language": 0.6296709963873032,
          "alignment": 0.9377912909186179
        },
        "six_way_macro_f1": 0.1765950606038397,
        "six_way_balanced_accuracy": 0.3067406668636722,
        "six_way_confusion_matrix": [
          [
            0,
            0,
            21,
            1,
            9,
            58
          ],
          [
            0,
            0,
            11,
            0,
            18,
            191
          ],
          [
            0,
            0,
            18,
            3,
            17,
            9
          ],
          [
            0,
            0,
            136,
            80,
            36,
            36
          ],
          [
            0,
            0,
            1,
            0,
            2,
            5
          ],
          [
            0,
            0,
            3,
            0,
            6,
            119
          ]
        ],
        "six_way_labels": [
          "visual",
          "language-prior",
          "alignment",
          "mixed",
          "unclear",
          "no-failure"
        ],
        "signature_mse": 0.09572683583910313
      },
      "prediction_sets": {
        "coverage": 0.867948717948718,
        "average_set_size": 4.1320512820512825,
        "singleton_rate": 0.041025641025641026,
        "empty_set_rate": 0.001282051282051282
      },
      "action_counts": {
        "stop": 780
      }
    },
    "clean_only_learned|4|0.95": {
      "row_count": 780,
      "mean_acquisition_cost": 0.0,
      "diagnostic": {
        "record_count": 780,
        "source_bit_micro_f1": 0.669367088607595,
        "source_bit_macro_f1": 0.6825604713483643,
        "source_bit_hamming_loss": 0.27905982905982907,
        "source_bit_auroc": {
          "visual": 0.8636911223490163,
          "language": 0.6296709963873032,
          "alignment": 0.9377912909186179
        },
        "six_way_macro_f1": 0.1765950606038397,
        "six_way_balanced_accuracy": 0.3067406668636722,
        "six_way_confusion_matrix": [
          [
            0,
            0,
            21,
            1,
            9,
            58
          ],
          [
            0,
            0,
            11,
            0,
            18,
            191
          ],
          [
            0,
            0,
            18,
            3,
            17,
            9
          ],
          [
            0,
            0,
            136,
            80,
            36,
            36
          ],
          [
            0,
            0,
            1,
            0,
            2,
            5
          ],
          [
            0,
            0,
            3,
            0,
            6,
            119
          ]
        ],
        "six_way_labels": [
          "visual",
          "language-prior",
          "alignment",
          "mixed",
          "unclear",
          "no-failure"
        ],
        "signature_mse": 0.09572683583910313
      },
      "prediction_sets": {
        "coverage": 0.9,
        "average_set_size": 5.194871794871795,
        "singleton_rate": 0.0,
        "empty_set_rate": 0.0
      },
      "action_counts": {
        "stop": 780
      }
    },
    "clean_only_learned|7|0.9": {
      "row_count": 780,
      "mean_acquisition_cost": 0.0,
      "diagnostic": {
        "record_count": 780,
        "source_bit_micro_f1": 0.669367088607595,
        "source_bit_macro_f1": 0.6825604713483643,
        "source_bit_hamming_loss": 0.27905982905982907,
        "source_bit_auroc": {
          "visual": 0.8636911223490163,
          "language": 0.6296709963873032,
          "alignment": 0.9377912909186179
        },
        "six_way_macro_f1": 0.1765950606038397,
        "six_way_balanced_accuracy": 0.3067406668636722,
        "six_way_confusion_matrix": [
          [
            0,
            0,
            21,
            1,
            9,
            58
          ],
          [
            0,
            0,
            11,
            0,
            18,
            191
          ],
          [
            0,
            0,
            18,
            3,
            17,
            9
          ],
          [
            0,
            0,
            136,
            80,
            36,
            36
          ],
          [
            0,
            0,
            1,
            0,
            2,
            5
          ],
          [
            0,
            0,
            3,
            0,
            6,
            119
          ]
        ],
        "six_way_labels": [
          "visual",
          "language-prior",
          "alignment",
          "mixed",
          "unclear",
          "no-failure"
        ],
        "signature_mse": 0.09572683583910313
      },
      "prediction_sets": {
        "coverage": 0.867948717948718,
        "average_set_size": 4.1320512820512825,
        "singleton_rate": 0.041025641025641026,
        "empty_set_rate": 0.001282051282051282
      },
      "action_counts": {
        "stop": 780
      }
    },
    "clean_only_learned|7|0.95": {
      "row_count": 780,
      "mean_acquisition_cost": 0.0,
      "diagnostic": {
        "record_count": 780,
        "source_bit_micro_f1": 0.669367088607595,
        "source_bit_macro_f1": 0.6825604713483643,
        "source_bit_hamming_loss": 0.27905982905982907,
        "source_bit_auroc": {
          "visual": 0.8636911223490163,
          "language": 0.6296709963873032,
          "alignment": 0.9377912909186179
        },
        "six_way_macro_f1": 0.1765950606038397,
        "six_way_balanced_accuracy": 0.3067406668636722,
        "six_way_confusion_matrix": [
          [
            0,
            0,
            21,
            1,
            9,
            58
          ],
          [
            0,
            0,
            11,
            0,
            18,
            191
          ],
          [
            0,
            0,
            18,
            3,
            17,
            9
          ],
          [
            0,
            0,
            136,
            80,
            36,
            36
          ],
          [
            0,
            0,
            1,
            0,
            2,
            5
          ],
          [
            0,
            0,
            3,
            0,
            6,
            119
          ]
        ],
        "six_way_labels": [
          "visual",
          "language-prior",
          "alignment",
          "mixed",
          "unclear",
          "no-failure"
        ],
        "signature_mse": 0.09572683583910313
      },
      "prediction_sets": {
        "coverage": 0.9,
        "average_set_size": 5.194871794871795,
        "singleton_rate": 0.0,
        "empty_set_rate": 0.0
      },
      "action_counts": {
        "stop": 780
      }
    },
    "grounding_first|1|0.9": {
      "row_count": 780,
      "mean_acquisition_cost": 1.0,
      "diagnostic": {
        "record_count": 780,
        "source_bit_micro_f1": 0.7114093959731543,
        "source_bit_macro_f1": 0.7355985302643567,
        "source_bit_hamming_loss": 0.25726495726495724,
        "source_bit_auroc": {
          "visual": 0.8597858031719134,
          "language": 0.5631498028184551,
          "alignment": 0.9962632028901575
        },
        "six_way_macro_f1": 0.28306402874386355,
        "six_way_balanced_accuracy": 0.46607758822788403,
        "six_way_confusion_matrix": [
          [
            15,
            4,
            1,
            1,
            28,
            40
          ],
          [
            18,
            4,
            0,
            0,
            28,
            170
          ],
          [
            0,
            0,
            40,
            6,
            0,
            1
          ],
          [
            17,
            1,
            144,
            106,
            12,
            8
          ],
          [
            0,
            2,
            0,
            0,
            4,
            2
          ],
          [
            6,
            0,
            0,
            0,
            8,
            114
          ]
        ],
        "six_way_labels": [
          "visual",
          "language-prior",
          "alignment",
          "mixed",
          "unclear",
          "no-failure"
        ],
        "signature_mse": 0.10282390859588024
      },
      "prediction_sets": {
        "coverage": 0.9653846153846154,
        "average_set_size": 4.43974358974359,
        "singleton_rate": 0.04230769230769231,
        "empty_set_rate": 0.0
      },
      "action_counts": {
        "grounding": 780,
        "stop": 780
      }
    },
    "grounding_first|1|0.95": {
      "row_count": 780,
      "mean_acquisition_cost": 1.0,
      "diagnostic": {
        "record_count": 780,
        "source_bit_micro_f1": 0.7114093959731543,
        "source_bit_macro_f1": 0.7355985302643567,
        "source_bit_hamming_loss": 0.25726495726495724,
        "source_bit_auroc": {
          "visual": 0.8597858031719134,
          "language": 0.5631498028184551,
          "alignment": 0.9962632028901575
        },
        "six_way_macro_f1": 0.28306402874386355,
        "six_way_balanced_accuracy": 0.46607758822788403,
        "six_way_confusion_matrix": [
          [
            15,
            4,
            1,
            1,
            28,
            40
          ],
          [
            18,
            4,
            0,
            0,
            28,
            170
          ],
          [
            0,
            0,
            40,
            6,
            0,
            1
          ],
          [
            17,
            1,
            144,
            106,
            12,
            8
          ],
          [
            0,
            2,
            0,
            0,
            4,
            2
          ],
          [
            6,
            0,
            0,
            0,
            8,
            114
          ]
        ],
        "six_way_labels": [
          "visual",
          "language-prior",
          "alignment",
          "mixed",
          "unclear",
          "no-failure"
        ],
        "signature_mse": 0.10282390859588024
      },
      "prediction_sets": {
        "coverage": 0.9666666666666667,
        "average_set_size": 4.507692307692308,
        "singleton_rate": 0.021794871794871794,
        "empty_set_rate": 0.0
      },
      "action_counts": {
        "grounding": 780,
        "stop": 780
      }
    },
    "grounding_first|2|0.9": {
      "row_count": 780,
      "mean_acquisition_cost": 2.0,
      "diagnostic": {
        "record_count": 780,
        "source_bit_micro_f1": 0.8856526429341963,
        "source_bit_macro_f1": 0.8900131172324862,
        "source_bit_hamming_loss": 0.0905982905982906,
        "source_bit_auroc": {
          "visual": 0.8840186396250895,
          "language": 0.999972422161551,
          "alignment": 0.9968147596591379
        },
        "six_way_macro_f1": 0.5105967909018579,
        "six_way_balanced_accuracy": 0.6384585719434362,
        "six_way_confusion_matrix": [
          [
            12,
            0,
            1,
            1,
            31,
            44
          ],
          [
            0,
            219,
            0,
            0,
            0,
            1
          ],
          [
            0,
            0,
            41,
            5,
            0,
            1
          ],
          [
            3,
            36,
            122,
            126,
            0,
            1
          ],
          [
            1,
            0,
            0,
            0,
            4,
            3
          ],
          [
            5,
            0,
            0,
            0,
            9,
            114
          ]
        ],
        "six_way_labels": [
          "visual",
          "language-prior",
          "alignment",
          "mixed",
          "unclear",
          "no-failure"
        ],
        "signature_mse": 0.0075340108785316336
      },
      "prediction_sets": {
        "coverage": 0.9923076923076923,
        "average_set_size": 4.187179487179487,
        "singleton_rate": 0.007692307692307693,
        "empty_set_rate": 0.00641025641025641
      },
      "action_counts": {
        "grounding": 780,
        "blank": 780,
        "stop": 780
      }
    },
    "grounding_first|2|0.95": {
      "row_count": 780,
      "mean_acquisition_cost": 2.0,
      "diagnostic": {
        "record_count": 780,
        "source_bit_micro_f1": 0.8856526429341963,
        "source_bit_macro_f1": 0.8900131172324862,
        "source_bit_hamming_loss": 0.0905982905982906,
        "source_bit_auroc": {
          "visual": 0.8840186396250895,
          "language": 0.999972422161551,
          "alignment": 0.9968147596591379
        },
        "six_way_macro_f1": 0.5105967909018579,
        "six_way_balanced_accuracy": 0.6384585719434362,
        "six_way_confusion_matrix": [
          [
            12,
            0,
            1,
            1,
            31,
            44
          ],
          [
            0,
            219,
            0,
            0,
            0,
            1
          ],
          [
            0,
            0,
            41,
            5,
            0,
            1
          ],
          [
            3,
            36,
            122,
            126,
            0,
            1
          ],
          [
            1,
            0,
            0,
            0,
            4,
            3
          ],
          [
            5,
            0,
            0,
            0,
            9,
            114
          ]
        ],
        "six_way_labels": [
          "visual",
          "language-prior",
          "alignment",
          "mixed",
          "unclear",
          "no-failure"
        ],
        "signature_mse": 0.0075340108785316336
      },
      "prediction_sets": {
        "coverage": 1.0,
        "average_set_size": 4.552564102564102,
        "singleton_rate": 0.005128205128205128,
        "empty_set_rate": 0.0
      },
      "action_counts": {
        "grounding": 780,
        "blank": 780,
        "stop": 780
      }
    },
    "grounding_first|3|0.9": {
      "row_count": 780,
      "mean_acquisition_cost": 3.0,
      "diagnostic": {
        "record_count": 780,
        "source_bit_micro_f1": 0.9283018867924528,
        "source_bit_macro_f1": 0.9300394278320545,
        "source_bit_hamming_loss": 0.05683760683760684,
        "source_bit_auroc": {
          "visual": 0.9577431226667372,
          "language": 0.999944844323102,
          "alignment": 0.9958977965307081
        },
        "six_way_macro_f1": 0.7123611872055392,
        "six_way_balanced_accuracy": 0.8181614875244597,
        "six_way_confusion_matrix": [
          [
            59,
            0,
            2,
            1,
            13,
            14
          ],
          [
            0,
            220,
            0,
            0,
            0,
            0
          ],
          [
            0,
            0,
            42,
            3,
            1,
            1
          ],
          [
            16,
            21,
            44,
            205,
            2,
            0
          ],
          [
            0,
            0,
            0,
            0,
            6,
            2
          ],
          [
            0,
            0,
            0,
            0,
            14,
            114
          ]
        ],
        "six_way_labels": [
          "visual",
          "language-prior",
          "alignment",
          "mixed",
          "unclear",
          "no-failure"
        ],
        "signature_mse": 0.00901740690750425
      },
      "prediction_sets": {
        "coverage": 0.9833333333333333,
        "average_set_size": 4.098717948717948,
        "singleton_rate": 0.010256410256410256,
        "empty_set_rate": 0.016666666666666666
      },
      "action_counts": {
        "grounding": 780,
        "blank": 780,
        "blur": 780,
        "stop": 780
      }
    },
    "grounding_first|3|0.95": {
      "row_count": 780,
      "mean_acquisition_cost": 3.0,
      "diagnostic": {
        "record_count": 780,
        "source_bit_micro_f1": 0.9283018867924528,
        "source_bit_macro_f1": 0.9300394278320545,
        "source_bit_hamming_loss": 0.05683760683760684,
        "source_bit_auroc": {
          "visual": 0.9577431226667372,
          "language": 0.999944844323102,
          "alignment": 0.9958977965307081
        },
        "six_way_macro_f1": 0.7123611872055392,
        "six_way_balanced_accuracy": 0.8181614875244597,
        "six_way_confusion_matrix": [
          [
            59,
            0,
            2,
            1,
            13,
            14
          ],
          [
            0,
            220,
            0,
            0,
            0,
            0
          ],
          [
            0,
            0,
            42,
            3,
            1,
            1
          ],
          [
            16,
            21,
            44,
            205,
            2,
            0
          ],
          [
            0,
            0,
            0,
            0,
            6,
            2
          ],
          [
            0,
            0,
            0,
            0,
            14,
            114
          ]
        ],
        "six_way_labels": [
          "visual",
          "language-prior",
          "alignment",
          "mixed",
          "unclear",
          "no-failure"
        ],
        "signature_mse": 0.00901740690750425
      },
      "prediction_sets": {
        "coverage": 0.9935897435897436,
        "average_set_size": 4.208974358974359,
        "singleton_rate": 0.016666666666666666,
        "empty_set_rate": 0.00641025641025641
      },
      "action_counts": {
        "grounding": 780,
        "blank": 780,
        "blur": 780,
        "stop": 780
      }
    },
    "grounding_first|4|0.9": {
      "row_count": 780,
      "mean_acquisition_cost": 4.0,
      "diagnostic": {
        "record_count": 780,
        "source_bit_micro_f1": 0.9595800524934384,
        "source_bit_macro_f1": 0.9603827918781439,
        "source_bit_hamming_loss": 0.03290598290598291,
        "source_bit_auroc": {
          "visual": 0.9854907463793058,
          "language": 0.999944844323102,
          "alignment": 0.9956358070654422
        },
        "six_way_macro_f1": 0.7903436106224389,
        "six_way_balanced_accuracy": 0.8571078455786649,
        "six_way_confusion_matrix": [
          [
            82,
            0,
            1,
            1,
            4,
            1
          ],
          [
            0,
            220,
            0,
            0,
            0,
            0
          ],
          [
            0,
            0,
            41,
            4,
            1,
            1
          ],
          [
            13,
            14,
            21,
            240,
            0,
            0
          ],
          [
            0,
            0,
            0,
            0,
            5,
            3
          ],
          [
            0,
            0,
            0,
            0,
            14,
            114
          ]
        ],
        "six_way_labels": [
          "visual",
          "language-prior",
          "alignment",
          "mixed",
          "unclear",
          "no-failure"
        ],
        "signature_mse": 0.009976851743501216
      },
      "prediction_sets": {
        "coverage": 0.9833333333333333,
        "average_set_size": 3.9256410256410255,
        "singleton_rate": 0.020512820512820513,
        "empty_set_rate": 0.015384615384615385
      },
      "action_counts": {
        "grounding": 780,
        "blank": 780,
        "blur": 780,
        "crop": 780,
        "stop": 780
      }
    },
    "grounding_first|4|0.95": {
      "row_count": 780,
      "mean_acquisition_cost": 4.0,
      "diagnostic": {
        "record_count": 780,
        "source_bit_micro_f1": 0.9595800524934384,
        "source_bit_macro_f1": 0.9603827918781439,
        "source_bit_hamming_loss": 0.03290598290598291,
        "source_bit_auroc": {
          "visual": 0.9854907463793058,
          "language": 0.999944844323102,
          "alignment": 0.9956358070654422
        },
        "six_way_macro_f1": 0.7903436106224389,
        "six_way_balanced_accuracy": 0.8571078455786649,
        "six_way_confusion_matrix": [
          [
            82,
            0,
            1,
            1,
            4,
            1
          ],
          [
            0,
            220,
            0,
            0,
            0,
            0
          ],
          [
            0,
            0,
            41,
            4,
            1,
            1
          ],
          [
            13,
            14,
            21,
            240,
            0,
            0
          ],
          [
            0,
            0,
            0,
            0,
            5,
            3
          ],
          [
            0,
            0,
            0,
            0,
            14,
            114
          ]
        ],
        "six_way_labels": [
          "visual",
          "language-prior",
          "alignment",
          "mixed",
          "unclear",
          "no-failure"
        ],
        "signature_mse": 0.009976851743501216
      },
      "prediction_sets": {
        "coverage": 0.9884615384615385,
        "average_set_size": 3.9974358974358974,
        "singleton_rate": 0.021794871794871794,
        "empty_set_rate": 0.010256410256410256
      },
      "action_counts": {
        "grounding": 780,
        "blank": 780,
        "blur": 780,
        "crop": 780,
        "stop": 780
      }
    },
    "grounding_first|7|0.9": {
      "row_count": 780,
      "mean_acquisition_cost": 6.012820512820513,
      "diagnostic": {
        "record_count": 780,
        "source_bit_micro_f1": 0.9783950617283951,
        "source_bit_macro_f1": 0.9777700272616024,
        "source_bit_hamming_loss": 0.017948717948717947,
        "source_bit_auroc": {
          "visual": 0.9992785088299929,
          "language": 0.9999517387827143,
          "alignment": 0.9965045089765864
        },
        "six_way_macro_f1": 0.8371790152044111,
        "six_way_balanced_accuracy": 0.8983476539641373,
        "six_way_confusion_matrix": [
          [
            86,
            0,
            1,
            2,
            0,
            0
          ],
          [
            0,
            219,
            0,
            1,
            0,
            0
          ],
          [
            0,
            0,
            42,
            3,
            1,
            1
          ],
          [
            14,
            5,
            7,
            262,
            0,
            0
          ],
          [
            0,
            0,
            0,
            0,
            6,
            2
          ],
          [
            0,
            0,
            2,
            0,
            14,
            112
          ]
        ],
        "six_way_labels": [
          "visual",
          "language-prior",
          "alignment",
          "mixed",
          "unclear",
          "no-failure"
        ],
        "signature_mse": 0.010597101543885113
      },
      "prediction_sets": {
        "coverage": 0.985897435897436,
        "average_set_size": 3.8897435897435897,
        "singleton_rate": 0.04871794871794872,
        "empty_set_rate": 0.01282051282051282
      },
      "action_counts": {
        "grounding": 780,
        "blank": 780,
        "blur": 780,
        "crop": 780,
        "brightness": 780,
        "noise": 780,
        "stop": 780,
        "relation": 10
      }
    },
    "grounding_first|7|0.95": {
      "row_count": 780,
      "mean_acquisition_cost": 6.012820512820513,
      "diagnostic": {
        "record_count": 780,
        "source_bit_micro_f1": 0.9783950617283951,
        "source_bit_macro_f1": 0.9777700272616024,
        "source_bit_hamming_loss": 0.017948717948717947,
        "source_bit_auroc": {
          "visual": 0.9992785088299929,
          "language": 0.9999517387827143,
          "alignment": 0.9965045089765864
        },
        "six_way_macro_f1": 0.8371790152044111,
        "six_way_balanced_accuracy": 0.8983476539641373,
        "six_way_confusion_matrix": [
          [
            86,
            0,
            1,
            2,
            0,
            0
          ],
          [
            0,
            219,
            0,
            1,
            0,
            0
          ],
          [
            0,
            0,
            42,
            3,
            1,
            1
          ],
          [
            14,
            5,
            7,
            262,
            0,
            0
          ],
          [
            0,
            0,
            0,
            0,
            6,
            2
          ],
          [
            0,
            0,
            2,
            0,
            14,
            112
          ]
        ],
        "six_way_labels": [
          "visual",
          "language-prior",
          "alignment",
          "mixed",
          "unclear",
          "no-failure"
        ],
        "signature_mse": 0.010597101543885113
      },
      "prediction_sets": {
        "coverage": 0.9948717948717949,
        "average_set_size": 3.9602564102564104,
        "singleton_rate": 0.04358974358974359,
        "empty_set_rate": 0.0038461538461538464
      },
      "action_counts": {
        "grounding": 780,
        "blank": 780,
        "blur": 780,
        "crop": 780,
        "brightness": 780,
        "noise": 780,
        "stop": 780,
        "relation": 10
      }
    },
    "proactive|1|0.9": {
      "row_count": 780,
      "mean_acquisition_cost": 1.0,
      "diagnostic": {
        "record_count": 780,
        "source_bit_micro_f1": 0.8070776255707762,
        "source_bit_macro_f1": 0.7978810285840415,
        "source_bit_hamming_loss": 0.14444444444444443,
        "source_bit_auroc": {
          "visual": 0.8878445285816411,
          "language": 0.9988072584870797,
          "alignment": 0.9038981274647695
        },
        "six_way_macro_f1": 0.40859266890674667,
        "six_way_balanced_accuracy": 0.515431414159525,
        "six_way_confusion_matrix": [
          [
            4,
            0,
            12,
            1,
            28,
            44
          ],
          [
            0,
            217,
            0,
            2,
            0,
            1
          ],
          [
            0,
            0,
            9,
            4,
            31,
            3
          ],
          [
            15,
            51,
            57,
            102,
            57,
            6
          ],
          [
            0,
            0,
            0,
            0,
            5,
            3
          ],
          [
            2,
            0,
            3,
            0,
            9,
            114
          ]
        ],
        "six_way_labels": [
          "visual",
          "language-prior",
          "alignment",
          "mixed",
          "unclear",
          "no-failure"
        ],
        "signature_mse": 0.020200450217277396
      },
      "prediction_sets": {
        "coverage": 0.9743589743589743,
        "average_set_size": 3.567948717948718,
        "singleton_rate": 0.06282051282051282,
        "empty_set_rate": 0.005128205128205128
      },
      "action_counts": {
        "blank": 739,
        "stop": 780,
        "crop": 4,
        "blur": 31,
        "brightness": 5,
        "grounding": 1
      }
    },
    "proactive|1|0.95": {
      "row_count": 780,
      "mean_acquisition_cost": 1.0,
      "diagnostic": {
        "record_count": 780,
        "source_bit_micro_f1": 0.8070776255707762,
        "source_bit_macro_f1": 0.7978810285840415,
        "source_bit_hamming_loss": 0.14444444444444443,
        "source_bit_auroc": {
          "visual": 0.8878445285816411,
          "language": 0.9988072584870797,
          "alignment": 0.9038981274647695
        },
        "six_way_macro_f1": 0.40859266890674667,
        "six_way_balanced_accuracy": 0.515431414159525,
        "six_way_confusion_matrix": [
          [
            4,
            0,
            12,
            1,
            28,
            44
          ],
          [
            0,
            217,
            0,
            2,
            0,
            1
          ],
          [
            0,
            0,
            9,
            4,
            31,
            3
          ],
          [
            15,
            51,
            57,
            102,
            57,
            6
          ],
          [
            0,
            0,
            0,
            0,
            5,
            3
          ],
          [
            2,
            0,
            3,
            0,
            9,
            114
          ]
        ],
        "six_way_labels": [
          "visual",
          "language-prior",
          "alignment",
          "mixed",
          "unclear",
          "no-failure"
        ],
        "signature_mse": 0.020200450217277396
      },
      "prediction_sets": {
        "coverage": 0.982051282051282,
        "average_set_size": 3.6487179487179486,
        "singleton_rate": 0.05128205128205128,
        "empty_set_rate": 0.002564102564102564
      },
      "action_counts": {
        "blank": 739,
        "stop": 780,
        "crop": 4,
        "blur": 31,
        "brightness": 5,
        "grounding": 1
      }
    },
    "proactive|2|0.9": {
      "row_count": 780,
      "mean_acquisition_cost": 1.9987179487179487,
      "diagnostic": {
        "record_count": 780,
        "source_bit_micro_f1": 0.8551724137931035,
        "source_bit_macro_f1": 0.8447351349292167,
        "source_bit_hamming_loss": 0.1076923076923077,
        "source_bit_auroc": {
          "visual": 0.9510047922899734,
          "language": 0.9993450263368356,
          "alignment": 0.9356057472215327
        },
        "six_way_macro_f1": 0.5614351068980749,
        "six_way_balanced_accuracy": 0.6187465476242221,
        "six_way_confusion_matrix": [
          [
            52,
            0,
            14,
            4,
            5,
            14
          ],
          [
            0,
            218,
            0,
            2,
            0,
            0
          ],
          [
            1,
            0,
            16,
            3,
            22,
            5
          ],
          [
            56,
            29,
            30,
            153,
            20,
            0
          ],
          [
            1,
            0,
            1,
            0,
            3,
            3
          ],
          [
            0,
            0,
            9,
            0,
            5,
            114
          ]
        ],
        "six_way_labels": [
          "visual",
          "language-prior",
          "alignment",
          "mixed",
          "unclear",
          "no-failure"
        ],
        "signature_mse": 0.01730766800286375
      },
      "prediction_sets": {
        "coverage": 0.985897435897436,
        "average_set_size": 3.721794871794872,
        "singleton_rate": 0.020512820512820513,
        "empty_set_rate": 0.011538461538461539
      },
      "action_counts": {
        "blank": 760,
        "blur": 617,
        "stop": 780,
        "grounding": 73,
        "crop": 69,
        "noise": 5,
        "brightness": 29,
        "relation": 6
      }
    },
    "proactive|2|0.95": {
      "row_count": 780,
      "mean_acquisition_cost": 1.9987179487179487,
      "diagnostic": {
        "record_count": 780,
        "source_bit_micro_f1": 0.8551724137931035,
        "source_bit_macro_f1": 0.8447351349292167,
        "source_bit_hamming_loss": 0.1076923076923077,
        "source_bit_auroc": {
          "visual": 0.9510047922899734,
          "language": 0.9993450263368356,
          "alignment": 0.9356057472215327
        },
        "six_way_macro_f1": 0.5614351068980749,
        "six_way_balanced_accuracy": 0.6187465476242221,
        "six_way_confusion_matrix": [
          [
            52,
            0,
            14,
            4,
            5,
            14
          ],
          [
            0,
            218,
            0,
            2,
            0,
            0
          ],
          [
            1,
            0,
            16,
            3,
            22,
            5
          ],
          [
            56,
            29,
            30,
            153,
            20,
            0
          ],
          [
            1,
            0,
            1,
            0,
            3,
            3
          ],
          [
            0,
            0,
            9,
            0,
            5,
            114
          ]
        ],
        "six_way_labels": [
          "visual",
          "language-prior",
          "alignment",
          "mixed",
          "unclear",
          "no-failure"
        ],
        "signature_mse": 0.01730766800286375
      },
      "prediction_sets": {
        "coverage": 0.9948717948717949,
        "average_set_size": 4.2987179487179485,
        "singleton_rate": 0.011538461538461539,
        "empty_set_rate": 0.0038461538461538464
      },
      "action_counts": {
        "blank": 760,
        "blur": 617,
        "stop": 780,
        "grounding": 73,
        "crop": 69,
        "noise": 5,
        "brightness": 29,
        "relation": 6
      }
    },
    "proactive|3|0.9": {
      "row_count": 780,
      "mean_acquisition_cost": 2.982051282051282,
      "diagnostic": {
        "record_count": 780,
        "source_bit_micro_f1": 0.9129720853858785,
        "source_bit_macro_f1": 0.911479578035601,
        "source_bit_hamming_loss": 0.06794871794871794,
        "source_bit_auroc": {
          "visual": 0.9707432020969577,
          "language": 0.9997311160751221,
          "alignment": 0.9678925015857257
        },
        "six_way_macro_f1": 0.6679807950396826,
        "six_way_balanced_accuracy": 0.7555722741097323,
        "six_way_confusion_matrix": [
          [
            68,
            0,
            2,
            4,
            10,
            5
          ],
          [
            0,
            218,
            0,
            2,
            0,
            0
          ],
          [
            0,
            0,
            29,
            2,
            11,
            5
          ],
          [
            47,
            20,
            31,
            186,
            4,
            0
          ],
          [
            0,
            0,
            0,
            0,
            5,
            3
          ],
          [
            0,
            0,
            1,
            0,
            13,
            114
          ]
        ],
        "six_way_labels": [
          "visual",
          "language-prior",
          "alignment",
          "mixed",
          "unclear",
          "no-failure"
        ],
        "signature_mse": 0.013138096563874373
      },
      "prediction_sets": {
        "coverage": 0.9910256410256411,
        "average_set_size": 4.074358974358974,
        "singleton_rate": 0.020512820512820513,
        "empty_set_rate": 0.007692307692307693
      },
      "action_counts": {
        "blank": 774,
        "blur": 734,
        "crop": 483,
        "stop": 780,
        "grounding": 232,
        "noise": 20,
        "brightness": 77,
        "relation": 6
      }
    },
    "proactive|3|0.95": {
      "row_count": 780,
      "mean_acquisition_cost": 2.982051282051282,
      "diagnostic": {
        "record_count": 780,
        "source_bit_micro_f1": 0.9129720853858785,
        "source_bit_macro_f1": 0.911479578035601,
        "source_bit_hamming_loss": 0.06794871794871794,
        "source_bit_auroc": {
          "visual": 0.9707432020969577,
          "language": 0.9997311160751221,
          "alignment": 0.9678925015857257
        },
        "six_way_macro_f1": 0.6679807950396826,
        "six_way_balanced_accuracy": 0.7555722741097323,
        "six_way_confusion_matrix": [
          [
            68,
            0,
            2,
            4,
            10,
            5
          ],
          [
            0,
            218,
            0,
            2,
            0,
            0
          ],
          [
            0,
            0,
            29,
            2,
            11,
            5
          ],
          [
            47,
            20,
            31,
            186,
            4,
            0
          ],
          [
            0,
            0,
            0,
            0,
            5,
            3
          ],
          [
            0,
            0,
            1,
            0,
            13,
            114
          ]
        ],
        "six_way_labels": [
          "visual",
          "language-prior",
          "alignment",
          "mixed",
          "unclear",
          "no-failure"
        ],
        "signature_mse": 0.013138096563874373
      },
      "prediction_sets": {
        "coverage": 0.9935897435897436,
        "average_set_size": 4.197435897435898,
        "singleton_rate": 0.016666666666666666,
        "empty_set_rate": 0.005128205128205128
      },
      "action_counts": {
        "blank": 774,
        "blur": 734,
        "crop": 483,
        "stop": 780,
        "grounding": 232,
        "noise": 20,
        "brightness": 77,
        "relation": 6
      }
    },
    "proactive|4|0.9": {
      "row_count": 780,
      "mean_acquisition_cost": 3.8384615384615386,
      "diagnostic": {
        "record_count": 780,
        "source_bit_micro_f1": 0.9484864577801381,
        "source_bit_macro_f1": 0.9474925502090188,
        "source_bit_hamming_loss": 0.04145299145299145,
        "source_bit_auroc": {
          "visual": 0.9873374990071223,
          "language": 0.9999241609442652,
          "alignment": 0.9732288133256115
        },
        "six_way_macro_f1": 0.7412032502350739,
        "six_way_balanced_accuracy": 0.8076319501795387,
        "six_way_confusion_matrix": [
          [
            80,
            0,
            2,
            2,
            3,
            2
          ],
          [
            0,
            218,
            0,
            2,
            0,
            0
          ],
          [
            0,
            0,
            30,
            3,
            9,
            5
          ],
          [
            30,
            11,
            14,
            231,
            2,
            0
          ],
          [
            0,
            0,
            0,
            0,
            5,
            3
          ],
          [
            0,
            0,
            0,
            0,
            14,
            114
          ]
        ],
        "six_way_labels": [
          "visual",
          "language-prior",
          "alignment",
          "mixed",
          "unclear",
          "no-failure"
        ],
        "signature_mse": 0.011157080674462994
      },
      "prediction_sets": {
        "coverage": 0.9910256410256411,
        "average_set_size": 3.967948717948718,
        "singleton_rate": 0.03076923076923077,
        "empty_set_rate": 0.008974358974358974
      },
      "action_counts": {
        "blank": 777,
        "blur": 743,
        "brightness": 238,
        "grounding": 317,
        "stop": 780,
        "crop": 630,
        "noise": 281,
        "relation": 8
      }
    },
    "proactive|4|0.95": {
      "row_count": 780,
      "mean_acquisition_cost": 3.8384615384615386,
      "diagnostic": {
        "record_count": 780,
        "source_bit_micro_f1": 0.9484864577801381,
        "source_bit_macro_f1": 0.9474925502090188,
        "source_bit_hamming_loss": 0.04145299145299145,
        "source_bit_auroc": {
          "visual": 0.9873374990071223,
          "language": 0.9999241609442652,
          "alignment": 0.9732288133256115
        },
        "six_way_macro_f1": 0.7412032502350739,
        "six_way_balanced_accuracy": 0.8076319501795387,
        "six_way_confusion_matrix": [
          [
            80,
            0,
            2,
            2,
            3,
            2
          ],
          [
            0,
            218,
            0,
            2,
            0,
            0
          ],
          [
            0,
            0,
            30,
            3,
            9,
            5
          ],
          [
            30,
            11,
            14,
            231,
            2,
            0
          ],
          [
            0,
            0,
            0,
            0,
            5,
            3
          ],
          [
            0,
            0,
            0,
            0,
            14,
            114
          ]
        ],
        "six_way_labels": [
          "visual",
          "language-prior",
          "alignment",
          "mixed",
          "unclear",
          "no-failure"
        ],
        "signature_mse": 0.011157080674462994
      },
      "prediction_sets": {
        "coverage": 0.9923076923076923,
        "average_set_size": 4.044871794871795,
        "singleton_rate": 0.02435897435897436,
        "empty_set_rate": 0.007692307692307693
      },
      "action_counts": {
        "blank": 777,
        "blur": 743,
        "brightness": 238,
        "grounding": 317,
        "stop": 780,
        "crop": 630,
        "noise": 281,
        "relation": 8
      }
    },
    "proactive|7|0.9": {
      "row_count": 780,
      "mean_acquisition_cost": 4.914102564102564,
      "diagnostic": {
        "record_count": 780,
        "source_bit_micro_f1": 0.9702970297029703,
        "source_bit_macro_f1": 0.9691498473404773,
        "source_bit_hamming_loss": 0.02435897435897436,
        "source_bit_auroc": {
          "visual": 0.9970147475442823,
          "language": 0.9998069551308568,
          "alignment": 0.9837773365323625
        },
        "six_way_macro_f1": 0.7927463381189991,
        "six_way_balanced_accuracy": 0.8479993249693525,
        "six_way_confusion_matrix": [
          [
            85,
            0,
            1,
            2,
            1,
            0
          ],
          [
            0,
            219,
            0,
            1,
            0,
            0
          ],
          [
            0,
            0,
            36,
            3,
            4,
            4
          ],
          [
            24,
            6,
            7,
            251,
            0,
            0
          ],
          [
            0,
            0,
            0,
            0,
            5,
            3
          ],
          [
            0,
            0,
            1,
            0,
            15,
            112
          ]
        ],
        "six_way_labels": [
          "visual",
          "language-prior",
          "alignment",
          "mixed",
          "unclear",
          "no-failure"
        ],
        "signature_mse": 0.010679708166963479
      },
      "prediction_sets": {
        "coverage": 0.9910256410256411,
        "average_set_size": 3.9410256410256412,
        "singleton_rate": 0.026923076923076925,
        "empty_set_rate": 0.008974358974358974
      },
      "action_counts": {
        "blank": 775,
        "blur": 755,
        "grounding": 393,
        "brightness": 613,
        "crop": 721,
        "noise": 566,
        "stop": 780,
        "relation": 10
      }
    },
    "proactive|7|0.95": {
      "row_count": 780,
      "mean_acquisition_cost": 4.914102564102564,
      "diagnostic": {
        "record_count": 780,
        "source_bit_micro_f1": 0.9702970297029703,
        "source_bit_macro_f1": 0.9691498473404773,
        "source_bit_hamming_loss": 0.02435897435897436,
        "source_bit_auroc": {
          "visual": 0.9970147475442823,
          "language": 0.9998069551308568,
          "alignment": 0.9837773365323625
        },
        "six_way_macro_f1": 0.7927463381189991,
        "six_way_balanced_accuracy": 0.8479993249693525,
        "six_way_confusion_matrix": [
          [
            85,
            0,
            1,
            2,
            1,
            0
          ],
          [
            0,
            219,
            0,
            1,
            0,
            0
          ],
          [
            0,
            0,
            36,
            3,
            4,
            4
          ],
          [
            24,
            6,
            7,
            251,
            0,
            0
          ],
          [
            0,
            0,
            0,
            0,
            5,
            3
          ],
          [
            0,
            0,
            1,
            0,
            15,
            112
          ]
        ],
        "six_way_labels": [
          "visual",
          "language-prior",
          "alignment",
          "mixed",
          "unclear",
          "no-failure"
        ],
        "signature_mse": 0.010679708166963479
      },
      "prediction_sets": {
        "coverage": 0.9961538461538462,
        "average_set_size": 4.0,
        "singleton_rate": 0.029487179487179487,
        "empty_set_rate": 0.0038461538461538464
      },
      "action_counts": {
        "blank": 775,
        "blur": 755,
        "grounding": 393,
        "brightness": 613,
        "crop": 721,
        "noise": 566,
        "stop": 780,
        "relation": 10
      }
    },
    "proactive_no_stop|1|0.9": {
      "row_count": 780,
      "mean_acquisition_cost": 1.0,
      "diagnostic": {
        "record_count": 780,
        "source_bit_micro_f1": 0.8070776255707762,
        "source_bit_macro_f1": 0.7978810285840415,
        "source_bit_hamming_loss": 0.14444444444444443,
        "source_bit_auroc": {
          "visual": 0.8878445285816411,
          "language": 0.9988072584870797,
          "alignment": 0.9038981274647695
        },
        "six_way_macro_f1": 0.40859266890674667,
        "six_way_balanced_accuracy": 0.515431414159525,
        "six_way_confusion_matrix": [
          [
            4,
            0,
            12,
            1,
            28,
            44
          ],
          [
            0,
            217,
            0,
            2,
            0,
            1
          ],
          [
            0,
            0,
            9,
            4,
            31,
            3
          ],
          [
            15,
            51,
            57,
            102,
            57,
            6
          ],
          [
            0,
            0,
            0,
            0,
            5,
            3
          ],
          [
            2,
            0,
            3,
            0,
            9,
            114
          ]
        ],
        "six_way_labels": [
          "visual",
          "language-prior",
          "alignment",
          "mixed",
          "unclear",
          "no-failure"
        ],
        "signature_mse": 0.020200450217277396
      },
      "prediction_sets": {
        "coverage": 0.9743589743589743,
        "average_set_size": 3.567948717948718,
        "singleton_rate": 0.06282051282051282,
        "empty_set_rate": 0.005128205128205128
      },
      "action_counts": {
        "blank": 739,
        "stop": 780,
        "crop": 4,
        "blur": 31,
        "brightness": 5,
        "grounding": 1
      }
    },
    "proactive_no_stop|1|0.95": {
      "row_count": 780,
      "mean_acquisition_cost": 1.0,
      "diagnostic": {
        "record_count": 780,
        "source_bit_micro_f1": 0.8070776255707762,
        "source_bit_macro_f1": 0.7978810285840415,
        "source_bit_hamming_loss": 0.14444444444444443,
        "source_bit_auroc": {
          "visual": 0.8878445285816411,
          "language": 0.9988072584870797,
          "alignment": 0.9038981274647695
        },
        "six_way_macro_f1": 0.40859266890674667,
        "six_way_balanced_accuracy": 0.515431414159525,
        "six_way_confusion_matrix": [
          [
            4,
            0,
            12,
            1,
            28,
            44
          ],
          [
            0,
            217,
            0,
            2,
            0,
            1
          ],
          [
            0,
            0,
            9,
            4,
            31,
            3
          ],
          [
            15,
            51,
            57,
            102,
            57,
            6
          ],
          [
            0,
            0,
            0,
            0,
            5,
            3
          ],
          [
            2,
            0,
            3,
            0,
            9,
            114
          ]
        ],
        "six_way_labels": [
          "visual",
          "language-prior",
          "alignment",
          "mixed",
          "unclear",
          "no-failure"
        ],
        "signature_mse": 0.020200450217277396
      },
      "prediction_sets": {
        "coverage": 0.982051282051282,
        "average_set_size": 3.6487179487179486,
        "singleton_rate": 0.05128205128205128,
        "empty_set_rate": 0.002564102564102564
      },
      "action_counts": {
        "blank": 739,
        "stop": 780,
        "crop": 4,
        "blur": 31,
        "brightness": 5,
        "grounding": 1
      }
    },
    "proactive_no_stop|2|0.9": {
      "row_count": 780,
      "mean_acquisition_cost": 2.0,
      "diagnostic": {
        "record_count": 780,
        "source_bit_micro_f1": 0.8551724137931035,
        "source_bit_macro_f1": 0.8447351349292167,
        "source_bit_hamming_loss": 0.1076923076923077,
        "source_bit_auroc": {
          "visual": 0.9510643649553867,
          "language": 0.9993450263368356,
          "alignment": 0.935612641681145
        },
        "six_way_macro_f1": 0.5614351068980749,
        "six_way_balanced_accuracy": 0.6187465476242221,
        "six_way_confusion_matrix": [
          [
            52,
            0,
            14,
            4,
            5,
            14
          ],
          [
            0,
            218,
            0,
            2,
            0,
            0
          ],
          [
            1,
            0,
            16,
            3,
            22,
            5
          ],
          [
            56,
            29,
            30,
            153,
            20,
            0
          ],
          [
            1,
            0,
            1,
            0,
            3,
            3
          ],
          [
            0,
            0,
            9,
            0,
            5,
            114
          ]
        ],
        "six_way_labels": [
          "visual",
          "language-prior",
          "alignment",
          "mixed",
          "unclear",
          "no-failure"
        ],
        "signature_mse": 0.017309531511431973
      },
      "prediction_sets": {
        "coverage": 0.985897435897436,
        "average_set_size": 3.721794871794872,
        "singleton_rate": 0.020512820512820513,
        "empty_set_rate": 0.011538461538461539
      },
      "action_counts": {
        "blank": 760,
        "blur": 617,
        "stop": 780,
        "grounding": 73,
        "crop": 70,
        "noise": 5,
        "brightness": 29,
        "relation": 6
      }
    },
    "proactive_no_stop|2|0.95": {
      "row_count": 780,
      "mean_acquisition_cost": 2.0,
      "diagnostic": {
        "record_count": 780,
        "source_bit_micro_f1": 0.8551724137931035,
        "source_bit_macro_f1": 0.8447351349292167,
        "source_bit_hamming_loss": 0.1076923076923077,
        "source_bit_auroc": {
          "visual": 0.9510643649553867,
          "language": 0.9993450263368356,
          "alignment": 0.935612641681145
        },
        "six_way_macro_f1": 0.5614351068980749,
        "six_way_balanced_accuracy": 0.6187465476242221,
        "six_way_confusion_matrix": [
          [
            52,
            0,
            14,
            4,
            5,
            14
          ],
          [
            0,
            218,
            0,
            2,
            0,
            0
          ],
          [
            1,
            0,
            16,
            3,
            22,
            5
          ],
          [
            56,
            29,
            30,
            153,
            20,
            0
          ],
          [
            1,
            0,
            1,
            0,
            3,
            3
          ],
          [
            0,
            0,
            9,
            0,
            5,
            114
          ]
        ],
        "six_way_labels": [
          "visual",
          "language-prior",
          "alignment",
          "mixed",
          "unclear",
          "no-failure"
        ],
        "signature_mse": 0.017309531511431973
      },
      "prediction_sets": {
        "coverage": 0.9948717948717949,
        "average_set_size": 4.2987179487179485,
        "singleton_rate": 0.011538461538461539,
        "empty_set_rate": 0.0038461538461538464
      },
      "action_counts": {
        "blank": 760,
        "blur": 617,
        "stop": 780,
        "grounding": 73,
        "crop": 70,
        "noise": 5,
        "brightness": 29,
        "relation": 6
      }
    },
    "proactive_no_stop|3|0.9": {
      "row_count": 780,
      "mean_acquisition_cost": 3.0,
      "diagnostic": {
        "record_count": 780,
        "source_bit_micro_f1": 0.9129720853858785,
        "source_bit_macro_f1": 0.911479578035601,
        "source_bit_hamming_loss": 0.06794871794871794,
        "source_bit_auroc": {
          "visual": 0.9708888241679684,
          "language": 0.9997380105347343,
          "alignment": 0.9678649237472766
        },
        "six_way_macro_f1": 0.6689519553792915,
        "six_way_balanced_accuracy": 0.756150977813436,
        "six_way_confusion_matrix": [
          [
            68,
            0,
            2,
            4,
            10,
            5
          ],
          [
            0,
            218,
            0,
            2,
            0,
            0
          ],
          [
            0,
            0,
            29,
            2,
            11,
            5
          ],
          [
            46,
            20,
            31,
            187,
            4,
            0
          ],
          [
            0,
            0,
            0,
            0,
            5,
            3
          ],
          [
            0,
            0,
            1,
            0,
            13,
            114
          ]
        ],
        "six_way_labels": [
          "visual",
          "language-prior",
          "alignment",
          "mixed",
          "unclear",
          "no-failure"
        ],
        "signature_mse": 0.013135298714960582
      },
      "prediction_sets": {
        "coverage": 0.9897435897435898,
        "average_set_size": 4.069230769230769,
        "singleton_rate": 0.019230769230769232,
        "empty_set_rate": 0.008974358974358974
      },
      "action_counts": {
        "blank": 774,
        "blur": 735,
        "crop": 486,
        "stop": 780,
        "grounding": 238,
        "noise": 23,
        "brightness": 78,
        "relation": 6
      }
    },
    "proactive_no_stop|3|0.95": {
      "row_count": 780,
      "mean_acquisition_cost": 3.0,
      "diagnostic": {
        "record_count": 780,
        "source_bit_micro_f1": 0.9129720853858785,
        "source_bit_macro_f1": 0.911479578035601,
        "source_bit_hamming_loss": 0.06794871794871794,
        "source_bit_auroc": {
          "visual": 0.9708888241679684,
          "language": 0.9997380105347343,
          "alignment": 0.9678649237472766
        },
        "six_way_macro_f1": 0.6689519553792915,
        "six_way_balanced_accuracy": 0.756150977813436,
        "six_way_confusion_matrix": [
          [
            68,
            0,
            2,
            4,
            10,
            5
          ],
          [
            0,
            218,
            0,
            2,
            0,
            0
          ],
          [
            0,
            0,
            29,
            2,
            11,
            5
          ],
          [
            46,
            20,
            31,
            187,
            4,
            0
          ],
          [
            0,
            0,
            0,
            0,
            5,
            3
          ],
          [
            0,
            0,
            1,
            0,
            13,
            114
          ]
        ],
        "six_way_labels": [
          "visual",
          "language-prior",
          "alignment",
          "mixed",
          "unclear",
          "no-failure"
        ],
        "signature_mse": 0.013135298714960582
      },
      "prediction_sets": {
        "coverage": 0.9935897435897436,
        "average_set_size": 4.193589743589744,
        "singleton_rate": 0.016666666666666666,
        "empty_set_rate": 0.005128205128205128
      },
      "action_counts": {
        "blank": 774,
        "blur": 735,
        "crop": 486,
        "stop": 780,
        "grounding": 238,
        "noise": 23,
        "brightness": 78,
        "relation": 6
      }
    },
    "proactive_no_stop|4|0.9": {
      "row_count": 780,
      "mean_acquisition_cost": 4.0,
      "diagnostic": {
        "record_count": 780,
        "source_bit_micro_f1": 0.9496021220159151,
        "source_bit_macro_f1": 0.9487643777966358,
        "source_bit_hamming_loss": 0.0405982905982906,
        "source_bit_auroc": {
          "visual": 0.9877942227752919,
          "language": 0.9999379498634897,
          "alignment": 0.9754419348611456
        },
        "six_way_macro_f1": 0.7422347701267765,
        "six_way_balanced_accuracy": 0.8082106538832424,
        "six_way_confusion_matrix": [
          [
            80,
            0,
            2,
            2,
            3,
            2
          ],
          [
            0,
            218,
            0,
            2,
            0,
            0
          ],
          [
            0,
            0,
            30,
            3,
            9,
            5
          ],
          [
            29,
            11,
            14,
            232,
            2,
            0
          ],
          [
            0,
            0,
            0,
            0,
            5,
            3
          ],
          [
            0,
            0,
            0,
            0,
            14,
            114
          ]
        ],
        "six_way_labels": [
          "visual",
          "language-prior",
          "alignment",
          "mixed",
          "unclear",
          "no-failure"
        ],
        "signature_mse": 0.011237745155178322
      },
      "prediction_sets": {
        "coverage": 0.9871794871794872,
        "average_set_size": 3.9474358974358976,
        "singleton_rate": 0.035897435897435895,
        "empty_set_rate": 0.011538461538461539
      },
      "action_counts": {
        "blank": 777,
        "blur": 749,
        "brightness": 252,
        "grounding": 346,
        "stop": 780,
        "crop": 645,
        "noise": 343,
        "relation": 8
      }
    },
    "proactive_no_stop|4|0.95": {
      "row_count": 780,
      "mean_acquisition_cost": 4.0,
      "diagnostic": {
        "record_count": 780,
        "source_bit_micro_f1": 0.9496021220159151,
        "source_bit_macro_f1": 0.9487643777966358,
        "source_bit_hamming_loss": 0.0405982905982906,
        "source_bit_auroc": {
          "visual": 0.9877942227752919,
          "language": 0.9999379498634897,
          "alignment": 0.9754419348611456
        },
        "six_way_macro_f1": 0.7422347701267765,
        "six_way_balanced_accuracy": 0.8082106538832424,
        "six_way_confusion_matrix": [
          [
            80,
            0,
            2,
            2,
            3,
            2
          ],
          [
            0,
            218,
            0,
            2,
            0,
            0
          ],
          [
            0,
            0,
            30,
            3,
            9,
            5
          ],
          [
            29,
            11,
            14,
            232,
            2,
            0
          ],
          [
            0,
            0,
            0,
            0,
            5,
            3
          ],
          [
            0,
            0,
            0,
            0,
            14,
            114
          ]
        ],
        "six_way_labels": [
          "visual",
          "language-prior",
          "alignment",
          "mixed",
          "unclear",
          "no-failure"
        ],
        "signature_mse": 0.011237745155178322
      },
      "prediction_sets": {
        "coverage": 0.9923076923076923,
        "average_set_size": 4.029487179487179,
        "singleton_rate": 0.029487179487179487,
        "empty_set_rate": 0.00641025641025641
      },
      "action_counts": {
        "blank": 777,
        "blur": 749,
        "brightness": 252,
        "grounding": 346,
        "stop": 780,
        "crop": 645,
        "noise": 343,
        "relation": 8
      }
    },
    "proactive_no_stop|7|0.9": {
      "row_count": 780,
      "mean_acquisition_cost": 6.012820512820513,
      "diagnostic": {
        "record_count": 780,
        "source_bit_micro_f1": 0.9783950617283951,
        "source_bit_macro_f1": 0.9777700272616024,
        "source_bit_hamming_loss": 0.017948717948717947,
        "source_bit_auroc": {
          "visual": 0.9992785088299929,
          "language": 0.9999517387827143,
          "alignment": 0.9965045089765864
        },
        "six_way_macro_f1": 0.8371790152044111,
        "six_way_balanced_accuracy": 0.8983476539641373,
        "six_way_confusion_matrix": [
          [
            86,
            0,
            1,
            2,
            0,
            0
          ],
          [
            0,
            219,
            0,
            1,
            0,
            0
          ],
          [
            0,
            0,
            42,
            3,
            1,
            1
          ],
          [
            14,
            5,
            7,
            262,
            0,
            0
          ],
          [
            0,
            0,
            0,
            0,
            6,
            2
          ],
          [
            0,
            0,
            2,
            0,
            14,
            112
          ]
        ],
        "six_way_labels": [
          "visual",
          "language-prior",
          "alignment",
          "mixed",
          "unclear",
          "no-failure"
        ],
        "signature_mse": 0.010597101543885113
      },
      "prediction_sets": {
        "coverage": 0.985897435897436,
        "average_set_size": 3.8897435897435897,
        "singleton_rate": 0.04871794871794872,
        "empty_set_rate": 0.01282051282051282
      },
      "action_counts": {
        "blank": 780,
        "blur": 780,
        "grounding": 780,
        "brightness": 780,
        "crop": 780,
        "noise": 780,
        "stop": 780,
        "relation": 10
      }
    },
    "proactive_no_stop|7|0.95": {
      "row_count": 780,
      "mean_acquisition_cost": 6.012820512820513,
      "diagnostic": {
        "record_count": 780,
        "source_bit_micro_f1": 0.9783950617283951,
        "source_bit_macro_f1": 0.9777700272616024,
        "source_bit_hamming_loss": 0.017948717948717947,
        "source_bit_auroc": {
          "visual": 0.9992785088299929,
          "language": 0.9999517387827143,
          "alignment": 0.9965045089765864
        },
        "six_way_macro_f1": 0.8371790152044111,
        "six_way_balanced_accuracy": 0.8983476539641373,
        "six_way_confusion_matrix": [
          [
            86,
            0,
            1,
            2,
            0,
            0
          ],
          [
            0,
            219,
            0,
            1,
            0,
            0
          ],
          [
            0,
            0,
            42,
            3,
            1,
            1
          ],
          [
            14,
            5,
            7,
            262,
            0,
            0
          ],
          [
            0,
            0,
            0,
            0,
            6,
            2
          ],
          [
            0,
            0,
            2,
            0,
            14,
            112
          ]
        ],
        "six_way_labels": [
          "visual",
          "language-prior",
          "alignment",
          "mixed",
          "unclear",
          "no-failure"
        ],
        "signature_mse": 0.010597101543885113
      },
      "prediction_sets": {
        "coverage": 0.9948717948717949,
        "average_set_size": 3.9602564102564104,
        "singleton_rate": 0.04358974358974359,
        "empty_set_rate": 0.0038461538461538464
      },
      "action_counts": {
        "blank": 780,
        "blur": 780,
        "grounding": 780,
        "brightness": 780,
        "crop": 780,
        "noise": 780,
        "stop": 780,
        "relation": 10
      }
    },
    "random|1|0.9": {
      "row_count": 780,
      "mean_acquisition_cost": 1.0,
      "diagnostic": {
        "record_count": 780,
        "source_bit_micro_f1": 0.6989583333333333,
        "source_bit_macro_f1": 0.7061078291092316,
        "source_bit_hamming_loss": 0.24700854700854702,
        "source_bit_auroc": {
          "visual": 0.9021618258360031,
          "language": 0.7322812387965031,
          "alignment": 0.9450166845922617
        },
        "six_way_macro_f1": 0.32714007790113725,
        "six_way_balanced_accuracy": 0.44758780492087186,
        "six_way_confusion_matrix": [
          [
            22,
            0,
            11,
            3,
            17,
            36
          ],
          [
            4,
            39,
            18,
            0,
            15,
            144
          ],
          [
            0,
            1,
            23,
            3,
            18,
            2
          ],
          [
            52,
            9,
            70,
            112,
            40,
            5
          ],
          [
            0,
            0,
            1,
            0,
            4,
            3
          ],
          [
            3,
            0,
            3,
            0,
            9,
            113
          ]
        ],
        "six_way_labels": [
          "visual",
          "language-prior",
          "alignment",
          "mixed",
          "unclear",
          "no-failure"
        ],
        "signature_mse": 0.08947637190389496
      },
      "prediction_sets": {
        "coverage": 0.9346153846153846,
        "average_set_size": 4.187179487179487,
        "singleton_rate": 0.05512820512820513,
        "empty_set_rate": 0.005128205128205128
      },
      "action_counts": {
        "blank": 126,
        "stop": 780,
        "crop": 110,
        "brightness": 159,
        "noise": 116,
        "blur": 116,
        "grounding": 152,
        "relation": 1
      }
    },
    "random|1|0.95": {
      "row_count": 780,
      "mean_acquisition_cost": 1.0,
      "diagnostic": {
        "record_count": 780,
        "source_bit_micro_f1": 0.6989583333333333,
        "source_bit_macro_f1": 0.7061078291092316,
        "source_bit_hamming_loss": 0.24700854700854702,
        "source_bit_auroc": {
          "visual": 0.9021618258360031,
          "language": 0.7322812387965031,
          "alignment": 0.9450166845922617
        },
        "six_way_macro_f1": 0.32714007790113725,
        "six_way_balanced_accuracy": 0.44758780492087186,
        "six_way_confusion_matrix": [
          [
            22,
            0,
            11,
            3,
            17,
            36
          ],
          [
            4,
            39,
            18,
            0,
            15,
            144
          ],
          [
            0,
            1,
            23,
            3,
            18,
            2
          ],
          [
            52,
            9,
            70,
            112,
            40,
            5
          ],
          [
            0,
            0,
            1,
            0,
            4,
            3
          ],
          [
            3,
            0,
            3,
            0,
            9,
            113
          ]
        ],
        "six_way_labels": [
          "visual",
          "language-prior",
          "alignment",
          "mixed",
          "unclear",
          "no-failure"
        ],
        "signature_mse": 0.08947637190389496
      },
      "prediction_sets": {
        "coverage": 0.9397435897435897,
        "average_set_size": 4.262820512820513,
        "singleton_rate": 0.04230769230769231,
        "empty_set_rate": 0.002564102564102564
      },
      "action_counts": {
        "blank": 126,
        "stop": 780,
        "crop": 110,
        "brightness": 159,
        "noise": 116,
        "blur": 116,
        "grounding": 152,
        "relation": 1
      }
    },
    "random|2|0.9": {
      "row_count": 780,
      "mean_acquisition_cost": 2.0,
      "diagnostic": {
        "record_count": 780,
        "source_bit_micro_f1": 0.7613997879109226,
        "source_bit_macro_f1": 0.7623721051662664,
        "source_bit_hamming_loss": 0.19230769230769232,
        "source_bit_auroc": {
          "visual": 0.9293931531149884,
          "language": 0.8563401450594301,
          "alignment": 0.9570406221560355
        },
        "six_way_macro_f1": 0.4377448262056121,
        "six_way_balanced_accuracy": 0.5505511934881929,
        "six_way_confusion_matrix": [
          [
            38,
            0,
            2,
            4,
            16,
            29
          ],
          [
            2,
            88,
            6,
            0,
            12,
            112
          ],
          [
            0,
            1,
            23,
            4,
            17,
            2
          ],
          [
            63,
            15,
            41,
            138,
            27,
            4
          ],
          [
            0,
            0,
            0,
            0,
            5,
            3
          ],
          [
            1,
            0,
            6,
            0,
            8,
            113
          ]
        ],
        "six_way_labels": [
          "visual",
          "language-prior",
          "alignment",
          "mixed",
          "unclear",
          "no-failure"
        ],
        "signature_mse": 0.06909304019933801
      },
      "prediction_sets": {
        "coverage": 0.9564102564102565,
        "average_set_size": 4.219230769230769,
        "singleton_rate": 0.03333333333333333,
        "empty_set_rate": 0.0038461538461538464
      },
      "action_counts": {
        "blank": 270,
        "brightness": 293,
        "stop": 780,
        "crop": 266,
        "noise": 239,
        "blur": 237,
        "grounding": 253,
        "relation": 2
      }
    },
    "random|2|0.95": {
      "row_count": 780,
      "mean_acquisition_cost": 2.0,
      "diagnostic": {
        "record_count": 780,
        "source_bit_micro_f1": 0.7613997879109226,
        "source_bit_macro_f1": 0.7623721051662664,
        "source_bit_hamming_loss": 0.19230769230769232,
        "source_bit_auroc": {
          "visual": 0.9293931531149884,
          "language": 0.8563401450594301,
          "alignment": 0.9570406221560355
        },
        "six_way_macro_f1": 0.4377448262056121,
        "six_way_balanced_accuracy": 0.5505511934881929,
        "six_way_confusion_matrix": [
          [
            38,
            0,
            2,
            4,
            16,
            29
          ],
          [
            2,
            88,
            6,
            0,
            12,
            112
          ],
          [
            0,
            1,
            23,
            4,
            17,
            2
          ],
          [
            63,
            15,
            41,
            138,
            27,
            4
          ],
          [
            0,
            0,
            0,
            0,
            5,
            3
          ],
          [
            1,
            0,
            6,
            0,
            8,
            113
          ]
        ],
        "six_way_labels": [
          "visual",
          "language-prior",
          "alignment",
          "mixed",
          "unclear",
          "no-failure"
        ],
        "signature_mse": 0.06909304019933801
      },
      "prediction_sets": {
        "coverage": 0.9602564102564103,
        "average_set_size": 4.476923076923077,
        "singleton_rate": 0.014102564102564103,
        "empty_set_rate": 0.001282051282051282
      },
      "action_counts": {
        "blank": 270,
        "brightness": 293,
        "stop": 780,
        "crop": 266,
        "noise": 239,
        "blur": 237,
        "grounding": 253,
        "relation": 2
      }
    },
    "random|3|0.9": {
      "row_count": 780,
      "mean_acquisition_cost": 3.0,
      "diagnostic": {
        "record_count": 780,
        "source_bit_micro_f1": 0.8148148148148148,
        "source_bit_macro_f1": 0.8159886151826607,
        "source_bit_hamming_loss": 0.14957264957264957,
        "source_bit_auroc": {
          "visual": 0.9532884111308216,
          "language": 0.9228027357215741,
          "alignment": 0.9684371638950938
        },
        "six_way_macro_f1": 0.5424778316013857,
        "six_way_balanced_accuracy": 0.6325474374039624,
        "six_way_confusion_matrix": [
          [
            49,
            1,
            2,
            5,
            9,
            23
          ],
          [
            1,
            140,
            1,
            1,
            8,
            69
          ],
          [
            0,
            1,
            31,
            3,
            11,
            1
          ],
          [
            59,
            13,
            31,
            163,
            20,
            2
          ],
          [
            0,
            2,
            0,
            0,
            4,
            2
          ],
          [
            2,
            0,
            6,
            0,
            7,
            113
          ]
        ],
        "six_way_labels": [
          "visual",
          "language-prior",
          "alignment",
          "mixed",
          "unclear",
          "no-failure"
        ],
        "signature_mse": 0.05524706731209957
      },
      "prediction_sets": {
        "coverage": 0.9794871794871794,
        "average_set_size": 4.297435897435897,
        "singleton_rate": 0.026923076923076925,
        "empty_set_rate": 0.0038461538461538464
      },
      "action_counts": {
        "blank": 402,
        "brightness": 411,
        "noise": 378,
        "stop": 780,
        "crop": 391,
        "blur": 374,
        "grounding": 379,
        "relation": 5
      }
    },
    "random|3|0.95": {
      "row_count": 780,
      "mean_acquisition_cost": 3.0,
      "diagnostic": {
        "record_count": 780,
        "source_bit_micro_f1": 0.8148148148148148,
        "source_bit_macro_f1": 0.8159886151826607,
        "source_bit_hamming_loss": 0.14957264957264957,
        "source_bit_auroc": {
          "visual": 0.9532884111308216,
          "language": 0.9228027357215741,
          "alignment": 0.9684371638950938
        },
        "six_way_macro_f1": 0.5424778316013857,
        "six_way_balanced_accuracy": 0.6325474374039624,
        "six_way_confusion_matrix": [
          [
            49,
            1,
            2,
            5,
            9,
            23
          ],
          [
            1,
            140,
            1,
            1,
            8,
            69
          ],
          [
            0,
            1,
            31,
            3,
            11,
            1
          ],
          [
            59,
            13,
            31,
            163,
            20,
            2
          ],
          [
            0,
            2,
            0,
            0,
            4,
            2
          ],
          [
            2,
            0,
            6,
            0,
            7,
            113
          ]
        ],
        "six_way_labels": [
          "visual",
          "language-prior",
          "alignment",
          "mixed",
          "unclear",
          "no-failure"
        ],
        "signature_mse": 0.05524706731209957
      },
      "prediction_sets": {
        "coverage": 0.9833333333333333,
        "average_set_size": 4.384615384615385,
        "singleton_rate": 0.020512820512820513,
        "empty_set_rate": 0.0
      },
      "action_counts": {
        "blank": 402,
        "brightness": 411,
        "noise": 378,
        "stop": 780,
        "crop": 391,
        "blur": 374,
        "grounding": 379,
        "relation": 5
      }
    },
    "random|4|0.9": {
      "row_count": 780,
      "mean_acquisition_cost": 4.0,
      "diagnostic": {
        "record_count": 780,
        "source_bit_micro_f1": 0.8817317845828934,
        "source_bit_macro_f1": 0.8806069604526692,
        "source_bit_hamming_loss": 0.09572649572649573,
        "source_bit_auroc": {
          "visual": 0.9729937250125764,
          "language": 0.9686302087642371,
          "alignment": 0.9801991119936019
        },
        "six_way_macro_f1": 0.6370047980751296,
        "six_way_balanced_accuracy": 0.7200653444809478,
        "six_way_confusion_matrix": [
          [
            67,
            0,
            0,
            4,
            5,
            13
          ],
          [
            0,
            167,
            1,
            0,
            4,
            48
          ],
          [
            0,
            0,
            36,
            2,
            7,
            2
          ],
          [
            51,
            20,
            25,
            190,
            1,
            1
          ],
          [
            0,
            1,
            0,
            0,
            4,
            3
          ],
          [
            0,
            0,
            4,
            0,
            11,
            113
          ]
        ],
        "six_way_labels": [
          "visual",
          "language-prior",
          "alignment",
          "mixed",
          "unclear",
          "no-failure"
        ],
        "signature_mse": 0.03885973589076683
      },
      "prediction_sets": {
        "coverage": 0.9884615384615385,
        "average_set_size": 4.130769230769231,
        "singleton_rate": 0.04230769230769231,
        "empty_set_rate": 0.007692307692307693
      },
      "action_counts": {
        "blank": 534,
        "brightness": 526,
        "noise": 514,
        "grounding": 507,
        "stop": 780,
        "crop": 531,
        "blur": 501,
        "relation": 7
      }
    },
    "random|4|0.95": {
      "row_count": 780,
      "mean_acquisition_cost": 4.0,
      "diagnostic": {
        "record_count": 780,
        "source_bit_micro_f1": 0.8817317845828934,
        "source_bit_macro_f1": 0.8806069604526692,
        "source_bit_hamming_loss": 0.09572649572649573,
        "source_bit_auroc": {
          "visual": 0.9729937250125764,
          "language": 0.9686302087642371,
          "alignment": 0.9801991119936019
        },
        "six_way_macro_f1": 0.6370047980751296,
        "six_way_balanced_accuracy": 0.7200653444809478,
        "six_way_confusion_matrix": [
          [
            67,
            0,
            0,
            4,
            5,
            13
          ],
          [
            0,
            167,
            1,
            0,
            4,
            48
          ],
          [
            0,
            0,
            36,
            2,
            7,
            2
          ],
          [
            51,
            20,
            25,
            190,
            1,
            1
          ],
          [
            0,
            1,
            0,
            0,
            4,
            3
          ],
          [
            0,
            0,
            4,
            0,
            11,
            113
          ]
        ],
        "six_way_labels": [
          "visual",
          "language-prior",
          "alignment",
          "mixed",
          "unclear",
          "no-failure"
        ],
        "signature_mse": 0.03885973589076683
      },
      "prediction_sets": {
        "coverage": 0.9923076923076923,
        "average_set_size": 4.193589743589744,
        "singleton_rate": 0.029487179487179487,
        "empty_set_rate": 0.0038461538461538464
      },
      "action_counts": {
        "blank": 534,
        "brightness": 526,
        "noise": 514,
        "grounding": 507,
        "stop": 780,
        "crop": 531,
        "blur": 501,
        "relation": 7
      }
    },
    "random|7|0.9": {
      "row_count": 780,
      "mean_acquisition_cost": 6.012820512820513,
      "diagnostic": {
        "record_count": 780,
        "source_bit_micro_f1": 0.9783950617283951,
        "source_bit_macro_f1": 0.9777700272616024,
        "source_bit_hamming_loss": 0.017948717948717947,
        "source_bit_auroc": {
          "visual": 0.9992785088299929,
          "language": 0.9999517387827143,
          "alignment": 0.9965045089765864
        },
        "six_way_macro_f1": 0.8371790152044111,
        "six_way_balanced_accuracy": 0.8983476539641373,
        "six_way_confusion_matrix": [
          [
            86,
            0,
            1,
            2,
            0,
            0
          ],
          [
            0,
            219,
            0,
            1,
            0,
            0
          ],
          [
            0,
            0,
            42,
            3,
            1,
            1
          ],
          [
            14,
            5,
            7,
            262,
            0,
            0
          ],
          [
            0,
            0,
            0,
            0,
            6,
            2
          ],
          [
            0,
            0,
            2,
            0,
            14,
            112
          ]
        ],
        "six_way_labels": [
          "visual",
          "language-prior",
          "alignment",
          "mixed",
          "unclear",
          "no-failure"
        ],
        "signature_mse": 0.010597101543885113
      },
      "prediction_sets": {
        "coverage": 0.985897435897436,
        "average_set_size": 3.8897435897435897,
        "singleton_rate": 0.04871794871794872,
        "empty_set_rate": 0.01282051282051282
      },
      "action_counts": {
        "blank": 780,
        "brightness": 780,
        "noise": 780,
        "grounding": 780,
        "crop": 780,
        "blur": 780,
        "stop": 780,
        "relation": 10
      }
    },
    "random|7|0.95": {
      "row_count": 780,
      "mean_acquisition_cost": 6.012820512820513,
      "diagnostic": {
        "record_count": 780,
        "source_bit_micro_f1": 0.9783950617283951,
        "source_bit_macro_f1": 0.9777700272616024,
        "source_bit_hamming_loss": 0.017948717948717947,
        "source_bit_auroc": {
          "visual": 0.9992785088299929,
          "language": 0.9999517387827143,
          "alignment": 0.9965045089765864
        },
        "six_way_macro_f1": 0.8371790152044111,
        "six_way_balanced_accuracy": 0.8983476539641373,
        "six_way_confusion_matrix": [
          [
            86,
            0,
            1,
            2,
            0,
            0
          ],
          [
            0,
            219,
            0,
            1,
            0,
            0
          ],
          [
            0,
            0,
            42,
            3,
            1,
            1
          ],
          [
            14,
            5,
            7,
            262,
            0,
            0
          ],
          [
            0,
            0,
            0,
            0,
            6,
            2
          ],
          [
            0,
            0,
            2,
            0,
            14,
            112
          ]
        ],
        "six_way_labels": [
          "visual",
          "language-prior",
          "alignment",
          "mixed",
          "unclear",
          "no-failure"
        ],
        "signature_mse": 0.010597101543885113
      },
      "prediction_sets": {
        "coverage": 0.9948717948717949,
        "average_set_size": 3.9602564102564104,
        "singleton_rate": 0.04358974358974359,
        "empty_set_rate": 0.0038461538461538464
      },
      "action_counts": {
        "blank": 780,
        "brightness": 780,
        "noise": 780,
        "grounding": 780,
        "crop": 780,
        "blur": 780,
        "stop": 780,
        "relation": 10
      }
    },
    "relation_first|1|0.9": {
      "row_count": 780,
      "mean_acquisition_cost": 1.0,
      "diagnostic": {
        "record_count": 780,
        "source_bit_micro_f1": 0.7141491395793499,
        "source_bit_macro_f1": 0.7379386718600832,
        "source_bit_hamming_loss": 0.25555555555555554,
        "source_bit_auroc": {
          "visual": 0.8624400963753343,
          "language": 0.5752702628168005,
          "alignment": 0.9974007887261797
        },
        "six_way_macro_f1": 0.2836660905117298,
        "six_way_balanced_accuracy": 0.46665629193158775,
        "six_way_confusion_matrix": [
          [
            15,
            4,
            2,
            1,
            27,
            40
          ],
          [
            18,
            4,
            2,
            0,
            26,
            170
          ],
          [
            0,
            0,
            40,
            6,
            0,
            1
          ],
          [
            14,
            1,
            147,
            107,
            12,
            7
          ],
          [
            0,
            2,
            0,
            0,
            4,
            2
          ],
          [
            6,
            0,
            0,
            0,
            8,
            114
          ]
        ],
        "six_way_labels": [
          "visual",
          "language-prior",
          "alignment",
          "mixed",
          "unclear",
          "no-failure"
        ],
        "signature_mse": 0.10096275122405719
      },
      "prediction_sets": {
        "coverage": 0.9692307692307692,
        "average_set_size": 4.441025641025641,
        "singleton_rate": 0.04230769230769231,
        "empty_set_rate": 0.0
      },
      "action_counts": {
        "grounding": 770,
        "stop": 780,
        "relation": 10
      }
    },
    "relation_first|1|0.95": {
      "row_count": 780,
      "mean_acquisition_cost": 1.0,
      "diagnostic": {
        "record_count": 780,
        "source_bit_micro_f1": 0.7141491395793499,
        "source_bit_macro_f1": 0.7379386718600832,
        "source_bit_hamming_loss": 0.25555555555555554,
        "source_bit_auroc": {
          "visual": 0.8624400963753343,
          "language": 0.5752702628168005,
          "alignment": 0.9974007887261797
        },
        "six_way_macro_f1": 0.2836660905117298,
        "six_way_balanced_accuracy": 0.46665629193158775,
        "six_way_confusion_matrix": [
          [
            15,
            4,
            2,
            1,
            27,
            40
          ],
          [
            18,
            4,
            2,
            0,
            26,
            170
          ],
          [
            0,
            0,
            40,
            6,
            0,
            1
          ],
          [
            14,
            1,
            147,
            107,
            12,
            7
          ],
          [
            0,
            2,
            0,
            0,
            4,
            2
          ],
          [
            6,
            0,
            0,
            0,
            8,
            114
          ]
        ],
        "six_way_labels": [
          "visual",
          "language-prior",
          "alignment",
          "mixed",
          "unclear",
          "no-failure"
        ],
        "signature_mse": 0.10096275122405719
      },
      "prediction_sets": {
        "coverage": 0.9705128205128205,
        "average_set_size": 4.507692307692308,
        "singleton_rate": 0.021794871794871794,
        "empty_set_rate": 0.0
      },
      "action_counts": {
        "grounding": 770,
        "stop": 780,
        "relation": 10
      }
    },
    "relation_first|2|0.9": {
      "row_count": 780,
      "mean_acquisition_cost": 2.0,
      "diagnostic": {
        "record_count": 780,
        "source_bit_micro_f1": 0.8864981172673481,
        "source_bit_macro_f1": 0.8909802313851317,
        "source_bit_hamming_loss": 0.09017094017094017,
        "source_bit_auroc": {
          "visual": 0.883204479864439,
          "language": 0.9998621108077549,
          "alignment": 0.9976283058933841
        },
        "six_way_macro_f1": 0.511469055960991,
        "six_way_balanced_accuracy": 0.6382373759006109,
        "six_way_confusion_matrix": [
          [
            13,
            0,
            1,
            1,
            30,
            44
          ],
          [
            0,
            217,
            1,
            0,
            1,
            1
          ],
          [
            0,
            0,
            41,
            5,
            0,
            1
          ],
          [
            3,
            32,
            127,
            125,
            0,
            1
          ],
          [
            1,
            0,
            0,
            0,
            4,
            3
          ],
          [
            5,
            0,
            0,
            0,
            9,
            114
          ]
        ],
        "six_way_labels": [
          "visual",
          "language-prior",
          "alignment",
          "mixed",
          "unclear",
          "no-failure"
        ],
        "signature_mse": 0.006566374259529661
      },
      "prediction_sets": {
        "coverage": 0.9923076923076923,
        "average_set_size": 4.196153846153846,
        "singleton_rate": 0.007692307692307693,
        "empty_set_rate": 0.00641025641025641
      },
      "action_counts": {
        "grounding": 780,
        "blank": 770,
        "stop": 780,
        "relation": 10
      }
    },
    "relation_first|2|0.95": {
      "row_count": 780,
      "mean_acquisition_cost": 2.0,
      "diagnostic": {
        "record_count": 780,
        "source_bit_micro_f1": 0.8864981172673481,
        "source_bit_macro_f1": 0.8909802313851317,
        "source_bit_hamming_loss": 0.09017094017094017,
        "source_bit_auroc": {
          "visual": 0.883204479864439,
          "language": 0.9998621108077549,
          "alignment": 0.9976283058933841
        },
        "six_way_macro_f1": 0.511469055960991,
        "six_way_balanced_accuracy": 0.6382373759006109,
        "six_way_confusion_matrix": [
          [
            13,
            0,
            1,
            1,
            30,
            44
          ],
          [
            0,
            217,
            1,
            0,
            1,
            1
          ],
          [
            0,
            0,
            41,
            5,
            0,
            1
          ],
          [
            3,
            32,
            127,
            125,
            0,
            1
          ],
          [
            1,
            0,
            0,
            0,
            4,
            3
          ],
          [
            5,
            0,
            0,
            0,
            9,
            114
          ]
        ],
        "six_way_labels": [
          "visual",
          "language-prior",
          "alignment",
          "mixed",
          "unclear",
          "no-failure"
        ],
        "signature_mse": 0.006566374259529661
      },
      "prediction_sets": {
        "coverage": 1.0,
        "average_set_size": 4.558974358974359,
        "singleton_rate": 0.005128205128205128,
        "empty_set_rate": 0.0
      },
      "action_counts": {
        "grounding": 780,
        "blank": 770,
        "stop": 780,
        "relation": 10
      }
    },
    "relation_first|3|0.9": {
      "row_count": 780,
      "mean_acquisition_cost": 3.0,
      "diagnostic": {
        "record_count": 780,
        "source_bit_micro_f1": 0.9301075268817204,
        "source_bit_macro_f1": 0.9318677041492576,
        "source_bit_hamming_loss": 0.05555555555555555,
        "source_bit_auroc": {
          "visual": 0.958822049829225,
          "language": 0.999944844323102,
          "alignment": 0.9978006673836906
        },
        "six_way_macro_f1": 0.7146610348131607,
        "six_way_balanced_accuracy": 0.8197187265816988,
        "six_way_confusion_matrix": [
          [
            59,
            0,
            2,
            1,
            13,
            14
          ],
          [
            0,
            219,
            0,
            1,
            0,
            0
          ],
          [
            0,
            0,
            42,
            3,
            1,
            1
          ],
          [
            16,
            17,
            44,
            209,
            2,
            0
          ],
          [
            0,
            0,
            0,
            0,
            6,
            2
          ],
          [
            0,
            0,
            0,
            0,
            14,
            114
          ]
        ],
        "six_way_labels": [
          "visual",
          "language-prior",
          "alignment",
          "mixed",
          "unclear",
          "no-failure"
        ],
        "signature_mse": 0.007867930928596226
      },
      "prediction_sets": {
        "coverage": 0.9833333333333333,
        "average_set_size": 4.098717948717948,
        "singleton_rate": 0.010256410256410256,
        "empty_set_rate": 0.016666666666666666
      },
      "action_counts": {
        "grounding": 780,
        "blank": 780,
        "blur": 770,
        "stop": 780,
        "relation": 10
      }
    },
    "relation_first|3|0.95": {
      "row_count": 780,
      "mean_acquisition_cost": 3.0,
      "diagnostic": {
        "record_count": 780,
        "source_bit_micro_f1": 0.9301075268817204,
        "source_bit_macro_f1": 0.9318677041492576,
        "source_bit_hamming_loss": 0.05555555555555555,
        "source_bit_auroc": {
          "visual": 0.958822049829225,
          "language": 0.999944844323102,
          "alignment": 0.9978006673836906
        },
        "six_way_macro_f1": 0.7146610348131607,
        "six_way_balanced_accuracy": 0.8197187265816988,
        "six_way_confusion_matrix": [
          [
            59,
            0,
            2,
            1,
            13,
            14
          ],
          [
            0,
            219,
            0,
            1,
            0,
            0
          ],
          [
            0,
            0,
            42,
            3,
            1,
            1
          ],
          [
            16,
            17,
            44,
            209,
            2,
            0
          ],
          [
            0,
            0,
            0,
            0,
            6,
            2
          ],
          [
            0,
            0,
            0,
            0,
            14,
            114
          ]
        ],
        "six_way_labels": [
          "visual",
          "language-prior",
          "alignment",
          "mixed",
          "unclear",
          "no-failure"
        ],
        "signature_mse": 0.007867930928596226
      },
      "prediction_sets": {
        "coverage": 0.9935897435897436,
        "average_set_size": 4.21025641025641,
        "singleton_rate": 0.016666666666666666,
        "empty_set_rate": 0.00641025641025641
      },
      "action_counts": {
        "grounding": 780,
        "blank": 780,
        "blur": 770,
        "stop": 780,
        "relation": 10
      }
    },
    "relation_first|4|0.9": {
      "row_count": 780,
      "mean_acquisition_cost": 4.0,
      "diagnostic": {
        "record_count": 780,
        "source_bit_micro_f1": 0.960167714884696,
        "source_bit_macro_f1": 0.9611321665792688,
        "source_bit_hamming_loss": 0.03247863247863248,
        "source_bit_auroc": {
          "visual": 0.9843323889962667,
          "language": 0.999944844323102,
          "alignment": 0.997655883731833
        },
        "six_way_macro_f1": 0.7908532660692226,
        "six_way_balanced_accuracy": 0.856792425459874,
        "six_way_confusion_matrix": [
          [
            81,
            0,
            1,
            1,
            4,
            2
          ],
          [
            0,
            219,
            0,
            1,
            0,
            0
          ],
          [
            0,
            0,
            41,
            4,
            1,
            1
          ],
          [
            13,
            10,
            21,
            244,
            0,
            0
          ],
          [
            0,
            0,
            0,
            0,
            5,
            3
          ],
          [
            0,
            0,
            0,
            0,
            14,
            114
          ]
        ],
        "six_way_labels": [
          "visual",
          "language-prior",
          "alignment",
          "mixed",
          "unclear",
          "no-failure"
        ],
        "signature_mse": 0.008793878840419645
      },
      "prediction_sets": {
        "coverage": 0.9833333333333333,
        "average_set_size": 3.928205128205128,
        "singleton_rate": 0.019230769230769232,
        "empty_set_rate": 0.015384615384615385
      },
      "action_counts": {
        "grounding": 780,
        "blank": 780,
        "blur": 780,
        "crop": 770,
        "stop": 780,
        "relation": 10
      }
    },
    "relation_first|4|0.95": {
      "row_count": 780,
      "mean_acquisition_cost": 4.0,
      "diagnostic": {
        "record_count": 780,
        "source_bit_micro_f1": 0.960167714884696,
        "source_bit_macro_f1": 0.9611321665792688,
        "source_bit_hamming_loss": 0.03247863247863248,
        "source_bit_auroc": {
          "visual": 0.9843323889962667,
          "language": 0.999944844323102,
          "alignment": 0.997655883731833
        },
        "six_way_macro_f1": 0.7908532660692226,
        "six_way_balanced_accuracy": 0.856792425459874,
        "six_way_confusion_matrix": [
          [
            81,
            0,
            1,
            1,
            4,
            2
          ],
          [
            0,
            219,
            0,
            1,
            0,
            0
          ],
          [
            0,
            0,
            41,
            4,
            1,
            1
          ],
          [
            13,
            10,
            21,
            244,
            0,
            0
          ],
          [
            0,
            0,
            0,
            0,
            5,
            3
          ],
          [
            0,
            0,
            0,
            0,
            14,
            114
          ]
        ],
        "six_way_labels": [
          "visual",
          "language-prior",
          "alignment",
          "mixed",
          "unclear",
          "no-failure"
        ],
        "signature_mse": 0.008793878840419645
      },
      "prediction_sets": {
        "coverage": 0.9884615384615385,
        "average_set_size": 4.0,
        "singleton_rate": 0.020512820512820513,
        "empty_set_rate": 0.010256410256410256
      },
      "action_counts": {
        "grounding": 780,
        "blank": 780,
        "blur": 780,
        "crop": 770,
        "stop": 780,
        "relation": 10
      }
    },
    "relation_first|7|0.9": {
      "row_count": 780,
      "mean_acquisition_cost": 6.012820512820513,
      "diagnostic": {
        "record_count": 780,
        "source_bit_micro_f1": 0.9783950617283951,
        "source_bit_macro_f1": 0.9777700272616024,
        "source_bit_hamming_loss": 0.017948717948717947,
        "source_bit_auroc": {
          "visual": 0.9992785088299929,
          "language": 0.9999517387827143,
          "alignment": 0.9965045089765864
        },
        "six_way_macro_f1": 0.8371790152044111,
        "six_way_balanced_accuracy": 0.8983476539641373,
        "six_way_confusion_matrix": [
          [
            86,
            0,
            1,
            2,
            0,
            0
          ],
          [
            0,
            219,
            0,
            1,
            0,
            0
          ],
          [
            0,
            0,
            42,
            3,
            1,
            1
          ],
          [
            14,
            5,
            7,
            262,
            0,
            0
          ],
          [
            0,
            0,
            0,
            0,
            6,
            2
          ],
          [
            0,
            0,
            2,
            0,
            14,
            112
          ]
        ],
        "six_way_labels": [
          "visual",
          "language-prior",
          "alignment",
          "mixed",
          "unclear",
          "no-failure"
        ],
        "signature_mse": 0.010597101543885113
      },
      "prediction_sets": {
        "coverage": 0.985897435897436,
        "average_set_size": 3.8897435897435897,
        "singleton_rate": 0.04871794871794872,
        "empty_set_rate": 0.01282051282051282
      },
      "action_counts": {
        "grounding": 780,
        "blank": 780,
        "blur": 780,
        "crop": 780,
        "brightness": 780,
        "noise": 780,
        "stop": 780,
        "relation": 10
      }
    },
    "relation_first|7|0.95": {
      "row_count": 780,
      "mean_acquisition_cost": 6.012820512820513,
      "diagnostic": {
        "record_count": 780,
        "source_bit_micro_f1": 0.9783950617283951,
        "source_bit_macro_f1": 0.9777700272616024,
        "source_bit_hamming_loss": 0.017948717948717947,
        "source_bit_auroc": {
          "visual": 0.9992785088299929,
          "language": 0.9999517387827143,
          "alignment": 0.9965045089765864
        },
        "six_way_macro_f1": 0.8371790152044111,
        "six_way_balanced_accuracy": 0.8983476539641373,
        "six_way_confusion_matrix": [
          [
            86,
            0,
            1,
            2,
            0,
            0
          ],
          [
            0,
            219,
            0,
            1,
            0,
            0
          ],
          [
            0,
            0,
            42,
            3,
            1,
            1
          ],
          [
            14,
            5,
            7,
            262,
            0,
            0
          ],
          [
            0,
            0,
            0,
            0,
            6,
            2
          ],
          [
            0,
            0,
            2,
            0,
            14,
            112
          ]
        ],
        "six_way_labels": [
          "visual",
          "language-prior",
          "alignment",
          "mixed",
          "unclear",
          "no-failure"
        ],
        "signature_mse": 0.010597101543885113
      },
      "prediction_sets": {
        "coverage": 0.9948717948717949,
        "average_set_size": 3.9602564102564104,
        "singleton_rate": 0.04358974358974359,
        "empty_set_rate": 0.0038461538461538464
      },
      "action_counts": {
        "grounding": 780,
        "blank": 780,
        "blur": 780,
        "crop": 780,
        "brightness": 780,
        "noise": 780,
        "stop": 780,
        "relation": 10
      }
    },
    "scalar_confidence|1|0.9": {
      "row_count": 780,
      "mean_acquisition_cost": 0.0,
      "diagnostic": {
        "record_count": 780,
        "source_bit_micro_f1": 0.6849451645064806,
        "source_bit_macro_f1": 0.6963910101221736,
        "source_bit_hamming_loss": 0.27008547008547007,
        "source_bit_auroc": {
          "visual": 0.8555098096322381,
          "language": 0.6257342599487052,
          "alignment": 0.9295213866137172
        },
        "six_way_macro_f1": 0.2413216691556669,
        "six_way_balanced_accuracy": 0.3010734184622542,
        "six_way_confusion_matrix": [
          [
            3,
            59,
            8,
            10,
            9,
            0
          ],
          [
            2,
            191,
            4,
            5,
            18,
            0
          ],
          [
            0,
            9,
            4,
            17,
            17,
            0
          ],
          [
            5,
            37,
            42,
            164,
            40,
            0
          ],
          [
            0,
            5,
            1,
            0,
            2,
            0
          ],
          [
            1,
            119,
            1,
            1,
            6,
            0
          ]
        ],
        "six_way_labels": [
          "visual",
          "language-prior",
          "alignment",
          "mixed",
          "unclear",
          "no-failure"
        ],
        "signature_mse": 0.09729971167519963
      },
      "prediction_sets": {
        "coverage": 0.8153846153846154,
        "average_set_size": 3.4782051282051283,
        "singleton_rate": 0.09871794871794871,
        "empty_set_rate": 0.017948717948717947
      },
      "action_counts": {
        "stop": 780
      }
    },
    "scalar_confidence|1|0.95": {
      "row_count": 780,
      "mean_acquisition_cost": 0.0,
      "diagnostic": {
        "record_count": 780,
        "source_bit_micro_f1": 0.6849451645064806,
        "source_bit_macro_f1": 0.6963910101221736,
        "source_bit_hamming_loss": 0.27008547008547007,
        "source_bit_auroc": {
          "visual": 0.8555098096322381,
          "language": 0.6257342599487052,
          "alignment": 0.9295213866137172
        },
        "six_way_macro_f1": 0.2413216691556669,
        "six_way_balanced_accuracy": 0.3010734184622542,
        "six_way_confusion_matrix": [
          [
            3,
            59,
            8,
            10,
            9,
            0
          ],
          [
            2,
            191,
            4,
            5,
            18,
            0
          ],
          [
            0,
            9,
            4,
            17,
            17,
            0
          ],
          [
            5,
            37,
            42,
            164,
            40,
            0
          ],
          [
            0,
            5,
            1,
            0,
            2,
            0
          ],
          [
            1,
            119,
            1,
            1,
            6,
            0
          ]
        ],
        "six_way_labels": [
          "visual",
          "language-prior",
          "alignment",
          "mixed",
          "unclear",
          "no-failure"
        ],
        "signature_mse": 0.09729971167519963
      },
      "prediction_sets": {
        "coverage": 0.9064102564102564,
        "average_set_size": 5.1923076923076925,
        "singleton_rate": 0.0,
        "empty_set_rate": 0.0
      },
      "action_counts": {
        "stop": 780
      }
    },
    "scalar_confidence|2|0.9": {
      "row_count": 780,
      "mean_acquisition_cost": 0.0,
      "diagnostic": {
        "record_count": 780,
        "source_bit_micro_f1": 0.6849451645064806,
        "source_bit_macro_f1": 0.6963910101221736,
        "source_bit_hamming_loss": 0.27008547008547007,
        "source_bit_auroc": {
          "visual": 0.8555098096322381,
          "language": 0.6257342599487052,
          "alignment": 0.9295213866137172
        },
        "six_way_macro_f1": 0.2413216691556669,
        "six_way_balanced_accuracy": 0.3010734184622542,
        "six_way_confusion_matrix": [
          [
            3,
            59,
            8,
            10,
            9,
            0
          ],
          [
            2,
            191,
            4,
            5,
            18,
            0
          ],
          [
            0,
            9,
            4,
            17,
            17,
            0
          ],
          [
            5,
            37,
            42,
            164,
            40,
            0
          ],
          [
            0,
            5,
            1,
            0,
            2,
            0
          ],
          [
            1,
            119,
            1,
            1,
            6,
            0
          ]
        ],
        "six_way_labels": [
          "visual",
          "language-prior",
          "alignment",
          "mixed",
          "unclear",
          "no-failure"
        ],
        "signature_mse": 0.09729971167519963
      },
      "prediction_sets": {
        "coverage": 0.8153846153846154,
        "average_set_size": 3.4782051282051283,
        "singleton_rate": 0.09871794871794871,
        "empty_set_rate": 0.017948717948717947
      },
      "action_counts": {
        "stop": 780
      }
    },
    "scalar_confidence|2|0.95": {
      "row_count": 780,
      "mean_acquisition_cost": 0.0,
      "diagnostic": {
        "record_count": 780,
        "source_bit_micro_f1": 0.6849451645064806,
        "source_bit_macro_f1": 0.6963910101221736,
        "source_bit_hamming_loss": 0.27008547008547007,
        "source_bit_auroc": {
          "visual": 0.8555098096322381,
          "language": 0.6257342599487052,
          "alignment": 0.9295213866137172
        },
        "six_way_macro_f1": 0.2413216691556669,
        "six_way_balanced_accuracy": 0.3010734184622542,
        "six_way_confusion_matrix": [
          [
            3,
            59,
            8,
            10,
            9,
            0
          ],
          [
            2,
            191,
            4,
            5,
            18,
            0
          ],
          [
            0,
            9,
            4,
            17,
            17,
            0
          ],
          [
            5,
            37,
            42,
            164,
            40,
            0
          ],
          [
            0,
            5,
            1,
            0,
            2,
            0
          ],
          [
            1,
            119,
            1,
            1,
            6,
            0
          ]
        ],
        "six_way_labels": [
          "visual",
          "language-prior",
          "alignment",
          "mixed",
          "unclear",
          "no-failure"
        ],
        "signature_mse": 0.09729971167519963
      },
      "prediction_sets": {
        "coverage": 0.9064102564102564,
        "average_set_size": 5.1923076923076925,
        "singleton_rate": 0.0,
        "empty_set_rate": 0.0
      },
      "action_counts": {
        "stop": 780
      }
    },
    "scalar_confidence|3|0.9": {
      "row_count": 780,
      "mean_acquisition_cost": 0.0,
      "diagnostic": {
        "record_count": 780,
        "source_bit_micro_f1": 0.6849451645064806,
        "source_bit_macro_f1": 0.6963910101221736,
        "source_bit_hamming_loss": 0.27008547008547007,
        "source_bit_auroc": {
          "visual": 0.8555098096322381,
          "language": 0.6257342599487052,
          "alignment": 0.9295213866137172
        },
        "six_way_macro_f1": 0.2413216691556669,
        "six_way_balanced_accuracy": 0.3010734184622542,
        "six_way_confusion_matrix": [
          [
            3,
            59,
            8,
            10,
            9,
            0
          ],
          [
            2,
            191,
            4,
            5,
            18,
            0
          ],
          [
            0,
            9,
            4,
            17,
            17,
            0
          ],
          [
            5,
            37,
            42,
            164,
            40,
            0
          ],
          [
            0,
            5,
            1,
            0,
            2,
            0
          ],
          [
            1,
            119,
            1,
            1,
            6,
            0
          ]
        ],
        "six_way_labels": [
          "visual",
          "language-prior",
          "alignment",
          "mixed",
          "unclear",
          "no-failure"
        ],
        "signature_mse": 0.09729971167519963
      },
      "prediction_sets": {
        "coverage": 0.8153846153846154,
        "average_set_size": 3.4782051282051283,
        "singleton_rate": 0.09871794871794871,
        "empty_set_rate": 0.017948717948717947
      },
      "action_counts": {
        "stop": 780
      }
    },
    "scalar_confidence|3|0.95": {
      "row_count": 780,
      "mean_acquisition_cost": 0.0,
      "diagnostic": {
        "record_count": 780,
        "source_bit_micro_f1": 0.6849451645064806,
        "source_bit_macro_f1": 0.6963910101221736,
        "source_bit_hamming_loss": 0.27008547008547007,
        "source_bit_auroc": {
          "visual": 0.8555098096322381,
          "language": 0.6257342599487052,
          "alignment": 0.9295213866137172
        },
        "six_way_macro_f1": 0.2413216691556669,
        "six_way_balanced_accuracy": 0.3010734184622542,
        "six_way_confusion_matrix": [
          [
            3,
            59,
            8,
            10,
            9,
            0
          ],
          [
            2,
            191,
            4,
            5,
            18,
            0
          ],
          [
            0,
            9,
            4,
            17,
            17,
            0
          ],
          [
            5,
            37,
            42,
            164,
            40,
            0
          ],
          [
            0,
            5,
            1,
            0,
            2,
            0
          ],
          [
            1,
            119,
            1,
            1,
            6,
            0
          ]
        ],
        "six_way_labels": [
          "visual",
          "language-prior",
          "alignment",
          "mixed",
          "unclear",
          "no-failure"
        ],
        "signature_mse": 0.09729971167519963
      },
      "prediction_sets": {
        "coverage": 0.9064102564102564,
        "average_set_size": 5.1923076923076925,
        "singleton_rate": 0.0,
        "empty_set_rate": 0.0
      },
      "action_counts": {
        "stop": 780
      }
    },
    "scalar_confidence|4|0.9": {
      "row_count": 780,
      "mean_acquisition_cost": 0.0,
      "diagnostic": {
        "record_count": 780,
        "source_bit_micro_f1": 0.6849451645064806,
        "source_bit_macro_f1": 0.6963910101221736,
        "source_bit_hamming_loss": 0.27008547008547007,
        "source_bit_auroc": {
          "visual": 0.8555098096322381,
          "language": 0.6257342599487052,
          "alignment": 0.9295213866137172
        },
        "six_way_macro_f1": 0.2413216691556669,
        "six_way_balanced_accuracy": 0.3010734184622542,
        "six_way_confusion_matrix": [
          [
            3,
            59,
            8,
            10,
            9,
            0
          ],
          [
            2,
            191,
            4,
            5,
            18,
            0
          ],
          [
            0,
            9,
            4,
            17,
            17,
            0
          ],
          [
            5,
            37,
            42,
            164,
            40,
            0
          ],
          [
            0,
            5,
            1,
            0,
            2,
            0
          ],
          [
            1,
            119,
            1,
            1,
            6,
            0
          ]
        ],
        "six_way_labels": [
          "visual",
          "language-prior",
          "alignment",
          "mixed",
          "unclear",
          "no-failure"
        ],
        "signature_mse": 0.09729971167519963
      },
      "prediction_sets": {
        "coverage": 0.8153846153846154,
        "average_set_size": 3.4782051282051283,
        "singleton_rate": 0.09871794871794871,
        "empty_set_rate": 0.017948717948717947
      },
      "action_counts": {
        "stop": 780
      }
    },
    "scalar_confidence|4|0.95": {
      "row_count": 780,
      "mean_acquisition_cost": 0.0,
      "diagnostic": {
        "record_count": 780,
        "source_bit_micro_f1": 0.6849451645064806,
        "source_bit_macro_f1": 0.6963910101221736,
        "source_bit_hamming_loss": 0.27008547008547007,
        "source_bit_auroc": {
          "visual": 0.8555098096322381,
          "language": 0.6257342599487052,
          "alignment": 0.9295213866137172
        },
        "six_way_macro_f1": 0.2413216691556669,
        "six_way_balanced_accuracy": 0.3010734184622542,
        "six_way_confusion_matrix": [
          [
            3,
            59,
            8,
            10,
            9,
            0
          ],
          [
            2,
            191,
            4,
            5,
            18,
            0
          ],
          [
            0,
            9,
            4,
            17,
            17,
            0
          ],
          [
            5,
            37,
            42,
            164,
            40,
            0
          ],
          [
            0,
            5,
            1,
            0,
            2,
            0
          ],
          [
            1,
            119,
            1,
            1,
            6,
            0
          ]
        ],
        "six_way_labels": [
          "visual",
          "language-prior",
          "alignment",
          "mixed",
          "unclear",
          "no-failure"
        ],
        "signature_mse": 0.09729971167519963
      },
      "prediction_sets": {
        "coverage": 0.9064102564102564,
        "average_set_size": 5.1923076923076925,
        "singleton_rate": 0.0,
        "empty_set_rate": 0.0
      },
      "action_counts": {
        "stop": 780
      }
    },
    "scalar_confidence|7|0.9": {
      "row_count": 780,
      "mean_acquisition_cost": 0.0,
      "diagnostic": {
        "record_count": 780,
        "source_bit_micro_f1": 0.6849451645064806,
        "source_bit_macro_f1": 0.6963910101221736,
        "source_bit_hamming_loss": 0.27008547008547007,
        "source_bit_auroc": {
          "visual": 0.8555098096322381,
          "language": 0.6257342599487052,
          "alignment": 0.9295213866137172
        },
        "six_way_macro_f1": 0.2413216691556669,
        "six_way_balanced_accuracy": 0.3010734184622542,
        "six_way_confusion_matrix": [
          [
            3,
            59,
            8,
            10,
            9,
            0
          ],
          [
            2,
            191,
            4,
            5,
            18,
            0
          ],
          [
            0,
            9,
            4,
            17,
            17,
            0
          ],
          [
            5,
            37,
            42,
            164,
            40,
            0
          ],
          [
            0,
            5,
            1,
            0,
            2,
            0
          ],
          [
            1,
            119,
            1,
            1,
            6,
            0
          ]
        ],
        "six_way_labels": [
          "visual",
          "language-prior",
          "alignment",
          "mixed",
          "unclear",
          "no-failure"
        ],
        "signature_mse": 0.09729971167519963
      },
      "prediction_sets": {
        "coverage": 0.8153846153846154,
        "average_set_size": 3.4782051282051283,
        "singleton_rate": 0.09871794871794871,
        "empty_set_rate": 0.017948717948717947
      },
      "action_counts": {
        "stop": 780
      }
    },
    "scalar_confidence|7|0.95": {
      "row_count": 780,
      "mean_acquisition_cost": 0.0,
      "diagnostic": {
        "record_count": 780,
        "source_bit_micro_f1": 0.6849451645064806,
        "source_bit_macro_f1": 0.6963910101221736,
        "source_bit_hamming_loss": 0.27008547008547007,
        "source_bit_auroc": {
          "visual": 0.8555098096322381,
          "language": 0.6257342599487052,
          "alignment": 0.9295213866137172
        },
        "six_way_macro_f1": 0.2413216691556669,
        "six_way_balanced_accuracy": 0.3010734184622542,
        "six_way_confusion_matrix": [
          [
            3,
            59,
            8,
            10,
            9,
            0
          ],
          [
            2,
            191,
            4,
            5,
            18,
            0
          ],
          [
            0,
            9,
            4,
            17,
            17,
            0
          ],
          [
            5,
            37,
            42,
            164,
            40,
            0
          ],
          [
            0,
            5,
            1,
            0,
            2,
            0
          ],
          [
            1,
            119,
            1,
            1,
            6,
            0
          ]
        ],
        "six_way_labels": [
          "visual",
          "language-prior",
          "alignment",
          "mixed",
          "unclear",
          "no-failure"
        ],
        "signature_mse": 0.09729971167519963
      },
      "prediction_sets": {
        "coverage": 0.9064102564102564,
        "average_set_size": 5.1923076923076925,
        "singleton_rate": 0.0,
        "empty_set_rate": 0.0
      },
      "action_counts": {
        "stop": 780
      }
    },
    "visual_first|1|0.9": {
      "row_count": 780,
      "mean_acquisition_cost": 1.0,
      "diagnostic": {
        "record_count": 780,
        "source_bit_micro_f1": 0.7050592034445641,
        "source_bit_macro_f1": 0.7073436683305278,
        "source_bit_hamming_loss": 0.2341880341880342,
        "source_bit_auroc": {
          "visual": 0.9518851439010828,
          "language": 0.691438460053501,
          "alignment": 0.9280701028653374
        },
        "six_way_macro_f1": 0.314602027030249,
        "six_way_balanced_accuracy": 0.43356067825236183,
        "six_way_confusion_matrix": [
          [
            53,
            1,
            11,
            6,
            5,
            13
          ],
          [
            0,
            11,
            16,
            0,
            25,
            168
          ],
          [
            0,
            5,
            14,
            3,
            22,
            3
          ],
          [
            89,
            3,
            43,
            113,
            37,
            3
          ],
          [
            0,
            1,
            1,
            0,
            3,
            3
          ],
          [
            0,
            0,
            6,
            0,
            8,
            114
          ]
        ],
        "six_way_labels": [
          "visual",
          "language-prior",
          "alignment",
          "mixed",
          "unclear",
          "no-failure"
        ],
        "signature_mse": 0.09822103642249563
      },
      "prediction_sets": {
        "coverage": 0.9448717948717948,
        "average_set_size": 4.0807692307692305,
        "singleton_rate": 0.09358974358974359,
        "empty_set_rate": 0.001282051282051282
      },
      "action_counts": {
        "blur": 780,
        "stop": 780
      }
    },
    "visual_first|1|0.95": {
      "row_count": 780,
      "mean_acquisition_cost": 1.0,
      "diagnostic": {
        "record_count": 780,
        "source_bit_micro_f1": 0.7050592034445641,
        "source_bit_macro_f1": 0.7073436683305278,
        "source_bit_hamming_loss": 0.2341880341880342,
        "source_bit_auroc": {
          "visual": 0.9518851439010828,
          "language": 0.691438460053501,
          "alignment": 0.9280701028653374
        },
        "six_way_macro_f1": 0.314602027030249,
        "six_way_balanced_accuracy": 0.43356067825236183,
        "six_way_confusion_matrix": [
          [
            53,
            1,
            11,
            6,
            5,
            13
          ],
          [
            0,
            11,
            16,
            0,
            25,
            168
          ],
          [
            0,
            5,
            14,
            3,
            22,
            3
          ],
          [
            89,
            3,
            43,
            113,
            37,
            3
          ],
          [
            0,
            1,
            1,
            0,
            3,
            3
          ],
          [
            0,
            0,
            6,
            0,
            8,
            114
          ]
        ],
        "six_way_labels": [
          "visual",
          "language-prior",
          "alignment",
          "mixed",
          "unclear",
          "no-failure"
        ],
        "signature_mse": 0.09822103642249563
      },
      "prediction_sets": {
        "coverage": 0.9538461538461539,
        "average_set_size": 4.182051282051282,
        "singleton_rate": 0.057692307692307696,
        "empty_set_rate": 0.001282051282051282
      },
      "action_counts": {
        "blur": 780,
        "stop": 780
      }
    },
    "visual_first|2|0.9": {
      "row_count": 780,
      "mean_acquisition_cost": 2.0,
      "diagnostic": {
        "record_count": 780,
        "source_bit_micro_f1": 0.751578947368421,
        "source_bit_macro_f1": 0.7470342374313703,
        "source_bit_hamming_loss": 0.20170940170940171,
        "source_bit_auroc": {
          "visual": 0.9850737377214116,
          "language": 0.7135214141915557,
          "alignment": 0.9308140977910151
        },
        "six_way_macro_f1": 0.3671752031420515,
        "six_way_balanced_accuracy": 0.4953829963814574,
        "six_way_confusion_matrix": [
          [
            73,
            0,
            5,
            10,
            0,
            1
          ],
          [
            0,
            17,
            17,
            0,
            21,
            165
          ],
          [
            0,
            5,
            16,
            3,
            20,
            3
          ],
          [
            106,
            2,
            23,
            135,
            19,
            3
          ],
          [
            0,
            0,
            1,
            0,
            3,
            4
          ],
          [
            0,
            0,
            6,
            0,
            8,
            114
          ]
        ],
        "six_way_labels": [
          "visual",
          "language-prior",
          "alignment",
          "mixed",
          "unclear",
          "no-failure"
        ],
        "signature_mse": 0.09587379378959107
      },
      "prediction_sets": {
        "coverage": 0.9782051282051282,
        "average_set_size": 4.141025641025641,
        "singleton_rate": 0.08205128205128205,
        "empty_set_rate": 0.0
      },
      "action_counts": {
        "blur": 780,
        "crop": 780,
        "stop": 780
      }
    },
    "visual_first|2|0.95": {
      "row_count": 780,
      "mean_acquisition_cost": 2.0,
      "diagnostic": {
        "record_count": 780,
        "source_bit_micro_f1": 0.751578947368421,
        "source_bit_macro_f1": 0.7470342374313703,
        "source_bit_hamming_loss": 0.20170940170940171,
        "source_bit_auroc": {
          "visual": 0.9850737377214116,
          "language": 0.7135214141915557,
          "alignment": 0.9308140977910151
        },
        "six_way_macro_f1": 0.3671752031420515,
        "six_way_balanced_accuracy": 0.4953829963814574,
        "six_way_confusion_matrix": [
          [
            73,
            0,
            5,
            10,
            0,
            1
          ],
          [
            0,
            17,
            17,
            0,
            21,
            165
          ],
          [
            0,
            5,
            16,
            3,
            20,
            3
          ],
          [
            106,
            2,
            23,
            135,
            19,
            3
          ],
          [
            0,
            0,
            1,
            0,
            3,
            4
          ],
          [
            0,
            0,
            6,
            0,
            8,
            114
          ]
        ],
        "six_way_labels": [
          "visual",
          "language-prior",
          "alignment",
          "mixed",
          "unclear",
          "no-failure"
        ],
        "signature_mse": 0.09587379378959107
      },
      "prediction_sets": {
        "coverage": 0.9807692307692307,
        "average_set_size": 4.425641025641026,
        "singleton_rate": 0.029487179487179487,
        "empty_set_rate": 0.0
      },
      "action_counts": {
        "blur": 780,
        "crop": 780,
        "stop": 780
      }
    },
    "visual_first|3|0.9": {
      "row_count": 780,
      "mean_acquisition_cost": 3.0,
      "diagnostic": {
        "record_count": 780,
        "source_bit_micro_f1": 0.7814776274713839,
        "source_bit_macro_f1": 0.7735041264999928,
        "source_bit_hamming_loss": 0.1794871794871795,
        "source_bit_auroc": {
          "visual": 0.9974913288675898,
          "language": 0.7273241223352914,
          "alignment": 0.9301039684509528
        },
        "six_way_macro_f1": 0.3900601624705448,
        "six_way_balanced_accuracy": 0.5257719116065025,
        "six_way_confusion_matrix": [
          [
            75,
            0,
            1,
            13,
            0,
            0
          ],
          [
            0,
            22,
            17,
            0,
            19,
            162
          ],
          [
            0,
            8,
            14,
            3,
            20,
            2
          ],
          [
            109,
            1,
            16,
            153,
            6,
            3
          ],
          [
            0,
            0,
            1,
            0,
            4,
            3
          ],
          [
            0,
            1,
            7,
            0,
            7,
            113
          ]
        ],
        "six_way_labels": [
          "visual",
          "language-prior",
          "alignment",
          "mixed",
          "unclear",
          "no-failure"
        ],
        "signature_mse": 0.09394090356568414
      },
      "prediction_sets": {
        "coverage": 0.9884615384615385,
        "average_set_size": 4.2474358974358974,
        "singleton_rate": 0.07435897435897436,
        "empty_set_rate": 0.0
      },
      "action_counts": {
        "blur": 780,
        "crop": 780,
        "brightness": 780,
        "stop": 780
      }
    },
    "visual_first|3|0.95": {
      "row_count": 780,
      "mean_acquisition_cost": 3.0,
      "diagnostic": {
        "record_count": 780,
        "source_bit_micro_f1": 0.7814776274713839,
        "source_bit_macro_f1": 0.7735041264999928,
        "source_bit_hamming_loss": 0.1794871794871795,
        "source_bit_auroc": {
          "visual": 0.9974913288675898,
          "language": 0.7273241223352914,
          "alignment": 0.9301039684509528
        },
        "six_way_macro_f1": 0.3900601624705448,
        "six_way_balanced_accuracy": 0.5257719116065025,
        "six_way_confusion_matrix": [
          [
            75,
            0,
            1,
            13,
            0,
            0
          ],
          [
            0,
            22,
            17,
            0,
            19,
            162
          ],
          [
            0,
            8,
            14,
            3,
            20,
            2
          ],
          [
            109,
            1,
            16,
            153,
            6,
            3
          ],
          [
            0,
            0,
            1,
            0,
            4,
            3
          ],
          [
            0,
            1,
            7,
            0,
            7,
            113
          ]
        ],
        "six_way_labels": [
          "visual",
          "language-prior",
          "alignment",
          "mixed",
          "unclear",
          "no-failure"
        ],
        "signature_mse": 0.09394090356568414
      },
      "prediction_sets": {
        "coverage": 0.9884615384615385,
        "average_set_size": 4.3820512820512825,
        "singleton_rate": 0.03076923076923077,
        "empty_set_rate": 0.0
      },
      "action_counts": {
        "blur": 780,
        "crop": 780,
        "brightness": 780,
        "stop": 780
      }
    },
    "visual_first|4|0.9": {
      "row_count": 780,
      "mean_acquisition_cost": 4.0,
      "diagnostic": {
        "record_count": 780,
        "source_bit_micro_f1": 0.7894736842105263,
        "source_bit_macro_f1": 0.7836694560031363,
        "source_bit_hamming_loss": 0.17435897435897435,
        "source_bit_auroc": {
          "visual": 0.999582991342106,
          "language": 0.7227048343950802,
          "alignment": 0.9303866412950552
        },
        "six_way_macro_f1": 0.39472834728961564,
        "six_way_balanced_accuracy": 0.5127907592137809,
        "six_way_confusion_matrix": [
          [
            75,
            0,
            1,
            13,
            0,
            0
          ],
          [
            0,
            21,
            18,
            0,
            18,
            163
          ],
          [
            0,
            11,
            15,
            3,
            16,
            2
          ],
          [
            102,
            1,
            13,
            164,
            6,
            2
          ],
          [
            0,
            0,
            2,
            0,
            3,
            3
          ],
          [
            0,
            1,
            8,
            0,
            7,
            112
          ]
        ],
        "six_way_labels": [
          "visual",
          "language-prior",
          "alignment",
          "mixed",
          "unclear",
          "no-failure"
        ],
        "signature_mse": 0.09420285039268442
      },
      "prediction_sets": {
        "coverage": 0.9884615384615385,
        "average_set_size": 4.184615384615385,
        "singleton_rate": 0.08974358974358974,
        "empty_set_rate": 0.0
      },
      "action_counts": {
        "blur": 780,
        "crop": 780,
        "brightness": 780,
        "noise": 780,
        "stop": 780
      }
    },
    "visual_first|4|0.95": {
      "row_count": 780,
      "mean_acquisition_cost": 4.0,
      "diagnostic": {
        "record_count": 780,
        "source_bit_micro_f1": 0.7894736842105263,
        "source_bit_macro_f1": 0.7836694560031363,
        "source_bit_hamming_loss": 0.17435897435897435,
        "source_bit_auroc": {
          "visual": 0.999582991342106,
          "language": 0.7227048343950802,
          "alignment": 0.9303866412950552
        },
        "six_way_macro_f1": 0.39472834728961564,
        "six_way_balanced_accuracy": 0.5127907592137809,
        "six_way_confusion_matrix": [
          [
            75,
            0,
            1,
            13,
            0,
            0
          ],
          [
            0,
            21,
            18,
            0,
            18,
            163
          ],
          [
            0,
            11,
            15,
            3,
            16,
            2
          ],
          [
            102,
            1,
            13,
            164,
            6,
            2
          ],
          [
            0,
            0,
            2,
            0,
            3,
            3
          ],
          [
            0,
            1,
            8,
            0,
            7,
            112
          ]
        ],
        "six_way_labels": [
          "visual",
          "language-prior",
          "alignment",
          "mixed",
          "unclear",
          "no-failure"
        ],
        "signature_mse": 0.09420285039268442
      },
      "prediction_sets": {
        "coverage": 0.9897435897435898,
        "average_set_size": 4.269230769230769,
        "singleton_rate": 0.06666666666666667,
        "empty_set_rate": 0.0
      },
      "action_counts": {
        "blur": 780,
        "crop": 780,
        "brightness": 780,
        "noise": 780,
        "stop": 780
      }
    },
    "visual_first|7|0.9": {
      "row_count": 780,
      "mean_acquisition_cost": 6.012820512820513,
      "diagnostic": {
        "record_count": 780,
        "source_bit_micro_f1": 0.9783950617283951,
        "source_bit_macro_f1": 0.9777700272616024,
        "source_bit_hamming_loss": 0.017948717948717947,
        "source_bit_auroc": {
          "visual": 0.9992785088299929,
          "language": 0.9999517387827143,
          "alignment": 0.9965045089765864
        },
        "six_way_macro_f1": 0.8371790152044111,
        "six_way_balanced_accuracy": 0.8983476539641373,
        "six_way_confusion_matrix": [
          [
            86,
            0,
            1,
            2,
            0,
            0
          ],
          [
            0,
            219,
            0,
            1,
            0,
            0
          ],
          [
            0,
            0,
            42,
            3,
            1,
            1
          ],
          [
            14,
            5,
            7,
            262,
            0,
            0
          ],
          [
            0,
            0,
            0,
            0,
            6,
            2
          ],
          [
            0,
            0,
            2,
            0,
            14,
            112
          ]
        ],
        "six_way_labels": [
          "visual",
          "language-prior",
          "alignment",
          "mixed",
          "unclear",
          "no-failure"
        ],
        "signature_mse": 0.010597101543885113
      },
      "prediction_sets": {
        "coverage": 0.985897435897436,
        "average_set_size": 3.8897435897435897,
        "singleton_rate": 0.04871794871794872,
        "empty_set_rate": 0.01282051282051282
      },
      "action_counts": {
        "blur": 780,
        "crop": 780,
        "brightness": 780,
        "noise": 780,
        "blank": 780,
        "grounding": 780,
        "stop": 780,
        "relation": 10
      }
    },
    "visual_first|7|0.95": {
      "row_count": 780,
      "mean_acquisition_cost": 6.012820512820513,
      "diagnostic": {
        "record_count": 780,
        "source_bit_micro_f1": 0.9783950617283951,
        "source_bit_macro_f1": 0.9777700272616024,
        "source_bit_hamming_loss": 0.017948717948717947,
        "source_bit_auroc": {
          "visual": 0.9992785088299929,
          "language": 0.9999517387827143,
          "alignment": 0.9965045089765864
        },
        "six_way_macro_f1": 0.8371790152044111,
        "six_way_balanced_accuracy": 0.8983476539641373,
        "six_way_confusion_matrix": [
          [
            86,
            0,
            1,
            2,
            0,
            0
          ],
          [
            0,
            219,
            0,
            1,
            0,
            0
          ],
          [
            0,
            0,
            42,
            3,
            1,
            1
          ],
          [
            14,
            5,
            7,
            262,
            0,
            0
          ],
          [
            0,
            0,
            0,
            0,
            6,
            2
          ],
          [
            0,
            0,
            2,
            0,
            14,
            112
          ]
        ],
        "six_way_labels": [
          "visual",
          "language-prior",
          "alignment",
          "mixed",
          "unclear",
          "no-failure"
        ],
        "signature_mse": 0.010597101543885113
      },
      "prediction_sets": {
        "coverage": 0.9948717948717949,
        "average_set_size": 3.9602564102564104,
        "singleton_rate": 0.04358974358974359,
        "empty_set_rate": 0.0038461538461538464
      },
      "action_counts": {
        "blur": 780,
        "crop": 780,
        "brightness": 780,
        "noise": 780,
        "blank": 780,
        "grounding": 780,
        "stop": 780,
        "relation": 10
      }
    }
  },
  "rows": [
    {
      "heldout_model_id": "Qwen/Qwen3-VL-8B-Instruct",
      "condition": "blank_first",
      "maximum_budget": 1,
      "target_coverage": 0.9,
      "row_count": 780,
      "mean_acquisition_cost": 1.0,
      "source_bit_macro_f1": 0.8043224031690969,
      "six_way_macro_f1": 0.3995341909181626,
      "empirical_coverage": 0.9717948717948718,
      "average_set_size": 3.6
    },
    {
      "heldout_model_id": "Qwen/Qwen3-VL-8B-Instruct",
      "condition": "blank_first",
      "maximum_budget": 1,
      "target_coverage": 0.95,
      "row_count": 780,
      "mean_acquisition_cost": 1.0,
      "source_bit_macro_f1": 0.8043224031690969,
      "six_way_macro_f1": 0.3995341909181626,
      "empirical_coverage": 0.9782051282051282,
      "average_set_size": 3.6717948717948716
    },
    {
      "heldout_model_id": "Qwen/Qwen3-VL-8B-Instruct",
      "condition": "blank_first",
      "maximum_budget": 2,
      "target_coverage": 0.9,
      "row_count": 780,
      "mean_acquisition_cost": 2.0,
      "source_bit_macro_f1": 0.8900131172324862,
      "six_way_macro_f1": 0.5105967909018579,
      "empirical_coverage": 0.9923076923076923,
      "average_set_size": 4.187179487179487
    },
    {
      "heldout_model_id": "Qwen/Qwen3-VL-8B-Instruct",
      "condition": "blank_first",
      "maximum_budget": 2,
      "target_coverage": 0.95,
      "row_count": 780,
      "mean_acquisition_cost": 2.0,
      "source_bit_macro_f1": 0.8900131172324862,
      "six_way_macro_f1": 0.5105967909018579,
      "empirical_coverage": 1.0,
      "average_set_size": 4.552564102564102
    },
    {
      "heldout_model_id": "Qwen/Qwen3-VL-8B-Instruct",
      "condition": "blank_first",
      "maximum_budget": 3,
      "target_coverage": 0.9,
      "row_count": 780,
      "mean_acquisition_cost": 3.0,
      "source_bit_macro_f1": 0.9300394278320545,
      "six_way_macro_f1": 0.7123611872055392,
      "empirical_coverage": 0.9833333333333333,
      "average_set_size": 4.098717948717948
    },
    {
      "heldout_model_id": "Qwen/Qwen3-VL-8B-Instruct",
      "condition": "blank_first",
      "maximum_budget": 3,
      "target_coverage": 0.95,
      "row_count": 780,
      "mean_acquisition_cost": 3.0,
      "source_bit_macro_f1": 0.9300394278320545,
      "six_way_macro_f1": 0.7123611872055392,
      "empirical_coverage": 0.9935897435897436,
      "average_set_size": 4.208974358974359
    },
    {
      "heldout_model_id": "Qwen/Qwen3-VL-8B-Instruct",
      "condition": "blank_first",
      "maximum_budget": 4,
      "target_coverage": 0.9,
      "row_count": 780,
      "mean_acquisition_cost": 4.0,
      "source_bit_macro_f1": 0.9603827918781439,
      "six_way_macro_f1": 0.7903436106224389,
      "empirical_coverage": 0.9833333333333333,
      "average_set_size": 3.9256410256410255
    },
    {
      "heldout_model_id": "Qwen/Qwen3-VL-8B-Instruct",
      "condition": "blank_first",
      "maximum_budget": 4,
      "target_coverage": 0.95,
      "row_count": 780,
      "mean_acquisition_cost": 4.0,
      "source_bit_macro_f1": 0.9603827918781439,
      "six_way_macro_f1": 0.7903436106224389,
      "empirical_coverage": 0.9884615384615385,
      "average_set_size": 3.9974358974358974
    },
    {
      "heldout_model_id": "Qwen/Qwen3-VL-8B-Instruct",
      "condition": "blank_first",
      "maximum_budget": 7,
      "target_coverage": 0.9,
      "row_count": 780,
      "mean_acquisition_cost": 6.012820512820513,
      "source_bit_macro_f1": 0.9777700272616024,
      "six_way_macro_f1": 0.8371790152044111,
      "empirical_coverage": 0.985897435897436,
      "average_set_size": 3.8897435897435897
    },
    {
      "heldout_model_id": "Qwen/Qwen3-VL-8B-Instruct",
      "condition": "blank_first",
      "maximum_budget": 7,
      "target_coverage": 0.95,
      "row_count": 780,
      "mean_acquisition_cost": 6.012820512820513,
      "source_bit_macro_f1": 0.9777700272616024,
      "six_way_macro_f1": 0.8371790152044111,
      "empirical_coverage": 0.9948717948717949,
      "average_set_size": 3.9602564102564104
    },
    {
      "heldout_model_id": "Qwen/Qwen3-VL-8B-Instruct",
      "condition": "clean_only_learned",
      "maximum_budget": 1,
      "target_coverage": 0.9,
      "row_count": 780,
      "mean_acquisition_cost": 0.0,
      "source_bit_macro_f1": 0.6825604713483643,
      "six_way_macro_f1": 0.1765950606038397,
      "empirical_coverage": 0.867948717948718,
      "average_set_size": 4.1320512820512825
    },
    {
      "heldout_model_id": "Qwen/Qwen3-VL-8B-Instruct",
      "condition": "clean_only_learned",
      "maximum_budget": 1,
      "target_coverage": 0.95,
      "row_count": 780,
      "mean_acquisition_cost": 0.0,
      "source_bit_macro_f1": 0.6825604713483643,
      "six_way_macro_f1": 0.1765950606038397,
      "empirical_coverage": 0.9,
      "average_set_size": 5.194871794871795
    },
    {
      "heldout_model_id": "Qwen/Qwen3-VL-8B-Instruct",
      "condition": "clean_only_learned",
      "maximum_budget": 2,
      "target_coverage": 0.9,
      "row_count": 780,
      "mean_acquisition_cost": 0.0,
      "source_bit_macro_f1": 0.6825604713483643,
      "six_way_macro_f1": 0.1765950606038397,
      "empirical_coverage": 0.867948717948718,
      "average_set_size": 4.1320512820512825
    },
    {
      "heldout_model_id": "Qwen/Qwen3-VL-8B-Instruct",
      "condition": "clean_only_learned",
      "maximum_budget": 2,
      "target_coverage": 0.95,
      "row_count": 780,
      "mean_acquisition_cost": 0.0,
      "source_bit_macro_f1": 0.6825604713483643,
      "six_way_macro_f1": 0.1765950606038397,
      "empirical_coverage": 0.9,
      "average_set_size": 5.194871794871795
    },
    {
      "heldout_model_id": "Qwen/Qwen3-VL-8B-Instruct",
      "condition": "clean_only_learned",
      "maximum_budget": 3,
      "target_coverage": 0.9,
      "row_count": 780,
      "mean_acquisition_cost": 0.0,
      "source_bit_macro_f1": 0.6825604713483643,
      "six_way_macro_f1": 0.1765950606038397,
      "empirical_coverage": 0.867948717948718,
      "average_set_size": 4.1320512820512825
    },
    {
      "heldout_model_id": "Qwen/Qwen3-VL-8B-Instruct",
      "condition": "clean_only_learned",
      "maximum_budget": 3,
      "target_coverage": 0.95,
      "row_count": 780,
      "mean_acquisition_cost": 0.0,
      "source_bit_macro_f1": 0.6825604713483643,
      "six_way_macro_f1": 0.1765950606038397,
      "empirical_coverage": 0.9,
      "average_set_size": 5.194871794871795
    },
    {
      "heldout_model_id": "Qwen/Qwen3-VL-8B-Instruct",
      "condition": "clean_only_learned",
      "maximum_budget": 4,
      "target_coverage": 0.9,
      "row_count": 780,
      "mean_acquisition_cost": 0.0,
      "source_bit_macro_f1": 0.6825604713483643,
      "six_way_macro_f1": 0.1765950606038397,
      "empirical_coverage": 0.867948717948718,
      "average_set_size": 4.1320512820512825
    },
    {
      "heldout_model_id": "Qwen/Qwen3-VL-8B-Instruct",
      "condition": "clean_only_learned",
      "maximum_budget": 4,
      "target_coverage": 0.95,
      "row_count": 780,
      "mean_acquisition_cost": 0.0,
      "source_bit_macro_f1": 0.6825604713483643,
      "six_way_macro_f1": 0.1765950606038397,
      "empirical_coverage": 0.9,
      "average_set_size": 5.194871794871795
    },
    {
      "heldout_model_id": "Qwen/Qwen3-VL-8B-Instruct",
      "condition": "clean_only_learned",
      "maximum_budget": 7,
      "target_coverage": 0.9,
      "row_count": 780,
      "mean_acquisition_cost": 0.0,
      "source_bit_macro_f1": 0.6825604713483643,
      "six_way_macro_f1": 0.1765950606038397,
      "empirical_coverage": 0.867948717948718,
      "average_set_size": 4.1320512820512825
    },
    {
      "heldout_model_id": "Qwen/Qwen3-VL-8B-Instruct",
      "condition": "clean_only_learned",
      "maximum_budget": 7,
      "target_coverage": 0.95,
      "row_count": 780,
      "mean_acquisition_cost": 0.0,
      "source_bit_macro_f1": 0.6825604713483643,
      "six_way_macro_f1": 0.1765950606038397,
      "empirical_coverage": 0.9,
      "average_set_size": 5.194871794871795
    },
    {
      "heldout_model_id": "Qwen/Qwen3-VL-8B-Instruct",
      "condition": "grounding_first",
      "maximum_budget": 1,
      "target_coverage": 0.9,
      "row_count": 780,
      "mean_acquisition_cost": 1.0,
      "source_bit_macro_f1": 0.7355985302643567,
      "six_way_macro_f1": 0.28306402874386355,
      "empirical_coverage": 0.9653846153846154,
      "average_set_size": 4.43974358974359
    },
    {
      "heldout_model_id": "Qwen/Qwen3-VL-8B-Instruct",
      "condition": "grounding_first",
      "maximum_budget": 1,
      "target_coverage": 0.95,
      "row_count": 780,
      "mean_acquisition_cost": 1.0,
      "source_bit_macro_f1": 0.7355985302643567,
      "six_way_macro_f1": 0.28306402874386355,
      "empirical_coverage": 0.9666666666666667,
      "average_set_size": 4.507692307692308
    },
    {
      "heldout_model_id": "Qwen/Qwen3-VL-8B-Instruct",
      "condition": "grounding_first",
      "maximum_budget": 2,
      "target_coverage": 0.9,
      "row_count": 780,
      "mean_acquisition_cost": 2.0,
      "source_bit_macro_f1": 0.8900131172324862,
      "six_way_macro_f1": 0.5105967909018579,
      "empirical_coverage": 0.9923076923076923,
      "average_set_size": 4.187179487179487
    },
    {
      "heldout_model_id": "Qwen/Qwen3-VL-8B-Instruct",
      "condition": "grounding_first",
      "maximum_budget": 2,
      "target_coverage": 0.95,
      "row_count": 780,
      "mean_acquisition_cost": 2.0,
      "source_bit_macro_f1": 0.8900131172324862,
      "six_way_macro_f1": 0.5105967909018579,
      "empirical_coverage": 1.0,
      "average_set_size": 4.552564102564102
    },
    {
      "heldout_model_id": "Qwen/Qwen3-VL-8B-Instruct",
      "condition": "grounding_first",
      "maximum_budget": 3,
      "target_coverage": 0.9,
      "row_count": 780,
      "mean_acquisition_cost": 3.0,
      "source_bit_macro_f1": 0.9300394278320545,
      "six_way_macro_f1": 0.7123611872055392,
      "empirical_coverage": 0.9833333333333333,
      "average_set_size": 4.098717948717948
    },
    {
      "heldout_model_id": "Qwen/Qwen3-VL-8B-Instruct",
      "condition": "grounding_first",
      "maximum_budget": 3,
      "target_coverage": 0.95,
      "row_count": 780,
      "mean_acquisition_cost": 3.0,
      "source_bit_macro_f1": 0.9300394278320545,
      "six_way_macro_f1": 0.7123611872055392,
      "empirical_coverage": 0.9935897435897436,
      "average_set_size": 4.208974358974359
    },
    {
      "heldout_model_id": "Qwen/Qwen3-VL-8B-Instruct",
      "condition": "grounding_first",
      "maximum_budget": 4,
      "target_coverage": 0.9,
      "row_count": 780,
      "mean_acquisition_cost": 4.0,
      "source_bit_macro_f1": 0.9603827918781439,
      "six_way_macro_f1": 0.7903436106224389,
      "empirical_coverage": 0.9833333333333333,
      "average_set_size": 3.9256410256410255
    },
    {
      "heldout_model_id": "Qwen/Qwen3-VL-8B-Instruct",
      "condition": "grounding_first",
      "maximum_budget": 4,
      "target_coverage": 0.95,
      "row_count": 780,
      "mean_acquisition_cost": 4.0,
      "source_bit_macro_f1": 0.9603827918781439,
      "six_way_macro_f1": 0.7903436106224389,
      "empirical_coverage": 0.9884615384615385,
      "average_set_size": 3.9974358974358974
    },
    {
      "heldout_model_id": "Qwen/Qwen3-VL-8B-Instruct",
      "condition": "grounding_first",
      "maximum_budget": 7,
      "target_coverage": 0.9,
      "row_count": 780,
      "mean_acquisition_cost": 6.012820512820513,
      "source_bit_macro_f1": 0.9777700272616024,
      "six_way_macro_f1": 0.8371790152044111,
      "empirical_coverage": 0.985897435897436,
      "average_set_size": 3.8897435897435897
    },
    {
      "heldout_model_id": "Qwen/Qwen3-VL-8B-Instruct",
      "condition": "grounding_first",
      "maximum_budget": 7,
      "target_coverage": 0.95,
      "row_count": 780,
      "mean_acquisition_cost": 6.012820512820513,
      "source_bit_macro_f1": 0.9777700272616024,
      "six_way_macro_f1": 0.8371790152044111,
      "empirical_coverage": 0.9948717948717949,
      "average_set_size": 3.9602564102564104
    },
    {
      "heldout_model_id": "Qwen/Qwen3-VL-8B-Instruct",
      "condition": "proactive",
      "maximum_budget": 1,
      "target_coverage": 0.9,
      "row_count": 780,
      "mean_acquisition_cost": 1.0,
      "source_bit_macro_f1": 0.7978810285840415,
      "six_way_macro_f1": 0.40859266890674667,
      "empirical_coverage": 0.9743589743589743,
      "average_set_size": 3.567948717948718
    },
    {
      "heldout_model_id": "Qwen/Qwen3-VL-8B-Instruct",
      "condition": "proactive",
      "maximum_budget": 1,
      "target_coverage": 0.95,
      "row_count": 780,
      "mean_acquisition_cost": 1.0,
      "source_bit_macro_f1": 0.7978810285840415,
      "six_way_macro_f1": 0.40859266890674667,
      "empirical_coverage": 0.982051282051282,
      "average_set_size": 3.6487179487179486
    },
    {
      "heldout_model_id": "Qwen/Qwen3-VL-8B-Instruct",
      "condition": "proactive",
      "maximum_budget": 2,
      "target_coverage": 0.9,
      "row_count": 780,
      "mean_acquisition_cost": 1.9987179487179487,
      "source_bit_macro_f1": 0.8447351349292167,
      "six_way_macro_f1": 0.5614351068980749,
      "empirical_coverage": 0.985897435897436,
      "average_set_size": 3.721794871794872
    },
    {
      "heldout_model_id": "Qwen/Qwen3-VL-8B-Instruct",
      "condition": "proactive",
      "maximum_budget": 2,
      "target_coverage": 0.95,
      "row_count": 780,
      "mean_acquisition_cost": 1.9987179487179487,
      "source_bit_macro_f1": 0.8447351349292167,
      "six_way_macro_f1": 0.5614351068980749,
      "empirical_coverage": 0.9948717948717949,
      "average_set_size": 4.2987179487179485
    },
    {
      "heldout_model_id": "Qwen/Qwen3-VL-8B-Instruct",
      "condition": "proactive",
      "maximum_budget": 3,
      "target_coverage": 0.9,
      "row_count": 780,
      "mean_acquisition_cost": 2.982051282051282,
      "source_bit_macro_f1": 0.911479578035601,
      "six_way_macro_f1": 0.6679807950396826,
      "empirical_coverage": 0.9910256410256411,
      "average_set_size": 4.074358974358974
    },
    {
      "heldout_model_id": "Qwen/Qwen3-VL-8B-Instruct",
      "condition": "proactive",
      "maximum_budget": 3,
      "target_coverage": 0.95,
      "row_count": 780,
      "mean_acquisition_cost": 2.982051282051282,
      "source_bit_macro_f1": 0.911479578035601,
      "six_way_macro_f1": 0.6679807950396826,
      "empirical_coverage": 0.9935897435897436,
      "average_set_size": 4.197435897435898
    },
    {
      "heldout_model_id": "Qwen/Qwen3-VL-8B-Instruct",
      "condition": "proactive",
      "maximum_budget": 4,
      "target_coverage": 0.9,
      "row_count": 780,
      "mean_acquisition_cost": 3.8384615384615386,
      "source_bit_macro_f1": 0.9474925502090188,
      "six_way_macro_f1": 0.7412032502350739,
      "empirical_coverage": 0.9910256410256411,
      "average_set_size": 3.967948717948718
    },
    {
      "heldout_model_id": "Qwen/Qwen3-VL-8B-Instruct",
      "condition": "proactive",
      "maximum_budget": 4,
      "target_coverage": 0.95,
      "row_count": 780,
      "mean_acquisition_cost": 3.8384615384615386,
      "source_bit_macro_f1": 0.9474925502090188,
      "six_way_macro_f1": 0.7412032502350739,
      "empirical_coverage": 0.9923076923076923,
      "average_set_size": 4.044871794871795
    },
    {
      "heldout_model_id": "Qwen/Qwen3-VL-8B-Instruct",
      "condition": "proactive",
      "maximum_budget": 7,
      "target_coverage": 0.9,
      "row_count": 780,
      "mean_acquisition_cost": 4.914102564102564,
      "source_bit_macro_f1": 0.9691498473404773,
      "six_way_macro_f1": 0.7927463381189991,
      "empirical_coverage": 0.9910256410256411,
      "average_set_size": 3.9410256410256412
    },
    {
      "heldout_model_id": "Qwen/Qwen3-VL-8B-Instruct",
      "condition": "proactive",
      "maximum_budget": 7,
      "target_coverage": 0.95,
      "row_count": 780,
      "mean_acquisition_cost": 4.914102564102564,
      "source_bit_macro_f1": 0.9691498473404773,
      "six_way_macro_f1": 0.7927463381189991,
      "empirical_coverage": 0.9961538461538462,
      "average_set_size": 4.0
    },
    {
      "heldout_model_id": "Qwen/Qwen3-VL-8B-Instruct",
      "condition": "proactive_no_stop",
      "maximum_budget": 1,
      "target_coverage": 0.9,
      "row_count": 780,
      "mean_acquisition_cost": 1.0,
      "source_bit_macro_f1": 0.7978810285840415,
      "six_way_macro_f1": 0.40859266890674667,
      "empirical_coverage": 0.9743589743589743,
      "average_set_size": 3.567948717948718
    },
    {
      "heldout_model_id": "Qwen/Qwen3-VL-8B-Instruct",
      "condition": "proactive_no_stop",
      "maximum_budget": 1,
      "target_coverage": 0.95,
      "row_count": 780,
      "mean_acquisition_cost": 1.0,
      "source_bit_macro_f1": 0.7978810285840415,
      "six_way_macro_f1": 0.40859266890674667,
      "empirical_coverage": 0.982051282051282,
      "average_set_size": 3.6487179487179486
    },
    {
      "heldout_model_id": "Qwen/Qwen3-VL-8B-Instruct",
      "condition": "proactive_no_stop",
      "maximum_budget": 2,
      "target_coverage": 0.9,
      "row_count": 780,
      "mean_acquisition_cost": 2.0,
      "source_bit_macro_f1": 0.8447351349292167,
      "six_way_macro_f1": 0.5614351068980749,
      "empirical_coverage": 0.985897435897436,
      "average_set_size": 3.721794871794872
    },
    {
      "heldout_model_id": "Qwen/Qwen3-VL-8B-Instruct",
      "condition": "proactive_no_stop",
      "maximum_budget": 2,
      "target_coverage": 0.95,
      "row_count": 780,
      "mean_acquisition_cost": 2.0,
      "source_bit_macro_f1": 0.8447351349292167,
      "six_way_macro_f1": 0.5614351068980749,
      "empirical_coverage": 0.9948717948717949,
      "average_set_size": 4.2987179487179485
    },
    {
      "heldout_model_id": "Qwen/Qwen3-VL-8B-Instruct",
      "condition": "proactive_no_stop",
      "maximum_budget": 3,
      "target_coverage": 0.9,
      "row_count": 780,
      "mean_acquisition_cost": 3.0,
      "source_bit_macro_f1": 0.911479578035601,
      "six_way_macro_f1": 0.6689519553792915,
      "empirical_coverage": 0.9897435897435898,
      "average_set_size": 4.069230769230769
    },
    {
      "heldout_model_id": "Qwen/Qwen3-VL-8B-Instruct",
      "condition": "proactive_no_stop",
      "maximum_budget": 3,
      "target_coverage": 0.95,
      "row_count": 780,
      "mean_acquisition_cost": 3.0,
      "source_bit_macro_f1": 0.911479578035601,
      "six_way_macro_f1": 0.6689519553792915,
      "empirical_coverage": 0.9935897435897436,
      "average_set_size": 4.193589743589744
    },
    {
      "heldout_model_id": "Qwen/Qwen3-VL-8B-Instruct",
      "condition": "proactive_no_stop",
      "maximum_budget": 4,
      "target_coverage": 0.9,
      "row_count": 780,
      "mean_acquisition_cost": 4.0,
      "source_bit_macro_f1": 0.9487643777966358,
      "six_way_macro_f1": 0.7422347701267765,
      "empirical_coverage": 0.9871794871794872,
      "average_set_size": 3.9474358974358976
    },
    {
      "heldout_model_id": "Qwen/Qwen3-VL-8B-Instruct",
      "condition": "proactive_no_stop",
      "maximum_budget": 4,
      "target_coverage": 0.95,
      "row_count": 780,
      "mean_acquisition_cost": 4.0,
      "source_bit_macro_f1": 0.9487643777966358,
      "six_way_macro_f1": 0.7422347701267765,
      "empirical_coverage": 0.9923076923076923,
      "average_set_size": 4.029487179487179
    },
    {
      "heldout_model_id": "Qwen/Qwen3-VL-8B-Instruct",
      "condition": "proactive_no_stop",
      "maximum_budget": 7,
      "target_coverage": 0.9,
      "row_count": 780,
      "mean_acquisition_cost": 6.012820512820513,
      "source_bit_macro_f1": 0.9777700272616024,
      "six_way_macro_f1": 0.8371790152044111,
      "empirical_coverage": 0.985897435897436,
      "average_set_size": 3.8897435897435897
    },
    {
      "heldout_model_id": "Qwen/Qwen3-VL-8B-Instruct",
      "condition": "proactive_no_stop",
      "maximum_budget": 7,
      "target_coverage": 0.95,
      "row_count": 780,
      "mean_acquisition_cost": 6.012820512820513,
      "source_bit_macro_f1": 0.9777700272616024,
      "six_way_macro_f1": 0.8371790152044111,
      "empirical_coverage": 0.9948717948717949,
      "average_set_size": 3.9602564102564104
    },
    {
      "heldout_model_id": "Qwen/Qwen3-VL-8B-Instruct",
      "condition": "random",
      "maximum_budget": 1,
      "target_coverage": 0.9,
      "row_count": 780,
      "mean_acquisition_cost": 1.0,
      "source_bit_macro_f1": 0.7061078291092316,
      "six_way_macro_f1": 0.32714007790113725,
      "empirical_coverage": 0.9346153846153846,
      "average_set_size": 4.187179487179487
    },
    {
      "heldout_model_id": "Qwen/Qwen3-VL-8B-Instruct",
      "condition": "random",
      "maximum_budget": 1,
      "target_coverage": 0.95,
      "row_count": 780,
      "mean_acquisition_cost": 1.0,
      "source_bit_macro_f1": 0.7061078291092316,
      "six_way_macro_f1": 0.32714007790113725,
      "empirical_coverage": 0.9397435897435897,
      "average_set_size": 4.262820512820513
    },
    {
      "heldout_model_id": "Qwen/Qwen3-VL-8B-Instruct",
      "condition": "random",
      "maximum_budget": 2,
      "target_coverage": 0.9,
      "row_count": 780,
      "mean_acquisition_cost": 2.0,
      "source_bit_macro_f1": 0.7623721051662664,
      "six_way_macro_f1": 0.4377448262056121,
      "empirical_coverage": 0.9564102564102565,
      "average_set_size": 4.219230769230769
    },
    {
      "heldout_model_id": "Qwen/Qwen3-VL-8B-Instruct",
      "condition": "random",
      "maximum_budget": 2,
      "target_coverage": 0.95,
      "row_count": 780,
      "mean_acquisition_cost": 2.0,
      "source_bit_macro_f1": 0.7623721051662664,
      "six_way_macro_f1": 0.4377448262056121,
      "empirical_coverage": 0.9602564102564103,
      "average_set_size": 4.476923076923077
    },
    {
      "heldout_model_id": "Qwen/Qwen3-VL-8B-Instruct",
      "condition": "random",
      "maximum_budget": 3,
      "target_coverage": 0.9,
      "row_count": 780,
      "mean_acquisition_cost": 3.0,
      "source_bit_macro_f1": 0.8159886151826607,
      "six_way_macro_f1": 0.5424778316013857,
      "empirical_coverage": 0.9794871794871794,
      "average_set_size": 4.297435897435897
    },
    {
      "heldout_model_id": "Qwen/Qwen3-VL-8B-Instruct",
      "condition": "random",
      "maximum_budget": 3,
      "target_coverage": 0.95,
      "row_count": 780,
      "mean_acquisition_cost": 3.0,
      "source_bit_macro_f1": 0.8159886151826607,
      "six_way_macro_f1": 0.5424778316013857,
      "empirical_coverage": 0.9833333333333333,
      "average_set_size": 4.384615384615385
    },
    {
      "heldout_model_id": "Qwen/Qwen3-VL-8B-Instruct",
      "condition": "random",
      "maximum_budget": 4,
      "target_coverage": 0.9,
      "row_count": 780,
      "mean_acquisition_cost": 4.0,
      "source_bit_macro_f1": 0.8806069604526692,
      "six_way_macro_f1": 0.6370047980751296,
      "empirical_coverage": 0.9884615384615385,
      "average_set_size": 4.130769230769231
    },
    {
      "heldout_model_id": "Qwen/Qwen3-VL-8B-Instruct",
      "condition": "random",
      "maximum_budget": 4,
      "target_coverage": 0.95,
      "row_count": 780,
      "mean_acquisition_cost": 4.0,
      "source_bit_macro_f1": 0.8806069604526692,
      "six_way_macro_f1": 0.6370047980751296,
      "empirical_coverage": 0.9923076923076923,
      "average_set_size": 4.193589743589744
    },
    {
      "heldout_model_id": "Qwen/Qwen3-VL-8B-Instruct",
      "condition": "random",
      "maximum_budget": 7,
      "target_coverage": 0.9,
      "row_count": 780,
      "mean_acquisition_cost": 6.012820512820513,
      "source_bit_macro_f1": 0.9777700272616024,
      "six_way_macro_f1": 0.8371790152044111,
      "empirical_coverage": 0.985897435897436,
      "average_set_size": 3.8897435897435897
    },
    {
      "heldout_model_id": "Qwen/Qwen3-VL-8B-Instruct",
      "condition": "random",
      "maximum_budget": 7,
      "target_coverage": 0.95,
      "row_count": 780,
      "mean_acquisition_cost": 6.012820512820513,
      "source_bit_macro_f1": 0.9777700272616024,
      "six_way_macro_f1": 0.8371790152044111,
      "empirical_coverage": 0.9948717948717949,
      "average_set_size": 3.9602564102564104
    },
    {
      "heldout_model_id": "Qwen/Qwen3-VL-8B-Instruct",
      "condition": "relation_first",
      "maximum_budget": 1,
      "target_coverage": 0.9,
      "row_count": 780,
      "mean_acquisition_cost": 1.0,
      "source_bit_macro_f1": 0.7379386718600832,
      "six_way_macro_f1": 0.2836660905117298,
      "empirical_coverage": 0.9692307692307692,
      "average_set_size": 4.441025641025641
    },
    {
      "heldout_model_id": "Qwen/Qwen3-VL-8B-Instruct",
      "condition": "relation_first",
      "maximum_budget": 1,
      "target_coverage": 0.95,
      "row_count": 780,
      "mean_acquisition_cost": 1.0,
      "source_bit_macro_f1": 0.7379386718600832,
      "six_way_macro_f1": 0.2836660905117298,
      "empirical_coverage": 0.9705128205128205,
      "average_set_size": 4.507692307692308
    },
    {
      "heldout_model_id": "Qwen/Qwen3-VL-8B-Instruct",
      "condition": "relation_first",
      "maximum_budget": 2,
      "target_coverage": 0.9,
      "row_count": 780,
      "mean_acquisition_cost": 2.0,
      "source_bit_macro_f1": 0.8909802313851317,
      "six_way_macro_f1": 0.511469055960991,
      "empirical_coverage": 0.9923076923076923,
      "average_set_size": 4.196153846153846
    },
    {
      "heldout_model_id": "Qwen/Qwen3-VL-8B-Instruct",
      "condition": "relation_first",
      "maximum_budget": 2,
      "target_coverage": 0.95,
      "row_count": 780,
      "mean_acquisition_cost": 2.0,
      "source_bit_macro_f1": 0.8909802313851317,
      "six_way_macro_f1": 0.511469055960991,
      "empirical_coverage": 1.0,
      "average_set_size": 4.558974358974359
    },
    {
      "heldout_model_id": "Qwen/Qwen3-VL-8B-Instruct",
      "condition": "relation_first",
      "maximum_budget": 3,
      "target_coverage": 0.9,
      "row_count": 780,
      "mean_acquisition_cost": 3.0,
      "source_bit_macro_f1": 0.9318677041492576,
      "six_way_macro_f1": 0.7146610348131607,
      "empirical_coverage": 0.9833333333333333,
      "average_set_size": 4.098717948717948
    },
    {
      "heldout_model_id": "Qwen/Qwen3-VL-8B-Instruct",
      "condition": "relation_first",
      "maximum_budget": 3,
      "target_coverage": 0.95,
      "row_count": 780,
      "mean_acquisition_cost": 3.0,
      "source_bit_macro_f1": 0.9318677041492576,
      "six_way_macro_f1": 0.7146610348131607,
      "empirical_coverage": 0.9935897435897436,
      "average_set_size": 4.21025641025641
    },
    {
      "heldout_model_id": "Qwen/Qwen3-VL-8B-Instruct",
      "condition": "relation_first",
      "maximum_budget": 4,
      "target_coverage": 0.9,
      "row_count": 780,
      "mean_acquisition_cost": 4.0,
      "source_bit_macro_f1": 0.9611321665792688,
      "six_way_macro_f1": 0.7908532660692226,
      "empirical_coverage": 0.9833333333333333,
      "average_set_size": 3.928205128205128
    },
    {
      "heldout_model_id": "Qwen/Qwen3-VL-8B-Instruct",
      "condition": "relation_first",
      "maximum_budget": 4,
      "target_coverage": 0.95,
      "row_count": 780,
      "mean_acquisition_cost": 4.0,
      "source_bit_macro_f1": 0.9611321665792688,
      "six_way_macro_f1": 0.7908532660692226,
      "empirical_coverage": 0.9884615384615385,
      "average_set_size": 4.0
    },
    {
      "heldout_model_id": "Qwen/Qwen3-VL-8B-Instruct",
      "condition": "relation_first",
      "maximum_budget": 7,
      "target_coverage": 0.9,
      "row_count": 780,
      "mean_acquisition_cost": 6.012820512820513,
      "source_bit_macro_f1": 0.9777700272616024,
      "six_way_macro_f1": 0.8371790152044111,
      "empirical_coverage": 0.985897435897436,
      "average_set_size": 3.8897435897435897
    },
    {
      "heldout_model_id": "Qwen/Qwen3-VL-8B-Instruct",
      "condition": "relation_first",
      "maximum_budget": 7,
      "target_coverage": 0.95,
      "row_count": 780,
      "mean_acquisition_cost": 6.012820512820513,
      "source_bit_macro_f1": 0.9777700272616024,
      "six_way_macro_f1": 0.8371790152044111,
      "empirical_coverage": 0.9948717948717949,
      "average_set_size": 3.9602564102564104
    },
    {
      "heldout_model_id": "Qwen/Qwen3-VL-8B-Instruct",
      "condition": "scalar_confidence",
      "maximum_budget": 1,
      "target_coverage": 0.9,
      "row_count": 780,
      "mean_acquisition_cost": 0.0,
      "source_bit_macro_f1": 0.6963910101221736,
      "six_way_macro_f1": 0.2413216691556669,
      "empirical_coverage": 0.8153846153846154,
      "average_set_size": 3.4782051282051283
    },
    {
      "heldout_model_id": "Qwen/Qwen3-VL-8B-Instruct",
      "condition": "scalar_confidence",
      "maximum_budget": 1,
      "target_coverage": 0.95,
      "row_count": 780,
      "mean_acquisition_cost": 0.0,
      "source_bit_macro_f1": 0.6963910101221736,
      "six_way_macro_f1": 0.2413216691556669,
      "empirical_coverage": 0.9064102564102564,
      "average_set_size": 5.1923076923076925
    },
    {
      "heldout_model_id": "Qwen/Qwen3-VL-8B-Instruct",
      "condition": "scalar_confidence",
      "maximum_budget": 2,
      "target_coverage": 0.9,
      "row_count": 780,
      "mean_acquisition_cost": 0.0,
      "source_bit_macro_f1": 0.6963910101221736,
      "six_way_macro_f1": 0.2413216691556669,
      "empirical_coverage": 0.8153846153846154,
      "average_set_size": 3.4782051282051283
    },
    {
      "heldout_model_id": "Qwen/Qwen3-VL-8B-Instruct",
      "condition": "scalar_confidence",
      "maximum_budget": 2,
      "target_coverage": 0.95,
      "row_count": 780,
      "mean_acquisition_cost": 0.0,
      "source_bit_macro_f1": 0.6963910101221736,
      "six_way_macro_f1": 0.2413216691556669,
      "empirical_coverage": 0.9064102564102564,
      "average_set_size": 5.1923076923076925
    },
    {
      "heldout_model_id": "Qwen/Qwen3-VL-8B-Instruct",
      "condition": "scalar_confidence",
      "maximum_budget": 3,
      "target_coverage": 0.9,
      "row_count": 780,
      "mean_acquisition_cost": 0.0,
      "source_bit_macro_f1": 0.6963910101221736,
      "six_way_macro_f1": 0.2413216691556669,
      "empirical_coverage": 0.8153846153846154,
      "average_set_size": 3.4782051282051283
    },
    {
      "heldout_model_id": "Qwen/Qwen3-VL-8B-Instruct",
      "condition": "scalar_confidence",
      "maximum_budget": 3,
      "target_coverage": 0.95,
      "row_count": 780,
      "mean_acquisition_cost": 0.0,
      "source_bit_macro_f1": 0.6963910101221736,
      "six_way_macro_f1": 0.2413216691556669,
      "empirical_coverage": 0.9064102564102564,
      "average_set_size": 5.1923076923076925
    },
    {
      "heldout_model_id": "Qwen/Qwen3-VL-8B-Instruct",
      "condition": "scalar_confidence",
      "maximum_budget": 4,
      "target_coverage": 0.9,
      "row_count": 780,
      "mean_acquisition_cost": 0.0,
      "source_bit_macro_f1": 0.6963910101221736,
      "six_way_macro_f1": 0.2413216691556669,
      "empirical_coverage": 0.8153846153846154,
      "average_set_size": 3.4782051282051283
    },
    {
      "heldout_model_id": "Qwen/Qwen3-VL-8B-Instruct",
      "condition": "scalar_confidence",
      "maximum_budget": 4,
      "target_coverage": 0.95,
      "row_count": 780,
      "mean_acquisition_cost": 0.0,
      "source_bit_macro_f1": 0.6963910101221736,
      "six_way_macro_f1": 0.2413216691556669,
      "empirical_coverage": 0.9064102564102564,
      "average_set_size": 5.1923076923076925
    },
    {
      "heldout_model_id": "Qwen/Qwen3-VL-8B-Instruct",
      "condition": "scalar_confidence",
      "maximum_budget": 7,
      "target_coverage": 0.9,
      "row_count": 780,
      "mean_acquisition_cost": 0.0,
      "source_bit_macro_f1": 0.6963910101221736,
      "six_way_macro_f1": 0.2413216691556669,
      "empirical_coverage": 0.8153846153846154,
      "average_set_size": 3.4782051282051283
    },
    {
      "heldout_model_id": "Qwen/Qwen3-VL-8B-Instruct",
      "condition": "scalar_confidence",
      "maximum_budget": 7,
      "target_coverage": 0.95,
      "row_count": 780,
      "mean_acquisition_cost": 0.0,
      "source_bit_macro_f1": 0.6963910101221736,
      "six_way_macro_f1": 0.2413216691556669,
      "empirical_coverage": 0.9064102564102564,
      "average_set_size": 5.1923076923076925
    },
    {
      "heldout_model_id": "Qwen/Qwen3-VL-8B-Instruct",
      "condition": "visual_first",
      "maximum_budget": 1,
      "target_coverage": 0.9,
      "row_count": 780,
      "mean_acquisition_cost": 1.0,
      "source_bit_macro_f1": 0.7073436683305278,
      "six_way_macro_f1": 0.314602027030249,
      "empirical_coverage": 0.9448717948717948,
      "average_set_size": 4.0807692307692305
    },
    {
      "heldout_model_id": "Qwen/Qwen3-VL-8B-Instruct",
      "condition": "visual_first",
      "maximum_budget": 1,
      "target_coverage": 0.95,
      "row_count": 780,
      "mean_acquisition_cost": 1.0,
      "source_bit_macro_f1": 0.7073436683305278,
      "six_way_macro_f1": 0.314602027030249,
      "empirical_coverage": 0.9538461538461539,
      "average_set_size": 4.182051282051282
    },
    {
      "heldout_model_id": "Qwen/Qwen3-VL-8B-Instruct",
      "condition": "visual_first",
      "maximum_budget": 2,
      "target_coverage": 0.9,
      "row_count": 780,
      "mean_acquisition_cost": 2.0,
      "source_bit_macro_f1": 0.7470342374313703,
      "six_way_macro_f1": 0.3671752031420515,
      "empirical_coverage": 0.9782051282051282,
      "average_set_size": 4.141025641025641
    },
    {
      "heldout_model_id": "Qwen/Qwen3-VL-8B-Instruct",
      "condition": "visual_first",
      "maximum_budget": 2,
      "target_coverage": 0.95,
      "row_count": 780,
      "mean_acquisition_cost": 2.0,
      "source_bit_macro_f1": 0.7470342374313703,
      "six_way_macro_f1": 0.3671752031420515,
      "empirical_coverage": 0.9807692307692307,
      "average_set_size": 4.425641025641026
    },
    {
      "heldout_model_id": "Qwen/Qwen3-VL-8B-Instruct",
      "condition": "visual_first",
      "maximum_budget": 3,
      "target_coverage": 0.9,
      "row_count": 780,
      "mean_acquisition_cost": 3.0,
      "source_bit_macro_f1": 0.7735041264999928,
      "six_way_macro_f1": 0.3900601624705448,
      "empirical_coverage": 0.9884615384615385,
      "average_set_size": 4.2474358974358974
    },
    {
      "heldout_model_id": "Qwen/Qwen3-VL-8B-Instruct",
      "condition": "visual_first",
      "maximum_budget": 3,
      "target_coverage": 0.95,
      "row_count": 780,
      "mean_acquisition_cost": 3.0,
      "source_bit_macro_f1": 0.7735041264999928,
      "six_way_macro_f1": 0.3900601624705448,
      "empirical_coverage": 0.9884615384615385,
      "average_set_size": 4.3820512820512825
    },
    {
      "heldout_model_id": "Qwen/Qwen3-VL-8B-Instruct",
      "condition": "visual_first",
      "maximum_budget": 4,
      "target_coverage": 0.9,
      "row_count": 780,
      "mean_acquisition_cost": 4.0,
      "source_bit_macro_f1": 0.7836694560031363,
      "six_way_macro_f1": 0.39472834728961564,
      "empirical_coverage": 0.9884615384615385,
      "average_set_size": 4.184615384615385
    },
    {
      "heldout_model_id": "Qwen/Qwen3-VL-8B-Instruct",
      "condition": "visual_first",
      "maximum_budget": 4,
      "target_coverage": 0.95,
      "row_count": 780,
      "mean_acquisition_cost": 4.0,
      "source_bit_macro_f1": 0.7836694560031363,
      "six_way_macro_f1": 0.39472834728961564,
      "empirical_coverage": 0.9897435897435898,
      "average_set_size": 4.269230769230769
    },
    {
      "heldout_model_id": "Qwen/Qwen3-VL-8B-Instruct",
      "condition": "visual_first",
      "maximum_budget": 7,
      "target_coverage": 0.9,
      "row_count": 780,
      "mean_acquisition_cost": 6.012820512820513,
      "source_bit_macro_f1": 0.9777700272616024,
      "six_way_macro_f1": 0.8371790152044111,
      "empirical_coverage": 0.985897435897436,
      "average_set_size": 3.8897435897435897
    },
    {
      "heldout_model_id": "Qwen/Qwen3-VL-8B-Instruct",
      "condition": "visual_first",
      "maximum_budget": 7,
      "target_coverage": 0.95,
      "row_count": 780,
      "mean_acquisition_cost": 6.012820512820513,
      "source_bit_macro_f1": 0.9777700272616024,
      "six_way_macro_f1": 0.8371790152044111,
      "empirical_coverage": 0.9948717948717949,
      "average_set_size": 3.9602564102564104
    }
  ],
  "trajectory_path": "outputs/week8_reports/lomo/qwen3_vl_8b/lomo_trajectories.jsonl",
  "trajectory_sha256": "06377d690981b618e2ed5b7d988c46495e39d618772b6824b072f2f7655390dd",
  "csv_path": "outputs/week8_reports/lomo/qwen3_vl_8b/lomo.csv",
  "csv_sha256": "ba35b70cea17a534db9ff7a2988d5b6be7291879246967cfb9db8cc88402f973",
  "report_sha256": "62f3bc88b219d532c642d978831a39dae4197461fd791daf0d31d6f5e3113b0c"
}
	Command being timed: "timeout --signal=TERM --kill-after=5m 720s python scripts/eval_lomo.py --fold_manifest outputs/week8_lomo/qwen3_vl_8b/lomo_fold_manifest.json --freeze_manifest outputs/week8_lomo/qwen3_vl_8b/freeze/lomo_stack_freeze.json --aps_report outputs/week8_lomo/qwen3_vl_8b/calibration/aps/aps_thresholds.json --clean_aps_report outputs/week8_lomo/qwen3_vl_8b/calibration/static_aps/static_aps_clean_only_learned_calibration.json --scalar_aps_report outputs/week8_lomo/qwen3_vl_8b/calibration/static_aps/static_aps_scalar_confidence_calibration.json --teacher_path outputs/week8_lomo/qwen3_vl_8b/teachers --output_dir outputs/week8_reports/lomo/qwen3_vl_8b --seed 42 --device cuda:0 --resume"
	User time (seconds): 100.33
	System time (seconds): 6.29
	Percent of CPU this job got: 112%
	Elapsed (wall clock) time (h:mm:ss or m:ss): 1:34.51
	Average shared text size (kbytes): 0
	Average unshared data size (kbytes): 0
	Average stack size (kbytes): 0
	Average total size (kbytes): 0
	Maximum resident set size (kbytes): 1164560
	Average resident set size (kbytes): 0
	Major (requiring I/O) page faults: 0
	Minor (reclaiming a frame) page faults: 226295
	Voluntary context switches: 1568
	Involuntary context switches: 97690
	Swaps: 0
	File system inputs: 160
	File system outputs: 135960
	Socket messages sent: 0
	Socket messages received: 0
	Signals delivered: 0
	Page size (bytes): 4096
	Exit status: 0
qwen3_vl_8b held-out evaluation exit code: 0
===== gemma4_e4b held-out evaluation =====
Timeout: 720s; bundle remaining: 15150s
{
  "format_version": "lomo_evaluation_v1",
  "heldout_model_id": "google/gemma-4-E4B-it",
  "fold_manifest_sha256": "2a47540475981396efb756ecd94a4fa97e7457968a82422c53a841c151a38197",
  "freeze_manifest_sha256": "b69821ef5d60c95553dff5f0b80783d10778960110f645c21b886768f1e78119",
  "aps_sha256": "7a014662fb16e63373b442744539e867369e431b71d2d1dcb366311caf94e4ca",
  "clean_aps_sha256": "ee05d39d85e7414c121b430b301f84f2a55bc55495c3722ad09f4a445c572811",
  "scalar_aps_sha256": "7a2e9610abad1454c336f29043f1337ff5a485a9a2fae58d9130cb31968f1848",
  "vector_manifest_sha256": "4aa621b1e8e0bf9f3f47cf5b88a720374fe8a35310b19bf3fd68d158c836a52f",
  "calibration_models_exclude_heldout": true,
  "test_rows_only_heldout_model": true,
  "is_valid": true,
  "heldout_test_instances": 780,
  "budgets": [
    1,
    2,
    3,
    4,
    7
  ],
  "coverages": [
    0.9,
    0.95
  ],
  "summaries": {
    "blank_first|1|0.9": {
      "row_count": 780,
      "mean_acquisition_cost": 1.0,
      "diagnostic": {
        "record_count": 780,
        "source_bit_micro_f1": 0.9390946502057613,
        "source_bit_macro_f1": 0.9404845814621319,
        "source_bit_hamming_loss": 0.06324786324786325,
        "source_bit_auroc": {
          "visual": 0.9465252525252525,
          "language": 0.9999802506846428,
          "alignment": 0.9847266297642688
        },
        "six_way_macro_f1": 0.577996641413698,
        "six_way_balanced_accuracy": 0.6316795481526679,
        "six_way_confusion_matrix": [
          [
            49,
            0,
            7,
            1,
            2,
            25
          ],
          [
            0,
            200,
            0,
            4,
            0,
            0
          ],
          [
            1,
            0,
            3,
            1,
            0,
            0
          ],
          [
            11,
            39,
            2,
            341,
            0,
            1
          ],
          [
            0,
            0,
            1,
            0,
            0,
            0
          ],
          [
            18,
            0,
            2,
            1,
            1,
            70
          ]
        ],
        "six_way_labels": [
          "visual",
          "language-prior",
          "alignment",
          "mixed",
          "unclear",
          "no-failure"
        ],
        "signature_mse": 0.00666496056944141
      },
      "prediction_sets": {
        "coverage": 0.8166666666666667,
        "average_set_size": 2.1064102564102565,
        "singleton_rate": 0.3782051282051282,
        "empty_set_rate": 0.1358974358974359
      },
      "action_counts": {
        "blank": 780,
        "stop": 780
      }
    },
    "blank_first|1|0.95": {
      "row_count": 780,
      "mean_acquisition_cost": 1.0,
      "diagnostic": {
        "record_count": 780,
        "source_bit_micro_f1": 0.9390946502057613,
        "source_bit_macro_f1": 0.9404845814621319,
        "source_bit_hamming_loss": 0.06324786324786325,
        "source_bit_auroc": {
          "visual": 0.9465252525252525,
          "language": 0.9999802506846428,
          "alignment": 0.9847266297642688
        },
        "six_way_macro_f1": 0.577996641413698,
        "six_way_balanced_accuracy": 0.6316795481526679,
        "six_way_confusion_matrix": [
          [
            49,
            0,
            7,
            1,
            2,
            25
          ],
          [
            0,
            200,
            0,
            4,
            0,
            0
          ],
          [
            1,
            0,
            3,
            1,
            0,
            0
          ],
          [
            11,
            39,
            2,
            341,
            0,
            1
          ],
          [
            0,
            0,
            1,
            0,
            0,
            0
          ],
          [
            18,
            0,
            2,
            1,
            1,
            70
          ]
        ],
        "six_way_labels": [
          "visual",
          "language-prior",
          "alignment",
          "mixed",
          "unclear",
          "no-failure"
        ],
        "signature_mse": 0.00666496056944141
      },
      "prediction_sets": {
        "coverage": 0.8589743589743589,
        "average_set_size": 2.4166666666666665,
        "singleton_rate": 0.13076923076923078,
        "empty_set_rate": 0.1141025641025641
      },
      "action_counts": {
        "blank": 780,
        "stop": 780
      }
    },
    "blank_first|2|0.9": {
      "row_count": 780,
      "mean_acquisition_cost": 2.0,
      "diagnostic": {
        "record_count": 780,
        "source_bit_micro_f1": 0.955482275350371,
        "source_bit_macro_f1": 0.9588555417105941,
        "source_bit_hamming_loss": 0.046153846153846156,
        "source_bit_auroc": {
          "visual": 0.9452592592592592,
          "language": 0.9999868337897619,
          "alignment": 0.9954410804177579
        },
        "six_way_macro_f1": 0.6239072508783706,
        "six_way_balanced_accuracy": 0.6844157356902888,
        "six_way_confusion_matrix": [
          [
            55,
            0,
            0,
            1,
            3,
            25
          ],
          [
            0,
            204,
            0,
            0,
            0,
            0
          ],
          [
            0,
            0,
            4,
            1,
            0,
            0
          ],
          [
            0,
            34,
            9,
            351,
            0,
            0
          ],
          [
            1,
            0,
            0,
            0,
            0,
            0
          ],
          [
            20,
            0,
            0,
            0,
            2,
            70
          ]
        ],
        "six_way_labels": [
          "visual",
          "language-prior",
          "alignment",
          "mixed",
          "unclear",
          "no-failure"
        ],
        "signature_mse": 0.0041231528960961016
      },
      "prediction_sets": {
        "coverage": 0.7833333333333333,
        "average_set_size": 1.8153846153846154,
        "singleton_rate": 0.4641025641025641,
        "empty_set_rate": 0.16666666666666666
      },
      "action_counts": {
        "blank": 780,
        "grounding": 780,
        "stop": 780
      }
    },
    "blank_first|2|0.95": {
      "row_count": 780,
      "mean_acquisition_cost": 2.0,
      "diagnostic": {
        "record_count": 780,
        "source_bit_micro_f1": 0.955482275350371,
        "source_bit_macro_f1": 0.9588555417105941,
        "source_bit_hamming_loss": 0.046153846153846156,
        "source_bit_auroc": {
          "visual": 0.9452592592592592,
          "language": 0.9999868337897619,
          "alignment": 0.9954410804177579
        },
        "six_way_macro_f1": 0.6239072508783706,
        "six_way_balanced_accuracy": 0.6844157356902888,
        "six_way_confusion_matrix": [
          [
            55,
            0,
            0,
            1,
            3,
            25
          ],
          [
            0,
            204,
            0,
            0,
            0,
            0
          ],
          [
            0,
            0,
            4,
            1,
            0,
            0
          ],
          [
            0,
            34,
            9,
            351,
            0,
            0
          ],
          [
            1,
            0,
            0,
            0,
            0,
            0
          ],
          [
            20,
            0,
            0,
            0,
            2,
            70
          ]
        ],
        "six_way_labels": [
          "visual",
          "language-prior",
          "alignment",
          "mixed",
          "unclear",
          "no-failure"
        ],
        "signature_mse": 0.0041231528960961016
      },
      "prediction_sets": {
        "coverage": 0.8153846153846154,
        "average_set_size": 2.23974358974359,
        "singleton_rate": 0.15128205128205127,
        "empty_set_rate": 0.16025641025641027
      },
      "action_counts": {
        "blank": 780,
        "grounding": 780,
        "stop": 780
      }
    },
    "blank_first|3|0.9": {
      "row_count": 780,
      "mean_acquisition_cost": 3.0,
      "diagnostic": {
        "record_count": 780,
        "source_bit_micro_f1": 0.9742738589211618,
        "source_bit_macro_f1": 0.9757073871064117,
        "source_bit_hamming_loss": 0.026495726495726495,
        "source_bit_auroc": {
          "visual": 0.9756228956228956,
          "language": 0.9999868337897619,
          "alignment": 0.9966022524097617
        },
        "six_way_macro_f1": 0.7183310860331305,
        "six_way_balanced_accuracy": 0.7259409605083849,
        "six_way_confusion_matrix": [
          [
            65,
            0,
            0,
            1,
            9,
            9
          ],
          [
            0,
            204,
            0,
            0,
            0,
            0
          ],
          [
            0,
            0,
            4,
            1,
            0,
            0
          ],
          [
            0,
            23,
            3,
            368,
            0,
            0
          ],
          [
            0,
            0,
            0,
            0,
            0,
            1
          ],
          [
            1,
            0,
            0,
            0,
            13,
            78
          ]
        ],
        "six_way_labels": [
          "visual",
          "language-prior",
          "alignment",
          "mixed",
          "unclear",
          "no-failure"
        ],
        "signature_mse": 0.0041039183589566455
      },
      "prediction_sets": {
        "coverage": 0.7038461538461539,
        "average_set_size": 1.3153846153846154,
        "singleton_rate": 0.4564102564102564,
        "empty_set_rate": 0.2641025641025641
      },
      "action_counts": {
        "blank": 780,
        "grounding": 780,
        "blur": 780,
        "stop": 780
      }
    },
    "blank_first|3|0.95": {
      "row_count": 780,
      "mean_acquisition_cost": 3.0,
      "diagnostic": {
        "record_count": 780,
        "source_bit_micro_f1": 0.9742738589211618,
        "source_bit_macro_f1": 0.9757073871064117,
        "source_bit_hamming_loss": 0.026495726495726495,
        "source_bit_auroc": {
          "visual": 0.9756228956228956,
          "language": 0.9999868337897619,
          "alignment": 0.9966022524097617
        },
        "six_way_macro_f1": 0.7183310860331305,
        "six_way_balanced_accuracy": 0.7259409605083849,
        "six_way_confusion_matrix": [
          [
            65,
            0,
            0,
            1,
            9,
            9
          ],
          [
            0,
            204,
            0,
            0,
            0,
            0
          ],
          [
            0,
            0,
            4,
            1,
            0,
            0
          ],
          [
            0,
            23,
            3,
            368,
            0,
            0
          ],
          [
            0,
            0,
            0,
            0,
            0,
            1
          ],
          [
            1,
            0,
            0,
            0,
            13,
            78
          ]
        ],
        "six_way_labels": [
          "visual",
          "language-prior",
          "alignment",
          "mixed",
          "unclear",
          "no-failure"
        ],
        "signature_mse": 0.0041039183589566455
      },
      "prediction_sets": {
        "coverage": 0.8269230769230769,
        "average_set_size": 2.0256410256410255,
        "singleton_rate": 0.24871794871794872,
        "empty_set_rate": 0.16538461538461538
      },
      "action_counts": {
        "blank": 780,
        "grounding": 780,
        "blur": 780,
        "stop": 780
      }
    },
    "blank_first|4|0.9": {
      "row_count": 780,
      "mean_acquisition_cost": 4.0,
      "diagnostic": {
        "record_count": 780,
        "source_bit_micro_f1": 0.9876644736842105,
        "source_bit_macro_f1": 0.9882626985866995,
        "source_bit_hamming_loss": 0.01282051282051282,
        "source_bit_auroc": {
          "visual": 0.9937710437710437,
          "language": 0.9999670844744049,
          "alignment": 0.9962525812985333
        },
        "six_way_macro_f1": 0.7759087991597621,
        "six_way_balanced_accuracy": 0.76748282554396,
        "six_way_confusion_matrix": [
          [
            80,
            0,
            0,
            1,
            1,
            2
          ],
          [
            0,
            204,
            0,
            0,
            0,
            0
          ],
          [
            0,
            0,
            4,
            1,
            0,
            0
          ],
          [
            0,
            10,
            1,
            383,
            0,
            0
          ],
          [
            0,
            0,
            0,
            0,
            0,
            1
          ],
          [
            0,
            0,
            0,
            0,
            11,
            81
          ]
        ],
        "six_way_labels": [
          "visual",
          "language-prior",
          "alignment",
          "mixed",
          "unclear",
          "no-failure"
        ],
        "signature_mse": 0.004485562102702976
      },
      "prediction_sets": {
        "coverage": 0.7589743589743589,
        "average_set_size": 1.3666666666666667,
        "singleton_rate": 0.4461538461538462,
        "empty_set_rate": 0.22692307692307692
      },
      "action_counts": {
        "blank": 780,
        "grounding": 780,
        "blur": 780,
        "crop": 780,
        "stop": 780
      }
    },
    "blank_first|4|0.95": {
      "row_count": 780,
      "mean_acquisition_cost": 4.0,
      "diagnostic": {
        "record_count": 780,
        "source_bit_micro_f1": 0.9876644736842105,
        "source_bit_macro_f1": 0.9882626985866995,
        "source_bit_hamming_loss": 0.01282051282051282,
        "source_bit_auroc": {
          "visual": 0.9937710437710437,
          "language": 0.9999670844744049,
          "alignment": 0.9962525812985333
        },
        "six_way_macro_f1": 0.7759087991597621,
        "six_way_balanced_accuracy": 0.76748282554396,
        "six_way_confusion_matrix": [
          [
            80,
            0,
            0,
            1,
            1,
            2
          ],
          [
            0,
            204,
            0,
            0,
            0,
            0
          ],
          [
            0,
            0,
            4,
            1,
            0,
            0
          ],
          [
            0,
            10,
            1,
            383,
            0,
            0
          ],
          [
            0,
            0,
            0,
            0,
            0,
            1
          ],
          [
            0,
            0,
            0,
            0,
            11,
            81
          ]
        ],
        "six_way_labels": [
          "visual",
          "language-prior",
          "alignment",
          "mixed",
          "unclear",
          "no-failure"
        ],
        "signature_mse": 0.004485562102702976
      },
      "prediction_sets": {
        "coverage": 0.8333333333333334,
        "average_set_size": 2.1538461538461537,
        "singleton_rate": 0.28076923076923077,
        "empty_set_rate": 0.1641025641025641
      },
      "action_counts": {
        "blank": 780,
        "grounding": 780,
        "blur": 780,
        "crop": 780,
        "stop": 780
      }
    },
    "blank_first|7|0.9": {
      "row_count": 780,
      "mean_acquisition_cost": 6.012820512820513,
      "diagnostic": {
        "record_count": 780,
        "source_bit_micro_f1": 0.9955120359037127,
        "source_bit_macro_f1": 0.9955654333275885,
        "source_bit_hamming_loss": 0.004700854700854701,
        "source_bit_auroc": {
          "visual": 0.999973063973064,
          "language": 0.9999473351590478,
          "alignment": 0.9999736097274544
        },
        "six_way_macro_f1": 0.8115832756916302,
        "six_way_balanced_accuracy": 0.7962042788129744,
        "six_way_confusion_matrix": [
          [
            83,
            0,
            0,
            1,
            0,
            0
          ],
          [
            0,
            204,
            0,
            0,
            0,
            0
          ],
          [
            0,
            0,
            4,
            1,
            0,
            0
          ],
          [
            0,
            0,
            0,
            394,
            0,
            0
          ],
          [
            0,
            0,
            0,
            0,
            0,
            1
          ],
          [
            0,
            0,
            0,
            0,
            1,
            91
          ]
        ],
        "six_way_labels": [
          "visual",
          "language-prior",
          "alignment",
          "mixed",
          "unclear",
          "no-failure"
        ],
        "signature_mse": 0.004838878472146506
      },
      "prediction_sets": {
        "coverage": 0.8102564102564103,
        "average_set_size": 1.4474358974358974,
        "singleton_rate": 0.43846153846153846,
        "empty_set_rate": 0.18717948717948718
      },
      "action_counts": {
        "blank": 780,
        "grounding": 780,
        "blur": 780,
        "crop": 780,
        "brightness": 780,
        "noise": 780,
        "stop": 780,
        "relation": 10
      }
    },
    "blank_first|7|0.95": {
      "row_count": 780,
      "mean_acquisition_cost": 6.012820512820513,
      "diagnostic": {
        "record_count": 780,
        "source_bit_micro_f1": 0.9955120359037127,
        "source_bit_macro_f1": 0.9955654333275885,
        "source_bit_hamming_loss": 0.004700854700854701,
        "source_bit_auroc": {
          "visual": 0.999973063973064,
          "language": 0.9999473351590478,
          "alignment": 0.9999736097274544
        },
        "six_way_macro_f1": 0.8115832756916302,
        "six_way_balanced_accuracy": 0.7962042788129744,
        "six_way_confusion_matrix": [
          [
            83,
            0,
            0,
            1,
            0,
            0
          ],
          [
            0,
            204,
            0,
            0,
            0,
            0
          ],
          [
            0,
            0,
            4,
            1,
            0,
            0
          ],
          [
            0,
            0,
            0,
            394,
            0,
            0
          ],
          [
            0,
            0,
            0,
            0,
            0,
            1
          ],
          [
            0,
            0,
            0,
            0,
            1,
            91
          ]
        ],
        "six_way_labels": [
          "visual",
          "language-prior",
          "alignment",
          "mixed",
          "unclear",
          "no-failure"
        ],
        "signature_mse": 0.004838878472146506
      },
      "prediction_sets": {
        "coverage": 0.8743589743589744,
        "average_set_size": 2.396153846153846,
        "singleton_rate": 0.35128205128205126,
        "empty_set_rate": 0.12307692307692308
      },
      "action_counts": {
        "blank": 780,
        "grounding": 780,
        "blur": 780,
        "crop": 780,
        "brightness": 780,
        "noise": 780,
        "stop": 780,
        "relation": 10
      }
    },
    "clean_only_learned|1|0.9": {
      "row_count": 780,
      "mean_acquisition_cost": 0.0,
      "diagnostic": {
        "record_count": 780,
        "source_bit_micro_f1": 0.7888019761218609,
        "source_bit_macro_f1": 0.7955528945150888,
        "source_bit_hamming_loss": 0.21923076923076923,
        "source_bit_auroc": {
          "visual": 0.9192727272727272,
          "language": 0.5592347798609647,
          "alignment": 0.9852808254877252
        },
        "six_way_macro_f1": 0.26323495176163925,
        "six_way_balanced_accuracy": 0.3196018207179878,
        "six_way_confusion_matrix": [
          [
            0,
            19,
            12,
            4,
            29,
            20
          ],
          [
            0,
            32,
            8,
            0,
            24,
            140
          ],
          [
            0,
            0,
            1,
            3,
            1,
            0
          ],
          [
            7,
            12,
            22,
            328,
            21,
            4
          ],
          [
            0,
            0,
            1,
            0,
            0,
            0
          ],
          [
            0,
            15,
            4,
            0,
            6,
            67
          ]
        ],
        "six_way_labels": [
          "visual",
          "language-prior",
          "alignment",
          "mixed",
          "unclear",
          "no-failure"
        ],
        "signature_mse": 0.10365753139770176
      },
      "prediction_sets": {
        "coverage": 0.6961538461538461,
        "average_set_size": 2.571794871794872,
        "singleton_rate": 0.16794871794871793,
        "empty_set_rate": 0.23974358974358975
      },
      "action_counts": {
        "stop": 780
      }
    },
    "clean_only_learned|1|0.95": {
      "row_count": 780,
      "mean_acquisition_cost": 0.0,
      "diagnostic": {
        "record_count": 780,
        "source_bit_micro_f1": 0.7888019761218609,
        "source_bit_macro_f1": 0.7955528945150888,
        "source_bit_hamming_loss": 0.21923076923076923,
        "source_bit_auroc": {
          "visual": 0.9192727272727272,
          "language": 0.5592347798609647,
          "alignment": 0.9852808254877252
        },
        "six_way_macro_f1": 0.26323495176163925,
        "six_way_balanced_accuracy": 0.3196018207179878,
        "six_way_confusion_matrix": [
          [
            0,
            19,
            12,
            4,
            29,
            20
          ],
          [
            0,
            32,
            8,
            0,
            24,
            140
          ],
          [
            0,
            0,
            1,
            3,
            1,
            0
          ],
          [
            7,
            12,
            22,
            328,
            21,
            4
          ],
          [
            0,
            0,
            1,
            0,
            0,
            0
          ],
          [
            0,
            15,
            4,
            0,
            6,
            67
          ]
        ],
        "six_way_labels": [
          "visual",
          "language-prior",
          "alignment",
          "mixed",
          "unclear",
          "no-failure"
        ],
        "signature_mse": 0.10365753139770176
      },
      "prediction_sets": {
        "coverage": 0.9576923076923077,
        "average_set_size": 3.417948717948718,
        "singleton_rate": 0.3230769230769231,
        "empty_set_rate": 0.0
      },
      "action_counts": {
        "stop": 780
      }
    },
    "clean_only_learned|2|0.9": {
      "row_count": 780,
      "mean_acquisition_cost": 0.0,
      "diagnostic": {
        "record_count": 780,
        "source_bit_micro_f1": 0.7888019761218609,
        "source_bit_macro_f1": 0.7955528945150888,
        "source_bit_hamming_loss": 0.21923076923076923,
        "source_bit_auroc": {
          "visual": 0.9192727272727272,
          "language": 0.5592347798609647,
          "alignment": 0.9852808254877252
        },
        "six_way_macro_f1": 0.26323495176163925,
        "six_way_balanced_accuracy": 0.3196018207179878,
        "six_way_confusion_matrix": [
          [
            0,
            19,
            12,
            4,
            29,
            20
          ],
          [
            0,
            32,
            8,
            0,
            24,
            140
          ],
          [
            0,
            0,
            1,
            3,
            1,
            0
          ],
          [
            7,
            12,
            22,
            328,
            21,
            4
          ],
          [
            0,
            0,
            1,
            0,
            0,
            0
          ],
          [
            0,
            15,
            4,
            0,
            6,
            67
          ]
        ],
        "six_way_labels": [
          "visual",
          "language-prior",
          "alignment",
          "mixed",
          "unclear",
          "no-failure"
        ],
        "signature_mse": 0.10365753139770176
      },
      "prediction_sets": {
        "coverage": 0.6961538461538461,
        "average_set_size": 2.571794871794872,
        "singleton_rate": 0.16794871794871793,
        "empty_set_rate": 0.23974358974358975
      },
      "action_counts": {
        "stop": 780
      }
    },
    "clean_only_learned|2|0.95": {
      "row_count": 780,
      "mean_acquisition_cost": 0.0,
      "diagnostic": {
        "record_count": 780,
        "source_bit_micro_f1": 0.7888019761218609,
        "source_bit_macro_f1": 0.7955528945150888,
        "source_bit_hamming_loss": 0.21923076923076923,
        "source_bit_auroc": {
          "visual": 0.9192727272727272,
          "language": 0.5592347798609647,
          "alignment": 0.9852808254877252
        },
        "six_way_macro_f1": 0.26323495176163925,
        "six_way_balanced_accuracy": 0.3196018207179878,
        "six_way_confusion_matrix": [
          [
            0,
            19,
            12,
            4,
            29,
            20
          ],
          [
            0,
            32,
            8,
            0,
            24,
            140
          ],
          [
            0,
            0,
            1,
            3,
            1,
            0
          ],
          [
            7,
            12,
            22,
            328,
            21,
            4
          ],
          [
            0,
            0,
            1,
            0,
            0,
            0
          ],
          [
            0,
            15,
            4,
            0,
            6,
            67
          ]
        ],
        "six_way_labels": [
          "visual",
          "language-prior",
          "alignment",
          "mixed",
          "unclear",
          "no-failure"
        ],
        "signature_mse": 0.10365753139770176
      },
      "prediction_sets": {
        "coverage": 0.9576923076923077,
        "average_set_size": 3.417948717948718,
        "singleton_rate": 0.3230769230769231,
        "empty_set_rate": 0.0
      },
      "action_counts": {
        "stop": 780
      }
    },
    "clean_only_learned|3|0.9": {
      "row_count": 780,
      "mean_acquisition_cost": 0.0,
      "diagnostic": {
        "record_count": 780,
        "source_bit_micro_f1": 0.7888019761218609,
        "source_bit_macro_f1": 0.7955528945150888,
        "source_bit_hamming_loss": 0.21923076923076923,
        "source_bit_auroc": {
          "visual": 0.9192727272727272,
          "language": 0.5592347798609647,
          "alignment": 0.9852808254877252
        },
        "six_way_macro_f1": 0.26323495176163925,
        "six_way_balanced_accuracy": 0.3196018207179878,
        "six_way_confusion_matrix": [
          [
            0,
            19,
            12,
            4,
            29,
            20
          ],
          [
            0,
            32,
            8,
            0,
            24,
            140
          ],
          [
            0,
            0,
            1,
            3,
            1,
            0
          ],
          [
            7,
            12,
            22,
            328,
            21,
            4
          ],
          [
            0,
            0,
            1,
            0,
            0,
            0
          ],
          [
            0,
            15,
            4,
            0,
            6,
            67
          ]
        ],
        "six_way_labels": [
          "visual",
          "language-prior",
          "alignment",
          "mixed",
          "unclear",
          "no-failure"
        ],
        "signature_mse": 0.10365753139770176
      },
      "prediction_sets": {
        "coverage": 0.6961538461538461,
        "average_set_size": 2.571794871794872,
        "singleton_rate": 0.16794871794871793,
        "empty_set_rate": 0.23974358974358975
      },
      "action_counts": {
        "stop": 780
      }
    },
    "clean_only_learned|3|0.95": {
      "row_count": 780,
      "mean_acquisition_cost": 0.0,
      "diagnostic": {
        "record_count": 780,
        "source_bit_micro_f1": 0.7888019761218609,
        "source_bit_macro_f1": 0.7955528945150888,
        "source_bit_hamming_loss": 0.21923076923076923,
        "source_bit_auroc": {
          "visual": 0.9192727272727272,
          "language": 0.5592347798609647,
          "alignment": 0.9852808254877252
        },
        "six_way_macro_f1": 0.26323495176163925,
        "six_way_balanced_accuracy": 0.3196018207179878,
        "six_way_confusion_matrix": [
          [
            0,
            19,
            12,
            4,
            29,
            20
          ],
          [
            0,
            32,
            8,
            0,
            24,
            140
          ],
          [
            0,
            0,
            1,
            3,
            1,
            0
          ],
          [
            7,
            12,
            22,
            328,
            21,
            4
          ],
          [
            0,
            0,
            1,
            0,
            0,
            0
          ],
          [
            0,
            15,
            4,
            0,
            6,
            67
          ]
        ],
        "six_way_labels": [
          "visual",
          "language-prior",
          "alignment",
          "mixed",
          "unclear",
          "no-failure"
        ],
        "signature_mse": 0.10365753139770176
      },
      "prediction_sets": {
        "coverage": 0.9576923076923077,
        "average_set_size": 3.417948717948718,
        "singleton_rate": 0.3230769230769231,
        "empty_set_rate": 0.0
      },
      "action_counts": {
        "stop": 780
      }
    },
    "clean_only_learned|4|0.9": {
      "row_count": 780,
      "mean_acquisition_cost": 0.0,
      "diagnostic": {
        "record_count": 780,
        "source_bit_micro_f1": 0.7888019761218609,
        "source_bit_macro_f1": 0.7955528945150888,
        "source_bit_hamming_loss": 0.21923076923076923,
        "source_bit_auroc": {
          "visual": 0.9192727272727272,
          "language": 0.5592347798609647,
          "alignment": 0.9852808254877252
        },
        "six_way_macro_f1": 0.26323495176163925,
        "six_way_balanced_accuracy": 0.3196018207179878,
        "six_way_confusion_matrix": [
          [
            0,
            19,
            12,
            4,
            29,
            20
          ],
          [
            0,
            32,
            8,
            0,
            24,
            140
          ],
          [
            0,
            0,
            1,
            3,
            1,
            0
          ],
          [
            7,
            12,
            22,
            328,
            21,
            4
          ],
          [
            0,
            0,
            1,
            0,
            0,
            0
          ],
          [
            0,
            15,
            4,
            0,
            6,
            67
          ]
        ],
        "six_way_labels": [
          "visual",
          "language-prior",
          "alignment",
          "mixed",
          "unclear",
          "no-failure"
        ],
        "signature_mse": 0.10365753139770176
      },
      "prediction_sets": {
        "coverage": 0.6961538461538461,
        "average_set_size": 2.571794871794872,
        "singleton_rate": 0.16794871794871793,
        "empty_set_rate": 0.23974358974358975
      },
      "action_counts": {
        "stop": 780
      }
    },
    "clean_only_learned|4|0.95": {
      "row_count": 780,
      "mean_acquisition_cost": 0.0,
      "diagnostic": {
        "record_count": 780,
        "source_bit_micro_f1": 0.7888019761218609,
        "source_bit_macro_f1": 0.7955528945150888,
        "source_bit_hamming_loss": 0.21923076923076923,
        "source_bit_auroc": {
          "visual": 0.9192727272727272,
          "language": 0.5592347798609647,
          "alignment": 0.9852808254877252
        },
        "six_way_macro_f1": 0.26323495176163925,
        "six_way_balanced_accuracy": 0.3196018207179878,
        "six_way_confusion_matrix": [
          [
            0,
            19,
            12,
            4,
            29,
            20
          ],
          [
            0,
            32,
            8,
            0,
            24,
            140
          ],
          [
            0,
            0,
            1,
            3,
            1,
            0
          ],
          [
            7,
            12,
            22,
            328,
            21,
            4
          ],
          [
            0,
            0,
            1,
            0,
            0,
            0
          ],
          [
            0,
            15,
            4,
            0,
            6,
            67
          ]
        ],
        "six_way_labels": [
          "visual",
          "language-prior",
          "alignment",
          "mixed",
          "unclear",
          "no-failure"
        ],
        "signature_mse": 0.10365753139770176
      },
      "prediction_sets": {
        "coverage": 0.9576923076923077,
        "average_set_size": 3.417948717948718,
        "singleton_rate": 0.3230769230769231,
        "empty_set_rate": 0.0
      },
      "action_counts": {
        "stop": 780
      }
    },
    "clean_only_learned|7|0.9": {
      "row_count": 780,
      "mean_acquisition_cost": 0.0,
      "diagnostic": {
        "record_count": 780,
        "source_bit_micro_f1": 0.7888019761218609,
        "source_bit_macro_f1": 0.7955528945150888,
        "source_bit_hamming_loss": 0.21923076923076923,
        "source_bit_auroc": {
          "visual": 0.9192727272727272,
          "language": 0.5592347798609647,
          "alignment": 0.9852808254877252
        },
        "six_way_macro_f1": 0.26323495176163925,
        "six_way_balanced_accuracy": 0.3196018207179878,
        "six_way_confusion_matrix": [
          [
            0,
            19,
            12,
            4,
            29,
            20
          ],
          [
            0,
            32,
            8,
            0,
            24,
            140
          ],
          [
            0,
            0,
            1,
            3,
            1,
            0
          ],
          [
            7,
            12,
            22,
            328,
            21,
            4
          ],
          [
            0,
            0,
            1,
            0,
            0,
            0
          ],
          [
            0,
            15,
            4,
            0,
            6,
            67
          ]
        ],
        "six_way_labels": [
          "visual",
          "language-prior",
          "alignment",
          "mixed",
          "unclear",
          "no-failure"
        ],
        "signature_mse": 0.10365753139770176
      },
      "prediction_sets": {
        "coverage": 0.6961538461538461,
        "average_set_size": 2.571794871794872,
        "singleton_rate": 0.16794871794871793,
        "empty_set_rate": 0.23974358974358975
      },
      "action_counts": {
        "stop": 780
      }
    },
    "clean_only_learned|7|0.95": {
      "row_count": 780,
      "mean_acquisition_cost": 0.0,
      "diagnostic": {
        "record_count": 780,
        "source_bit_micro_f1": 0.7888019761218609,
        "source_bit_macro_f1": 0.7955528945150888,
        "source_bit_hamming_loss": 0.21923076923076923,
        "source_bit_auroc": {
          "visual": 0.9192727272727272,
          "language": 0.5592347798609647,
          "alignment": 0.9852808254877252
        },
        "six_way_macro_f1": 0.26323495176163925,
        "six_way_balanced_accuracy": 0.3196018207179878,
        "six_way_confusion_matrix": [
          [
            0,
            19,
            12,
            4,
            29,
            20
          ],
          [
            0,
            32,
            8,
            0,
            24,
            140
          ],
          [
            0,
            0,
            1,
            3,
            1,
            0
          ],
          [
            7,
            12,
            22,
            328,
            21,
            4
          ],
          [
            0,
            0,
            1,
            0,
            0,
            0
          ],
          [
            0,
            15,
            4,
            0,
            6,
            67
          ]
        ],
        "six_way_labels": [
          "visual",
          "language-prior",
          "alignment",
          "mixed",
          "unclear",
          "no-failure"
        ],
        "signature_mse": 0.10365753139770176
      },
      "prediction_sets": {
        "coverage": 0.9576923076923077,
        "average_set_size": 3.417948717948718,
        "singleton_rate": 0.3230769230769231,
        "empty_set_rate": 0.0
      },
      "action_counts": {
        "stop": 780
      }
    },
    "grounding_first|1|0.9": {
      "row_count": 780,
      "mean_acquisition_cost": 1.0,
      "diagnostic": {
        "record_count": 780,
        "source_bit_micro_f1": 0.802013422818792,
        "source_bit_macro_f1": 0.8101441020237038,
        "source_bit_hamming_loss": 0.20170940170940171,
        "source_bit_auroc": {
          "visual": 0.9173804713804714,
          "language": 0.5476814303770803,
          "alignment": 0.9922742477122932
        },
        "six_way_macro_f1": 0.304703595615099,
        "six_way_balanced_accuracy": 0.4186943106529745,
        "six_way_confusion_matrix": [
          [
            7,
            4,
            0,
            0,
            54,
            19
          ],
          [
            6,
            13,
            0,
            0,
            53,
            132
          ],
          [
            0,
            0,
            4,
            1,
            0,
            0
          ],
          [
            7,
            1,
            24,
            334,
            25,
            3
          ],
          [
            1,
            0,
            0,
            0,
            0,
            0
          ],
          [
            2,
            3,
            0,
            0,
            21,
            66
          ]
        ],
        "six_way_labels": [
          "visual",
          "language-prior",
          "alignment",
          "mixed",
          "unclear",
          "no-failure"
        ],
        "signature_mse": 0.10392909251589824
      },
      "prediction_sets": {
        "coverage": 0.9743589743589743,
        "average_set_size": 3.325641025641026,
        "singleton_rate": 0.2833333333333333,
        "empty_set_rate": 0.0
      },
      "action_counts": {
        "grounding": 780,
        "stop": 780
      }
    },
    "grounding_first|1|0.95": {
      "row_count": 780,
      "mean_acquisition_cost": 1.0,
      "diagnostic": {
        "record_count": 780,
        "source_bit_micro_f1": 0.802013422818792,
        "source_bit_macro_f1": 0.8101441020237038,
        "source_bit_hamming_loss": 0.20170940170940171,
        "source_bit_auroc": {
          "visual": 0.9173804713804714,
          "language": 0.5476814303770803,
          "alignment": 0.9922742477122932
        },
        "six_way_macro_f1": 0.304703595615099,
        "six_way_balanced_accuracy": 0.4186943106529745,
        "six_way_confusion_matrix": [
          [
            7,
            4,
            0,
            0,
            54,
            19
          ],
          [
            6,
            13,
            0,
            0,
            53,
            132
          ],
          [
            0,
            0,
            4,
            1,
            0,
            0
          ],
          [
            7,
            1,
            24,
            334,
            25,
            3
          ],
          [
            1,
            0,
            0,
            0,
            0,
            0
          ],
          [
            2,
            3,
            0,
            0,
            21,
            66
          ]
        ],
        "six_way_labels": [
          "visual",
          "language-prior",
          "alignment",
          "mixed",
          "unclear",
          "no-failure"
        ],
        "signature_mse": 0.10392909251589824
      },
      "prediction_sets": {
        "coverage": 0.9871794871794872,
        "average_set_size": 3.5474358974358973,
        "singleton_rate": 0.10384615384615385,
        "empty_set_rate": 0.0
      },
      "action_counts": {
        "grounding": 780,
        "stop": 780
      }
    },
    "grounding_first|2|0.9": {
      "row_count": 780,
      "mean_acquisition_cost": 2.0,
      "diagnostic": {
        "record_count": 780,
        "source_bit_micro_f1": 0.955482275350371,
        "source_bit_macro_f1": 0.9588555417105941,
        "source_bit_hamming_loss": 0.046153846153846156,
        "source_bit_auroc": {
          "visual": 0.9452592592592592,
          "language": 0.9999868337897619,
          "alignment": 0.9954410804177579
        },
        "six_way_macro_f1": 0.6239072508783706,
        "six_way_balanced_accuracy": 0.6844157356902888,
        "six_way_confusion_matrix": [
          [
            55,
            0,
            0,
            1,
            3,
            25
          ],
          [
            0,
            204,
            0,
            0,
            0,
            0
          ],
          [
            0,
            0,
            4,
            1,
            0,
            0
          ],
          [
            0,
            34,
            9,
            351,
            0,
            0
          ],
          [
            1,
            0,
            0,
            0,
            0,
            0
          ],
          [
            20,
            0,
            0,
            0,
            2,
            70
          ]
        ],
        "six_way_labels": [
          "visual",
          "language-prior",
          "alignment",
          "mixed",
          "unclear",
          "no-failure"
        ],
        "signature_mse": 0.0041231528960961016
      },
      "prediction_sets": {
        "coverage": 0.7833333333333333,
        "average_set_size": 1.8153846153846154,
        "singleton_rate": 0.4641025641025641,
        "empty_set_rate": 0.16666666666666666
      },
      "action_counts": {
        "grounding": 780,
        "blank": 780,
        "stop": 780
      }
    },
    "grounding_first|2|0.95": {
      "row_count": 780,
      "mean_acquisition_cost": 2.0,
      "diagnostic": {
        "record_count": 780,
        "source_bit_micro_f1": 0.955482275350371,
        "source_bit_macro_f1": 0.9588555417105941,
        "source_bit_hamming_loss": 0.046153846153846156,
        "source_bit_auroc": {
          "visual": 0.9452592592592592,
          "language": 0.9999868337897619,
          "alignment": 0.9954410804177579
        },
        "six_way_macro_f1": 0.6239072508783706,
        "six_way_balanced_accuracy": 0.6844157356902888,
        "six_way_confusion_matrix": [
          [
            55,
            0,
            0,
            1,
            3,
            25
          ],
          [
            0,
            204,
            0,
            0,
            0,
            0
          ],
          [
            0,
            0,
            4,
            1,
            0,
            0
          ],
          [
            0,
            34,
            9,
            351,
            0,
            0
          ],
          [
            1,
            0,
            0,
            0,
            0,
            0
          ],
          [
            20,
            0,
            0,
            0,
            2,
            70
          ]
        ],
        "six_way_labels": [
          "visual",
          "language-prior",
          "alignment",
          "mixed",
          "unclear",
          "no-failure"
        ],
        "signature_mse": 0.0041231528960961016
      },
      "prediction_sets": {
        "coverage": 0.8153846153846154,
        "average_set_size": 2.23974358974359,
        "singleton_rate": 0.15128205128205127,
        "empty_set_rate": 0.16025641025641027
      },
      "action_counts": {
        "grounding": 780,
        "blank": 780,
        "stop": 780
      }
    },
    "grounding_first|3|0.9": {
      "row_count": 780,
      "mean_acquisition_cost": 3.0,
      "diagnostic": {
        "record_count": 780,
        "source_bit_micro_f1": 0.9742738589211618,
        "source_bit_macro_f1": 0.9757073871064117,
        "source_bit_hamming_loss": 0.026495726495726495,
        "source_bit_auroc": {
          "visual": 0.9756228956228956,
          "language": 0.9999868337897619,
          "alignment": 0.9966022524097617
        },
        "six_way_macro_f1": 0.7183310860331305,
        "six_way_balanced_accuracy": 0.7259409605083849,
        "six_way_confusion_matrix": [
          [
            65,
            0,
            0,
            1,
            9,
            9
          ],
          [
            0,
            204,
            0,
            0,
            0,
            0
          ],
          [
            0,
            0,
            4,
            1,
            0,
            0
          ],
          [
            0,
            23,
            3,
            368,
            0,
            0
          ],
          [
            0,
            0,
            0,
            0,
            0,
            1
          ],
          [
            1,
            0,
            0,
            0,
            13,
            78
          ]
        ],
        "six_way_labels": [
          "visual",
          "language-prior",
          "alignment",
          "mixed",
          "unclear",
          "no-failure"
        ],
        "signature_mse": 0.0041039183589566455
      },
      "prediction_sets": {
        "coverage": 0.7038461538461539,
        "average_set_size": 1.3153846153846154,
        "singleton_rate": 0.4564102564102564,
        "empty_set_rate": 0.2641025641025641
      },
      "action_counts": {
        "grounding": 780,
        "blank": 780,
        "blur": 780,
        "stop": 780
      }
    },
    "grounding_first|3|0.95": {
      "row_count": 780,
      "mean_acquisition_cost": 3.0,
      "diagnostic": {
        "record_count": 780,
        "source_bit_micro_f1": 0.9742738589211618,
        "source_bit_macro_f1": 0.9757073871064117,
        "source_bit_hamming_loss": 0.026495726495726495,
        "source_bit_auroc": {
          "visual": 0.9756228956228956,
          "language": 0.9999868337897619,
          "alignment": 0.9966022524097617
        },
        "six_way_macro_f1": 0.7183310860331305,
        "six_way_balanced_accuracy": 0.7259409605083849,
        "six_way_confusion_matrix": [
          [
            65,
            0,
            0,
            1,
            9,
            9
          ],
          [
            0,
            204,
            0,
            0,
            0,
            0
          ],
          [
            0,
            0,
            4,
            1,
            0,
            0
          ],
          [
            0,
            23,
            3,
            368,
            0,
            0
          ],
          [
            0,
            0,
            0,
            0,
            0,
            1
          ],
          [
            1,
            0,
            0,
            0,
            13,
            78
          ]
        ],
        "six_way_labels": [
          "visual",
          "language-prior",
          "alignment",
          "mixed",
          "unclear",
          "no-failure"
        ],
        "signature_mse": 0.0041039183589566455
      },
      "prediction_sets": {
        "coverage": 0.8269230769230769,
        "average_set_size": 2.0256410256410255,
        "singleton_rate": 0.24871794871794872,
        "empty_set_rate": 0.16538461538461538
      },
      "action_counts": {
        "grounding": 780,
        "blank": 780,
        "blur": 780,
        "stop": 780
      }
    },
    "grounding_first|4|0.9": {
      "row_count": 780,
      "mean_acquisition_cost": 4.0,
      "diagnostic": {
        "record_count": 780,
        "source_bit_micro_f1": 0.9876644736842105,
        "source_bit_macro_f1": 0.9882626985866995,
        "source_bit_hamming_loss": 0.01282051282051282,
        "source_bit_auroc": {
          "visual": 0.9937710437710437,
          "language": 0.9999670844744049,
          "alignment": 0.9962525812985333
        },
        "six_way_macro_f1": 0.7759087991597621,
        "six_way_balanced_accuracy": 0.76748282554396,
        "six_way_confusion_matrix": [
          [
            80,
            0,
            0,
            1,
            1,
            2
          ],
          [
            0,
            204,
            0,
            0,
            0,
            0
          ],
          [
            0,
            0,
            4,
            1,
            0,
            0
          ],
          [
            0,
            10,
            1,
            383,
            0,
            0
          ],
          [
            0,
            0,
            0,
            0,
            0,
            1
          ],
          [
            0,
            0,
            0,
            0,
            11,
            81
          ]
        ],
        "six_way_labels": [
          "visual",
          "language-prior",
          "alignment",
          "mixed",
          "unclear",
          "no-failure"
        ],
        "signature_mse": 0.004485562102702976
      },
      "prediction_sets": {
        "coverage": 0.7589743589743589,
        "average_set_size": 1.3666666666666667,
        "singleton_rate": 0.4461538461538462,
        "empty_set_rate": 0.22692307692307692
      },
      "action_counts": {
        "grounding": 780,
        "blank": 780,
        "blur": 780,
        "crop": 780,
        "stop": 780
      }
    },
    "grounding_first|4|0.95": {
      "row_count": 780,
      "mean_acquisition_cost": 4.0,
      "diagnostic": {
        "record_count": 780,
        "source_bit_micro_f1": 0.9876644736842105,
        "source_bit_macro_f1": 0.9882626985866995,
        "source_bit_hamming_loss": 0.01282051282051282,
        "source_bit_auroc": {
          "visual": 0.9937710437710437,
          "language": 0.9999670844744049,
          "alignment": 0.9962525812985333
        },
        "six_way_macro_f1": 0.7759087991597621,
        "six_way_balanced_accuracy": 0.76748282554396,
        "six_way_confusion_matrix": [
          [
            80,
            0,
            0,
            1,
            1,
            2
          ],
          [
            0,
            204,
            0,
            0,
            0,
            0
          ],
          [
            0,
            0,
            4,
            1,
            0,
            0
          ],
          [
            0,
            10,
            1,
            383,
            0,
            0
          ],
          [
            0,
            0,
            0,
            0,
            0,
            1
          ],
          [
            0,
            0,
            0,
            0,
            11,
            81
          ]
        ],
        "six_way_labels": [
          "visual",
          "language-prior",
          "alignment",
          "mixed",
          "unclear",
          "no-failure"
        ],
        "signature_mse": 0.004485562102702976
      },
      "prediction_sets": {
        "coverage": 0.8333333333333334,
        "average_set_size": 2.1538461538461537,
        "singleton_rate": 0.28076923076923077,
        "empty_set_rate": 0.1641025641025641
      },
      "action_counts": {
        "grounding": 780,
        "blank": 780,
        "blur": 780,
        "crop": 780,
        "stop": 780
      }
    },
    "grounding_first|7|0.9": {
      "row_count": 780,
      "mean_acquisition_cost": 6.012820512820513,
      "diagnostic": {
        "record_count": 780,
        "source_bit_micro_f1": 0.9955120359037127,
        "source_bit_macro_f1": 0.9955654333275885,
        "source_bit_hamming_loss": 0.004700854700854701,
        "source_bit_auroc": {
          "visual": 0.999973063973064,
          "language": 0.9999473351590478,
          "alignment": 0.9999736097274544
        },
        "six_way_macro_f1": 0.8115832756916302,
        "six_way_balanced_accuracy": 0.7962042788129744,
        "six_way_confusion_matrix": [
          [
            83,
            0,
            0,
            1,
            0,
            0
          ],
          [
            0,
            204,
            0,
            0,
            0,
            0
          ],
          [
            0,
            0,
            4,
            1,
            0,
            0
          ],
          [
            0,
            0,
            0,
            394,
            0,
            0
          ],
          [
            0,
            0,
            0,
            0,
            0,
            1
          ],
          [
            0,
            0,
            0,
            0,
            1,
            91
          ]
        ],
        "six_way_labels": [
          "visual",
          "language-prior",
          "alignment",
          "mixed",
          "unclear",
          "no-failure"
        ],
        "signature_mse": 0.004838878472146506
      },
      "prediction_sets": {
        "coverage": 0.8102564102564103,
        "average_set_size": 1.4474358974358974,
        "singleton_rate": 0.43846153846153846,
        "empty_set_rate": 0.18717948717948718
      },
      "action_counts": {
        "grounding": 780,
        "blank": 780,
        "blur": 780,
        "crop": 780,
        "brightness": 780,
        "noise": 780,
        "stop": 780,
        "relation": 10
      }
    },
    "grounding_first|7|0.95": {
      "row_count": 780,
      "mean_acquisition_cost": 6.012820512820513,
      "diagnostic": {
        "record_count": 780,
        "source_bit_micro_f1": 0.9955120359037127,
        "source_bit_macro_f1": 0.9955654333275885,
        "source_bit_hamming_loss": 0.004700854700854701,
        "source_bit_auroc": {
          "visual": 0.999973063973064,
          "language": 0.9999473351590478,
          "alignment": 0.9999736097274544
        },
        "six_way_macro_f1": 0.8115832756916302,
        "six_way_balanced_accuracy": 0.7962042788129744,
        "six_way_confusion_matrix": [
          [
            83,
            0,
            0,
            1,
            0,
            0
          ],
          [
            0,
            204,
            0,
            0,
            0,
            0
          ],
          [
            0,
            0,
            4,
            1,
            0,
            0
          ],
          [
            0,
            0,
            0,
            394,
            0,
            0
          ],
          [
            0,
            0,
            0,
            0,
            0,
            1
          ],
          [
            0,
            0,
            0,
            0,
            1,
            91
          ]
        ],
        "six_way_labels": [
          "visual",
          "language-prior",
          "alignment",
          "mixed",
          "unclear",
          "no-failure"
        ],
        "signature_mse": 0.004838878472146506
      },
      "prediction_sets": {
        "coverage": 0.8743589743589744,
        "average_set_size": 2.396153846153846,
        "singleton_rate": 0.35128205128205126,
        "empty_set_rate": 0.12307692307692308
      },
      "action_counts": {
        "grounding": 780,
        "blank": 780,
        "blur": 780,
        "crop": 780,
        "brightness": 780,
        "noise": 780,
        "stop": 780,
        "relation": 10
      }
    },
    "proactive|1|0.9": {
      "row_count": 780,
      "mean_acquisition_cost": 1.0,
      "diagnostic": {
        "record_count": 780,
        "source_bit_micro_f1": 0.8804867448935245,
        "source_bit_macro_f1": 0.8801565007499815,
        "source_bit_hamming_loss": 0.11752136752136752,
        "source_bit_auroc": {
          "visual": 0.9421683501683501,
          "language": 0.9136559932589003,
          "alignment": 0.9862308752993645
        },
        "six_way_macro_f1": 0.5602313773838,
        "six_way_balanced_accuracy": 0.6136191937232481,
        "six_way_confusion_matrix": [
          [
            47,
            0,
            0,
            0,
            12,
            25
          ],
          [
            4,
            190,
            0,
            1,
            9,
            0
          ],
          [
            1,
            0,
            3,
            1,
            0,
            0
          ],
          [
            16,
            26,
            15,
            327,
            9,
            1
          ],
          [
            1,
            0,
            0,
            0,
            0,
            0
          ],
          [
            19,
            0,
            0,
            0,
            3,
            70
          ]
        ],
        "six_way_labels": [
          "visual",
          "language-prior",
          "alignment",
          "mixed",
          "unclear",
          "no-failure"
        ],
        "signature_mse": 0.05321366978381555
      },
      "prediction_sets": {
        "coverage": 0.9205128205128205,
        "average_set_size": 2.2192307692307693,
        "singleton_rate": 0.5461538461538461,
        "empty_set_rate": 0.026923076923076925
      },
      "action_counts": {
        "blur": 24,
        "stop": 780,
        "blank": 421,
        "grounding": 325,
        "brightness": 10
      }
    },
    "proactive|1|0.95": {
      "row_count": 780,
      "mean_acquisition_cost": 1.0,
      "diagnostic": {
        "record_count": 780,
        "source_bit_micro_f1": 0.8804867448935245,
        "source_bit_macro_f1": 0.8801565007499815,
        "source_bit_hamming_loss": 0.11752136752136752,
        "source_bit_auroc": {
          "visual": 0.9421683501683501,
          "language": 0.9136559932589003,
          "alignment": 0.9862308752993645
        },
        "six_way_macro_f1": 0.5602313773838,
        "six_way_balanced_accuracy": 0.6136191937232481,
        "six_way_confusion_matrix": [
          [
            47,
            0,
            0,
            0,
            12,
            25
          ],
          [
            4,
            190,
            0,
            1,
            9,
            0
          ],
          [
            1,
            0,
            3,
            1,
            0,
            0
          ],
          [
            16,
            26,
            15,
            327,
            9,
            1
          ],
          [
            1,
            0,
            0,
            0,
            0,
            0
          ],
          [
            19,
            0,
            0,
            0,
            3,
            70
          ]
        ],
        "six_way_labels": [
          "visual",
          "language-prior",
          "alignment",
          "mixed",
          "unclear",
          "no-failure"
        ],
        "signature_mse": 0.05321366978381555
      },
      "prediction_sets": {
        "coverage": 0.9448717948717948,
        "average_set_size": 2.632051282051282,
        "singleton_rate": 0.17564102564102563,
        "empty_set_rate": 0.023076923076923078
      },
      "action_counts": {
        "blur": 24,
        "stop": 780,
        "blank": 421,
        "grounding": 325,
        "brightness": 10
      }
    },
    "proactive|2|0.9": {
      "row_count": 780,
      "mean_acquisition_cost": 2.0,
      "diagnostic": {
        "record_count": 780,
        "source_bit_micro_f1": 0.9462092333756883,
        "source_bit_macro_f1": 0.94759732172733,
        "source_bit_hamming_loss": 0.054273504273504275,
        "source_bit_auroc": {
          "visual": 0.9715420875420875,
          "language": 0.9929560775226459,
          "alignment": 0.9891008174386922
        },
        "six_way_macro_f1": 0.6534915938563189,
        "six_way_balanced_accuracy": 0.684098474231155,
        "six_way_confusion_matrix": [
          [
            67,
            0,
            0,
            1,
            8,
            8
          ],
          [
            0,
            203,
            0,
            0,
            0,
            1
          ],
          [
            1,
            0,
            3,
            1,
            0,
            0
          ],
          [
            4,
            30,
            9,
            349,
            1,
            1
          ],
          [
            1,
            0,
            0,
            0,
            0,
            0
          ],
          [
            1,
            0,
            0,
            0,
            15,
            76
          ]
        ],
        "six_way_labels": [
          "visual",
          "language-prior",
          "alignment",
          "mixed",
          "unclear",
          "no-failure"
        ],
        "signature_mse": 0.019678515828988125
      },
      "prediction_sets": {
        "coverage": 0.7769230769230769,
        "average_set_size": 1.6833333333333333,
        "singleton_rate": 0.43205128205128207,
        "empty_set_rate": 0.1782051282051282
      },
      "action_counts": {
        "blank": 642,
        "blur": 510,
        "stop": 780,
        "grounding": 399,
        "noise": 2,
        "crop": 3,
        "brightness": 4
      }
    },
    "proactive|2|0.95": {
      "row_count": 780,
      "mean_acquisition_cost": 2.0,
      "diagnostic": {
        "record_count": 780,
        "source_bit_micro_f1": 0.9462092333756883,
        "source_bit_macro_f1": 0.94759732172733,
        "source_bit_hamming_loss": 0.054273504273504275,
        "source_bit_auroc": {
          "visual": 0.9715420875420875,
          "language": 0.9929560775226459,
          "alignment": 0.9891008174386922
        },
        "six_way_macro_f1": 0.6534915938563189,
        "six_way_balanced_accuracy": 0.684098474231155,
        "six_way_confusion_matrix": [
          [
            67,
            0,
            0,
            1,
            8,
            8
          ],
          [
            0,
            203,
            0,
            0,
            0,
            1
          ],
          [
            1,
            0,
            3,
            1,
            0,
            0
          ],
          [
            4,
            30,
            9,
            349,
            1,
            1
          ],
          [
            1,
            0,
            0,
            0,
            0,
            0
          ],
          [
            1,
            0,
            0,
            0,
            15,
            76
          ]
        ],
        "six_way_labels": [
          "visual",
          "language-prior",
          "alignment",
          "mixed",
          "unclear",
          "no-failure"
        ],
        "signature_mse": 0.019678515828988125
      },
      "prediction_sets": {
        "coverage": 0.8666666666666667,
        "average_set_size": 2.246153846153846,
        "singleton_rate": 0.2282051282051282,
        "empty_set_rate": 0.11538461538461539
      },
      "action_counts": {
        "blank": 642,
        "blur": 510,
        "stop": 780,
        "grounding": 399,
        "noise": 2,
        "crop": 3,
        "brightness": 4
      }
    },
    "proactive|3|0.9": {
      "row_count": 780,
      "mean_acquisition_cost": 2.9641025641025642,
      "diagnostic": {
        "record_count": 780,
        "source_bit_micro_f1": 0.972568578553616,
        "source_bit_macro_f1": 0.9741661385560129,
        "source_bit_hamming_loss": 0.028205128205128206,
        "source_bit_auroc": {
          "visual": 0.9757306397306398,
          "language": 0.9996774278491679,
          "alignment": 0.9984363763516767
        },
        "six_way_macro_f1": 0.6975855465054748,
        "six_way_balanced_accuracy": 0.7273295428669518,
        "six_way_confusion_matrix": [
          [
            65,
            0,
            0,
            0,
            10,
            9
          ],
          [
            0,
            204,
            0,
            0,
            0,
            0
          ],
          [
            0,
            0,
            4,
            1,
            0,
            0
          ],
          [
            0,
            18,
            6,
            367,
            0,
            3
          ],
          [
            0,
            0,
            0,
            0,
            0,
            1
          ],
          [
            0,
            0,
            0,
            0,
            13,
            79
          ]
        ],
        "six_way_labels": [
          "visual",
          "language-prior",
          "alignment",
          "mixed",
          "unclear",
          "no-failure"
        ],
        "signature_mse": 0.005682986826314102
      },
      "prediction_sets": {
        "coverage": 0.7051282051282052,
        "average_set_size": 1.3269230769230769,
        "singleton_rate": 0.44871794871794873,
        "empty_set_rate": 0.26794871794871794
      },
      "action_counts": {
        "blur": 634,
        "grounding": 764,
        "blank": 761,
        "stop": 780,
        "crop": 38,
        "brightness": 39,
        "noise": 73,
        "relation": 3
      }
    },
    "proactive|3|0.95": {
      "row_count": 780,
      "mean_acquisition_cost": 2.9641025641025642,
      "diagnostic": {
        "record_count": 780,
        "source_bit_micro_f1": 0.972568578553616,
        "source_bit_macro_f1": 0.9741661385560129,
        "source_bit_hamming_loss": 0.028205128205128206,
        "source_bit_auroc": {
          "visual": 0.9757306397306398,
          "language": 0.9996774278491679,
          "alignment": 0.9984363763516767
        },
        "six_way_macro_f1": 0.6975855465054748,
        "six_way_balanced_accuracy": 0.7273295428669518,
        "six_way_confusion_matrix": [
          [
            65,
            0,
            0,
            0,
            10,
            9
          ],
          [
            0,
            204,
            0,
            0,
            0,
            0
          ],
          [
            0,
            0,
            4,
            1,
            0,
            0
          ],
          [
            0,
            18,
            6,
            367,
            0,
            3
          ],
          [
            0,
            0,
            0,
            0,
            0,
            1
          ],
          [
            0,
            0,
            0,
            0,
            13,
            79
          ]
        ],
        "six_way_labels": [
          "visual",
          "language-prior",
          "alignment",
          "mixed",
          "unclear",
          "no-failure"
        ],
        "signature_mse": 0.005682986826314102
      },
      "prediction_sets": {
        "coverage": 0.8294871794871795,
        "average_set_size": 2.08974358974359,
        "singleton_rate": 0.2141025641025641,
        "empty_set_rate": 0.1641025641025641
      },
      "action_counts": {
        "blur": 634,
        "grounding": 764,
        "blank": 761,
        "stop": 780,
        "crop": 38,
        "brightness": 39,
        "noise": 73,
        "relation": 3
      }
    },
    "proactive|4|0.9": {
      "row_count": 780,
      "mean_acquisition_cost": 3.5435897435897434,
      "diagnostic": {
        "record_count": 780,
        "source_bit_micro_f1": 0.984754841367944,
        "source_bit_macro_f1": 0.9855008009463345,
        "source_bit_hamming_loss": 0.01581196581196581,
        "source_bit_auroc": {
          "visual": 0.9924107744107744,
          "language": 0.9995720981672636,
          "alignment": 0.996608849977898
        },
        "six_way_macro_f1": 0.7366535902507615,
        "six_way_balanced_accuracy": 0.7684733563844136,
        "six_way_confusion_matrix": [
          [
            77,
            0,
            0,
            1,
            3,
            3
          ],
          [
            0,
            204,
            0,
            0,
            0,
            0
          ],
          [
            0,
            0,
            4,
            1,
            0,
            0
          ],
          [
            1,
            10,
            5,
            378,
            0,
            0
          ],
          [
            0,
            0,
            0,
            0,
            0,
            1
          ],
          [
            0,
            0,
            0,
            0,
            6,
            86
          ]
        ],
        "six_way_labels": [
          "visual",
          "language-prior",
          "alignment",
          "mixed",
          "unclear",
          "no-failure"
        ],
        "signature_mse": 0.005756660211463824
      },
      "prediction_sets": {
        "coverage": 0.7115384615384616,
        "average_set_size": 1.2474358974358974,
        "singleton_rate": 0.4794871794871795,
        "empty_set_rate": 0.2705128205128205
      },
      "action_counts": {
        "blur": 701,
        "grounding": 730,
        "blank": 767,
        "crop": 281,
        "stop": 780,
        "brightness": 166,
        "noise": 115,
        "relation": 4
      }
    },
    "proactive|4|0.95": {
      "row_count": 780,
      "mean_acquisition_cost": 3.5435897435897434,
      "diagnostic": {
        "record_count": 780,
        "source_bit_micro_f1": 0.984754841367944,
        "source_bit_macro_f1": 0.9855008009463345,
        "source_bit_hamming_loss": 0.01581196581196581,
        "source_bit_auroc": {
          "visual": 0.9924107744107744,
          "language": 0.9995720981672636,
          "alignment": 0.996608849977898
        },
        "six_way_macro_f1": 0.7366535902507615,
        "six_way_balanced_accuracy": 0.7684733563844136,
        "six_way_confusion_matrix": [
          [
            77,
            0,
            0,
            1,
            3,
            3
          ],
          [
            0,
            204,
            0,
            0,
            0,
            0
          ],
          [
            0,
            0,
            4,
            1,
            0,
            0
          ],
          [
            1,
            10,
            5,
            378,
            0,
            0
          ],
          [
            0,
            0,
            0,
            0,
            0,
            1
          ],
          [
            0,
            0,
            0,
            0,
            6,
            86
          ]
        ],
        "six_way_labels": [
          "visual",
          "language-prior",
          "alignment",
          "mixed",
          "unclear",
          "no-failure"
        ],
        "signature_mse": 0.005756660211463824
      },
      "prediction_sets": {
        "coverage": 0.8294871794871795,
        "average_set_size": 2.223076923076923,
        "singleton_rate": 0.18846153846153846,
        "empty_set_rate": 0.16794871794871793
      },
      "action_counts": {
        "blur": 701,
        "grounding": 730,
        "blank": 767,
        "crop": 281,
        "stop": 780,
        "brightness": 166,
        "noise": 115,
        "relation": 4
      }
    },
    "proactive|7|0.9": {
      "row_count": 780,
      "mean_acquisition_cost": 4.5576923076923075,
      "diagnostic": {
        "record_count": 780,
        "source_bit_micro_f1": 0.9946917109024092,
        "source_bit_macro_f1": 0.9948230746255743,
        "source_bit_hamming_loss": 0.005555555555555556,
        "source_bit_auroc": {
          "visual": 0.9985117845117845,
          "language": 0.9999539182641668,
          "alignment": 0.9999736097274544
        },
        "six_way_macro_f1": 0.8062710656678148,
        "six_way_balanced_accuracy": 0.7883623573758202,
        "six_way_confusion_matrix": [
          [
            82,
            0,
            0,
            1,
            0,
            1
          ],
          [
            0,
            204,
            0,
            0,
            0,
            0
          ],
          [
            0,
            0,
            4,
            1,
            0,
            0
          ],
          [
            0,
            1,
            0,
            393,
            0,
            0
          ],
          [
            0,
            0,
            0,
            0,
            0,
            1
          ],
          [
            0,
            0,
            0,
            0,
            4,
            88
          ]
        ],
        "six_way_labels": [
          "visual",
          "language-prior",
          "alignment",
          "mixed",
          "unclear",
          "no-failure"
        ],
        "signature_mse": 0.003989347317228173
      },
      "prediction_sets": {
        "coverage": 0.7115384615384616,
        "average_set_size": 1.3128205128205128,
        "singleton_rate": 0.37435897435897436,
        "empty_set_rate": 0.2846153846153846
      },
      "action_counts": {
        "blur": 562,
        "blank": 776,
        "grounding": 779,
        "brightness": 509,
        "crop": 440,
        "noise": 479,
        "stop": 780,
        "relation": 10
      }
    },
    "proactive|7|0.95": {
      "row_count": 780,
      "mean_acquisition_cost": 4.5576923076923075,
      "diagnostic": {
        "record_count": 780,
        "source_bit_micro_f1": 0.9946917109024092,
        "source_bit_macro_f1": 0.9948230746255743,
        "source_bit_hamming_loss": 0.005555555555555556,
        "source_bit_auroc": {
          "visual": 0.9985117845117845,
          "language": 0.9999539182641668,
          "alignment": 0.9999736097274544
        },
        "six_way_macro_f1": 0.8062710656678148,
        "six_way_balanced_accuracy": 0.7883623573758202,
        "six_way_confusion_matrix": [
          [
            82,
            0,
            0,
            1,
            0,
            1
          ],
          [
            0,
            204,
            0,
            0,
            0,
            0
          ],
          [
            0,
            0,
            4,
            1,
            0,
            0
          ],
          [
            0,
            1,
            0,
            393,
            0,
            0
          ],
          [
            0,
            0,
            0,
            0,
            0,
            1
          ],
          [
            0,
            0,
            0,
            0,
            4,
            88
          ]
        ],
        "six_way_labels": [
          "visual",
          "language-prior",
          "alignment",
          "mixed",
          "unclear",
          "no-failure"
        ],
        "signature_mse": 0.003989347317228173
      },
      "prediction_sets": {
        "coverage": 0.8282051282051283,
        "average_set_size": 2.373076923076923,
        "singleton_rate": 0.16153846153846155,
        "empty_set_rate": 0.16923076923076924
      },
      "action_counts": {
        "blur": 562,
        "blank": 776,
        "grounding": 779,
        "brightness": 509,
        "crop": 440,
        "noise": 479,
        "stop": 780,
        "relation": 10
      }
    },
    "proactive_no_stop|1|0.9": {
      "row_count": 780,
      "mean_acquisition_cost": 1.0,
      "diagnostic": {
        "record_count": 780,
        "source_bit_micro_f1": 0.8804867448935245,
        "source_bit_macro_f1": 0.8801565007499815,
        "source_bit_hamming_loss": 0.11752136752136752,
        "source_bit_auroc": {
          "visual": 0.9421683501683501,
          "language": 0.9136559932589003,
          "alignment": 0.9862308752993645
        },
        "six_way_macro_f1": 0.5602313773838,
        "six_way_balanced_accuracy": 0.6136191937232481,
        "six_way_confusion_matrix": [
          [
            47,
            0,
            0,
            0,
            12,
            25
          ],
          [
            4,
            190,
            0,
            1,
            9,
            0
          ],
          [
            1,
            0,
            3,
            1,
            0,
            0
          ],
          [
            16,
            26,
            15,
            327,
            9,
            1
          ],
          [
            1,
            0,
            0,
            0,
            0,
            0
          ],
          [
            19,
            0,
            0,
            0,
            3,
            70
          ]
        ],
        "six_way_labels": [
          "visual",
          "language-prior",
          "alignment",
          "mixed",
          "unclear",
          "no-failure"
        ],
        "signature_mse": 0.05321366978381555
      },
      "prediction_sets": {
        "coverage": 0.9205128205128205,
        "average_set_size": 2.2192307692307693,
        "singleton_rate": 0.5461538461538461,
        "empty_set_rate": 0.026923076923076925
      },
      "action_counts": {
        "blur": 24,
        "stop": 780,
        "blank": 421,
        "grounding": 325,
        "brightness": 10
      }
    },
    "proactive_no_stop|1|0.95": {
      "row_count": 780,
      "mean_acquisition_cost": 1.0,
      "diagnostic": {
        "record_count": 780,
        "source_bit_micro_f1": 0.8804867448935245,
        "source_bit_macro_f1": 0.8801565007499815,
        "source_bit_hamming_loss": 0.11752136752136752,
        "source_bit_auroc": {
          "visual": 0.9421683501683501,
          "language": 0.9136559932589003,
          "alignment": 0.9862308752993645
        },
        "six_way_macro_f1": 0.5602313773838,
        "six_way_balanced_accuracy": 0.6136191937232481,
        "six_way_confusion_matrix": [
          [
            47,
            0,
            0,
            0,
            12,
            25
          ],
          [
            4,
            190,
            0,
            1,
            9,
            0
          ],
          [
            1,
            0,
            3,
            1,
            0,
            0
          ],
          [
            16,
            26,
            15,
            327,
            9,
            1
          ],
          [
            1,
            0,
            0,
            0,
            0,
            0
          ],
          [
            19,
            0,
            0,
            0,
            3,
            70
          ]
        ],
        "six_way_labels": [
          "visual",
          "language-prior",
          "alignment",
          "mixed",
          "unclear",
          "no-failure"
        ],
        "signature_mse": 0.05321366978381555
      },
      "prediction_sets": {
        "coverage": 0.9448717948717948,
        "average_set_size": 2.632051282051282,
        "singleton_rate": 0.17564102564102563,
        "empty_set_rate": 0.023076923076923078
      },
      "action_counts": {
        "blur": 24,
        "stop": 780,
        "blank": 421,
        "grounding": 325,
        "brightness": 10
      }
    },
    "proactive_no_stop|2|0.9": {
      "row_count": 780,
      "mean_acquisition_cost": 2.0,
      "diagnostic": {
        "record_count": 780,
        "source_bit_micro_f1": 0.9462092333756883,
        "source_bit_macro_f1": 0.94759732172733,
        "source_bit_hamming_loss": 0.054273504273504275,
        "source_bit_auroc": {
          "visual": 0.9715420875420875,
          "language": 0.9929560775226459,
          "alignment": 0.9891008174386922
        },
        "six_way_macro_f1": 0.6534915938563189,
        "six_way_balanced_accuracy": 0.684098474231155,
        "six_way_confusion_matrix": [
          [
            67,
            0,
            0,
            1,
            8,
            8
          ],
          [
            0,
            203,
            0,
            0,
            0,
            1
          ],
          [
            1,
            0,
            3,
            1,
            0,
            0
          ],
          [
            4,
            30,
            9,
            349,
            1,
            1
          ],
          [
            1,
            0,
            0,
            0,
            0,
            0
          ],
          [
            1,
            0,
            0,
            0,
            15,
            76
          ]
        ],
        "six_way_labels": [
          "visual",
          "language-prior",
          "alignment",
          "mixed",
          "unclear",
          "no-failure"
        ],
        "signature_mse": 0.019678515828988125
      },
      "prediction_sets": {
        "coverage": 0.7769230769230769,
        "average_set_size": 1.6833333333333333,
        "singleton_rate": 0.43205128205128207,
        "empty_set_rate": 0.1782051282051282
      },
      "action_counts": {
        "blank": 642,
        "blur": 510,
        "stop": 780,
        "grounding": 399,
        "noise": 2,
        "crop": 3,
        "brightness": 4
      }
    },
    "proactive_no_stop|2|0.95": {
      "row_count": 780,
      "mean_acquisition_cost": 2.0,
      "diagnostic": {
        "record_count": 780,
        "source_bit_micro_f1": 0.9462092333756883,
        "source_bit_macro_f1": 0.94759732172733,
        "source_bit_hamming_loss": 0.054273504273504275,
        "source_bit_auroc": {
          "visual": 0.9715420875420875,
          "language": 0.9929560775226459,
          "alignment": 0.9891008174386922
        },
        "six_way_macro_f1": 0.6534915938563189,
        "six_way_balanced_accuracy": 0.684098474231155,
        "six_way_confusion_matrix": [
          [
            67,
            0,
            0,
            1,
            8,
            8
          ],
          [
            0,
            203,
            0,
            0,
            0,
            1
          ],
          [
            1,
            0,
            3,
            1,
            0,
            0
          ],
          [
            4,
            30,
            9,
            349,
            1,
            1
          ],
          [
            1,
            0,
            0,
            0,
            0,
            0
          ],
          [
            1,
            0,
            0,
            0,
            15,
            76
          ]
        ],
        "six_way_labels": [
          "visual",
          "language-prior",
          "alignment",
          "mixed",
          "unclear",
          "no-failure"
        ],
        "signature_mse": 0.019678515828988125
      },
      "prediction_sets": {
        "coverage": 0.8666666666666667,
        "average_set_size": 2.246153846153846,
        "singleton_rate": 0.2282051282051282,
        "empty_set_rate": 0.11538461538461539
      },
      "action_counts": {
        "blank": 642,
        "blur": 510,
        "stop": 780,
        "grounding": 399,
        "noise": 2,
        "crop": 3,
        "brightness": 4
      }
    },
    "proactive_no_stop|3|0.9": {
      "row_count": 780,
      "mean_acquisition_cost": 3.0,
      "diagnostic": {
        "record_count": 780,
        "source_bit_micro_f1": 0.972568578553616,
        "source_bit_macro_f1": 0.9741661385560129,
        "source_bit_hamming_loss": 0.028205128205128206,
        "source_bit_auroc": {
          "visual": 0.9757306397306397,
          "language": 0.9996774278491679,
          "alignment": 0.9984363763516767
        },
        "six_way_macro_f1": 0.6975855465054748,
        "six_way_balanced_accuracy": 0.7273295428669518,
        "six_way_confusion_matrix": [
          [
            65,
            0,
            0,
            0,
            10,
            9
          ],
          [
            0,
            204,
            0,
            0,
            0,
            0
          ],
          [
            0,
            0,
            4,
            1,
            0,
            0
          ],
          [
            0,
            18,
            6,
            367,
            0,
            3
          ],
          [
            0,
            0,
            0,
            0,
            0,
            1
          ],
          [
            0,
            0,
            0,
            0,
            13,
            79
          ]
        ],
        "six_way_labels": [
          "visual",
          "language-prior",
          "alignment",
          "mixed",
          "unclear",
          "no-failure"
        ],
        "signature_mse": 0.005675889119302289
      },
      "prediction_sets": {
        "coverage": 0.7064102564102565,
        "average_set_size": 1.317948717948718,
        "singleton_rate": 0.46025641025641023,
        "empty_set_rate": 0.26666666666666666
      },
      "action_counts": {
        "blur": 638,
        "grounding": 764,
        "blank": 761,
        "stop": 780,
        "crop": 60,
        "brightness": 39,
        "noise": 75,
        "relation": 3
      }
    },
    "proactive_no_stop|3|0.95": {
      "row_count": 780,
      "mean_acquisition_cost": 3.0,
      "diagnostic": {
        "record_count": 780,
        "source_bit_micro_f1": 0.972568578553616,
        "source_bit_macro_f1": 0.9741661385560129,
        "source_bit_hamming_loss": 0.028205128205128206,
        "source_bit_auroc": {
          "visual": 0.9757306397306397,
          "language": 0.9996774278491679,
          "alignment": 0.9984363763516767
        },
        "six_way_macro_f1": 0.6975855465054748,
        "six_way_balanced_accuracy": 0.7273295428669518,
        "six_way_confusion_matrix": [
          [
            65,
            0,
            0,
            0,
            10,
            9
          ],
          [
            0,
            204,
            0,
            0,
            0,
            0
          ],
          [
            0,
            0,
            4,
            1,
            0,
            0
          ],
          [
            0,
            18,
            6,
            367,
            0,
            3
          ],
          [
            0,
            0,
            0,
            0,
            0,
            1
          ],
          [
            0,
            0,
            0,
            0,
            13,
            79
          ]
        ],
        "six_way_labels": [
          "visual",
          "language-prior",
          "alignment",
          "mixed",
          "unclear",
          "no-failure"
        ],
        "signature_mse": 0.005675889119302289
      },
      "prediction_sets": {
        "coverage": 0.8294871794871795,
        "average_set_size": 2.056410256410256,
        "singleton_rate": 0.24743589743589745,
        "empty_set_rate": 0.1641025641025641
      },
      "action_counts": {
        "blur": 638,
        "grounding": 764,
        "blank": 761,
        "stop": 780,
        "crop": 60,
        "brightness": 39,
        "noise": 75,
        "relation": 3
      }
    },
    "proactive_no_stop|4|0.9": {
      "row_count": 780,
      "mean_acquisition_cost": 4.0,
      "diagnostic": {
        "record_count": 780,
        "source_bit_micro_f1": 0.985172981878089,
        "source_bit_macro_f1": 0.9859169282361876,
        "source_bit_hamming_loss": 0.015384615384615385,
        "source_bit_auroc": {
          "visual": 0.9926801346801346,
          "language": 0.9995523488519065,
          "alignment": 0.9966088499778981
        },
        "six_way_macro_f1": 0.7325535236506949,
        "six_way_balanced_accuracy": 0.7594153853699207,
        "six_way_confusion_matrix": [
          [
            77,
            0,
            0,
            1,
            4,
            2
          ],
          [
            0,
            204,
            0,
            0,
            0,
            0
          ],
          [
            0,
            0,
            4,
            1,
            0,
            0
          ],
          [
            1,
            10,
            5,
            378,
            0,
            0
          ],
          [
            0,
            0,
            0,
            0,
            0,
            1
          ],
          [
            0,
            0,
            0,
            0,
            11,
            81
          ]
        ],
        "six_way_labels": [
          "visual",
          "language-prior",
          "alignment",
          "mixed",
          "unclear",
          "no-failure"
        ],
        "signature_mse": 0.005437895850561302
      },
      "prediction_sets": {
        "coverage": 0.7512820512820513,
        "average_set_size": 1.3102564102564103,
        "singleton_rate": 0.5025641025641026,
        "empty_set_rate": 0.23076923076923078
      },
      "action_counts": {
        "blur": 714,
        "grounding": 773,
        "blank": 771,
        "crop": 478,
        "stop": 780,
        "brightness": 183,
        "noise": 197,
        "relation": 4
      }
    },
    "proactive_no_stop|4|0.95": {
      "row_count": 780,
      "mean_acquisition_cost": 4.0,
      "diagnostic": {
        "record_count": 780,
        "source_bit_micro_f1": 0.985172981878089,
        "source_bit_macro_f1": 0.9859169282361876,
        "source_bit_hamming_loss": 0.015384615384615385,
        "source_bit_auroc": {
          "visual": 0.9926801346801346,
          "language": 0.9995523488519065,
          "alignment": 0.9966088499778981
        },
        "six_way_macro_f1": 0.7325535236506949,
        "six_way_balanced_accuracy": 0.7594153853699207,
        "six_way_confusion_matrix": [
          [
            77,
            0,
            0,
            1,
            4,
            2
          ],
          [
            0,
            204,
            0,
            0,
            0,
            0
          ],
          [
            0,
            0,
            4,
            1,
            0,
            0
          ],
          [
            1,
            10,
            5,
            378,
            0,
            0
          ],
          [
            0,
            0,
            0,
            0,
            0,
            1
          ],
          [
            0,
            0,
            0,
            0,
            11,
            81
          ]
        ],
        "six_way_labels": [
          "visual",
          "language-prior",
          "alignment",
          "mixed",
          "unclear",
          "no-failure"
        ],
        "signature_mse": 0.005437895850561302
      },
      "prediction_sets": {
        "coverage": 0.8307692307692308,
        "average_set_size": 2.1756410256410255,
        "singleton_rate": 0.26794871794871794,
        "empty_set_rate": 0.16666666666666666
      },
      "action_counts": {
        "blur": 714,
        "grounding": 773,
        "blank": 771,
        "crop": 478,
        "stop": 780,
        "brightness": 183,
        "noise": 197,
        "relation": 4
      }
    },
    "proactive_no_stop|7|0.9": {
      "row_count": 780,
      "mean_acquisition_cost": 6.012820512820513,
      "diagnostic": {
        "record_count": 780,
        "source_bit_micro_f1": 0.9955120359037127,
        "source_bit_macro_f1": 0.9955654333275885,
        "source_bit_hamming_loss": 0.004700854700854701,
        "source_bit_auroc": {
          "visual": 0.999973063973064,
          "language": 0.9999473351590478,
          "alignment": 0.9999736097274544
        },
        "six_way_macro_f1": 0.8115832756916302,
        "six_way_balanced_accuracy": 0.7962042788129744,
        "six_way_confusion_matrix": [
          [
            83,
            0,
            0,
            1,
            0,
            0
          ],
          [
            0,
            204,
            0,
            0,
            0,
            0
          ],
          [
            0,
            0,
            4,
            1,
            0,
            0
          ],
          [
            0,
            0,
            0,
            394,
            0,
            0
          ],
          [
            0,
            0,
            0,
            0,
            0,
            1
          ],
          [
            0,
            0,
            0,
            0,
            1,
            91
          ]
        ],
        "six_way_labels": [
          "visual",
          "language-prior",
          "alignment",
          "mixed",
          "unclear",
          "no-failure"
        ],
        "signature_mse": 0.004838878472146506
      },
      "prediction_sets": {
        "coverage": 0.8102564102564103,
        "average_set_size": 1.4474358974358974,
        "singleton_rate": 0.43846153846153846,
        "empty_set_rate": 0.18717948717948718
      },
      "action_counts": {
        "blur": 780,
        "blank": 780,
        "grounding": 780,
        "brightness": 780,
        "crop": 780,
        "noise": 780,
        "stop": 780,
        "relation": 10
      }
    },
    "proactive_no_stop|7|0.95": {
      "row_count": 780,
      "mean_acquisition_cost": 6.012820512820513,
      "diagnostic": {
        "record_count": 780,
        "source_bit_micro_f1": 0.9955120359037127,
        "source_bit_macro_f1": 0.9955654333275885,
        "source_bit_hamming_loss": 0.004700854700854701,
        "source_bit_auroc": {
          "visual": 0.999973063973064,
          "language": 0.9999473351590478,
          "alignment": 0.9999736097274544
        },
        "six_way_macro_f1": 0.8115832756916302,
        "six_way_balanced_accuracy": 0.7962042788129744,
        "six_way_confusion_matrix": [
          [
            83,
            0,
            0,
            1,
            0,
            0
          ],
          [
            0,
            204,
            0,
            0,
            0,
            0
          ],
          [
            0,
            0,
            4,
            1,
            0,
            0
          ],
          [
            0,
            0,
            0,
            394,
            0,
            0
          ],
          [
            0,
            0,
            0,
            0,
            0,
            1
          ],
          [
            0,
            0,
            0,
            0,
            1,
            91
          ]
        ],
        "six_way_labels": [
          "visual",
          "language-prior",
          "alignment",
          "mixed",
          "unclear",
          "no-failure"
        ],
        "signature_mse": 0.004838878472146506
      },
      "prediction_sets": {
        "coverage": 0.8743589743589744,
        "average_set_size": 2.396153846153846,
        "singleton_rate": 0.35128205128205126,
        "empty_set_rate": 0.12307692307692308
      },
      "action_counts": {
        "blur": 780,
        "blank": 780,
        "grounding": 780,
        "brightness": 780,
        "crop": 780,
        "noise": 780,
        "stop": 780,
        "relation": 10
      }
    },
    "random|1|0.9": {
      "row_count": 780,
      "mean_acquisition_cost": 1.0,
      "diagnostic": {
        "record_count": 780,
        "source_bit_micro_f1": 0.8343047460449625,
        "source_bit_macro_f1": 0.8361642511430564,
        "source_bit_hamming_loss": 0.1700854700854701,
        "source_bit_auroc": {
          "visual": 0.9420942760942761,
          "language": 0.7428770802612176,
          "alignment": 0.9874316327001867
        },
        "six_way_macro_f1": 0.38510992191250537,
        "six_way_balanced_accuracy": 0.4482382028070553,
        "six_way_confusion_matrix": [
          [
            24,
            2,
            5,
            2,
            33,
            18
          ],
          [
            4,
            54,
            1,
            2,
            42,
            101
          ],
          [
            0,
            0,
            3,
            1,
            1,
            0
          ],
          [
            18,
            13,
            14,
            328,
            20,
            1
          ],
          [
            0,
            0,
            1,
            0,
            0,
            0
          ],
          [
            4,
            5,
            2,
            1,
            15,
            65
          ]
        ],
        "six_way_labels": [
          "visual",
          "language-prior",
          "alignment",
          "mixed",
          "unclear",
          "no-failure"
        ],
        "signature_mse": 0.08065835503898365
      },
      "prediction_sets": {
        "coverage": 0.9320512820512821,
        "average_set_size": 3.0012820512820513,
        "singleton_rate": 0.3923076923076923,
        "empty_set_rate": 0.029487179487179487
      },
      "action_counts": {
        "blank": 126,
        "stop": 780,
        "brightness": 159,
        "grounding": 152,
        "noise": 116,
        "crop": 110,
        "blur": 116,
        "relation": 1
      }
    },
    "random|1|0.95": {
      "row_count": 780,
      "mean_acquisition_cost": 1.0,
      "diagnostic": {
        "record_count": 780,
        "source_bit_micro_f1": 0.8343047460449625,
        "source_bit_macro_f1": 0.8361642511430564,
        "source_bit_hamming_loss": 0.1700854700854701,
        "source_bit_auroc": {
          "visual": 0.9420942760942761,
          "language": 0.7428770802612176,
          "alignment": 0.9874316327001867
        },
        "six_way_macro_f1": 0.38510992191250537,
        "six_way_balanced_accuracy": 0.4482382028070553,
        "six_way_confusion_matrix": [
          [
            24,
            2,
            5,
            2,
            33,
            18
          ],
          [
            4,
            54,
            1,
            2,
            42,
            101
          ],
          [
            0,
            0,
            3,
            1,
            1,
            0
          ],
          [
            18,
            13,
            14,
            328,
            20,
            1
          ],
          [
            0,
            0,
            1,
            0,
            0,
            0
          ],
          [
            4,
            5,
            2,
            1,
            15,
            65
          ]
        ],
        "six_way_labels": [
          "visual",
          "language-prior",
          "alignment",
          "mixed",
          "unclear",
          "no-failure"
        ],
        "signature_mse": 0.08065835503898365
      },
      "prediction_sets": {
        "coverage": 0.9487179487179487,
        "average_set_size": 3.1256410256410256,
        "singleton_rate": 0.3076923076923077,
        "empty_set_rate": 0.023076923076923078
      },
      "action_counts": {
        "blank": 126,
        "stop": 780,
        "brightness": 159,
        "grounding": 152,
        "noise": 116,
        "crop": 110,
        "blur": 116,
        "relation": 1
      }
    },
    "random|2|0.9": {
      "row_count": 780,
      "mean_acquisition_cost": 2.0,
      "diagnostic": {
        "record_count": 780,
        "source_bit_micro_f1": 0.8806343906510852,
        "source_bit_macro_f1": 0.8812079290809637,
        "source_bit_hamming_loss": 0.12222222222222222,
        "source_bit_auroc": {
          "visual": 0.9602020202020203,
          "language": 0.8715899515483463,
          "alignment": 0.9903807456571508
        },
        "six_way_macro_f1": 0.49180255712721443,
        "six_way_balanced_accuracy": 0.5595811332699047,
        "six_way_confusion_matrix": [
          [
            46,
            1,
            2,
            3,
            16,
            16
          ],
          [
            0,
            103,
            1,
            1,
            34,
            65
          ],
          [
            0,
            0,
            4,
            1,
            0,
            0
          ],
          [
            18,
            22,
            10,
            336,
            8,
            0
          ],
          [
            0,
            0,
            1,
            0,
            0,
            0
          ],
          [
            6,
            11,
            2,
            0,
            13,
            60
          ]
        ],
        "six_way_labels": [
          "visual",
          "language-prior",
          "alignment",
          "mixed",
          "unclear",
          "no-failure"
        ],
        "signature_mse": 0.058068044331303796
      },
      "prediction_sets": {
        "coverage": 0.8743589743589744,
        "average_set_size": 2.4987179487179487,
        "singleton_rate": 0.48717948717948717,
        "empty_set_rate": 0.07564102564102564
      },
      "action_counts": {
        "blank": 270,
        "brightness": 293,
        "stop": 780,
        "crop": 266,
        "grounding": 253,
        "noise": 239,
        "blur": 237,
        "relation": 2
      }
    },
    "random|2|0.95": {
      "row_count": 780,
      "mean_acquisition_cost": 2.0,
      "diagnostic": {
        "record_count": 780,
        "source_bit_micro_f1": 0.8806343906510852,
        "source_bit_macro_f1": 0.8812079290809637,
        "source_bit_hamming_loss": 0.12222222222222222,
        "source_bit_auroc": {
          "visual": 0.9602020202020203,
          "language": 0.8715899515483463,
          "alignment": 0.9903807456571508
        },
        "six_way_macro_f1": 0.49180255712721443,
        "six_way_balanced_accuracy": 0.5595811332699047,
        "six_way_confusion_matrix": [
          [
            46,
            1,
            2,
            3,
            16,
            16
          ],
          [
            0,
            103,
            1,
            1,
            34,
            65
          ],
          [
            0,
            0,
            4,
            1,
            0,
            0
          ],
          [
            18,
            22,
            10,
            336,
            8,
            0
          ],
          [
            0,
            0,
            1,
            0,
            0,
            0
          ],
          [
            6,
            11,
            2,
            0,
            13,
            60
          ]
        ],
        "six_way_labels": [
          "visual",
          "language-prior",
          "alignment",
          "mixed",
          "unclear",
          "no-failure"
        ],
        "signature_mse": 0.058068044331303796
      },
      "prediction_sets": {
        "coverage": 0.9128205128205128,
        "average_set_size": 2.6974358974358976,
        "singleton_rate": 0.37948717948717947,
        "empty_set_rate": 0.05512820512820513
      },
      "action_counts": {
        "blank": 270,
        "brightness": 293,
        "stop": 780,
        "crop": 266,
        "grounding": 253,
        "noise": 239,
        "blur": 237,
        "relation": 2
      }
    },
    "random|3|0.9": {
      "row_count": 780,
      "mean_acquisition_cost": 3.0,
      "diagnostic": {
        "record_count": 780,
        "source_bit_micro_f1": 0.9058971141781681,
        "source_bit_macro_f1": 0.9064010892822573,
        "source_bit_hamming_loss": 0.09615384615384616,
        "source_bit_auroc": {
          "visual": 0.9750235690235691,
          "language": 0.9330037392037076,
          "alignment": 0.9923930039387481
        },
        "six_way_macro_f1": 0.5688038154603504,
        "six_way_balanced_accuracy": 0.6312914550061913,
        "six_way_confusion_matrix": [
          [
            57,
            3,
            0,
            1,
            11,
            12
          ],
          [
            0,
            156,
            1,
            1,
            24,
            22
          ],
          [
            0,
            0,
            4,
            1,
            0,
            0
          ],
          [
            23,
            18,
            9,
            343,
            1,
            0
          ],
          [
            0,
            0,
            1,
            0,
            0,
            0
          ],
          [
            7,
            11,
            2,
            0,
            10,
            62
          ]
        ],
        "six_way_labels": [
          "visual",
          "language-prior",
          "alignment",
          "mixed",
          "unclear",
          "no-failure"
        ],
        "signature_mse": 0.04204749233909322
      },
      "prediction_sets": {
        "coverage": 0.8128205128205128,
        "average_set_size": 2.0307692307692307,
        "singleton_rate": 0.5358974358974359,
        "empty_set_rate": 0.1294871794871795
      },
      "action_counts": {
        "blank": 402,
        "brightness": 411,
        "noise": 378,
        "stop": 780,
        "crop": 391,
        "grounding": 379,
        "blur": 374,
        "relation": 5
      }
    },
    "random|3|0.95": {
      "row_count": 780,
      "mean_acquisition_cost": 3.0,
      "diagnostic": {
        "record_count": 780,
        "source_bit_micro_f1": 0.9058971141781681,
        "source_bit_macro_f1": 0.9064010892822573,
        "source_bit_hamming_loss": 0.09615384615384616,
        "source_bit_auroc": {
          "visual": 0.9750235690235691,
          "language": 0.9330037392037076,
          "alignment": 0.9923930039387481
        },
        "six_way_macro_f1": 0.5688038154603504,
        "six_way_balanced_accuracy": 0.6312914550061913,
        "six_way_confusion_matrix": [
          [
            57,
            3,
            0,
            1,
            11,
            12
          ],
          [
            0,
            156,
            1,
            1,
            24,
            22
          ],
          [
            0,
            0,
            4,
            1,
            0,
            0
          ],
          [
            23,
            18,
            9,
            343,
            1,
            0
          ],
          [
            0,
            0,
            1,
            0,
            0,
            0
          ],
          [
            7,
            11,
            2,
            0,
            10,
            62
          ]
        ],
        "six_way_labels": [
          "visual",
          "language-prior",
          "alignment",
          "mixed",
          "unclear",
          "no-failure"
        ],
        "signature_mse": 0.04204749233909322
      },
      "prediction_sets": {
        "coverage": 0.9038461538461539,
        "average_set_size": 2.4833333333333334,
        "singleton_rate": 0.38076923076923075,
        "empty_set_rate": 0.06923076923076923
      },
      "action_counts": {
        "blank": 402,
        "brightness": 411,
        "noise": 378,
        "stop": 780,
        "crop": 391,
        "grounding": 379,
        "blur": 374,
        "relation": 5
      }
    },
    "random|4|0.9": {
      "row_count": 780,
      "mean_acquisition_cost": 4.0,
      "diagnostic": {
        "record_count": 780,
        "source_bit_micro_f1": 0.9423475736209042,
        "source_bit_macro_f1": 0.9428510072135307,
        "source_bit_hamming_loss": 0.0594017094017094,
        "source_bit_auroc": {
          "visual": 0.9851649831649831,
          "language": 0.9746221297661681,
          "alignment": 0.9957049831432133
        },
        "six_way_macro_f1": 0.6380877307060792,
        "six_way_balanced_accuracy": 0.6823189652525471,
        "six_way_confusion_matrix": [
          [
            66,
            2,
            0,
            1,
            4,
            11
          ],
          [
            0,
            181,
            0,
            1,
            14,
            8
          ],
          [
            0,
            0,
            4,
            1,
            0,
            0
          ],
          [
            19,
            13,
            6,
            356,
            0,
            0
          ],
          [
            1,
            0,
            0,
            0,
            0,
            0
          ],
          [
            5,
            10,
            1,
            0,
            10,
            66
          ]
        ],
        "six_way_labels": [
          "visual",
          "language-prior",
          "alignment",
          "mixed",
          "unclear",
          "no-failure"
        ],
        "signature_mse": 0.02812392823136868
      },
      "prediction_sets": {
        "coverage": 0.8115384615384615,
        "average_set_size": 1.7602564102564102,
        "singleton_rate": 0.5564102564102564,
        "empty_set_rate": 0.14487179487179488
      },
      "action_counts": {
        "blank": 534,
        "brightness": 526,
        "noise": 514,
        "grounding": 507,
        "stop": 780,
        "crop": 531,
        "blur": 501,
        "relation": 7
      }
    },
    "random|4|0.95": {
      "row_count": 780,
      "mean_acquisition_cost": 4.0,
      "diagnostic": {
        "record_count": 780,
        "source_bit_micro_f1": 0.9423475736209042,
        "source_bit_macro_f1": 0.9428510072135307,
        "source_bit_hamming_loss": 0.0594017094017094,
        "source_bit_auroc": {
          "visual": 0.9851649831649831,
          "language": 0.9746221297661681,
          "alignment": 0.9957049831432133
        },
        "six_way_macro_f1": 0.6380877307060792,
        "six_way_balanced_accuracy": 0.6823189652525471,
        "six_way_confusion_matrix": [
          [
            66,
            2,
            0,
            1,
            4,
            11
          ],
          [
            0,
            181,
            0,
            1,
            14,
            8
          ],
          [
            0,
            0,
            4,
            1,
            0,
            0
          ],
          [
            19,
            13,
            6,
            356,
            0,
            0
          ],
          [
            1,
            0,
            0,
            0,
            0,
            0
          ],
          [
            5,
            10,
            1,
            0,
            10,
            66
          ]
        ],
        "six_way_labels": [
          "visual",
          "language-prior",
          "alignment",
          "mixed",
          "unclear",
          "no-failure"
        ],
        "signature_mse": 0.02812392823136868
      },
      "prediction_sets": {
        "coverage": 0.9012820512820513,
        "average_set_size": 2.3653846153846154,
        "singleton_rate": 0.3717948717948718,
        "empty_set_rate": 0.08205128205128205
      },
      "action_counts": {
        "blank": 534,
        "brightness": 526,
        "noise": 514,
        "grounding": 507,
        "stop": 780,
        "crop": 531,
        "blur": 501,
        "relation": 7
      }
    },
    "random|7|0.9": {
      "row_count": 780,
      "mean_acquisition_cost": 6.012820512820513,
      "diagnostic": {
        "record_count": 780,
        "source_bit_micro_f1": 0.9955120359037127,
        "source_bit_macro_f1": 0.9955654333275885,
        "source_bit_hamming_loss": 0.004700854700854701,
        "source_bit_auroc": {
          "visual": 0.999973063973064,
          "language": 0.9999473351590478,
          "alignment": 0.9999736097274544
        },
        "six_way_macro_f1": 0.8115832756916302,
        "six_way_balanced_accuracy": 0.7962042788129744,
        "six_way_confusion_matrix": [
          [
            83,
            0,
            0,
            1,
            0,
            0
          ],
          [
            0,
            204,
            0,
            0,
            0,
            0
          ],
          [
            0,
            0,
            4,
            1,
            0,
            0
          ],
          [
            0,
            0,
            0,
            394,
            0,
            0
          ],
          [
            0,
            0,
            0,
            0,
            0,
            1
          ],
          [
            0,
            0,
            0,
            0,
            1,
            91
          ]
        ],
        "six_way_labels": [
          "visual",
          "language-prior",
          "alignment",
          "mixed",
          "unclear",
          "no-failure"
        ],
        "signature_mse": 0.004838878472146506
      },
      "prediction_sets": {
        "coverage": 0.8102564102564103,
        "average_set_size": 1.4474358974358974,
        "singleton_rate": 0.43846153846153846,
        "empty_set_rate": 0.18717948717948718
      },
      "action_counts": {
        "blank": 780,
        "brightness": 780,
        "noise": 780,
        "grounding": 780,
        "crop": 780,
        "blur": 780,
        "stop": 780,
        "relation": 10
      }
    },
    "random|7|0.95": {
      "row_count": 780,
      "mean_acquisition_cost": 6.012820512820513,
      "diagnostic": {
        "record_count": 780,
        "source_bit_micro_f1": 0.9955120359037127,
        "source_bit_macro_f1": 0.9955654333275885,
        "source_bit_hamming_loss": 0.004700854700854701,
        "source_bit_auroc": {
          "visual": 0.999973063973064,
          "language": 0.9999473351590478,
          "alignment": 0.9999736097274544
        },
        "six_way_macro_f1": 0.8115832756916302,
        "six_way_balanced_accuracy": 0.7962042788129744,
        "six_way_confusion_matrix": [
          [
            83,
            0,
            0,
            1,
            0,
            0
          ],
          [
            0,
            204,
            0,
            0,
            0,
            0
          ],
          [
            0,
            0,
            4,
            1,
            0,
            0
          ],
          [
            0,
            0,
            0,
            394,
            0,
            0
          ],
          [
            0,
            0,
            0,
            0,
            0,
            1
          ],
          [
            0,
            0,
            0,
            0,
            1,
            91
          ]
        ],
        "six_way_labels": [
          "visual",
          "language-prior",
          "alignment",
          "mixed",
          "unclear",
          "no-failure"
        ],
        "signature_mse": 0.004838878472146506
      },
      "prediction_sets": {
        "coverage": 0.8743589743589744,
        "average_set_size": 2.396153846153846,
        "singleton_rate": 0.35128205128205126,
        "empty_set_rate": 0.12307692307692308
      },
      "action_counts": {
        "blank": 780,
        "brightness": 780,
        "noise": 780,
        "grounding": 780,
        "crop": 780,
        "blur": 780,
        "stop": 780,
        "relation": 10
      }
    },
    "relation_first|1|0.9": {
      "row_count": 780,
      "mean_acquisition_cost": 1.0,
      "diagnostic": {
        "record_count": 780,
        "source_bit_micro_f1": 0.804857621440536,
        "source_bit_macro_f1": 0.8121458869655411,
        "source_bit_hamming_loss": 0.19914529914529913,
        "source_bit_auroc": {
          "visual": 0.9164444444444445,
          "language": 0.5585764693490626,
          "alignment": 0.999967012159318
        },
        "six_way_macro_f1": 0.3021694889558329,
        "six_way_balanced_accuracy": 0.4188252428905057,
        "six_way_confusion_matrix": [
          [
            6,
            4,
            1,
            0,
            54,
            19
          ],
          [
            6,
            13,
            0,
            0,
            53,
            132
          ],
          [
            0,
            0,
            4,
            1,
            0,
            0
          ],
          [
            5,
            1,
            24,
            339,
            22,
            3
          ],
          [
            1,
            0,
            0,
            0,
            0,
            0
          ],
          [
            2,
            3,
            0,
            0,
            21,
            66
          ]
        ],
        "six_way_labels": [
          "visual",
          "language-prior",
          "alignment",
          "mixed",
          "unclear",
          "no-failure"
        ],
        "signature_mse": 0.10196980264309577
      },
      "prediction_sets": {
        "coverage": 0.9756410256410256,
        "average_set_size": 3.3115384615384613,
        "singleton_rate": 0.2833333333333333,
        "empty_set_rate": 0.0
      },
      "action_counts": {
        "grounding": 770,
        "stop": 780,
        "relation": 10
      }
    },
    "relation_first|1|0.95": {
      "row_count": 780,
      "mean_acquisition_cost": 1.0,
      "diagnostic": {
        "record_count": 780,
        "source_bit_micro_f1": 0.804857621440536,
        "source_bit_macro_f1": 0.8121458869655411,
        "source_bit_hamming_loss": 0.19914529914529913,
        "source_bit_auroc": {
          "visual": 0.9164444444444445,
          "language": 0.5585764693490626,
          "alignment": 0.999967012159318
        },
        "six_way_macro_f1": 0.3021694889558329,
        "six_way_balanced_accuracy": 0.4188252428905057,
        "six_way_confusion_matrix": [
          [
            6,
            4,
            1,
            0,
            54,
            19
          ],
          [
            6,
            13,
            0,
            0,
            53,
            132
          ],
          [
            0,
            0,
            4,
            1,
            0,
            0
          ],
          [
            5,
            1,
            24,
            339,
            22,
            3
          ],
          [
            1,
            0,
            0,
            0,
            0,
            0
          ],
          [
            2,
            3,
            0,
            0,
            21,
            66
          ]
        ],
        "six_way_labels": [
          "visual",
          "language-prior",
          "alignment",
          "mixed",
          "unclear",
          "no-failure"
        ],
        "signature_mse": 0.10196980264309577
      },
      "prediction_sets": {
        "coverage": 0.9871794871794872,
        "average_set_size": 3.5307692307692307,
        "singleton_rate": 0.10384615384615385,
        "empty_set_rate": 0.0
      },
      "action_counts": {
        "grounding": 770,
        "stop": 780,
        "relation": 10
      }
    },
    "relation_first|2|0.9": {
      "row_count": 780,
      "mean_acquisition_cost": 2.0,
      "diagnostic": {
        "record_count": 780,
        "source_bit_micro_f1": 0.9568078979843686,
        "source_bit_macro_f1": 0.9602297263692908,
        "source_bit_hamming_loss": 0.04487179487179487,
        "source_bit_auroc": {
          "visual": 0.9451649831649831,
          "language": 0.9999868337897619,
          "alignment": 0.9999736097274544
        },
        "six_way_macro_f1": 0.6269740699835508,
        "six_way_balanced_accuracy": 0.6861077830676154,
        "six_way_confusion_matrix": [
          [
            55,
            0,
            0,
            1,
            3,
            25
          ],
          [
            0,
            204,
            0,
            0,
            0,
            0
          ],
          [
            0,
            0,
            4,
            1,
            0,
            0
          ],
          [
            0,
            30,
            9,
            355,
            0,
            0
          ],
          [
            1,
            0,
            0,
            0,
            0,
            0
          ],
          [
            19,
            0,
            0,
            0,
            3,
            70
          ]
        ],
        "six_way_labels": [
          "visual",
          "language-prior",
          "alignment",
          "mixed",
          "unclear",
          "no-failure"
        ],
        "signature_mse": 0.0033299535753857214
      },
      "prediction_sets": {
        "coverage": 0.7871794871794872,
        "average_set_size": 1.817948717948718,
        "singleton_rate": 0.46153846153846156,
        "empty_set_rate": 0.16666666666666666
      },
      "action_counts": {
        "grounding": 780,
        "blank": 770,
        "stop": 780,
        "relation": 10
      }
    },
    "relation_first|2|0.95": {
      "row_count": 780,
      "mean_acquisition_cost": 2.0,
      "diagnostic": {
        "record_count": 780,
        "source_bit_micro_f1": 0.9568078979843686,
        "source_bit_macro_f1": 0.9602297263692908,
        "source_bit_hamming_loss": 0.04487179487179487,
        "source_bit_auroc": {
          "visual": 0.9451649831649831,
          "language": 0.9999868337897619,
          "alignment": 0.9999736097274544
        },
        "six_way_macro_f1": 0.6269740699835508,
        "six_way_balanced_accuracy": 0.6861077830676154,
        "six_way_confusion_matrix": [
          [
            55,
            0,
            0,
            1,
            3,
            25
          ],
          [
            0,
            204,
            0,
            0,
            0,
            0
          ],
          [
            0,
            0,
            4,
            1,
            0,
            0
          ],
          [
            0,
            30,
            9,
            355,
            0,
            0
          ],
          [
            1,
            0,
            0,
            0,
            0,
            0
          ],
          [
            19,
            0,
            0,
            0,
            3,
            70
          ]
        ],
        "six_way_labels": [
          "visual",
          "language-prior",
          "alignment",
          "mixed",
          "unclear",
          "no-failure"
        ],
        "signature_mse": 0.0033299535753857214
      },
      "prediction_sets": {
        "coverage": 0.8166666666666667,
        "average_set_size": 2.2384615384615385,
        "singleton_rate": 0.15,
        "empty_set_rate": 0.16025641025641027
      },
      "action_counts": {
        "grounding": 780,
        "blank": 770,
        "stop": 780,
        "relation": 10
      }
    },
    "relation_first|3|0.9": {
      "row_count": 780,
      "mean_acquisition_cost": 3.0,
      "diagnostic": {
        "record_count": 780,
        "source_bit_micro_f1": 0.9755895738518825,
        "source_bit_macro_f1": 0.9771304474569757,
        "source_bit_hamming_loss": 0.025213675213675214,
        "source_bit_auroc": {
          "visual": 0.9756296296296296,
          "language": 0.9999868337897619,
          "alignment": 0.9999736097274544
        },
        "six_way_macro_f1": 0.7117881893918964,
        "six_way_balanced_accuracy": 0.7272099960413798,
        "six_way_confusion_matrix": [
          [
            65,
            0,
            0,
            1,
            10,
            8
          ],
          [
            0,
            204,
            0,
            0,
            0,
            0
          ],
          [
            0,
            0,
            4,
            1,
            0,
            0
          ],
          [
            0,
            19,
            4,
            371,
            0,
            0
          ],
          [
            0,
            0,
            0,
            0,
            0,
            1
          ],
          [
            2,
            0,
            0,
            0,
            12,
            78
          ]
        ],
        "six_way_labels": [
          "visual",
          "language-prior",
          "alignment",
          "mixed",
          "unclear",
          "no-failure"
        ],
        "signature_mse": 0.003098604335086991
      },
      "prediction_sets": {
        "coverage": 0.708974358974359,
        "average_set_size": 1.317948717948718,
        "singleton_rate": 0.4576923076923077,
        "empty_set_rate": 0.26282051282051283
      },
      "action_counts": {
        "grounding": 780,
        "blank": 780,
        "blur": 770,
        "stop": 780,
        "relation": 10
      }
    },
    "relation_first|3|0.95": {
      "row_count": 780,
      "mean_acquisition_cost": 3.0,
      "diagnostic": {
        "record_count": 780,
        "source_bit_micro_f1": 0.9755895738518825,
        "source_bit_macro_f1": 0.9771304474569757,
        "source_bit_hamming_loss": 0.025213675213675214,
        "source_bit_auroc": {
          "visual": 0.9756296296296296,
          "language": 0.9999868337897619,
          "alignment": 0.9999736097274544
        },
        "six_way_macro_f1": 0.7117881893918964,
        "six_way_balanced_accuracy": 0.7272099960413798,
        "six_way_confusion_matrix": [
          [
            65,
            0,
            0,
            1,
            10,
            8
          ],
          [
            0,
            204,
            0,
            0,
            0,
            0
          ],
          [
            0,
            0,
            4,
            1,
            0,
            0
          ],
          [
            0,
            19,
            4,
            371,
            0,
            0
          ],
          [
            0,
            0,
            0,
            0,
            0,
            1
          ],
          [
            2,
            0,
            0,
            0,
            12,
            78
          ]
        ],
        "six_way_labels": [
          "visual",
          "language-prior",
          "alignment",
          "mixed",
          "unclear",
          "no-failure"
        ],
        "signature_mse": 0.003098604335086991
      },
      "prediction_sets": {
        "coverage": 0.8269230769230769,
        "average_set_size": 2.0256410256410255,
        "singleton_rate": 0.2512820512820513,
        "empty_set_rate": 0.16538461538461538
      },
      "action_counts": {
        "grounding": 780,
        "blank": 780,
        "blur": 770,
        "stop": 780,
        "relation": 10
      }
    },
    "relation_first|4|0.9": {
      "row_count": 780,
      "mean_acquisition_cost": 4.0,
      "diagnostic": {
        "record_count": 780,
        "source_bit_micro_f1": 0.9880903490759754,
        "source_bit_macro_f1": 0.9888693449104672,
        "source_bit_hamming_loss": 0.012393162393162393,
        "source_bit_auroc": {
          "visual": 0.9936430976430977,
          "language": 0.9999670844744049,
          "alignment": 0.9999802072955908
        },
        "six_way_macro_f1": 0.7777348513145702,
        "six_way_balanced_accuracy": 0.7687518610769549,
        "six_way_confusion_matrix": [
          [
            80,
            0,
            0,
            1,
            1,
            2
          ],
          [
            0,
            204,
            0,
            0,
            0,
            0
          ],
          [
            0,
            0,
            4,
            1,
            0,
            0
          ],
          [
            0,
            7,
            1,
            386,
            0,
            0
          ],
          [
            0,
            0,
            0,
            0,
            0,
            1
          ],
          [
            0,
            0,
            0,
            0,
            11,
            81
          ]
        ],
        "six_way_labels": [
          "visual",
          "language-prior",
          "alignment",
          "mixed",
          "unclear",
          "no-failure"
        ],
        "signature_mse": 0.0034892089163875463
      },
      "prediction_sets": {
        "coverage": 0.7628205128205128,
        "average_set_size": 1.3615384615384616,
        "singleton_rate": 0.44871794871794873,
        "empty_set_rate": 0.22692307692307692
      },
      "action_counts": {
        "grounding": 780,
        "blank": 780,
        "blur": 780,
        "crop": 770,
        "stop": 780,
        "relation": 10
      }
    },
    "relation_first|4|0.95": {
      "row_count": 780,
      "mean_acquisition_cost": 4.0,
      "diagnostic": {
        "record_count": 780,
        "source_bit_micro_f1": 0.9880903490759754,
        "source_bit_macro_f1": 0.9888693449104672,
        "source_bit_hamming_loss": 0.012393162393162393,
        "source_bit_auroc": {
          "visual": 0.9936430976430977,
          "language": 0.9999670844744049,
          "alignment": 0.9999802072955908
        },
        "six_way_macro_f1": 0.7777348513145702,
        "six_way_balanced_accuracy": 0.7687518610769549,
        "six_way_confusion_matrix": [
          [
            80,
            0,
            0,
            1,
            1,
            2
          ],
          [
            0,
            204,
            0,
            0,
            0,
            0
          ],
          [
            0,
            0,
            4,
            1,
            0,
            0
          ],
          [
            0,
            7,
            1,
            386,
            0,
            0
          ],
          [
            0,
            0,
            0,
            0,
            0,
            1
          ],
          [
            0,
            0,
            0,
            0,
            11,
            81
          ]
        ],
        "six_way_labels": [
          "visual",
          "language-prior",
          "alignment",
          "mixed",
          "unclear",
          "no-failure"
        ],
        "signature_mse": 0.0034892089163875463
      },
      "prediction_sets": {
        "coverage": 0.8333333333333334,
        "average_set_size": 2.1525641025641025,
        "singleton_rate": 0.2782051282051282,
        "empty_set_rate": 0.1641025641025641
      },
      "action_counts": {
        "grounding": 780,
        "blank": 780,
        "blur": 780,
        "crop": 770,
        "stop": 780,
        "relation": 10
      }
    },
    "relation_first|7|0.9": {
      "row_count": 780,
      "mean_acquisition_cost": 6.012820512820513,
      "diagnostic": {
        "record_count": 780,
        "source_bit_micro_f1": 0.9955120359037127,
        "source_bit_macro_f1": 0.9955654333275885,
        "source_bit_hamming_loss": 0.004700854700854701,
        "source_bit_auroc": {
          "visual": 0.999973063973064,
          "language": 0.9999473351590478,
          "alignment": 0.9999736097274544
        },
        "six_way_macro_f1": 0.8115832756916302,
        "six_way_balanced_accuracy": 0.7962042788129744,
        "six_way_confusion_matrix": [
          [
            83,
            0,
            0,
            1,
            0,
            0
          ],
          [
            0,
            204,
            0,
            0,
            0,
            0
          ],
          [
            0,
            0,
            4,
            1,
            0,
            0
          ],
          [
            0,
            0,
            0,
            394,
            0,
            0
          ],
          [
            0,
            0,
            0,
            0,
            0,
            1
          ],
          [
            0,
            0,
            0,
            0,
            1,
            91
          ]
        ],
        "six_way_labels": [
          "visual",
          "language-prior",
          "alignment",
          "mixed",
          "unclear",
          "no-failure"
        ],
        "signature_mse": 0.004838878472146506
      },
      "prediction_sets": {
        "coverage": 0.8102564102564103,
        "average_set_size": 1.4474358974358974,
        "singleton_rate": 0.43846153846153846,
        "empty_set_rate": 0.18717948717948718
      },
      "action_counts": {
        "grounding": 780,
        "blank": 780,
        "blur": 780,
        "crop": 780,
        "brightness": 780,
        "noise": 780,
        "stop": 780,
        "relation": 10
      }
    },
    "relation_first|7|0.95": {
      "row_count": 780,
      "mean_acquisition_cost": 6.012820512820513,
      "diagnostic": {
        "record_count": 780,
        "source_bit_micro_f1": 0.9955120359037127,
        "source_bit_macro_f1": 0.9955654333275885,
        "source_bit_hamming_loss": 0.004700854700854701,
        "source_bit_auroc": {
          "visual": 0.999973063973064,
          "language": 0.9999473351590478,
          "alignment": 0.9999736097274544
        },
        "six_way_macro_f1": 0.8115832756916302,
        "six_way_balanced_accuracy": 0.7962042788129744,
        "six_way_confusion_matrix": [
          [
            83,
            0,
            0,
            1,
            0,
            0
          ],
          [
            0,
            204,
            0,
            0,
            0,
            0
          ],
          [
            0,
            0,
            4,
            1,
            0,
            0
          ],
          [
            0,
            0,
            0,
            394,
            0,
            0
          ],
          [
            0,
            0,
            0,
            0,
            0,
            1
          ],
          [
            0,
            0,
            0,
            0,
            1,
            91
          ]
        ],
        "six_way_labels": [
          "visual",
          "language-prior",
          "alignment",
          "mixed",
          "unclear",
          "no-failure"
        ],
        "signature_mse": 0.004838878472146506
      },
      "prediction_sets": {
        "coverage": 0.8743589743589744,
        "average_set_size": 2.396153846153846,
        "singleton_rate": 0.35128205128205126,
        "empty_set_rate": 0.12307692307692308
      },
      "action_counts": {
        "grounding": 780,
        "blank": 780,
        "blur": 780,
        "crop": 780,
        "brightness": 780,
        "noise": 780,
        "stop": 780,
        "relation": 10
      }
    },
    "scalar_confidence|1|0.9": {
      "row_count": 780,
      "mean_acquisition_cost": 0.0,
      "diagnostic": {
        "record_count": 780,
        "source_bit_micro_f1": 0.7846410684474123,
        "source_bit_macro_f1": 0.7804356729879339,
        "source_bit_hamming_loss": 0.2205128205128205,
        "source_bit_auroc": {
          "visual": 0.9147845117845118,
          "language": 0.5587443385295976,
          "alignment": 0.9814179493438718
        },
        "six_way_macro_f1": 0.2367747310716127,
        "six_way_balanced_accuracy": 0.3252732241281711,
        "six_way_confusion_matrix": [
          [
            5,
            3,
            21,
            7,
            0,
            48
          ],
          [
            7,
            7,
            11,
            0,
            0,
            179
          ],
          [
            1,
            0,
            1,
            3,
            0,
            0
          ],
          [
            6,
            1,
            61,
            302,
            0,
            24
          ],
          [
            0,
            0,
            1,
            0,
            0,
            0
          ],
          [
            1,
            3,
            6,
            0,
            0,
            82
          ]
        ],
        "six_way_labels": [
          "visual",
          "language-prior",
          "alignment",
          "mixed",
          "unclear",
          "no-failure"
        ],
        "signature_mse": 0.1005675581846565
      },
      "prediction_sets": {
        "coverage": 0.9384615384615385,
        "average_set_size": 3.408974358974359,
        "singleton_rate": 0.17564102564102563,
        "empty_set_rate": 0.007692307692307693
      },
      "action_counts": {
        "stop": 780
      }
    },
    "scalar_confidence|1|0.95": {
      "row_count": 780,
      "mean_acquisition_cost": 0.0,
      "diagnostic": {
        "record_count": 780,
        "source_bit_micro_f1": 0.7846410684474123,
        "source_bit_macro_f1": 0.7804356729879339,
        "source_bit_hamming_loss": 0.2205128205128205,
        "source_bit_auroc": {
          "visual": 0.9147845117845118,
          "language": 0.5587443385295976,
          "alignment": 0.9814179493438718
        },
        "six_way_macro_f1": 0.2367747310716127,
        "six_way_balanced_accuracy": 0.3252732241281711,
        "six_way_confusion_matrix": [
          [
            5,
            3,
            21,
            7,
            0,
            48
          ],
          [
            7,
            7,
            11,
            0,
            0,
            179
          ],
          [
            1,
            0,
            1,
            3,
            0,
            0
          ],
          [
            6,
            1,
            61,
            302,
            0,
            24
          ],
          [
            0,
            0,
            1,
            0,
            0,
            0
          ],
          [
            1,
            3,
            6,
            0,
            0,
            82
          ]
        ],
        "six_way_labels": [
          "visual",
          "language-prior",
          "alignment",
          "mixed",
          "unclear",
          "no-failure"
        ],
        "signature_mse": 0.1005675581846565
      },
      "prediction_sets": {
        "coverage": 0.967948717948718,
        "average_set_size": 5.283333333333333,
        "singleton_rate": 0.0,
        "empty_set_rate": 0.0
      },
      "action_counts": {
        "stop": 780
      }
    },
    "scalar_confidence|2|0.9": {
      "row_count": 780,
      "mean_acquisition_cost": 0.0,
      "diagnostic": {
        "record_count": 780,
        "source_bit_micro_f1": 0.7846410684474123,
        "source_bit_macro_f1": 0.7804356729879339,
        "source_bit_hamming_loss": 0.2205128205128205,
        "source_bit_auroc": {
          "visual": 0.9147845117845118,
          "language": 0.5587443385295976,
          "alignment": 0.9814179493438718
        },
        "six_way_macro_f1": 0.2367747310716127,
        "six_way_balanced_accuracy": 0.3252732241281711,
        "six_way_confusion_matrix": [
          [
            5,
            3,
            21,
            7,
            0,
            48
          ],
          [
            7,
            7,
            11,
            0,
            0,
            179
          ],
          [
            1,
            0,
            1,
            3,
            0,
            0
          ],
          [
            6,
            1,
            61,
            302,
            0,
            24
          ],
          [
            0,
            0,
            1,
            0,
            0,
            0
          ],
          [
            1,
            3,
            6,
            0,
            0,
            82
          ]
        ],
        "six_way_labels": [
          "visual",
          "language-prior",
          "alignment",
          "mixed",
          "unclear",
          "no-failure"
        ],
        "signature_mse": 0.1005675581846565
      },
      "prediction_sets": {
        "coverage": 0.9384615384615385,
        "average_set_size": 3.408974358974359,
        "singleton_rate": 0.17564102564102563,
        "empty_set_rate": 0.007692307692307693
      },
      "action_counts": {
        "stop": 780
      }
    },
    "scalar_confidence|2|0.95": {
      "row_count": 780,
      "mean_acquisition_cost": 0.0,
      "diagnostic": {
        "record_count": 780,
        "source_bit_micro_f1": 0.7846410684474123,
        "source_bit_macro_f1": 0.7804356729879339,
        "source_bit_hamming_loss": 0.2205128205128205,
        "source_bit_auroc": {
          "visual": 0.9147845117845118,
          "language": 0.5587443385295976,
          "alignment": 0.9814179493438718
        },
        "six_way_macro_f1": 0.2367747310716127,
        "six_way_balanced_accuracy": 0.3252732241281711,
        "six_way_confusion_matrix": [
          [
            5,
            3,
            21,
            7,
            0,
            48
          ],
          [
            7,
            7,
            11,
            0,
            0,
            179
          ],
          [
            1,
            0,
            1,
            3,
            0,
            0
          ],
          [
            6,
            1,
            61,
            302,
            0,
            24
          ],
          [
            0,
            0,
            1,
            0,
            0,
            0
          ],
          [
            1,
            3,
            6,
            0,
            0,
            82
          ]
        ],
        "six_way_labels": [
          "visual",
          "language-prior",
          "alignment",
          "mixed",
          "unclear",
          "no-failure"
        ],
        "signature_mse": 0.1005675581846565
      },
      "prediction_sets": {
        "coverage": 0.967948717948718,
        "average_set_size": 5.283333333333333,
        "singleton_rate": 0.0,
        "empty_set_rate": 0.0
      },
      "action_counts": {
        "stop": 780
      }
    },
    "scalar_confidence|3|0.9": {
      "row_count": 780,
      "mean_acquisition_cost": 0.0,
      "diagnostic": {
        "record_count": 780,
        "source_bit_micro_f1": 0.7846410684474123,
        "source_bit_macro_f1": 0.7804356729879339,
        "source_bit_hamming_loss": 0.2205128205128205,
        "source_bit_auroc": {
          "visual": 0.9147845117845118,
          "language": 0.5587443385295976,
          "alignment": 0.9814179493438718
        },
        "six_way_macro_f1": 0.2367747310716127,
        "six_way_balanced_accuracy": 0.3252732241281711,
        "six_way_confusion_matrix": [
          [
            5,
            3,
            21,
            7,
            0,
            48
          ],
          [
            7,
            7,
            11,
            0,
            0,
            179
          ],
          [
            1,
            0,
            1,
            3,
            0,
            0
          ],
          [
            6,
            1,
            61,
            302,
            0,
            24
          ],
          [
            0,
            0,
            1,
            0,
            0,
            0
          ],
          [
            1,
            3,
            6,
            0,
            0,
            82
          ]
        ],
        "six_way_labels": [
          "visual",
          "language-prior",
          "alignment",
          "mixed",
          "unclear",
          "no-failure"
        ],
        "signature_mse": 0.1005675581846565
      },
      "prediction_sets": {
        "coverage": 0.9384615384615385,
        "average_set_size": 3.408974358974359,
        "singleton_rate": 0.17564102564102563,
        "empty_set_rate": 0.007692307692307693
      },
      "action_counts": {
        "stop": 780
      }
    },
    "scalar_confidence|3|0.95": {
      "row_count": 780,
      "mean_acquisition_cost": 0.0,
      "diagnostic": {
        "record_count": 780,
        "source_bit_micro_f1": 0.7846410684474123,
        "source_bit_macro_f1": 0.7804356729879339,
        "source_bit_hamming_loss": 0.2205128205128205,
        "source_bit_auroc": {
          "visual": 0.9147845117845118,
          "language": 0.5587443385295976,
          "alignment": 0.9814179493438718
        },
        "six_way_macro_f1": 0.2367747310716127,
        "six_way_balanced_accuracy": 0.3252732241281711,
        "six_way_confusion_matrix": [
          [
            5,
            3,
            21,
            7,
            0,
            48
          ],
          [
            7,
            7,
            11,
            0,
            0,
            179
          ],
          [
            1,
            0,
            1,
            3,
            0,
            0
          ],
          [
            6,
            1,
            61,
            302,
            0,
            24
          ],
          [
            0,
            0,
            1,
            0,
            0,
            0
          ],
          [
            1,
            3,
            6,
            0,
            0,
            82
          ]
        ],
        "six_way_labels": [
          "visual",
          "language-prior",
          "alignment",
          "mixed",
          "unclear",
          "no-failure"
        ],
        "signature_mse": 0.1005675581846565
      },
      "prediction_sets": {
        "coverage": 0.967948717948718,
        "average_set_size": 5.283333333333333,
        "singleton_rate": 0.0,
        "empty_set_rate": 0.0
      },
      "action_counts": {
        "stop": 780
      }
    },
    "scalar_confidence|4|0.9": {
      "row_count": 780,
      "mean_acquisition_cost": 0.0,
      "diagnostic": {
        "record_count": 780,
        "source_bit_micro_f1": 0.7846410684474123,
        "source_bit_macro_f1": 0.7804356729879339,
        "source_bit_hamming_loss": 0.2205128205128205,
        "source_bit_auroc": {
          "visual": 0.9147845117845118,
          "language": 0.5587443385295976,
          "alignment": 0.9814179493438718
        },
        "six_way_macro_f1": 0.2367747310716127,
        "six_way_balanced_accuracy": 0.3252732241281711,
        "six_way_confusion_matrix": [
          [
            5,
            3,
            21,
            7,
            0,
            48
          ],
          [
            7,
            7,
            11,
            0,
            0,
            179
          ],
          [
            1,
            0,
            1,
            3,
            0,
            0
          ],
          [
            6,
            1,
            61,
            302,
            0,
            24
          ],
          [
            0,
            0,
            1,
            0,
            0,
            0
          ],
          [
            1,
            3,
            6,
            0,
            0,
            82
          ]
        ],
        "six_way_labels": [
          "visual",
          "language-prior",
          "alignment",
          "mixed",
          "unclear",
          "no-failure"
        ],
        "signature_mse": 0.1005675581846565
      },
      "prediction_sets": {
        "coverage": 0.9384615384615385,
        "average_set_size": 3.408974358974359,
        "singleton_rate": 0.17564102564102563,
        "empty_set_rate": 0.007692307692307693
      },
      "action_counts": {
        "stop": 780
      }
    },
    "scalar_confidence|4|0.95": {
      "row_count": 780,
      "mean_acquisition_cost": 0.0,
      "diagnostic": {
        "record_count": 780,
        "source_bit_micro_f1": 0.7846410684474123,
        "source_bit_macro_f1": 0.7804356729879339,
        "source_bit_hamming_loss": 0.2205128205128205,
        "source_bit_auroc": {
          "visual": 0.9147845117845118,
          "language": 0.5587443385295976,
          "alignment": 0.9814179493438718
        },
        "six_way_macro_f1": 0.2367747310716127,
        "six_way_balanced_accuracy": 0.3252732241281711,
        "six_way_confusion_matrix": [
          [
            5,
            3,
            21,
            7,
            0,
            48
          ],
          [
            7,
            7,
            11,
            0,
            0,
            179
          ],
          [
            1,
            0,
            1,
            3,
            0,
            0
          ],
          [
            6,
            1,
            61,
            302,
            0,
            24
          ],
          [
            0,
            0,
            1,
            0,
            0,
            0
          ],
          [
            1,
            3,
            6,
            0,
            0,
            82
          ]
        ],
        "six_way_labels": [
          "visual",
          "language-prior",
          "alignment",
          "mixed",
          "unclear",
          "no-failure"
        ],
        "signature_mse": 0.1005675581846565
      },
      "prediction_sets": {
        "coverage": 0.967948717948718,
        "average_set_size": 5.283333333333333,
        "singleton_rate": 0.0,
        "empty_set_rate": 0.0
      },
      "action_counts": {
        "stop": 780
      }
    },
    "scalar_confidence|7|0.9": {
      "row_count": 780,
      "mean_acquisition_cost": 0.0,
      "diagnostic": {
        "record_count": 780,
        "source_bit_micro_f1": 0.7846410684474123,
        "source_bit_macro_f1": 0.7804356729879339,
        "source_bit_hamming_loss": 0.2205128205128205,
        "source_bit_auroc": {
          "visual": 0.9147845117845118,
          "language": 0.5587443385295976,
          "alignment": 0.9814179493438718
        },
        "six_way_macro_f1": 0.2367747310716127,
        "six_way_balanced_accuracy": 0.3252732241281711,
        "six_way_confusion_matrix": [
          [
            5,
            3,
            21,
            7,
            0,
            48
          ],
          [
            7,
            7,
            11,
            0,
            0,
            179
          ],
          [
            1,
            0,
            1,
            3,
            0,
            0
          ],
          [
            6,
            1,
            61,
            302,
            0,
            24
          ],
          [
            0,
            0,
            1,
            0,
            0,
            0
          ],
          [
            1,
            3,
            6,
            0,
            0,
            82
          ]
        ],
        "six_way_labels": [
          "visual",
          "language-prior",
          "alignment",
          "mixed",
          "unclear",
          "no-failure"
        ],
        "signature_mse": 0.1005675581846565
      },
      "prediction_sets": {
        "coverage": 0.9384615384615385,
        "average_set_size": 3.408974358974359,
        "singleton_rate": 0.17564102564102563,
        "empty_set_rate": 0.007692307692307693
      },
      "action_counts": {
        "stop": 780
      }
    },
    "scalar_confidence|7|0.95": {
      "row_count": 780,
      "mean_acquisition_cost": 0.0,
      "diagnostic": {
        "record_count": 780,
        "source_bit_micro_f1": 0.7846410684474123,
        "source_bit_macro_f1": 0.7804356729879339,
        "source_bit_hamming_loss": 0.2205128205128205,
        "source_bit_auroc": {
          "visual": 0.9147845117845118,
          "language": 0.5587443385295976,
          "alignment": 0.9814179493438718
        },
        "six_way_macro_f1": 0.2367747310716127,
        "six_way_balanced_accuracy": 0.3252732241281711,
        "six_way_confusion_matrix": [
          [
            5,
            3,
            21,
            7,
            0,
            48
          ],
          [
            7,
            7,
            11,
            0,
            0,
            179
          ],
          [
            1,
            0,
            1,
            3,
            0,
            0
          ],
          [
            6,
            1,
            61,
            302,
            0,
            24
          ],
          [
            0,
            0,
            1,
            0,
            0,
            0
          ],
          [
            1,
            3,
            6,
            0,
            0,
            82
          ]
        ],
        "six_way_labels": [
          "visual",
          "language-prior",
          "alignment",
          "mixed",
          "unclear",
          "no-failure"
        ],
        "signature_mse": 0.1005675581846565
      },
      "prediction_sets": {
        "coverage": 0.967948717948718,
        "average_set_size": 5.283333333333333,
        "singleton_rate": 0.0,
        "empty_set_rate": 0.0
      },
      "action_counts": {
        "stop": 780
      }
    },
    "visual_first|1|0.9": {
      "row_count": 780,
      "mean_acquisition_cost": 1.0,
      "diagnostic": {
        "record_count": 780,
        "source_bit_micro_f1": 0.8453085376162299,
        "source_bit_macro_f1": 0.8399885589367982,
        "source_bit_hamming_loss": 0.1564102564102564,
        "source_bit_auroc": {
          "visual": 0.9758316498316499,
          "language": 0.7674583947756477,
          "alignment": 0.982569224983671
        },
        "six_way_macro_f1": 0.4857744853003474,
        "six_way_balanced_accuracy": 0.5284383325904481,
        "six_way_confusion_matrix": [
          [
            63,
            6,
            2,
            3,
            8,
            2
          ],
          [
            0,
            146,
            5,
            1,
            43,
            9
          ],
          [
            0,
            0,
            3,
            1,
            1,
            0
          ],
          [
            29,
            6,
            14,
            324,
            20,
            1
          ],
          [
            0,
            0,
            1,
            0,
            0,
            0
          ],
          [
            0,
            45,
            2,
            2,
            17,
            26
          ]
        ],
        "six_way_labels": [
          "visual",
          "language-prior",
          "alignment",
          "mixed",
          "unclear",
          "no-failure"
        ],
        "signature_mse": 0.08123684215687907
      },
      "prediction_sets": {
        "coverage": 0.9358974358974359,
        "average_set_size": 2.9025641025641025,
        "singleton_rate": 0.5012820512820513,
        "empty_set_rate": 0.005128205128205128
      },
      "action_counts": {
        "blur": 780,
        "stop": 780
      }
    },
    "visual_first|1|0.95": {
      "row_count": 780,
      "mean_acquisition_cost": 1.0,
      "diagnostic": {
        "record_count": 780,
        "source_bit_micro_f1": 0.8453085376162299,
        "source_bit_macro_f1": 0.8399885589367982,
        "source_bit_hamming_loss": 0.1564102564102564,
        "source_bit_auroc": {
          "visual": 0.9758316498316499,
          "language": 0.7674583947756477,
          "alignment": 0.982569224983671
        },
        "six_way_macro_f1": 0.4857744853003474,
        "six_way_balanced_accuracy": 0.5284383325904481,
        "six_way_confusion_matrix": [
          [
            63,
            6,
            2,
            3,
            8,
            2
          ],
          [
            0,
            146,
            5,
            1,
            43,
            9
          ],
          [
            0,
            0,
            3,
            1,
            1,
            0
          ],
          [
            29,
            6,
            14,
            324,
            20,
            1
          ],
          [
            0,
            0,
            1,
            0,
            0,
            0
          ],
          [
            0,
            45,
            2,
            2,
            17,
            26
          ]
        ],
        "six_way_labels": [
          "visual",
          "language-prior",
          "alignment",
          "mixed",
          "unclear",
          "no-failure"
        ],
        "signature_mse": 0.08123684215687907
      },
      "prediction_sets": {
        "coverage": 0.95,
        "average_set_size": 2.973076923076923,
        "singleton_rate": 0.45256410256410257,
        "empty_set_rate": 0.0
      },
      "action_counts": {
        "blur": 780,
        "stop": 780
      }
    },
    "visual_first|2|0.9": {
      "row_count": 780,
      "mean_acquisition_cost": 2.0,
      "diagnostic": {
        "record_count": 780,
        "source_bit_micro_f1": 0.8587140439932318,
        "source_bit_macro_f1": 0.8488486444820672,
        "source_bit_hamming_loss": 0.14273504273504273,
        "source_bit_auroc": {
          "visual": 0.9942424242424243,
          "language": 0.7827970297029703,
          "alignment": 0.982107395214124
        },
        "six_way_macro_f1": 0.5031866437914143,
        "six_way_balanced_accuracy": 0.568278593715129,
        "six_way_confusion_matrix": [
          [
            78,
            1,
            1,
            3,
            1,
            0
          ],
          [
            0,
            159,
            6,
            1,
            28,
            10
          ],
          [
            0,
            0,
            3,
            1,
            1,
            0
          ],
          [
            40,
            9,
            11,
            327,
            7,
            0
          ],
          [
            0,
            0,
            1,
            0,
            0,
            0
          ],
          [
            0,
            49,
            3,
            1,
            14,
            25
          ]
        ],
        "six_way_labels": [
          "visual",
          "language-prior",
          "alignment",
          "mixed",
          "unclear",
          "no-failure"
        ],
        "signature_mse": 0.07864536851257581
      },
      "prediction_sets": {
        "coverage": 0.9333333333333333,
        "average_set_size": 2.741025641025641,
        "singleton_rate": 0.5448717948717948,
        "empty_set_rate": 0.00641025641025641
      },
      "action_counts": {
        "blur": 780,
        "crop": 780,
        "stop": 780
      }
    },
    "visual_first|2|0.95": {
      "row_count": 780,
      "mean_acquisition_cost": 2.0,
      "diagnostic": {
        "record_count": 780,
        "source_bit_micro_f1": 0.8587140439932318,
        "source_bit_macro_f1": 0.8488486444820672,
        "source_bit_hamming_loss": 0.14273504273504273,
        "source_bit_auroc": {
          "visual": 0.9942424242424243,
          "language": 0.7827970297029703,
          "alignment": 0.982107395214124
        },
        "six_way_macro_f1": 0.5031866437914143,
        "six_way_balanced_accuracy": 0.568278593715129,
        "six_way_confusion_matrix": [
          [
            78,
            1,
            1,
            3,
            1,
            0
          ],
          [
            0,
            159,
            6,
            1,
            28,
            10
          ],
          [
            0,
            0,
            3,
            1,
            1,
            0
          ],
          [
            40,
            9,
            11,
            327,
            7,
            0
          ],
          [
            0,
            0,
            1,
            0,
            0,
            0
          ],
          [
            0,
            49,
            3,
            1,
            14,
            25
          ]
        ],
        "six_way_labels": [
          "visual",
          "language-prior",
          "alignment",
          "mixed",
          "unclear",
          "no-failure"
        ],
        "signature_mse": 0.07864536851257581
      },
      "prediction_sets": {
        "coverage": 0.9448717948717948,
        "average_set_size": 2.7987179487179485,
        "singleton_rate": 0.5076923076923077,
        "empty_set_rate": 0.0
      },
      "action_counts": {
        "blur": 780,
        "crop": 780,
        "stop": 780
      }
    },
    "visual_first|3|0.9": {
      "row_count": 780,
      "mean_acquisition_cost": 3.0,
      "diagnostic": {
        "record_count": 780,
        "source_bit_micro_f1": 0.8679562657695542,
        "source_bit_macro_f1": 0.8577040070141143,
        "source_bit_hamming_loss": 0.13418803418803418,
        "source_bit_auroc": {
          "visual": 0.9990235690235689,
          "language": 0.7904202654307984,
          "alignment": 0.9810979672892571
        },
        "six_way_macro_f1": 0.5154447599786874,
        "six_way_balanced_accuracy": 0.5734868529917668,
        "six_way_confusion_matrix": [
          [
            80,
            0,
            0,
            4,
            0,
            0
          ],
          [
            0,
            160,
            5,
            1,
            29,
            9
          ],
          [
            0,
            0,
            3,
            1,
            1,
            0
          ],
          [
            47,
            5,
            6,
            328,
            8,
            0
          ],
          [
            0,
            0,
            1,
            0,
            0,
            0
          ],
          [
            0,
            50,
            2,
            0,
            15,
            25
          ]
        ],
        "six_way_labels": [
          "visual",
          "language-prior",
          "alignment",
          "mixed",
          "unclear",
          "no-failure"
        ],
        "signature_mse": 0.07710490166067588
      },
      "prediction_sets": {
        "coverage": 0.9282051282051282,
        "average_set_size": 2.678205128205128,
        "singleton_rate": 0.5641025641025641,
        "empty_set_rate": 0.005128205128205128
      },
      "action_counts": {
        "blur": 780,
        "crop": 780,
        "brightness": 780,
        "stop": 780
      }
    },
    "visual_first|3|0.95": {
      "row_count": 780,
      "mean_acquisition_cost": 3.0,
      "diagnostic": {
        "record_count": 780,
        "source_bit_micro_f1": 0.8679562657695542,
        "source_bit_macro_f1": 0.8577040070141143,
        "source_bit_hamming_loss": 0.13418803418803418,
        "source_bit_auroc": {
          "visual": 0.9990235690235689,
          "language": 0.7904202654307984,
          "alignment": 0.9810979672892571
        },
        "six_way_macro_f1": 0.5154447599786874,
        "six_way_balanced_accuracy": 0.5734868529917668,
        "six_way_confusion_matrix": [
          [
            80,
            0,
            0,
            4,
            0,
            0
          ],
          [
            0,
            160,
            5,
            1,
            29,
            9
          ],
          [
            0,
            0,
            3,
            1,
            1,
            0
          ],
          [
            47,
            5,
            6,
            328,
            8,
            0
          ],
          [
            0,
            0,
            1,
            0,
            0,
            0
          ],
          [
            0,
            50,
            2,
            0,
            15,
            25
          ]
        ],
        "six_way_labels": [
          "visual",
          "language-prior",
          "alignment",
          "mixed",
          "unclear",
          "no-failure"
        ],
        "signature_mse": 0.07710490166067588
      },
      "prediction_sets": {
        "coverage": 0.941025641025641,
        "average_set_size": 2.7512820512820513,
        "singleton_rate": 0.5166666666666667,
        "empty_set_rate": 0.0
      },
      "action_counts": {
        "blur": 780,
        "crop": 780,
        "brightness": 780,
        "stop": 780
      }
    },
    "visual_first|4|0.9": {
      "row_count": 780,
      "mean_acquisition_cost": 4.0,
      "diagnostic": {
        "record_count": 780,
        "source_bit_micro_f1": 0.8714943491000419,
        "source_bit_macro_f1": 0.8620643944709295,
        "source_bit_hamming_loss": 0.1311965811965812,
        "source_bit_auroc": {
          "visual": 0.9999528619528619,
          "language": 0.7867863914050979,
          "alignment": 0.9805833569746192
        },
        "six_way_macro_f1": 0.5127055697219545,
        "six_way_balanced_accuracy": 0.5718238358390514,
        "six_way_confusion_matrix": [
          [
            80,
            0,
            0,
            4,
            0,
            0
          ],
          [
            0,
            159,
            5,
            1,
            30,
            9
          ],
          [
            0,
            0,
            3,
            1,
            1,
            0
          ],
          [
            51,
            4,
            6,
            326,
            7,
            0
          ],
          [
            0,
            0,
            1,
            0,
            0,
            0
          ],
          [
            0,
            49,
            2,
            0,
            16,
            25
          ]
        ],
        "six_way_labels": [
          "visual",
          "language-prior",
          "alignment",
          "mixed",
          "unclear",
          "no-failure"
        ],
        "signature_mse": 0.07784084364429679
      },
      "prediction_sets": {
        "coverage": 0.9294871794871795,
        "average_set_size": 2.6666666666666665,
        "singleton_rate": 0.5743589743589743,
        "empty_set_rate": 0.001282051282051282
      },
      "action_counts": {
        "blur": 780,
        "crop": 780,
        "brightness": 780,
        "noise": 780,
        "stop": 780
      }
    },
    "visual_first|4|0.95": {
      "row_count": 780,
      "mean_acquisition_cost": 4.0,
      "diagnostic": {
        "record_count": 780,
        "source_bit_micro_f1": 0.8714943491000419,
        "source_bit_macro_f1": 0.8620643944709295,
        "source_bit_hamming_loss": 0.1311965811965812,
        "source_bit_auroc": {
          "visual": 0.9999528619528619,
          "language": 0.7867863914050979,
          "alignment": 0.9805833569746192
        },
        "six_way_macro_f1": 0.5127055697219545,
        "six_way_balanced_accuracy": 0.5718238358390514,
        "six_way_confusion_matrix": [
          [
            80,
            0,
            0,
            4,
            0,
            0
          ],
          [
            0,
            159,
            5,
            1,
            30,
            9
          ],
          [
            0,
            0,
            3,
            1,
            1,
            0
          ],
          [
            51,
            4,
            6,
            326,
            7,
            0
          ],
          [
            0,
            0,
            1,
            0,
            0,
            0
          ],
          [
            0,
            49,
            2,
            0,
            16,
            25
          ]
        ],
        "six_way_labels": [
          "visual",
          "language-prior",
          "alignment",
          "mixed",
          "unclear",
          "no-failure"
        ],
        "signature_mse": 0.07784084364429679
      },
      "prediction_sets": {
        "coverage": 0.9423076923076923,
        "average_set_size": 2.7576923076923077,
        "singleton_rate": 0.517948717948718,
        "empty_set_rate": 0.0
      },
      "action_counts": {
        "blur": 780,
        "crop": 780,
        "brightness": 780,
        "noise": 780,
        "stop": 780
      }
    },
    "visual_first|7|0.9": {
      "row_count": 780,
      "mean_acquisition_cost": 6.012820512820513,
      "diagnostic": {
        "record_count": 780,
        "source_bit_micro_f1": 0.9955120359037127,
        "source_bit_macro_f1": 0.9955654333275885,
        "source_bit_hamming_loss": 0.004700854700854701,
        "source_bit_auroc": {
          "visual": 0.999973063973064,
          "language": 0.9999473351590478,
          "alignment": 0.9999736097274544
        },
        "six_way_macro_f1": 0.8115832756916302,
        "six_way_balanced_accuracy": 0.7962042788129744,
        "six_way_confusion_matrix": [
          [
            83,
            0,
            0,
            1,
            0,
            0
          ],
          [
            0,
            204,
            0,
            0,
            0,
            0
          ],
          [
            0,
            0,
            4,
            1,
            0,
            0
          ],
          [
            0,
            0,
            0,
            394,
            0,
            0
          ],
          [
            0,
            0,
            0,
            0,
            0,
            1
          ],
          [
            0,
            0,
            0,
            0,
            1,
            91
          ]
        ],
        "six_way_labels": [
          "visual",
          "language-prior",
          "alignment",
          "mixed",
          "unclear",
          "no-failure"
        ],
        "signature_mse": 0.004838878472146506
      },
      "prediction_sets": {
        "coverage": 0.8102564102564103,
        "average_set_size": 1.4474358974358974,
        "singleton_rate": 0.43846153846153846,
        "empty_set_rate": 0.18717948717948718
      },
      "action_counts": {
        "blur": 780,
        "crop": 780,
        "brightness": 780,
        "noise": 780,
        "blank": 780,
        "grounding": 780,
        "stop": 780,
        "relation": 10
      }
    },
    "visual_first|7|0.95": {
      "row_count": 780,
      "mean_acquisition_cost": 6.012820512820513,
      "diagnostic": {
        "record_count": 780,
        "source_bit_micro_f1": 0.9955120359037127,
        "source_bit_macro_f1": 0.9955654333275885,
        "source_bit_hamming_loss": 0.004700854700854701,
        "source_bit_auroc": {
          "visual": 0.999973063973064,
          "language": 0.9999473351590478,
          "alignment": 0.9999736097274544
        },
        "six_way_macro_f1": 0.8115832756916302,
        "six_way_balanced_accuracy": 0.7962042788129744,
        "six_way_confusion_matrix": [
          [
            83,
            0,
            0,
            1,
            0,
            0
          ],
          [
            0,
            204,
            0,
            0,
            0,
            0
          ],
          [
            0,
            0,
            4,
            1,
            0,
            0
          ],
          [
            0,
            0,
            0,
            394,
            0,
            0
          ],
          [
            0,
            0,
            0,
            0,
            0,
            1
          ],
          [
            0,
            0,
            0,
            0,
            1,
            91
          ]
        ],
        "six_way_labels": [
          "visual",
          "language-prior",
          "alignment",
          "mixed",
          "unclear",
          "no-failure"
        ],
        "signature_mse": 0.004838878472146506
      },
      "prediction_sets": {
        "coverage": 0.8743589743589744,
        "average_set_size": 2.396153846153846,
        "singleton_rate": 0.35128205128205126,
        "empty_set_rate": 0.12307692307692308
      },
      "action_counts": {
        "blur": 780,
        "crop": 780,
        "brightness": 780,
        "noise": 780,
        "blank": 780,
        "grounding": 780,
        "stop": 780,
        "relation": 10
      }
    }
  },
  "rows": [
    {
      "heldout_model_id": "google/gemma-4-E4B-it",
      "condition": "blank_first",
      "maximum_budget": 1,
      "target_coverage": 0.9,
      "row_count": 780,
      "mean_acquisition_cost": 1.0,
      "source_bit_macro_f1": 0.9404845814621319,
      "six_way_macro_f1": 0.577996641413698,
      "empirical_coverage": 0.8166666666666667,
      "average_set_size": 2.1064102564102565
    },
    {
      "heldout_model_id": "google/gemma-4-E4B-it",
      "condition": "blank_first",
      "maximum_budget": 1,
      "target_coverage": 0.95,
      "row_count": 780,
      "mean_acquisition_cost": 1.0,
      "source_bit_macro_f1": 0.9404845814621319,
      "six_way_macro_f1": 0.577996641413698,
      "empirical_coverage": 0.8589743589743589,
      "average_set_size": 2.4166666666666665
    },
    {
      "heldout_model_id": "google/gemma-4-E4B-it",
      "condition": "blank_first",
      "maximum_budget": 2,
      "target_coverage": 0.9,
      "row_count": 780,
      "mean_acquisition_cost": 2.0,
      "source_bit_macro_f1": 0.9588555417105941,
      "six_way_macro_f1": 0.6239072508783706,
      "empirical_coverage": 0.7833333333333333,
      "average_set_size": 1.8153846153846154
    },
    {
      "heldout_model_id": "google/gemma-4-E4B-it",
      "condition": "blank_first",
      "maximum_budget": 2,
      "target_coverage": 0.95,
      "row_count": 780,
      "mean_acquisition_cost": 2.0,
      "source_bit_macro_f1": 0.9588555417105941,
      "six_way_macro_f1": 0.6239072508783706,
      "empirical_coverage": 0.8153846153846154,
      "average_set_size": 2.23974358974359
    },
    {
      "heldout_model_id": "google/gemma-4-E4B-it",
      "condition": "blank_first",
      "maximum_budget": 3,
      "target_coverage": 0.9,
      "row_count": 780,
      "mean_acquisition_cost": 3.0,
      "source_bit_macro_f1": 0.9757073871064117,
      "six_way_macro_f1": 0.7183310860331305,
      "empirical_coverage": 0.7038461538461539,
      "average_set_size": 1.3153846153846154
    },
    {
      "heldout_model_id": "google/gemma-4-E4B-it",
      "condition": "blank_first",
      "maximum_budget": 3,
      "target_coverage": 0.95,
      "row_count": 780,
      "mean_acquisition_cost": 3.0,
      "source_bit_macro_f1": 0.9757073871064117,
      "six_way_macro_f1": 0.7183310860331305,
      "empirical_coverage": 0.8269230769230769,
      "average_set_size": 2.0256410256410255
    },
    {
      "heldout_model_id": "google/gemma-4-E4B-it",
      "condition": "blank_first",
      "maximum_budget": 4,
      "target_coverage": 0.9,
      "row_count": 780,
      "mean_acquisition_cost": 4.0,
      "source_bit_macro_f1": 0.9882626985866995,
      "six_way_macro_f1": 0.7759087991597621,
      "empirical_coverage": 0.7589743589743589,
      "average_set_size": 1.3666666666666667
    },
    {
      "heldout_model_id": "google/gemma-4-E4B-it",
      "condition": "blank_first",
      "maximum_budget": 4,
      "target_coverage": 0.95,
      "row_count": 780,
      "mean_acquisition_cost": 4.0,
      "source_bit_macro_f1": 0.9882626985866995,
      "six_way_macro_f1": 0.7759087991597621,
      "empirical_coverage": 0.8333333333333334,
      "average_set_size": 2.1538461538461537
    },
    {
      "heldout_model_id": "google/gemma-4-E4B-it",
      "condition": "blank_first",
      "maximum_budget": 7,
      "target_coverage": 0.9,
      "row_count": 780,
      "mean_acquisition_cost": 6.012820512820513,
      "source_bit_macro_f1": 0.9955654333275885,
      "six_way_macro_f1": 0.8115832756916302,
      "empirical_coverage": 0.8102564102564103,
      "average_set_size": 1.4474358974358974
    },
    {
      "heldout_model_id": "google/gemma-4-E4B-it",
      "condition": "blank_first",
      "maximum_budget": 7,
      "target_coverage": 0.95,
      "row_count": 780,
      "mean_acquisition_cost": 6.012820512820513,
      "source_bit_macro_f1": 0.9955654333275885,
      "six_way_macro_f1": 0.8115832756916302,
      "empirical_coverage": 0.8743589743589744,
      "average_set_size": 2.396153846153846
    },
    {
      "heldout_model_id": "google/gemma-4-E4B-it",
      "condition": "clean_only_learned",
      "maximum_budget": 1,
      "target_coverage": 0.9,
      "row_count": 780,
      "mean_acquisition_cost": 0.0,
      "source_bit_macro_f1": 0.7955528945150888,
      "six_way_macro_f1": 0.26323495176163925,
      "empirical_coverage": 0.6961538461538461,
      "average_set_size": 2.571794871794872
    },
    {
      "heldout_model_id": "google/gemma-4-E4B-it",
      "condition": "clean_only_learned",
      "maximum_budget": 1,
      "target_coverage": 0.95,
      "row_count": 780,
      "mean_acquisition_cost": 0.0,
      "source_bit_macro_f1": 0.7955528945150888,
      "six_way_macro_f1": 0.26323495176163925,
      "empirical_coverage": 0.9576923076923077,
      "average_set_size": 3.417948717948718
    },
    {
      "heldout_model_id": "google/gemma-4-E4B-it",
      "condition": "clean_only_learned",
      "maximum_budget": 2,
      "target_coverage": 0.9,
      "row_count": 780,
      "mean_acquisition_cost": 0.0,
      "source_bit_macro_f1": 0.7955528945150888,
      "six_way_macro_f1": 0.26323495176163925,
      "empirical_coverage": 0.6961538461538461,
      "average_set_size": 2.571794871794872
    },
    {
      "heldout_model_id": "google/gemma-4-E4B-it",
      "condition": "clean_only_learned",
      "maximum_budget": 2,
      "target_coverage": 0.95,
      "row_count": 780,
      "mean_acquisition_cost": 0.0,
      "source_bit_macro_f1": 0.7955528945150888,
      "six_way_macro_f1": 0.26323495176163925,
      "empirical_coverage": 0.9576923076923077,
      "average_set_size": 3.417948717948718
    },
    {
      "heldout_model_id": "google/gemma-4-E4B-it",
      "condition": "clean_only_learned",
      "maximum_budget": 3,
      "target_coverage": 0.9,
      "row_count": 780,
      "mean_acquisition_cost": 0.0,
      "source_bit_macro_f1": 0.7955528945150888,
      "six_way_macro_f1": 0.26323495176163925,
      "empirical_coverage": 0.6961538461538461,
      "average_set_size": 2.571794871794872
    },
    {
      "heldout_model_id": "google/gemma-4-E4B-it",
      "condition": "clean_only_learned",
      "maximum_budget": 3,
      "target_coverage": 0.95,
      "row_count": 780,
      "mean_acquisition_cost": 0.0,
      "source_bit_macro_f1": 0.7955528945150888,
      "six_way_macro_f1": 0.26323495176163925,
      "empirical_coverage": 0.9576923076923077,
      "average_set_size": 3.417948717948718
    },
    {
      "heldout_model_id": "google/gemma-4-E4B-it",
      "condition": "clean_only_learned",
      "maximum_budget": 4,
      "target_coverage": 0.9,
      "row_count": 780,
      "mean_acquisition_cost": 0.0,
      "source_bit_macro_f1": 0.7955528945150888,
      "six_way_macro_f1": 0.26323495176163925,
      "empirical_coverage": 0.6961538461538461,
      "average_set_size": 2.571794871794872
    },
    {
      "heldout_model_id": "google/gemma-4-E4B-it",
      "condition": "clean_only_learned",
      "maximum_budget": 4,
      "target_coverage": 0.95,
      "row_count": 780,
      "mean_acquisition_cost": 0.0,
      "source_bit_macro_f1": 0.7955528945150888,
      "six_way_macro_f1": 0.26323495176163925,
      "empirical_coverage": 0.9576923076923077,
      "average_set_size": 3.417948717948718
    },
    {
      "heldout_model_id": "google/gemma-4-E4B-it",
      "condition": "clean_only_learned",
      "maximum_budget": 7,
      "target_coverage": 0.9,
      "row_count": 780,
      "mean_acquisition_cost": 0.0,
      "source_bit_macro_f1": 0.7955528945150888,
      "six_way_macro_f1": 0.26323495176163925,
      "empirical_coverage": 0.6961538461538461,
      "average_set_size": 2.571794871794872
    },
    {
      "heldout_model_id": "google/gemma-4-E4B-it",
      "condition": "clean_only_learned",
      "maximum_budget": 7,
      "target_coverage": 0.95,
      "row_count": 780,
      "mean_acquisition_cost": 0.0,
      "source_bit_macro_f1": 0.7955528945150888,
      "six_way_macro_f1": 0.26323495176163925,
      "empirical_coverage": 0.9576923076923077,
      "average_set_size": 3.417948717948718
    },
    {
      "heldout_model_id": "google/gemma-4-E4B-it",
      "condition": "grounding_first",
      "maximum_budget": 1,
      "target_coverage": 0.9,
      "row_count": 780,
      "mean_acquisition_cost": 1.0,
      "source_bit_macro_f1": 0.8101441020237038,
      "six_way_macro_f1": 0.304703595615099,
      "empirical_coverage": 0.9743589743589743,
      "average_set_size": 3.325641025641026
    },
    {
      "heldout_model_id": "google/gemma-4-E4B-it",
      "condition": "grounding_first",
      "maximum_budget": 1,
      "target_coverage": 0.95,
      "row_count": 780,
      "mean_acquisition_cost": 1.0,
      "source_bit_macro_f1": 0.8101441020237038,
      "six_way_macro_f1": 0.304703595615099,
      "empirical_coverage": 0.9871794871794872,
      "average_set_size": 3.5474358974358973
    },
    {
      "heldout_model_id": "google/gemma-4-E4B-it",
      "condition": "grounding_first",
      "maximum_budget": 2,
      "target_coverage": 0.9,
      "row_count": 780,
      "mean_acquisition_cost": 2.0,
      "source_bit_macro_f1": 0.9588555417105941,
      "six_way_macro_f1": 0.6239072508783706,
      "empirical_coverage": 0.7833333333333333,
      "average_set_size": 1.8153846153846154
    },
    {
      "heldout_model_id": "google/gemma-4-E4B-it",
      "condition": "grounding_first",
      "maximum_budget": 2,
      "target_coverage": 0.95,
      "row_count": 780,
      "mean_acquisition_cost": 2.0,
      "source_bit_macro_f1": 0.9588555417105941,
      "six_way_macro_f1": 0.6239072508783706,
      "empirical_coverage": 0.8153846153846154,
      "average_set_size": 2.23974358974359
    },
    {
      "heldout_model_id": "google/gemma-4-E4B-it",
      "condition": "grounding_first",
      "maximum_budget": 3,
      "target_coverage": 0.9,
      "row_count": 780,
      "mean_acquisition_cost": 3.0,
      "source_bit_macro_f1": 0.9757073871064117,
      "six_way_macro_f1": 0.7183310860331305,
      "empirical_coverage": 0.7038461538461539,
      "average_set_size": 1.3153846153846154
    },
    {
      "heldout_model_id": "google/gemma-4-E4B-it",
      "condition": "grounding_first",
      "maximum_budget": 3,
      "target_coverage": 0.95,
      "row_count": 780,
      "mean_acquisition_cost": 3.0,
      "source_bit_macro_f1": 0.9757073871064117,
      "six_way_macro_f1": 0.7183310860331305,
      "empirical_coverage": 0.8269230769230769,
      "average_set_size": 2.0256410256410255
    },
    {
      "heldout_model_id": "google/gemma-4-E4B-it",
      "condition": "grounding_first",
      "maximum_budget": 4,
      "target_coverage": 0.9,
      "row_count": 780,
      "mean_acquisition_cost": 4.0,
      "source_bit_macro_f1": 0.9882626985866995,
      "six_way_macro_f1": 0.7759087991597621,
      "empirical_coverage": 0.7589743589743589,
      "average_set_size": 1.3666666666666667
    },
    {
      "heldout_model_id": "google/gemma-4-E4B-it",
      "condition": "grounding_first",
      "maximum_budget": 4,
      "target_coverage": 0.95,
      "row_count": 780,
      "mean_acquisition_cost": 4.0,
      "source_bit_macro_f1": 0.9882626985866995,
      "six_way_macro_f1": 0.7759087991597621,
      "empirical_coverage": 0.8333333333333334,
      "average_set_size": 2.1538461538461537
    },
    {
      "heldout_model_id": "google/gemma-4-E4B-it",
      "condition": "grounding_first",
      "maximum_budget": 7,
      "target_coverage": 0.9,
      "row_count": 780,
      "mean_acquisition_cost": 6.012820512820513,
      "source_bit_macro_f1": 0.9955654333275885,
      "six_way_macro_f1": 0.8115832756916302,
      "empirical_coverage": 0.8102564102564103,
      "average_set_size": 1.4474358974358974
    },
    {
      "heldout_model_id": "google/gemma-4-E4B-it",
      "condition": "grounding_first",
      "maximum_budget": 7,
      "target_coverage": 0.95,
      "row_count": 780,
      "mean_acquisition_cost": 6.012820512820513,
      "source_bit_macro_f1": 0.9955654333275885,
      "six_way_macro_f1": 0.8115832756916302,
      "empirical_coverage": 0.8743589743589744,
      "average_set_size": 2.396153846153846
    },
    {
      "heldout_model_id": "google/gemma-4-E4B-it",
      "condition": "proactive",
      "maximum_budget": 1,
      "target_coverage": 0.9,
      "row_count": 780,
      "mean_acquisition_cost": 1.0,
      "source_bit_macro_f1": 0.8801565007499815,
      "six_way_macro_f1": 0.5602313773838,
      "empirical_coverage": 0.9205128205128205,
      "average_set_size": 2.2192307692307693
    },
    {
      "heldout_model_id": "google/gemma-4-E4B-it",
      "condition": "proactive",
      "maximum_budget": 1,
      "target_coverage": 0.95,
      "row_count": 780,
      "mean_acquisition_cost": 1.0,
      "source_bit_macro_f1": 0.8801565007499815,
      "six_way_macro_f1": 0.5602313773838,
      "empirical_coverage": 0.9448717948717948,
      "average_set_size": 2.632051282051282
    },
    {
      "heldout_model_id": "google/gemma-4-E4B-it",
      "condition": "proactive",
      "maximum_budget": 2,
      "target_coverage": 0.9,
      "row_count": 780,
      "mean_acquisition_cost": 2.0,
      "source_bit_macro_f1": 0.94759732172733,
      "six_way_macro_f1": 0.6534915938563189,
      "empirical_coverage": 0.7769230769230769,
      "average_set_size": 1.6833333333333333
    },
    {
      "heldout_model_id": "google/gemma-4-E4B-it",
      "condition": "proactive",
      "maximum_budget": 2,
      "target_coverage": 0.95,
      "row_count": 780,
      "mean_acquisition_cost": 2.0,
      "source_bit_macro_f1": 0.94759732172733,
      "six_way_macro_f1": 0.6534915938563189,
      "empirical_coverage": 0.8666666666666667,
      "average_set_size": 2.246153846153846
    },
    {
      "heldout_model_id": "google/gemma-4-E4B-it",
      "condition": "proactive",
      "maximum_budget": 3,
      "target_coverage": 0.9,
      "row_count": 780,
      "mean_acquisition_cost": 2.9641025641025642,
      "source_bit_macro_f1": 0.9741661385560129,
      "six_way_macro_f1": 0.6975855465054748,
      "empirical_coverage": 0.7051282051282052,
      "average_set_size": 1.3269230769230769
    },
    {
      "heldout_model_id": "google/gemma-4-E4B-it",
      "condition": "proactive",
      "maximum_budget": 3,
      "target_coverage": 0.95,
      "row_count": 780,
      "mean_acquisition_cost": 2.9641025641025642,
      "source_bit_macro_f1": 0.9741661385560129,
      "six_way_macro_f1": 0.6975855465054748,
      "empirical_coverage": 0.8294871794871795,
      "average_set_size": 2.08974358974359
    },
    {
      "heldout_model_id": "google/gemma-4-E4B-it",
      "condition": "proactive",
      "maximum_budget": 4,
      "target_coverage": 0.9,
      "row_count": 780,
      "mean_acquisition_cost": 3.5435897435897434,
      "source_bit_macro_f1": 0.9855008009463345,
      "six_way_macro_f1": 0.7366535902507615,
      "empirical_coverage": 0.7115384615384616,
      "average_set_size": 1.2474358974358974
    },
    {
      "heldout_model_id": "google/gemma-4-E4B-it",
      "condition": "proactive",
      "maximum_budget": 4,
      "target_coverage": 0.95,
      "row_count": 780,
      "mean_acquisition_cost": 3.5435897435897434,
      "source_bit_macro_f1": 0.9855008009463345,
      "six_way_macro_f1": 0.7366535902507615,
      "empirical_coverage": 0.8294871794871795,
      "average_set_size": 2.223076923076923
    },
    {
      "heldout_model_id": "google/gemma-4-E4B-it",
      "condition": "proactive",
      "maximum_budget": 7,
      "target_coverage": 0.9,
      "row_count": 780,
      "mean_acquisition_cost": 4.5576923076923075,
      "source_bit_macro_f1": 0.9948230746255743,
      "six_way_macro_f1": 0.8062710656678148,
      "empirical_coverage": 0.7115384615384616,
      "average_set_size": 1.3128205128205128
    },
    {
      "heldout_model_id": "google/gemma-4-E4B-it",
      "condition": "proactive",
      "maximum_budget": 7,
      "target_coverage": 0.95,
      "row_count": 780,
      "mean_acquisition_cost": 4.5576923076923075,
      "source_bit_macro_f1": 0.9948230746255743,
      "six_way_macro_f1": 0.8062710656678148,
      "empirical_coverage": 0.8282051282051283,
      "average_set_size": 2.373076923076923
    },
    {
      "heldout_model_id": "google/gemma-4-E4B-it",
      "condition": "proactive_no_stop",
      "maximum_budget": 1,
      "target_coverage": 0.9,
      "row_count": 780,
      "mean_acquisition_cost": 1.0,
      "source_bit_macro_f1": 0.8801565007499815,
      "six_way_macro_f1": 0.5602313773838,
      "empirical_coverage": 0.9205128205128205,
      "average_set_size": 2.2192307692307693
    },
    {
      "heldout_model_id": "google/gemma-4-E4B-it",
      "condition": "proactive_no_stop",
      "maximum_budget": 1,
      "target_coverage": 0.95,
      "row_count": 780,
      "mean_acquisition_cost": 1.0,
      "source_bit_macro_f1": 0.8801565007499815,
      "six_way_macro_f1": 0.5602313773838,
      "empirical_coverage": 0.9448717948717948,
      "average_set_size": 2.632051282051282
    },
    {
      "heldout_model_id": "google/gemma-4-E4B-it",
      "condition": "proactive_no_stop",
      "maximum_budget": 2,
      "target_coverage": 0.9,
      "row_count": 780,
      "mean_acquisition_cost": 2.0,
      "source_bit_macro_f1": 0.94759732172733,
      "six_way_macro_f1": 0.6534915938563189,
      "empirical_coverage": 0.7769230769230769,
      "average_set_size": 1.6833333333333333
    },
    {
      "heldout_model_id": "google/gemma-4-E4B-it",
      "condition": "proactive_no_stop",
      "maximum_budget": 2,
      "target_coverage": 0.95,
      "row_count": 780,
      "mean_acquisition_cost": 2.0,
      "source_bit_macro_f1": 0.94759732172733,
      "six_way_macro_f1": 0.6534915938563189,
      "empirical_coverage": 0.8666666666666667,
      "average_set_size": 2.246153846153846
    },
    {
      "heldout_model_id": "google/gemma-4-E4B-it",
      "condition": "proactive_no_stop",
      "maximum_budget": 3,
      "target_coverage": 0.9,
      "row_count": 780,
      "mean_acquisition_cost": 3.0,
      "source_bit_macro_f1": 0.9741661385560129,
      "six_way_macro_f1": 0.6975855465054748,
      "empirical_coverage": 0.7064102564102565,
      "average_set_size": 1.317948717948718
    },
    {
      "heldout_model_id": "google/gemma-4-E4B-it",
      "condition": "proactive_no_stop",
      "maximum_budget": 3,
      "target_coverage": 0.95,
      "row_count": 780,
      "mean_acquisition_cost": 3.0,
      "source_bit_macro_f1": 0.9741661385560129,
      "six_way_macro_f1": 0.6975855465054748,
      "empirical_coverage": 0.8294871794871795,
      "average_set_size": 2.056410256410256
    },
    {
      "heldout_model_id": "google/gemma-4-E4B-it",
      "condition": "proactive_no_stop",
      "maximum_budget": 4,
      "target_coverage": 0.9,
      "row_count": 780,
      "mean_acquisition_cost": 4.0,
      "source_bit_macro_f1": 0.9859169282361876,
      "six_way_macro_f1": 0.7325535236506949,
      "empirical_coverage": 0.7512820512820513,
      "average_set_size": 1.3102564102564103
    },
    {
      "heldout_model_id": "google/gemma-4-E4B-it",
      "condition": "proactive_no_stop",
      "maximum_budget": 4,
      "target_coverage": 0.95,
      "row_count": 780,
      "mean_acquisition_cost": 4.0,
      "source_bit_macro_f1": 0.9859169282361876,
      "six_way_macro_f1": 0.7325535236506949,
      "empirical_coverage": 0.8307692307692308,
      "average_set_size": 2.1756410256410255
    },
    {
      "heldout_model_id": "google/gemma-4-E4B-it",
      "condition": "proactive_no_stop",
      "maximum_budget": 7,
      "target_coverage": 0.9,
      "row_count": 780,
      "mean_acquisition_cost": 6.012820512820513,
      "source_bit_macro_f1": 0.9955654333275885,
      "six_way_macro_f1": 0.8115832756916302,
      "empirical_coverage": 0.8102564102564103,
      "average_set_size": 1.4474358974358974
    },
    {
      "heldout_model_id": "google/gemma-4-E4B-it",
      "condition": "proactive_no_stop",
      "maximum_budget": 7,
      "target_coverage": 0.95,
      "row_count": 780,
      "mean_acquisition_cost": 6.012820512820513,
      "source_bit_macro_f1": 0.9955654333275885,
      "six_way_macro_f1": 0.8115832756916302,
      "empirical_coverage": 0.8743589743589744,
      "average_set_size": 2.396153846153846
    },
    {
      "heldout_model_id": "google/gemma-4-E4B-it",
      "condition": "random",
      "maximum_budget": 1,
      "target_coverage": 0.9,
      "row_count": 780,
      "mean_acquisition_cost": 1.0,
      "source_bit_macro_f1": 0.8361642511430564,
      "six_way_macro_f1": 0.38510992191250537,
      "empirical_coverage": 0.9320512820512821,
      "average_set_size": 3.0012820512820513
    },
    {
      "heldout_model_id": "google/gemma-4-E4B-it",
      "condition": "random",
      "maximum_budget": 1,
      "target_coverage": 0.95,
      "row_count": 780,
      "mean_acquisition_cost": 1.0,
      "source_bit_macro_f1": 0.8361642511430564,
      "six_way_macro_f1": 0.38510992191250537,
      "empirical_coverage": 0.9487179487179487,
      "average_set_size": 3.1256410256410256
    },
    {
      "heldout_model_id": "google/gemma-4-E4B-it",
      "condition": "random",
      "maximum_budget": 2,
      "target_coverage": 0.9,
      "row_count": 780,
      "mean_acquisition_cost": 2.0,
      "source_bit_macro_f1": 0.8812079290809637,
      "six_way_macro_f1": 0.49180255712721443,
      "empirical_coverage": 0.8743589743589744,
      "average_set_size": 2.4987179487179487
    },
    {
      "heldout_model_id": "google/gemma-4-E4B-it",
      "condition": "random",
      "maximum_budget": 2,
      "target_coverage": 0.95,
      "row_count": 780,
      "mean_acquisition_cost": 2.0,
      "source_bit_macro_f1": 0.8812079290809637,
      "six_way_macro_f1": 0.49180255712721443,
      "empirical_coverage": 0.9128205128205128,
      "average_set_size": 2.6974358974358976
    },
    {
      "heldout_model_id": "google/gemma-4-E4B-it",
      "condition": "random",
      "maximum_budget": 3,
      "target_coverage": 0.9,
      "row_count": 780,
      "mean_acquisition_cost": 3.0,
      "source_bit_macro_f1": 0.9064010892822573,
      "six_way_macro_f1": 0.5688038154603504,
      "empirical_coverage": 0.8128205128205128,
      "average_set_size": 2.0307692307692307
    },
    {
      "heldout_model_id": "google/gemma-4-E4B-it",
      "condition": "random",
      "maximum_budget": 3,
      "target_coverage": 0.95,
      "row_count": 780,
      "mean_acquisition_cost": 3.0,
      "source_bit_macro_f1": 0.9064010892822573,
      "six_way_macro_f1": 0.5688038154603504,
      "empirical_coverage": 0.9038461538461539,
      "average_set_size": 2.4833333333333334
    },
    {
      "heldout_model_id": "google/gemma-4-E4B-it",
      "condition": "random",
      "maximum_budget": 4,
      "target_coverage": 0.9,
      "row_count": 780,
      "mean_acquisition_cost": 4.0,
      "source_bit_macro_f1": 0.9428510072135307,
      "six_way_macro_f1": 0.6380877307060792,
      "empirical_coverage": 0.8115384615384615,
      "average_set_size": 1.7602564102564102
    },
    {
      "heldout_model_id": "google/gemma-4-E4B-it",
      "condition": "random",
      "maximum_budget": 4,
      "target_coverage": 0.95,
      "row_count": 780,
      "mean_acquisition_cost": 4.0,
      "source_bit_macro_f1": 0.9428510072135307,
      "six_way_macro_f1": 0.6380877307060792,
      "empirical_coverage": 0.9012820512820513,
      "average_set_size": 2.3653846153846154
    },
    {
      "heldout_model_id": "google/gemma-4-E4B-it",
      "condition": "random",
      "maximum_budget": 7,
      "target_coverage": 0.9,
      "row_count": 780,
      "mean_acquisition_cost": 6.012820512820513,
      "source_bit_macro_f1": 0.9955654333275885,
      "six_way_macro_f1": 0.8115832756916302,
      "empirical_coverage": 0.8102564102564103,
      "average_set_size": 1.4474358974358974
    },
    {
      "heldout_model_id": "google/gemma-4-E4B-it",
      "condition": "random",
      "maximum_budget": 7,
      "target_coverage": 0.95,
      "row_count": 780,
      "mean_acquisition_cost": 6.012820512820513,
      "source_bit_macro_f1": 0.9955654333275885,
      "six_way_macro_f1": 0.8115832756916302,
      "empirical_coverage": 0.8743589743589744,
      "average_set_size": 2.396153846153846
    },
    {
      "heldout_model_id": "google/gemma-4-E4B-it",
      "condition": "relation_first",
      "maximum_budget": 1,
      "target_coverage": 0.9,
      "row_count": 780,
      "mean_acquisition_cost": 1.0,
      "source_bit_macro_f1": 0.8121458869655411,
      "six_way_macro_f1": 0.3021694889558329,
      "empirical_coverage": 0.9756410256410256,
      "average_set_size": 3.3115384615384613
    },
    {
      "heldout_model_id": "google/gemma-4-E4B-it",
      "condition": "relation_first",
      "maximum_budget": 1,
      "target_coverage": 0.95,
      "row_count": 780,
      "mean_acquisition_cost": 1.0,
      "source_bit_macro_f1": 0.8121458869655411,
      "six_way_macro_f1": 0.3021694889558329,
      "empirical_coverage": 0.9871794871794872,
      "average_set_size": 3.5307692307692307
    },
    {
      "heldout_model_id": "google/gemma-4-E4B-it",
      "condition": "relation_first",
      "maximum_budget": 2,
      "target_coverage": 0.9,
      "row_count": 780,
      "mean_acquisition_cost": 2.0,
      "source_bit_macro_f1": 0.9602297263692908,
      "six_way_macro_f1": 0.6269740699835508,
      "empirical_coverage": 0.7871794871794872,
      "average_set_size": 1.817948717948718
    },
    {
      "heldout_model_id": "google/gemma-4-E4B-it",
      "condition": "relation_first",
      "maximum_budget": 2,
      "target_coverage": 0.95,
      "row_count": 780,
      "mean_acquisition_cost": 2.0,
      "source_bit_macro_f1": 0.9602297263692908,
      "six_way_macro_f1": 0.6269740699835508,
      "empirical_coverage": 0.8166666666666667,
      "average_set_size": 2.2384615384615385
    },
    {
      "heldout_model_id": "google/gemma-4-E4B-it",
      "condition": "relation_first",
      "maximum_budget": 3,
      "target_coverage": 0.9,
      "row_count": 780,
      "mean_acquisition_cost": 3.0,
      "source_bit_macro_f1": 0.9771304474569757,
      "six_way_macro_f1": 0.7117881893918964,
      "empirical_coverage": 0.708974358974359,
      "average_set_size": 1.317948717948718
    },
    {
      "heldout_model_id": "google/gemma-4-E4B-it",
      "condition": "relation_first",
      "maximum_budget": 3,
      "target_coverage": 0.95,
      "row_count": 780,
      "mean_acquisition_cost": 3.0,
      "source_bit_macro_f1": 0.9771304474569757,
      "six_way_macro_f1": 0.7117881893918964,
      "empirical_coverage": 0.8269230769230769,
      "average_set_size": 2.0256410256410255
    },
    {
      "heldout_model_id": "google/gemma-4-E4B-it",
      "condition": "relation_first",
      "maximum_budget": 4,
      "target_coverage": 0.9,
      "row_count": 780,
      "mean_acquisition_cost": 4.0,
      "source_bit_macro_f1": 0.9888693449104672,
      "six_way_macro_f1": 0.7777348513145702,
      "empirical_coverage": 0.7628205128205128,
      "average_set_size": 1.3615384615384616
    },
    {
      "heldout_model_id": "google/gemma-4-E4B-it",
      "condition": "relation_first",
      "maximum_budget": 4,
      "target_coverage": 0.95,
      "row_count": 780,
      "mean_acquisition_cost": 4.0,
      "source_bit_macro_f1": 0.9888693449104672,
      "six_way_macro_f1": 0.7777348513145702,
      "empirical_coverage": 0.8333333333333334,
      "average_set_size": 2.1525641025641025
    },
    {
      "heldout_model_id": "google/gemma-4-E4B-it",
      "condition": "relation_first",
      "maximum_budget": 7,
      "target_coverage": 0.9,
      "row_count": 780,
      "mean_acquisition_cost": 6.012820512820513,
      "source_bit_macro_f1": 0.9955654333275885,
      "six_way_macro_f1": 0.8115832756916302,
      "empirical_coverage": 0.8102564102564103,
      "average_set_size": 1.4474358974358974
    },
    {
      "heldout_model_id": "google/gemma-4-E4B-it",
      "condition": "relation_first",
      "maximum_budget": 7,
      "target_coverage": 0.95,
      "row_count": 780,
      "mean_acquisition_cost": 6.012820512820513,
      "source_bit_macro_f1": 0.9955654333275885,
      "six_way_macro_f1": 0.8115832756916302,
      "empirical_coverage": 0.8743589743589744,
      "average_set_size": 2.396153846153846
    },
    {
      "heldout_model_id": "google/gemma-4-E4B-it",
      "condition": "scalar_confidence",
      "maximum_budget": 1,
      "target_coverage": 0.9,
      "row_count": 780,
      "mean_acquisition_cost": 0.0,
      "source_bit_macro_f1": 0.7804356729879339,
      "six_way_macro_f1": 0.2367747310716127,
      "empirical_coverage": 0.9384615384615385,
      "average_set_size": 3.408974358974359
    },
    {
      "heldout_model_id": "google/gemma-4-E4B-it",
      "condition": "scalar_confidence",
      "maximum_budget": 1,
      "target_coverage": 0.95,
      "row_count": 780,
      "mean_acquisition_cost": 0.0,
      "source_bit_macro_f1": 0.7804356729879339,
      "six_way_macro_f1": 0.2367747310716127,
      "empirical_coverage": 0.967948717948718,
      "average_set_size": 5.283333333333333
    },
    {
      "heldout_model_id": "google/gemma-4-E4B-it",
      "condition": "scalar_confidence",
      "maximum_budget": 2,
      "target_coverage": 0.9,
      "row_count": 780,
      "mean_acquisition_cost": 0.0,
      "source_bit_macro_f1": 0.7804356729879339,
      "six_way_macro_f1": 0.2367747310716127,
      "empirical_coverage": 0.9384615384615385,
      "average_set_size": 3.408974358974359
    },
    {
      "heldout_model_id": "google/gemma-4-E4B-it",
      "condition": "scalar_confidence",
      "maximum_budget": 2,
      "target_coverage": 0.95,
      "row_count": 780,
      "mean_acquisition_cost": 0.0,
      "source_bit_macro_f1": 0.7804356729879339,
      "six_way_macro_f1": 0.2367747310716127,
      "empirical_coverage": 0.967948717948718,
      "average_set_size": 5.283333333333333
    },
    {
      "heldout_model_id": "google/gemma-4-E4B-it",
      "condition": "scalar_confidence",
      "maximum_budget": 3,
      "target_coverage": 0.9,
      "row_count": 780,
      "mean_acquisition_cost": 0.0,
      "source_bit_macro_f1": 0.7804356729879339,
      "six_way_macro_f1": 0.2367747310716127,
      "empirical_coverage": 0.9384615384615385,
      "average_set_size": 3.408974358974359
    },
    {
      "heldout_model_id": "google/gemma-4-E4B-it",
      "condition": "scalar_confidence",
      "maximum_budget": 3,
      "target_coverage": 0.95,
      "row_count": 780,
      "mean_acquisition_cost": 0.0,
      "source_bit_macro_f1": 0.7804356729879339,
      "six_way_macro_f1": 0.2367747310716127,
      "empirical_coverage": 0.967948717948718,
      "average_set_size": 5.283333333333333
    },
    {
      "heldout_model_id": "google/gemma-4-E4B-it",
      "condition": "scalar_confidence",
      "maximum_budget": 4,
      "target_coverage": 0.9,
      "row_count": 780,
      "mean_acquisition_cost": 0.0,
      "source_bit_macro_f1": 0.7804356729879339,
      "six_way_macro_f1": 0.2367747310716127,
      "empirical_coverage": 0.9384615384615385,
      "average_set_size": 3.408974358974359
    },
    {
      "heldout_model_id": "google/gemma-4-E4B-it",
      "condition": "scalar_confidence",
      "maximum_budget": 4,
      "target_coverage": 0.95,
      "row_count": 780,
      "mean_acquisition_cost": 0.0,
      "source_bit_macro_f1": 0.7804356729879339,
      "six_way_macro_f1": 0.2367747310716127,
      "empirical_coverage": 0.967948717948718,
      "average_set_size": 5.283333333333333
    },
    {
      "heldout_model_id": "google/gemma-4-E4B-it",
      "condition": "scalar_confidence",
      "maximum_budget": 7,
      "target_coverage": 0.9,
      "row_count": 780,
      "mean_acquisition_cost": 0.0,
      "source_bit_macro_f1": 0.7804356729879339,
      "six_way_macro_f1": 0.2367747310716127,
      "empirical_coverage": 0.9384615384615385,
      "average_set_size": 3.408974358974359
    },
    {
      "heldout_model_id": "google/gemma-4-E4B-it",
      "condition": "scalar_confidence",
      "maximum_budget": 7,
      "target_coverage": 0.95,
      "row_count": 780,
      "mean_acquisition_cost": 0.0,
      "source_bit_macro_f1": 0.7804356729879339,
      "six_way_macro_f1": 0.2367747310716127,
      "empirical_coverage": 0.967948717948718,
      "average_set_size": 5.283333333333333
    },
    {
      "heldout_model_id": "google/gemma-4-E4B-it",
      "condition": "visual_first",
      "maximum_budget": 1,
      "target_coverage": 0.9,
      "row_count": 780,
      "mean_acquisition_cost": 1.0,
      "source_bit_macro_f1": 0.8399885589367982,
      "six_way_macro_f1": 0.4857744853003474,
      "empirical_coverage": 0.9358974358974359,
      "average_set_size": 2.9025641025641025
    },
    {
      "heldout_model_id": "google/gemma-4-E4B-it",
      "condition": "visual_first",
      "maximum_budget": 1,
      "target_coverage": 0.95,
      "row_count": 780,
      "mean_acquisition_cost": 1.0,
      "source_bit_macro_f1": 0.8399885589367982,
      "six_way_macro_f1": 0.4857744853003474,
      "empirical_coverage": 0.95,
      "average_set_size": 2.973076923076923
    },
    {
      "heldout_model_id": "google/gemma-4-E4B-it",
      "condition": "visual_first",
      "maximum_budget": 2,
      "target_coverage": 0.9,
      "row_count": 780,
      "mean_acquisition_cost": 2.0,
      "source_bit_macro_f1": 0.8488486444820672,
      "six_way_macro_f1": 0.5031866437914143,
      "empirical_coverage": 0.9333333333333333,
      "average_set_size": 2.741025641025641
    },
    {
      "heldout_model_id": "google/gemma-4-E4B-it",
      "condition": "visual_first",
      "maximum_budget": 2,
      "target_coverage": 0.95,
      "row_count": 780,
      "mean_acquisition_cost": 2.0,
      "source_bit_macro_f1": 0.8488486444820672,
      "six_way_macro_f1": 0.5031866437914143,
      "empirical_coverage": 0.9448717948717948,
      "average_set_size": 2.7987179487179485
    },
    {
      "heldout_model_id": "google/gemma-4-E4B-it",
      "condition": "visual_first",
      "maximum_budget": 3,
      "target_coverage": 0.9,
      "row_count": 780,
      "mean_acquisition_cost": 3.0,
      "source_bit_macro_f1": 0.8577040070141143,
      "six_way_macro_f1": 0.5154447599786874,
      "empirical_coverage": 0.9282051282051282,
      "average_set_size": 2.678205128205128
    },
    {
      "heldout_model_id": "google/gemma-4-E4B-it",
      "condition": "visual_first",
      "maximum_budget": 3,
      "target_coverage": 0.95,
      "row_count": 780,
      "mean_acquisition_cost": 3.0,
      "source_bit_macro_f1": 0.8577040070141143,
      "six_way_macro_f1": 0.5154447599786874,
      "empirical_coverage": 0.941025641025641,
      "average_set_size": 2.7512820512820513
    },
    {
      "heldout_model_id": "google/gemma-4-E4B-it",
      "condition": "visual_first",
      "maximum_budget": 4,
      "target_coverage": 0.9,
      "row_count": 780,
      "mean_acquisition_cost": 4.0,
      "source_bit_macro_f1": 0.8620643944709295,
      "six_way_macro_f1": 0.5127055697219545,
      "empirical_coverage": 0.9294871794871795,
      "average_set_size": 2.6666666666666665
    },
    {
      "heldout_model_id": "google/gemma-4-E4B-it",
      "condition": "visual_first",
      "maximum_budget": 4,
      "target_coverage": 0.95,
      "row_count": 780,
      "mean_acquisition_cost": 4.0,
      "source_bit_macro_f1": 0.8620643944709295,
      "six_way_macro_f1": 0.5127055697219545,
      "empirical_coverage": 0.9423076923076923,
      "average_set_size": 2.7576923076923077
    },
    {
      "heldout_model_id": "google/gemma-4-E4B-it",
      "condition": "visual_first",
      "maximum_budget": 7,
      "target_coverage": 0.9,
      "row_count": 780,
      "mean_acquisition_cost": 6.012820512820513,
      "source_bit_macro_f1": 0.9955654333275885,
      "six_way_macro_f1": 0.8115832756916302,
      "empirical_coverage": 0.8102564102564103,
      "average_set_size": 1.4474358974358974
    },
    {
      "heldout_model_id": "google/gemma-4-E4B-it",
      "condition": "visual_first",
      "maximum_budget": 7,
      "target_coverage": 0.95,
      "row_count": 780,
      "mean_acquisition_cost": 6.012820512820513,
      "source_bit_macro_f1": 0.9955654333275885,
      "six_way_macro_f1": 0.8115832756916302,
      "empirical_coverage": 0.8743589743589744,
      "average_set_size": 2.396153846153846
    }
  ],
  "trajectory_path": "outputs/week8_reports/lomo/gemma4_e4b/lomo_trajectories.jsonl",
  "trajectory_sha256": "1567593bbbfb9a9f856a9d3548c0ef8ff3c6542a315d7ec9ca62ad50ccabdae2",
  "csv_path": "outputs/week8_reports/lomo/gemma4_e4b/lomo.csv",
  "csv_sha256": "9bbc73aadce30cad48cc6dbb5796c28a2bb6d9f9b3d8098b8ddc44c5a1098910",
  "report_sha256": "5a43cfbad91ae66a5d2c55054de3d21edf56166bc98c4736dc81ddc194f68e44"
}
	Command being timed: "timeout --signal=TERM --kill-after=5m 720s python scripts/eval_lomo.py --fold_manifest outputs/week8_lomo/gemma4_e4b/lomo_fold_manifest.json --freeze_manifest outputs/week8_lomo/gemma4_e4b/freeze/lomo_stack_freeze.json --aps_report outputs/week8_lomo/gemma4_e4b/calibration/aps/aps_thresholds.json --clean_aps_report outputs/week8_lomo/gemma4_e4b/calibration/static_aps/static_aps_clean_only_learned_calibration.json --scalar_aps_report outputs/week8_lomo/gemma4_e4b/calibration/static_aps/static_aps_scalar_confidence_calibration.json --teacher_path outputs/week8_lomo/gemma4_e4b/teachers --output_dir outputs/week8_reports/lomo/gemma4_e4b --seed 42 --device cuda:0 --resume"
	User time (seconds): 100.61
	System time (seconds): 6.41
	Percent of CPU this job got: 113%
	Elapsed (wall clock) time (h:mm:ss or m:ss): 1:34.60
	Average shared text size (kbytes): 0
	Average unshared data size (kbytes): 0
	Average stack size (kbytes): 0
	Average total size (kbytes): 0
	Maximum resident set size (kbytes): 1159540
	Average resident set size (kbytes): 0
	Major (requiring I/O) page faults: 0
	Minor (reclaiming a frame) page faults: 224862
	Voluntary context switches: 1553
	Involuntary context switches: 46156
	Swaps: 0
	File system inputs: 0
	File system outputs: 134832
	Socket messages sent: 0
	Socket messages received: 0
	Signals delivered: 0
	Page size (bytes): 4096
	Exit status: 0
gemma4_e4b held-out evaluation exit code: 0
LOMO_PREPARATION_ALL_OK=1
LOMO_EVALUATION_ALL_OK=1
LOMO_FULL_ALL_OK=1
LOMO bundle wall seconds: 2944
